"PG.ProteinGroups","Contrast","logFC","AveExpr","t","P.Value","adj.P.Val","B","Significant_FDR_0.05"
"P13591","High_vs_Low",-0.270613841148766,13.0734206101582,-4.56881991157801,6.14151876851671e-06,0.00510733128667722,3.62126704626413,TRUE
"P16112","High_vs_Low",-0.379411469632119,10.6510882050929,-4.53637836344668,7.12319565784828e-06,0.00510733128667722,3.48797084647135,TRUE
"Q8TB73","High_vs_Low",-0.321343673728117,8.10112646133671,-4.4290072784448,1.15889594368817e-05,0.00553952261082946,3.05069830344204,TRUE
"Q9Y240","High_vs_Low",-0.273218406007173,12.749148533936,-4.17303328952172,3.52661495711221e-05,0.0126429146212473,2.05503987710233,TRUE
"Q99983","High_vs_Low",-0.29950393347244,14.0528982638172,-3.99043749211934,7.54941382422728e-05,0.017349289266496,1.37694201588767,TRUE
"Q14520","High_vs_Low",-0.238443406208088,17.7970841946522,-3.96777029098304,8.28088782687112e-05,0.017349289266496,1.29474361173102,TRUE
"Q6UWP8","High_vs_Low",-0.327702909729496,8.89885793104355,-3.962249126104,8.46896965589063e-05,0.017349289266496,1.27478858316474,TRUE
"Q92859","High_vs_Low",-0.229361757020833,10.3899493920525,-3.84570760897627,0.000135219937124223,0.0199449653918164,0.859663270477529,TRUE
"Q13444","High_vs_Low",-0.355084598811195,7.62966867828703,-3.83669477256831,0.000141978199535939,0.0199449653918164,0.820301225894127,TRUE
"O75487","High_vs_Low",-0.234368080530757,8.66428219070161,-3.82143142511865,0.000148875309747128,0.0199449653918164,0.774546922476497,TRUE
"Q92696","High_vs_Low",-0.362445245230678,9.23238341247186,-3.81672433437304,0.000153104182180546,0.0199449653918164,0.75411720455973,TRUE
"P49746","High_vs_Low",-0.24014805208537,12.048204242222,-3.77898731023769,0.000175824283842944,0.0199449653918164,0.627251843056029,TRUE
"O14594","High_vs_Low",-0.231632627194692,11.5722738638009,-3.75480090080047,0.000193198559722795,0.0199449653918164,0.543948569047438,TRUE
"Q13316","High_vs_Low",-0.271931623450946,8.81815048672528,-3.75404822323245,0.000194720722095837,0.0199449653918164,0.540741568963371,TRUE
"P09326","High_vs_Low",-0.2986853931334,8.28199278238026,-3.7326707605299,0.000211612399665524,0.0199732151901696,0.466958004370205,TRUE
"P98160","High_vs_Low",-0.224763964572713,12.0437862285462,-3.71789922225988,0.000222853168091154,0.0199732151901696,0.417823890562008,TRUE
"Q9BRK5","High_vs_Low",-0.24559106895223,9.54851976814779,-3.67819075295856,0.000259523371871677,0.0218915597214109,0.283420743092504,TRUE
"O15335","High_vs_Low",-0.259592459901,11.1964778054576,-3.6190971694066,0.000324734389221363,0.0246106438746691,0.0859324068557461,TRUE
"P35443","High_vs_Low",-0.246440127144011,15.4121288405984,-3.61799747396129,0.000326082450222254,0.0246106438746691,0.0822859796372679,TRUE
"Q9BYH1","High_vs_Low",-0.204131998985186,11.1086181608733,-3.56201369408755,0.000402081751521321,0.0268000839183204,-0.101959487368839,TRUE
"P07585","High_vs_Low",-0.196918254846793,12.3537084873039,-3.55717469460801,0.000409376756213231,0.0268000839183204,-0.117756890713195,TRUE
"P04004","High_vs_Low",-0.166236796085819,18.3429654980238,-3.54905778026188,0.000421892437684564,0.0268000839183204,-0.144209601348716,TRUE
"Q14393","High_vs_Low",-0.322796454187063,9.17488690080229,-3.54410458412572,0.00042984792895493,0.0268000839183204,-0.159901984012027,TRUE
"P22466","High_vs_Low",-0.398541728533351,8.37166519063389,-3.50296845471049,0.000506907209792687,0.0299754312049427,-0.295946054330195,TRUE
"P28906","High_vs_Low",-0.24648855766652,10.9052815996709,-3.47269469605675,0.000558756727989245,0.0299754312049427,-0.389898147244707,TRUE
"Q9BUD6","High_vs_Low",-0.276793128102367,8.29527652697458,-3.44446372204807,0.000621357982257065,0.0299754312049427,-0.479034163536478,TRUE
"Q13103","High_vs_Low",-0.19930277763736,16.3500664835058,-3.44282895096163,0.000622391755203015,0.0299754312049427,-0.485108591904893,TRUE
"P49641","High_vs_Low",-0.182163569008479,9.54410550985163,-3.43127093141243,0.000648900967723138,0.0299754312049427,-0.521604731599964,TRUE
"P08493","High_vs_Low",-0.212909271451881,14.5406500132036,-3.42474875191777,0.00066432117607229,0.0299754312049427,-0.542147864657604,TRUE
"P49747","High_vs_Low",-0.211723444835146,15.0868130804617,-3.40666836172274,0.000708873284911325,0.0299754312049427,-0.598901532983463,TRUE
"Q14515","High_vs_Low",-0.217306508692891,14.4796947191466,-3.40525885654894,0.000712460945847145,0.0299754312049427,-0.603313884860526,TRUE
"Q0VD83","High_vs_Low",-0.236501901995728,10.4483006348461,-3.40011277603129,0.000725703592002989,0.0299754312049427,-0.619408528972107,TRUE
"O14786","High_vs_Low",-0.186842400672019,14.1375728854174,-3.39222172519063,0.000746456114483675,0.0299754312049427,-0.644043131952464,TRUE
"Q9BY76","High_vs_Low",-0.310161159121977,8.05614298021451,-3.39239904152765,0.00074863583340769,0.0299754312049427,-0.640014599466991,TRUE
"O75787","High_vs_Low",-0.233025032215748,9.90727067351303,-3.3912694984644,0.000748997395581993,0.0299754312049427,-0.647012141042871,TRUE
"O43897","High_vs_Low",-0.206620827642283,9.74327999171729,-3.38562508263505,0.000771515116491512,0.0299754312049427,-0.656686022048382,TRUE
"Q99715","High_vs_Low",-0.213873833609121,10.7697855631921,-3.38226692056441,0.000773424654520836,0.0299754312049427,-0.675042567835384,TRUE
"P22694","High_vs_Low",0.441186916985881,6.84713242219677,3.36963878304878,0.000825705427051158,0.0311595153260884,-0.702358692727237,TRUE
"Q7LGC8","High_vs_Low",-0.172552867971119,11.0400559129999,-3.33957950000833,0.000899678416824026,0.0321372459353127,-0.806986027229638,TRUE
"P26572","High_vs_Low",-0.253018672747748,8.89739489991466,-3.3380058031026,0.000904800606190002,0.0321372459353127,-0.8117359558861,TRUE
"Q9H251","High_vs_Low",-0.233626173240054,10.2062172419821,-3.32257310075784,0.000955117321363035,0.0321372459353127,-0.859105645680936,TRUE
"Q14956","High_vs_Low",-0.299201801032598,8.15733169878894,-3.32135819453851,0.000962077908568804,0.0321372459353127,-0.852837009741195,TRUE
"Q9NQ79","High_vs_Low",-0.17913083916398,12.4524472089805,-3.32003179103316,0.0009636691598455,0.0321372459353127,-0.866872178946798,TRUE
"Q6ZRP7","High_vs_Low",-0.254659927233885,8.49049862178951,-3.30175092999807,0.00102731426786742,0.033481105911861,-0.922573188623986,TRUE
"P09603","High_vs_Low",-0.192978941044682,11.608594323106,-3.29198879511617,0.00106287838828709,0.0338703913067485,-0.952197562150022,TRUE
"Q14767","High_vs_Low",-0.265368552409686,9.55989713764494,-3.27877474841453,0.00111297824899529,0.0346958871534618,-0.99207347821785,TRUE
"P06734","High_vs_Low",-0.274377626138039,9.34932414604806,-3.26020545569267,0.00119070442546593,0.0355994835758464,-1.03916122108839,TRUE
"Q14517","High_vs_Low",-0.255180904390915,10.1939722540472,-3.25757337182306,0.00119757000497324,0.0355994835758464,-1.05596586104193,TRUE
"Q06828","High_vs_Low",-0.184132445321648,11.4184374384081,-3.24781857626386,0.00123852916847449,0.0355994835758464,-1.08518835763086,TRUE
"Q9HC84","High_vs_Low",-0.461568429276664,8.7834549064345,-3.24757955437969,0.00124126511770733,0.0355994835758464,-1.08445502690533,TRUE
"Q6P4E1","High_vs_Low",-0.183421388891501,11.3306596712396,-3.2308687897028,0.00131279882036835,0.0368009345506511,-1.1357653211467,TRUE
"P35052","High_vs_Low",-0.183607959914778,8.00997159771454,-3.22608741303632,0.00133448298231092,0.0368009345506511,-1.1499867705161,TRUE
"Q8IUX7","High_vs_Low",-0.185278486738342,10.8902052739821,-3.19368425120439,0.00149039358049101,0.0403249885740398,-1.24583290494673,TRUE
"Q5JRA6","High_vs_Low",-0.22275140511606,11.1408489373762,-3.15827323464735,0.00167991243198858,0.044292457424112,-1.34951485764633,TRUE
"P12109","High_vs_Low",-0.172287750969799,9.47418068100672,-3.1508546723842,0.00172233301128244,0.044292457424112,-1.37109554502362,TRUE
"Q6V0I7","High_vs_Low",-0.240307570110723,9.8137616266396,-3.14958499336213,0.0017296915033126,0.044292457424112,-1.37478417424449,TRUE
"Q08378","High_vs_Low",-0.309801665229495,10.9904828046497,-3.13116120294849,0.00185630768887987,0.0467007934360304,-1.41137756932159,TRUE
"P55290","High_vs_Low",-0.179450773661024,10.6418609267667,-3.11562596573946,0.00193759145850094,0.0473058842872306,-1.47291102590592,TRUE
"P51888","High_vs_Low",-0.234216620322531,7.71282771539986,-3.11481855923372,0.00194633694068801,0.0473058842872306,-1.47162907979078,TRUE
"P78539","High_vs_Low",-0.193538880785313,9.39612183143113,-3.10849805449764,0.00198425615095179,0.0474237220077478,-1.4932194549005,TRUE
"Q9NR99","High_vs_Low",-0.184455687643393,10.278073177518,-3.09988918632875,0.00204153231401686,0.0479927432508226,-1.51803693791564,TRUE
"P05090","High_vs_Low",-0.203815293914912,12.540953410381,-3.09455162098917,0.00207793599140255,0.0480606485753428,-1.53329276213927,TRUE
"P40967","High_vs_Low",-0.21460892213897,11.9951220317041,-3.08524634836357,0.002142831709149,0.0487749312844392,-1.55982863890821,TRUE
"Q92823","High_vs_Low",-0.204708074284152,8.69957818819083,-3.07737721794077,0.00219916055928837,0.0492749412815551,-1.58220909394871,TRUE
"Q8NEH6","High_vs_Low",-0.243620098607154,10.1775067996018,-3.07137292411026,0.0022600604774303,0.0498604111482315,-1.58395932776356,TRUE
"P28482","High_vs_Low",-0.381911870261932,9.69401428887145,-3.05541021859507,0.0023655976216443,0.0513979846884535,-1.64270325031771,FALSE
"P19256","High_vs_Low",-0.178668847826062,7.95657574257192,-3.04999804095294,0.00241405591348425,0.0516680026856182,-1.64443886741071,FALSE
"P10451","High_vs_Low",-0.189176033796835,12.344538582365,-3.03266221421057,0.00254590871722194,0.0531418688073258,-1.70833807097951,FALSE
"O95715","High_vs_Low",-0.265843811120421,8.7447055495689,-3.03158979745523,0.0025677954648646,0.0531418688073258,-1.69733018879921,FALSE
"O95196","High_vs_Low",-0.218908617463459,9.57758750613532,-3.02737083127758,0.00259409401430461,0.0531418688073258,-1.71880176793332,FALSE
"P13611","High_vs_Low",-0.173863702004077,13.0399222110457,-3.02181154092872,0.00263729060859607,0.0532658413060107,-1.73867693413601,FALSE
"O00339","High_vs_Low",-0.243021983009814,7.11790096747841,-3.01531680544954,0.00270475323526315,0.0538696686023244,-1.74003988908721,FALSE
"Q13217","High_vs_Low",-0.231749948616704,9.78895502121125,-2.99493897191818,0.00287695636936826,0.0562831833248695,-1.81318859102171,FALSE
"O94985","High_vs_Low",-0.160555156232787,11.0024076545337,-2.99195953089894,0.00290443205442144,0.0562831833248695,-1.82160361151014,FALSE
"O15466","High_vs_Low",-0.200392218113064,9.29757734091978,-2.97136463529769,0.00310320454797709,0.059333270957322,-1.87817173549906,FALSE
"Q96AQ6","High_vs_Low",-0.203743873829081,8.60872210333981,-2.96376382157291,0.00317954886338468,0.0599930667117583,-1.89906670656871,FALSE
"Q9NRA1","High_vs_Low",-0.198668637811352,9.49508590132221,-2.95046110378686,0.00331702532166662,0.0610621191720198,-1.93556449783913,FALSE
"Q6UVK1","High_vs_Low",-0.191728736129106,10.2832077482772,-2.95004975691463,0.00332137049889647,0.0610621191720198,-1.93668643338997,FALSE
"O94973","High_vs_Low",0.385746429569078,7.32516259172412,2.94171198165854,0.00342686283516079,0.0619716640092476,-1.93956489378695,FALSE
"Q8NBJ7","High_vs_Low",-0.247724822422645,7.85028683706869,-2.94058087587175,0.00345727553747546,0.0619716640092476,-1.93822734754404,FALSE
"O00468","High_vs_Low",-0.16986527707329,10.2121064147963,-2.92905644208269,0.00355015543970929,0.0628509000067052,-1.99374458178769,FALSE
"Q9NS73","High_vs_Low",-0.185704639946858,13.1790073747905,-2.91399582961043,0.00372613411938972,0.0650824143537193,-2.03308138039424,FALSE
"P08294","High_vs_Low",-0.208189201362311,9.58673608348396,-2.90983542515573,0.00377214097744158,0.0650824143537193,-2.04564078894904,FALSE
"P98164","High_vs_Low",-0.383665024935047,10.2861713457272,-2.90893599094483,0.00381235899979945,0.0650824143537193,-2.01553680009617,FALSE
"Q8WWZ8","High_vs_Low",-0.499270042172117,10.4277716726958,-2.90007867631935,0.00388967651225043,0.065621130806672,-2.07187005163753,FALSE
"Q6UXD5","High_vs_Low",-0.190768885774204,9.6731380205035,-2.8795198917131,0.00414807420675553,0.0689918851819235,-2.1268210835144,FALSE
"P09619","High_vs_Low",-0.241829490806708,10.0845549423432,-2.87508073422285,0.00420589779948616,0.0689918851819235,-2.13863949927375,FALSE
"Q9BV94","High_vs_Low",-0.235175448859339,9.55718982232243,-2.87160692288196,0.00425466270143901,0.0689918851819235,-2.14041055778975,FALSE
"Q9Y274","High_vs_Low",-0.1431053043866,9.55754211351743,-2.86720008885767,0.00431035886601784,0.0689918851819235,-2.15957680720097,FALSE
"Q9NZ53","High_vs_Low",-0.215530207659919,8.56314993063805,-2.8591966115948,0.00441919402109046,0.0689918851819235,-2.18055391022929,FALSE
"Q8WWA0","High_vs_Low",-0.238467387441288,11.3604989593014,-2.85879304166312,0.0044243938183544,0.0689918851819235,-2.18185141016788,FALSE
"Q15582","High_vs_Low",-0.15235764472847,10.7266891240007,-2.85649507141058,0.00445603761492739,0.0689918851819235,-2.18792891228028,FALSE
"Q8NI99","High_vs_Low",-0.270327859863087,11.9731478715837,-2.8539979178641,0.00449065730918873,0.0689918851819235,-2.19452784157942,FALSE
"P00736","High_vs_Low",-0.175474699166646,15.7745791622161,-2.85171785332447,0.00452248061861981,0.0689918851819235,-2.20054822128017,FALSE
"P23471","High_vs_Low",-0.162779932874999,11.5772037630319,-2.84445710568594,0.0046251901611881,0.0698160283278287,-2.21968880439373,FALSE
"Q07954","High_vs_Low",-0.303222618878277,10.8666740488167,-2.81543857782774,0.00505717351155918,0.075211833653715,-2.29571524763222,FALSE
"P13942","High_vs_Low",-0.227354919380867,9.14587938445325,-2.81217854463301,0.00510792248265024,0.075211833653715,-2.30420915841976,FALSE
"Q76LX8","High_vs_Low",-0.188320460404421,9.89738039100279,-2.81013306120632,0.00513999978944496,0.075211833653715,-2.30953373563176,FALSE
"O15400","High_vs_Low",-0.223549945832136,8.63317992126208,-2.80453015954224,0.00523181482060951,0.075633671499928,-2.32244392778371,FALSE
"O00461","High_vs_Low",-0.176544392360626,8.97551342112136,-2.80115037641216,0.00528303877476304,0.075633671499928,-2.33287206883254,FALSE
"Q9UKM7","High_vs_Low",-0.219885877769974,9.62294390718644,-2.79843036042866,0.00532705775557373,0.075633671499928,-2.33992479942025,FALSE
"Q02952","High_vs_Low",-0.204999378048626,10.8743482756085,-2.78905134407364,0.00548140104800148,0.0763607086456997,-2.36419277084234,FALSE
"Q09327","High_vs_Low",-0.228858663501967,7.52538769144078,-2.7898140477432,0.0054847649864066,0.0763607086456997,-2.33761509960262,FALSE
"P07942","High_vs_Low",-0.170969595226733,9.98404091937617,-2.78483076330241,0.00555216755690849,0.0765558488135267,-2.37508767592532,FALSE
"Q504Y2","High_vs_Low",-0.229512720414681,7.74315367848256,-2.78197132319911,0.00561418988343523,0.0766737932652011,-2.37040879075897,FALSE
"Q9HCU0","High_vs_Low",-0.172856779890882,14.2138115578601,-2.76707943057416,0.0058589439156185,0.078054891279851,-2.42073554843605,FALSE
"P24821","High_vs_Low",-0.218192932031043,13.2937581863195,-2.76603913927522,0.00587738866661921,0.078054891279851,-2.42340190338812,FALSE
"P05387","High_vs_Low",-0.18884736309632,8.71540130923999,-2.76612884255932,0.00587861105873355,0.078054891279851,-2.42092128232415,FALSE
"Q6UX71","High_vs_Low",-0.152881182208711,10.1458188402371,-2.74850841233828,0.00619621228669595,0.0815171414598348,-2.46818848210143,FALSE
"Q8IZF2","High_vs_Low",-0.179210236393347,10.5074117436934,-2.73657141057903,0.00642215702645836,0.083721574326739,-2.49852652891234,FALSE
"Q9BWP8","High_vs_Low",-0.209907672865743,13.9202345988669,-2.72625960198339,0.00662329626247216,0.0855658273908566,-2.52463104263369,FALSE
"Q86TH1","High_vs_Low",-0.195517772340047,9.05639854945318,-2.72052872612881,0.00673752069608878,0.0856611804230373,-2.5390975275257,FALSE
"Q14574","High_vs_Low",-0.264371714576006,12.0069598541936,-2.71902770405613,0.00676773017880203,0.0856611804230373,-2.54288168684392,FALSE
"O60462","High_vs_Low",-0.149426764208892,12.5032800454561,-2.71694323227673,0.00680988463614104,0.0856611804230373,-2.54813339486215,FALSE
"P20908","High_vs_Low",-0.195136368763563,7.74244540676431,-2.7140400292394,0.00687990236847484,0.085789391272982,-2.5426346340884,FALSE
"Q9H0B8","High_vs_Low",-0.358485591550453,7.30847635223938,-2.70604741851317,0.0070920930516741,0.0876729434146608,-2.52731959621736,FALSE
"P07359","High_vs_Low",-0.165706097937552,17.2534723103829,-2.69660882044152,0.00723369257495652,0.0886591038674158,-2.5991597786007,FALSE
"O95967","High_vs_Low",-0.215001578566183,8.89009715828353,-2.6920750028987,0.00733317524998242,0.08888440824867,-2.60986847716148,FALSE
"Q53EL9","High_vs_Low",-0.215724444421219,8.00901487900588,-2.69113975123123,0.00737604224657722,0.08888440824867,-2.58270851605287,FALSE
"Q02818","High_vs_Low",-0.177261276679966,8.56562056447799,-2.68497147976311,0.00748678060354574,0.0894670282123716,-2.62819468600675,FALSE
"P39059","High_vs_Low",-0.21927209297646,10.3689530057002,-2.68030690477752,0.00759044154880897,0.0899561419916699,-2.63979847426715,FALSE
"Q13609","High_vs_Low",-0.233377718277384,7.53514458270582,-2.66780640664258,0.00788285173226914,0.0926558146235569,-2.66234019300333,FALSE
"O60279","High_vs_Low",-0.154437276832166,12.8973842233143,-2.65799105611059,0.00810443907924972,0.0944858995093017,-2.69504120487051,FALSE
"Q9H8L6","High_vs_Low",-0.182772208474644,10.7804192616145,-2.65370047413348,0.00820677202559525,0.0946019920750701,-2.70561109449678,FALSE
"P98095","High_vs_Low",-0.186858753943785,8.76659670691039,-2.65207435755293,0.00824633822132759,0.0946019920750701,-2.70935373883917,FALSE
"Q8IZP7","High_vs_Low",-0.155023890222516,8.75403505671408,-2.63788863341256,0.00859398012253212,0.0974904745441622,-2.74442048533251,FALSE
"P04075","High_vs_Low",0.24731043901842,9.82587143173768,2.63628730227156,0.00863409363117754,0.0974904745441622,-2.74833830649733,FALSE
"Q92743","High_vs_Low",-0.167907884308464,10.4139612254627,-2.63156956151048,0.00875325100648129,0.0980637651819857,-2.75986730410562,FALSE
"O94769","High_vs_Low",-0.175596335340558,9.29614926927326,-2.62568448861635,0.00890395668046161,0.0989788672851313,-2.77422083977274,FALSE
"P13796","High_vs_Low",0.159563330090652,10.4656621421554,2.62126562294511,0.00901863900441992,0.0994825256333705,-2.78497780229118,FALSE
"Q6UWD8","High_vs_Low",-0.195366330270529,7.18765277121789,-2.61709227421466,0.00917829151132217,0.100049868268556,-2.75403198722334,FALSE
"Q9Y4L1","High_vs_Low",-0.146450179193346,9.00291218727802,-2.61401764723772,0.00920961130505538,0.100049868268556,-2.80258360217957,FALSE
"Q6E0U4","High_vs_Low",-0.223553373809887,9.87018370927517,-2.6080719481079,0.00936896468435461,0.100924028878942,-2.8169906993539,FALSE
"Q12797","High_vs_Low",-0.160027324770645,9.36551977780953,-2.60578777786852,0.00943083672927356,0.100924028878942,-2.82251701863974,FALSE
"Q8NI51","High_vs_Low",0.45191958725923,12.5876992554527,2.60320631303809,0.009515510467327,0.101075866741829,-2.81465097477441,FALSE
"O75752","High_vs_Low",-0.154031629428852,9.11581501697889,-2.59739547450902,0.00966235992416799,0.10149227128542,-2.84223517853182,FALSE
"Q11201","High_vs_Low",-0.288457851563235,8.04414071484043,-2.59815852190626,0.00969626301680788,0.10149227128542,-2.79768669735717,FALSE
"P16070","High_vs_Low",-0.144096067671796,16.318142133196,-2.56341389373414,0.0106468569313987,0.110294850393804,-2.92418206593206,FALSE
"P50895","High_vs_Low",-0.206261494145561,8.59116705493249,-2.56197460620557,0.0106910629042809,0.110294850393804,-2.92754420131012,FALSE
"P56715","High_vs_Low",-0.152755314742583,10.7047940827471,-2.55711655358463,0.0108458494155071,0.111092486155979,-2.93417402358123,FALSE
"O43396","High_vs_Low",-0.3379663732441,8.1037524571697,-2.55454676527176,0.0109493294672428,0.111357010326427,-2.92110403731032,FALSE
"Q08722","High_vs_Low",-0.298892543811281,8.178184280445,-2.55081315982149,0.0110980014608074,0.112074183766182,-2.91169687273007,FALSE
"Q8NG11","High_vs_Low",-0.222775521285794,7.21828365408905,-2.54645730975395,0.0112576008085455,0.11289090601017,-2.90843942070273,FALSE
"Q9UBS9","High_vs_Low",-0.177465841999786,7.99894004541224,-2.53867879770049,0.0114266271134775,0.1134630626084,-2.97318875894385,FALSE
"P14625","High_vs_Low",-0.18845258567508,14.0619549697179,-2.53702922621825,0.0114729038202357,0.1134630626084,-2.98666555569763,FALSE
"Q9UHF0","High_vs_Low",-0.284174098815023,7.72466059517126,-2.53217003293366,0.0117051093139285,0.114915595165114,-2.96599433819337,FALSE
"P01275","High_vs_Low",-0.250308236851279,8.56785577326808,-2.52768385056585,0.0117800505503987,0.114915595165114,-3.00584581882016,FALSE
"Q13740","High_vs_Low",-0.193931221707942,10.0692457251924,-2.52450527173312,0.0118846049627306,0.115152185922674,-3.01610412391002,FALSE
"P35625","High_vs_Low",-0.252887906939899,8.94016664402428,-2.52180692683442,0.0119840174241335,0.115336114001392,-3.01374634899889,FALSE
"Q6UXI9","High_vs_Low",-0.196692244438221,11.0965589604349,-2.51398238475085,0.012240627564845,0.117020399519918,-3.04072930463265,FALSE
"Q9NPG4","High_vs_Low",-0.178971499932858,9.62371849909093,-2.50928399685426,0.0124026266429167,0.117139311704466,-3.05169189486368,FALSE
"Q9BXN1","High_vs_Low",-0.155695668410818,11.377653916495,-2.50888589260811,0.0124164402922446,0.117139311704466,-3.05261985978528,FALSE
"P14543","High_vs_Low",-0.17369878127977,12.2145969082518,-2.50581344186726,0.012523510472162,0.117377215797911,-3.05977679180267,FALSE
"Q07507","High_vs_Low",-0.172743622687197,13.4007085208337,-2.50076497174304,0.0127012230914546,0.118269830604843,-3.07151808182105,FALSE
"P16871","High_vs_Low",-0.193704169344901,10.3189356856582,-2.49105415898858,0.0130493608036014,0.120066008781776,-3.09403774779826,FALSE
"Q9ULV4","High_vs_Low",0.437405454074597,7.95324583389753,2.49224169486754,0.0130615741770969,0.120066008781776,-3.04865614444192,FALSE
"P01011","High_vs_Low",-0.160328436339906,12.4641016244221,-2.48577259506149,0.0132422395241926,0.120676132409737,-3.10624999410935,FALSE
"O00264","High_vs_Low",0.21745045734963,8.17310276519097,2.48316184819766,0.0133725861755021,0.120676132409737,-3.07334939824227,FALSE
"Q5TEC6","High_vs_Low",0.278692582547819,9.19875441842715,2.48510082658597,0.0133804079868537,0.120676132409737,-3.02321379893695,FALSE
"P26022","High_vs_Low",-0.188620537069101,10.4634022589129,-2.47088821897921,0.0137994730237655,0.123677776975498,-3.1405302817468,FALSE
"P55287","High_vs_Low",-0.206069883601423,8.23106711625035,-2.46391361168486,0.0140702028912737,0.125320937553332,-3.15577963266817,FALSE
"Q9HCM3","High_vs_Low",-0.155200025034674,9.62155816637479,-2.46158518447447,0.0141582105011277,0.125326381843315,-3.16185418897875,FALSE
"O14645","High_vs_Low",-0.214166722150724,11.4114479530393,-2.45919253514971,0.0142756627871647,0.125590800225731,-3.1438303049339,FALSE
"Q9NQ38","High_vs_Low",-0.206216897015196,8.89533883675009,-2.45373292513878,0.0144699819289609,0.12652411028128,-3.17390749684519,FALSE
"A6NDG6","High_vs_Low",-0.173924137706575,7.28297099743951,-2.45103993106449,0.0146103844369844,0.126977522925065,-3.16029603932831,FALSE
"Q8NFU4","High_vs_Low",-0.223949995137941,10.7888607810119,-2.44315955841234,0.0149167973427448,0.128436147795475,-3.18498091596871,FALSE
"O15031","High_vs_Low",-0.199446404469165,7.20484908841466,-2.44184904959269,0.0149908642498857,0.128436147795475,-3.1843772832743,FALSE
"P27797","High_vs_Low",-0.137520843977001,12.0049769637637,-2.43940705767643,0.0150469127124405,0.128436147795475,-3.21237315674662,FALSE
"Q9NP58","High_vs_Low",0.247822705178708,8.78345450949653,2.43502137485109,0.0152492751182303,0.129330035420462,-3.21114542152091,FALSE
"P35555","High_vs_Low",-0.303040286885745,8.0580288066893,-2.43157332870754,0.0153876080478913,0.129330035420462,-3.21098170913293,FALSE
"Q9NYQ6","High_vs_Low",-0.176822815423783,8.58096322489531,-2.42962763330615,0.0154548591468571,0.129330035420462,-3.23420218067866,FALSE
"P78509","High_vs_Low",-0.228128209814692,11.8255068890069,-2.42824899630173,0.0155123891857179,0.129330035420462,-3.23762110758531,FALSE
"Q08554","High_vs_Low",-0.228750141275633,10.2581690453227,-2.42478872757233,0.0156599650048837,0.129805721485568,-3.243957453464,FALSE
"Q9H159","High_vs_Low",-0.168712417962707,9.45830689029406,-2.41708644631644,0.0159907232966537,0.131785616134491,-3.26276616327104,FALSE
"Q9BXX0","High_vs_Low",-0.160575797152855,9.8821188271743,-2.4106465737843,0.0162725587070629,0.13278319046573,-3.27722134109719,FALSE
"Q15293","High_vs_Low",-0.170086175337063,10.5724721428096,-2.41009363112498,0.0162969606150408,0.13278319046573,-3.27846074152865,FALSE
"A1L4H1","High_vs_Low",-0.165928467885509,11.5428614959743,-2.40153871047483,0.016678627718016,0.135125153376469,-3.29760090233377,FALSE
"P14314","High_vs_Low",-0.126778505058439,12.3963969596479,-2.39776965824004,0.0168492623157626,0.135740686296649,-3.30601241537765,FALSE
"P28066","High_vs_Low",0.202688771966729,7.43863063135397,2.3706210604447,0.0181620544597203,0.145499363660553,-3.33443631627899,FALSE
"P29966","High_vs_Low",-0.183144463108352,7.1980908819903,-2.366511791967,0.0183371821197805,0.145726801291856,-3.36864327733903,FALSE
"P12111","High_vs_Low",-0.129211016237681,9.67103629568663,-2.36510320237495,0.0183936897028075,0.145726801291856,-3.3783744848246,FALSE
"P07195","High_vs_Low",0.263286224365514,9.08367057608052,2.35514009618683,0.0188895596271202,0.148833123655442,-3.40000116462144,FALSE
"P21810","High_vs_Low",-0.148739901318704,10.8360095439395,-2.35234336537417,0.0190299095069207,0.149119618759149,-3.40637637469569,FALSE
"P12830","High_vs_Low",-0.154726458641246,10.6568479166479,-2.34788358274027,0.0192567868402532,0.149201073596156,-3.41612859668391,FALSE
"Q9Y6E0","High_vs_Low",0.23840592611721,7.23077602376541,2.34767919607704,0.0193314325523697,0.149201073596156,-3.37331776751817,FALSE
"Q6YHK3","High_vs_Low",-0.152360072907841,9.57581562744689,-2.34194060432585,0.0195627998162528,0.149201073596156,-3.42909600946253,FALSE
"P00491","High_vs_Low",0.272423604017751,8.55180303863265,2.34123567194108,0.0196001847362035,0.149201073596156,-3.42959900474571,FALSE
"P04632","High_vs_Low",-0.148144847435109,9.0726116902126,-2.34083782870002,0.0196207882111096,0.149201073596156,-3.43114976497281,FALSE
"Q16270","High_vs_Low",-0.173727442029824,10.7626326271619,-2.33998207381943,0.0196645766455184,0.149201073596156,-3.43336242894747,FALSE
"Q76I76","High_vs_Low",-0.184863548694469,9.17882687817199,-2.33395276115814,0.0200480909996857,0.151192244563312,-3.39494121232164,FALSE
"P02671","High_vs_Low",-0.199017783186694,16.1923888079859,-2.32846180549262,0.0202726762687284,0.151192244563312,-3.45838728063136,FALSE
"Q658P3","High_vs_Low",-0.212093760143603,8.62145495805944,-2.32643170177786,0.0203947023601924,0.151192244563312,-3.45730260519349,FALSE
"P47755","High_vs_Low",0.228435080736753,8.01042344813223,2.32698312255841,0.0203952378273091,0.151192244563312,-3.4351208916983,FALSE
"P22607","High_vs_Low",-0.205488359833912,7.01214651038104,-2.32660066801013,0.0204541809241859,0.151192244563312,-3.37590983801415,FALSE
"P48740","High_vs_Low",-0.171200891199657,13.6658343779934,-2.32291030030984,0.0205715438670136,0.151279968745115,-3.47040338695424,FALSE
"Q9Y625","High_vs_Low",-0.164880097740893,8.48139296713325,-2.31080673496837,0.0212491344828002,0.155144202945819,-3.48885771259664,FALSE
"Q8TER0","High_vs_Low",-0.132948445401109,9.23903871004572,-2.30942920165725,0.02131339468642,0.155144202945819,-3.49946612862822,FALSE
"P21281","High_vs_Low",0.328188049946525,6.79412352731809,2.30648344852082,0.0216190000428947,0.156573970007632,-3.43054745564821,FALSE
"Q8IZP9","High_vs_Low",-0.190676171762926,8.81990822804586,-2.29588652228958,0.0220828338774618,0.159129566735076,-3.52816443360268,FALSE
"Q8N257","High_vs_Low",0.340277218839004,9.17797466879593,2.29202081576974,0.0224077198471869,0.160124506640494,-3.46870878111426,FALSE
"P51884","High_vs_Low",-0.124979306540297,16.8961350238487,-2.28836396675248,0.0225193860526526,0.160124506640494,-3.54454748919417,FALSE
"Q10472","High_vs_Low",-0.11471144518695,9.00230464286026,-2.28775514668224,0.0225558928461504,0.160124506640494,-3.54478387431258,FALSE
"Q7Z7M9","High_vs_Low",-0.152266039387375,7.52902854133345,-2.28359323961897,0.0228274702795254,0.161254149659308,-3.53016013249332,FALSE
"P32942","High_vs_Low",-0.138906097918101,9.81024861689009,-2.27560472020965,0.0232784307186121,0.162462915769353,-3.57165673732269,FALSE
"Q9H8J5","High_vs_Low",-0.195544148012001,10.694492566562,-2.2731829136997,0.0234249921620164,0.162462915769353,-3.57678553403177,FALSE
"Q14242","High_vs_Low",-0.130367921189455,12.1063880932504,-2.27304950643573,0.023433088914403,0.162462915769353,-3.57706790277988,FALSE
"O43157","High_vs_Low",-0.154842814319053,12.5898651072366,-2.27274202575282,0.0234517598077099,0.162462915769353,-3.57771865214667,FALSE
"Q9UGM3","High_vs_Low",-0.238288470948,8.58574696623246,-2.27077956658859,0.0235827085128166,0.16247359709861,-3.57671970847128,FALSE
"Q08174","High_vs_Low",-0.174348915572516,9.59603723157579,-2.26900195735106,0.0236799036217639,0.16247359709861,-3.58562719949523,FALSE
"A0A1B0GTC6","High_vs_Low",-0.216956594577876,11.2199173321162,-2.26228889774873,0.0240942463090283,0.164529281938793,-3.59979028616665,FALSE
"P11047","High_vs_Low",-0.154675164189836,9.29728428667715,-2.25460557270707,0.0245761996855141,0.167024977957475,-3.61594998996938,FALSE
"Q9Y6Z7","High_vs_Low",-0.179922536872313,14.5112113842738,-2.25073865199696,0.0248219141338162,0.167899173905153,-3.62406259859393,FALSE
"P08833","High_vs_Low",-0.246097822498859,10.0847322354186,-2.21006476576703,0.0275427052693654,0.184812584346185,-3.70711406322436,FALSE
"Q8N3T1","High_vs_Low",-0.161585113122641,7.22106363830177,-2.20970600693646,0.0275876876306382,0.184812584346185,-3.69368956437462,FALSE
"Q641Q3","High_vs_Low",-0.190835025251308,8.23513257149533,-2.20805604751749,0.0277089997450696,0.184812584346185,-3.67985916200591,FALSE
"P60985","High_vs_Low",-0.179077911619231,11.0130878632033,-2.20573552078329,0.0278421648933458,0.184841039153046,-3.71747353885221,FALSE
"P52565","High_vs_Low",0.174477171697434,7.89915493703764,2.20101901928798,0.0281970075064608,0.186286851351094,-3.71217666383589,FALSE
"Q86YZ3","High_vs_Low",-0.266478095896895,8.70817107700814,-2.19903558481616,0.0283197584341273,0.186286851351094,-3.72977603011074,FALSE
"Q9NP78","High_vs_Low",-0.243995388933643,10.6143527632395,-2.18662634878953,0.0292524025964019,0.191164871199175,-3.74128187034608,FALSE
"O60245","High_vs_Low",-0.221395149278294,6.81571321717932,-2.18631422098416,0.0293279439775582,0.191164871199175,-3.70097412420056,FALSE
"Q92752","High_vs_Low",-0.182574951448844,7.16318132818511,-2.18245969861871,0.0295482983938054,0.191729682790575,-3.74134352925783,FALSE
"Q9UGM5","High_vs_Low",0.215442535621051,12.1409910225008,2.17862396836887,0.0298110211835572,0.192190627633659,-3.77285512063484,FALSE
"Q9BWS9","High_vs_Low",-0.187315927282146,7.10204673059155,-2.17699815898894,0.0300050264906166,0.192190627633659,-3.71016987796622,FALSE
"P52943","High_vs_Low",-0.148339664993234,7.97704756804442,-2.17590186252537,0.0300214090585353,0.192190627633659,-3.77621299861631,FALSE
"P01033","High_vs_Low",0.244870404742166,8.18328247156469,2.17303664456051,0.030346059082083,0.193405549883142,-3.72571076391553,FALSE
"P06733","High_vs_Low",-0.143524587487329,12.4145799257345,-2.16906521272199,0.0305332494565828,0.193737520888229,-3.79222092724939,FALSE
"Q8IUK5","High_vs_Low",-0.135034259027069,11.4819835169172,-2.16220563685337,0.0310607803783161,0.194009872208025,-3.80606678492618,FALSE
"P03950","High_vs_Low",-0.363100403803029,9.90542169721947,-2.16127157967632,0.0311397622493913,0.194009872208025,-3.80001564741177,FALSE
"P14209","High_vs_Low",-0.153992138664515,8.67601724082084,-2.16054437113155,0.0311897126539191,0.194009872208025,-3.8094135312492,FALSE
"Q9Y5X9","High_vs_Low",-0.17087614718527,8.32942621320984,-2.15595627436398,0.0315545408313491,0.194009872208025,-3.81437815686259,FALSE
"Q99969","High_vs_Low",-0.167054914645608,12.7059126505486,-2.1552917518306,0.031600407866955,0.194009872208025,-3.81997872929166,FALSE
"O75339","High_vs_Low",-0.167097522690222,9.76167103517612,-2.15486773388511,0.0316337632384069,0.194009872208025,-3.82083050486685,FALSE
"P00966","High_vs_Low",-0.239956555728142,7.88840025664582,-2.15506878555319,0.0316424522280517,0.194009872208025,-3.80816178278803,FALSE
"Q86TY3","High_vs_Low",-0.148390185422484,8.87911592402595,-2.15318731416096,0.0317662514317602,0.194009872208025,-3.82420454799086,FALSE
"Q9H2X3","High_vs_Low",-0.170107125237967,8.33022747405742,-2.15298989683505,0.0317938075096833,0.194009872208025,-3.81262061944519,FALSE
"P05019","High_vs_Low",-0.151208291985425,9.19831238253774,-2.14439177686348,0.0324786277845247,0.197348950182239,-3.82778801552011,FALSE
"P55291","High_vs_Low",-0.23101964868432,7.87098130384627,-2.13937258705122,0.0328925258599645,0.199020599507127,-3.83352531414486,FALSE
"Q6Q788","High_vs_Low",-0.187406935204079,12.5225354609267,-2.13665299808828,0.0330954987212643,0.199407332631483,-3.85726536239693,FALSE
"Q96JM4","High_vs_Low",0.222135557655736,9.06092053247356,2.12592657303333,0.0340753238813867,0.203973072339919,-3.80490832096303,FALSE
"P04114","High_vs_Low",0.221706414851742,16.3225420823205,2.12408373655174,0.0341377526928734,0.203973072339919,-3.88223159696917,FALSE
"Q9BYE9","High_vs_Low",-0.274396885091182,9.35300937464237,-2.1161522288798,0.0348099109647485,0.207126192213483,-3.89791254695844,FALSE
"Q9BYJ0","High_vs_Low",-0.166564060971018,10.4596868181851,-2.11274725771084,0.0351016275092806,0.207998900199621,-3.90462325083496,FALSE
"P51148","High_vs_Low",-0.183602522875501,7.27305496804135,-2.10681575458546,0.0356762470562103,0.210533902381093,-3.88224120842008,FALSE
"P15907","High_vs_Low",-0.14803280198271,9.27991483949472,-2.09746475106465,0.0364379357351988,0.213706652016567,-3.9346241625213,FALSE
"Q9NY97","High_vs_Low",-0.137719870828873,9.40471757967822,-2.09520807508144,0.0366388984832925,0.213706652016567,-3.93903609367078,FALSE
"Q53RD9","High_vs_Low",-0.155116473466745,8.61564912477184,-2.09504665834439,0.0366609737769006,0.213706652016567,-3.93661016200125,FALSE
"Q9NS62","High_vs_Low",-0.126023140721115,9.42991048023247,-2.0892009479951,0.037181329533931,0.214593954092467,-3.94808328621806,FALSE
"P55268","High_vs_Low",-0.143592063635119,7.86983177273408,-2.08863470745408,0.0372306285553096,0.214593954092467,-3.95157245555212,FALSE
"O75340","High_vs_Low",-0.119279100666798,8.95935549568462,-2.08827621925747,0.0372621301039221,0.214593954092467,-3.95255909924137,FALSE
"Q8NBJ4","High_vs_Low",-0.13685303224954,11.4279645209122,-2.08439105901659,0.0376153800560725,0.215761820001632,-3.96011921175203,FALSE
"Q92187","High_vs_Low",-0.126702039898653,11.0208342148177,-2.08110837323213,0.0379160748652864,0.216533106059959,-3.96649619365822,FALSE
"Q6P988","High_vs_Low",-0.191884585304175,8.66638028981247,-2.07991715925111,0.0380518429059341,0.216533106059959,-3.95000006561089,FALSE
"P04233","High_vs_Low",-0.120682035493848,9.32928352257721,-2.07769906116613,0.038234393421883,0.216711937418894,-3.96901748365472,FALSE
"P12259","High_vs_Low",-0.112120539982232,18.036978549636,-2.07072740683103,0.0388805037538736,0.219506466075019,-3.98659738816469,FALSE
"P09871","High_vs_Low",-0.11438657595405,16.6767887059155,-2.06723323872254,0.0392097912336591,0.220203454164701,-3.99334110824977,FALSE
"P19021","High_vs_Low",-0.136096233447837,9.8573430913518,-2.06467124508744,0.0394527378868892,0.220203454164701,-3.99827862733266,FALSE
"P04083","High_vs_Low",0.216148098647296,7.6971445746637,2.06337570670356,0.0395799779039286,0.220203454164701,-3.99791809347481,FALSE
"P24158","High_vs_Low",0.450337781708181,7.7565553293251,2.06475742395346,0.039618194682352,0.220203454164701,-3.90054711980228,FALSE
"Q8WWV6","High_vs_Low",-0.17960683193666,10.3511679524495,-2.05969629692355,0.039929132343496,0.22028912908789,-4.00747947745621,FALSE
"P09493","High_vs_Low",0.290709047546635,8.78753694526883,2.05735373148224,0.040195006064969,0.22028912908789,-3.98934771675667,FALSE
"Q9BZE9","High_vs_Low",-0.178753238124457,11.8328111844523,-2.05578589990318,0.0403082009988192,0.22028912908789,-4.01014635453408,FALSE
"P84077","High_vs_Low",0.156923752189073,10.1379746662053,2.05500528464732,0.0403809051066177,0.22028912908789,-4.01685286103422,FALSE
"Q96C19","High_vs_Low",0.195000813229565,6.95015358455059,2.05600591763579,0.0404017021967329,0.22028912908789,-3.94032609902283,FALSE
"P07307","High_vs_Low",-0.190641254835092,7.48278457208854,-2.04786870912732,0.0411371106625512,0.223449305644312,-4.00558397782846,FALSE
"P00338","High_vs_Low",0.236081466991125,9.0962609723472,2.03293272652846,0.0425703223398696,0.230061960131161,-4.05894736277507,FALSE
"P07988","High_vs_Low",0.21493991242194,8.01620970235832,2.03220779753707,0.0426753705682628,0.230061960131161,-4.04419303750823,FALSE
"P01042","High_vs_Low",-0.240363858855686,15.4437564134432,-2.02055085109603,0.0438421138161324,0.235466633754059,-4.08236598584459,FALSE
"P55157","High_vs_Low",-0.218022357779889,7.54311600077603,-2.01540848421368,0.0444057166764942,0.237603722813779,-4.07404883427144,FALSE
"Q8TD06","High_vs_Low",-0.196069583845992,8.07218457420959,-2.01172972533238,0.0447948315364465,0.237929098439403,-4.08270213211348,FALSE
"P10909","High_vs_Low",-0.0974787110883995,18.9564245277911,-2.01043466631659,0.044904546451191,0.237929098439403,-4.10139180412899,FALSE
"Q9H1Z8","High_vs_Low",-0.155983029105629,7.35760445857116,-2.00535734410089,0.0455082524258444,0.237929098439403,-4.06290108639783,FALSE
"Q14118","High_vs_Low",-0.125619190857533,9.29557427113955,-2.00435538140969,0.0455535820647709,0.237929098439403,-4.11278136437109,FALSE
"P27824","High_vs_Low",-0.106529667679551,10.9940752818956,-2.00366898263276,0.0456273589156117,0.237929098439403,-4.11406520317396,FALSE
"P17655","High_vs_Low",-0.164328931361005,9.26048628463641,-2.00336390977735,0.0456611952275155,0.237929098439403,-4.11425743617855,FALSE
"P04275","High_vs_Low",-0.162264468026013,16.9248847070703,-2.00198526610403,0.0458087591455806,0.237929098439403,-4.11721259116462,FALSE
"P62942","High_vs_Low",0.183851137085441,7.95513578184646,2.0005348455447,0.0459955189860355,0.237929098439403,-4.09689491822496,FALSE
"P51693","High_vs_Low",-0.147159344947234,12.1039767546521,-1.99974254731885,0.0460513311837396,0.237929098439403,-4.12140088530466,FALSE
"A8MYB1","High_vs_Low",-0.249662620202974,12.1723181885364,-1.99951859148458,0.0461257248020599,0.237929098439403,-4.09423235682655,FALSE
"P08238","High_vs_Low",-0.128348041934862,12.975132135491,-1.99515980249381,0.0465503746808433,0.23925891502627,-4.12994483594916,FALSE
"P80108","High_vs_Low",-0.116120937896806,14.0244736997319,-1.98960268394994,0.0471616406955587,0.241534974133683,-4.14027951275301,FALSE
"Q9HDC9","High_vs_Low",-0.153450416839604,13.6302837740188,-1.98360469641924,0.0478289850404074,0.244081012626136,-4.15140225690371,FALSE
"Q9NRB3","High_vs_Low",-0.156628269853483,9.59294870011385,-1.97325894262025,0.048998771512404,0.249163965775842,-4.17050989727982,FALSE
"P0DJI8","High_vs_Low",-0.31431472459812,13.994741580328,-1.965451877127,0.0498976337748158,0.252231605812376,-4.18486548707494,FALSE
"Q6UY14","High_vs_Low",-0.21337059203511,9.04286022801446,-1.96505659836067,0.0499538187243477,0.252231605812376,-4.1830149386227,FALSE
"P58546","High_vs_Low",0.220152753283053,7.86783611763544,1.96277710912361,0.0502723873088999,0.252949485617412,-4.14943454816682,FALSE
"Q8WUJ3","High_vs_Low",-0.229331191118412,7.74205997609107,-1.95935603171783,0.0506247002773609,0.253831539152922,-4.18942271941575,FALSE
"Q9UIQ6","High_vs_Low",-0.191935981496595,6.93018830738325,-1.95706817780991,0.050992965013658,0.254787149232006,-4.13305250691711,FALSE
"P28074","High_vs_Low",0.231728461157793,7.05729344475722,1.95425350082884,0.0513305668805201,0.25558344759259,-4.11646074563499,FALSE
"Q08431","High_vs_Low",-0.191549484305162,7.04705771255941,-1.95242988513731,0.0515977628413097,0.256024885517087,-4.11863712632744,FALSE
"P78417","High_vs_Low",0.219501555621516,9.67808240258753,1.94940212662342,0.0517914554324092,0.256099817551982,-4.21022377025925,FALSE
"P17927","High_vs_Low",-0.1504877987202,7.52850280451463,-1.94769629498413,0.0520191626505583,0.256341853061514,-4.1966790627552,FALSE
"P01602","High_vs_Low",0.296921409788954,8.4483334303306,1.94388931560193,0.0525791132586945,0.257583190780297,-4.15504957906208,FALSE
"P62736","High_vs_Low",0.225876074622613,11.3165993162475,1.94220143773752,0.052656086939955,0.257583190780297,-4.22728001615492,FALSE
"P05154","High_vs_Low",-0.145447914959883,11.1378693021768,-1.93881982433434,0.053067668890933,0.257583190780297,-4.23340708797482,FALSE
"A0A0B4J1Y8","High_vs_Low",0.353789941324889,9.13663981435818,1.93793862731289,0.0532380472830465,0.257583190780297,-4.19702317144591,FALSE
"P60033","High_vs_Low",-0.14595583457842,10.7243525429892,-1.9372442758458,0.0532711612280045,0.257583190780297,-4.22983591052406,FALSE
"Q99784","High_vs_Low",-0.12589581273099,9.03112786998012,-1.93586907678248,0.0534290934481643,0.257583190780297,-4.23874541609579,FALSE
"P00488","High_vs_Low",0.181364665398094,10.2973732274694,1.935060875702,0.0535284455038553,0.257583190780297,-4.24020617169428,FALSE
"P08670","High_vs_Low",0.24941193899588,8.57379850737352,1.9197042594564,0.0554503982672461,0.265939368278364,-4.26662435787084,FALSE
"P08581","High_vs_Low",0.233500261394744,7.13453114158675,1.91378760246067,0.056261608134397,0.267559834618106,-4.25743860319022,FALSE
"O75081","High_vs_Low",-0.22807180748007,13.2397151529352,-1.91329865488605,0.0562745404248629,0.267559834618106,-4.26963158083173,FALSE
"Q6EMK4","High_vs_Low",-0.103095038960479,10.3981949767751,-1.91263152198858,0.0563480265374253,0.267559834618106,-4.28050566094824,FALSE
"A0A075B6J9","High_vs_Low",0.334107254320154,9.24820948052288,1.90998554276082,0.0567342437246345,0.268504638617577,-4.24846266604815,FALSE
"Q7Z5L7","High_vs_Low",-0.176077396474629,7.21137657048001,-1.90411689451875,0.0575871546347135,0.271380948600602,-4.2061002030675,FALSE
"P15311","High_vs_Low",-0.119713976307448,8.19548962004585,-1.90207614658547,0.0577204946465715,0.271380948600602,-4.29588994560021,FALSE
"O95084","High_vs_Low",-0.187353728755328,7.38989631314807,-1.8998078479352,0.0581141701963194,0.272338954449419,-4.25466099999694,FALSE
"Q9UBP4","High_vs_Low",-0.12698560671905,10.6487497934145,-1.89607520200663,0.0585079642684427,0.272943565313561,-4.30995597639066,FALSE
"P16150","High_vs_Low",-0.147359150330679,11.7386927933068,-1.89520131516905,0.058623862005981,0.272943565313561,-4.31150343368523,FALSE
"P10412","High_vs_Low",0.262725186398338,10.4965126457268,1.88573778027631,0.0598926007964374,0.276526471671664,-4.32782271693174,FALSE
"P49721","High_vs_Low",0.191637164268728,7.0589586737261,1.88650245289064,0.05991119916871,0.276526471671664,-4.25106878859008,FALSE
"P43686","High_vs_Low",-0.199484693196737,7.16863350546805,-1.88555621933674,0.0599759351234638,0.276526471671664,-4.29231455381035,FALSE
"Q7LFX5","High_vs_Low",-0.115569145662286,8.55481446222262,-1.88371731075798,0.0601647553427889,0.276526471671664,-4.33177370686139,FALSE
"Q4LDE5","High_vs_Low",-0.174298440379751,10.6394702765699,-1.87987618759774,0.0606876042588369,0.277824472078198,-4.33852652864927,FALSE
"Q99542","High_vs_Low",-0.135136771292927,11.0572770872962,-1.87789711587707,0.0609584636377367,0.277824472078198,-4.34200049940276,FALSE
"P10768","High_vs_Low",0.205038972343256,7.4977181009174,1.87787694522987,0.0610283882180142,0.277824472078198,-4.29812583047514,FALSE
"O75309","High_vs_Low",-0.166470124387329,7.31148600693796,-1.87573225690557,0.061275098737303,0.277875026599942,-4.33520104371768,FALSE
"P02751","High_vs_Low",-0.12654253507583,13.8382826139862,-1.87449054192422,0.0614270456291365,0.277875026599942,-4.34797179442085,FALSE
"P17931","High_vs_Low",0.166833026335023,6.54540036588066,1.8625885898977,0.0632308925622835,0.283850778643289,-4.29716269839394,FALSE
"Q9NZ08","High_vs_Low",0.278439930721942,6.7179757452255,1.86254227990846,0.0632974209325421,0.283850778643289,-4.24214260353402,FALSE
"P13987","High_vs_Low",-0.131520087664082,10.3046369917012,-1.86086130908286,0.0633418752899947,0.283850778643289,-4.36340658581219,FALSE
"Q9HCL0","High_vs_Low",-0.131335087453056,9.76096018073626,-1.85913337263598,0.0635767447962734,0.284015738435688,-4.37475828537888,FALSE
"P48426","High_vs_Low",0.200119063554891,7.41515712597257,1.85790918560457,0.0638024377342206,0.284138806555504,-4.34883147123837,FALSE
"P18065","High_vs_Low",-0.252893963067633,11.9812125241559,-1.85321487850097,0.0644286760475127,0.285332566147385,-4.37972217834129,FALSE
"Q8NBP7","High_vs_Low",-0.127783545775427,11.9395527897692,-1.85288924521397,0.0644684459077773,0.285332566147385,-4.38558737972698,FALSE
"Q99972","High_vs_Low",-0.153919811670644,7.29077527919728,-1.85020419739887,0.0648902789105286,0.285364521773881,-4.36490855850236,FALSE
"Q07960","High_vs_Low",0.178212933413699,7.94871829759709,1.84958800834381,0.0649553313627047,0.285364521773881,-4.38404997484374,FALSE
"P12955","High_vs_Low",0.292634837935948,6.61526762205944,1.85004163402821,0.0650956656491173,0.285364521773881,-4.25713947612218,FALSE
"Q7Z304","High_vs_Low",-0.143205690415867,7.25217685899589,-1.84754349250705,0.0653027106664737,0.285364521773881,-4.34219640213886,FALSE
"Q02487","High_vs_Low",-0.189651254390269,6.68460649160988,-1.84638378747912,0.0654836585384123,0.285364521773881,-4.36052731575339,FALSE
"P07355","High_vs_Low",-0.152842312399114,9.13037571666199,-1.84458980311269,0.0656696598224413,0.285364521773881,-4.39992536936136,FALSE
"Q9Y624","High_vs_Low",-0.131632921666576,8.17900183245173,-1.84136110043483,0.0661532587078502,0.286597501471472,-4.40108630865948,FALSE
"O14960","High_vs_Low",-0.223965366172679,11.8865469769211,-1.83688772902547,0.0668011708622378,0.287719352918702,-4.41317565392483,FALSE
"P48061","High_vs_Low",-0.196518900468975,10.1716682095375,-1.83652784624094,0.0668972205557072,0.287719352918702,-4.38162455454666,FALSE
"P01040","High_vs_Low",-0.220441909436238,10.2299431694843,-1.8355098193939,0.0670141310145372,0.287719352918702,-4.40241195954422,FALSE
"P53634","High_vs_Low",-0.13029704603386,10.2892992844707,-1.83146183238022,0.0676074687437854,0.288769464333711,-4.42247543633826,FALSE
"P01700","High_vs_Low",0.274042486042823,12.3793007976424,1.83110237596767,0.0676614644463925,0.288769464333711,-4.42309178544537,FALSE
"P15291","High_vs_Low",-0.113663673932047,8.80029483322329,-1.8256408078425,0.0684816793010986,0.289893052037402,-4.43242344238894,FALSE
"Q8N8M0","High_vs_Low",-0.177775160960691,8.39524730567741,-1.82517944772008,0.0686494856223194,0.289893052037402,-4.36653478774375,FALSE
"Q27J81","High_vs_Low",0.273064580038268,6.8932451972639,1.82472886555607,0.0687929107425651,0.289893052037402,-4.35059867298511,FALSE
"Q9H4M9","High_vs_Low",0.136574730948485,7.95746723829646,1.82244624926716,0.0689744875437461,0.289893052037402,-4.43192717457462,FALSE
"Q99536","High_vs_Low",0.113767302129502,7.93609877763679,1.82055650994125,0.0692596535498019,0.289893052037402,-4.43579296908795,FALSE
"Q9Y4F3","High_vs_Low",-0.170476588581185,12.734651023111,-1.81982044278682,0.0693776841548954,0.289893052037402,-4.43762273241757,FALSE
"P28072","High_vs_Low",0.157516735186617,7.47569516645363,1.82000980753836,0.0693861109486285,0.289893052037402,-4.40285290919281,FALSE
"P10645","High_vs_Low",-0.148351046791143,10.5801480739159,-1.8186622730753,0.0695419873785678,0.289893052037402,-4.44430843474755,FALSE
"P13497","High_vs_Low",-0.104372138140789,9.72959859378141,-1.81437545675369,0.0701999968993881,0.29163209432722,-4.45158695566296,FALSE
"P0DJI9","High_vs_Low",-0.28559172201418,11.239585303511,-1.81330165910509,0.0703659028153543,0.29163209432722,-4.45340855609008,FALSE
"P22304","High_vs_Low",-0.136361124490151,8.6459626504403,-1.80880132770326,0.071063257873849,0.293142571604637,-4.46102584192092,FALSE
"Q92563","High_vs_Low",-0.132509825648004,8.26567750728197,-1.80847578143903,0.0711536401053547,0.293142571604637,-4.42082329542463,FALSE
"P53004","High_vs_Low",0.199297483288638,7.07627500417191,1.80563877770024,0.0716363396690926,0.293142571604637,-4.41612430162764,FALSE
"P04839","High_vs_Low",0.234445251402011,6.977190657911,1.80595322382202,0.0716763363561814,0.293142571604637,-4.37811146157176,FALSE
"Q96MT3","High_vs_Low",-0.284590287263851,11.8983140388106,-1.80473518965971,0.0718234630289864,0.293142571604637,-4.4117132534471,FALSE
"P13727","High_vs_Low",-0.158859955208653,13.7814099757554,-1.80308941085498,0.0719568934482792,0.293142571604637,-4.47066832287605,FALSE
"Q9UN70","High_vs_Low",-0.153460844835704,7.4765098863654,-1.79786801095414,0.0727969235156899,0.29572461280878,-4.4734328671572,FALSE
"P49327","High_vs_Low",0.330638517817984,7.04930458012844,1.79506563785632,0.0733686156678795,0.296599194171749,-4.40107138446219,FALSE
"P51659","High_vs_Low",0.230383655464647,7.00885407117669,1.7942553296367,0.0735265635408701,0.296599194171749,-4.38650313117529,FALSE
"P81605","High_vs_Low",-0.153256136330052,12.9264211124004,-1.79253319522454,0.0736327148710897,0.296599194171749,-4.48840942679086,FALSE
"O43505","High_vs_Low",-0.146929256858374,6.86825754843453,-1.78641619549038,0.0747734486781608,0.299750349542323,-4.42061464717947,FALSE
"P41218","High_vs_Low",0.312631418597669,7.36765707165194,1.78441813692967,0.0750216256731409,0.299750349542323,-4.46172046402856,FALSE
"Q9Y543","High_vs_Low",-0.147517684653122,10.6029229549523,-1.78392208278491,0.0750421028491589,0.299750349542323,-4.49092888436423,FALSE
"Q6ZN30","High_vs_Low",-0.143760227479399,15.4546574286397,-1.77754136154391,0.0760912829556267,0.303096943773246,-4.50201560698584,FALSE
"Q9UKU9","High_vs_Low",-0.163495273511851,10.8842903560667,-1.76862883891202,0.0775460430652791,0.308036082425513,-4.5282037982094,FALSE
"P0DOX7","High_vs_Low",0.169704506631151,13.6482202463808,1.76694917927523,0.077827287551279,0.308299255106448,-4.53098015293348,FALSE
"Q8WZ42","High_vs_Low",0.20894251036438,9.818478112148,1.76351158908036,0.0784078834933021,0.309547042622904,-4.53286967824455,FALSE
"P31025","High_vs_Low",-0.235338353116927,7.72031800736405,-1.76272649047308,0.0786747878159372,0.309547042622904,-4.44013077552661,FALSE
"P00740","High_vs_Low",-0.130987360911748,14.6279170127112,-1.75967239139373,0.079055360372373,0.309547042622904,-4.54297806933385,FALSE
"O75083","High_vs_Low",0.242814060994606,9.23043382926865,1.75960851502131,0.0790664978980968,0.309547042622904,-4.54308404142304,FALSE
"Q5D862","High_vs_Low",-0.205903533983877,9.75216730005159,-1.75874296021045,0.0792215931956804,0.309547042622904,-4.53523441295647,FALSE
"Q01518","High_vs_Low",0.267084901224655,10.0506914226332,1.75577190377926,0.0797203973465222,0.310323377155236,-4.5493898969774,FALSE
"P37837","High_vs_Low",0.191228807683684,8.23055281667226,1.75464392635243,0.0799249025569756,0.310323377155236,-4.53888344487044,FALSE
"Q86X29","High_vs_Low",-0.171357811599677,9.58940262726026,-1.75374592604,0.0800694906188544,0.310323377155236,-4.54891858824931,FALSE
"P04406","High_vs_Low",-0.135102179063974,12.5489555375224,-1.74893891773221,0.0808956143747371,0.312634700855477,-4.56058610434444,FALSE
"P29508","High_vs_Low",-0.254230834168706,7.98597056308197,-1.74819242324244,0.0811018889248518,0.312634700855477,-4.49977617590916,FALSE
"Q9NQ30","High_vs_Low",-0.12370193367105,9.52532998983875,-1.7391582179124,0.0826097514681719,0.317218792083449,-4.57079597238676,FALSE
"P54578","High_vs_Low",0.187714244358943,8.16736356589285,1.73798422431025,0.0828373925849796,0.317218792083449,-4.56498323121701,FALSE
"P10646","High_vs_Low",-0.111408728082948,11.8241453928099,-1.73565796994857,0.0832207560683591,0.317218792083449,-4.58222595110839,FALSE
"P11049","High_vs_Low",-0.132546441748516,11.2325932902348,-1.73528430101808,0.0832892716740767,0.317218792083449,-4.58049094369929,FALSE
"P01266","High_vs_Low",-0.207378129933901,7.92964841628334,-1.73472265405728,0.0833971301363043,0.317218792083449,-4.57315669315415,FALSE
"Q8IUL8","High_vs_Low",-0.117722068252707,7.83964587265432,-1.73126086125154,0.0840024326619714,0.318675895336685,-4.58935465755393,FALSE
"Q7Z7G0","High_vs_Low",-0.0945586412696198,13.2938354644499,-1.72716615943248,0.0847357000194196,0.320609482395376,-4.5959770329593,FALSE
"P35908","High_vs_Low",-0.217683033114211,14.713572404525,-1.72471976490219,0.0851765564787807,0.320815300734123,-4.59992695492762,FALSE
"P20810","High_vs_Low",0.23170743411399,7.66346528804369,1.72504340618313,0.0852375380611583,0.320815300734123,-4.53117529168568,FALSE
"P42025","High_vs_Low",-0.21962008286901,8.27559938605116,-1.71993126570665,0.0862024758130736,0.322758093663545,-4.53615021105502,FALSE
"P30613","High_vs_Low",0.163884072909724,10.1668166655459,1.71907246791237,0.0862038702044196,0.322758093663545,-4.6065766207025,FALSE
"O60814;P57053;P58876;P62807;Q5QNW6;Q93079;Q99877;Q99879","High_vs_Low",0.15916618832046,12.3868622626891,1.71765497828499,0.0864589829523505,0.322870264462684,-4.61129971695299,FALSE
"P41222","High_vs_Low",-0.0885274496441379,9.73371977011217,-1.71490551533745,0.0869623993399882,0.323889026272728,-4.61571357646797,FALSE
"Q08830","High_vs_Low",-0.136238219925371,10.5662490490504,-1.71370192603008,0.0871835175322684,0.323889026272728,-4.61764356414748,FALSE
"P07333","High_vs_Low",-0.127228478760212,11.7426022954591,-1.70675749431244,0.0884682206256362,0.327812476426776,-4.62875299921282,FALSE
"P13645","High_vs_Low",-0.212122767725306,14.4039474553296,-1.70094770496359,0.0895550294670792,0.330741406114448,-4.6380137089298,FALSE
"P55786","High_vs_Low",0.171543353345887,6.75270937574698,1.69952454356497,0.0898884930749076,0.330741406114448,-4.59981929219221,FALSE
"Q9UBX7","High_vs_Low",-0.237229296586973,11.0364095205078,-1.69896211403275,0.0899505916210842,0.330741406114448,-4.62638045664972,FALSE
"O60844","High_vs_Low",-0.18016603628558,7.20722814039126,-1.69861259973057,0.0902075722937767,0.330836186565154,-4.48527813459683,FALSE
"Q9UHC1","High_vs_Low",0.288271658748211,9.54775856715062,1.69635438313337,0.0905069667831323,0.330836186565154,-4.57344689911912,FALSE
"A0A0C4DH38","High_vs_Low",0.293511953955941,9.62061429336248,1.69526954343187,0.0906684946444251,0.330836186565154,-4.61712925227261,FALSE
"Q15365","High_vs_Low",0.158663588004594,7.88137268057521,1.69296103744934,0.0911070805397291,0.33159277536541,-4.62067192143191,FALSE
"O00187","High_vs_Low",-0.11369587193272,15.9624886873935,-1.69048428026641,0.0915387150805235,0.332320297279673,-4.65461163906757,FALSE
"Q13630","High_vs_Low",0.15785322263056,7.74786376839474,1.68024491184184,0.0936122983575731,0.338989989506969,-4.62008208482056,FALSE
"P08195","High_vs_Low",-0.128914797622782,7.37265274117908,-1.67690443734789,0.0941721765983773,0.340158441415801,-4.66820433670003,FALSE
"O60704","High_vs_Low",-0.105439115703923,8.03422834848486,-1.67224488809487,0.0950948623290791,0.342628222562561,-4.67045741933958,FALSE
"P18669","High_vs_Low",0.182743664943745,7.69748343142358,1.66844946398928,0.0958876451338361,0.343520253129221,-4.64167442145855,FALSE
"O60234","High_vs_Low",0.212963652504681,7.31918704538928,1.66758221311964,0.0961923011253801,0.343520253129221,-4.57192750773102,FALSE
"P50552","High_vs_Low",0.249354345114838,7.4214041676974,1.66723913251,0.0962319240806739,0.343520253129221,-4.61974824294985,FALSE
"P11021","High_vs_Low",-0.0749227516962669,10.2442707443452,-1.6653841181798,0.0964425605078844,0.343520253129221,-4.69401644876513,FALSE
"P08253","High_vs_Low",-0.112325734016226,10.0386131709233,-1.66489481620947,0.0965402106074449,0.343520253129221,-4.6947788146618,FALSE
"P27348","High_vs_Low",0.170914736999843,7.12954922494017,1.66380076779077,0.0968267359943582,0.343602463651347,-4.66219886744673,FALSE
"Q9UQ16","High_vs_Low",0.179003824579632,7.24601071817075,1.66300572713179,0.0970425368052967,0.343602463651347,-4.63952911693553,FALSE
"Q8IVW4","High_vs_Low",-0.173690153469835,10.7307260998315,-1.65835957302064,0.097866510739744,0.345439634923233,-4.68906572156765,FALSE
"O00429","High_vs_Low",0.28879766948416,7.10733024690418,1.65760336473384,0.0981385560000392,0.345439634923233,-4.63663560385881,FALSE
"P55060","High_vs_Low",0.169298590670326,12.5705334044293,1.65622281832367,0.0982840802292044,0.345439634923233,-4.70825362966109,FALSE
"Q9NZT1","High_vs_Low",-0.222321604743545,10.035240930233,-1.65448888956847,0.098643210287429,0.345854189614115,-4.70200335661511,FALSE
"P30044","High_vs_Low",0.190016385443616,7.51364545490181,1.65357768313544,0.0988846693329826,0.345855160545115,-4.68203378928042,FALSE
"P07910","High_vs_Low",-0.123624924853674,8.41274925754506,-1.64977308936939,0.0996093623970098,0.347542154932633,-4.70877801579252,FALSE
"P03951","High_vs_Low",-0.109932435170258,15.488862851881,-1.64695415597265,0.100175736501297,0.348669917822475,-4.72257863065728,FALSE
"P23470","High_vs_Low",-0.111840305618241,12.5415392141877,-1.64370770091883,0.100845154333091,0.349753377085095,-4.72757732678515,FALSE
"Q16706","High_vs_Low",-0.0789020783937122,9.49044794900924,-1.6417807104004,0.101244186679729,0.349753377085095,-4.73053977763202,FALSE
"Q96GW7","High_vs_Low",-0.114958261609035,7.68588302803253,-1.64142697920947,0.101353780563126,0.349753377085095,-4.70462931007866,FALSE
"P08575","High_vs_Low",-0.101583146511091,10.3946779748139,-1.64072840348337,0.101462625430544,0.349753377085095,-4.73215608645759,FALSE
"Q15438","High_vs_Low",-0.224151640060523,9.71970733913443,-1.63968250709386,0.101762017869357,0.349944205334912,-4.67620790086186,FALSE
"P27169","High_vs_Low",-0.0928445546743752,16.6663465633861,-1.63585366386363,0.102479442812573,0.350500833529861,-4.73963015495563,FALSE
"P62136","High_vs_Low",-0.194241943029261,6.66011562614678,-1.63376306987764,0.103039716249276,0.350500833529861,-4.67564228226491,FALSE
"P63218","High_vs_Low",-0.162537075451537,9.17311522127998,-1.63286277262998,0.103178470693819,0.350500833529861,-4.7102690258487,FALSE
"Q9NZD4","High_vs_Low",0.231254446628306,7.97723458560788,1.63157756206061,0.103558712431084,0.350500833529861,-4.64262990166646,FALSE
"P08263;P09210","High_vs_Low",-0.194382103539725,7.42129610450096,-1.63088198434169,0.103713325083329,0.350500833529861,-4.65126412023452,FALSE
"P05060","High_vs_Low",-0.148866468533742,8.90275156438979,-1.62950504273332,0.103817049980072,0.350500833529861,-4.74887112454283,FALSE
"Q10589","High_vs_Low",-0.205547753010898,7.43765954454945,-1.62980648283751,0.103849250075019,0.350500833529861,-4.69055564342639,FALSE
"Q96EE4","High_vs_Low",-0.0916702537698288,8.61959290694952,-1.62920553656262,0.103879256799296,0.350500833529861,-4.74978776908083,FALSE
"Q08629","High_vs_Low",-0.131229505275789,7.24015661343363,-1.62388349943466,0.105130960605083,0.353891543445279,-4.68564522441469,FALSE
"P0DMV8;P0DMV9","High_vs_Low",0.126145846055541,9.52518110986982,1.62010636657146,0.105819808068597,0.355376123584001,-4.76362398277115,FALSE
"Q92765","High_vs_Low",-0.154310502181239,8.09648803952091,-1.61902948070442,0.106148636119304,0.355647533166079,-4.69377915371161,FALSE
"Q14644","High_vs_Low",0.192261687512731,6.75850483939692,1.61343166642109,0.107363672908819,0.358879969583325,-4.71891998055886,FALSE
"Q9UBQ7","High_vs_Low",-0.157926505275357,6.65024821199309,-1.61156247137003,0.10782021959255,0.359567895106318,-4.7089717916502,FALSE
"Q99832","High_vs_Low",0.163612685695385,7.16255652702152,1.60604632665243,0.108913950880617,0.362372634716485,-4.76324008893198,FALSE
"P26038","High_vs_Low",-0.112637672687416,10.0873187305566,-1.59979665871133,0.11025520482192,0.365986027117206,-4.79423041454028,FALSE
"P06753","High_vs_Low",0.174339814950553,9.86391728638708,1.59596390378602,0.111115711325975,0.367990600557615,-4.79666580582067,FALSE
"P02647","High_vs_Low",0.14767413636033,17.3267152587832,1.58665314276229,0.113203239510287,0.373881443230341,-4.81383386370918,FALSE
"Q9NYQ8","High_vs_Low",-0.262635693153871,7.97257985736701,-1.58590693904088,0.113415918971547,0.373881443230341,-4.78959654979697,FALSE
"P62937","High_vs_Low",0.140519632590539,11.0853664935599,1.58361828012103,0.113892720102998,0.373907395641028,-4.81833759222073,FALSE
"Q6KB66","High_vs_Low",-0.271458208297865,9.55341561692417,-1.58349152959794,0.113945280261596,0.373907395641028,-4.7947961908199,FALSE
"O00592","High_vs_Low",-0.176386329776888,12.9367082296196,-1.58109849456092,0.114467698115402,0.373970267742407,-4.82207046304281,FALSE
"P16401","High_vs_Low",0.194893726765182,9.26557840171906,1.58005499393088,0.114715194239711,0.373970267742407,-4.82209662213666,FALSE
"P30626","High_vs_Low",0.174851921970625,7.77006249438783,1.5798118650913,0.114918338384919,0.373970267742407,-4.75273815332557,FALSE
"P11362","High_vs_Low",-0.142110627637702,8.8158254501469,-1.57881584986417,0.115007592799443,0.373970267742407,-4.80914640955487,FALSE
"Q7Z794","High_vs_Low",-0.456979445067855,11.3413578737979,-1.57669219186644,0.115491050181377,0.374692683167634,-4.81296993087973,FALSE
"Q96JP9","High_vs_Low",-0.135722475471231,6.65705445062188,-1.57470008060538,0.116086819091611,0.375002718116329,-4.75142036278459,FALSE
"P25787","High_vs_Low",0.166876022345466,7.31311032294708,1.57432536280881,0.116109628203382,0.375002718116329,-4.77772049926766,FALSE
"P60660","High_vs_Low",0.233766790726753,9.96262206492936,1.57018901064275,0.116985042999988,0.376616004336866,-4.83773150591271,FALSE
"P30041","High_vs_Low",0.155552572731054,10.5632638332899,1.56846736320113,0.117384537643614,0.376616004336866,-4.84069385046759,FALSE
"Q96P63","High_vs_Low",-0.214108990299831,8.82190578651747,-1.56850427648463,0.117403493387917,0.376616004336866,-4.80976917573641,FALSE
"P01591","High_vs_Low",-0.169140355661773,10.7853082996556,-1.56706169315615,0.117712727556123,0.376616004336866,-4.84275723215585,FALSE
"P01008","High_vs_Low",-0.126119801332818,11.5889671937794,-1.56533080497704,0.11811783959155,0.376616004336866,-4.84529548513013,FALSE
"Q9Y6C2","High_vs_Low",-0.143170691041488,10.5048305787073,-1.56414098947747,0.118396949846159,0.376616004336866,-4.84703867398656,FALSE
"P98161","High_vs_Low",-0.138829971134951,6.77776532006383,-1.56439632765484,0.118447571796323,0.376616004336866,-4.76357161668556,FALSE
"P05543","High_vs_Low",0.155028787281472,9.64764534408052,1.56129720402182,0.119066154580289,0.377745278026846,-4.85119976409563,FALSE
"Q03167","High_vs_Low",-0.122227751601792,7.83536839053117,-1.55711521524384,0.120068989870251,0.378532940974003,-4.85243896180103,FALSE
"P19022","High_vs_Low",-0.125796807297053,9.06189580517692,-1.55675877934188,0.120140299369501,0.378532940974003,-4.85782495882172,FALSE
"Q15599","High_vs_Low",-0.158620122492734,6.92336969370734,-1.55677644195529,0.120227376742837,0.378532940974003,-4.80119513872069,FALSE
"P05198","High_vs_Low",0.161853909144106,6.84938860639742,1.55587244574635,0.120534270829538,0.378532940974003,-4.75848663318495,FALSE
"P49257","High_vs_Low",-0.118807730078483,7.84956743853168,-1.55485209635683,0.120634277562845,0.378532940974003,-4.83503624031335,FALSE
"Q05707","High_vs_Low",-0.0997894232287981,7.77790681022327,-1.55290154975719,0.121062767263744,0.379048052961154,-4.862412125564,FALSE
"Q15166","High_vs_Low",-0.0874883669163324,16.2220867303264,-1.55111396664145,0.121486903262901,0.379477090666656,-4.86603861357884,FALSE
"Q6PCB0","High_vs_Low",-0.136036479748971,6.78293133440197,-1.54936578167054,0.122007123656855,0.379477090666656,-4.80402816708966,FALSE
"Q5H9R7","High_vs_Low",-0.198680905609272,6.11440002756601,-1.54867778228305,0.122243188185537,0.379477090666656,-4.77557746603143,FALSE
"A6NL88","High_vs_Low",-0.167462406744844,9.39752940481788,-1.54677913967593,0.122556257874652,0.379477090666656,-4.85896178203555,FALSE
"Q9BU40","High_vs_Low",-0.171350773556627,8.50268485983783,-1.54664430504206,0.122595317413927,0.379477090666656,-4.83570106260761,FALSE
"Q96PX8","High_vs_Low",-0.136122955997393,6.84728209115428,-1.54557264736205,0.122906905965931,0.379477090666656,-4.81561499523565,FALSE
"P52209","High_vs_Low",0.180932094903527,8.32604071264385,1.54467919049492,0.123052194672242,0.379477090666656,-4.86113269469043,FALSE
"P24593","High_vs_Low",-0.154174665450519,12.3250845836407,-1.53880383189958,0.12446460300459,0.382555045972139,-4.8838483746537,FALSE
"P61088","High_vs_Low",0.13740502391645,8.47145823754591,1.53852042213765,0.124583825989532,0.382555045972139,-4.84622432728922,FALSE
"Q99996","High_vs_Low",0.253082795489034,9.84519901946117,1.53377280627095,0.125808813487826,0.385491107994749,-4.83392491521267,FALSE
"Q5HYC2","High_vs_Low",-0.161362546555845,9.50447824330407,-1.53158551327621,0.126285624164454,0.386127047018821,-4.85834228448017,FALSE
"O14773","High_vs_Low",0.165486663405972,7.98925183065432,1.53073341490922,0.126618932123493,0.386285400438983,-4.81856629336717,FALSE
"P38571","High_vs_Low",0.129132795534945,7.72898470089861,1.52760856503752,0.127399157325482,0.386285400438983,-4.79079538937939,FALSE
"P12110","High_vs_Low",-0.0944124661492225,8.99499416310646,-1.52684904130133,0.127411886126887,0.386285400438983,-4.90066190199169,FALSE
"Q96S96","High_vs_Low",-0.145562216542993,10.0939429401169,-1.52683207124058,0.127414919391659,0.386285400438983,-4.90103379461773,FALSE
"P67936","High_vs_Low",0.238846132445982,10.0059078271059,1.52163223349287,0.128714726483995,0.389402780122467,-4.90801890983634,FALSE
"Q8WUM4","High_vs_Low",-0.161626163963327,10.5320949112395,-1.51987913973723,0.129153278917304,0.389906951510346,-4.91095367643785,FALSE
"Q8IYI6","High_vs_Low",0.151530702452174,8.78714156305901,1.51912918123276,0.129429940786014,0.389921292199884,-4.84490636671903,FALSE
"P39060","High_vs_Low",-0.109286600543573,14.1650570279989,-1.51090556850172,0.131424079740077,0.395098805759477,-4.92369014845336,FALSE
"P21333","High_vs_Low",0.231388726746866,10.0990642249665,1.506770557249,0.132481151695797,0.397409731071173,-4.92953415555684,FALSE
"P06396","High_vs_Low",0.129615413780774,15.2222283975078,1.50573303769181,0.132747044060734,0.397409731071173,-4.93099773763194,FALSE
"P18428","High_vs_Low",-0.131598752133449,12.3728114557637,-1.50268915564741,0.13353038950233,0.39892203863821,-4.93528643452619,FALSE
"O15144","High_vs_Low",0.199082902508382,8.21451559249478,1.49926161043913,0.134446849511822,0.399767923904442,-4.92268681428691,FALSE
"P07996","High_vs_Low",0.169556712990683,16.6138508727551,1.49610810345615,0.135236583358684,0.399767923904442,-4.94452964027692,FALSE
"P13647","High_vs_Low",-0.200602963523345,12.5811431206425,-1.49590815849807,0.135288674870561,0.399767923904442,-4.94480983145926,FALSE
"P05186","High_vs_Low",-0.137828538243347,6.57484979977112,-1.4959845521975,0.135428001800341,0.399767923904442,-4.86567316537371,FALSE
"P04264","High_vs_Low",-0.167491661620691,16.7951423575594,-1.49484507059797,0.135565901497312,0.399767923904442,-4.94629895761255,FALSE
"P16152","High_vs_Low",0.235685381446552,7.08544000541534,1.49508897173304,0.135632962237155,0.399767923904442,-4.86995346834428,FALSE
"Q9NQ76","High_vs_Low",-0.159301929066324,8.81657594699487,-1.49414666687554,0.135764978341327,0.399767923904442,-4.92814505517423,FALSE
"P31948","High_vs_Low",0.167786939430117,8.40762555686478,1.49186819531699,0.13635384270392,0.400649153089525,-4.94276638747229,FALSE
"P19823","High_vs_Low",-0.131029664222698,20.3812807753234,-1.49080591214533,0.136623037559817,0.400649153089525,-4.95194715607848,FALSE
"P68363","High_vs_Low",0.1760148938165,10.5887450376132,1.48811334736207,0.137331404206276,0.401715542817693,-4.95570399587184,FALSE
"P20930","High_vs_Low",-0.187222892200262,8.57977239238395,-1.48659571239954,0.137742933831312,0.401715542817693,-4.94750378954682,FALSE
"P07327","High_vs_Low",-0.167406968719023,7.79056043089513,-1.48630894260698,0.137827090004397,0.401715542817693,-4.95101697590744,FALSE
"P53675","High_vs_Low",-0.178095333743461,7.80567442588008,-1.48393922751762,0.138449568722756,0.401929295605994,-4.95024535033553,FALSE
"Q9BUN1","High_vs_Low",-0.126343388966685,11.5545038270895,-1.48260506994034,0.138789273943547,0.401929295605994,-4.96336847473923,FALSE
"P22735","High_vs_Low",-0.29174340364677,8.95865571201496,-1.48191975404335,0.139047497921108,0.401929295605994,-4.89478402010655,FALSE
"P40926","High_vs_Low",0.18474384788551,7.50381995263225,1.48136969697535,0.139211887334644,0.401929295605994,-4.91075901888034,FALSE
"P18124","High_vs_Low",0.166158384310441,6.20943878716319,1.48136413931411,0.139301854892733,0.401929295605994,-4.85138706965611,FALSE
"P06756","High_vs_Low",0.118481365931236,6.77536431398741,1.47941150639126,0.139765184356271,0.402456374230709,-4.866849538451,FALSE
"P60709","High_vs_Low",0.186919684314285,14.2064507890338,1.47515665412892,0.140780059193562,0.404508914759487,-4.97368798591611,FALSE
"P25815","High_vs_Low",0.260666295568086,7.69456241886548,1.47490575725023,0.14104215995798,0.404508914759487,-4.83309605672156,FALSE
"Q02413","High_vs_Low",-0.177666715756516,10.1006173163481,-1.46739639718867,0.142880761065771,0.406503289832285,-4.97895994652929,FALSE
"Q15758","High_vs_Low",-0.173244153948543,7.43237111769276,-1.46675552446548,0.143146564487636,0.406503289832285,-4.9290600452324,FALSE
"Q9UBS4","High_vs_Low",0.134472186634659,6.78901689034668,1.46703423090634,0.143175818107656,0.406503289832285,-4.89688269663615,FALSE
"P06454","High_vs_Low",0.115463088092588,10.8754950706593,1.46546983100887,0.143407224535935,0.406503289832285,-4.9823670335734,FALSE
"P48454","High_vs_Low",-0.166008247554013,10.6955946741704,-1.46548389057514,0.143583523542523,0.406503289832285,-4.82158436634313,FALSE
"Q9H6X2","High_vs_Low",-0.114988461230407,8.51283400178541,-1.46451698809588,0.143661159035718,0.406503289832285,-4.98833915655163,FALSE
"Q15063","High_vs_Low",-0.157455098564581,10.7413326574198,-1.46429456824235,0.143721874438611,0.406503289832285,-4.98864431732995,FALSE
"P05546","High_vs_Low",0.103810831220272,16.122375048644,1.46312674835581,0.144040985772808,0.406603885035839,-4.99024581621111,FALSE
"P09211","High_vs_Low",0.164031218934472,7.89709797535696,1.45830843552689,0.145376593652085,0.409229314054713,-4.98908485695522,FALSE
"P10586","High_vs_Low",-0.0997169272711576,7.31344633126455,-1.45767374054039,0.145541806253768,0.409229314054713,-4.99699932960101,FALSE
"P63313","High_vs_Low",0.158669122344843,8.97594770580757,1.45466536099807,0.146412177464674,0.410870963765835,-4.96824699353228,FALSE
"P30040","High_vs_Low",0.194134707130226,7.16062889423256,1.44882567810304,0.148172728997045,0.414999401136255,-4.8941800196931,FALSE
"O95466","High_vs_Low",0.129624783427044,6.10681221070474,1.4472174774119,0.14856553340052,0.415288450090341,-4.94062827294245,FALSE
"Q9BXT2","High_vs_Low",-0.107592067046824,8.69521075636869,-1.44413302357697,0.149505496886604,0.416328793305913,-4.92894595598015,FALSE
"P23381","High_vs_Low",-0.0991636024477796,7.4029047659305,-1.44349893534165,0.149518360217954,0.416328793305913,-5.00068227983158,FALSE
"P22314","High_vs_Low",0.265415314843417,7.3026663490894,1.43946551717869,0.15065301898023,0.418675250421802,-5.0063824176817,FALSE
"Q9UKZ9","High_vs_Low",-0.0947015368586452,8.70500144414186,-1.43833777342628,0.150951023337952,0.418692006705267,-5.01955762162671,FALSE
"Q9BS26","High_vs_Low",-0.148991662918231,9.69343425731949,-1.43573203500049,0.151688685969778,0.41992582177734,-5.0241558128729,FALSE
"O14791","High_vs_Low",0.0857542562488423,15.3181681601537,1.43445324197941,0.152048165224544,0.420109959406544,-5.02917006255433,FALSE
"Q04760","High_vs_Low",0.151210703315339,8.12114662583344,1.42882604778071,0.153717811192171,0.423906425479949,-4.99305790761162,FALSE
"P55072","High_vs_Low",-0.163998183898961,10.1057720205651,-1.42151875673347,0.155769650139554,0.428740265451286,-5.0464786238381,FALSE
"P20073","High_vs_Low",0.140467865449247,7.0479783207593,1.42070082153882,0.156086457002213,0.428789232454355,-5.00257733925064,FALSE
"P00325","High_vs_Low",-0.173927642210421,8.53818662447869,-1.41586934459125,0.157451174946324,0.431711252147283,-5.03843455702188,FALSE
"Q8TDL5","High_vs_Low",-0.156415557961555,10.8723316385334,-1.40975007672289,0.159215372133242,0.43571535045624,-5.0620919973926,FALSE
"O43529","High_vs_Low",-0.119882169184211,7.10086217632537,-1.40838383566016,0.159668241528754,0.436091276201313,-5.01564400248285,FALSE
"P24043","High_vs_Low",-0.122325266356653,6.69738383148327,-1.40695548808668,0.160058803606811,0.436091276201313,-5.04993214650838,FALSE
"Q969P0","High_vs_Low",-0.101669092166181,6.53142700343676,-1.40655850771426,0.160265064545392,0.436091276201313,-4.99396279067461,FALSE
"Q3SY84","High_vs_Low",-0.228809900721496,9.62230680357568,-1.40498461381883,0.160647785701046,0.436162241272468,-5.04453892412701,FALSE
"P14923","High_vs_Low",-0.202191256201015,9.04529180642697,-1.40408532562428,0.160899459995213,0.436162241272468,-5.06361118079853,FALSE
"Q9NPA2","High_vs_Low",-0.19635733968085,8.8137997682329,-1.40284447865098,0.161408696348994,0.436717114272562,-5.00893425815979,FALSE
"P13686","High_vs_Low",-0.122615550141182,7.34426926470753,-1.39888351740564,0.162569662026651,0.439029934738639,-4.97539160592515,FALSE
"Q13822","High_vs_Low",0.170150592521824,7.38247097436514,1.39230889243762,0.164561283322601,0.443573083241748,-4.99352432100194,FALSE
"P07477","High_vs_Low",-0.16392486114999,11.744797669182,-1.38884982046036,0.165484154787309,0.445223786050658,-5.08389739246145,FALSE
"Q9Y6R7","High_vs_Low",0.241186341949951,7.14351550246379,1.38622734612045,0.16643788571816,0.446951176254385,-4.95452833463485,FALSE
"P05155","High_vs_Low",-0.094983030855456,14.0528173104416,-1.38390791821509,0.166984403418757,0.447548726868664,-5.09592475809632,FALSE
"P55058","High_vs_Low",-0.128878442145727,14.1921866090707,-1.38283084207682,0.167314304782651,0.447548726868664,-5.09732139457385,FALSE
"P23284","High_vs_Low",-0.0887150404789629,10.4596967307801,-1.38191013981942,0.16759669897383,0.447548726868664,-5.09851440691374,FALSE
"Q96IZ5","High_vs_Low",0.180171558859522,9.84205136555262,1.3793147522681,0.168550741718296,0.449259783687801,-5.02709574300277,FALSE
"P13929","High_vs_Low",-0.176388343589082,8.28618617764841,-1.374893123486,0.169763345789265,0.451399948189008,-5.10673441158607,FALSE
"P30101","High_vs_Low",-0.0758702062558303,10.9295420960821,-1.37406321961639,0.170018061764883,0.451399948189008,-5.10865016583022,FALSE
"P35749","High_vs_Low",0.246556983111631,9.51539693248618,1.37379504098855,0.170298027873259,0.451399948189008,-5.00688367625282,FALSE
"Q9H3G5","High_vs_Low",-0.0955303684839475,8.72223130830522,-1.36931379317713,0.171497490736805,0.452992626242019,-5.11430440871074,FALSE
"P35030","High_vs_Low",-0.120341468970373,11.295238668811,-1.36920381868306,0.171530680648129,0.452992626242019,-5.11489827164023,FALSE
"P61006","High_vs_Low",0.11183467696492,7.86604124984421,1.36816740785964,0.171883572091302,0.45309015143185,-5.09967425180981,FALSE
"O95373","High_vs_Low",-0.137654054114394,9.16848053035301,-1.35766194795517,0.175167323379404,0.460898975644157,-5.12825226366625,FALSE
"Q10471","High_vs_Low",-0.0691859568992905,7.66439844699023,-1.3516414391574,0.177082868094735,0.464805513696866,-5.13522914859531,FALSE
"O75882","High_vs_Low",-0.130269156069799,8.3670297292915,-1.3509691993832,0.17730029009218,0.464805513696866,-5.13259583828982,FALSE
"Q9NT22","High_vs_Low",-0.103685606040681,7.73179515858147,-1.34965722839613,0.177761502836777,0.465164224576529,-5.12159557858245,FALSE
"Q92954","High_vs_Low",-0.102139855166744,12.2423595837072,-1.3480788639193,0.178223959327911,0.465524877370173,-5.14180492020819,FALSE
"P10301","High_vs_Low",-0.113704835538786,7.0895786932712,-1.34697375902389,0.178756135067065,0.466065995793039,-5.03085305462566,FALSE
"P50238","High_vs_Low",-0.0953772354292859,11.7139079731964,-1.34350841231119,0.179715024645195,0.466330859487095,-5.13940157304636,FALSE
"P22105","High_vs_Low",-0.0861411223899964,13.222275125769,-1.34313879175185,0.179816940520688,0.466330859487095,-5.14803713682274,FALSE
"P15090","High_vs_Low",-0.138721168447859,7.61396497275602,-1.34265090316882,0.180053785184399,0.466330859487095,-5.09136206226544,FALSE
"P02538","High_vs_Low",-0.154280083784048,14.8293871184112,-1.34143847992717,0.18036795918629,0.466330859487095,-5.15017689831766,FALSE
"P61981","High_vs_Low",0.147768095748298,7.59021970211974,1.340790973922,0.18063532730186,0.466330859487095,-5.10898917021352,FALSE
"O95236","High_vs_Low",0.224410917962365,9.04440457079556,1.34038352178347,0.180808896704899,0.466330859487095,-5.06558850040456,FALSE
"P0C0L5","High_vs_Low",-0.121337047247923,12.7317155165689,-1.33797126143421,0.181494599519074,0.466967436025849,-5.15453200238995,FALSE
"Q14764","High_vs_Low",-0.128372967509117,6.43977777234783,-1.33776924152493,0.181706993934745,0.466967436025849,-5.05174486331846,FALSE
"Q16658","High_vs_Low",-0.165249264494766,6.37490922057732,-1.3339267147529,0.182984078698038,0.46766246766258,-5.05812957829436,FALSE
"P48059","High_vs_Low",0.145127380869283,8.7980545803173,1.33264254373833,0.183267893698046,0.46766246766258,-5.14206110871583,FALSE
"Q8WUT4","High_vs_Low",-0.127567868680092,9.46559492743992,-1.33224743932538,0.183372168668324,0.46766246766258,-5.1564352777524,FALSE
"P35527","High_vs_Low",-0.170919550330268,14.6475990699102,-1.33048031420228,0.183947494062207,0.46766246766258,-5.16390290363491,FALSE
"Q9UL46","High_vs_Low",0.0941858938664275,7.73715121138865,1.3294974432412,0.184283594311905,0.46766246766258,-5.1567607858706,FALSE
"P05388","High_vs_Low",-0.104801301089903,8.50002150892856,-1.32919151149934,0.184372783477746,0.46766246766258,-5.16505368883978,FALSE
"P49908","High_vs_Low",-0.0991509394033923,14.6244086009702,-1.326862451616,0.185140509993956,0.46766246766258,-5.16841008463307,FALSE
"P05089","High_vs_Low",-0.170379402699787,9.08978214967715,-1.32558437870157,0.185575295298935,0.46766246766258,-5.15941906594991,FALSE
"Q16378","High_vs_Low",-0.206482170797928,10.1736219404188,-1.32555918166651,0.185641941351456,0.46766246766258,-5.1058059051941,FALSE
"P01857","High_vs_Low",0.163491475375723,15.6822556319754,1.32531213421787,0.185653899342013,0.46766246766258,-5.17033768703201,FALSE
"P11413","High_vs_Low",0.173547513370463,7.29463645221882,1.3254176704461,0.185669276862311,0.46766246766258,-5.13725668951671,FALSE
"O00151","High_vs_Low",0.21443106182944,9.45181535159438,1.32445612348857,0.18597125550684,0.46766246766258,-5.15094703069062,FALSE
"P21439","High_vs_Low",-0.119059324327651,9.12417659149793,-1.32400566181016,0.186217063483496,0.46766246766258,-5.09285040398356,FALSE
"P45877","High_vs_Low",-0.104933719636546,7.19443720336951,-1.32174410992487,0.187007901232745,0.468656341149968,-5.07432265281256,FALSE
"P33908","High_vs_Low",-0.0681251230170457,10.8244502902814,-1.32003226554983,0.187408990823303,0.468656341149968,-5.17688591410952,FALSE
"Q13421","High_vs_Low",-0.130295336923873,7.26485029559722,-1.31986460271908,0.18759326347286,0.468656341149968,-5.12405199648109,FALSE
"Q9H4B7","High_vs_Low",0.213052292155774,9.64722804697178,1.31780599423815,0.188156521139458,0.469246002285187,-5.17855647636047,FALSE
"P16671","High_vs_Low",-0.125086127474262,9.14700973043489,-1.31564739609722,0.188880680734824,0.470234194746073,-5.18111241004378,FALSE
"P10644","High_vs_Low",0.144669335080634,7.54428626789474,1.31442621052297,0.189374641965256,0.470646857154553,-5.13705387635407,FALSE
"P08319","High_vs_Low",-0.173411758876338,10.3855004488801,-1.31260739223044,0.189898541187951,0.471132366891905,-5.18605037822775,FALSE
"P01871","High_vs_Low",-0.130366949216761,16.5820619083926,-1.30856358721192,0.191264281323986,0.473701173434536,-5.19102011216913,FALSE
"P08133","High_vs_Low",0.0988641075931138,9.3726239424157,1.30424971451008,0.192729386965743,0.474916262870286,-5.19630492749605,FALSE
"O43399","High_vs_Low",-0.268511465356587,11.3358463116469,-1.30353524289032,0.193029937995229,0.474916262870286,-5.15002098921982,FALSE
"P07225","High_vs_Low",-0.0796100490882612,14.8389486378268,-1.30289858929336,0.193189981070096,0.474916262870286,-5.19795658797297,FALSE
"P00738","High_vs_Low",0.264816314970952,14.5137405000573,1.30208454126822,0.193468160529232,0.474916262870286,-5.19895081087007,FALSE
"P46459","High_vs_Low",0.174460310096508,7.17256876970656,1.3004448813909,0.19407750819507,0.474916262870286,-5.16524377378615,FALSE
"P25774","High_vs_Low",-0.129583229148702,7.75956605198684,-1.29959880587553,0.194413652408246,0.474916262870286,-5.12167393513177,FALSE
"P02533","High_vs_Low",-0.162351710860996,13.6476621778396,-1.29831584939704,0.194758543105513,0.474916262870286,-5.2035459406428,FALSE
"P22061","High_vs_Low",0.0750336839467369,8.73005277584009,1.29820072251493,0.194797779936204,0.474916262870286,-5.2036861849088,FALSE
"P11150","High_vs_Low",-0.100357630262744,8.13111801664874,-1.2981386921539,0.194844839429389,0.474916262870286,-5.17850248783493,FALSE
"P06858","High_vs_Low",-0.0981454571882896,10.3234701366893,-1.29741768383407,0.19506672163919,0.474916262870286,-5.20463919354973,FALSE
"P50995","High_vs_Low",0.185024436062733,6.97915104706825,1.29242315842419,0.196989053909507,0.477740849058903,-5.09822367223619,FALSE
"Q9GZM7","High_vs_Low",-0.0961537331148552,8.15603865001698,-1.29163806463631,0.197092086119024,0.477740849058903,-5.18155623859553,FALSE
"P09429","High_vs_Low",0.157389106189258,7.98306514631157,1.29150546211053,0.197226347728641,0.477740849058903,-5.14713421473263,FALSE
"O95445","High_vs_Low",0.0901425878059232,13.7627295382829,1.28517980903215,0.199305476199683,0.481962989663315,-5.21945927071333,FALSE
"P01701","High_vs_Low",0.210129374936356,12.8079652856366,1.28340189510666,0.199930497663854,0.482660494360213,-5.21967631376294,FALSE
"P59998","High_vs_Low",0.142101512895291,9.16801250214856,1.27785337450499,0.201876286325489,0.486538814438237,-5.22616973875557,FALSE
"O14745","High_vs_Low",-0.0880014392414541,8.19791372860421,-1.26635750154779,0.205959297456668,0.495046555533136,-5.23892182151098,FALSE
"A0A0C4DH34","High_vs_Low",0.191077494939764,9.28850136400806,1.26609855280179,0.206096787763795,0.495046555533136,-5.19925916244905,FALSE
"O43488","High_vs_Low",0.142342761340119,7.01275497108747,1.26134324797367,0.207898097018751,0.498131398184879,-5.1574603333215,FALSE
"P50281","High_vs_Low",-0.121259914491656,9.34572453002322,-1.26025096114005,0.208158030702016,0.498131398184879,-5.23933432770944,FALSE
"A0A075B6K4","High_vs_Low",0.265272609548568,9.98260777976745,1.25964626825929,0.208423179156853,0.498131398184879,-5.19216482772872,FALSE
"P00558","High_vs_Low",0.121991450735466,9.81394331476807,1.25778927976637,0.209036359300026,0.498765622689247,-5.25212363917197,FALSE
"A0A0J9YXX1","High_vs_Low",0.297620254062172,10.1526870293305,1.25584139588036,0.209915380898077,0.499707070653606,-5.13893756611712,FALSE
"Q9HBW9","High_vs_Low",-0.0976062874736332,7.96287540141564,-1.2544585888101,0.210263259066507,0.499707070653606,-5.23866228956819,FALSE
"P07737","High_vs_Low",0.142822808224979,11.2367951870644,1.25381543057766,0.210476339382691,0.499707070653606,-5.25680454794714,FALSE
"P50395","High_vs_Low",0.111152647490133,8.87776014607209,1.24508871882366,0.213663762157404,0.506436090799534,-5.26703236248327,FALSE
"Q09666","High_vs_Low",-0.0669557087279991,8.95187869857437,-1.24368325079564,0.214180359401464,0.506822830662871,-5.26867295090175,FALSE
"Q15904","High_vs_Low",-0.0982431807064827,7.94157326361487,-1.24063786277635,0.21534125316658,0.508730406986616,-5.25285346416788,FALSE
"Q13404","High_vs_Low",0.152002691789262,7.38978891471944,1.23516352849267,0.217544032638139,0.512301989437602,-5.15424280151556,FALSE
"P55056","High_vs_Low",0.118268469434113,12.4794221630881,1.2345280658615,0.217567581288354,0.512301989437602,-5.27931464247304,FALSE
"P0DOX3","High_vs_Low",0.204770856021511,9.35726753619767,1.23218418598345,0.218506710058036,0.513242738702173,-5.24153882537857,FALSE
"Q86SG5","High_vs_Low",-0.186113651797572,7.83289780304365,-1.23173446181274,0.218707330036141,0.513242738702173,-5.17894051640886,FALSE
"Q13228","High_vs_Low",0.174361458884974,7.9895351136777,1.22969268288093,0.219390259913303,0.513242738702173,-5.26933665285191,FALSE
"Q14697","High_vs_Low",-0.0714397627040828,9.86136371014761,-1.22962145095225,0.219398743950092,0.513242738702173,-5.28498577385456,FALSE
"P00747","High_vs_Low",-0.0941161110433395,15.1471116388046,-1.22705615374393,0.220360525653103,0.514653084342914,-5.28794184385697,FALSE
"P53396","High_vs_Low",0.187498617754028,7.43072325827241,1.22524203156171,0.221090954127946,0.515167051927911,-5.25763311353024,FALSE
"P00492","High_vs_Low",0.153534978501512,6.85212875465906,1.22507972695663,0.221299096225658,0.515167051927911,-5.1746150269285,FALSE
"P61160","High_vs_Low",0.143858606176458,8.50583292500608,1.21655612454069,0.22433875896922,0.521396726680489,-5.29432726031638,FALSE
"P08567","High_vs_Low",0.159837907766207,9.24586056303811,1.21264904743192,0.225821921299947,0.523994555249392,-5.30301315035216,FALSE
"Q86WI1","High_vs_Low",-0.118073800848128,9.50394798856027,-1.20731916811154,0.227861868951221,0.527873861189096,-5.31048015628001,FALSE
"P14618","High_vs_Low",0.113499011697591,9.93948615114844,1.19349014278654,0.233225398689349,0.539427776968592,-5.32605552768378,FALSE
"Q99460","High_vs_Low",0.150504543535969,7.388690576299,1.18908735086709,0.235053269496889,0.542354526194484,-5.2632010149755,FALSE
"Q15084","High_vs_Low",0.140719322206374,7.7711926391785,1.18779773957507,0.235484491216864,0.542354526194484,-5.30690926287083,FALSE
"Q96GI7","High_vs_Low",-0.118187607982575,9.3215426417692,-1.18744195316286,0.235684695610896,0.542354526194484,-5.27052317181382,FALSE
"P31946","High_vs_Low",0.100407301445854,10.2502027110045,1.18641570518664,0.2360036431976,0.542354526194484,-5.33395436424213,FALSE
"P02760","High_vs_Low",-0.066246509381223,15.8080372567205,-1.18080304185201,0.238224468280669,0.545839442910854,-5.3401878678557,FALSE
"P05141","High_vs_Low",0.194692470448311,8.31770382795525,1.17994764032193,0.238686982516385,0.545839442910854,-5.26212250415584,FALSE
"Q99733","High_vs_Low",-0.123217525204316,9.89125640698155,-1.17934186297763,0.238809284728585,0.545839442910854,-5.34022463789057,FALSE
"P37802","High_vs_Low",0.184477641346376,9.42125575720084,1.17875055368447,0.239042657006985,0.545839442910854,-5.34148877325355,FALSE
"Q96L46","High_vs_Low",-0.0715751715420154,10.8620313148845,-1.17625678612098,0.240036256956793,0.546885801538286,-5.34230213336573,FALSE
"P48506","High_vs_Low",0.147369851251345,7.19602767765629,1.17597977478522,0.240263636659079,0.546885801538286,-5.26992367945359,FALSE
"P20701","High_vs_Low",-0.0691935942085049,8.60581610695851,-1.1740659735457,0.240909687908215,0.546940016559605,-5.34763133894464,FALSE
"P25789","High_vs_Low",0.107439066124854,8.18432936754958,1.17379801680866,0.241050272291262,0.546940016559605,-5.31615111812028,FALSE
"P11597","High_vs_Low",-0.115189408967973,14.4009102372398,-1.17139226890507,0.241981260413711,0.547605082089425,-5.35057365134938,FALSE
"P52907","High_vs_Low",0.107370049083769,9.03677609212872,1.17108661480361,0.242107128343581,0.547605082089425,-5.3494642843054,FALSE
"Q9H5I5","High_vs_Low",-0.0852286010612442,10.6149260291327,-1.16602633012684,0.244149360149668,0.551354618038778,-5.3501610433433,FALSE
"Q99439","High_vs_Low",0.180919602269104,7.56167246059782,1.16452157004751,0.244833523972822,0.552030304051928,-5.30276991071521,FALSE
"Q99435","High_vs_Low",-0.121226869374985,9.4535613939867,-1.16054565869087,0.246371299710682,0.553035971984845,-5.35247302876596,FALSE
"O14950;P19105","High_vs_Low",0.168025465854859,9.68409090494175,1.16025730140467,0.246484556184905,0.553035971984845,-5.36093716515181,FALSE
"P13612","High_vs_Low",-0.0779190108597074,7.89831623829836,-1.16025039854197,0.246494576009563,0.553035971984845,-5.35448205119924,FALSE
"P31431","High_vs_Low",-0.119085868735901,9.0113402193752,-1.15941649560796,0.246822191122943,0.553035971984845,-5.36367068865221,FALSE
"Q9UJU6","High_vs_Low",0.157403835646652,6.91808602709761,1.15815219395943,0.247456360911719,0.553157450810347,-5.27745340694731,FALSE
"P35579","High_vs_Low",0.189382893929519,10.4411235829615,1.15673221565464,0.247916780119555,0.553157450810347,-5.36658775799736,FALSE
"P02746","High_vs_Low",0.189417195866596,11.5647436324831,1.1564460599807,0.248033640774793,0.553157450810347,-5.36689835152174,FALSE
"P15924","High_vs_Low",-0.161610105047766,10.1909175019951,-1.15192974271196,0.249883142038208,0.555707265163321,-5.37179024308992,FALSE
"P30990","High_vs_Low",-0.0923246380685789,8.88532639654458,-1.15182184063198,0.24995201257346,0.555707265163321,-5.35090767288502,FALSE
"P08648","High_vs_Low",-0.071398032005539,7.93325976710504,-1.14932130705851,0.250974667996304,0.557117142270433,-5.35745716035957,FALSE
"P01860","High_vs_Low",0.17860589619352,13.5586932697016,1.1450636261016,0.252713396324057,0.55983265383148,-5.37919086885156,FALSE
"P02747","High_vs_Low",0.179866927953011,12.4345676908911,1.14376687816507,0.25325042872627,0.55983265383148,-5.38058362494422,FALSE
"Q8IZS8","High_vs_Low",-0.105811219591274,9.71039121994462,-1.14377144660862,0.253369171782867,0.55983265383148,-5.28837126550638,FALSE
"Q16363","High_vs_Low",-0.0989886095987735,7.97068759337258,-1.14002048639124,0.254808224096824,0.560239311537868,-5.38398802517179,FALSE
"P01116","High_vs_Low",-0.0949553377770318,8.06471419053768,-1.13937929757083,0.255199880049071,0.560239311537868,-5.28544699275053,FALSE
"P07858","High_vs_Low",-0.0914559995690674,8.06374076913372,-1.1378017152511,0.255765663442989,0.560239311537868,-5.35804878924045,FALSE
"Q15517","High_vs_Low",-0.289737496084685,10.7306405542789,-1.13740528903169,0.255917804409502,0.560239311537868,-5.35739097137122,FALSE
"Q9ULI3","High_vs_Low",-0.0663079279926286,13.5969950703665,-1.13708157027336,0.256031457862468,0.560239311537868,-5.38773916977299,FALSE
"P26599","High_vs_Low",0.142518064816565,6.96749151982167,1.13714606153846,0.256174560413476,0.560239311537868,-5.2636179610405,FALSE
"A0A0A0MS15","High_vs_Low",0.185400205159352,10.9630697454727,1.13647547222906,0.256287997467811,0.560239311537868,-5.38627799996316,FALSE
"Q96TC7","High_vs_Low",-0.106707886682193,7.95347891056242,-1.13551816893248,0.256741357463263,0.560376113549953,-5.34865079075664,FALSE
"P00387","High_vs_Low",0.124529489162427,8.68235224320867,1.13244089393977,0.257983901300557,0.561445323498557,-5.38898315918754,FALSE
"O75367","High_vs_Low",0.209466046607567,8.00920278854371,1.13197342926677,0.258300472611731,0.561445323498557,-5.29189875368862,FALSE
"Q9UBU3","High_vs_Low",-0.106035279691389,8.65392751033746,-1.13172926370284,0.258405797426114,0.561445323498557,-5.34374203260683,FALSE
"P60842","High_vs_Low",0.115413452534161,7.60838781156661,1.12784648833299,0.259921936614651,0.563104556933931,-5.3814247504715,FALSE
"P09104","High_vs_Low",-0.0694476650565843,11.6896430317904,-1.12773654107466,0.259954823354437,0.563104556933931,-5.39767134392924,FALSE
"P63010","High_vs_Low",0.109019482302748,6.61486559887307,1.12640461284449,0.260577177028899,0.563521489675592,-5.35034654669342,FALSE
"P80303","High_vs_Low",-0.10512180769412,6.41990452477667,-1.12575942637133,0.260933242081306,0.563521489675592,-5.26803341364443,FALSE
"P52566","High_vs_Low",0.113526642620032,8.93340247218485,1.12262785699169,0.262124345136037,0.565242572819665,-5.39533873172268,FALSE
"A0A0C4DH67","High_vs_Low",0.150410332218119,8.29543979228389,1.11844976491118,0.263955878005156,0.56566311550017,-5.36140366963099,FALSE
"P30273","High_vs_Low",-0.0966558918370755,8.29131415083497,-1.11800492069576,0.264114428871991,0.56566311550017,-5.39062305416388,FALSE
"Q9UBS3","High_vs_Low",-0.1010734139364,7.56776865225185,-1.11787925322378,0.264206548750375,0.56566311550017,-5.34543992755758,FALSE
"Q8IWU5","High_vs_Low",-0.104029925047471,7.51728422111623,-1.11781956329299,0.264251984165855,0.56566311550017,-5.3393058798789,FALSE
"O75223","High_vs_Low",0.119715732072815,7.49840891417361,1.11761370024974,0.264291692737178,0.56566311550017,-5.361836728112,FALSE
"Q01813","High_vs_Low",0.155999292556969,6.92453646189027,1.11333720671856,0.266274070902946,0.568865415355184,-5.27903105821161,FALSE
"P01023","High_vs_Low",0.159713066918906,14.114762369715,1.11112435947545,0.267032065046,0.568865415355184,-5.41512576314843,FALSE
"P31146","High_vs_Low",0.115309222266925,9.40951320750515,1.11007591305759,0.267484887832539,0.568865415355184,-5.41523743695312,FALSE
"P07093","High_vs_Low",-0.120031557639601,7.56621842497266,-1.10943116943595,0.267812184772983,0.568865415355184,-5.38240109959859,FALSE
"P28300","High_vs_Low",-0.122200536654623,7.36475539157632,-1.1095639670639,0.267830315003363,0.568865415355184,-5.32957310804896,FALSE
"Q8NBS9","High_vs_Low",0.0977322345676352,7.94228802075196,1.10860812787624,0.268168075857813,0.568865415355184,-5.37028279802712,FALSE
"P20618","High_vs_Low",0.107290309184635,7.57837418192852,1.10713411153174,0.268821584881457,0.569082939839037,-5.35597216599226,FALSE
"Q14019","High_vs_Low",0.160013408424415,7.9353376949501,1.10637720142015,0.269124213383638,0.569082939839037,-5.38558356546008,FALSE
"O00487","High_vs_Low",0.171552714815999,7.99140823256454,1.1056761173595,0.269461168863812,0.569082939839037,-5.34529210892663,FALSE
"P22392","High_vs_Low",0.124229748330608,7.54995552630935,1.10132859053821,0.271377780529115,0.571559522560192,-5.36172400481966,FALSE
"P05023","High_vs_Low",-0.0732249000262026,7.8386714190308,-1.09964881113139,0.272007575911397,0.571559522560192,-5.41788418242348,FALSE
"Q13885","High_vs_Low",0.0992082452256575,9.87213536191293,1.09900902100347,0.272281170193658,0.571559522560192,-5.41995519370612,FALSE
"P68366","High_vs_Low",0.154741326242661,10.385735248008,1.09823714538378,0.272613909226389,0.571559522560192,-5.42801471427242,FALSE
"P16109","High_vs_Low",-0.172114829445837,8.60945325154586,-1.09838050692469,0.272626717873899,0.571559522560192,-5.37683447064401,FALSE
"P14151","High_vs_Low",-0.0639483154045521,14.5803079163372,-1.09586263333299,0.27364962773426,0.572153393403319,-5.43093447333585,FALSE
"P24666","High_vs_Low",0.124162734126758,8.1418037038342,1.09598559326628,0.273707969229203,0.572153393403319,-5.34090208961298,FALSE
"Q5SYB0","High_vs_Low",0.121459863516085,11.1216556101054,1.09290542372914,0.2749559130549,0.57392544297049,-5.42113950943051,FALSE
"Q16543","High_vs_Low",0.137831832776435,6.55627779126452,1.09228091634319,0.275388315333428,0.573992506087407,-5.31180192860216,FALSE
"Q9Y490","High_vs_Low",0.175257260611458,10.2847926146747,1.08947688506925,0.276451961392052,0.575373167831933,-5.437484255921,FALSE
"P08254","High_vs_Low",-0.0925571952808362,9.25022969031661,-1.08607849360925,0.277950910949962,0.577654501887313,-5.4409547105783,FALSE
"P78423","High_vs_Low",0.0961775531062194,10.4229042844136,1.08448843147176,0.278655248911686,0.577687133159975,-5.44206247070204,FALSE
"P56199","High_vs_Low",-0.138579743236694,7.789565307043,-1.08053441890647,0.280431091670001,0.577687133159975,-5.42430714909889,FALSE
"P50225","High_vs_Low",0.138585388372994,7.32780282083074,1.08058095841159,0.280487167562062,0.577687133159975,-5.36680022291586,FALSE
"O75170","High_vs_Low",-0.169135768233767,8.82985684952466,-1.08041246268313,0.280585679871032,0.577687133159975,-5.34846265547582,FALSE
"P01137","High_vs_Low",-0.122307704294709,8.42090726992837,-1.08020448790998,0.28061412523645,0.577687133159975,-5.42170492322818,FALSE
"Q08380","High_vs_Low",-0.0689031442709584,16.4013235042447,-1.07920972456172,0.280997983437663,0.577687133159975,-5.44793579799913,FALSE
"P17900","High_vs_Low",0.0910135917609241,7.52640981077983,1.0793299860434,0.281009375219644,0.577687133159975,-5.40864762104826,FALSE
"Q7Z3Y7","High_vs_Low",-0.123547040982993,15.4155671261266,-1.0787870540147,0.281189413490699,0.577687133159975,-5.44530935734831,FALSE
"O15145","High_vs_Low",0.121467660865749,8.20048475034124,1.07760288535595,0.281726027788134,0.577961550569648,-5.43494931036772,FALSE
"P00450","High_vs_Low",0.166699154001021,12.0445690265253,1.07605013193392,0.282407471628267,0.578531877592764,-5.45113205753784,FALSE
"P08311","High_vs_Low",0.105593545804114,9.30078302496189,1.07322509587451,0.283672286947939,0.57996897063003,-5.45384098291867,FALSE
"Q9NUQ9","High_vs_Low",0.103045960318277,7.31285027792115,1.07272714094536,0.28391786428332,0.57996897063003,-5.43140167563173,FALSE
"P07358","High_vs_Low",0.0837137318031953,12.7148397645034,1.06977197934982,0.285221654964703,0.581448330157452,-5.45745597585229,FALSE
"O00299","High_vs_Low",0.0902625668181969,10.297286669118,1.0691646070636,0.285494938965474,0.581448330157452,-5.45806580275663,FALSE
"P02743","High_vs_Low",0.176045951448689,11.3532230951644,1.06835776863813,0.285858488675735,0.581448330157452,-5.45887517001279,FALSE
"A0A0B4J1U7","High_vs_Low",0.16803424538857,11.1752697746594,1.06743705193168,0.286288379728788,0.581497927097849,-5.45060091263563,FALSE
"Q14112","High_vs_Low",-0.0926041515654532,10.4493253813049,-1.06537228980572,0.287205286450628,0.582108100029636,-5.46186565062619,FALSE
"Q96PC5","High_vs_Low",-0.095192933281071,7.76366032370452,-1.06514503244179,0.287437971280231,0.582108100029636,-5.34435808299853,FALSE
"Q8N307","High_vs_Low",-0.0860614184901696,10.2519092770788,-1.06404480725557,0.287806585021626,0.582108100029636,-5.46267887852673,FALSE
"P30050","High_vs_Low",-0.111382763196011,7.37268300238373,-1.06097111317779,0.28934245295891,0.582576224581421,-5.35998769919936,FALSE
"P11171","High_vs_Low",-0.179213796618971,8.89556560834422,-1.06038903104465,0.289466415435715,0.582576224581421,-5.46573750414166,FALSE
"P31944","High_vs_Low",-0.138605360114676,9.50606178646587,-1.05990271291647,0.289705524268697,0.582576224581421,-5.433180375997,FALSE
"Q9BUL8","High_vs_Low",0.149224093436314,7.73921021361847,1.05855432081676,0.290402338607806,0.582576224581421,-5.38887471577745,FALSE
"A0A0A0MRZ8;P04433","High_vs_Low",0.150570224733427,12.0937735402313,1.05825136476045,0.290439655681331,0.582576224581421,-5.46470666423639,FALSE
"P04908;P0C0S8;P20671;Q16777;Q6FI13;Q7L7L0;Q93077;Q96KK5;Q99878;Q9BTM1","High_vs_Low",0.103372632143506,12.3839316519767,1.0572516515548,0.290891007334512,0.582576224581421,-5.46995721285477,FALSE
"P26583","High_vs_Low",0.127930856396539,7.80693048334075,1.05654996859833,0.291297465061628,0.582576224581421,-5.389929885357,FALSE
"P62820","High_vs_Low",-0.154487987471541,7.63238314378095,-1.05601622907648,0.291576310492126,0.582576224581421,-5.38052156517592,FALSE
"P61978","High_vs_Low",0.120319323538405,7.44936574106206,1.05480452955451,0.2920393886169,0.582576224581421,-5.44845119954523,FALSE
"P23528","High_vs_Low",0.108085938683134,10.7360932901769,1.05456920639909,0.292115470611254,0.582576224581421,-5.47261651249729,FALSE
"Q9Y376","High_vs_Low",0.113950310317497,6.88292454906377,1.05394665047022,0.292506891003224,0.582576224581421,-5.39556996590047,FALSE
"P19320","High_vs_Low",-0.0565147099889636,10.1141004211744,-1.04780642982345,0.295217889257285,0.586245050344912,-5.47929108651256,FALSE
"P16284","High_vs_Low",0.061424835070353,9.23376688456007,1.04657711559559,0.295785154251346,0.586245050344912,-5.48002201181447,FALSE
"P0DP02","High_vs_Low",0.128320797848051,12.1904644250878,1.04636881172869,0.295880475680771,0.586245050344912,-5.4807042426737,FALSE
"P05067","High_vs_Low",-0.110860938224274,11.1518094333675,-1.04551903377239,0.296272221815936,0.586245050344912,-5.4815389750962,FALSE
"Q01546","High_vs_Low",-0.194958294724657,10.1324348960664,-1.04549052704096,0.296393069386375,0.586245050344912,-5.38310924712342,FALSE
"Q96Q06","High_vs_Low",-0.10298152194389,8.08197521384319,-1.04417374598195,0.296901167321852,0.586441148677046,-5.47556335754333,FALSE
"P02750","High_vs_Low",0.233835577132858,9.88420508356734,1.03662546232928,0.3003957728403,0.592197171285285,-5.49023225987116,FALSE
"Q9NRY5","High_vs_Low",-0.103020455763537,7.37662455431671,-1.03578972496577,0.300819111456094,0.592197171285285,-5.45961873906962,FALSE
"P00451","High_vs_Low",-0.0956088110211386,10.0242296404788,-1.0352123522409,0.301054210506954,0.592197171285285,-5.4916069751787,FALSE
"P19338","High_vs_Low",-0.0745344922231013,8.14109452245464,-1.03328301310333,0.3019695209967,0.59284404151328,-5.48195869413938,FALSE
"Q96K76","High_vs_Low",0.147545846342723,6.01499893886043,1.03251418784438,0.302496054236642,0.59284404151328,-5.35366504512791,FALSE
"P17858","High_vs_Low",0.105922589624869,6.97258587856586,1.03195514402112,0.302623318262009,0.59284404151328,-5.46231670627804,FALSE
"P00746","High_vs_Low",-0.0988457000856879,12.2107478780524,-1.02962292016837,0.303668984431831,0.594080932708385,-5.49702543817131,FALSE
"P11226","High_vs_Low",0.167598810009174,9.40176207274214,1.02631537309294,0.30522454936245,0.596310631860699,-5.49804003039728,FALSE
"P40197","High_vs_Low",0.0947784300095105,8.74814063277668,1.02434009903475,0.306154194321632,0.597313081166286,-5.50211982023414,FALSE
"P00748","High_vs_Low",-0.0959831854910913,13.4610804178246,-1.02287920381437,0.306843826440892,0.597845172712281,-5.50352399958887,FALSE
"Q9BSL1","High_vs_Low",0.113257283242014,7.64331141425506,1.01866858148614,0.308957447203455,0.600032756321278,-5.41837381799149,FALSE
"P09172","High_vs_Low",0.161525067201632,7.24791743485479,1.01817865871924,0.309139878386096,0.600032756321278,-5.42903397731426,FALSE
"Q6AHZ1","High_vs_Low",-0.208819142515603,11.8878181372569,-1.01791410046853,0.309221901618845,0.600032756321278,-5.48133205497297,FALSE
"P60900","High_vs_Low",0.101098163689667,7.63673385293048,1.01664234394351,0.309843911262424,0.600420879322167,-5.46118359249892,FALSE
"P68104;Q5VTE0","High_vs_Low",-0.0853580457711605,9.98705965850014,-1.01567586212842,0.31025932467066,0.600420879322167,-5.51041851074314,FALSE
"P03952","High_vs_Low",-0.0622629773619021,13.4844423283054,-1.01418017719742,0.310971654738096,0.600988346218907,-5.51184398789363,FALSE
"P02775","High_vs_Low",0.130200652387625,15.3135025655318,1.01158351809038,0.312211129513936,0.602571681995942,-5.51431358441738,FALSE
"P61769","High_vs_Low",-0.0813537632930554,10.8216154513247,-1.00947016472958,0.313221894162216,0.603487137179277,-5.51631924540324,FALSE
"P15941","High_vs_Low",-0.0678308367806721,9.97495515185576,-1.00883680610814,0.31352713891113,0.603487137179277,-5.51325917543752,FALSE
"A0A0C4DH25","High_vs_Low",0.1576092094078,10.4847808858784,1.00754092734998,0.314178102823524,0.603929489877926,-5.49622585339551,FALSE
"Q9Y6B6","High_vs_Low",0.0983173120609351,8.4246598269796,1.00639432790174,0.314726230696281,0.604134682073532,-5.4929180805461,FALSE
"P04217","High_vs_Low",0.209741870270152,12.4380485173458,1.00549956219065,0.315127435279639,0.604134682073532,-5.52007562368203,FALSE
"P23467","High_vs_Low",-0.0701300777450466,8.82576110666932,-1.00385773258004,0.315917273567224,0.604331689466217,-5.52162485618319,FALSE
"P62993","High_vs_Low",0.12583738923582,6.8668401127139,1.00368293819123,0.316149862585149,0.604331689466217,-5.40101118015163,FALSE
"P21926","High_vs_Low",-0.0764267736547293,11.4331307331806,-1.00267137355403,0.316494490090048,0.604331689466217,-5.51400479793031,FALSE
"Q14203","High_vs_Low",0.126388115439729,9.92550165201488,0.99723157633667,0.319130439002994,0.608554587141348,-5.5207371964573,FALSE
"Q99459","High_vs_Low",0.159251419256689,11.1059959779883,0.996012807698143,0.319739334309846,0.608905983267356,-5.49666929980472,FALSE
"Q16610","High_vs_Low",-0.070827553498594,12.6860159248413,-0.992396437634127,0.321468882178976,0.60986755029968,-5.53236807726897,FALSE
"Q86UX2","High_vs_Low",-0.0712404471340875,7.61366387925056,-0.992203869216482,0.321566325429751,0.60986755029968,-5.52801062661996,FALSE
"P30048","High_vs_Low",0.148914157242063,7.12012712346323,0.99198574425487,0.321794985908962,0.60986755029968,-5.43252002398897,FALSE
"P29144","High_vs_Low",-0.136665956955548,7.29451146997398,-0.991656061717268,0.321945422299064,0.60986755029968,-5.43005341525955,FALSE
"P06576","High_vs_Low",0.164983914520348,7.43449891656247,0.989995611732685,0.322743256878093,0.610525780171403,-5.45388153268409,FALSE
"A2NJV5","High_vs_Low",0.11559479624534,11.2451617843572,0.988963025481425,0.323144398291558,0.610525780171403,-5.53556238789048,FALSE
"P25788","High_vs_Low",0.0973904951115871,7.66632228311264,0.98600910202489,0.324625939689349,0.612517891466482,-5.4950618128599,FALSE
"P29401","High_vs_Low",0.109833879788318,6.67154444681684,0.984307726410382,0.325475577734828,0.61331403215735,-5.48338449821858,FALSE
"O75147","High_vs_Low",-0.133752918293006,10.2118051514796,-0.981533656675124,0.326897099604931,0.615184305555737,-5.45044600295489,FALSE
"P54920","High_vs_Low",-0.0834322430004804,8.26679537858407,-0.979683905648965,0.327708060426445,0.615902173855207,-5.53877158388859,FALSE
"O60493","High_vs_Low",-0.159072838207587,8.89002447936972,-0.97685787785143,0.32916761783096,0.616943367981825,-5.48137908707064,FALSE
"P12814","High_vs_Low",0.137894659503386,9.15573111095569,0.976632379216228,0.329208621366594,0.616943367981825,-5.54694355851607,FALSE
"O75874","High_vs_Low",-0.0794990642784548,8.15293119746065,-0.974495056786419,0.330269648722686,0.616943367981825,-5.54410056499481,FALSE
"P35916","High_vs_Low",-0.0622861068773819,9.55269752599105,-0.974246779151231,0.330390096156448,0.616943367981825,-5.54912927698953,FALSE
"P06276","High_vs_Low",0.14664981405946,8.4937511133103,0.974230084602514,0.330413184525831,0.616943367981825,-5.52812714991117,FALSE
"Q04756","High_vs_Low",-0.0723070032816349,10.5127154659011,-0.973158412556928,0.33093012745383,0.617105075121966,-5.55012458941762,FALSE
"Q13642","High_vs_Low",0.116507808648278,8.98901150375506,0.972193370852925,0.33145084999813,0.617273401165349,-5.53136691097119,FALSE
"Q93084","High_vs_Low",0.194198874909487,8.0415669966561,0.967545775455713,0.333835840056373,0.620243311452015,-5.4608693571316,FALSE
"Q9UBQ6","High_vs_Low",0.15351372789205,7.10517068340733,0.966959510697932,0.334170940980796,0.620243311452015,-5.40645180888657,FALSE
"P11166","High_vs_Low",-0.0979454054827222,9.65838661605476,-0.965695300033276,0.334651268479643,0.620243311452015,-5.55580520982503,FALSE
"Q93008","High_vs_Low",0.101498601508947,6.32852120707941,0.965682853471675,0.334775678566151,0.620243311452015,-5.44198806831482,FALSE
"Q9BZQ8","High_vs_Low",-0.0751393131943772,6.75774838649223,-0.964287865982209,0.33538170136342,0.620564335167928,-5.53282930876301,FALSE
"P05386","High_vs_Low",-0.0873423804686162,8.54484264593767,-0.962046432199492,0.336499361058571,0.621830004842772,-5.53120779864424,FALSE
"P55285","High_vs_Low",-0.0836583695906636,8.78194144171902,-0.959203509535683,0.337905915750296,0.622658122283097,-5.56230491674701,FALSE
"P53367","High_vs_Low",-0.265337229709527,13.5447518029328,-0.959223254236605,0.338016850156057,0.622658122283097,-5.46974910709335,FALSE
"Q13093","High_vs_Low",0.12547248622149,7.4618667020232,0.957572214184125,0.338846310626376,0.622658122283097,-5.46216770714684,FALSE
"P13797","High_vs_Low",0.0996194131771091,6.27546345237506,0.957413790446385,0.338987891557144,0.622658122283097,-5.4341056913614,FALSE
"P16452","High_vs_Low",-0.170144850182384,9.02074921704945,-0.955776565212856,0.339636867131216,0.622658122283097,-5.55995210296386,FALSE
"P21980","High_vs_Low",0.138287149133393,8.00459162516557,0.955844243470173,0.339649490527964,0.622658122283097,-5.53376475254667,FALSE
"Q9UBW5","High_vs_Low",0.143175985910372,7.5200733531302,0.954179855162712,0.340510373246316,0.622658122283097,-5.50356039116515,FALSE
"Q06033","High_vs_Low",-0.0611836713527758,17.9252209032942,-0.953859433389474,0.340601011827414,0.622658122283097,-5.56758946419316,FALSE
"P06702","High_vs_Low",0.122610364999264,11.6587413656075,0.953357031493268,0.340855387721221,0.622658122283097,-5.56803925759549,FALSE
"Q04917","High_vs_Low",0.113123188211921,7.50607711116751,0.951545228149205,0.341804101832075,0.623444025314963,-5.54302750331255,FALSE
"P04062","High_vs_Low",-0.0788416899809503,7.20603470976408,-0.950893472758616,0.34215512407453,0.623444025314963,-5.49727848228325,FALSE
"Q6IBS0","High_vs_Low",0.153413264650736,7.37235669825016,0.949880446432555,0.342730913572132,0.623700672668068,-5.46106685953553,FALSE
"Q13201","High_vs_Low",0.124632450569145,13.6136730907177,0.948098386549186,0.343522980632853,0.624349751872637,-5.57273524884464,FALSE
"P07711","High_vs_Low",-0.0769889175805911,8.25358721799982,-0.947208022820044,0.343995445762166,0.624417049649298,-5.54071342320141,FALSE
"P18206","High_vs_Low",0.130135402592503,9.15603071213643,0.945356877367932,0.344918975759313,0.625301910542168,-5.57517316521127,FALSE
"Q9UJJ9","High_vs_Low",-0.0559012626100746,9.91539733912269,-0.94411741491492,0.345551093469563,0.625656904085041,-5.57627326900142,FALSE
"Q15404","High_vs_Low",0.117871882555544,9.78738643092818,0.943014395569157,0.346115509968582,0.625888576664498,-5.57676646975435,FALSE
"P07947","High_vs_Low",0.0863777054146233,8.43811416613247,0.940588913709979,0.347364836129086,0.627253668081737,-5.56600797843587,FALSE
"Q86UX7","High_vs_Low",0.123191901389088,10.2176841375315,0.939828203997742,0.347745234396779,0.627253668081737,-5.58006820168855,FALSE
"A2CJ06","High_vs_Low",-0.0748447514549788,9.49187553706073,-0.935633623309902,0.349959833515046,0.627296920187903,-5.53343515970609,FALSE
"Q8IZA0","High_vs_Low",-0.0728842776893606,7.45965504249259,-0.935332672321469,0.350080937608249,0.627296920187903,-5.5519067229861,FALSE
"P51149","High_vs_Low",-0.0773360507957044,9.35497756602164,-0.933940142189619,0.35077288979979,0.627296920187903,-5.58424530235041,FALSE
"P24844","High_vs_Low",0.129423004249107,8.22933075632938,0.933347626317374,0.351116483214057,0.627296920187903,-5.53897123569783,FALSE
"P01344","High_vs_Low",-0.0639997580286149,10.9704653691792,-0.931806216404984,0.351872892113397,0.627296920187903,-5.58491602474378,FALSE
"P07948","High_vs_Low",-0.171814083949883,8.15403539375824,-0.931566095151439,0.352054592014472,0.627296920187903,-5.5360443084791,FALSE
"Q8WVV4","High_vs_Low",-0.128270653688091,7.04973413675605,-0.930420932683522,0.352673558566546,0.627296920187903,-5.48826291756354,FALSE
"P43251","High_vs_Low",0.0786319662712369,10.7990252769778,0.930208616340734,0.352697655702,0.627296920187903,-5.58851731040782,FALSE
"O75897","High_vs_Low",-0.221847525907403,11.1340884435539,-0.930380554230343,0.352703210283417,0.627296920187903,-5.49332514687175,FALSE
"Q15366","High_vs_Low",0.102023033884865,7.50038759059861,0.93015694186871,0.352790234283594,0.627296920187903,-5.52711167261691,FALSE
"P62826","High_vs_Low",-0.105411163498671,11.7536798182523,-0.9297904503459,0.352913971453799,0.627296920187903,-5.58888260915199,FALSE
"P11279","High_vs_Low",-0.0851851121032583,7.52246288919169,-0.929706952604302,0.353018559687335,0.627296920187903,-5.51293825575023,FALSE
"P98066","High_vs_Low",0.0910890179017514,7.67317708631455,0.928156148688348,0.353904385844442,0.628092684778378,-5.47790929989518,FALSE
"P02790","High_vs_Low",0.150329195072844,15.0454009089426,0.924734580551368,0.355536049766586,0.628951931182976,-5.59328629182808,FALSE
"Q6UXB8","High_vs_Low",-0.0919948293114548,9.76795538565269,-0.92445481118533,0.355681282162959,0.628951931182976,-5.59352949035374,FALSE
"Q06481","High_vs_Low",-0.0925541975640236,9.19139600839188,-0.921915381633234,0.357003997501795,0.628951931182976,-5.59558756553534,FALSE
"P01717","High_vs_Low",0.148877139031946,11.3734609948287,0.921861869249469,0.357031260773578,0.628951931182976,-5.59577788462692,FALSE
"Q02817","High_vs_Low",0.141404390457839,7.85644414748356,0.920548388835314,0.357778139356518,0.628951931182976,-5.53366236213972,FALSE
"P06681","High_vs_Low",0.151508606328814,10.8788243922766,0.920070101994795,0.357965862091285,0.628951931182976,-5.59732802883903,FALSE
"P07357","High_vs_Low",0.0696962702978556,13.2972350811412,0.919691384005659,0.358163393550441,0.628951931182976,-5.59765549712537,FALSE
"Q9UBE0","High_vs_Low",-0.102397666678286,9.48344117518618,-0.919601777053666,0.358230189221744,0.628951931182976,-5.57707396687301,FALSE
"P32004","High_vs_Low",-0.0981111745705485,7.67195997254934,-0.918706026318886,0.358707458582622,0.628951931182976,-5.54931276689749,FALSE
"Q86SQ4","High_vs_Low",0.0610442144302699,7.94512454556893,0.918261595753583,0.35891055049761,0.628951931182976,-5.59888981285118,FALSE
"P0C0L4","High_vs_Low",-0.090001300925092,13.7240905519051,-0.917646607911428,0.359232223481239,0.628951931182976,-5.59942013443961,FALSE
"P02549","High_vs_Low",-0.198925253448575,10.1442312006818,-0.915709012179669,0.360247089457476,0.628951931182976,-5.60108845802043,FALSE
"P01704","High_vs_Low",0.179873518887717,10.1667572917905,0.915764567847542,0.360308208625037,0.628951931182976,-5.50976698252056,FALSE
"P60520","High_vs_Low",-0.0817303852607969,7.09834479558001,-0.914742225778506,0.360828581926673,0.628951931182976,-5.51496984970649,FALSE
"P47756","High_vs_Low",0.11269508379946,9.04694790423405,0.913966931173836,0.36116507245149,0.628951931182976,-5.60044913925739,FALSE
"O75636","High_vs_Low",0.136154855606513,11.341353262961,0.913499900565189,0.361406130610023,0.628951931182976,-5.60298651083952,FALSE
"Q562R1","High_vs_Low",-0.101399180496701,14.2614251802502,-0.908281207053102,0.364161722926117,0.63097491515722,-5.60322087548776,FALSE
"P35542","High_vs_Low",0.0646309602731794,14.9658228894538,0.907051050771556,0.364802798293167,0.63097491515722,-5.60850138460038,FALSE
"P43652","High_vs_Low",0.146241676875025,12.1916231580005,0.906898488062505,0.364883606322824,0.63097491515722,-5.60863117092482,FALSE
"Q9H299","High_vs_Low",0.10414089087382,8.95984983788861,0.906878628782831,0.364905684997098,0.63097491515722,-5.59592791711103,FALSE
"Q15907","High_vs_Low",0.0914729085491075,8.98572172608818,0.906145945806785,0.36528361780637,0.63097491515722,-5.60714065721945,FALSE
"Q16775","High_vs_Low",-0.117687465274664,8.1523862537084,-0.905701242936573,0.365553871555254,0.63097491515722,-5.56914338695044,FALSE
"Q15485","High_vs_Low",-0.0909494576128225,9.62394263308683,-0.905452651838395,0.365648643302406,0.63097491515722,-5.60835924523593,FALSE
"P61586","High_vs_Low",-0.0750496943582313,8.61799617375704,-0.898961911746512,0.369100975503629,0.63610854025675,-5.60832838603103,FALSE
"P0DPH7;P0DPH8","High_vs_Low",0.107408967876278,11.0526786679572,0.89749741994595,0.369871797042874,0.63610854025675,-5.6165994307889,FALSE
"O75368","High_vs_Low",0.109617550435441,7.36939368841881,0.896995186516737,0.370195347045949,0.63610854025675,-5.5526696275206,FALSE
"P02144","High_vs_Low",0.124159826778381,7.73887506936286,0.896724689517202,0.37039792964741,0.63610854025675,-5.46090752392215,FALSE
"P23142","High_vs_Low",-0.0806381725525167,12.9086495223505,-0.890602239452859,0.373557274248646,0.640766903436075,-5.62239109393967,FALSE
"A0A0C4DH43","High_vs_Low",0.204915145679541,9.51506966104754,0.888883731662025,0.37452297135268,0.640866451406967,-5.56937446933815,FALSE
"Q8N1N4","High_vs_Low",-0.113702871153933,9.17679318619312,-0.887775369861352,0.375075836774478,0.640866451406967,-5.62253697591937,FALSE
"P01893","High_vs_Low",-0.0562735809081616,9.69826727805292,-0.887614905860552,0.375161892019439,0.640866451406967,-5.6243991371051,FALSE
"Q05682","High_vs_Low",0.132200198457626,7.04680551508735,0.88726647837735,0.375402942246759,0.640866451406967,-5.56774296829286,FALSE
"P00326","High_vs_Low",-0.105390159568151,9.52978021557995,-0.882860716932569,0.377728800754796,0.64350047758257,-5.62515912250329,FALSE
"Q15848","High_vs_Low",0.115115738044839,7.72624452217268,0.882775932101962,0.377843376655874,0.64350047758257,-5.55705697551545,FALSE
"P02749","High_vs_Low",0.111576068916454,13.9036683398441,0.881740611465132,0.37832745794755,0.643560586828928,-5.62976881530136,FALSE
"Q7L014","High_vs_Low",-0.143546459139746,15.5020302526097,-0.879628541346297,0.379490677413105,0.644434471149137,-5.60525104997046,FALSE
"P31151","High_vs_Low",-0.115598574863411,9.10142753281572,-0.8779898512894,0.380394769946622,0.644434471149137,-5.5643684347741,FALSE
"Q99497","High_vs_Low",0.0992085161862608,8.77043591118412,0.877507212283358,0.380646141799966,0.644434471149137,-5.59801399789997,FALSE
"P05062","High_vs_Low",-0.236830029977282,9.19495338595592,-0.877093606512999,0.380918569232411,0.644434471149137,-5.5767041776655,FALSE
"P02679","High_vs_Low",-0.0634138352104721,16.8266284541032,-0.876642942744626,0.381088167039378,0.644434471149137,-5.6339798602379,FALSE
"Q14247","High_vs_Low",0.118271438402441,8.16528947445094,0.875917875092178,0.381540724339465,0.644439810015067,-5.57278099323786,FALSE
"Q53H76","High_vs_Low",-0.0805184363472939,8.04465915078055,-0.873115479371577,0.38304649333847,0.646221966408666,-5.599832308933,FALSE
"P05107","High_vs_Low",-0.047725626949422,9.49542123997267,-0.868703691222995,0.385412713880077,0.649449860991811,-5.64048947476625,FALSE
"P16949","High_vs_Low",-0.0823748685138153,8.27868900945381,-0.863764244710242,0.388152011363875,0.653298103633565,-5.59116085460651,FALSE
"Q16627","High_vs_Low",-0.0869269885506068,10.8070917813026,-0.86095995381276,0.389662726710693,0.654821143645198,-5.64203933248088,FALSE
"Q6ZRK6","High_vs_Low",-0.155268139605315,11.360940640591,-0.86055540355654,0.389970192937935,0.654821143645198,-5.53295712410762,FALSE
"Q6P3X8","High_vs_Low",-0.101977839083137,9.49320918700145,-0.856504748706685,0.392167080091084,0.657739874679081,-5.60551889896474,FALSE
"Q15185","High_vs_Low",-0.077524553841803,9.01642973807632,-0.853133006171462,0.394036933374274,0.660103928105968,-5.58349698131838,FALSE
"Q9HBI1","High_vs_Low",0.11659632394918,9.33070673825361,0.847725255303767,0.396987706905452,0.664271145510406,-5.65351948320091,FALSE
"P50148","High_vs_Low",0.0921051460560918,7.41643973915559,0.845491304971428,0.398278575974634,0.665243050158077,-5.61645182534654,FALSE
"Q9Y5C1","High_vs_Low",-0.0559073622993793,9.17141740336982,-0.844327234471636,0.398877489196507,0.665243050158077,-5.66010746758357,FALSE
"P63000","High_vs_Low",-0.0775151178995834,9.52405087127627,-0.844223624074949,0.398960267179879,0.665243050158077,-5.63662930057572,FALSE
"Q9Y6W5","High_vs_Low",-0.113071751563321,6.95929058186569,-0.839834619705827,0.401516347802605,0.66768656819631,-5.53288877995231,FALSE
"O14672","High_vs_Low",-0.0555096375915411,8.33314537849023,-0.838690292888628,0.402033387059891,0.66768656819631,-5.66134241663363,FALSE
"P05109","High_vs_Low",0.112805025803738,11.4066719126918,0.838525461130713,0.402123751232579,0.66768656819631,-5.66469448268476,FALSE
"P80723","High_vs_Low",0.0698769246561355,7.09861506639554,0.837523874851074,0.402697930505049,0.66768656819631,-5.64118902446694,FALSE
"P14649","High_vs_Low",0.138801194771034,10.4039537975322,0.837424787351464,0.402753752782293,0.66768656819631,-5.64984908270366,FALSE
"P06744","High_vs_Low",0.125345219510882,7.33165005286815,0.834248900905536,0.404580227010318,0.668315958017772,-5.61294517823313,FALSE
"P23327","High_vs_Low",-0.0740807935437751,9.46445843911183,-0.834060721507623,0.404646274270348,0.668315958017772,-5.64275648950692,FALSE
"P43487","High_vs_Low",0.091260030111771,8.52960989992076,0.832879523193136,0.405332600853673,0.668315958017772,-5.62781889915648,FALSE
"P30086","High_vs_Low",0.0842814808721792,7.93832618747325,0.831978453710505,0.405829313966067,0.668315958017772,-5.63687307686561,FALSE
"A0A0J9YX35","High_vs_Low",0.146448709465703,10.4311021108704,0.831728337960061,0.405979150804617,0.668315958017772,-5.62311025776634,FALSE
"P15531","High_vs_Low",0.0869986948705517,8.41249595331075,0.831297230599229,0.406199805347247,0.668315958017772,-5.65516559461565,FALSE
"Q13418","High_vs_Low",0.0968376542351148,9.43811860196204,0.830932562979329,0.406395756897836,0.668315958017772,-5.67065033446157,FALSE
"O95810","High_vs_Low",0.137091504541253,8.72538288428152,0.828655305414506,0.407689238366368,0.669675106320013,-5.66386665034721,FALSE
"P49773","High_vs_Low",-0.102993111800765,7.41395285858717,-0.827387943155596,0.408507504673367,0.670251443594518,-5.56371150648385,FALSE
"P01859","High_vs_Low",-0.0923061479654983,17.1237948067053,-0.825341733006021,0.409558840675579,0.671208431461464,-5.67500102195693,FALSE
"P37235","High_vs_Low",0.0956505523462186,7.04323932038563,0.82404701257554,0.41037130394632,0.671772203035415,-5.59951632502388,FALSE
"P80511","High_vs_Low",0.107431968735503,7.96083311387953,0.821747544419964,0.411646871635817,0.67274477266252,-5.61471072127444,FALSE
"P50991","High_vs_Low",0.12181982390607,8.09482533704115,0.821240424888874,0.411903703206201,0.67274477266252,-5.66056805145456,FALSE
"O14498","High_vs_Low",0.0573739530912256,8.00155601543604,0.818812903588825,0.413302501878666,0.674261419447107,-5.6513021178721,FALSE
"Q86VP6","High_vs_Low",0.0808057382367986,7.92720023390989,0.816944914363981,0.414336578398513,0.674684979415668,-5.6814806246823,FALSE
"O60936","High_vs_Low",-0.0760088654409419,7.33259516108405,-0.816014299213649,0.414955086114988,0.674684979415668,-5.58334489217575,FALSE
"P01624","High_vs_Low",0.0950402153843619,12.7723307083619,0.815829859185447,0.414973606586206,0.674684979415668,-5.68233601881926,FALSE
"Q16643","High_vs_Low",0.109503405247968,6.76419994244246,0.811052718754285,0.417818413261499,0.678540888580963,-5.57425226323967,FALSE
"P35858","High_vs_Low",0.0661659881718677,12.5044784332814,0.80841335852531,0.419224873591309,0.679003774434067,-5.68799632999639,FALSE
"O75955","High_vs_Low",-0.0808892847494782,7.36151144756256,-0.808412383793964,0.419233530534721,0.679003774434067,-5.67874353866044,FALSE
"P68402","High_vs_Low",0.0697162957305757,7.94367826836928,0.80680738340678,0.420179995819658,0.679003774434067,-5.64990852627527,FALSE
"O75347","High_vs_Low",0.0985566051822548,7.56916605520773,0.805702886967502,0.420893516387578,0.679003774434067,-5.57105989023645,FALSE
"Q14126","High_vs_Low",-0.05542804401769,10.167889541746,-0.805346031692981,0.420990629003166,0.679003774434067,-5.69032223144351,FALSE
"P01619","High_vs_Low",0.111009560688633,11.535935839526,0.803852463235037,0.421852905395152,0.679003774434067,-5.68993174441244,FALSE
"A0A075B6P5;P01615","High_vs_Low",0.11993209141707,9.79436391526224,0.802525662002301,0.422623330258312,0.679003774434067,-5.6904908703672,FALSE
"P08709","High_vs_Low",-0.0503395894769909,9.85551112963105,-0.80249980235094,0.42263301532587,0.679003774434067,-5.69247259065007,FALSE
"P12821","High_vs_Low",-0.0667427830201905,8.04645568406355,-0.801977426825155,0.422936288136555,0.679003774434067,-5.69048334092308,FALSE
"Q68DL7","High_vs_Low",0.12787571156548,10.9987283965946,0.802038379292726,0.42294024672255,0.679003774434067,-5.63668624240201,FALSE
"P78371","High_vs_Low",0.0839801346047375,7.34569079634846,0.801081183516415,0.423466314197027,0.679003774434067,-5.67936434993551,FALSE
"P62328","High_vs_Low",0.0931381609462338,11.2532775656338,0.800282113368257,0.42391825114914,0.679003774434067,-5.69106546052932,FALSE
"P49189","High_vs_Low",0.0743029409986642,6.86166552502043,0.799878483974763,0.424258983188929,0.679003774434067,-5.57267596268571,FALSE
"Q9UI15","High_vs_Low",0.12315441984383,8.42715825089303,0.797198783432932,0.425780501145155,0.68067919581065,-5.60825018172234,FALSE
"P54577","High_vs_Low",0.114192603918519,8.00837889282225,0.795071374980066,0.42699091988607,0.681575492511171,-5.63376631792974,FALSE
"P36980","High_vs_Low",-0.0738808028929387,12.9392495477091,-0.79446143580795,0.427291748791871,0.681575492511171,-5.69850466456249,FALSE
"Q9UBX5","High_vs_Low",-0.0715280674290231,9.55945516460414,-0.79160291615075,0.428955643670812,0.68346932558216,-5.70063512855872,FALSE
"P10321","High_vs_Low",-0.0798556208162466,8.17496424893124,-0.789581899397357,0.430188305154511,0.684070079129459,-5.63022469601216,FALSE
"P13598","High_vs_Low",0.0593418690574783,8.82242222649132,0.789325595807782,0.430286758280873,0.684070079129459,-5.6940237230334,FALSE
"Q8NCH0","High_vs_Low",-0.0691816081407106,7.22112693283128,-0.787745703819126,0.431275009072455,0.684881908095128,-5.63991495277685,FALSE
"Q9NTK5","High_vs_Low",0.0684466926975675,7.62055764549579,0.78520699503088,0.432700814160666,0.68638602600265,-5.6948200257508,FALSE
"Q9BXR6","High_vs_Low",-0.0683676339950221,9.69346166008804,-0.783596026646467,0.433637775748064,0.687112232511298,-5.70205371876206,FALSE
"P35998","High_vs_Low",-0.0957569098758153,8.50892154192863,-0.780683385533733,0.435366186811885,0.68842682140712,-5.68260343845119,FALSE
"Q5VU65","High_vs_Low",0.146981445625547,11.1205905552696,0.78062864180355,0.435427564167544,0.68842682140712,-5.65103964331708,FALSE
"P50591","High_vs_Low",-0.0704255883944436,7.01958239527222,-0.77775793975085,0.43718512891074,0.690444355570486,-5.56150747895593,FALSE
"P02730","High_vs_Low",-0.122054675139369,12.7056815174041,-0.77640992840051,0.437862570658915,0.690534157674211,-5.71182978125537,FALSE
"Q5TDH0","High_vs_Low",0.0999633364349908,7.61033530228096,0.775829681197254,0.438297411985941,0.690534157674211,-5.63145244417987,FALSE
"Q13200","High_vs_Low",-0.0836288287288545,7.62456466767315,-0.775060753472881,0.438686623180757,0.690534157674211,-5.67143574213705,FALSE
"O60240","High_vs_Low",-0.102069356774923,6.80236510470326,-0.77328111125311,0.439761660577473,0.690538143567081,-5.62582962575547,FALSE
"P78527","High_vs_Low",-0.231082630115615,9.89955755333862,-0.772769131550914,0.440093451602509,0.690538143567081,-5.60717184748151,FALSE
"Q9HBB8","High_vs_Low",-0.0702766391018059,7.3368806587867,-0.772711085797779,0.440133795830064,0.690538143567081,-5.64115938468762,FALSE
"P20774","High_vs_Low",-0.0603560619687968,8.60244053455952,-0.771721524756985,0.44063717365489,0.690572357400123,-5.70299180080468,FALSE
"P38606","High_vs_Low",0.0967999006090503,6.57010729783602,0.769929277375046,0.44174541295284,0.691553408487306,-5.65741973191952,FALSE
"Q9UL25","High_vs_Low",-0.0659555199507889,6.77909784671134,-0.767684190398728,0.443144813759718,0.692648608209891,-5.59583465462279,FALSE
"Q86U17","High_vs_Low",0.0660905535923924,8.18675298364725,0.767037549825129,0.443411033707587,0.692648608209891,-5.71656904241819,FALSE
"P78324;Q5TFQ8","High_vs_Low",0.159409906449461,10.6951184079933,0.75909622923321,0.4481975927742,0.698993283756839,-5.66830942167135,FALSE
"P01780","High_vs_Low",-0.0985776319843517,14.6694417388131,-0.758584118355057,0.448447573958362,0.698993283756839,-5.724688679834,FALSE
"P42357","High_vs_Low",-0.120717452144796,6.67524517937079,-0.75263377286115,0.452086461184687,0.703512249112754,-5.61224064240475,FALSE
"P67775","High_vs_Low",-0.0686329479719259,8.31294112702724,-0.751944858896342,0.452479546263485,0.703512249112754,-5.66042416825039,FALSE
"A6NM11;A6NMS7","High_vs_Low",-0.0734642986827057,7.36340842029962,-0.750957563778934,0.453058480480209,0.703512249112754,-5.66748807165023,FALSE
"P01834","High_vs_Low",0.0745235202007475,14.7779669600496,0.750477135843363,0.453309147963866,0.703512249112754,-5.7304383737854,FALSE
"P22234","High_vs_Low",0.0746131044683898,7.15262309393171,0.744747956712455,0.456832379835306,0.708213656955491,-5.6517367770866,FALSE
"Q8WXI7","High_vs_Low",0.0882500785875973,6.77032754303336,0.743354860826331,0.457682995051209,0.708766106807164,-5.62760057464507,FALSE
"Q15942","High_vs_Low",0.121946885567141,9.21922408794833,0.741171717746398,0.458928317513267,0.709090695501333,-5.73363996230392,FALSE
"Q9Y696","High_vs_Low",0.0582720770537639,7.47939537963789,0.740739004475774,0.459197020509655,0.709090695501333,-5.72531486560698,FALSE
"P40227","High_vs_Low",0.084785242422349,7.59421706748453,0.740137666515929,0.459584082140999,0.709090695501333,-5.70634929633779,FALSE
"P15144","High_vs_Low",-0.093491855526759,7.60398144444009,-0.739634839194757,0.459870534739358,0.709090695501333,-5.73143328005456,FALSE
"P48643","High_vs_Low",0.0755898745691228,7.03301389661501,0.736822900654236,0.461603666400655,0.710806256639865,-5.6959702109559,FALSE
"P61019","High_vs_Low",0.0920546515283629,7.07782673716332,0.73580699075117,0.462239802316304,0.710806256639865,-5.67061922873403,FALSE
"Q15911","High_vs_Low",-0.0716443352746161,10.4105119949667,-0.734783748374956,0.462860443547384,0.710806256639865,-5.63448397204135,FALSE
"A0A075B6K5","High_vs_Low",0.122132969085168,10.4599470687359,0.734519222917455,0.462965860321921,0.710806256639865,-5.74157557708056,FALSE
"Q9NYU2","High_vs_Low",0.0464142984405669,8.09355649119394,0.732844840518851,0.463986180845544,0.711610891264717,-5.7421969181676,FALSE
"P43121","High_vs_Low",0.0714446959306212,8.34085946184435,0.729165038519714,0.466255997882715,0.714328099320313,-5.68756331899508,FALSE
"Q16181","High_vs_Low",-0.348277178544862,11.5292816379683,-0.72774051113941,0.467159319930799,0.714948201473603,-5.66874889885216,FALSE
"P32119","High_vs_Low",0.0991353243951583,12.2089022187092,0.726033634894024,0.468147189895198,0.715212416032618,-5.74740058845794,FALSE
"Q92614","High_vs_Low",0.115896645500327,7.56724307239629,0.725673316981005,0.468434536563935,0.715212416032618,-5.6635011184183,FALSE
"P13798","High_vs_Low",0.0804710857048203,8.16758788231093,0.723495509082218,0.469710179102116,0.715212416032618,-5.74081743869118,FALSE
"P13224","High_vs_Low",0.0742148835235064,10.663799565686,0.722178013043251,0.470513796152376,0.715212416032618,-5.74880248201804,FALSE
"P07339","High_vs_Low",-0.0663937389290759,9.15164380099346,-0.720928370119029,0.471279776507729,0.715212416032618,-5.75087277112788,FALSE
"Q7L576","High_vs_Low",0.0780112619931321,7.09314793936753,0.720461293543304,0.471589926933978,0.715212416032618,-5.72195578310031,FALSE
"Q8WUA8","High_vs_Low",-0.071726837416378,9.63100161583321,-0.719703424770993,0.472034426849656,0.715212416032618,-5.74894863711443,FALSE
"P02675","High_vs_Low",-0.0608438401778315,18.9908000081041,-0.718732756632711,0.472630629819822,0.715212416032618,-5.75235845723017,FALSE
"P01031","High_vs_Low",0.0774354260068915,11.134164454321,0.718439758684937,0.472811058653345,0.715212416032618,-5.75255637553864,FALSE
"P05121","High_vs_Low",-0.0699122881900367,7.51993113731977,-0.716723912876804,0.473930449720901,0.715212416032618,-5.71121402400718,FALSE
"Q96CX2","High_vs_Low",0.0584559626278143,6.45046475810516,0.716682570464701,0.473977554801852,0.715212416032618,-5.66308660119365,FALSE
"P13646","High_vs_Low",-0.0694845934955417,12.9952875271336,-0.715967846237619,0.474334780932261,0.715212416032618,-5.75422293157165,FALSE
"P00751","High_vs_Low",0.080531981942574,14.5591237391307,0.715265660758811,0.474768168159724,0.715212416032618,-5.75469523770665,FALSE
"P13639","High_vs_Low",0.0623226440068372,7.61455978355588,0.715189822131829,0.474818083339995,0.715212416032618,-5.74902537477808,FALSE
"A0A087WSX0","High_vs_Low",-0.132790219557394,12.5165623533459,-0.714885194000126,0.475005673953745,0.715212416032618,-5.75118181646431,FALSE
"P28070","High_vs_Low",0.0851637038981359,7.10881929990612,0.714445265209133,0.475373375760658,0.715212416032618,-5.62021692801677,FALSE
"P55103","High_vs_Low",-0.0501437293846667,10.8468215213245,-0.713577538124802,0.475810770498687,0.715212416032618,-5.75582901903525,FALSE
"Q96PL5","High_vs_Low",0.0759134910277055,7.05796720000252,0.710156180911503,0.478000954876411,0.717752219154737,-5.67546153054868,FALSE
"Q9BX97","High_vs_Low",-0.0643461656624806,7.53012937643183,-0.708799392717268,0.478800035373069,0.718200053059604,-5.71783212607625,FALSE
"P21291","High_vs_Low",0.0589051065975355,8.95710176017587,0.706452107992845,0.480229971154902,0.719247090207132,-5.75440208139596,FALSE
"P07738","High_vs_Low",0.135465473381716,8.42932816535431,0.706062480021556,0.480501194155113,0.719247090207132,-5.7224625878673,FALSE
"P16157","High_vs_Low",-0.134414136443217,9.57679492410456,-0.702649502717907,0.482590928498725,0.721621888912588,-5.7631033180008,FALSE
"Q92820","High_vs_Low",0.0718574966735721,8.09887771556889,0.698422829860037,0.485236550560771,0.724322895988889,-5.74310927077554,FALSE
"P54105","High_vs_Low",-0.0721418798942146,8.89938135261398,-0.697417276409462,0.485868149725147,0.724322895988889,-5.74815886949537,FALSE
"P02655","High_vs_Low",0.0687853304444914,16.9929019020669,0.69732609163569,0.48591257039143,0.724322895988889,-5.76660647201468,FALSE
"P07237","High_vs_Low",-0.0473706085671619,10.0521662391379,-0.695182513659658,0.487253575086118,0.724874130919213,-5.76800959505225,FALSE
"P07602","High_vs_Low",-0.0497104579283327,8.97643483135227,-0.695139094028972,0.487293348818774,0.724874130919213,-5.73839404911132,FALSE
"P10124","High_vs_Low",0.0670429333388611,13.0753786075566,0.693071899065821,0.488575968734429,0.726028952502768,-5.76938687200838,FALSE
"Q13867","High_vs_Low",-0.0756305206204555,9.47905737929437,-0.691935423947987,0.489299402737795,0.726351287293995,-5.74591707746656,FALSE
"P62330","High_vs_Low",-0.0546513369698509,8.10021461074535,-0.689857790201985,0.490628889908203,0.726354387591501,-5.71002326754483,FALSE
"Q6UW49","High_vs_Low",-0.0760562505579561,7.9198466541548,-0.687981868056874,0.491787454808042,0.726354387591501,-5.74791772084553,FALSE
"Q9Y5Y7","High_vs_Low",-0.0458908412024925,11.5532500192643,-0.686986075695955,0.492399845421918,0.726354387591501,-5.77333476165637,FALSE
"Q06323","High_vs_Low",0.0562412831923744,9.37669508014721,0.686773994636569,0.492533988655863,0.726354387591501,-5.77297471380051,FALSE
"Q8TC71","High_vs_Low",-0.0999585601681616,12.8311649015776,-0.686221652913462,0.492942139140598,0.726354387591501,-5.68097871077462,FALSE
"P36578","High_vs_Low",-0.0802038644171139,7.41134831516418,-0.685710858314711,0.493260335525003,0.726354387591501,-5.66678500995071,FALSE
"P04259","High_vs_Low",-0.0682451302584894,14.4535474896882,-0.68450827168416,0.49396131043037,0.726354387591501,-5.77493216489577,FALSE
"P01880","High_vs_Low",0.169497124842961,9.82989349130563,0.684158970182556,0.494226003433505,0.726354387591501,-5.71337835694312,FALSE
"Q7Z4R8","High_vs_Low",-0.0637565925067509,7.94771026852453,-0.68364310713768,0.494612354939556,0.726354387591501,-5.62495725502646,FALSE
"P02649","High_vs_Low",-0.0491470012140596,16.6189518482943,-0.683437809335695,0.49463671652121,0.726354387591501,-5.77562049399497,FALSE
"Q9H1B5","High_vs_Low",0.0614314485263829,8.75564731234814,0.683063113047215,0.494873247333958,0.726354387591501,-5.77586117729367,FALSE
"Q9Y566","High_vs_Low",0.0674675016273163,13.2770346168603,0.679958045490812,0.496885013640642,0.728269780101278,-5.7094076300181,FALSE
"P63241","High_vs_Low",-0.0686013461088546,9.38881525012064,-0.679391896179915,0.497193943318795,0.728269780101278,-5.77821238665247,FALSE
"Q92882","High_vs_Low",0.0969165337734132,7.52712324491723,0.67790693470981,0.498216489380139,0.729022903848081,-5.65238579642082,FALSE
"Q96FZ7","High_vs_Low",-0.0645621945662063,7.22913540308656,-0.674012805551353,0.500693969437521,0.73124061930586,-5.66492356147355,FALSE
"Q00610","High_vs_Low",0.0790351264235358,9.15506103353021,0.673781135691803,0.500751944322423,0.73124061930586,-5.78178127558605,FALSE
"O00186","High_vs_Low",-0.0712052542155686,6.77288254836996,-0.671844930854215,0.50203705484349,0.73136850705595,-5.71082370285178,FALSE
"P17980","High_vs_Low",-0.0720756958001045,7.52489217251868,-0.671486419474508,0.502226193986066,0.73136850705595,-5.76107986583719,FALSE
"P22223","High_vs_Low",-0.158272563743354,8.63029219035323,-0.671317508972361,0.502369581206493,0.73136850705595,-5.71013561258341,FALSE
"Q9BY67","High_vs_Low",-0.0368201523008622,10.6186161784481,-0.669358933580467,0.503565648487648,0.732032717306175,-5.7845734287398,FALSE
"P20062","High_vs_Low",-0.051487660326428,7.54075202302274,-0.668325079275784,0.504241137520244,0.732032717306175,-5.75744686213058,FALSE
"P06310","High_vs_Low",0.0808751441767157,11.3992676594008,0.668121812969872,0.504357269664227,0.732032717306175,-5.78352209994815,FALSE
"Q9UKN7","High_vs_Low",0.0677705423508641,11.8467826337601,0.667254279910004,0.50490947195806,0.732093208076702,-5.78471683085805,FALSE
"P08865","High_vs_Low",-0.0585439920342337,7.70596567176468,-0.6647188178817,0.506544679864853,0.733329740182079,-5.75763896701987,FALSE
"P12273","High_vs_Low",-0.0757362566674313,8.42635025550962,-0.664352026162595,0.506785057545635,0.733329740182079,-5.74688220866118,FALSE
"P35241","High_vs_Low",0.0327552675030898,11.5463091505844,0.662776537111431,0.507769349245273,0.734013353646897,-5.78869544516718,FALSE
"P09668","High_vs_Low",-0.0555967875958991,8.86013051916609,-0.659634869863526,0.509796521441794,0.736201623109298,-5.75708886553325,FALSE
"P05556","High_vs_Low",-0.0263558272278601,11.0302242904452,-0.657482972840746,0.511163319015581,0.737432796245818,-5.79198087204525,FALSE
"Q8IWE2","High_vs_Low",-0.0636435900114192,6.33733481649056,-0.652698986045691,0.514301202564586,0.740609831239472,-5.70756201072935,FALSE
"P07203","High_vs_Low",0.0558564465607994,8.68375435573817,0.652459540098974,0.514398460191432,0.740609831239472,-5.79236700549373,FALSE
"Q96JQ0","High_vs_Low",-0.0657848564571752,6.95625998030552,-0.651120080068898,0.515273286416854,0.74112526852735,-5.7744222546356,FALSE
"P02545","High_vs_Low",-0.0814406759674835,8.99878699234963,-0.649977436758864,0.516008730526885,0.741439398372298,-5.76310674624751,FALSE
"P00734","High_vs_Low",-0.0641841689672873,15.9057008343322,-0.647529929597941,0.517576747152403,0.742948003419966,-5.79808697201749,FALSE
"P02745","High_vs_Low",0.10521531506957,11.1979107760628,0.645150778724464,0.519116097971458,0.74441248449107,-5.79953264676861,FALSE
"P60174","High_vs_Low",0.0652135951348285,7.10027394884106,0.642393260656323,0.520934819373935,0.74574236565353,-5.74122318243336,FALSE
"P19971","High_vs_Low",-0.0537156643984815,7.17741368848022,-0.642125196565877,0.521083577674224,0.74574236565353,-5.79010401560878,FALSE
"P46783","High_vs_Low",0.0811800105806606,7.07108670743555,0.638951777170918,0.523221404032718,0.747325214871351,-5.70049683312069,FALSE
"P12931","High_vs_Low",0.0944433856692628,7.22104621083113,0.638907714794048,0.523231879868087,0.747325214871351,-5.7246724099138,FALSE
"Q9H2K2","High_vs_Low",0.0764183362475581,8.89640050579499,0.638002773148214,0.523833797789615,0.74744046371175,-5.69268122586757,FALSE
"Q9BUF5","High_vs_Low",0.066133110302605,9.06827597322202,0.636996170122151,0.524431352281688,0.747549263590398,-5.76367546476308,FALSE
"Q14624","High_vs_Low",0.057654348117099,15.4231607196809,0.634702036747251,0.525903816851815,0.748903747135553,-5.80581962029325,FALSE
"P08729","High_vs_Low",-0.172833138473406,12.9326978342219,-0.631790914712101,0.527847046025171,0.750925261904856,-5.74767264391379,FALSE
"O00232","High_vs_Low",-0.0738623867394033,7.34937528440308,-0.62914955956997,0.529575093852723,0.752636952016655,-5.73131467340452,FALSE
"O43242","High_vs_Low",-0.0670879573267644,6.68494106448859,-0.6272348053383,0.530863661867742,0.753721278334992,-5.67728030193291,FALSE
"P02765","High_vs_Low",-0.0476366217572597,17.0445097363312,-0.623960184410437,0.532929223026308,0.755395648869264,-5.81217597412072,FALSE
"Q09328","High_vs_Low",-0.0356557822536701,8.92690781079762,-0.623229132563862,0.533409071633262,0.755395648869264,-5.81260462792453,FALSE
"P28676","High_vs_Low",0.0775935769754987,8.26440881652076,0.622957919505064,0.533623286125916,0.755395648869264,-5.74349877521107,FALSE
"P18085","High_vs_Low",0.0596961046520548,7.59809536737168,0.62138984483886,0.534678288713771,0.75604620646261,-5.73164855613864,FALSE
"O15143","High_vs_Low",-0.160391392315724,8.90990485115948,-0.620655949725084,0.535137307921582,0.75604620646261,-5.76570120581414,FALSE
"Q92688","High_vs_Low",-0.050779270600021,9.53610641366686,-0.619557501431043,0.535834520250783,0.756286124054746,-5.79558571592297,FALSE
"P05106","High_vs_Low",-0.0608034933841832,10.1116566789821,-0.616065396483712,0.538122772318727,0.758768982797497,-5.81677855247722,FALSE
"P35613","High_vs_Low",-0.0376961733603167,9.81591254218316,-0.614231908564913,0.539333609746206,0.759729269524616,-5.81326345542653,FALSE
"Q9UBP0","High_vs_Low",-0.0935476941925444,13.9260941560702,-0.612260099050715,0.540660377082842,0.760262188887975,-5.78177762245988,FALSE
"P01597;P04432","High_vs_Low",0.085479604935264,8.96950482935795,0.612076220058714,0.540772268246677,0.760262188887975,-5.79637569426337,FALSE
"Q8N128","High_vs_Low",-0.0488207674361059,7.49066363172988,-0.61014533895691,0.542058261827501,0.761323748737157,-5.76984377596346,FALSE
"P08754","High_vs_Low",0.0662899422696848,7.58772365010903,0.608503745496274,0.543165664234088,0.761781333468513,-5.7460731751587,FALSE
"P23526","High_vs_Low",0.0737212569056407,8.04023772206198,0.608044419223724,0.543446516135487,0.761781333468513,-5.78289085591576,FALSE
"P00915","High_vs_Low",0.109796774795013,12.0032625881663,0.606007931466618,0.544775851406952,0.762223077212993,-5.82255706288067,FALSE
"Q8WVN8","High_vs_Low",0.131198908032104,10.9250991864222,0.605988046313916,0.544824723949315,0.762223077212993,-5.76790102371797,FALSE
"Q15113","High_vs_Low",-0.0414051284996795,11.7805935743179,-0.603879962419002,0.546188594084845,0.763386397580572,-5.82376767171846,FALSE
"Q15149","High_vs_Low",-0.0775400179802244,8.5477602581992,-0.603006361448771,0.546773977185514,0.763460451104214,-5.81526820268308,FALSE
"P40121","High_vs_Low",0.075026892014403,6.54109137478532,0.599746690899214,0.549033002531481,0.765868993803642,-5.66493236734076,FALSE
"P80748","High_vs_Low",0.125106028649419,10.7283115730289,0.598245140197092,0.54997324887228,0.766435023209766,-5.73293322525555,FALSE
"P35251","High_vs_Low",0.118312404500571,9.19811308947462,0.59701399287921,0.550839887934799,0.766897475047089,-5.7037278009804,FALSE
"Q9H4A9","High_vs_Low",-0.0677739947333791,6.71624583887461,-0.595094041666856,0.552120960290884,0.767935457863363,-5.67378096027669,FALSE
"Q86UD1","High_vs_Low",-0.0302599793257823,10.3767401841118,-0.58924166450477,0.555956816973105,0.772521391026582,-5.83197932825798,FALSE
"O60476","High_vs_Low",0.0512229870649232,7.93230309183453,0.588175230860607,0.556675825824273,0.772693717518277,-5.8225156563357,FALSE
"Q9NSC7","High_vs_Low",-0.0803247408278134,7.42430369648631,-0.587522964439144,0.557158510400208,0.772693717518277,-5.73924377037618,FALSE
"P22891","High_vs_Low",-0.0515372350139351,14.7670888622919,-0.586097160322703,0.558066265097895,0.773204854251577,-5.83371704973059,FALSE
"Q9Y646","High_vs_Low",-0.0339356973543108,8.44266789531391,-0.58499144442352,0.558809939096649,0.773487888672389,-5.83262814918409,FALSE
"P41091","High_vs_Low",0.0628054407887024,7.19550601756016,0.583226547825291,0.56008274391006,0.77450207788527,-5.72570806877041,FALSE
"P16035","High_vs_Low",-0.040882919142204,8.01466633440178,-0.578516554150641,0.563207126879529,0.777118306423394,-5.76659033509255,FALSE
"O75144","High_vs_Low",0.0558037286091526,8.13193324507722,0.577987593804349,0.563535079136872,0.777118306423394,-5.8059400721318,FALSE
"P07900","High_vs_Low",0.0401730986039865,10.2909806704996,0.577874885786806,0.563600445383772,0.777118306423394,-5.83821697545736,FALSE
"Q96PL1","High_vs_Low",-0.0801507390154548,9.95818794906822,-0.576351680214887,0.564634166352112,0.77744921881392,-5.83276804767523,FALSE
"P09237","High_vs_Low",-0.0742380777660667,8.12898586320924,-0.575999010260322,0.564924746167437,0.77744921881392,-5.73571421928089,FALSE
"Q10469","High_vs_Low",-0.0863403556532916,8.40809757172917,-0.574869569029273,0.565644318550033,0.777693147459969,-5.81193511280181,FALSE
"P01709","High_vs_Low",0.097535683185443,11.8643371855961,0.573137984465558,0.566810372202109,0.778168231212769,-5.8178294561239,FALSE
"P22692","High_vs_Low",0.0513755322412859,14.0269662962622,0.572620325432187,0.56715440189825,0.778168231212769,-5.83103357082246,FALSE
"Q9NY65","High_vs_Low",0.0898896444958073,7.66202704761625,0.571262138304195,0.568124475005126,0.778168231212769,-5.7457334131275,FALSE
"P61106","High_vs_Low",-0.0561542530004591,8.14642888422025,-0.571135714829338,0.568160486805976,0.778168231212769,-5.83865873023806,FALSE
"O43866","High_vs_Low",-0.0470493913184669,15.9400790652588,-0.570011072873198,0.568918530418052,0.778462950972792,-5.84091095787048,FALSE
"Q9HCN6","High_vs_Low",-0.0410558338873237,9.25940314999126,-0.569103405494101,0.569535787065593,0.778564650764595,-5.83394676600875,FALSE
"O43173","High_vs_Low",-0.0577870798235507,6.83773208411518,-0.566335673161228,0.571469202048061,0.78046365308278,-5.72441268983686,FALSE
"Q02985","High_vs_Low",0.0601839492594802,9.6149686753905,0.563959303448035,0.573029020257325,0.781849300712658,-5.84076943282476,FALSE
"Q9NT62","High_vs_Low",0.0463380147177039,7.66896647450358,0.559845955716278,0.575843263099072,0.784310850046742,-5.80973124473819,FALSE
"P36871","High_vs_Low",0.0604512698805504,7.5611047153722,0.558507556250049,0.5767481286275,0.784310850046742,-5.82957253776044,FALSE
"P61224","High_vs_Low",0.0539318643284989,12.4997720119235,0.557867155869768,0.577176824818355,0.784310850046742,-5.84890168534915,FALSE
"O00391","High_vs_Low",-0.0383276160677486,10.5066175409552,-0.557253209999464,0.577595854000592,0.784310850046742,-5.8492236049942,FALSE
"P63104","High_vs_Low",0.0606713380712893,10.7800932005082,0.557018730665813,0.577755928289472,0.784310850046742,-5.84934645971165,FALSE
"P36955","High_vs_Low",0.0566428933848009,12.4653659554048,0.556493216996567,0.578114761854537,0.784310850046742,-5.84962161340553,FALSE
"P49368","High_vs_Low",0.0589224491750242,7.65419641698062,0.554993542800575,0.579153122060942,0.784481605611055,-5.82287154506563,FALSE
"O14818","High_vs_Low",0.054235107631964,8.50626780924438,0.554713223541396,0.579334742219043,0.784481605611055,-5.84089717055342,FALSE
"P02787","High_vs_Low",0.0950543131803183,13.1007987599691,0.550900871305227,0.581939964078045,0.787164287043921,-5.85253352982441,FALSE
"Q9Y251","High_vs_Low",0.0767600778536961,6.81611378046278,0.548989926628959,0.583324650638841,0.787164287043921,-5.7585856350086,FALSE
"P13473","High_vs_Low",0.0720594855362835,7.37335657367772,0.548798755886054,0.583427429889459,0.787164287043921,-5.72963771545065,FALSE
"O00560","High_vs_Low",-0.0601296842447621,9.45646516166365,-0.548615459779829,0.583511601902154,0.787164287043921,-5.84731723412607,FALSE
"P11217","High_vs_Low",-0.152530851362039,8.9531676514139,-0.547527802869381,0.584302092964019,0.787489850855642,-5.76501405098762,FALSE
"P05362","High_vs_Low",-0.0334147729894347,9.54655642881364,-0.545612858772783,0.585567647805676,0.788454466622854,-5.85526017911659,FALSE
"P21589","High_vs_Low",0.0437408344474877,7.14229211972301,0.543306661115034,0.587196036102689,0.789905361886731,-5.80059845006949,FALSE
"Q15833","High_vs_Low",0.089544785242035,7.31282257428204,0.541138133996936,0.588675350013596,0.791153188303183,-5.80083754275437,FALSE
"B2RUZ4","High_vs_Low",-0.0478821069195092,8.67884396697463,-0.539561735849472,0.589767690551565,0.791324564014625,-5.80812597353987,FALSE
"P08185","High_vs_Low",0.0709326156476902,10.3912779281357,0.539006273673415,0.590114896687878,0.791324564014625,-5.85862956611958,FALSE
"P10619","High_vs_Low",0.0626352405381878,6.71525027244979,0.538178066534291,0.590757639356779,0.791324564014625,-5.7465435756013,FALSE
"P11766","High_vs_Low",0.0996735636289099,8.12211751441406,0.537807773663671,0.591010186931425,0.791324564014625,-5.7404571070202,FALSE
"P68871","High_vs_Low",-0.0865209240482656,17.5969805556518,-0.536616698070839,0.591763584653673,0.791594198128141,-5.85983820360958,FALSE
"Q15389","High_vs_Low",-0.0612382546565051,7.65306087929545,-0.532068201599983,0.594929387586005,0.794574306994895,-5.83780852830714,FALSE
"O95747","High_vs_Low",0.0508153055442833,8.25907564747251,0.531809685916484,0.595099585573582,0.794574306994895,-5.83427428730097,FALSE
"P62191","High_vs_Low",-0.0928472481124896,7.93346177587019,-0.529370501378414,0.596809951266098,0.796116716386591,-5.79894415256822,FALSE
"Q08188","High_vs_Low",-0.0684788979211906,8.39537095488453,-0.525656322774298,0.5993627796404,0.798779020450124,-5.8331208906308,FALSE
"O15204","High_vs_Low",0.0398022624872105,9.82548258624453,0.522167117340269,0.601777857806391,0.80008786546395,-5.86703255996478,FALSE
"P00918","High_vs_Low",0.0673848863664528,10.5221470444727,0.52084455684781,0.602698393421825,0.80008786546395,-5.86768114415234,FALSE
"P61604","High_vs_Low",-0.123451412147384,9.21194998999824,-0.520664545691406,0.602872757812509,0.80008786546395,-5.78470678788961,FALSE
"P17301","High_vs_Low",0.0311668787825727,8.38161107573599,0.520113478704769,0.603207346554765,0.80008786546395,-5.8680391192348,FALSE
"P01699","High_vs_Low",-0.0714661051690353,11.967219682985,-0.519790875751708,0.603432582450776,0.80008786546395,-5.8659081453842,FALSE
"P0DP23;P0DP24;P0DP25","High_vs_Low",0.0448490900987508,9.93610763390459,0.519417588710762,0.603692517735003,0.80008786546395,-5.86787623089892,FALSE
"P62081","High_vs_Low",0.0570414112243389,6.80621705629788,0.517092114378168,0.605361187052694,0.801558580086393,-5.75529087851829,FALSE
"P31949","High_vs_Low",0.0433051847638826,8.01627207286135,0.515832139229631,0.606198999493293,0.801927458739282,-5.85342336550086,FALSE
"P10809","High_vs_Low",-0.10866995264285,7.54035246871298,-0.511556903863464,0.609202828919626,0.805158393244925,-5.83280739573819,FALSE
"P05156","High_vs_Low",0.0786382587761114,11.9493637813815,0.508904742995654,0.611036430987034,0.806838160253597,-5.87346298036656,FALSE
"P61626","High_vs_Low",0.0335919713685104,10.634586255496,0.504812825568888,0.613905625437896,0.807549237654943,-5.87541376608534,FALSE
"P00742","High_vs_Low",-0.028036389982697,14.9697388277944,-0.504658966736908,0.614013629168869,0.807549237654943,-5.87548680634329,FALSE
"Q93098","High_vs_Low",0.0633889907403855,11.1780404816269,0.504281634350257,0.614312272593081,0.807549237654943,-5.78846205047723,FALSE
"P11234","High_vs_Low",-0.0378624262842688,9.05950106626888,-0.504152268328547,0.614371900020745,0.807549237654943,-5.87053569373962,FALSE
"P36383","High_vs_Low",-0.0658802077870551,10.2561117359282,-0.50417992265884,0.614390668257701,0.807549237654943,-5.8202616490901,FALSE
"P26447","High_vs_Low",0.0362208334234264,10.5680924648473,0.50331363902819,0.614958361588625,0.80755521109715,-5.87612451625803,FALSE
"P02788","High_vs_Low",-0.0736263676395321,6.75767284475764,-0.499645207257594,0.61760355208188,0.810097531214974,-5.72897471982065,FALSE
"P18827","High_vs_Low",-0.0555747129444786,12.3591477511565,-0.49872237057977,0.618188140923142,0.810097531214974,-5.87727389564154,FALSE
"Q14C86","High_vs_Low",-0.0523224833390481,7.70900925663224,-0.49817705183194,0.618589119023986,0.810097531214974,-5.84754729101608,FALSE
"P13489","High_vs_Low",0.0494513860053605,8.09638325482179,0.497030542326292,0.6194052484774,0.810426210142876,-5.83327899475262,FALSE
"P01861","High_vs_Low",0.085489151216267,13.9078465585059,0.495393785038161,0.620532988828875,0.811161628058895,-5.87984410501125,FALSE
"P50570","High_vs_Low",0.0428059122054565,6.64891025940526,0.49273270626528,0.62242797004519,0.811243856918088,-5.84753938403568,FALSE
"P01706","High_vs_Low",0.0836307262156968,11.4519305061422,0.492290830711517,0.622731926208768,0.811243856918088,-5.86304432599851,FALSE
"Q9UHG3","High_vs_Low",0.0378876652105209,10.7060245011171,0.492136036229341,0.622832294131457,0.811243856918088,-5.88135714472562,FALSE
"P02753","High_vs_Low",-0.051599931293957,12.7747526016715,-0.491743302843854,0.623109745967412,0.811243856918088,-5.88153886220842,FALSE
"P06703","High_vs_Low",0.0404645143825153,10.011124111507,0.489920483797255,0.624399418421244,0.811243856918088,-5.88082725771604,FALSE
"P01019","High_vs_Low",0.0364226220190069,15.2178975205923,0.489410062054899,0.62475920103753,0.811243856918088,-5.88261546301459,FALSE
"Q9NRW1","High_vs_Low",0.0694143347636835,8.81985862863838,0.48937361674057,0.624788352675222,0.811243856918088,-5.8770429068093,FALSE
"P29350","High_vs_Low",0.0525886800637965,7.77480673316975,0.488917070918547,0.625121661014286,0.811243856918088,-5.85168815415212,FALSE
"Q16851","High_vs_Low",0.0553916952567608,7.12294894272408,0.484995534430957,0.627910154012386,0.813876937086256,-5.83545312678967,FALSE
"Q14213","High_vs_Low",0.0437175627475535,7.49627399573449,0.484501750114754,0.628285752687926,0.813876937086256,-5.77695006362408,FALSE
"P15814","High_vs_Low",0.0926994089336972,10.0330395633622,0.483218339683636,0.629190007100901,0.814312698720841,-5.79801883852799,FALSE
"P00568","High_vs_Low",0.0540845728018997,8.66584946652486,0.479196969696549,0.632005751046593,0.817219339044918,-5.87637378078891,FALSE
"O75165","High_vs_Low",0.104996916272293,7.68892286768936,0.477760550489375,0.633076356764616,0.817708871595418,-5.7899239249197,FALSE
"P08237","High_vs_Low",0.0601219181160282,6.9133614578347,0.476853070303175,0.633726846805241,0.817708871595418,-5.78167477308235,FALSE
"Q12907","High_vs_Low",-0.0311506471502287,9.55118909226344,-0.475850352937541,0.634384170589315,0.817708871595418,-5.88535718848275,FALSE
"Q14847","High_vs_Low",-0.0385804815004906,9.05307350901004,-0.475453392689041,0.634665253895189,0.817708871595418,-5.88844413837264,FALSE
"Q14974","High_vs_Low",0.0451430812756968,7.23056982135458,0.472476850564176,0.636794080628011,0.819715180987943,-5.87213075553155,FALSE
"P61020","High_vs_Low",0.0448867808654709,7.14020056251985,0.470205171061279,0.638427257366507,0.821080436828315,-5.84309185317188,FALSE
"P01817","High_vs_Low",0.0793072682792992,8.7717380267817,0.468935152071048,0.639327914681648,0.821501997897386,-5.84843586642785,FALSE
"O95782","High_vs_Low",0.0519816914287281,6.49015417057715,0.466191837283331,0.641328535917023,0.823334933307978,-5.79459605891712,FALSE
"P19367","High_vs_Low",0.106099705610887,7.38817626764663,0.464627154869141,0.642465126297648,0.824056342675158,-5.75882689709701,FALSE
"P20851","High_vs_Low",-0.0459256522011966,9.78018038972022,-0.461961257146793,0.644305147834971,0.825073113488286,-5.89321410965055,FALSE
"Q5SZK8","High_vs_Low",-0.0467300460063305,6.97034743947488,-0.461490782536653,0.644643889604829,0.825073113488286,-5.89114119294105,FALSE
"P01732","High_vs_Low",-0.0606949615364547,7.59986492467815,-0.459780000050041,0.645906310856084,0.825073113488286,-5.813110453545,FALSE
"Q04721","High_vs_Low",-0.0476138655998932,8.05876730862537,-0.459431820944453,0.646159300299676,0.825073113488286,-5.82071616581973,FALSE
"Q00839","High_vs_Low",0.0392880827305966,7.64856353819501,0.458964302717438,0.646463124367214,0.825073113488286,-5.86814252426703,FALSE
"P19652","High_vs_Low",-0.0719681109730725,13.5828142760849,-0.457340996951598,0.647618374742901,0.825073113488286,-5.89689428565755,FALSE
"P02768","High_vs_Low",-0.082011350132797,15.6561956311407,-0.457114933056916,0.647780737333047,0.825073113488286,-5.89699151127961,FALSE
"Q7Z7M8","High_vs_Low",-0.030657038297571,8.63328369685988,-0.456669579323664,0.648100925489281,0.825073113488286,-5.89488568751551,FALSE
"Q96KN2","High_vs_Low",0.0385609236675588,12.2784305078378,0.456190648022414,0.648444654710952,0.825073113488286,-5.89738861020556,FALSE
"P28838","High_vs_Low",0.0655318761361805,6.70166423903937,0.455445936056366,0.64901148676066,0.825073113488286,-5.83753555233594,FALSE
"Q7LDG7","High_vs_Low",0.0688911503831058,6.57738088554402,0.45365248558972,0.650333104304199,0.825074569945446,-5.78418630846322,FALSE
"P04278","High_vs_Low",-0.0420612159793627,10.6846448954832,-0.453205493500035,0.650591117375137,0.825074569945446,-5.89866536767164,FALSE
"P29992","High_vs_Low",0.0432963740643606,7.59480127989819,0.452851194561228,0.650856965601958,0.825074569945446,-5.87905159366451,FALSE
"O15498","High_vs_Low",-0.0427742764732502,7.15612112879096,-0.452178293907702,0.651358685079489,0.825074569945446,-5.83941046325091,FALSE
"P04156","High_vs_Low",-0.0469303794616671,6.50761001043837,-0.451457324425718,0.651889461470146,0.825074569945446,-5.77831225469509,FALSE
"P21730","High_vs_Low",0.0415681845176845,7.50922201886311,0.44807333093355,0.654335530268166,0.826325083866917,-5.77288225140437,FALSE
"P11940","High_vs_Low",-0.0692833927232126,7.53737423059407,-0.447700459422263,0.654598999032865,0.826325083866917,-5.81631254376822,FALSE
"P34932","High_vs_Low",0.0376639575218896,7.11089333473866,0.446879782630738,0.655164065014929,0.826325083866917,-5.86185273895608,FALSE
"P24592","High_vs_Low",0.0360171074748958,10.0213335163932,0.44655880650362,0.655381184369676,0.826325083866917,-5.89917949913513,FALSE
"P61026","High_vs_Low",-0.0803517335365989,10.9767088507376,-0.446035422099783,0.655758678828836,0.826325083866917,-5.90169772828087,FALSE
"P53990","High_vs_Low",0.0797419400916963,7.96033673230537,0.444623880306487,0.656838084638669,0.826958571880466,-5.77978451724458,FALSE
"Q9BQS7","High_vs_Low",0.0427221210174267,8.94261782284318,0.439416259584844,0.660598146346397,0.830050293601124,-5.78692246636472,FALSE
"P62805","High_vs_Low",0.0404038469304435,12.7058038421808,0.438800939466044,0.660989281395238,0.830050293601124,-5.90470851558903,FALSE
"Q3ZCW2","High_vs_Low",0.079563609363551,7.57430063952983,0.438451802324627,0.661291879067006,0.830050293601124,-5.78723959040478,FALSE
"Q9UNM6","High_vs_Low",-0.0446642900460716,6.99369074192561,-0.438012770545207,0.661609125234368,0.830050293601124,-5.78146097863902,FALSE
"Q9HCB6","High_vs_Low",-0.0479155635550814,7.49179983344024,-0.434439727440391,0.664176253175304,0.831690871242689,-5.82430505087674,FALSE
"Q5QJ74","High_vs_Low",0.0716287313710051,8.65474622595576,0.433976215392027,0.664532752959829,0.831690871242689,-5.75874521057283,FALSE
"P04196","High_vs_Low",-0.0322741121011028,16.7009519853475,-0.433742271070257,0.664656721369681,0.831690871242689,-5.90678451044339,FALSE
"Q13526","High_vs_Low",0.0530868953380939,8.46190856527412,0.4327499738488,0.665420966392266,0.831794003562855,-5.79332696835784,FALSE
"P06727","High_vs_Low",0.0274799195652538,16.0176127620653,0.428425543517557,0.668519944332874,0.831794003562855,-5.90894048356202,FALSE
"Q7L9L4","High_vs_Low",0.0512235918516035,7.1451140480673,0.427892721299214,0.668965728862475,0.831794003562855,-5.77806692214426,FALSE
"O15511","High_vs_Low",0.0523300967302749,8.33156944923906,0.425619192038786,0.670571321918788,0.831794003562855,-5.88982180405996,FALSE
"P05997","High_vs_Low",-0.043067685411196,7.77842134923369,-0.425556786847116,0.670638206680555,0.831794003562855,-5.81455584113428,FALSE
"P62834","High_vs_Low",-0.0327970500673835,8.95757561415537,-0.424759922263279,0.671209666334502,0.831794003562855,-5.85099968895823,FALSE
"P00352","High_vs_Low",0.0568004025680624,7.66074663886934,0.424274052990693,0.671555563399765,0.831794003562855,-5.88887514158232,FALSE
"P30740","High_vs_Low",0.0611913470733008,7.83133045779048,0.423742006114752,0.671938707686947,0.831794003562855,-5.88962304571701,FALSE
"P02656","High_vs_Low",-0.0420528367749089,15.5485135159731,-0.422842552882516,0.672586134470588,0.831794003562855,-5.91117582849818,FALSE
"Q13247","High_vs_Low",0.0354512850382571,7.84354211258682,0.422530543639496,0.672873399838058,0.831794003562855,-5.78850308035553,FALSE
"O43707","High_vs_Low",-0.0422564221071022,6.99714724139232,-0.421576041040354,0.673515868785524,0.831794003562855,-5.89995774029567,FALSE
"P11717","High_vs_Low",0.0396055419916879,6.38873920608986,0.42115932072784,0.673869291050439,0.831794003562855,-5.78484443621818,FALSE
"P60891","High_vs_Low",-0.0378743912015356,8.4712783370829,-0.420614113583708,0.674213204799323,0.831794003562855,-5.90998383169293,FALSE
"Q9H0U4","High_vs_Low",0.035694725808419,9.11441954027478,0.420411273726068,0.674359892560604,0.831794003562855,-5.91214011807515,FALSE
"P42566","High_vs_Low",0.058282698210788,6.87128101687828,0.419712611322479,0.674902992526372,0.831794003562855,-5.83713619658041,FALSE
"P68431","High_vs_Low",0.0380663140745892,10.8919319589868,0.419461674312887,0.675053173855407,0.831794003562855,-5.91251523756173,FALSE
"P15153","High_vs_Low",0.0302707367085464,10.4905117800854,0.419430563719081,0.675076569473326,0.831794003562855,-5.90968112369263,FALSE
"P63208","High_vs_Low",0.045102620402413,7.66582881557156,0.419350273920123,0.675180069837631,0.831794003562855,-5.81890597582221,FALSE
"P50990","High_vs_Low",-0.0720983944818645,8.24469064458302,-0.417072585561676,0.676800739077305,0.833074901147516,-5.90895598232747,FALSE
"P20339","High_vs_Low",-0.0287032314586515,9.2138014869035,-0.414769712757723,0.678483389793088,0.834429829299561,-5.9133072443268,FALSE
"P01889","High_vs_Low",-0.0327163321555659,9.17314301611997,-0.413367421429587,0.679509680963279,0.834909612853856,-5.91385338369044,FALSE
"Q9NP55","High_vs_Low",0.075311907662055,7.97016217942176,0.412697201443658,0.680037955239403,0.834909612853856,-5.79340506976579,FALSE
"A0A075B6H9","High_vs_Low",0.0723346588597966,10.7326796179892,0.408325094095919,0.683208018209839,0.838084087350649,-5.90641176412351,FALSE
"P04180","High_vs_Low",-0.0292302957207049,11.9030324494469,-0.405059684354851,0.685601359218463,0.839594011538448,-5.91810052667733,FALSE
"Q96P70","High_vs_Low",-0.0494227201752189,6.93226928643424,-0.405129665138557,0.68560989366215,0.839594011538448,-5.74088395099213,FALSE
"P35813","High_vs_Low",-0.0434167040883988,6.70302114116665,-0.399822916018,0.689489017175957,0.843060641776093,-5.83722753288091,FALSE
"P10643","High_vs_Low",0.0494963725404496,12.1288698966017,0.39959984179704,0.689616550072076,0.843060641776093,-5.92016689246209,FALSE
"P04439","High_vs_Low",0.0261111787280104,10.2968607255817,0.397378719528501,0.691252378870769,0.844340639949475,-5.92099958377587,FALSE
"P51665","High_vs_Low",-0.0485389827902463,6.90163526318302,-0.395410904554113,0.692768482301142,0.84517924663163,-5.75606357018499,FALSE
"P46940","High_vs_Low",-0.0547601185575974,9.76850533584938,-0.394447341574608,0.693413700955612,0.84517924663163,-5.92209129955773,FALSE
"Q96M27","High_vs_Low",-0.0267405995614647,6.84677317939397,-0.393455680668784,0.694176846901996,0.84517924663163,-5.86890317772388,FALSE
"P27482","High_vs_Low",0.0299673679708885,10.657679949842,0.393251290316888,0.69429648014788,0.84517924663163,-5.92198852208499,FALSE
"A0A0B4J1Y9","High_vs_Low",-0.0541513155888591,12.0393901877994,-0.387992310369508,0.698181665016915,0.849048926334929,-5.9244669683697,FALSE
"Q96P67","High_vs_Low",0.0605153919063053,10.1269537983512,0.386285536165552,0.699492556666822,0.849048926334929,-5.7911388124768,FALSE
"O95498","High_vs_Low",0.038634492230071,7.68046803279759,0.385917979377169,0.699747184787091,0.849048926334929,-5.83693194073254,FALSE
"P08758","High_vs_Low",0.0390640117349754,7.7826976549088,0.385753235663598,0.699843675681929,0.849048926334929,-5.90485482841938,FALSE
"P04792","High_vs_Low",-0.0317449218501036,9.03193965049125,-0.382180420118971,0.702487224214188,0.851352169945696,-5.92272326788718,FALSE
"Q7Z6Z7","High_vs_Low",-0.035634510061147,7.22559910719059,-0.381585021791342,0.702929546175526,0.851352169945696,-5.91840119747722,FALSE
"Q96MY7","High_vs_Low",0.0497278998446689,13.2009393929342,0.375219874125848,0.707655360579407,0.855929027673661,-5.91718604447599,FALSE
"P01714","High_vs_Low",0.0593310569962764,9.78859506219853,0.374886424729785,0.707902250223823,0.855929027673661,-5.92062709274873,FALSE
"P02042","High_vs_Low",0.0574302931908974,13.3152568997381,0.372913439840822,0.709365936798548,0.856976203343823,-5.92986386063651,FALSE
"Q15691","High_vs_Low",0.0542113873372312,7.4647646571383,0.371484111729434,0.710461149703227,0.857515938358422,-5.85963851352081,FALSE
"P08603","High_vs_Low",0.054351736668572,12.5055715260178,0.370705873504537,0.711008682502206,0.857515938358422,-5.9306360331613,FALSE
"P53621","High_vs_Low",-0.0714789533664559,6.74290899229189,-0.36926420933233,0.712124632892673,0.858140103838734,-5.80835623471087,FALSE
"P31327","High_vs_Low",0.050601619192153,7.30390295696815,0.367585957916796,0.713346327983525,0.858295552684653,-5.89494961295367,FALSE
"Q01469","High_vs_Low",-0.0415019917946893,9.1148334773119,-0.366635496838624,0.714043142371181,0.858295552684653,-5.92081627299006,FALSE
"Q13576","High_vs_Low",-0.115095533960023,11.2222113748543,-0.366056304878869,0.714474492533806,0.858295552684653,-5.92792932641866,FALSE
"O00533","High_vs_Low",-0.0268534111496557,9.05712919901226,-0.365821902145699,0.71464776144036,0.858295552684653,-5.93232814317712,FALSE
"Q12841","High_vs_Low",-0.0315341152108228,8.84433543801241,-0.364606187470821,0.715556091459693,0.858667309751632,-5.92455915247014,FALSE
"P68371","High_vs_Low",0.0356303636488935,10.4344693288433,0.362549716508449,0.717089589192559,0.859703403963862,-5.93344924620266,FALSE
"P22626","High_vs_Low",0.0567091670332802,7.52535275123099,0.361414320667372,0.717966753814122,0.859703403963862,-5.83974269514437,FALSE
"P59768","High_vs_Low",-0.0288062212761142,7.93259442071188,-0.359812531193727,0.719154102540852,0.859703403963862,-5.86347469791583,FALSE
"P05160","High_vs_Low",0.0431824087633501,10.936170347324,0.359591268308392,0.719300105234811,0.859703403963862,-5.93430396339288,FALSE
"Q9UQ53","High_vs_Low",-0.026783969778359,7.23577307929083,-0.359446918365995,0.719417074446747,0.859703403963862,-5.91091241961012,FALSE
"P02763","High_vs_Low",0.075342966559667,12.0910983680691,0.358463164991675,0.720143273063841,0.859854665756492,-5.93483517326383,FALSE
"O43852","High_vs_Low",0.0348229224357635,11.8217116946865,0.354892505704698,0.722814994212768,0.862326706906081,-5.93603338373059,FALSE
"P23141","High_vs_Low",0.0298329087846261,6.39298505720823,0.351794672238733,0.72514062105159,0.864382086939302,-5.91020677891606,FALSE
"Q96MF2","High_vs_Low",-0.0435397568285598,12.4265144029937,-0.349568368737313,0.726805488389465,0.865647068397419,-5.93729015653552,FALSE
"A0A087WSY6","High_vs_Low",0.0570867338944634,11.7799661557748,0.34592273230069,0.729589624685042,0.867990898016141,-5.79617752222759,FALSE
"P08571","High_vs_Low",0.0228223782762687,12.3914008225993,0.34520798100817,0.730078564262183,0.867990898016141,-5.93922273424393,FALSE
"P29122","High_vs_Low",-0.0363947833128915,8.92984195748536,-0.344094217774556,0.73091909573538,0.867990898016141,-5.93534597401822,FALSE
"P04899","High_vs_Low",-0.0238338885650009,8.58945578395016,-0.343723271208595,0.731194564019176,0.867990898016141,-5.93919630898134,FALSE
"O75351","High_vs_Low",0.0301299258486996,7.08694006995405,0.337175168207116,0.736148429602645,0.873148757692467,-5.87297339404048,FALSE
"P55160","High_vs_Low",0.039299921174532,6.80536106231383,0.336286558020973,0.736818267702714,0.873220988335283,-5.86213008736141,FALSE
"Q8IXL6","High_vs_Low",-0.036941299031148,8.12515520906073,-0.332184875963328,0.739890713243634,0.875621241795921,-5.91347251799501,FALSE
"P11215","High_vs_Low",0.0202778283739047,8.2130536498583,0.331945846924791,0.740064815241741,0.875621241795921,-5.94344719559123,FALSE
"P36915","High_vs_Low",-0.0438747932572703,6.79295100983063,-0.330637792724345,0.741101541605348,0.876124988179777,-5.78371070177494,FALSE
"Q01973","High_vs_Low",0.0519286149002678,9.24319277376567,0.327226758068448,0.743660105745543,0.878425528533039,-5.83086847911464,FALSE
"Q14554","High_vs_Low",-0.0456925282794192,7.83114015995452,-0.324584132262908,0.74564204854896,0.879577531893232,-5.90315974685723,FALSE
"Q9BX67","High_vs_Low",0.0565264102041176,8.85765672625018,0.324002362054162,0.746090827198629,0.879577531893232,-5.84619562888754,FALSE
"Q6ZMY3","High_vs_Low",-0.0252268248364675,13.2832722684218,-0.323184096396744,0.746701272147356,0.879577531893232,-5.88897028863369,FALSE
"Q9NP72","High_vs_Low",0.0335151084130736,6.76651547250315,0.32271371687197,0.747088866001364,0.879577531893232,-5.8098814832729,FALSE
"P48960","High_vs_Low",-0.0251177323962137,7.64962455802645,-0.321130911441804,0.748243395908643,0.880214134317469,-5.93484993287901,FALSE
"Q9BQE5","High_vs_Low",-0.0314860318783357,11.0337868550409,-0.320330837496373,0.748858273248667,0.880215380195565,-5.90856597327588,FALSE
"P08637","High_vs_Low",0.0274738248101247,8.73017813307325,0.318129365162908,0.750515901438418,0.880842021793004,-5.94672115155396,FALSE
"P55209","High_vs_Low",-0.0294585552363049,10.1191120764355,-0.317992167443271,0.750619909784554,0.880842021793004,-5.94665999600767,FALSE
"P30153","High_vs_Low",0.0284003459591435,7.80990363272113,0.317159831511762,0.751254328061853,0.880865663483808,-5.93336416087208,FALSE
"Q9NPY3","High_vs_Low",-0.0262709689198619,9.73964466757083,-0.316192246545937,0.751984585106787,0.881001548237853,-5.94774223247519,FALSE
"Q15435","High_vs_Low",0.0285649414887414,6.6155162621896,0.314742222327777,0.753110236265202,0.881301709986944,-5.86005015817626,FALSE
"P25786","High_vs_Low",0.025541574164075,8.69759848390538,0.314237654598006,0.753469941732213,0.881301709986944,-5.94114716184364,FALSE
"P58335","High_vs_Low",0.0258733319681301,9.10077221534471,0.313147505663026,0.75429501394368,0.881547718007529,-5.94915175485883,FALSE
"Q9Y2V2","High_vs_Low",-0.0327182400998112,8.03328354571219,-0.31157563884011,0.755500777766466,0.882237878922729,-5.89738916903758,FALSE
"A0M8Q6","High_vs_Low",0.0432577636281444,15.2876165228595,0.309736278623887,0.756888719272666,0.883083208142774,-5.94614079208299,FALSE
"P01703","High_vs_Low",0.040703787555131,10.631217429514,0.308988952608504,0.757456308239618,0.883083208142774,-5.94403854797256,FALSE
"Q99895","High_vs_Low",-0.0326344131335681,9.24920095051167,-0.307958115439577,0.758279253588496,0.883324491995048,-5.81400054882138,FALSE
"O75531","High_vs_Low",0.0295910455349668,7.2252378302316,0.306139691260531,0.759641631936055,0.88419326314635,-5.87428747966863,FALSE
"Q96JI7","High_vs_Low",-0.0342329152678555,10.5983567436482,-0.302858564745859,0.762122739753593,0.886361726526077,-5.93673752270776,FALSE
"P07437","High_vs_Low",0.0296070857230788,10.2569698812098,0.301507579825313,0.763149063317543,0.886836107615362,-5.95200902994,FALSE
"Q9ULF5","High_vs_Low",0.0587879564178753,9.86237162283304,0.298682868954572,0.765312589601389,0.888200684970358,-5.90601023267422,FALSE
"P0DOY2;P0DOY3","High_vs_Low",0.0451326190556642,16.763285694319,0.297761274542579,0.766013346788578,0.888200684970358,-5.90868298597828,FALSE
"P60903","High_vs_Low",-0.0273372396254832,8.08395244250294,-0.297560101223135,0.766181483478614,0.888200684970358,-5.86105417383768,FALSE
"P08514","High_vs_Low",0.0250427211074751,12.1657688205892,0.294047093474972,0.768840052208635,0.889858282450812,-5.95460758975202,FALSE
"Q3B726","High_vs_Low",-0.0616575365116727,13.7787417689152,-0.294052054775885,0.76885244906315,0.889858282450812,-5.89636937555834,FALSE
"Q04695","High_vs_Low",0.0527151696903871,9.3687691539702,0.291668813481968,0.77066004934224,0.891231057061913,-5.93421054548175,FALSE
"P02766","High_vs_Low",-0.0186756484213539,13.3621530420006,-0.290315280336749,0.771691578067235,0.891704853302509,-5.95563347517236,FALSE
"P45974","High_vs_Low",0.0300052427269097,8.18500084255265,0.289105227969271,0.772619150935954,0.892057860259387,-5.94718693979868,FALSE
"A0A075B6I0","High_vs_Low",0.0616625223117264,12.1154244717518,0.287426405340542,0.773913281599482,0.892577658610288,-5.90337329969552,FALSE
"P04211","High_vs_Low",0.0382031676571977,11.8087781470071,0.284660400212157,0.776019155650016,0.892577658610288,-5.95528499689593,FALSE
"P09960","High_vs_Low",-0.0383367994417272,7.8663145966725,-0.284198900539055,0.77637603279792,0.892577658610288,-5.93854537021363,FALSE
"P01876","High_vs_Low",-0.0355123232655927,15.97423772424,-0.283596658219369,0.776833199106627,0.892577658610288,-5.9574473893844,FALSE
"Q96DA0","High_vs_Low",-0.0279629198481235,8.43216797734567,-0.283157249348807,0.777172915582695,0.892577658610288,-5.9364731041718,FALSE
"Q12805","High_vs_Low",-0.0228177985353657,11.144849913657,-0.281994869051401,0.778060404670652,0.892577658610288,-5.95787361981981,FALSE
"O75558","High_vs_Low",0.0413386218689231,6.5135484753396,0.281547968110747,0.778436019990512,0.892577658610288,-5.86062944247921,FALSE
"Q6IAA8","High_vs_Low",-0.0226795628355934,7.1328940105148,-0.281402010875272,0.778531290505479,0.892577658610288,-5.89036858554759,FALSE
"Q9NPH3","High_vs_Low",0.0323603715501672,8.47524100858225,0.281018182707854,0.77881213104807,0.892577658610288,-5.93988656473051,FALSE
"Q16401","High_vs_Low",0.0293770485943439,6.83171170445392,0.279947644560245,0.779645044227117,0.892577658610288,-5.88246695848656,FALSE
"A0A0G2JS06","High_vs_Low",-0.0603441444289192,10.5792337834465,-0.27928253490843,0.780153743374468,0.892577658610288,-5.87935636376964,FALSE
"P39687","High_vs_Low",-0.0225251567792242,9.45918986625023,-0.278766619270761,0.780538621964645,0.892577658610288,-5.94505837090049,FALSE
"Q8NDA2","High_vs_Low",-0.0303691399579709,6.0251300952881,-0.277265876474319,0.781712545647802,0.893207801162508,-5.83536383513762,FALSE
"P04921","High_vs_Low",0.0302110986390147,8.78690560757713,0.275772602463272,0.782854754897954,0.893266365045721,-5.86727998603156,FALSE
"P28289","High_vs_Low",0.0483940927603621,7.61359488843769,0.273888351183308,0.784318372819158,0.893266365045721,-5.80964539894794,FALSE
"P13667","High_vs_Low",-0.0201064956275809,7.94977799266388,-0.273449185124605,0.784618331434559,0.893266365045721,-5.95399465041666,FALSE
"P10599","High_vs_Low",-0.0258572689542067,9.24802108670995,-0.273121239173793,0.784869619945466,0.893266365045721,-5.95937427428472,FALSE
"O43681","High_vs_Low",-0.0339308996475181,7.43949085083039,-0.270448997636618,0.786942978055268,0.893266365045721,-5.85871109159916,FALSE
"P04070","High_vs_Low",0.0171536525354288,14.3454854189027,0.270353853470348,0.786996036886297,0.893266365045721,-5.9608985059806,FALSE
"P14780","High_vs_Low",0.0286754518219059,8.22387587960103,0.270310762885053,0.787029797008534,0.893266365045721,-5.96009807260293,FALSE
"P61158","High_vs_Low",0.0273678174692149,7.75482204374843,0.270000196571789,0.787270955011179,0.893266365045721,-5.94704764759557,FALSE
"Q14204","High_vs_Low",-0.0581280337717143,7.15802461555512,-0.26971031317403,0.787509792346923,0.893266365045721,-5.89350498612246,FALSE
"P50502","High_vs_Low",0.0161963142295924,9.67872511215663,0.269057900456282,0.787992992875061,0.893266365045721,-5.96020266421245,FALSE
"P02654","High_vs_Low",-0.0159889970373435,17.2136198477209,-0.266472921084205,0.789981364036593,0.894023715546901,-5.9618786250791,FALSE
"P27105","High_vs_Low",0.0381953885581705,9.51084867579217,0.26483302353915,0.791244010317687,0.894023715546901,-5.95997173487265,FALSE
"P01009","High_vs_Low",0.0234162116825374,15.0979320089388,0.264404903052832,0.791573410693887,0.894023715546901,-5.96239511152755,FALSE
"Q9UBX1","High_vs_Low",0.0188337811719101,7.94291786844761,0.264308733705222,0.791649548377374,0.894023715546901,-5.95201459305215,FALSE
"Q13442","High_vs_Low",-0.0220583626987558,7.89932350126155,-0.264171246838016,0.791778325484355,0.894023715546901,-5.86322959712795,FALSE
"P15169","High_vs_Low",0.0308756152809249,11.7430695601049,0.262943132506754,0.792699287841719,0.894359385338335,-5.96275775058767,FALSE
"P09486","High_vs_Low",0.0275470064430685,10.5278192643991,0.261321172768202,0.793949013350741,0.894969501371484,-5.96315779992994,FALSE
"Q96QR1","High_vs_Low",0.0315554184401883,10.4684976803598,0.260520394823072,0.794572191418493,0.894969501371484,-5.93557022878464,FALSE
"P62906","High_vs_Low",0.028075919868197,7.18061857573655,0.259018231422479,0.79576051907159,0.894969501371484,-5.81286010917785,FALSE
"Q5T4S7","High_vs_Low",0.0238664796790697,7.15555367405118,0.258317734060381,0.796268108107466,0.894969501371484,-5.94684174159737,FALSE
"P11277","High_vs_Low",-0.051051532232858,10.0512408663454,-0.256682274723139,0.797526322148779,0.894969501371484,-5.96428824565369,FALSE
"P17844","High_vs_Low",0.047698285922305,11.6795023330539,0.255932690149392,0.798111274022799,0.894969501371484,-5.91738212945012,FALSE
"Q08495","High_vs_Low",0.0368697606379307,8.90059799864565,0.255850955766882,0.798173906470846,0.894969501371484,-5.93577341760904,FALSE
"P0DOX5","High_vs_Low",-0.0369465166509588,9.32922772740593,-0.255756301183963,0.798271072165399,0.894969501371484,-5.85049709208255,FALSE
"Q9NZP8","High_vs_Low",0.0229608226555325,10.034222050021,0.254244755320462,0.799407667109491,0.894969501371484,-5.96487417121992,FALSE
"P07360","High_vs_Low",-0.0224885078997001,11.68260461295,-0.254149616466758,0.799481123610091,0.894969501371484,-5.96489692606501,FALSE
"O75822","High_vs_Low",0.0220859927552803,7.5981027883264,0.245507064026552,0.806176903223613,0.901761060236085,-5.88878496414911,FALSE
"P01034","High_vs_Low",0.0200805465551603,11.1541806256428,0.242895248109527,0.808182979689328,0.902414072208432,-5.967528614485,FALSE
"Q9BTT0","High_vs_Low",0.0217638645693548,7.27213762046215,0.242683309638557,0.8083626844598,0.902414072208432,-5.89044431042007,FALSE
"P23280","High_vs_Low",0.0249029069985145,7.37056267845912,0.242048593291293,0.808864582292162,0.902414072208432,-5.84821348382004,FALSE
"Q9UBV8","High_vs_Low",-0.0185807812982404,6.69305804409717,-0.241509261777095,0.80927789181314,0.902414072208432,-5.87471183201114,FALSE
"P08519","High_vs_Low",0.0333910170007101,16.0657498224248,0.240240767722445,0.810238981815348,0.902783760624094,-5.96813194036574,FALSE
"P49913","High_vs_Low",-0.020447430769396,10.6779642020573,-0.23925183618866,0.811005222258089,0.90293593844573,-5.9683550497686,FALSE
"Q6UXH0","High_vs_Low",-0.0199585272404885,9.0788674363339,-0.237825467643397,0.812112078259292,0.90346681165541,-5.96280571568031,FALSE
"Q14766","High_vs_Low",0.028753696083168,12.4054943934401,0.235035292702204,0.814274542256048,0.904937905566039,-5.96929587658927,FALSE
"Q96QA5","High_vs_Low",-0.0321365286515647,7.18420028362769,-0.234408211145376,0.814792862736694,0.904937905566039,-5.77522557426355,FALSE
"O60610","High_vs_Low",0.0317700466981661,7.53087841451127,0.233691094993449,0.815327596925609,0.904937905566039,-5.93441775646501,FALSE
"P08727","High_vs_Low",-0.03585562590618,8.63318867934495,-0.230627027198664,0.817705951753668,0.906875742316133,-5.91281531805205,FALSE
"P23634","High_vs_Low",-0.0173448440332891,7.15846458524255,-0.224469324736849,0.82248523279701,0.911471270348464,-5.95251179754151,FALSE
"Q96KP4","High_vs_Low",0.031409143894769,7.28421600531451,0.222253655510875,0.824211910526099,0.912056635061623,-5.92871718882905,FALSE
"P19013","High_vs_Low",0.0292926626365979,13.0111766335587,0.221199529054981,0.825024711724294,0.912056635061623,-5.971860458637,FALSE
"P69891","High_vs_Low",-0.037922644966649,17.4844749978714,-0.220293797093693,0.825729442850979,0.912056635061623,-5.97245374421786,FALSE
"P62879","High_vs_Low",-0.0145118444672931,10.1970008578685,-0.219932454975812,0.826010660441401,0.912056635061623,-5.97252860345881,FALSE
"P02774","High_vs_Low",0.033273876743019,13.6441943480303,0.218699370443177,0.826970673753307,0.912056635061623,-5.97278304486917,FALSE
"O43491","High_vs_Low",0.023565216202809,7.33924817409051,0.218551383453795,0.827096989828982,0.912056635061623,-5.91780615640891,FALSE
"P22792","High_vs_Low",0.0201283223584614,13.3465695236186,0.21806370273037,0.827465608239311,0.912056635061623,-5.97291368448441,FALSE
"P15151","High_vs_Low",-0.0190168212451169,8.27262321383426,-0.215473632775902,0.829485326965899,0.912715100827838,-5.94536894899457,FALSE
"Q96PD5","High_vs_Low",-0.0159310135873429,12.8901485242291,-0.215076938649708,0.82979223413121,0.912715100827838,-5.97352232504169,FALSE
"P48507","High_vs_Low",0.0206518291721798,7.65183463936427,0.214140010733557,0.830541189492096,0.912715100827838,-5.89350998892433,FALSE
"P48723","High_vs_Low",-0.0245150399540597,6.85652145979956,-0.213527964546159,0.83102223939515,0.912715100827838,-5.85391443393961,FALSE
"P01024","High_vs_Low",0.0201414935309128,12.9009278435618,0.213212423396361,0.831245412608896,0.912715100827838,-5.97389801985092,FALSE
"P84095","High_vs_Low",-0.0163548440335797,7.80379239518911,-0.212253352343893,0.831996148729355,0.912840456983852,-5.95494189836698,FALSE
"P25311","High_vs_Low",0.0239303069294259,9.79371882797587,0.204954086728847,0.837688758704216,0.918382478592129,-5.97552272265708,FALSE
"P40189","High_vs_Low",0.0189209099444767,7.26414436850332,0.20336592648385,0.838934241230649,0.918382478592129,-5.93933184223685,FALSE
"Q9UPN7","High_vs_Low",-0.019495720049715,6.73383209947084,-0.202141874217295,0.839901753060301,0.918382478592129,-5.89154915821378,FALSE
"Q13177","High_vs_Low",0.0166689402348696,7.05104930275156,0.201965205652741,0.840031224277477,0.918382478592129,-5.92587852554371,FALSE
"O14602;P47813","High_vs_Low",0.0263584231345702,7.69227272301334,0.20168397883432,0.840249520162394,0.918382478592129,-5.9296024408063,FALSE
"Q9NR34","High_vs_Low",-0.0261255918409322,9.67040145693168,-0.200629914774765,0.841074896252159,0.918584463995123,-5.92530175465697,FALSE
"P02776","High_vs_Low",-0.0295700968486425,13.9398827670519,-0.198425628871151,0.842790337288283,0.918799113453555,-5.97444061093913,FALSE
"P05452","High_vs_Low",0.0157377886775336,12.5544872687717,0.198348414206889,0.842850524137213,0.918799113453555,-5.97677611440979,FALSE
"Q9UQ80","High_vs_Low",0.0245301158663622,7.94987682075375,0.197914542131838,0.843193607604518,0.918799113453555,-5.95259074907344,FALSE
"P00739","High_vs_Low",0.0166012563828009,14.0365180084995,0.195142978633793,0.845357760225954,0.920457880154911,-5.97736953229425,FALSE
"Q9H173","High_vs_Low",0.0154871705224737,7.05909162317328,0.193705420962694,0.846488070312138,0.920536921831207,-5.94212374660571,FALSE
"P02786","High_vs_Low",0.019705299540238,11.1264043978533,0.192983437382365,0.847047803590134,0.920536921831207,-5.97776387515636,FALSE
"Q96CW1","High_vs_Low",-0.0167237478407589,7.05734494040674,-0.192188275834134,0.847681334720529,0.920536921831207,-5.92272567790653,FALSE
"P08697","High_vs_Low",0.0145944640955129,14.368168086784,0.191769544524344,0.847998098841719,0.920536921831207,-5.97798361166038,FALSE
"P35442","High_vs_Low",0.0176505751196263,13.7623895334493,0.184243898901555,0.853894440156378,0.926236480472198,-5.9793149500843,FALSE
"P23588","High_vs_Low",0.0448414770744279,8.84751122771903,0.182258934238625,0.855475396526767,0.926810775869443,-5.83315029740974,FALSE
"P04350","High_vs_Low",0.0185998195850932,9.35411390521202,0.181928331121157,0.855716504359235,0.926810775869443,-5.93013248833605,FALSE
"P02748","High_vs_Low",0.0112768182215603,15.2948779370257,0.180047789306302,0.857185670813752,0.927049043916012,-5.9800341329949,FALSE
"Q5JWF2","High_vs_Low",-0.0182414474804053,6.90651742499717,-0.179929997556986,0.857291606305303,0.927049043916012,-5.9250505575139,FALSE
"P30043","High_vs_Low",0.0233734328086772,9.79760807495505,0.179168203609463,0.857875928365794,0.927049043916012,-5.98018277350055,FALSE
"O14656","High_vs_Low",-0.0156987129552437,6.41915654364299,-0.177444080103261,0.859245646612384,0.927830012983554,-5.87998323092603,FALSE
"O00161","High_vs_Low",-0.0230413816204722,7.28095800182553,-0.174016436893644,0.861941361626645,0.929675255931487,-5.85420358231919,FALSE
"P26641","High_vs_Low",0.0237180886781276,7.3601558499732,0.173083760227106,0.862658975779487,0.929675255931487,-5.94340726846069,FALSE
"Q92930","High_vs_Low",-0.0137217723317358,6.98348141094424,-0.172563094491599,0.863075403553243,0.929675255931487,-5.91029244541278,FALSE
"P35611","High_vs_Low",0.0273420487775509,7.98705346927674,0.170432079694068,0.864743495419295,0.929675255931487,-5.93828511681914,FALSE
"P47929","High_vs_Low",-0.0284536540510949,8.1738874006351,-0.169769716088409,0.865269946372485,0.929675255931487,-5.86711253085403,FALSE
"P06331","High_vs_Low",0.0239057438660453,11.6283408392516,0.169583891354404,0.865404083978721,0.929675255931487,-5.97786076831175,FALSE
"O60664","High_vs_Low",-0.0137229160495762,7.27721449555363,-0.16947285804907,0.865492654580568,0.929675255931487,-5.97000517987187,FALSE
"Q9UNW1","High_vs_Low",0.0111397481069204,10.2821792456045,0.167773003611526,0.866827534924793,0.930412189432749,-5.98204283410259,FALSE
"P58166","High_vs_Low",-0.0117315343049,8.75332005045566,-0.165930029612525,0.868277073994244,0.931270997836758,-5.98182193247435,FALSE
"Q06830","High_vs_Low",0.0177093725398318,11.368620204748,0.163403511526045,0.870264657564433,0.932705171111656,-5.98272366443785,FALSE
"A0A0B4J1V0","High_vs_Low",0.0243198883502451,10.0373370859778,0.162095466318615,0.871296130194323,0.933113256683091,-5.96071421912715,FALSE
"Q04637","High_vs_Low",-0.016448590650513,6.31941183439767,-0.160568898159222,0.872511751861793,0.933271982950137,-5.86151453240221,FALSE
"P35268","High_vs_Low",0.0147966488520348,7.9674119574136,0.160269445694119,0.87274597568768,0.933271982950137,-5.87862033309795,FALSE
"P29279","High_vs_Low",-0.0189294489108747,8.31035715758551,-0.158863673250343,0.87385219512749,0.933758604927587,-5.90321645037143,FALSE
"P26927","High_vs_Low",0.0244402383966573,8.47888431064865,0.157914029223993,0.87458776254688,0.933848735288329,-5.9706747213172,FALSE
"P19827","High_vs_Low",-0.00970176237115794,19.8192793581199,-0.152825492036954,0.8785955806065,0.937178253691941,-5.98429749005047,FALSE
"P62979","High_vs_Low",-0.0103290926342474,11.4086548311484,-0.152295845982254,0.879013076161548,0.937178253691941,-5.98437352450449,FALSE
"P13671","High_vs_Low",0.0156731601103441,12.9137740337799,0.150448081916248,0.880469846790177,0.937845049450477,-5.98463671753831,FALSE
"P06312","High_vs_Low",0.0211803118966785,12.051870580677,0.148913323516211,0.881680181826231,0.937845049450477,-5.98485287451383,FALSE
"P0DOX8","High_vs_Low",0.0169514800955746,16.393142635804,0.147820710429733,0.8825419827292,0.937845049450477,-5.98500541579606,FALSE
"Q9C075","High_vs_Low",-0.0183714456303106,7.29183948485243,-0.147050364637298,0.883156349064865,0.937845049450477,-5.90861641212171,FALSE
"Q13214","High_vs_Low",-0.0120935195462923,7.88483839867412,-0.146323208504768,0.88372986629641,0.937845049450477,-5.91398131878476,FALSE
"Q9UK55","High_vs_Low",-0.0107766469088393,13.0558875966734,-0.144908134699809,0.884839934242953,0.937845049450477,-5.98540656583669,FALSE
"P69905","High_vs_Low",-0.0239034739800665,17.1539622560751,-0.144141607534512,0.885444902596866,0.937845049450477,-5.98551080154942,FALSE
"Q01082","High_vs_Low",-0.0275018244374721,8.16532998531722,-0.143287473064166,0.886122146778535,0.937845049450477,-5.95937348098815,FALSE
"P25705","High_vs_Low",-0.0275497052692142,7.67575268420626,-0.143265628931963,0.886143516072665,0.937845049450477,-5.9313848114379,FALSE
"Q6X4W1","High_vs_Low",-0.0226825806576159,10.9332791969657,-0.143225863795199,0.886178550910318,0.937845049450477,-5.91707157780535,FALSE
"Q96J42","High_vs_Low",-0.0100328277719459,10.0051238079088,-0.137391767263789,0.890774681857074,0.942013933468321,-5.98640489513521,FALSE
"P33151","High_vs_Low",-0.00825920799004187,12.0074542864554,-0.136003874318368,0.891871211342483,0.942478494521091,-5.98658342207384,FALSE
"P29622","High_vs_Low",0.0103982760293437,13.2478386974416,0.134448805352304,0.893100067483407,0.943082103660681,-5.9867813000695,FALSE
"Q9NZN3","High_vs_Low",0.0121068493014072,8.96236511258269,0.132970343313819,0.894268928118699,0.943621517970725,-5.98358101200885,FALSE
"Q86SF2","High_vs_Low",0.0095719152613265,6.62078727280319,0.130106394445275,0.896547413797313,0.94533014072452,-5.86423780530772,FALSE
"O95744","High_vs_Low",0.0208681599141514,10.6201299069537,0.126981857577958,0.899013673326427,0.947157169249724,-5.90373250782062,FALSE
"Q96DR8","High_vs_Low",-0.0170996526570644,9.07604266790509,-0.12607619057368,0.899729946914619,0.947157169249724,-5.85911798558158,FALSE
"Q9Y4E8","High_vs_Low",-0.0127195698056308,8.05183432803224,-0.125394290554592,0.900261660869856,0.947157169249724,-5.97995956448603,FALSE
"P31939","High_vs_Low",0.0136693060923019,6.79153170105501,0.123824002683247,0.901509979205882,0.947775154091814,-5.92241214613265,FALSE
"P22352","High_vs_Low",-0.0128438432441591,11.9856855555859,-0.122149947973069,0.902827778108744,0.947855114971155,-5.9882661325596,FALSE
"P09382","High_vs_Low",0.00634430840509914,9.29080650728883,0.122048939037322,0.902908010495535,0.947855114971155,-5.98706871960201,FALSE
"P08779","High_vs_Low",0.0227199592027301,10.4405976440502,0.120857729022683,0.903851584129218,0.948151552041915,-5.97240341348397,FALSE
"P07741","High_vs_Low",-0.0115104613735877,9.27218415610025,-0.115876872153941,0.90779669826215,0.9511379018715,-5.96868760474342,FALSE
"O15117","High_vs_Low",-0.0171674981412524,6.78043749365651,-0.115598002236699,0.908024956528649,0.9511379018715,-5.89051769539616,FALSE
"Q13790","High_vs_Low",-0.0078437936724054,16.1700785982256,-0.113844514829491,0.909405290342494,0.951888457190611,-5.98918833132382,FALSE
"P14770","High_vs_Low",-0.0102456200794965,8.47679535965433,-0.112507580621491,0.910466525866395,0.952304156157849,-5.97598015598356,FALSE
"Q14696","High_vs_Low",0.0170420157939928,7.74952685256657,0.108642602586065,0.913541244258815,0.954823720311327,-5.84000686511134,FALSE
"P55010","High_vs_Low",-0.0131607067336459,7.87640357358175,-0.107675068789157,0.914303612817226,0.954924530793811,-5.90349540784054,FALSE
"P61225","High_vs_Low",0.0107736290676996,9.63548006711427,0.104098818036463,0.917132631445027,0.957182091333457,-5.97675391932708,FALSE
"P46060","High_vs_Low",-0.01148153045472,8.02068741622397,-0.102660156130903,0.918274913912914,0.957677255673541,-5.96214837009207,FALSE
"P02652","High_vs_Low",0.00652797556777074,18.001237236293,0.0993448036666929,0.920903053407009,0.9591501722275,-5.99064274343148,FALSE
"P01833","High_vs_Low",0.00888301761152022,9.03935193317354,0.0991915692291911,0.921024956176617,0.9591501722275,-5.98504653902713,FALSE
"P01111","High_vs_Low",0.00648492070956941,8.97458791207433,0.0960401187401138,0.923526474571353,0.959293288400383,-5.98530556036025,FALSE
"O95714","High_vs_Low",-0.0365383219525057,10.0893596689741,-0.0958200455715667,0.923712309431321,0.959293288400383,-5.80124244845362,FALSE
"Q07020","High_vs_Low",0.0134833867077271,7.30437377529658,0.0952153606749619,0.92419325787527,0.959293288400383,-5.8560745337435,FALSE
"Q9H4G4","High_vs_Low",0.00501424834415154,8.3465501752719,0.0946729253161129,0.924611484698845,0.959293288400383,-5.98898000403175,FALSE
"Q96H15","High_vs_Low",-0.00771645173600177,9.62094882259258,-0.0939501209131547,0.925186835196695,0.959293288400383,-5.96724799839049,FALSE
"P23229","High_vs_Low",-0.00612949017397213,9.9765346293503,-0.0935357940309887,0.925514188127348,0.959293288400383,-5.99116991891779,FALSE
"B0I1T2","High_vs_Low",-0.00615912260274243,7.39154550601393,-0.0929400482100249,0.925988013981497,0.959293288400383,-5.97779943990823,FALSE
"Q8NFL0","High_vs_Low",-0.00715252365176777,7.59887944552173,-0.0922829352161191,0.926514089563829,0.959293288400383,-5.9405496349636,FALSE
"Q9UKX5","High_vs_Low",-0.00787691742718533,6.84317485795726,-0.0903346469322376,0.9280603139903,0.959707695734481,-5.93644726017818,FALSE
"O00194","High_vs_Low",-0.0267568188367999,9.51069272169878,-0.0900910221748622,0.928252840992835,0.959707695734481,-5.9648821169589,FALSE
"O00410","High_vs_Low",0.00945900246548614,6.1770352576348,0.0880828427993607,0.929853170272513,0.96051284815538,-5.89288001119168,FALSE
"P17987","High_vs_Low",0.0102998433064974,7.2950711204167,0.0874236984530086,0.930371231581466,0.96051284815538,-5.96425200982589,FALSE
"P18577","High_vs_Low",0.0125376481577106,9.7300093312248,0.0864742534243661,0.931124024577128,0.960598454132087,-5.97274609438073,FALSE
"Q00013","High_vs_Low",0.00988292684517411,8.74081374582337,0.083635504932647,0.933379288593023,0.962232853948522,-5.98316865634086,FALSE
"A2A3L6","High_vs_Low",-0.0165691270850008,11.1265242242493,-0.0819720702020488,0.93470601123371,0.962908347779554,-5.92345409082639,FALSE
"Q96NZ9","High_vs_Low",0.00713071075658434,10.0883853468194,0.0791400174789335,0.93695190704669,0.964529098854955,-5.99233950658003,FALSE
"P11142","High_vs_Low",0.00489897184271193,10.7835067653483,0.0769567288599165,0.938687770617841,0.965276087860516,-5.99249985786264,FALSE
"P05164","High_vs_Low",-0.00921358612045697,6.42379037184484,-0.07646557311999,0.939084644867149,0.965276087860516,-5.90541468110678,FALSE
"O00602","High_vs_Low",0.00600592549130674,8.27897636966134,0.0756917314621291,0.939696944667559,0.965276087860516,-5.94060843873451,FALSE
"Q9NQH7","High_vs_Low",0.00502537423298755,10.8326338453397,0.0722551197827477,0.942427862297292,0.96732260131737,-5.97286475543289,FALSE
"P04040","High_vs_Low",-0.00790116780056849,9.71933878896537,-0.070957734055279,0.943458861175717,0.96732260131737,-5.9929173584692,FALSE
"P35612","High_vs_Low",-0.0134384454934837,7.8782710753065,-0.0706429942705827,0.943712914395398,0.96732260131737,-5.92949435667034,FALSE
"A0A0B4J1X5","High_vs_Low",0.0110709856891429,12.4936425273594,0.0666107776391942,0.946917556233605,0.969063834153631,-5.9885937939096,FALSE
"Q14684","High_vs_Low",-0.0064479197249252,13.6371454422488,-0.0665751979382511,0.94694707491056,0.969063834153631,-5.96926030125745,FALSE
"Q92496","High_vs_Low",-0.00785515931728042,9.65593210239555,-0.0659572970241196,0.94743897871924,0.969063834153631,-5.95088344974097,FALSE
"Q96AP7","High_vs_Low",-0.00964632987763547,6.67985410262596,-0.0606317848837518,0.951684912928979,0.971139009270976,-5.85875192014494,FALSE
"O00231","High_vs_Low",-0.00638438503102279,6.96667765115262,-0.0595247353220428,0.952559173871238,0.971139009270976,-5.95015587512666,FALSE
"Q96IY4","High_vs_Low",-0.00414062025694228,12.6688364780814,-0.0592455709510407,0.952779429163507,0.971139009270976,-5.99363486883554,FALSE
"P37840","High_vs_Low",0.00748312785790084,9.42125694333488,0.0585856237529395,0.953304876628557,0.971139009270976,-5.99316049236371,FALSE
"P14735","High_vs_Low",0.00705953582618779,6.58123224069712,0.0584064041773115,0.953451044992037,0.971139009270976,-5.91619100695345,FALSE
"P0DOX2","High_vs_Low",0.00718773415353269,15.4027641062072,0.0583013045857455,0.953531189019201,0.971139009270976,-5.99368709196929,FALSE
"P30085","High_vs_Low",0.00770525459325366,7.35751211600469,0.0552122527522715,0.955997824788385,0.97296017086341,-5.82651557898289,FALSE
"P07384","High_vs_Low",0.00298863966638052,10.3656378061265,0.0521510662978716,0.958428487372812,0.974162841197998,-5.99400671580922,FALSE
"O94966","High_vs_Low",0.011444586226121,10.6361612474331,0.0520164643114601,0.958538193117416,0.974162841197998,-5.93707682169173,FALSE
"P69892","High_vs_Low",-0.00936879074940222,10.4969905749137,-0.0501011508291845,0.960062230800414,0.974473700820128,-5.98015866036006,FALSE
"Q14344","High_vs_Low",-0.00573808656326147,6.65767107600879,-0.0499282445461879,0.960203165452469,0.974473700820128,-5.90661032489555,FALSE
"P48735","High_vs_Low",-0.00575285181565377,7.93761550574844,-0.0489604158230675,0.960970977386901,0.974563211861964,-5.96698020273021,FALSE
"Q92530","High_vs_Low",0.00556782309501536,7.97420902862106,0.0470788215872684,0.962472290345324,0.975395946540774,-5.935182226209,FALSE
"P04003","High_vs_Low",-0.00410806054748036,14.3909602439613,-0.0440702967249089,0.964865402648616,0.977130640817878,-5.99437255903624,FALSE
"P60953","High_vs_Low",0.00303147020506422,8.84794543883026,0.0413306224870267,0.967048324040852,0.978650174082273,-5.99397163153324,FALSE
"P17936","High_vs_Low",-0.00500297555709928,11.3855437720289,-0.0395310874223487,0.968482251938061,0.979410119378829,-5.99455111045508,FALSE
"P62333","High_vs_Low",0.00346049130532933,7.92855689277623,0.0342672901585758,0.972679460914058,0.982961484813783,-5.92458185291008,FALSE
"P38646","High_vs_Low",-0.00527003743989329,6.88939229210811,-0.0325395264544615,0.974057776856876,0.983661163389268,-5.90581542471905,FALSE
"P14317","High_vs_Low",0.00272240248092714,8.06734739588444,0.0313154220132437,0.975030352211268,0.983950404694552,-5.9823122487,FALSE
"Q12913","High_vs_Low",-0.00198615080407905,9.73827310279235,-0.027414487076772,0.978139732942481,0.986394076680392,-5.99493276925502,FALSE
"Q13477","High_vs_Low",0.00193241859683901,11.0014806024112,0.0250318662379802,0.980039214416,0.986684185778836,-5.99499156453844,FALSE
"P68036","High_vs_Low",-0.00224428924713749,7.52212904401213,-0.02430986264987,0.980616870041168,0.986684185778836,-5.88799394233944,FALSE
"Q9C0C9","High_vs_Low",0.00268952534163525,8.5668189801542,0.0239876344658873,0.980871791119792,0.986684185778836,-5.99165110770206,FALSE
"P40925","High_vs_Low",0.00563286937105723,9.42809686506348,0.0236020856807693,0.981179671492761,0.986684185778836,-5.96761263867816,FALSE
"E9PAV3","High_vs_Low",-0.00145995337916638,7.33192729361387,-0.015707238274473,0.987475474094634,0.991519495394506,-5.90067323690239,FALSE
"P11586","High_vs_Low",0.00180765143743145,7.71611187274365,0.0155134476921312,0.987628701561788,0.991519495394506,-5.98401860037184,FALSE
"P62258","High_vs_Low",0.00115664174149188,8.10747327606187,0.014969502357619,0.988062314448222,0.991519495394506,-5.99451925222758,FALSE
"O75356","High_vs_Low",-0.000739683098767152,6.77168238265003,-0.0114465303239866,0.990872031448402,0.993643701466439,-5.94879677613125,FALSE
"P18564","High_vs_Low",0.00023168042294941,11.1671745753512,0.00549197049088173,0.995620247594252,0.99770750178208,-5.98289159346735,FALSE
"Q86Y38","High_vs_Low",0.000223058078963057,7.91216602441518,0.00300123334766261,0.997606591107133,0.998999896401976,-5.96663726160259,FALSE
"P62195","High_vs_Low",-1.97335929303932e-05,7.24423071732558,-0.000183003086309931,0.999854061095706,0.99995790346588,-5.95773073911987,FALSE
"Q14254","High_vs_Low",4.79919997520284e-06,7.86999438735879,5.2786128220126e-05,0.99995790346588,0.99995790346588,-5.99039091961507,FALSE
