"PG.ProteinGroups","Contrast","logFC","AveExpr","t","P.Value","adj.P.Val","B","Significant_FDR_0.05"
"Q9H8L6","Low_vs_Control",0.273445426625571,10.7804192616145,3.80886568239442,0.000156393310072455,0.176610444198138,0.59211788827298,FALSE
"Q6EMK4","Low_vs_Control",0.205512108129328,10.3981949767751,3.65775158613555,0.000280541843589807,0.176610444198138,0.117728337901871,FALSE
"Q9Y5X9","Low_vs_Control",0.296357305356844,8.32942621320984,3.58502679551899,0.000369477916732506,0.176610444198138,-0.109571042566315,FALSE
"Q8TC71","Low_vs_Control",-0.514349950094891,12.8311649015776,-3.46017744474302,0.000593588881253761,0.205391039772078,-0.537168508193761,FALSE
"Q96PD5","Low_vs_Control",0.253372538104159,12.8901485242291,3.28165733766422,0.00110175836485015,0.205391039772078,-0.983990301414303,FALSE
"P05090","Low_vs_Control",0.223478512641918,12.540953410381,3.25521730402449,0.00120734624928669,0.205391039772078,-1.05716902475254,FALSE
"Q9H6X2","Low_vs_Control",0.263550090146223,8.51283400178541,3.22022762739749,0.00136150975018006,0.205391039772078,-1.1531420909229,FALSE
"P07996","Low_vs_Control",-0.377864217246142,16.6138508727551,-3.19865208552588,0.00146548751781833,0.205391039772078,-1.21184721130194,FALSE
"P02765","Low_vs_Control",0.254069224335556,17.0445097363312,3.1926494458953,0.00149563940854375,0.205391039772078,-1.22808791989023,FALSE
"Q9H1B5","Low_vs_Control",-0.298240998898425,8.75564731234814,-3.18141755744734,0.00155368611457332,0.205391039772078,-1.25843485379538,FALSE
"Q76LX8","Low_vs_Control",0.221786325543214,9.89738039100279,3.17502678961993,0.00158763550508954,0.205391039772078,-1.27565612966895,FALSE
"P04278","Low_vs_Control",0.297264240088273,10.6846448954832,3.07283514138942,0.00223229004477652,0.205391039772078,-1.54652774013446,FALSE
"Q8TER0","Low_vs_Control",0.183661819283184,9.23903871004572,3.06071944474587,0.00232291699031563,0.205391039772078,-1.57807864326177,FALSE
"P02671","Low_vs_Control",0.27068831134228,16.1923888079859,3.03829534263188,0.00249962168363286,0.205391039772078,-1.63615843284795,FALSE
"P08195","Low_vs_Control",0.242315979957804,7.37265274117908,3.0380257852813,0.00250301255568728,0.205391039772078,-1.63833830514218,FALSE
"Q9BYJ0","Low_vs_Control",0.248872035518289,10.4596868181851,3.02848618498449,0.00258072888248956,0.205391039772078,-1.6614358405093,FALSE
"Q14393","Low_vs_Control",0.286117629003741,9.17488690080229,3.02111037695428,0.00264378932430789,0.205391039772078,-1.68062914966843,FALSE
"A2CJ06","Low_vs_Control",0.249079421765332,9.49187553706073,2.98306324216251,0.00300770974021342,0.205391039772078,-1.794668017197,FALSE
"Q99784","Low_vs_Control",0.202066415470425,9.03112786998012,2.98086347260641,0.00300988734457764,0.205391039772078,-1.7830394498048,FALSE
"Q13201","Low_vs_Control",-0.407771909972958,13.6136730907177,-2.97593080939205,0.00305794922212708,0.205391039772078,-1.79554318096028,FALSE
"Q7Z6Z7","Low_vs_Control",-0.289874510127418,7.22559910719059,-2.97502986884787,0.0030697438102989,0.205391039772078,-1.80020276922155,FALSE
"P02751","Low_vs_Control",0.208250013207106,13.8382826139862,2.95947728900794,0.00322307949018954,0.205391039772078,-1.83704565698482,FALSE
"P09486","Low_vs_Control",-0.323514388332717,10.5278192643991,-2.9442659725686,0.00338301928575554,0.205391039772078,-1.87523086977107,FALSE
"Q9Y566","Low_vs_Control",-0.302230465189719,13.2770346168603,-2.94144691935279,0.0034375069417921,0.205391039772078,-1.90084078039517,FALSE
"Q9Y646","Low_vs_Control",0.174173579322201,8.44266789531391,2.87922432905765,0.00415255090652581,0.228711420375903,-2.03670228606956,FALSE
"P02753","Low_vs_Control",0.313881859147255,12.7747526016715,2.86971519901346,0.00427676653986178,0.228711420375903,-2.05963590273483,FALSE
"Q08722","Low_vs_Control",0.344493616556449,8.178184280445,2.87030660479127,0.00430628197360487,0.228711420375903,-2.07401350163374,FALSE
"P15291","Low_vs_Control",0.18452488280594,8.80029483322329,2.8433599014947,0.00464089399733919,0.237412802564416,-2.12373612617281,FALSE
"Q16658","Low_vs_Control",0.357292910318526,6.37490922057732,2.82718584097045,0.00493087179114923,0.237412802564416,-2.18495702492941,FALSE
"Q9UKN7","Low_vs_Control",-0.297561668567637,11.8467826337601,-2.8100408367754,0.0051425581932741,0.237412802564416,-2.20417544577615,FALSE
"Q86UD1","Low_vs_Control",0.149497965067505,10.3767401841118,2.79282261757692,0.00541885990878381,0.237412802564416,-2.2450536526871,FALSE
"Q5VU65","Low_vs_Control",0.548132601736816,11.1205905552696,2.78116855331469,0.00564162065386527,0.237412802564416,-2.28194712879689,FALSE
"Q8TB73","Low_vs_Control",0.20996338884134,8.10112646133671,2.77684782128811,0.0056906461551238,0.237412802564416,-2.28330169231622,FALSE
"O43852","Low_vs_Control",-0.282331970224535,11.8217116946865,-2.76041845854146,0.00597795643246697,0.237412802564416,-2.32173552190321,FALSE
"Q6UY14","Low_vs_Control",0.311837926274537,9.04286022801446,2.74907052809014,0.00618991763626544,0.237412802564416,-2.34891518920396,FALSE
"P00326","Low_vs_Control",0.34007435183684,9.52978021557995,2.73624420944025,0.00643188590455338,0.237412802564416,-2.37872870273126,FALSE
"O60704","Low_vs_Control",-0.178303337976772,8.03422834848486,-2.72748039735501,0.00660395400479709,0.237412802564416,-2.39935426447294,FALSE
"O95747","Low_vs_Control",-0.268521260141599,8.25907564747251,-2.72435969361673,0.00667358480901431,0.237412802564416,-2.4074943111243,FALSE
"Q9UBE0","Low_vs_Control",0.313211917380125,9.48344117518618,2.71715378184233,0.00681599756074387,0.237412802564416,-2.42381657769265,FALSE
"P04180","Low_vs_Control",0.204135488581748,11.9030324494469,2.71386084087941,0.00687265386197059,0.237412802564416,-2.43039507122939,FALSE
"P10586","Low_vs_Control",0.192739373725357,7.31344633126455,2.70074262712127,0.00714699828039795,0.237412802564416,-2.460777122511,FALSE
"P98164","Low_vs_Control",0.361450503434238,10.2861713457272,2.70030788595497,0.00719766785283885,0.237412802564416,-2.46743144864865,FALSE
"P05160","Low_vs_Control",0.337538635246524,10.936170347324,2.69498707476623,0.0072689832239372,0.237412802564416,-2.47396145395138,FALSE
"Q9NP78","Low_vs_Control",0.31241807001715,10.6143527632395,2.6780267563477,0.00765991669800492,0.237412802564416,-2.51398563370625,FALSE
"Q9NQ79","Low_vs_Control",0.150451640686908,12.4524472089805,2.67517416150139,0.00770599629509164,0.237412802564416,-2.51932357023445,FALSE
"P01709","Low_vs_Control",0.47178498169713,11.8643371855961,2.67554231639821,0.00770688948126772,0.237412802564416,-2.51888539159157,FALSE
"P07360","Low_vs_Control",0.245997756965943,11.68260461295,2.66712405114355,0.00789041722456202,0.237412802564416,-2.53767276387102,FALSE
"O75309","Low_vs_Control",0.247190980094296,7.31148600693796,2.66504799383563,0.00794687205236539,0.237412802564416,-2.5425948206616,FALSE
"P35241","Low_vs_Control",-0.136563165819947,11.5463091505844,-2.65095772590156,0.00827279434114373,0.242105858881635,-2.57435992809225,FALSE
"P00966","Low_vs_Control",0.306720536355691,7.88840025664582,2.63943597962996,0.00856877065690322,0.245752342439984,-2.60051946215726,FALSE
"O75882","Low_vs_Control",0.262634785666686,8.3670297292915,2.62443490701232,0.00893776436735073,0.251234631344585,-2.63404141998339,FALSE
"P08253","Low_vs_Control",0.183949110549879,10.0386131709233,2.61570329301588,0.0091648771189305,0.251234631344585,-2.65361462184376,FALSE
"P58335","Low_vs_Control",0.224882658436652,9.10077221534471,2.61117400553641,0.00928551984746374,0.251234631344585,-2.66372219274844,FALSE
"P07357","Low_vs_Control",0.205538712975031,13.2972350811412,2.60201301000001,0.00953388652949419,0.253177653394346,-2.68411393199303,FALSE
"P09619","Low_vs_Control",0.226171195947153,10.0845549423432,2.57965322285026,0.0101652102195277,0.254128858636633,-2.73359312021532,FALSE
"O75340","Low_vs_Control",0.153516816719669,8.95935549568462,2.57847422451292,0.0101995119651981,0.254128858636633,-2.73619057649289,FALSE
"Q8IWE2","Low_vs_Control",0.268599427658633,6.33733481649056,2.57773010665686,0.01027907470933,0.254128858636633,-2.74053114864074,FALSE
"P28074","Low_vs_Control",-0.314248007305894,7.05729344475722,-2.56728087640928,0.0105931581416552,0.254128858636633,-2.76280902277397,FALSE
"P00491","Low_vs_Control",-0.311068188419615,8.55180303863265,-2.5651174636886,0.0105959906647835,0.254128858636633,-2.76542144209136,FALSE
"P55285","Low_vs_Control",0.233006915778187,8.78194144171902,2.56388981205372,0.010633006637516,0.254128858636633,-2.7682345473737,FALSE
"P10124","Low_vs_Control",-0.254558264711461,13.0753786075566,-2.52461835625331,0.0118808294972993,0.279296877034871,-2.8536105580261,FALSE
"Q96IY4","Low_vs_Control",0.182040946076503,12.6688364780814,2.49886515782686,0.0127686764957024,0.284670699469976,-2.90890766743404,FALSE
"P61225","Low_vs_Control",-0.268705176806815,9.63548006711427,-2.49851357287336,0.0127911415880218,0.284670699469976,-2.90862823576996,FALSE
"Q9UJJ9","Low_vs_Control",0.152975200495593,9.91539733912269,2.47861271681937,0.0135077473920687,0.284670699469976,-2.95200611669932,FALSE
"P05386","Low_vs_Control",-0.231848656458631,8.54484264593767,-2.47757946066379,0.0135627399617779,0.284670699469976,-2.95192804989947,FALSE
"P46060","Low_vs_Control",-0.288437265721724,8.02068741622397,-2.47626319882047,0.0136149820054394,0.284670699469976,-2.95392110074668,FALSE
"P02775","Low_vs_Control",-0.331605540073978,15.3135025655318,-2.47168779493963,0.0137691761368215,0.284670699469976,-2.96667050048764,FALSE
"P01871","Low_vs_Control",0.256594760613705,16.5820619083926,2.47091817626768,0.0137983651184469,0.284670699469976,-2.96829240715759,FALSE
"Q9UBS4","Low_vs_Control",-0.234609266399485,6.78901689034668,-2.47206979650799,0.0138609253263651,0.284670699469976,-2.96129621140643,FALSE
"P25787","Low_vs_Control",-0.271145192256117,7.31311032294708,-2.46953718588787,0.0138960592488831,0.284670699469976,-2.96585426214977,FALSE
"O43897","Low_vs_Control",0.154078964978947,9.74327999171729,2.45658169678304,0.0143978566019575,0.289194734798168,-2.99411192916885,FALSE
"O00299","Low_vs_Control",-0.215810325010228,10.297286669118,-2.45240596665694,0.014520237730452,0.289194734798168,-3.00726897672665,FALSE
"Q53RD9","Low_vs_Control",0.188603714553096,8.61564912477184,2.44666699881928,0.0147559692896229,0.289863835086565,-3.01899696355903,FALSE
"P23588","Low_vs_Control",-0.630803417901635,8.84751122771903,-2.44168625807038,0.0150679578820685,0.290759917142881,-3.02366220139039,FALSE
"Q8WWZ8","Low_vs_Control",0.436957299057472,10.4277716726958,2.43498629781109,0.0152299999617117,0.290759917142881,-3.04369139743989,FALSE
"Q9UPN7","Low_vs_Control",-0.245129408770707,6.73383209947084,-2.4323467980444,0.0154098700856757,0.290759917142881,-3.04084851138153,FALSE
"Q5JRA6","Low_vs_Control",0.176843530536809,11.1408489373762,2.40547958419435,0.0165018434656708,0.307320045841193,-3.1047941185216,FALSE
"P03952","Low_vs_Control",0.153423189302321,13.4844423283054,2.39750483030727,0.0168613093317842,0.307932514079946,-3.12118515727375,FALSE
"O00232","Low_vs_Control",-0.289137079376837,7.34937528440308,-2.39452926696683,0.0170559488996982,0.307932514079946,-3.11816094427954,FALSE
"P29122","Low_vs_Control",-0.26432471291603,8.92984195748536,-2.39078189925889,0.0171789408133861,0.307932514079946,-3.13381551731739,FALSE
"P04040","Low_vs_Control",-0.275815875339914,9.71933878896537,-2.37635305269795,0.0178483267953491,0.313557197729571,-3.16440271050651,FALSE
"P00738","Low_vs_Control",0.501456886334095,14.5137405000573,2.36543650996348,0.0183775036166963,0.313557197729571,-3.18656624251808,FALSE
"P01817","Low_vs_Control",0.412278499658239,8.7717380267817,2.36267088749965,0.0185398610807521,0.313557197729571,-3.18583662836602,FALSE
"P30041","Low_vs_Control",-0.243984147163117,10.5632638332899,-2.36016925112122,0.0186374534543607,0.313557197729571,-3.1972173688639,FALSE
"O00391","Low_vs_Control",0.168521570846362,10.5066175409552,2.35060427213143,0.0191181000752005,0.313557197729571,-3.21650867010125,FALSE
"P33151","Low_vs_Control",0.148591930110131,12.0074542864554,2.34742298241799,0.0192803529560624,0.313557197729571,-3.22290796891711,FALSE
"P55290","Low_vs_Control",0.140861262467315,10.6418609267667,2.34625281712153,0.0193403369106179,0.313557197729571,-3.22525967801919,FALSE
"Q9NTK5","Low_vs_Control",-0.211009933911236,7.62055764549579,-2.33177082356558,0.0201054999148897,0.313557197729571,-3.25277570586601,FALSE
"P05067","Low_vs_Control",-0.257346836964933,11.1518094333675,-2.32838868252743,0.0202765880500848,0.313557197729571,-3.2610195256317,FALSE
"Q9HDC9","Low_vs_Control",0.187186625224394,13.6302837740188,2.3213740267704,0.0206549275266444,0.313557197729571,-3.27498827141758,FALSE
"Q9HBW9","Low_vs_Control",0.186430092186656,7.96287540141564,2.31569228725852,0.0209800405811195,0.313557197729571,-3.28355762632528,FALSE
"P19652","Low_vs_Control",0.379586305005573,13.5828142760849,2.31416231498956,0.0210505074148613,0.313557197729571,-3.28931089664926,FALSE
"Q86VP6","Low_vs_Control",-0.238547188437128,7.92720023390989,-2.3137057429587,0.0210755697053406,0.313557197729571,-3.2902115387727,FALSE
"P63000","Low_vs_Control",-0.220541281503875,9.52405087127627,-2.30804146254442,0.0214163213367781,0.313557197729571,-3.29635360865714,FALSE
"P18827","Low_vs_Control",-0.267809933176974,12.3591477511565,-2.30720052052425,0.0214398000821496,0.313557197729571,-3.3030198917515,FALSE
"Q6YHK3","Low_vs_Control",0.156357811793841,9.57581562744689,2.30572516526816,0.0215212728348038,0.313557197729571,-3.30600253476124,FALSE
"Q9NUQ9","Low_vs_Control",-0.228963705129605,7.31285027792115,-2.30323833912094,0.0216803592637237,0.313557197729571,-3.30680005854972,FALSE
"P62879","Low_vs_Control",-0.158122437744487,10.1970008578685,-2.29902375726769,0.0219018713755846,0.313557197729571,-3.31922129584374,FALSE
"Q14766","Low_vs_Control",-0.293036344589131,12.4054943934401,-2.29796887281407,0.0219625086374875,0.313557197729571,-3.32130289672671,FALSE
"P00558","Low_vs_Control",-0.232044024166193,9.81394331476807,-2.29526129084946,0.0221181202648327,0.313557197729571,-3.32662641535756,FALSE
"P02679","Low_vs_Control",0.173015809349518,16.8266284541032,2.29460407749033,0.0221560842768716,0.313557197729571,-3.32791869776542,FALSE
"P01011","Low_vs_Control",0.153890655730162,12.4641016244221,2.28900288485732,0.0224819508468728,0.313557197729571,-3.33891768121736,FALSE
"Q14697","Low_vs_Control",-0.138354054833693,9.86136371014761,-2.28458105188024,0.0227421481676185,0.313557197729571,-3.34758221822779,FALSE
"P15144","Low_vs_Control",0.301768504477439,7.60398144444009,2.28202559549488,0.0229093360600969,0.313557197729571,-3.35017333694077,FALSE
"Q4LDE5","Low_vs_Control",0.220440901253657,10.6394702765699,2.28092588939903,0.0229592090387761,0.313557197729571,-3.35473211090225,FALSE
"P07327","Low_vs_Control",0.267262251921332,7.79056043089513,2.27383346344775,0.0233986714960537,0.31623437948827,-3.36627332250251,FALSE
"A0A0B4J1X5","Low_vs_Control",0.392662145837351,12.4936425273594,2.27037118137466,0.0235995783132947,0.31623437948827,-3.37454490729747,FALSE
"P48506","Low_vs_Control",-0.295184196299224,7.19602767765629,-2.26824927625416,0.0238168151915852,0.31623437948827,-3.36285014447521,FALSE
"P49721","Low_vs_Control",-0.235570683093569,7.0589586737261,-2.24687844411982,0.0251621673197847,0.3310325498768,-3.40093889207321,FALSE
"Q9UKU9","Low_vs_Control",0.215184246390836,10.8842903560667,2.2331876873169,0.025964156382946,0.333812657611339,-3.44708536157786,FALSE
"P07225","Low_vs_Control",0.142230647561778,14.8389486378268,2.23315650508937,0.0259662256636434,0.333812657611339,-3.44714506166525,FALSE
"P02745","Low_vs_Control",0.379354455912155,11.1979107760628,2.23157098748857,0.0260718393671339,0.333812657611339,-3.45018319694075,FALSE
"P50395","Low_vs_Control",-0.206325137967687,8.87776014607209,-2.21725622089201,0.0270401857278025,0.343147135696184,-3.47748078555612,FALSE
"A0A0C4DH34","Low_vs_Control",0.346285447488144,9.28850136400806,2.20432384926394,0.0279791290794712,0.347470191101443,-3.48911626670224,FALSE
"P20851","Low_vs_Control",0.228230277150692,9.78018038972022,2.20342629200437,0.0280088128731492,0.347470191101443,-3.50334111869296,FALSE
"Q8NEH6","Low_vs_Control",0.183457546741135,10.1775067996018,2.19988009034966,0.0283236679641406,0.347470191101443,-3.49460754442889,FALSE
"P04075","Low_vs_Control",-0.21456808011478,9.82587143173768,-2.19431340310206,0.0286575037200735,0.347470191101443,-3.52087885915332,FALSE
"O75356","Low_vs_Control",0.147108867826795,6.77168238265003,2.18708588648537,0.0292268333479532,0.347470191101443,-3.52158684715404,FALSE
"P31431","Low_vs_Control",-0.234071734930586,9.0113402193752,-2.18630863970016,0.0292411206079956,0.347470191101443,-3.53591648690453,FALSE
"Q14126","Low_vs_Control",0.156656721144623,10.167889541746,2.18366117938247,0.0294363874173253,0.347470191101443,-3.54087812418882,FALSE
"P23142","Low_vs_Control",0.205810315145436,12.9086495223505,2.18068780301755,0.0296570328171726,0.347470191101443,-3.54644354602549,FALSE
"P33908","Low_vs_Control",0.117136652196452,10.8244502902814,2.17747564407173,0.0298969989615635,0.347470191101443,-3.55244756478231,FALSE
"P62826","Low_vs_Control",-0.256350699759034,11.7536798182523,-2.16928309923736,0.0305166340567716,0.347470191101443,-3.5677216396773,FALSE
"Q9NP58","Low_vs_Control",-0.229321374334203,8.78345450949653,-2.16601263381074,0.0307952708797583,0.347470191101443,-3.56866269149987,FALSE
"Q7Z794","Low_vs_Control",0.646907780031437,11.3413578737979,2.16487206361394,0.0308640733385066,0.347470191101443,-3.57331420220934,FALSE
"O95715","Low_vs_Control",0.195787179311862,8.7447055495689,2.1630418498021,0.0310441666869126,0.347470191101443,-3.56960812141631,FALSE
"P01591","Low_vs_Control",0.242102084703797,10.7853082996556,2.15189281315639,0.0318686380100417,0.347470191101443,-3.59995632508008,FALSE
"O00339","Low_vs_Control",0.18022653676089,7.11790096747841,2.15229177383562,0.0318780846629294,0.347470191101443,-3.58590873478201,FALSE
"O00602","Low_vs_Control",0.175074277750278,8.27897636966134,2.15206200752808,0.0319071479961169,0.347470191101443,-3.58848533689067,FALSE
"P48426","Low_vs_Control",-0.241385896010608,7.41515712597257,-2.15132075097839,0.0319561098115593,0.347470191101443,-3.59000516900379,FALSE
"P06312","Low_vs_Control",0.318560006320659,12.051870580677,2.14869962360141,0.0321226384488313,0.347470191101443,-3.60585064762465,FALSE
"P68363","Low_vs_Control",-0.264397386250886,10.5887450376132,-2.14450470132445,0.032458518984755,0.347470191101443,-3.61357517416185,FALSE
"Q9Y4L1","Low_vs_Control",0.125183942979744,9.00291218727802,2.14363325332283,0.0325286192853978,0.347470191101443,-3.61517731968282,FALSE
"Q13526","Low_vs_Control",-0.275992034400954,8.46190856527412,-2.14443284705675,0.032577736103666,0.347470191101443,-3.58146940939373,FALSE
"A6NL88","Low_vs_Control",0.24079584472962,9.39752940481788,2.14027503472173,0.0328211436095179,0.347470191101443,-3.61719575368075,FALSE
"O94966","Low_vs_Control",0.481742300906379,10.6361612474331,2.13621887362864,0.0331896666971738,0.347470191101443,-3.61591547710395,FALSE
"Q13740","Low_vs_Control",0.170799733421715,10.0692457251924,2.13303994340855,0.0333922378797263,0.347470191101443,-3.6346150590991,FALSE
"P04839","Low_vs_Control",-0.290142629474067,6.977190657911,-2.13399815829408,0.03344985192144,0.347470191101443,-3.60079713762817,FALSE
"P02787","Low_vs_Control",0.38300455330544,13.1007987599691,2.12955479473628,0.0336808623173644,0.347470191101443,-3.64099221672944,FALSE
"P12109","Low_vs_Control",0.1208775091908,9.47418068100672,2.12081469617449,0.0344132841214633,0.351657634432101,-3.65692993000958,FALSE
"Q9BUN1","Low_vs_Control",-0.188213316675702,11.5545038270895,-2.11888095696216,0.0345772151010643,0.351657634432101,-3.66044808665602,FALSE
"P40197","Low_vs_Control",-0.203312423892006,8.74814063277668,-2.10805449109301,0.0355074285861186,0.355551053946537,-3.68008713612841,FALSE
"P01714","Low_vs_Control",0.349530695967703,9.78859506219853,2.10574742288836,0.035719148756398,0.355551053946537,-3.6791739817376,FALSE
"Q9BWS9","Low_vs_Control",0.185230726553692,7.10204673059155,2.10625395007847,0.0357411234745098,0.355551053946537,-3.6582135222102,FALSE
"A0A1B0GTC6","Low_vs_Control",0.210220070339558,11.2199173321162,2.10296786768528,0.0359518150782761,0.355551053946537,-3.68928013236863,FALSE
"P55287","Low_vs_Control",0.183128542405708,8.23106711625035,2.0995997141909,0.0362524676866449,0.356068757963348,-3.69473131549447,FALSE
"P29279","Low_vs_Control",-0.254895738211605,8.31035715758551,-2.07814492549431,0.0382992123735673,0.369111425666866,-3.71117945511412,FALSE
"O14602;P47813","Low_vs_Control",-0.277545601133204,7.69227272301334,-2.07594802670902,0.038432309497962,0.369111425666866,-3.72739241075575,FALSE
"Q03167","Low_vs_Control",0.169645660362661,7.83536839053117,2.07438040988062,0.0385495510854122,0.369111425666866,-3.73863229663015,FALSE
"P01009","Low_vs_Control",0.191422245426036,15.0979320089388,2.07361691205251,0.0386099817643165,0.369111425666866,-3.74190023559039,FALSE
"P25789","Low_vs_Control",-0.195005627828897,8.18432936754958,-2.06990761095052,0.0389882104631516,0.370258899365294,-3.74018209905634,FALSE
"Q00610","Low_vs_Control",-0.251615697639528,9.15506103353021,-2.05787825646128,0.040103198660352,0.378342018940426,-3.76981830624911,FALSE
"P47755","Low_vs_Control",-0.210052379588248,8.01042344813223,-2.04277811464092,0.0416384026990267,0.3902579703948,-3.77939006810831,FALSE
"Q14624","Low_vs_Control",0.192901207905004,15.4231607196809,2.0373048736006,0.0421287452451688,0.390969764567412,-3.80599562056263,FALSE
"Q9BS26","Low_vs_Control",-0.22018379291182,9.69343425731949,-2.03580015845377,0.0422842301046938,0.390969764567412,-3.80718978723419,FALSE
"P02675","Low_vs_Control",0.179226298079559,18.9908000081041,2.03112105066371,0.042754316208898,0.390969764567412,-3.8168000791373,FALSE
"Q16401","Low_vs_Control",-0.217889506342344,6.83171170445392,-2.03131033575572,0.0428049184359022,0.390969764567412,-3.79513903394399,FALSE
"Q9BU40","Low_vs_Control",0.227975916827448,8.50268485983783,2.02040249466103,0.0438857655136991,0.398304985738256,-3.82692651037547,FALSE
"P05198","Low_vs_Control",-0.214584480507435,6.84938860639742,-2.00065666577027,0.0461090739886691,0.412194424104164,-3.8302571306194,FALSE
"Q8NI51","Low_vs_Control",-0.359729780886894,12.5876992554527,-1.99908997080125,0.0461501765773341,0.412194424104164,-3.86391647838637,FALSE
"P30626","Low_vs_Control",-0.228622142603472,7.77006249438783,-1.9966336610797,0.0465233443937207,0.412194424104164,-3.8472422295225,FALSE
"P15151","Low_vs_Control",0.179952989205997,8.27262321383426,1.99514191898411,0.0465658972837341,0.412194424104164,-3.87506459503818,FALSE
"Q92688","Low_vs_Control",-0.1691076299697,9.53610641366686,-1.99194078606226,0.0469270639744009,0.412843004535527,-3.87891823880592,FALSE
"P54578","Low_vs_Control",-0.222022397206409,8.16736356589285,-1.98374941437018,0.0478374680313778,0.416348496403307,-3.8939420516285,FALSE
"P11226","Low_vs_Control",0.336451116993432,9.40176207274214,1.98073793951923,0.048152033142576,0.416348496403307,-3.90348377773224,FALSE
"P09382","Low_vs_Control",0.107204703161914,9.29080650728883,1.97810253603173,0.0484512504826919,0.416348496403307,-3.90751698813143,FALSE
"Q06481","Low_vs_Control",-0.206641630806804,9.19139600839188,-1.97352978311456,0.0489688776222764,0.416348496403307,-3.91557823428139,FALSE
"Q9BQE5","Low_vs_Control",0.198666883737479,11.0337868550409,1.97268827455756,0.0491099826174955,0.416348496403307,-3.90800978058948,FALSE
"P01619","Low_vs_Control",0.28373292245327,11.535935839526,1.97140999117594,0.0492116434069145,0.416348496403307,-3.91885073342929,FALSE
"P62258","Low_vs_Control",-0.158533845299983,8.10747327606187,-1.96792036338722,0.0496138411682131,0.416348496403307,-3.92499859686921,FALSE
"P0C0L5","Low_vs_Control",0.185801646015371,12.7317155165689,1.96555939255987,0.0498849046930904,0.416348496403307,-3.9293654984737,FALSE
"Q14112","Low_vs_Control",-0.177823465501927,10.4493253813049,-1.96265181536234,0.0502230219639904,0.416348496403307,-3.93427357488064,FALSE
"P07307","Low_vs_Control",0.192387924573559,7.48278457208854,1.96313868046244,0.0502289329691577,0.416348496403307,-3.91546282780875,FALSE
"Q14118","Low_vs_Control",0.127994108855399,9.29557427113955,1.9592595250454,0.050619938592795,0.417178114609586,-3.9399908321453,FALSE
"Q99497","Low_vs_Control",-0.23009963230519,8.77043591118412,-1.95039208191767,0.0517056745371658,0.418127854468809,-3.93878276224168,FALSE
"P12111","Low_vs_Control",0.110791446454346,9.67103629568663,1.94553943175029,0.0522522520760195,0.418127854468809,-3.9630150240508,FALSE
"P00740","Low_vs_Control",0.150426032989374,14.6279170127112,1.93869139001194,0.0530833575134993,0.418127854468809,-3.97444744188169,FALSE
"P61006","Low_vs_Control",-0.164618475589707,7.86604124984421,-1.93686346523851,0.0533336443686522,0.418127854468809,-3.97033397706529,FALSE
"Q96JQ0","Low_vs_Control",0.201626120104388,6.95625998030552,1.93681075160516,0.0533412720487744,0.418127854468809,-3.97272725519546,FALSE
"P10619","Low_vs_Control",-0.236115285053833,6.71525027244979,-1.93739406466749,0.0534106973750279,0.418127854468809,-3.93064832571183,FALSE
"P60520","Low_vs_Control",-0.176764932431947,7.09834479558001,-1.93449338023251,0.0536940007704994,0.418127854468809,-3.95084442301398,FALSE
"P13798","Low_vs_Control",-0.223708127468337,8.16758788231093,-1.93354603775929,0.0537269731150278,0.418127854468809,-3.98007522551216,FALSE
"P23229","Low_vs_Control",-0.132051361294643,9.9765346293503,-1.93321260368057,0.0537562349780077,0.418127854468809,-3.98356541423035,FALSE
"Q96PL1","Low_vs_Control",0.280560450688665,9.95818794906822,1.93305163239528,0.0537882850438467,0.418127854468809,-3.98047885578339,FALSE
"P22352","Low_vs_Control",0.211373474101496,11.9856855555859,1.92855498878477,0.0543338626745675,0.418127854468809,-3.991296804965,FALSE
"P55209","Low_vs_Control",-0.185945219056213,10.1191120764355,-1.92631045836992,0.0546162071665246,0.418127854468809,-3.99469476077602,FALSE
"P67936","Low_vs_Control",-0.315055275772712,10.0059078271059,-1.92622681955658,0.0546258712107205,0.418127854468809,-3.99507301471807,FALSE
"Q13444","Low_vs_Control",0.186076573827955,7.62966867828703,1.92518908984342,0.0548173198327309,0.418127854468809,-3.98371368791493,FALSE
"P78417","Low_vs_Control",-0.223781718439866,9.67808240258753,-1.91539801375017,0.0559969096503212,0.424865441473865,-4.01263588577232,FALSE
"P28072","Low_vs_Control",-0.170277603658413,7.47569516645363,-1.90352232359333,0.0575759613690408,0.433292726610445,-4.01384354570706,FALSE
"P80748","Low_vs_Control",0.405311515773606,10.7283115730289,1.90169705385423,0.0578404216020184,0.433292726610445,-4.00306302777733,FALSE
"P35443","Low_vs_Control",0.134887375416742,15.4121288405984,1.89981534252027,0.0580140889185532,0.433292726610445,-4.03859711303607,FALSE
"P02768","Low_vs_Control",0.354188766674193,15.6561956311407,1.89395423952868,0.0587898559627708,0.436130427324945,-4.04815913138928,FALSE
"P46940","Low_vs_Control",0.273197774590649,9.76850533584938,1.88792641140852,0.0595963968502515,0.436130427324945,-4.05796125372554,FALSE
"Q07954","Low_vs_Control",0.211285328468701,10.8666740488167,1.88207555853376,0.0603877684834482,0.436130427324945,-4.06744472843994,FALSE
"P26572","Low_vs_Control",0.148662208327506,8.89739489991466,1.88159655851549,0.0604540554944678,0.436130427324945,-4.06796955846993,FALSE
"Q5SYB0","Low_vs_Control",0.217523268917329,11.1216556101054,1.88074185480383,0.0605816864297257,0.436130427324945,-4.06379276170244,FALSE
"P04350","Low_vs_Control",-0.199636113889172,9.35411390521202,-1.87815673922329,0.0609714561574053,0.436130427324945,-4.05224683604606,FALSE
"P23280","Low_vs_Control",0.203081305793074,7.37056267845912,1.87587754341431,0.0613885568027257,0.436130427324945,-4.02382176871985,FALSE
"P01111","Low_vs_Control",-0.131990460643882,8.97458791207433,-1.87362746867852,0.061553995554103,0.436130427324945,-4.07800515567345,FALSE
"O75083","Low_vs_Control",-0.269429417976573,9.23043382926865,-1.87314107124532,0.0616137682363423,0.436130427324945,-4.08187408985031,FALSE
"P28906","Low_vs_Control",0.13851064435957,10.9052815996709,1.87307999372681,0.0616252435488865,0.436130427324945,-4.08094093029394,FALSE
"Q96FZ7","Low_vs_Control",-0.184408168420184,7.22913540308656,-1.87087789671287,0.0620947038553297,0.436130427324945,-4.03912730529649,FALSE
"Q9NT62","Low_vs_Control",-0.160520776615922,7.66896647450358,-1.86860451590777,0.0622811212573322,0.436130427324945,-4.07293911523994,FALSE
"Q86U17","Low_vs_Control",0.167730066892997,8.18675298364725,1.86787486281988,0.0623477947012648,0.436130427324945,-4.08939908156961,FALSE
"P01024","Low_vs_Control",0.18275486889085,12.9009278435618,1.85597893357266,0.0640259331974266,0.445695088374319,-4.10939749957069,FALSE
"O95498","Low_vs_Control",-0.189811167995447,7.68046803279759,-1.84727469261254,0.0653901426981526,0.44873298322818,-4.08912920164542,FALSE
"P78539","Low_vs_Control",0.119719178161651,9.39612183143113,1.84474999417442,0.0656474115049966,0.44873298322818,-4.12701138097701,FALSE
"P22694","Low_vs_Control",-0.243321519568382,6.84713242219677,-1.84007987251668,0.0664963364257153,0.44873298322818,-4.09354249339116,FALSE
"P01861","Low_vs_Control",0.330785040869523,13.9078465585059,1.83894466359082,0.0664975115509593,0.44873298322818,-4.13647171498889,FALSE
"P04003","Low_vs_Control",0.178554013666384,14.3909602439613,1.8376466483192,0.0666887336592783,0.44873298322818,-4.13852334535493,FALSE
"Q9UIQ6","Low_vs_Control",0.185005432758198,6.93018830738325,1.83366871310253,0.067401530547305,0.44873298322818,-4.10834959519768,FALSE
"Q9UJU6","Low_vs_Control",-0.256392795890643,6.91808602709761,-1.83245825722435,0.0675870102357002,0.44873298322818,-4.10783852309886,FALSE
"P22314","Low_vs_Control",-0.351766122163918,7.3026663490894,-1.83019389539891,0.0678242686217822,0.44873298322818,-4.14124344670701,FALSE
"Q02952","Low_vs_Control",0.140198159074757,10.8743482756085,1.82990914678212,0.0678397481334361,0.44873298322818,-4.15073099709871,FALSE
"Q99983","Low_vs_Control",0.143026526112623,14.0528982638172,1.82817524217196,0.068099915250246,0.44873298322818,-4.15345966100798,FALSE
"P0DJI9","Low_vs_Control",0.300024936903814,11.239585303511,1.82753224326397,0.0681968846568079,0.44873298322818,-4.15447211201934,FALSE
"Q6AHZ1","Low_vs_Control",0.389937732280679,11.8878181372569,1.82624306248061,0.0684229585780517,0.44873298322818,-4.14308032600038,FALSE
"P22692","Low_vs_Control",-0.169478041129992,14.0269662962622,-1.82537105395242,0.0685303509950985,0.44873298322818,-4.15616599721854,FALSE
"A0A0B4J1Y9","Low_vs_Control",0.265036438962001,12.0393901877994,1.82180942713499,0.0690624327417903,0.450161493416943,-4.16345693374054,FALSE
"O14818","Low_vs_Control",-0.184179884671373,8.50626780924438,-1.81188229758191,0.0705941753609324,0.454286788411505,-4.17522960622549,FALSE
"Q06830","Low_vs_Control",-0.204584660160876,11.368620204748,-1.81098364974485,0.0707242493258022,0.454286788411505,-4.18037630694928,FALSE
"P63241","Low_vs_Control",-0.190477699756519,9.38881525012064,-1.80973553297152,0.070917972378646,0.454286788411505,-4.18232070737466,FALSE
"P08263;P09210","Low_vs_Control",0.221737965647682,7.42129610450096,1.81060619296591,0.070962510881574,0.454286788411505,-4.13283165084156,FALSE
"A8MYB1","Low_vs_Control",0.232912697590001,12.1723181885364,1.80427327877316,0.0718266480026533,0.455082694040521,-4.1760389772894,FALSE
"Q9C0C9","Low_vs_Control",-0.21019952332178,8.5668189801542,-1.80359382011109,0.0718810127644424,0.455082694040521,-4.19149870039211,FALSE
"P35555","Low_vs_Control",0.231204236579732,8.0580288066893,1.8027337232488,0.072038892292328,0.455082694040521,-4.18352136474058,FALSE
"P12830","Low_vs_Control",0.123520298516901,10.6568479166479,1.79818163209782,0.072732075361379,0.45744647398341,-4.20025741643287,FALSE
"P01008","Low_vs_Control",0.150501857198085,11.5889671937794,1.79204109360399,0.0737116114042347,0.45974575759548,-4.20974412719042,FALSE
"P80108","Low_vs_Control",0.109010347690337,14.0244736997319,1.79187124050836,0.0737388593075037,0.45974575759548,-4.21000608382618,FALSE
"P16284","Low_vs_Control",-0.109250570809863,9.23376688456007,-1.78640585123287,0.074621175210088,0.463232750005481,-4.21832378422579,FALSE
"Q9UKX5","Low_vs_Control",0.161757854276169,6.84317485795726,1.7781385623987,0.0760366170651565,0.469790056914268,-4.20317105436866,FALSE
"P22061","Low_vs_Control",-0.106993576759082,8.73005277584009,-1.77593282313131,0.0763326940453448,0.469790056914268,-4.23447822816621,FALSE
"Q8IUL8","Low_vs_Control",0.125179721047846,7.83964587265432,1.76612670713863,0.0779653069319561,0.477787393762501,-4.24942757392093,FALSE
"P23528","Low_vs_Control",-0.187501430816472,10.7360932901769,-1.75506709688202,0.0798407121190867,0.487198217782002,-4.26618988993078,FALSE
"Q9UN70","Low_vs_Control",0.15612240920117,7.4765098863654,1.74577306231228,0.0814603674088386,0.490782889474776,-4.27359788135814,FALSE
"P0DJI8","Low_vs_Control",0.290659699084337,13.994741580328,1.74367587486326,0.081810915652486,0.490782889474776,-4.28334709468268,FALSE
"P08294","Low_vs_Control",0.130035037555551,9.58673608348396,1.74362812692934,0.0818189660653928,0.490782889474776,-4.28341788676929,FALSE
"P62942","Low_vs_Control",-0.164861169297958,7.95513578184646,-1.74026006526106,0.0824431209015558,0.490782889474776,-4.27750155201602,FALSE
"P02786","Low_vs_Control",0.185184359131556,11.1264043978533,1.73990105214029,0.0824720737721804,0.490782889474776,-4.28900714881854,FALSE
"P07333","Low_vs_Control",-0.135188649305473,11.7426022954591,-1.73984662113363,0.082481643210196,0.490782889474776,-4.28908868817578,FALSE
"P00325","Low_vs_Control",0.222375534201118,8.53818662447869,1.73038562264636,0.0841930911438155,0.493575202716,-4.29188087573123,FALSE
"P18428","Low_vs_Control",0.157918818832393,12.3728114557637,1.72995385630346,0.0842359255161946,0.493575202716,-4.30386655458502,FALSE
"Q86Y38","Low_vs_Control",-0.133231149937907,7.91216602441518,-1.72969931696197,0.0843157057587379,0.493575202716,-4.2917937074191,FALSE
"Q15485","Low_vs_Control",0.181046639815964,9.62394263308683,1.72944740638379,0.0843277019982009,0.493575202716,-4.30383782346895,FALSE
"P00568","Low_vs_Control",-0.202611609575939,8.66584946652486,-1.72686953389348,0.0848020315960832,0.493577915510563,-4.30383845275058,FALSE
"Q6UWD8","Low_vs_Control",0.133326362902429,7.18765277121789,1.72497977861645,0.0852438975231727,0.493577915510563,-4.27281405761446,FALSE
"Q53EL9","Low_vs_Control",0.140865965173933,8.00901487900588,1.71909984687924,0.086258184291291,0.493577915510563,-4.2975792017333,FALSE
"P02763","Low_vs_Control",0.376352757362284,12.0910983680691,1.7178299574554,0.0864273163277857,0.493577915510563,-4.32186468464959,FALSE
"Q96JI7","Low_vs_Control",0.201014434772722,10.5983567436482,1.71718867391432,0.0865596735552282,0.493577915510563,-4.31767392362841,FALSE
"Q14247","Low_vs_Control",-0.240712871194068,8.16528947445094,-1.71314335545584,0.0873730683956267,0.493577915510563,-4.29534779963848,FALSE
"P61020","Low_vs_Control",-0.166917689255293,7.14020056251985,-1.70975409884039,0.0879735289673384,0.493577915510563,-4.31701116706502,FALSE
"Q8WXI7","Low_vs_Control",-0.206866991334435,6.77032754303336,-1.70822151219829,0.0883350511248111,0.493577915510563,-4.28843628420131,FALSE
"P00918","Low_vs_Control",-0.230152374975912,10.5221470444727,-1.7066495140226,0.0884886090791076,0.493577915510563,-4.33835072500995,FALSE
"P01597;P04432","Low_vs_Control",0.250577718087266,8.96950482935795,1.7066378964239,0.0885252597154974,0.493577915510563,-4.32136871425834,FALSE
"Q3B726","Low_vs_Control",0.372304341026405,13.7787417689152,1.70600681066798,0.0886903947223405,0.493577915510563,-4.30884682560669,FALSE
"P17936","Low_vs_Control",0.224980200628487,11.3855437720289,1.70544583527638,0.0887128764634146,0.493577915510563,-4.34011926404886,FALSE
"Q9HCU0","Low_vs_Control",0.111018776251131,14.2138115578601,1.70496274827629,0.0888027212006453,0.493577915510563,-4.34082794544127,FALSE
"P0DPH7;P0DPH8","Low_vs_Control",-0.212313330863429,11.0526786679572,-1.70197501475634,0.0893619407361172,0.49476842863163,-4.3452114890986,FALSE
"Q13316","Low_vs_Control",0.128219628693262,8.81815048672528,1.69947279101799,0.0898603383036038,0.495614327412953,-4.33516724765869,FALSE
"P39687","Low_vs_Control",-0.141656188614936,9.45918986625023,-1.68786100104683,0.092058451195278,0.500624628586003,-4.36000686681692,FALSE
"Q9BUF5","Low_vs_Control",-0.181755355347551,9.06827597322202,-1.68763520486482,0.0921316088178293,0.500624628586003,-4.34562909423628,FALSE
"Q9BY76","Low_vs_Control",0.15963654472599,8.05614298021451,1.68362328216306,0.0928882032583988,0.500624628586003,-4.36288900625524,FALSE
"P02545","Low_vs_Control",0.215410696300452,8.99878699234963,1.68343300823868,0.0929226558622806,0.500624628586003,-4.36373749022976,FALSE
"Q06323","Low_vs_Control",-0.143282185312261,9.37669508014721,-1.67911329446303,0.0937359628004972,0.500624628586003,-4.37839136264959,FALSE
"A0M8Q6","Low_vs_Control",0.244214458697478,15.2876165228595,1.67799149076052,0.0939647528934229,0.500624628586003,-4.37798372617923,FALSE
"A0A075B6P5;P01615","Low_vs_Control",0.262405647206243,9.79436391526224,1.67713127868104,0.0941304926677414,0.500624628586003,-4.37787495940878,FALSE
"P14209","Low_vs_Control",0.124540873528282,8.67601724082084,1.67633108298754,0.0942785204214944,0.500624628586003,-4.38252091595003,FALSE
"Q04756","Low_vs_Control",0.12966269524404,10.5127154659011,1.67417739755751,0.0947011565317547,0.500624628586003,-4.38562887798435,FALSE
"P09172","Low_vs_Control",0.274849615554168,7.24791743485479,1.67398609953743,0.0948278480599405,0.500624628586003,-4.34369615059348,FALSE
"Q04760","Low_vs_Control",-0.183802802166324,8.12114662583344,-1.67369625772843,0.0948549734167316,0.500624628586003,-4.36087844363923,FALSE
"P19021","Low_vs_Control",0.114940909206926,9.8573430913518,1.67287188627445,0.094958088546299,0.500624628586003,-4.3875109270952,FALSE
"Q99996","Low_vs_Control",-0.283407272135035,9.84519901946117,-1.66398570949349,0.0968317786552443,0.505422343876463,-4.3680717669614,FALSE
"Q13228","Low_vs_Control",-0.246214468635619,7.9895351136777,-1.66337277591612,0.0968641766247709,0.505422343876463,-4.39061666358017,FALSE
"P60900","Low_vs_Control",-0.172101608890393,7.63673385293048,-1.66325024960384,0.0969254843556676,0.505422343876463,-4.37351555390128,FALSE
"Q7L9L4","Low_vs_Control",-0.206855580560784,7.1451140480673,-1.65949879566382,0.0978202681622034,0.507697066484656,-4.3376042792184,FALSE
"P40189","Low_vs_Control",0.159750683942327,7.26414436850332,1.65647141267574,0.0982725167371468,0.507697066484656,-4.39328687772752,FALSE
"P49746","Low_vs_Control",0.109662532514044,12.048204242222,1.65553317324471,0.0984238385514187,0.507697066484656,-4.41236918722566,FALSE
"P43652","Low_vs_Control",0.27713677161349,12.1916231580005,1.64878840346945,0.0997993846629627,0.511082420760424,-4.42197053144207,FALSE
"P08185","Low_vs_Control",0.226036739360444,10.3912779281357,1.64782136804206,0.0999978159245123,0.511082420760424,-4.4233438676357,FALSE
"A2NJV5","Low_vs_Control",0.200409279391287,11.2451617843572,1.64491268062873,0.100596379519708,0.511082420760424,-4.42746947190855,FALSE
"Q92954","Low_vs_Control",0.129800941358647,12.2423595837072,1.64354331820581,0.100879144844059,0.511082420760424,-4.42940921138856,FALSE
"Q9NYU2","Low_vs_Control",-0.108345475563533,8.09355649119394,-1.641203522846,0.101365133974736,0.511082420760424,-4.43241023843194,FALSE
"Q86UX7","Low_vs_Control",-0.224067218643624,10.2176841375315,-1.63993973955516,0.101626879504682,0.511082420760424,-4.43450728035165,FALSE
"P61224","Low_vs_Control",-0.1652288482794,12.4997720119235,-1.63966258482134,0.101684252479808,0.511082420760424,-4.43489830520163,FALSE
"Q16363","Low_vs_Control",-0.148333329519422,7.97068759337258,-1.63848775817986,0.101931361462679,0.511082420760424,-4.43603909792507,FALSE
"P25788","Low_vs_Control",-0.165624660312583,7.66632228311264,-1.635247530607,0.102653448205437,0.512062161244125,-4.4234568024852,FALSE
"Q7Z4R8","Low_vs_Control",0.155461481003588,7.94771026852453,1.63512652935671,0.102840936149448,0.512062161244125,-4.36901833382542,FALSE
"P49747","Low_vs_Control",0.105516671231976,15.0868130804617,1.62879054130297,0.103967140023726,0.512686634383991,-4.45020794946108,FALSE
"P08697","Low_vs_Control",0.129202964257328,14.368168086784,1.62872293889597,0.103981461742957,0.512686634383991,-4.4503028299732,FALSE
"P00352","Low_vs_Control",-0.227265076369866,7.66074663886934,-1.62799941695344,0.104179501509625,0.512686634383991,-4.43838946550938,FALSE
"P08319","Low_vs_Control",0.224019726208704,10.3855004488801,1.62676872997418,0.104396441590046,0.512686634383991,-4.45304443064971,FALSE
"Q13477","Low_vs_Control",-0.130595334064969,11.0014806024112,-1.6229417509877,0.105212045717735,0.513795999912742,-4.45840237293897,FALSE
"P35442","Low_vs_Control",-0.161807600990471,13.7623895334493,-1.62037832280025,0.105761393652044,0.513795999912742,-4.4619846693419,FALSE
"P17655","Low_vs_Control",0.138317965279152,9.26048628463641,1.61827971015857,0.106214011369274,0.513795999912742,-4.46479895635301,FALSE
"P98095","Low_vs_Control",0.118543071040708,8.76659670691039,1.614647054713,0.106999054627259,0.513795999912742,-4.4698590542049,FALSE
"P07858","Low_vs_Control",-0.133860622177028,8.06374076913372,-1.61476867816825,0.107011840185175,0.513795999912742,-4.45720806584457,FALSE
"P08514","Low_vs_Control",-0.143230861541367,12.1657688205892,-1.61344895212066,0.10725779745543,0.513795999912742,-4.47164019136753,FALSE
"Q08830","Low_vs_Control",0.133498188665069,10.5662490490504,1.61099780428715,0.107791134694841,0.513795999912742,-4.47504587466425,FALSE
"Q06033","Low_vs_Control",-0.107628152783811,17.9252209032942,-1.60974833027483,0.108063812837656,0.513795999912742,-4.47677995387713,FALSE
"Q9NZP8","Low_vs_Control",0.151523784443482,10.034222050021,1.60963949068815,0.108087591278156,0.513795999912742,-4.47693094362818,FALSE
"Q969P0","Low_vs_Control",-0.120122211723316,6.53142700343676,-1.60959061889988,0.108205294263353,0.513795999912742,-4.43460261129948,FALSE
"P06331","Low_vs_Control",0.23549455552468,11.6283408392516,1.60628662396447,0.108824811585597,0.515032276613026,-4.48050874289235,FALSE
"Q9H2X3","Low_vs_Control",0.131076311583096,8.33022747405742,1.60277918959193,0.10961055924994,0.517044545935571,-4.48020870047366,FALSE
"P25786","Low_vs_Control",-0.135250321612567,8.69759848390538,-1.59598229559608,0.111116490404994,0.522429663084461,-4.49103326515584,FALSE
"O15144","Low_vs_Control",-0.221935536780968,8.21451559249478,-1.59412596989814,0.111549700466083,0.522752517870466,-4.48306357177108,FALSE
"Q02487","Low_vs_Control",0.1706249641189,6.68460649160988,1.59150874925069,0.112187372492349,0.523949931736511,-4.47374114791266,FALSE
"Q9UL46","Low_vs_Control",-0.11677890086156,7.73715121138865,-1.58733146752928,0.113062899268814,0.523949931736511,-4.50411890124288,FALSE
"Q93084","Low_vs_Control",-0.326781923285079,8.0415669966561,-1.58650267849505,0.113388369756797,0.523949931736511,-4.45925475413181,FALSE
"Q99733","Low_vs_Control",-0.172572576376107,9.89125640698155,-1.58478813404098,0.113631329086531,0.523949931736511,-4.51016470644446,FALSE
"Q8IZP9","Low_vs_Control",0.137145884466467,8.81990822804586,1.58476896211693,0.113632098166008,0.523949931736511,-4.51105111469079,FALSE
"P08648","Low_vs_Control",-0.101607917069282,7.93325976710504,-1.58149603883868,0.114398931432573,0.525795088699712,-4.50880408773364,FALSE
"P55010","Low_vs_Control",-0.199421069786832,7.87640357358175,-1.57821349062843,0.115251097159415,0.528019403599362,-4.47430154935913,FALSE
"P06454","Low_vs_Control",-0.129240499410599,10.8754950706593,-1.57360416371195,0.116197325804679,0.530659124853215,-4.52306464669538,FALSE
"P07737","Low_vs_Control",-0.186624029542335,11.2367951870644,-1.57176225693711,0.116618101304098,0.530890023079608,-4.52886373676558,FALSE
"Q96EE4","Low_vs_Control",0.0920773606412588,8.61959290694952,1.56994181411611,0.117041063557667,0.531129383359792,-4.53132888255167,FALSE
"P62979","Low_vs_Control",-0.110392668996859,11.4086548311484,-1.56152654003062,0.119012076835475,0.535859996651384,-4.54268778064449,FALSE
"P13473","Low_vs_Control",0.210189738200889,7.37335657367772,1.56120211284182,0.119209201933404,0.535859996651384,-4.47875759474946,FALSE
"P37837","Low_vs_Control",-0.176726347869145,8.23055281667226,-1.56064299612837,0.119232613687003,0.535859996651384,-4.53633006984897,FALSE
"P00739","Low_vs_Control",0.138079976944191,14.0365180084995,1.55713379326339,0.120051254435829,0.535859996651384,-4.54859309723853,FALSE
"Q11201","Low_vs_Control",0.178216131015853,8.04414071484043,1.55675801906225,0.120267959765719,0.535859996651384,-4.50523716151075,FALSE
"O75636","Low_vs_Control",0.241690440091347,11.341353262961,1.55567221137122,0.120398889304473,0.535859996651384,-4.55055466597064,FALSE
"P80723","Low_vs_Control",-0.133456262345243,7.09861506639554,-1.55407133733556,0.120799511734833,0.535859996651384,-4.54436931675111,FALSE
"P62937","Low_vs_Control",-0.143431560475817,11.0853664935599,-1.55074887634109,0.121574403712791,0.535859996651384,-4.55714720557218,FALSE
"Q96IZ5","Low_vs_Control",-0.219172682044643,9.84205136555262,-1.54915435597643,0.122117302519777,0.535859996651384,-4.48914908906466,FALSE
"Q96MT3","Low_vs_Control",0.262085333491321,11.8983140388106,1.54808916729878,0.122344733016891,0.535859996651384,-4.50231094601884,FALSE
"Q7L014","Low_vs_Control",0.262063936175529,15.5020302526097,1.54676626680065,0.122563595356087,0.535859996651384,-4.5478178465855,FALSE
"P62330","Low_vs_Control",-0.128281217763227,8.10021461074535,-1.54664256285493,0.122631979224844,0.535859996651384,-4.52217086264585,FALSE
"P04217","Low_vs_Control",0.335945647348346,12.4380485173458,1.54507305635526,0.122941379984871,0.535859996651384,-4.56472245311063,FALSE
"O43681","Low_vs_Control",-0.197517291581929,7.43949085083039,-1.54278212069348,0.123609988716269,0.537141587330698,-4.51836913516104,FALSE
"P47929","Low_vs_Control",-0.262556459818912,8.1738874006351,-1.53888917160752,0.124556383470936,0.539618893949615,-4.51775957896339,FALSE
"Q9Y274","Low_vs_Control",-0.079843542813288,9.55754211351743,-1.53470645566882,0.125468284340644,0.541932288387,-4.57848634966807,FALSE
"O43505","Low_vs_Control",0.133818903683705,6.86825754843453,1.53366277253622,0.12588677368439,0.542107007397643,-4.51149818280772,FALSE
"P05019","Low_vs_Control",0.11103494524238,9.19831238253774,1.52519851865027,0.127836242350999,0.548853806980037,-4.58421462659249,FALSE
"Q92743","Low_vs_Control",0.101192993190397,10.4139612254627,1.52151927394513,0.128741559460334,0.551090735122743,-4.59586307462329,FALSE
"P31946","Low_vs_Control",-0.133548364455985,10.2502027110045,-1.513886850214,0.130666235332998,0.556969627607776,-4.60585248725244,FALSE
"P55058","Low_vs_Control",0.146745329761252,14.1921866090707,1.5105542220891,0.131513616941992,0.556969627607776,-4.61019867474345,FALSE
"O00151","Low_vs_Control",-0.256836770021541,9.45181535159438,-1.50847191646126,0.132080613657458,0.556969627607776,-4.59331122744205,FALSE
"P05155","Low_vs_Control",0.107859841627469,14.0528173104416,1.50766273331668,0.132252286695299,0.556969627607776,-4.61396187542382,FALSE
"P11279","Low_vs_Control",0.14295477135253,7.52246288919169,1.50652848488718,0.132629361150859,0.556969627607776,-4.56970221059751,FALSE
"P32119","Low_vs_Control",-0.214280413354954,12.2089022187092,-1.50554602022406,0.132795367079041,0.556969627607776,-4.61671246082299,FALSE
"P02747","Low_vs_Control",0.246411065802494,12.4345676908911,1.50324461561336,0.133387471477085,0.556969627607776,-4.61969841559954,FALSE
"P68036","Low_vs_Control",-0.140483217900007,7.52212904401213,-1.50278147152934,0.133638982778422,0.556969627607776,-4.57117839116502,FALSE
"A0A0B4J1U7","Low_vs_Control",0.246854498082655,11.1752697746594,1.50222994021589,0.133667467971597,0.556969627607776,-4.61387099994898,FALSE
"O60493","Low_vs_Control",0.25322211388915,8.89002447936972,1.50124078741813,0.133998968985134,0.556969627607776,-4.58281532039795,FALSE
"P01275","Low_vs_Control",0.153280165854662,8.56785577326808,1.49125502885249,0.136507422966605,0.563666641950253,-4.634721980609,FALSE
"P62195","Low_vs_Control",-0.166584905928696,7.24423071732558,-1.48848275506694,0.137283773096792,0.563666641950253,-4.61749728227468,FALSE
"P37840","Low_vs_Control",-0.19797658019294,9.42125694333488,-1.48747917123048,0.137500030683587,0.563666641950253,-4.63990635580389,FALSE
"P13686","Low_vs_Control",0.130450671426866,7.34426926470753,1.48717004095597,0.137703691389793,0.563666641950253,-4.59151343693681,FALSE
"P60709","Low_vs_Control",-0.196358532872184,14.2064507890338,-1.48667532514474,0.137711073273175,0.563666641950253,-4.64106271236068,FALSE
"P08709","Low_vs_Control",0.0971336002951837,9.85551112963105,1.48555249127985,0.138007645243294,0.563666641950253,-4.64250177637218,FALSE
"P63104","Low_vs_Control",-0.1685107413618,10.7800932005082,-1.48421585459358,0.1383616861691,0.563666641950253,-4.64421372337035,FALSE
"P04899","Low_vs_Control",-0.107037479781429,8.58945578395016,-1.48142302182763,0.139104883642827,0.56412401799554,-4.64766004339183,FALSE
"O00487","Low_vs_Control",-0.235318392657853,7.99140823256454,-1.48118771238778,0.139260740844087,0.56412401799554,-4.60704356909173,FALSE
"Q8NBP7","Low_vs_Control",0.106265609412832,11.9395527897692,1.4782589390885,0.139948060453865,0.565311320255896,-4.65182470622551,FALSE
"P05543","Low_vs_Control",0.152645710724528,9.64764534408052,1.47482703015343,0.140868356716834,0.567430403179607,-4.65619579565754,FALSE
"P53004","Low_vs_Control",-0.165277041829655,7.07627500417191,-1.47152905574769,0.141840173165692,0.569744561119335,-4.63381016941665,FALSE
"O60245","Low_vs_Control",0.153246065450872,6.81571321717932,1.46733912321706,0.143010658336091,0.571941512011179,-4.61893626167723,FALSE
"P40967","Low_vs_Control",0.106313156392003,11.9951220317041,1.46626455788068,0.143184799729438,0.571941512011179,-4.66705760970322,FALSE
"Q96MF2","Low_vs_Control",-0.190092040099135,12.4265144029937,-1.46466816786449,0.143621378382508,0.572091823890324,-4.66894885456368,FALSE
"P20073","Low_vs_Control",-0.151224940779786,7.0479783207593,-1.46062436817426,0.144806490349268,0.572807609596795,-4.63848470886535,FALSE
"Q6UX71","Low_vs_Control",0.0846436933396895,10.1458188402371,1.45989255671591,0.144927584933594,0.572807609596795,-4.67510007063552,FALSE
"P08571","Low_vs_Control",0.100529446145197,12.3914008225993,1.45880240056415,0.145227375843952,0.572807609596795,-4.6764725419209,FALSE
"P06734","Low_vs_Control",0.126314144246839,9.34932414604806,1.45649868620822,0.145894656495476,0.572807609596795,-4.66434117208155,FALSE
"A0A0C4DH25","Low_vs_Control",0.237172140448285,10.4847808858784,1.45484994485445,0.146358730939327,0.572807609596795,-4.66638241786585,FALSE
"Q15063","Low_vs_Control",0.16301495546111,10.7413326574198,1.45439517129799,0.146444212911235,0.572807609596795,-4.68201074719291,FALSE
"P28300","Low_vs_Control",0.166505958632103,7.36475539157632,1.4543822256645,0.146597205524424,0.572807609596795,-4.6239710558658,FALSE
"P31948","Low_vs_Control",-0.169017888508455,8.40762555686478,-1.44961731625734,0.14778174606878,0.574781844474323,-4.68549157977658,FALSE
"O43396","Low_vs_Control",0.199974031467143,8.1037524571697,1.44880966288854,0.148062971515488,0.574781844474323,-4.66011055228435,FALSE
"P19013","Low_vs_Control",-0.200367958910372,13.0111766335587,-1.44771513743487,0.148304938950837,0.574781844474323,-4.6884614799466,FALSE
"P80303","Low_vs_Control",-0.135217778611933,6.41990452477667,-1.44603925475017,0.148938693269586,0.575420745120479,-4.62500594934998,FALSE
"P13497","Low_vs_Control",0.0866003042005641,9.72959859378141,1.44425955930451,0.149272327186066,0.575420745120479,-4.69468434740709,FALSE
"Q08380","Low_vs_Control",-0.0957873560487208,16.4013235042447,-1.43932293715887,0.150664831384403,0.578702204142899,-4.70082531128762,FALSE
"P04406","Low_vs_Control",-0.115745782077386,12.5489555375224,-1.43747636538658,0.151188250050813,0.578702204142899,-4.70311701952854,FALSE
"P61586","Low_vs_Control",0.125105694606615,8.61799617375704,1.43700850526835,0.15133425840557,0.578702204142899,-4.69853495514842,FALSE
"Q86SF2","Low_vs_Control",-0.109241861633866,6.62078727280319,-1.43427231150578,0.152273000002113,0.580743303199548,-4.63358059527398,FALSE
"P32942","Low_vs_Control",-0.0910105237541785,9.81024861689009,-1.43037654222634,0.153213673061779,0.5827809208769,-4.71190117837444,FALSE
"P09237","Low_vs_Control",-0.186082339861862,8.12898586320924,-1.42839656566587,0.153921887197708,0.583454822581345,-4.66460812371669,FALSE
"Q6P3X8","Low_vs_Control",0.176632020235886,9.49320918700145,1.42719956994075,0.15420458700023,0.583454822581345,-4.68678421391797,FALSE
"Q9Y4E8","Low_vs_Control",-0.150476903958044,8.05183432803224,-1.42543365167806,0.154654006490464,0.5836153823877,-4.71370252574891,FALSE
"P02746","Low_vs_Control",0.242347254011131,11.5647436324831,1.41947364024864,0.156364530124155,0.588521617317687,-4.72530683643448,FALSE
"P50281","Low_vs_Control",0.14207722986278,9.34572453002322,1.41539622308575,0.157565733116776,0.591236888878326,-4.72244697779243,FALSE
"Q9UNW1","Low_vs_Control",0.0978759089419334,10.2821792456045,1.41418350837541,0.157910549818967,0.591236888878326,-4.7317745105109,FALSE
"P13667","Low_vs_Control",0.108030138406162,7.94977799266388,1.41271034987169,0.158349102461592,0.591334929505007,-4.73087981623711,FALSE
"P53367","Low_vs_Control",-0.398240492259982,13.5447518029328,-1.41031505450002,0.159211917831625,0.59301270174169,-4.684738466002,FALSE
"O75147","Low_vs_Control",0.200455097382873,10.2118051514796,1.4064350835625,0.160337555927582,0.595658174093659,-4.6758351673753,FALSE
"P00747","Low_vs_Control",0.112178871900323,15.1471116388046,1.40311989867939,0.161181972184465,0.597247927939337,-4.74522365169367,FALSE
"Q8NI99","Low_vs_Control",0.13837765375451,11.9731478715837,1.40156117834453,0.161646970000982,0.597427203560329,-4.74711004685098,FALSE
"P18669","Low_vs_Control",-0.155998209973875,7.69748343142358,-1.39603513022408,0.163358130141599,0.601414030374144,-4.7283659474737,FALSE
"P04908;P0C0S8;P20671;Q16777;Q6FI13;Q7L7L0;Q93077;Q96KK5;Q99878;Q9BTM1","Low_vs_Control",-0.142190571501276,12.3839316519767,-1.39516909795373,0.163564485248198,0.601414030374144,-4.7548241311432,FALSE
"P07947","Low_vs_Control",-0.132312129267591,8.43811416613247,-1.39214611918459,0.164490326492322,0.601727904514713,-4.75341426471631,FALSE
"P01703","Low_vs_Control",0.191536037084786,10.631217429514,1.39209227566842,0.164502114738845,0.601727904514713,-4.75293436230397,FALSE
"Q15438","Low_vs_Control",0.194313099737375,9.71970733913443,1.39098756092057,0.16490869349671,0.601727904514713,-4.72558727880301,FALSE
"Q15149","Low_vs_Control",0.185873003546416,8.5477602581992,1.38685264470251,0.166095861661831,0.604521486352959,-4.75861666881886,FALSE
"P02748","Low_vs_Control",0.0901881383115892,15.2948779370257,1.38144591579056,0.167739220035099,0.607840491512551,-4.77126742003949,FALSE
"O95466","Low_vs_Control",-0.129189817191493,6.10681221070474,-1.38146095936594,0.167855533221039,0.607840491512551,-4.71562670362612,FALSE
"P07741","Low_vs_Control",-0.141299226207318,9.27218415610025,-1.37938287851609,0.16839400397032,0.608254412326041,-4.76674873191929,FALSE
"Q13418","Low_vs_Control",-0.166946787295547,9.43811860196204,-1.37430407737583,0.169943455284129,0.611464078917393,-4.77976111223273,FALSE
"P0C0L4","Low_vs_Control",0.140295389890408,13.7240905519051,1.37231347565196,0.17056155709266,0.611464078917393,-4.78212070233914,FALSE
"P55072","Low_vs_Control",-0.164999732897664,10.1057720205651,-1.3720819401693,0.170633678228123,0.611464078917393,-4.78239495726295,FALSE
"P19367","Low_vs_Control",0.323048888479521,7.38817626764663,1.37163451176686,0.170988211747472,0.611464078917393,-4.70026149756888,FALSE
"Q53H76","Low_vs_Control",0.131825809230813,8.04465915078055,1.36481801042114,0.172963997817538,0.615831736851623,-4.76161061613958,FALSE
"P0DOX8","Low_vs_Control",0.162876922241281,16.393142635804,1.36260653175576,0.173600690787313,0.615831736851623,-4.79357850969563,FALSE
"P08729","Low_vs_Control",0.391474592746958,12.9326978342219,1.36170939018039,0.173976708837192,0.615831736851623,-4.74831625978924,FALSE
"P08603","Low_vs_Control",0.207931453860029,12.5055715260178,1.36056558969503,0.174244756698597,0.615831736851623,-4.79597730644357,FALSE
"P10768","Low_vs_Control",-0.152818587823366,7.4977181009174,-1.35911601650167,0.174773657920007,0.615831736851623,-4.76650088029357,FALSE
"P07195","Low_vs_Control",-0.158701323737786,9.08367057608052,-1.35830923102288,0.174959745117755,0.615831736851623,-4.7966218196531,FALSE
"P11150","Low_vs_Control",0.10901837207075,8.13111801664874,1.3567074730436,0.175493228720053,0.615831736851623,-4.78298379431607,FALSE
"P22234","Low_vs_Control",-0.139940731932168,7.15262309393171,-1.35581282984212,0.175872864076476,0.615831736851623,-4.7512221289013,FALSE
"A0A0C4DH43","Low_vs_Control",0.325471812902682,9.51506966104754,1.35487035632209,0.176113598056316,0.615831736851623,-4.76403422762025,FALSE
"P56715","Low_vs_Control",0.0844987699529547,10.7047940827471,1.35158219354908,0.177114738307717,0.615831736851623,-4.79775532822247,FALSE
"Q9HC84","Low_vs_Control",0.1992912652267,8.7834549064345,1.34561259802695,0.179031054329268,0.615831736851623,-4.80892385319556,FALSE
"P60891","Low_vs_Control",-0.125982240638738,8.4712783370829,-1.34362882546415,0.179663054032339,0.615831736851623,-4.81496144188548,FALSE
"P15907","Low_vs_Control",0.0987668591772195,9.27991483949472,1.34255227788331,0.180006771006391,0.615831736851623,-4.81699435450324,FALSE
"P10643","Low_vs_Control",0.173312738458529,12.1288698966017,1.34234970396141,0.180072657093588,0.615831736851623,-4.81722914402965,FALSE
"P02774","Low_vs_Control",0.212785983375509,13.6441943480303,1.34174627164125,0.18026817222125,0.615831736851623,-4.81792828470565,FALSE
"P11021","Low_vs_Control",0.0628613148130093,10.2442707443452,1.34050182919668,0.180671590881183,0.615831736851623,-4.81936910535395,FALSE
"P49257","Low_vs_Control",0.106285849530479,7.84956743853168,1.34055989435437,0.180691646059045,0.615831736851623,-4.80140946738656,FALSE
"O75368","Low_vs_Control",-0.168395007811514,7.36939368841881,-1.33992782194547,0.180936896768219,0.615831736851623,-4.78228502715372,FALSE
"P10321","Low_vs_Control",0.139476045904416,8.17496424893124,1.33812177074321,0.1815332943279,0.615831736851623,-4.77828781841377,FALSE
"P01706","Low_vs_Control",0.239584531578505,11.4519305061422,1.33718741063824,0.181775339878715,0.615831736851623,-4.8028136813523,FALSE
"P02750","Low_vs_Control",0.314196217645549,9.88420508356734,1.33627390583683,0.182048472422467,0.615831736851623,-4.82425436460095,FALSE
"P00915","Low_vs_Control",-0.251878728770928,12.0032625881663,-1.33371633064333,0.182884987845717,0.615831736851623,-4.82720213746278,FALSE
"P27482","Low_vs_Control",-0.10591110331328,10.657679949842,-1.33338161927356,0.182995528345899,0.615831736851623,-4.82721443755945,FALSE
"P68366","Low_vs_Control",-0.195665735474813,10.385735248008,-1.33270423010847,0.183217947711049,0.615831736851623,-4.82823029867245,FALSE
"P35813","Low_vs_Control",0.149903452241262,6.70302114116665,1.33305416694296,0.183232429870109,0.615831736851623,-4.775257184631,FALSE
"Q15084","Low_vs_Control",-0.162887478749403,7.7711926391785,-1.33230385276115,0.183375280080644,0.615831736851623,-4.81589869946937,FALSE
"P35858","Low_vs_Control",0.112928018172784,12.5044784332814,1.32368191727538,0.186194300122315,0.623837912092057,-4.83871333955833,FALSE
"Q9Y696","Low_vs_Control",-0.107494839238897,7.47939537963789,-1.31871041894113,0.187865459758607,0.627969858493805,-4.83960606269594,FALSE
"Q14767","Low_vs_Control",0.110827204592589,9.55989713764494,1.31412805810228,0.189387590649316,0.631585593002604,-4.84945502110881,FALSE
"P21980","Low_vs_Control",-0.198681688228198,8.00459162516557,-1.31168795880889,0.190275154353587,0.63307325137597,-4.82581630600105,FALSE
"P02749","Low_vs_Control",0.172576348737067,13.9036683398441,1.30838126056268,0.19132626128867,0.635096895111001,-4.85609975288647,FALSE
"P02655","Low_vs_Control",-0.134366792193294,16.9929019020669,-1.30681854119189,0.191856018295049,0.635384596385913,-4.85786422234255,FALSE
"Q8NDA2","Low_vs_Control",0.143979791694004,6.0251300952881,1.30577625641791,0.192344308073437,0.635533958012232,-4.79590711398937,FALSE
"Q9UGM3","Low_vs_Control",0.142983634947816,8.58574696623246,1.30288285403672,0.193211518028965,0.636931762881691,-4.85454716299984,FALSE
"Q13421","Low_vs_Control",-0.134165951755664,7.26485029559722,-1.30187744082834,0.19366599556708,0.636965682667872,-4.82095963723337,FALSE
"P05546","Low_vs_Control",0.0961337657247014,16.122375048644,1.29986570979085,0.194226831908998,0.637348459856986,-4.86568925872979,FALSE
"Q9Y251","Low_vs_Control",-0.189348726163413,6.81611378046278,-1.29646528985466,0.195577240387557,0.639216029091443,-4.80172494469775,FALSE
"Q504Y2","Low_vs_Control",0.111548789087921,7.74315367848256,1.2957279980994,0.195687473341104,0.639216029091443,-4.85114591096962,FALSE
"Q96AP7","Low_vs_Control",-0.214748321140804,6.67985410262596,-1.29488939948291,0.196158856095249,0.639299544637699,-4.77999457995161,FALSE
"Q13103","Low_vs_Control",0.0779509201068969,16.3500664835058,1.29183364657472,0.196992531500795,0.640560748689661,-4.87467732081898,FALSE
"Q15404","Low_vs_Control",-0.16792435790344,9.78738643092818,-1.28929109095579,0.197875413670478,0.641975889600602,-4.8773711885164,FALSE
"P68402","Low_vs_Control",-0.114705820996733,7.94367826836928,-1.28515297796743,0.199363172444201,0.645342639469491,-4.8591398262706,FALSE
"A6NM11;A6NMS7","Low_vs_Control",-0.127043767021466,7.36340842029962,-1.28006316930886,0.201161861576319,0.649698444820813,-4.85965496143181,FALSE
"Q5H9R7","Low_vs_Control",0.167948727765749,6.11440002756601,1.27894874590712,0.201650195307352,0.649812090046613,-4.82256825744584,FALSE
"P26927","Low_vs_Control",0.20634472934643,8.47888431064865,1.2758117889647,0.202609469008513,0.65143941380764,-4.88151516520993,FALSE
"Q01518","Low_vs_Control",-0.20131849477997,10.0506914226332,-1.26965487185641,0.204779646498739,0.655282633581662,-4.89920860199671,FALSE
"P05156","Low_vs_Control",0.204364109149319,11.9493637813815,1.26879216270728,0.205087010927487,0.655282633581662,-4.90015429790036,FALSE
"P16401","Low_vs_Control",-0.163428953599626,9.26557840171906,-1.26818954186551,0.205309764934663,0.655282633581662,-4.89795496083651,FALSE
"P48735","Low_vs_Control",0.156220001287073,7.93761550574844,1.26645770698703,0.205956568660293,0.655282633581662,-4.87857140244718,FALSE
"Q9NQ38","Low_vs_Control",0.109958774326246,8.89533883675009,1.26599634236793,0.206089586991164,0.655282633581662,-4.90216493086033,FALSE
"Q9NZ53","Low_vs_Control",0.0986856274162005,8.56314993063805,1.25597558106843,0.20969378134699,0.663842528299225,-4.91374198052848,FALSE
"P13671","Low_vs_Control",0.136331578526315,12.9137740337799,1.25548000189052,0.209872274969599,0.663842528299225,-4.91466614866659,FALSE
"Q9UBX1","Low_vs_Control",0.0930492566149557,7.94291786844761,1.25242588204955,0.210992718854998,0.663842528299225,-4.91023021939757,FALSE
"P07358","Low_vs_Control",0.101893048432073,12.7148397645034,1.24917223435069,0.212167932239034,0.663842528299225,-4.92148926837133,FALSE
"P32004","Low_vs_Control",-0.135852189749897,7.67195997254934,-1.24881191031479,0.212338210053128,0.663842528299225,-4.89992119226619,FALSE
"O75487","Low_vs_Control",0.079776201781101,8.66428219070161,1.24833212059893,0.212476148808603,0.663842528299225,-4.92225302981037,FALSE
"Q86TY3","Low_vs_Control",-0.0896178606947657,8.87911592402595,-1.24753994006815,0.212764944007489,0.663842528299225,-4.92324936403533,FALSE
"Q5QJ74","Low_vs_Control",-0.211903808051893,8.65474622595576,-1.24768478391638,0.212854815410358,0.663842528299225,-4.82746424514186,FALSE
"P07384","Low_vs_Control",-0.0744916249751135,10.3656378061265,-1.24703986053588,0.212948091365163,0.663842528299225,-4.92378814016835,FALSE
"P04083","Low_vs_Control",-0.135061514561067,7.6971445746637,-1.24039368777404,0.215397403214096,0.667511415115486,-4.92999556663847,FALSE
"Q99435","Low_vs_Control",0.133773392780089,9.4535613939867,1.23866957983323,0.216039403039012,0.667511415115486,-4.93042543496939,FALSE
"Q08174","Low_vs_Control",0.099070439774259,9.59603723157579,1.2369238455352,0.216677484901508,0.667511415115486,-4.93464087346422,FALSE
"Q9NRY5","Low_vs_Control",-0.127083858340246,7.37662455431671,-1.23697385155644,0.216698526725407,0.667511415115486,-4.91632322384688,FALSE
"O60936","Low_vs_Control",0.119580299102477,7.33259516108405,1.23696792331572,0.216791041339401,0.667511415115486,-4.86435001487739,FALSE
"P01031","Low_vs_Control",0.138599044991915,11.134164454321,1.23365622709672,0.217892146252001,0.667511415115486,-4.93812770120446,FALSE
"P48061","Low_vs_Control",0.13558437817643,10.1716682095375,1.23307397727828,0.218151103454295,0.667511415115486,-4.91857083285074,FALSE
"Q96KN2","Low_vs_Control",0.108502394318785,12.2784305078378,1.23146343922081,0.21871001204257,0.667511415115486,-4.94046245592762,FALSE
"P51693","Low_vs_Control",-0.0944360642657376,12.1039767546521,-1.23113979932761,0.218830910267426,0.667511415115486,-4.94080669969207,FALSE
"P55103","Low_vs_Control",0.0901170014952903,10.8468215213245,1.23030991456598,0.219141140210936,0.667511415115486,-4.94168900663402,FALSE
"Q9NPG4","Low_vs_Control",0.0914464722670623,9.62371849909093,1.23003125346018,0.219245381115337,0.667511415115486,-4.94198513767042,FALSE
"Q6UWP8","Low_vs_Control",0.105792877925106,8.89885793104355,1.22715992262838,0.220321561835473,0.669150967219449,-4.94503259829132,FALSE
"P52907","Low_vs_Control",-0.1170961190284,9.03677609212872,-1.22611565250601,0.220717160038214,0.669150967219449,-4.94545811255531,FALSE
"Q9Y6C2","Low_vs_Control",-0.116634569907822,10.5048305787073,-1.22245341841725,0.222093779768748,0.670028992114909,-4.95001249983164,FALSE
"P55268","Low_vs_Control",0.0874898064901153,7.86983177273408,1.21764026964692,0.223917798438288,0.670028992114909,-4.95295066772718,FALSE
"Q9BWP8","Low_vs_Control",0.0976455711221291,13.9202345988669,1.21667531088742,0.224283478126499,0.670028992114909,-4.95610025674126,FALSE
"P10599","Low_vs_Control",-0.120615721199492,9.24802108670995,-1.21572836980464,0.224645964218938,0.670028992114909,-4.95279580839609,FALSE
"O75874","Low_vs_Control",0.103003325607265,8.15293119746065,1.21320266849864,0.225610147968785,0.670028992114909,-4.95707403365193,FALSE
"O95810","Low_vs_Control",-0.208612253480684,8.72538288428152,-1.21238494836608,0.225929460334695,0.670028992114909,-4.95554010849685,FALSE
"Q01469","Low_vs_Control",-0.142093977785082,9.1148334773119,-1.21234616634748,0.225941793960866,0.670028992114909,-4.9569151715086,FALSE
"P14314","Low_vs_Control",0.066814488215762,12.3963969596479,1.21231570455321,0.225945828127907,0.670028992114909,-4.96067452775898,FALSE
"Q9UQ53","Low_vs_Control",-0.0932700642271467,7.23577307929083,-1.20630637903073,0.228286904538418,0.670028992114909,-4.95258191900876,FALSE
"P21333","Low_vs_Control",-0.192971232005972,10.0990642249665,-1.20553757053568,0.228548133379693,0.670028992114909,-4.96775390872211,FALSE
"Q9NS62","Low_vs_Control",-0.0756385799829644,9.42991048023247,-1.20375101087482,0.229240471893474,0.670028992114909,-4.9673312232308,FALSE
"Q9UHC1","Low_vs_Control",-0.208616078433831,9.54775856715062,-1.20322471060909,0.229518893377053,0.670028992114909,-4.9199270774465,FALSE
"P42566","Low_vs_Control",-0.171893841531387,6.87128101687828,-1.20326536382435,0.229529262033444,0.670028992114909,-4.92367618856249,FALSE
"P84077","Low_vs_Control",-0.0955458777633744,10.1379746662053,-1.20038197312586,0.230541311127467,0.670028992114909,-4.9731124151179,FALSE
"P20618","Low_vs_Control",-0.118896574168643,7.57837418192852,-1.19996799502631,0.230776921545088,0.670028992114909,-4.93642832154602,FALSE
"P07602","Low_vs_Control",-0.0880247419969837,8.97643483135227,-1.19715916443896,0.231815821879984,0.670028992114909,-4.96332791266752,FALSE
"Q92765","Low_vs_Control",0.11657536839193,8.09648803952091,1.19709523767501,0.231906075167163,0.670028992114909,-4.92692054635073,FALSE
"Q9Y2V2","Low_vs_Control",-0.128327424264861,8.03328354571219,-1.19660128744469,0.232063364379626,0.670028992114909,-4.95240117122523,FALSE
"P23471","Low_vs_Control",0.0713394534020111,11.5772037630319,1.19594595018885,0.232266424262496,0.670028992114909,-4.97770467280115,FALSE
"O60814;P57053;P58876;P62807;Q5QNW6;Q93079;Q99877;Q99879","Low_vs_Control",-0.115448191309746,12.3868622626891,-1.19524105136509,0.232541394340105,0.670028992114909,-4.97843284217219,FALSE
"P11049","Low_vs_Control",-0.094946040291493,11.2325932902348,-1.19504019382209,0.232621919150615,0.670028992114909,-4.97797954858516,FALSE
"P28066","Low_vs_Control",-0.105488519305731,7.43863063135397,-1.19356549126952,0.233252045254877,0.670028992114909,-4.94822845234946,FALSE
"P06681","Low_vs_Control",0.20471149338097,10.8788243922766,1.19263923542001,0.233558593680198,0.670028992114909,-4.98111674571626,FALSE
"P69892","Low_vs_Control",-0.233904588973244,10.4969905749137,-1.19167885678053,0.233964963773886,0.670028992114909,-4.9669448632444,FALSE
"P02042","Low_vs_Control",-0.191046800537368,13.3152568997381,-1.19011799591346,0.234547045487914,0.670028992114909,-4.98371209197597,FALSE
"P04062","Low_vs_Control",-0.100406808976814,7.20603470976408,-1.18897875975359,0.235058149321192,0.670028992114909,-4.94384780609906,FALSE
"Q00839","Low_vs_Control",-0.104949907452046,7.64856353819501,-1.18836300107075,0.235265513230163,0.670028992114909,-4.9715780187084,FALSE
"P22105","Low_vs_Control",0.0794083912497214,13.222275125769,1.18784565897143,0.235440192660926,0.670028992114909,-4.98604665749407,FALSE
"P11142","Low_vs_Control",-0.0787933482956653,10.7835067653483,-1.18744762451769,0.235596935817908,0.670028992114909,-4.98645511606862,FALSE
"Q99972","Low_vs_Control",0.102908626981094,7.29077527919728,1.18574862129246,0.236300429217986,0.670028992114909,-4.96361509837029,FALSE
"Q96PL5","Low_vs_Control",0.130636637357182,7.05796720000252,1.18555687451651,0.236466901482564,0.670028992114909,-4.93360278780381,FALSE
"Q9Y490","Low_vs_Control",-0.197762914210191,10.2847926146747,-1.17942439281935,0.238772493877976,0.670028992114909,-4.99465933802341,FALSE
"P05062","Low_vs_Control",0.329558691163372,9.19495338595592,1.17908647420156,0.239006438546958,0.670028992114909,-4.95571290128924,FALSE
"P26641","Low_vs_Control",-0.167501786735411,7.3601558499732,-1.17645389126638,0.240000039917161,0.670028992114909,-4.97183815143209,FALSE
"P30613","Low_vs_Control",-0.116648052405065,10.1668166655459,-1.1760567284717,0.240117172991285,0.670028992114909,-4.99715507696281,FALSE
"P01137","Low_vs_Control",-0.139829945891806,8.42090726992837,-1.17591163375453,0.240235158535622,0.670028992114909,-4.97286502198277,FALSE
"P26447","Low_vs_Control",-0.0881620022395495,10.5680924648473,-1.17528977062454,0.240420331942251,0.670028992114909,-4.99886582555627,FALSE
"P78509","Low_vs_Control",0.115044995017474,11.8255068890069,1.17480343080093,0.240614718978735,0.670028992114909,-4.99935963952657,FALSE
"O00410","Low_vs_Control",-0.131521522645729,6.1770352576348,-1.17506289482016,0.240640922164823,0.670028992114909,-4.92729979660603,FALSE
"P0DP02","Low_vs_Control",0.15009339479742,12.1904644250878,1.17417429047847,0.24086661009794,0.670028992114909,-4.99999802516143,FALSE
"O43173","Low_vs_Control",-0.119342718663921,6.83773208411518,-1.171728508816,0.241972752419252,0.670028992114909,-4.94199508130203,FALSE
"P22626","Low_vs_Control",0.190044778075894,7.52535275123099,1.17067051431694,0.242377764027239,0.670028992114909,-4.9392253884281,FALSE
"P59998","Low_vs_Control",-0.13533168336709,9.16801250214856,-1.1699759882784,0.242551287066685,0.670028992114909,-5.00398340189845,FALSE
"P27824","Low_vs_Control",0.0648162747100773,10.9940752818956,1.16956057623619,0.242717308363935,0.670028992114909,-5.00467016753877,FALSE
"Q9NT22","Low_vs_Control",0.0934797265448912,7.73179515858147,1.167766165913,0.243480252315561,0.670028992114909,-4.99136834616365,FALSE
"P68104;Q5VTE0","Low_vs_Control",-0.102122620090949,9.98705965850014,-1.16577803309567,0.244242279728168,0.670028992114909,-5.0084868730671,FALSE
"P02790","Low_vs_Control",0.197413031557341,15.0454009089426,1.16501853586593,0.244549551810295,0.670028992114909,-5.00925162132282,FALSE
"Q9BXR6","Low_vs_Control",0.105396037165898,9.69346166008804,1.16381594647394,0.245038055376455,0.670028992114909,-5.0099225937354,FALSE
"A0A0A0MS15","Low_vs_Control",0.197858204781767,10.9630697454727,1.16309148507501,0.245332879545562,0.670028992114909,-5.00918780010219,FALSE
"A0A075B6J9","Low_vs_Control",0.212458115487754,9.24820948052288,1.16273464752726,0.245518280452952,0.670028992114909,-4.97425509924496,FALSE
"O43488","Low_vs_Control",-0.13536983182954,7.01275497108747,-1.16250442725756,0.245702782519125,0.670028992114909,-4.94441173072674,FALSE
"Q16181","Low_vs_Control",0.565660969691715,11.5292816379683,1.15946200393783,0.246896408612393,0.670028992114909,-4.97069793367593,FALSE
"Q99536","Low_vs_Control",-0.0752890708096539,7.93609877763679,-1.15875448958494,0.247098053143664,0.670028992114909,-5.01228356447658,FALSE
"Q7Z7G0","Low_vs_Control",0.0659922558898369,13.2938354644499,1.15640276865521,0.248051063771043,0.670028992114909,-5.01789382729511,FALSE
"Q9H4G4","Low_vs_Control",0.0637688243070755,8.3465501752719,1.15564486020895,0.248362857999503,0.670028992114909,-5.01741997969551,FALSE
"P58546","Low_vs_Control",-0.134597352185581,7.86783611763544,-1.15512765053803,0.248635917939044,0.670028992114909,-4.98116602789375,FALSE
"O00231","Low_vs_Control",-0.127710715292666,6.96667765115262,-1.15440761362467,0.24891297301678,0.670028992114909,-4.99470389959457,FALSE
"P24666","Low_vs_Control",-0.137784058187885,8.1418037038342,-1.15449823217138,0.248947042584208,0.670028992114909,-4.94113556958338,FALSE
"P35579","Low_vs_Control",-0.196820552523087,10.4411235829615,-1.15330926304339,0.249317185192136,0.670028992114909,-5.02098108818101,FALSE
"P03950","Low_vs_Control",0.200409967638276,9.90542169721947,1.15286820389622,0.249505365226671,0.670028992114909,-5.01812816639552,FALSE
"P52565","Low_vs_Control",-0.09533040171931,7.89915493703764,-1.15290213044303,0.249508704176682,0.670028992114909,-5.00443621374203,FALSE
"P0DMV8;P0DMV9","Low_vs_Control",-0.0934245635797453,9.52518110986982,-1.15110490267906,0.250221708730525,0.670487653833735,-5.02317620899345,FALSE
"P37802","Low_vs_Control",-0.186750393906753,9.42125575720084,-1.14518588295671,0.252664869001647,0.670487653833735,-5.02849612320857,FALSE
"P09871","Low_vs_Control",0.0659929984596914,16.6767887059155,1.14418310794026,0.253077707921188,0.670487653833735,-5.03004143670877,FALSE
"P45974","Low_vs_Control",-0.123280319016605,8.18500084255265,-1.14403879571996,0.253147951824864,0.670487653833735,-5.02629013184627,FALSE
"P15153","Low_vs_Control",-0.0858588507480018,10.4905117800854,-1.14373456293865,0.253265623065327,0.670487653833735,-5.02981070781164,FALSE
"Q9BX97","Low_vs_Control",-0.106806028023286,7.53012937643183,-1.14365677922999,0.253347575279743,0.670487653833735,-5.007819217832,FALSE
"Q6ZN30","Low_vs_Control",-0.0968906519448947,15.4546574286397,-1.14347252575383,0.253393512955578,0.670487653833735,-5.01635113720115,FALSE
"O75787","Low_vs_Control",0.0818283292824056,9.90727067351303,1.14247488644929,0.253786026466162,0.670487653833735,-5.03172936449054,FALSE
"P68371","Low_vs_Control",-0.116929816495517,10.4344693288433,-1.14144721870528,0.254212817787946,0.670487653833735,-5.03274361551819,FALSE
"Q9UQ16","Low_vs_Control",0.127403298428466,7.24601071817075,1.14136595848474,0.254355149013634,0.670487653833735,-4.98320751361431,FALSE
"Q93098","Low_vs_Control",-0.150037813475064,11.1780404816269,-1.13814002750593,0.255672445199213,0.67185262067881,-4.96623312910088,FALSE
"P13224","Low_vs_Control",-0.121638082752209,10.663799565686,-1.13493873469009,0.256930502447764,0.67185262067881,-5.03780163915264,FALSE
"Q96C19","Low_vs_Control",-0.112663345890375,6.95015358455059,-1.13319528359617,0.257781061854055,0.67185262067881,-4.95873755342382,FALSE
"O15031","Low_vs_Control",0.0968003088705167,7.20484908841466,1.13289747406571,0.257852007340437,0.67185262067881,-5.00961980875404,FALSE
"P06753","Low_vs_Control",-0.128981017602896,9.86391728638708,-1.132721888812,0.257862813173115,0.67185262067881,-5.0383160346913,FALSE
"P27169","Low_vs_Control",0.0669699516001536,16.6663465633861,1.13201257092939,0.258154448777531,0.67185262067881,-5.04201267654318,FALSE
"B2RUZ4","Low_vs_Control",-0.104932706226384,8.67884396697463,-1.13179270365432,0.25832774866808,0.67185262067881,-5.00221105041593,FALSE
"P30153","Low_vs_Control",-0.105032424589144,7.80990363272113,-1.13054161770381,0.25878848345811,0.67185262067881,-5.03560590744128,FALSE
"O95373","Low_vs_Control",-0.11932031633166,9.16848053035301,-1.12979618864511,0.259089608950755,0.67185262067881,-5.04347117578573,FALSE
"Q16610","Low_vs_Control",0.0839624852663903,12.6860159248413,1.12862974526259,0.259578031316737,0.671904146043683,-5.04531749871809,FALSE
"O60462","Low_vs_Control",0.0643093751542327,12.5032800454561,1.12178521899354,0.262475040495769,0.672342227412817,-5.05197411622395,FALSE
"Q9NYQ8","Low_vs_Control",0.191594948964949,7.97257985736701,1.12164367398372,0.262572185994023,0.672342227412817,-5.0366391313788,FALSE
"Q9H4B7","Low_vs_Control",-0.188923573018966,9.64722804697178,-1.12082202692648,0.262887808725125,0.672342227412817,-5.05181882047788,FALSE
"Q96KP4","Low_vs_Control",-0.162314363235074,7.28421600531451,-1.12086309405562,0.262912234279582,0.672342227412817,-5.03197701906449,FALSE
"A0A075B6H9","Low_vs_Control",0.206250844537381,10.7326796179892,1.12029947675409,0.263118430499629,0.672342227412817,-5.04749497717107,FALSE
"Q93008","Low_vs_Control",-0.120327543943702,6.32852120707941,-1.12047407065527,0.263171752070173,0.672342227412817,-4.97576423264292,FALSE
"P07339","Low_vs_Control",-0.107281444862481,9.15164380099346,-1.11756516179408,0.264272338703054,0.672342227412817,-5.05605824872185,FALSE
"O75081","Low_vs_Control",0.139461217083115,13.2397151529352,1.11746317061122,0.264327277301721,0.672342227412817,-5.04340312590719,FALSE
"Q13642","Low_vs_Control",-0.141233247843871,8.98901150375506,-1.11661151073097,0.264726904990992,0.672342227412817,-5.03228449957235,FALSE
"P22466","Low_vs_Control",0.133485909666895,8.37166519063389,1.1152044878008,0.265368125346094,0.672342227412817,-5.027605281741,FALSE
"P10301","Low_vs_Control",0.0971208818133196,7.0895786932712,1.11443863066234,0.265764465846556,0.672342227412817,-4.97036264066132,FALSE
"Q99439","Low_vs_Control",-0.180654034825415,7.56167246059782,-1.11281761182183,0.266384557094633,0.672342227412817,-5.01318251035153,FALSE
"Q9UBS3","Low_vs_Control",0.103017489993389,7.56776865225185,1.11254027584487,0.266491475924941,0.672342227412817,-5.02177440208869,FALSE
"Q9BXN1","Low_vs_Control",0.071819370084846,11.377653916495,1.11027157690584,0.267398661594294,0.672342227412817,-5.06308081868606,FALSE
"P69905","Low_vs_Control",-0.191833919354121,17.1539622560751,-1.10978024327334,0.267610430810844,0.672342227412817,-5.06355210046222,FALSE
"A0A0B4J1V0","Low_vs_Control",0.17213779141631,10.0373370859778,1.10956580610184,0.267719297146006,0.672342227412817,-5.05248368607985,FALSE
"P54920","Low_vs_Control",-0.0980549716546886,8.26679537858407,-1.10748323119436,0.268608676148157,0.672342227412817,-5.06325365422284,FALSE
"P60660","Low_vs_Control",-0.171789950488492,9.96262206492936,-1.10737842009937,0.268647071482393,0.672342227412817,-5.06570284575394,FALSE
"O75223","Low_vs_Control",-0.122084651077356,7.49840891417361,-1.10744791058115,0.268655576225623,0.672342227412817,-5.03640265503592,FALSE
"Q10472","Low_vs_Control",-0.0576506035307229,9.00230464286026,-1.10320928148921,0.270451052253542,0.674442199125911,-5.0687332599241,FALSE
"P36871","Low_vs_Control",0.124074646484487,7.5611047153722,1.10304959952866,0.270536800217168,0.674442199125911,-5.05730202041089,FALSE
"Q9UHG3","Low_vs_Control",0.0884451225475047,10.7060245011171,1.10215953707841,0.270905653205387,0.674442199125911,-5.07083771141787,FALSE
"O00560","Low_vs_Control",-0.125482474325796,9.45646516166365,-1.100711103429,0.271546302381852,0.674865507132712,-5.06874189170915,FALSE
"P02649","Low_vs_Control",-0.082308072186958,16.6189518482943,-1.09806401248696,0.272688184109683,0.676388137404803,-5.0747324394605,FALSE
"Q15389","Low_vs_Control",-0.133932753876355,7.65306087929545,-1.09722682416146,0.273102323261772,0.676388137404803,-5.04428126922679,FALSE
"P52566","Low_vs_Control",-0.114569426155064,8.93340247218485,-1.09282439640945,0.274987374907796,0.679882578651344,-5.07716638765301,FALSE
"Q8NFL0","Low_vs_Control",0.0870741265271189,7.59887944552173,1.08752201910417,0.277385131019733,0.684630426647672,-5.05222241977184,FALSE
"P17844","Low_vs_Control",-0.206673939416419,11.6795023330539,-1.08605154982721,0.277995431575183,0.684957815942977,-5.06452620785586,FALSE
"Q9HBI1","Low_vs_Control",-0.155091293003114,9.33070673825361,-1.08419933984301,0.278787469706086,0.685034660001587,-5.08628310126791,FALSE
"P09960","Low_vs_Control",-0.151808844310099,7.8663145966725,-1.0837901727472,0.278982037267034,0.685034660001587,-5.07640811595126,FALSE
"P00450","Low_vs_Control",0.174711891308643,12.0445690265253,1.08194410622239,0.279782508646008,0.685825841706626,-5.08992174338378,FALSE
"P22792","Low_vs_Control",0.103905367917189,13.3465695236186,1.07993356267915,0.280675811815768,0.686841491712988,-5.09180072330536,FALSE
"Q96P63","Low_vs_Control",0.150987078784707,8.82190578651747,1.07854578038954,0.281316372931707,0.687236250058037,-5.07658395745687,FALSE
"P01876","Low_vs_Control",0.140328412422116,15.97423772424,1.07510501235284,0.282829946591381,0.689758747299388,-5.09629856170886,FALSE
"O60234","Low_vs_Control",-0.138011609718401,7.31918704538928,-1.07066437326786,0.284975008482199,0.693810122518631,-5.01085364697621,FALSE
"Q7LDG7","Low_vs_Control",0.167767905309942,6.57738088554402,1.06858879768543,0.285920696789104,0.69493267660267,-5.0202604408327,FALSE
"Q9UK55","Low_vs_Control",0.0827030568547507,13.0558875966734,1.06687595127631,0.286526302182924,0.695062613915094,-5.10391823062168,FALSE
"P51884","Low_vs_Control",0.0605890683560126,16.8961350238487,1.06430111155679,0.287689644986349,0.695062613915094,-5.10629037837269,FALSE
"P62993","Low_vs_Control",-0.136626238680406,6.8668401127139,-1.06403209473737,0.287968362266947,0.695062613915094,-5.02051399141602,FALSE
"Q14203","Low_vs_Control",0.141841385303577,9.92550165201488,1.06357105092082,0.288032145217974,0.695062613915094,-5.09418044295102,FALSE
"P07900","Low_vs_Control",-0.076970200971509,10.2909806704996,-1.06219526588897,0.28864346325435,0.695062613915094,-5.1082262115798,FALSE
"P10809","Low_vs_Control",0.23292538200545,7.54035246871298,1.06178378236964,0.288882369521197,0.695062613915094,-5.08431876547415,FALSE
"A0A0C4DH67","Low_vs_Control",0.151254830270391,8.29543979228389,1.06057517344579,0.289436867121803,0.695230263739808,-5.05891795402539,FALSE
"Q9Y6Z7","Low_vs_Control",0.0881155162691432,14.5112113842738,1.05748726107957,0.290783623636804,0.696021834158598,-5.11254032294245,FALSE
"O14594","Low_vs_Control",-0.0679179359463564,11.5722738638009,-1.05622127369908,0.29136093666692,0.696021834158598,-5.11369713854817,FALSE
"P29992","Low_vs_Control",-0.104843817969429,7.59480127989819,-1.0546871993517,0.292089789042191,0.696021834158598,-5.10132402292467,FALSE
"P30086","Low_vs_Control",-0.110921315714086,7.93832618747325,-1.05455194122141,0.292153753550662,0.696021834158598,-5.09127762701285,FALSE
"Q8IWU5","Low_vs_Control",0.100276070537412,7.51728422111623,1.05458216325432,0.292193266501727,0.696021834158598,-5.07170357709234,FALSE
"P25815","Low_vs_Control",-0.189137792541707,7.69456241886548,-1.05318310137213,0.292907109365932,0.696565165556792,-5.00780988878942,FALSE
"P35052","Low_vs_Control",0.0623657562884272,8.00997159771454,1.05126951281178,0.293626447866848,0.696659420707859,-5.11820864159954,FALSE
"P12821","Low_vs_Control",0.0910019988685917,8.04645568406355,1.05063747578877,0.293918374845366,0.696659420707859,-5.11795898857304,FALSE
"O43866","Low_vs_Control",0.090014094328307,15.9400790652588,1.0463839224198,0.295874219855076,0.699578914014491,-5.12151343716815,FALSE
"O75955","Low_vs_Control",0.108903558074167,7.36151144756256,1.04585943249612,0.296125802515199,0.699578914014491,-5.11675541890475,FALSE
"Q16378","Low_vs_Control",0.16966919378088,10.1736219404188,1.0445865828481,0.296761246762644,0.699927019502685,-5.06800657291431,FALSE
"Q15166","Low_vs_Control",0.0611465837470249,16.2220867303264,1.0400371381378,0.298809273240566,0.703600160635421,-5.12836414284771,FALSE
"P61978","Low_vs_Control",-0.124082957307646,7.44936574106206,-1.03533607263097,0.301027426429658,0.707661195901851,-5.1066771162895,FALSE
"P22735","Low_vs_Control",-0.208164018942343,8.95865571201496,-1.03423865453853,0.301568936587603,0.707773903546027,-5.08433713831986,FALSE
"Q9HCB6","Low_vs_Control",0.116832696331511,7.49179983344024,1.03285698433724,0.302222563551295,0.708148947929016,-5.0819184853477,FALSE
"O14672","Low_vs_Control",0.0708610020784626,8.33314537849023,1.02999648903161,0.3034965712218,0.709974034473183,-5.13676106286092,FALSE
"P61160","Low_vs_Control",-0.126197030173246,8.50583292500608,-1.02721906394125,0.304806775954834,0.711537174274126,-5.1373619163598,FALSE
"P12259","Low_vs_Control",-0.0579321122855845,18.036978549636,-1.02645606634523,0.305157156330954,0.711537174274126,-5.14049816113752,FALSE
"P01880","Low_vs_Control",0.267566446026162,9.82989349130563,1.02160500371938,0.307515293867452,0.715871641892738,-5.0851114430173,FALSE
"A0A087WSY6","Low_vs_Control",-0.175268836433482,11.7799661557748,-1.02033944916667,0.308207853761423,0.716132238993057,-5.03683455403243,FALSE
"P35749","Low_vs_Control",-0.19454237986448,9.51539693248618,-1.01944623895664,0.3086260276832,0.716132238993057,-5.04277598759825,FALSE
"Q8WWA0","Low_vs_Control",0.0884236566667234,11.3604989593014,1.01696368387971,0.309646857130235,0.717340215064228,-5.14888487913569,FALSE
"P50552","Low_vs_Control",-0.159582406027875,7.4214041676974,-1.01366795046434,0.311340172011398,0.718042586515166,-5.07650011838327,FALSE
"Q15848","Low_vs_Control",0.139365886854074,7.72624452217268,1.0135479763577,0.311360120846479,0.718042586515166,-5.08472118323457,FALSE
"P13987","Low_vs_Control",-0.0745444792747669,10.3046369917012,-1.01316508119629,0.311464126300642,0.718042586515166,-5.14472533113247,FALSE
"O75144","Low_vs_Control",0.1010563718042,8.13193324507722,1.01176594622474,0.312143799107425,0.718042586515166,-5.13304743055776,FALSE
"Q9NY97","Low_vs_Control",0.0692357767755123,9.40471757967822,1.01051874175281,0.312720001657999,0.718042586515166,-5.15453490984963,FALSE
"Q9Y5C1","Low_vs_Control",0.0696201769514957,9.17141740336982,1.00869569912675,0.313592926818798,0.718042586515166,-5.15612661247605,FALSE
"P30050","Low_vs_Control",0.108980199495193,7.37268300238373,1.00778435622281,0.314166512229649,0.718042586515166,-5.07618012425921,FALSE
"Q15599","Low_vs_Control",-0.105125368892154,6.92336969370734,-1.00644991840116,0.314740692371254,0.718042586515166,-5.11732956127869,FALSE
"P62736","Low_vs_Control",-0.121967786822667,11.3165993162475,-1.00612614340468,0.314826115329287,0.718042586515166,-5.15836517497761,FALSE
"Q8WUJ3","Low_vs_Control",0.122920163018824,7.74205997609107,1.0058822690955,0.314957313053026,0.718042586515166,-5.15037950236364,FALSE
"Q15365","Low_vs_Control",-0.0958641273602883,7.88137268057521,-1.00124738359164,0.317208072420389,0.720050737837923,-5.14833703943023,FALSE
"P55160","Low_vs_Control",0.123454276272375,6.80536106231383,1.0009890237876,0.317393144936067,0.720050737837923,-5.09105204527103,FALSE
"P01033","Low_vs_Control",-0.117384313482427,8.18328247156469,-1.00075937227778,0.317529878558303,0.720050737837923,-5.09557813910359,FALSE
"Q12841","Low_vs_Control",-0.0899714183525333,8.84433543801241,-0.999869075024708,0.317846664610464,0.720050737837923,-5.1586198937581,FALSE
"P07093","Low_vs_Control",-0.111828999122578,7.56621842497266,-0.995292225636725,0.32010686228063,0.72313988009213,-5.14087116370452,FALSE
"P20062","Low_vs_Control",0.0817412590471598,7.54075202302274,0.994423274438418,0.320508176252344,0.72313988009213,-5.12873880378131,FALSE
"O15145","Low_vs_Control",-0.115958655888825,8.20048475034124,-0.993951208629386,0.320723126735422,0.72313988009213,-5.16165238819975,FALSE
"P0DOX5","Low_vs_Control",0.14753824766712,9.32922772740593,0.992154582150248,0.321724589050559,0.724259121975669,-5.09010508105445,FALSE
"Q15942","Low_vs_Control",-0.169258923520415,9.21922408794833,-0.989033148550704,0.323112972988298,0.725079026604761,-5.1719681244723,FALSE
"Q9BRK5","Low_vs_Control",0.0687331796541688,9.54851976814779,0.987577905371674,0.32382183981093,0.725079026604761,-5.17435604332087,FALSE
"P17927","Low_vs_Control",-0.0789235279056939,7.52850280451463,-0.987157442763327,0.324050204862652,0.725079026604761,-5.15844749519149,FALSE
"P62805","Low_vs_Control",-0.0947290520646167,12.7058038421808,-0.986986640161087,0.324111336160148,0.725079026604761,-5.17486091243123,FALSE
"Q9ULV4","Low_vs_Control",-0.178783197014369,7.95324583389753,-0.982284671843079,0.326500382726136,0.728268829862785,-5.12279131656017,FALSE
"Q12907","Low_vs_Control",-0.0673339414215022,9.55118909226344,-0.982022797286101,0.326552899303885,0.728268829862785,-5.17269060477768,FALSE
"A0A0A0MRZ8;P04433","Low_vs_Control",0.145081833714599,12.0937735402313,0.980214653790109,0.327442907102008,0.729119765192981,-5.1784759113821,FALSE
"Q9UBQ7","Low_vs_Control",0.0991518322379639,6.65024821199309,0.976668820378902,0.329304202809817,0.729854438149997,-5.12347921981998,FALSE
"Q5JWF2","Low_vs_Control",0.103167018876016,6.90651742499717,0.975651925806799,0.329781136482024,0.729854438149997,-5.1402621557419,FALSE
"P04004","Low_vs_Control",0.047543956884585,18.3429654980238,0.973788147811014,0.330617592422069,0.729854438149997,-5.1860524578733,FALSE
"A0A075B6K5","Low_vs_Control",0.168099805435242,10.4599470687359,0.969886050069289,0.332557492840088,0.729854438149997,-5.18933229273418,FALSE
"Q16627","Low_vs_Control",-0.1015703434561,10.8070917813026,-0.967631577440265,0.333684825959398,0.729854438149997,-5.18919351846733,FALSE
"P31327","Low_vs_Control",0.137760158493811,7.30390295696815,0.967363988911808,0.333856227862248,0.729854438149997,-5.16743511030263,FALSE
"Q6UXH0","Low_vs_Control",0.0844681124120576,9.0788674363339,0.966744158896246,0.334130623230284,0.729854438149997,-5.18810319844897,FALSE
"O60476","Low_vs_Control",-0.0874065864311637,7.93230309183453,-0.966397540707149,0.334304703217182,0.729854438149997,-5.18675028574773,FALSE
"Q9Y624","Low_vs_Control",0.071949997198379,8.17900183245173,0.965967784829168,0.334521312070478,0.729854438149997,-5.18839542189485,FALSE
"Q9NSC7","Low_vs_Control",-0.132059529573255,7.42430369648631,-0.965273896575606,0.334945961002383,0.729854438149997,-5.14706320008439,FALSE
"P08238","Low_vs_Control",-0.0646826604605426,12.975132135491,-0.964627334719117,0.335182944105963,0.729854438149997,-5.19373207739253,FALSE
"Q8WVN8","Low_vs_Control",-0.219814229528998,10.9250991864222,-0.964725008233534,0.335194770000044,0.729854438149997,-5.1420894620924,FALSE
"Q9UL25","Low_vs_Control",0.0849571163464082,6.77909784671134,0.964308300175985,0.33549593656179,0.729854438149997,-5.10569779233691,FALSE
"Q96AQ6","Low_vs_Control",0.0692491418040504,8.60872210333981,0.96383550806324,0.335580334025611,0.729854438149997,-5.1920568655698,FALSE
"Q99832","Low_vs_Control",-0.101924908371522,7.16255652702152,-0.963658208296957,0.335697068021823,0.729854438149997,-5.17677941755539,FALSE
"P21810","Low_vs_Control",-0.0634795580256853,10.8360095439395,-0.963142109933972,0.335926934267558,0.729854438149997,-5.19497034900181,FALSE
"P01893","Low_vs_Control",-0.0633423452304616,9.69826727805292,-0.958833847395161,0.338091957877846,0.729854438149997,-5.19839312943859,FALSE
"A6NDG6","Low_vs_Control",0.0706403908057309,7.28297099743951,0.958674095901238,0.338219562024745,0.729854438149997,-5.16666902695811,FALSE
"Q9BUD6","Low_vs_Control",0.0803240836582813,8.29527652697458,0.958322085032959,0.338373476293792,0.729854438149997,-5.18658910033701,FALSE
"P62191","Low_vs_Control",-0.172751060593944,7.93346177587019,-0.953935050938994,0.340629538083526,0.729854438149997,-5.15718962988527,FALSE
"P01034","Low_vs_Control",0.0821288080789735,11.1541806256428,0.95306442803471,0.3410032518051,0.729854438149997,-5.20332218894419,FALSE
"P55291","Low_vs_Control",0.10599592927564,7.87098130384627,0.951315638177276,0.34190705711288,0.729854438149997,-5.19148187189793,FALSE
"P40121","Low_vs_Control",-0.120889783689719,6.54109137478532,-0.947061093164195,0.344210328751463,0.729854438149997,-5.09390792114282,FALSE
"Q658P3","Low_vs_Control",0.0898892520460723,8.62145495805944,0.946288032911927,0.344459257501313,0.729854438149997,-5.20216412174599,FALSE
"Q12805","Low_vs_Control",0.0797886311841243,11.144849913657,0.946001294484696,0.344590293444876,0.729854438149997,-5.20912358082722,FALSE
"Q08554","Low_vs_Control",0.092788280688076,10.2581690453227,0.94558549859763,0.344803064318998,0.729854438149997,-5.20917571635492,FALSE
"Q8IVW4","Low_vs_Control",-0.102054621020413,10.7307260998315,-0.944917423253188,0.345153376112782,0.729854438149997,-5.20265790451155,FALSE
"P30740","Low_vs_Control",-0.142540785121712,7.83133045779048,-0.944628847287995,0.345310899631208,0.729854438149997,-5.1910952632774,FALSE
"Q9BYE9","Low_vs_Control",0.127663235781066,9.35300937464237,0.94453233084749,0.34533954929281,0.729854438149997,-5.21032455375424,FALSE
"O75347","Low_vs_Control",-0.120946371100348,7.56916605520773,-0.944299599392305,0.345587343171974,0.729854438149997,-5.10915833736808,FALSE
"Q99895","Low_vs_Control",0.104219212368477,9.24920095051167,0.943581424660744,0.345970043630159,0.729854438149997,-5.10295655619907,FALSE
"P30044","Low_vs_Control",-0.113995966286032,7.51364545490181,-0.942908134092605,0.34621492745514,0.729854438149997,-5.17511629529123,FALSE
"Q8TDL5","Low_vs_Control",0.109016128519498,10.8723316385334,0.942618989674217,0.346316528937915,0.729854438149997,-5.21188645824714,FALSE
"O75558","Low_vs_Control",-0.144474565249299,6.5135484753396,-0.942603026216976,0.346454043762211,0.729854438149997,-5.1330905881718,FALSE
"Q9BZE9","Low_vs_Control",0.0848584779508528,11.8328111844523,0.942263291254751,0.346500960712989,0.729854438149997,-5.21129759806507,FALSE
"P11940","Low_vs_Control",0.151823589285884,7.53737423059407,0.941574299523392,0.346949031051051,0.729854438149997,-5.14467213852329,FALSE
"O95967","Low_vs_Control",0.0784005780512089,8.89009715828353,0.941012565696146,0.347141767020332,0.729854438149997,-5.21147002392897,FALSE
"Q13790","Low_vs_Control",0.0674435985098203,16.1700785982256,0.939095879202308,0.348120490410407,0.729854438149997,-5.21475387292479,FALSE
"P53396","Low_vs_Control",-0.148485893520459,7.43072325827241,-0.938618809256459,0.348403291984036,0.729854438149997,-5.19251083974691,FALSE
"P04196","Low_vs_Control",-0.0727684481689757,16.7009519853475,-0.938218107346359,0.348570872326178,0.729854438149997,-5.2154666158867,FALSE
"Q9UNM6","Low_vs_Control",-0.098624246323709,6.99369074192561,-0.938311146784684,0.348640369688109,0.729854438149997,-5.12438482982438,FALSE
"Q9Y5Y7","Low_vs_Control",0.0650706932789316,11.5532500192643,0.934524304860659,0.350470217185993,0.730993936023352,-5.21845867497639,FALSE
"O75897","Low_vs_Control",0.231746325540122,11.1340884435539,0.93443596568262,0.350610625589603,0.730993936023352,-5.13986176905598,FALSE
"P68431","Low_vs_Control",-0.0883559839069559,10.8919319589868,-0.934051189855805,0.350713966516085,0.730993936023352,-5.218841058824,FALSE
"A0A0C4DH38","Low_vs_Control",0.169227649950209,9.62061429336248,0.932526450726398,0.351530214645685,0.731631825547043,-5.1863423487591,FALSE
"P13598","Low_vs_Control",0.0724638102248036,8.82242222649132,0.930737500773503,0.352427595236679,0.732436480535359,-5.21946315716447,FALSE
"Q9H0B8","Low_vs_Control",0.128599935597382,7.30847635223938,0.929204393026228,0.353327950677953,0.733244980133408,-5.1374057460778,FALSE
"O60844","Low_vs_Control",0.0997214414539442,7.20722814039126,0.926322373024199,0.354864129074204,0.734191188896087,-5.0871884882954,FALSE
"P60174","Low_vs_Control",-0.0963181948588936,7.10027394884106,-0.925811822390461,0.355024554707563,0.734191188896087,-5.1885008104962,FALSE
"Q6ZRP7","Low_vs_Control",0.0742728483889614,8.49049862178951,0.923840567210917,0.356000737946731,0.734191188896087,-5.22704654393548,FALSE
"P00338","Low_vs_Control",-0.111756816694324,9.0962609723472,-0.923248022101068,0.356309156647245,0.734191188896087,-5.227519902955,FALSE
"P01859","Low_vs_Control",0.107621919245535,17.1237948067053,0.923181645844897,0.356343840635758,0.734191188896087,-5.22757280272247,FALSE
"Q92496","Low_vs_Control",0.112958496000708,9.65593210239555,0.919524611755788,0.358277940404695,0.73711702516547,-5.20406889870371,FALSE
"Q8WWV6","Low_vs_Control",0.0826546685167759,10.3511679524495,0.909655410226775,0.363429396595933,0.742649062110442,-5.23813630595515,FALSE
"P48740","Low_vs_Control",0.0698456909113325,13.6658343779934,0.909178772900095,0.363679834633815,0.742649062110442,-5.23867193689351,FALSE
"Q8N3T1","Low_vs_Control",0.0700506565717953,7.22106363830177,0.907209493190613,0.36474242753119,0.742649062110442,-5.21166288730375,FALSE
"Q9UKZ9","Low_vs_Control",0.0625135521437645,8.70500144414186,0.906927123981226,0.364873239757099,0.742649062110442,-5.23299766660968,FALSE
"P02743","Low_vs_Control",0.155695610903345,11.3532230951644,0.90646343738094,0.365113515198848,0.742649062110442,-5.24080442243597,FALSE
"P35613","Low_vs_Control",-0.0576339551436327,9.81591254218316,-0.904756847731042,0.36601769738391,0.742649062110442,-5.24155432988023,FALSE
"P18564","Low_vs_Control",0.0394689348489923,11.1671745753512,0.902977161992609,0.366971544617722,0.742649062110442,-5.23798445183926,FALSE
"P12955","Low_vs_Control",-0.14927899144615,6.61526762205944,-0.903121082858418,0.367042590650962,0.742649062110442,-5.10020061713552,FALSE
"P00734","Low_vs_Control",0.093278382448382,15.9057008343322,0.902809627531011,0.367047799355706,0.742649062110442,-5.24366432513158,FALSE
"P00736","Low_vs_Control",0.0578812060007401,15.7745791622161,0.902428641315126,0.367249878613869,0.742649062110442,-5.24396184871654,FALSE
"P01834","Low_vs_Control",0.0933772444964198,14.7779669600496,0.902128513012329,0.367409118900368,0.742649062110442,-5.2441961398123,FALSE
"Q7Z3Y7","Low_vs_Control",0.107539222481861,15.4155671261266,0.900366835799786,0.368347345577343,0.742649062110442,-5.24246025324416,FALSE
"Q04695","Low_vs_Control",-0.167702103399705,9.3687691539702,-0.90011181831315,0.368491284532912,0.742649062110442,-5.23695224652196,FALSE
"Q9UBQ6","Low_vs_Control",0.148033200672053,7.10517068340733,0.900030131461913,0.368666499131392,0.742649062110442,-5.12320532438432,FALSE
"P50995","Low_vs_Control",-0.133513429949003,6.97915104706825,-0.899166730503655,0.369128251243989,0.742649062110442,-5.14833817433947,FALSE
"P49368","Low_vs_Control",-0.0985058445218217,7.65419641698062,-0.898628729923691,0.369293188332727,0.742649062110442,-5.2312367801954,FALSE
"P14649","Low_vs_Control",-0.154425041536413,10.4039537975322,-0.897712193698509,0.369770871929467,0.742649062110442,-5.23751429920715,FALSE
"Q27J81","Low_vs_Control",-0.138662375721028,6.8932451972639,-0.895926729439244,0.370834504625462,0.742657431513814,-5.1673099781096,FALSE
"Q8TD06","Low_vs_Control",0.0914290409570269,8.07218457420959,0.894343442946964,0.371576810890358,0.742657431513814,-5.2274342658792,FALSE
"Q14847","Low_vs_Control",-0.0755766176762815,9.05307350901004,-0.893834146393664,0.371827761181014,0.742657431513814,-5.25047898805058,FALSE
"Q8IZS8","Low_vs_Control",0.0859817181109754,9.71039121994462,0.893975119137654,0.371846607968562,0.742657431513814,-5.1710110294155,FALSE
"P06703","Low_vs_Control",-0.0765442178579985,10.011124111507,-0.889706420634972,0.374040186203613,0.745747943721339,-5.25306088233009,FALSE
"Q9H159","Low_vs_Control",0.0646493494638687,9.45830689029406,0.888571835539629,0.374646877948287,0.745747943721339,-5.25469799916011,FALSE
"P08237","Low_vs_Control",0.11572947643037,6.9133614578347,0.888222647091597,0.374954161382905,0.745747943721339,-5.17398360842892,FALSE
"Q01973","Low_vs_Control",0.14713256995012,9.24319277376567,0.884804330370453,0.376770572576621,0.747642265124645,-5.16126123848061,FALSE
"Q07020","Low_vs_Control",-0.129688223557945,7.30437377529658,-0.882573661182371,0.378016837502843,0.747642265124645,-5.15415035732201,FALSE
"Q14644","Low_vs_Control",-0.107433698635493,6.75850483939692,-0.881665154367123,0.37843659098348,0.747642265124645,-5.22047284938833,FALSE
"P01700","Low_vs_Control",0.137477533999594,12.3793007976424,0.881271472651441,0.378581027122873,0.747642265124645,-5.26028750337825,FALSE
"P61981","Low_vs_Control",-0.100063212892653,7.59021970211974,-0.879848799972181,0.379390412782417,0.747642265124645,-5.23018748702276,FALSE
"Q9NP72","Low_vs_Control",0.0948885933797312,6.76651547250315,0.879727223739245,0.379560938105079,0.747642265124645,-5.15375338455374,FALSE
"O60240","Low_vs_Control",0.118775889621584,6.80236510470326,0.879553281907977,0.379570366647185,0.747642265124645,-5.2009333895998,FALSE
"P04264","Low_vs_Control",-0.102563250239783,16.7951423575594,-0.878168831691837,0.380260642641033,0.747642265124645,-5.26264919183023,FALSE
"P05452","Low_vs_Control",0.0725773201620257,12.5544872687717,0.877544609055994,0.380598921576702,0.747642265124645,-5.26312351487103,FALSE
"P62328","Low_vs_Control",-0.106275058594742,11.2532775656338,-0.876511363033125,0.381162847064639,0.747725749234873,-5.26167093052552,FALSE
"P02538","Low_vs_Control",-0.104756543509989,14.8293871184112,-0.873826689716133,0.382618959337715,0.749556813784539,-5.2659404336219,FALSE
"P31949","Low_vs_Control",-0.0757662762532361,8.01627207286135,-0.871975849512235,0.383638837067541,0.750529457510033,-5.25880503859693,FALSE
"P01019","Low_vs_Control",-0.0673548912559241,15.2178975205923,-0.868268563970369,0.385650595815635,0.751948248191824,-5.27012981083216,FALSE
"Q96Q06","Low_vs_Control",0.0894677045238099,8.08197521384319,0.865699233136907,0.387063390578121,0.751948248191824,-5.26150613917474,FALSE
"P19256","Low_vs_Control",0.052628850884326,7.95657574257192,0.86481602069679,0.387568662896655,0.751948248191824,-5.24029443981126,FALSE
"P21281","Low_vs_Control",0.127306808217932,6.79412352731809,0.863105936626465,0.388621659802392,0.751948248191824,-5.17779240305102,FALSE
"Q6UVK1","Low_vs_Control",0.0584163600003151,10.2832077482772,0.862302955715159,0.388921028515312,0.751948248191824,-5.27459649023994,FALSE
"Q5T4S7","Low_vs_Control",-0.0826898617636012,7.15555367405118,-0.861544065673839,0.389351875350029,0.751948248191824,-5.26363418525072,FALSE
"P07437","Low_vs_Control",-0.0876751683845995,10.2569698812098,-0.856857031163475,0.391922068701809,0.751948248191824,-5.27848439203891,FALSE
"P50591","Low_vs_Control",-0.0785190458062424,7.01958239527222,-0.856083593203163,0.392479273290541,0.751948248191824,-5.17422691921753,FALSE
"P01717","Low_vs_Control",0.143997701325389,11.3734609948287,0.855414579131852,0.392718519603745,0.751948248191824,-5.27971572365394,FALSE
"P01266","Low_vs_Control",0.105881567619576,7.92964841628334,0.85532734945973,0.392773600414222,0.751948248191824,-5.27409172780936,FALSE
"Q15185","Low_vs_Control",-0.0803986816214426,9.01642973807632,-0.855032505257037,0.392985656096869,0.751948248191824,-5.22566199923856,FALSE
"Q14520","Low_vs_Control",0.053517361951549,17.7970841946522,0.854356548650169,0.393303568979304,0.751948248191824,-5.28049859469172,FALSE
"Q99715","Low_vs_Control",0.0562680419747821,10.7697855631921,0.853680336100717,0.393677888569306,0.751948248191824,-5.28099832931849,FALSE
"Q6E0U4","Low_vs_Control",0.0762493111385343,9.87018370927517,0.853409582492093,0.393827825715922,0.751948248191824,-5.2811983110819,FALSE
"O15511","Low_vs_Control",-0.109063594393914,8.33156944923906,-0.851082999146177,0.395136952048056,0.751948248191824,-5.26602238652737,FALSE
"P07203","Low_vs_Control",-0.0758464086989203,8.68375435573817,-0.850642957576982,0.395366536844461,0.751948248191824,-5.28155439001554,FALSE
"P09211","Low_vs_Control",-0.0997754884314439,7.89709797535696,-0.85017660643604,0.395629420559258,0.751948248191824,-5.27541386159101,FALSE
"P84095","Low_vs_Control",-0.0674334996432719,7.80379239518911,-0.849571808737518,0.39597103164542,0.751948248191824,-5.27727425651023,FALSE
"Q13442","Low_vs_Control",-0.073263784113351,7.89932350126155,-0.849118360542373,0.396302074443212,0.751948248191824,-5.2094299517261,FALSE
"P14625","Low_vs_Control",0.0656920746617882,14.0619549697179,0.848436997823603,0.39658769110524,0.751948248191824,-5.2848598747372,FALSE
"Q9NPH3","Low_vs_Control",0.101586765825203,8.47524100858225,0.847063498376006,0.397362990649627,0.751948248191824,-5.27132748776675,FALSE
"Q96CW1","Low_vs_Control",-0.0759483845532474,7.05734494040674,-0.84659733240685,0.397669113385306,0.751948248191824,-5.24900136938054,FALSE
"P00488","Low_vs_Control",0.0826846640378687,10.2973732274694,0.846350334902648,0.397749301490951,0.751948248191824,-5.28639003606743,FALSE
"P19320","Low_vs_Control",0.0475467339841558,10.1141004211744,0.845713955705807,0.39810397203227,0.751948248191824,-5.28685594898036,FALSE
"Q16643","Low_vs_Control",-0.120054222543587,6.76419994244246,-0.845272187676377,0.3984649365894,0.751948248191824,-5.1852352907414,FALSE
"P68871","Low_vs_Control",-0.141957966841005,17.5969805556518,-0.84466802700731,0.398687500103935,0.751948248191824,-5.2876207741919,FALSE
"P06276","Low_vs_Control",0.131363926201541,8.4937511133103,0.844421606710648,0.398837515238081,0.751948248191824,-5.27592037073882,FALSE
"P07948","Low_vs_Control",0.161149431503583,8.15403539375824,0.844118685975436,0.399046455281714,0.751948248191824,-5.24858654825124,FALSE
"P05387","Low_vs_Control",0.059807242572953,8.71540130923999,0.841824918512645,0.400280933283767,0.752351933821999,-5.28702397324621,FALSE
"P17858","Low_vs_Control",-0.0901869395746342,6.97258587856586,-0.841831479670671,0.400309989892737,0.752351933821999,-5.25988643455959,FALSE
"Q96M27","Low_vs_Control",0.0600645105320972,6.84677317939397,0.838520555330138,0.402201619731053,0.754917699861688,-5.238988202007,FALSE
"P14317","Low_vs_Control",-0.0755123439991703,8.06734739588444,-0.836574985729907,0.403226822581754,0.755852632133641,-5.28613453115164,FALSE
"Q7Z7M8","Low_vs_Control",-0.0582485848517873,8.63328369685988,-0.834165851269728,0.404573922981574,0.757387735712242,-5.29495320536405,FALSE
"Q7Z7M9","Low_vs_Control",0.0576679933079856,7.52902854133345,0.83042101057717,0.406709818623832,0.759571612333722,-5.26752508062897,FALSE
"O95782","Low_vs_Control",-0.0959222883881488,6.49015417057715,-0.829808780899044,0.407135177616966,0.759571612333722,-5.22044489057806,FALSE
"Q9H8J5","Low_vs_Control",0.0743580437009381,10.694492566562,0.829279187392405,0.407329546642003,0.759571612333722,-5.29876733132574,FALSE
"P12814","Low_vs_Control",-0.121634237903036,9.15573111095569,-0.8264617556168,0.408924023821325,0.761554610597118,-5.3007857446112,FALSE
"Q9UBS9","Low_vs_Control",0.0592619969274946,7.99894004541224,0.821049776311128,0.412005735484047,0.766298605297177,-5.29827343621827,FALSE
"P58166","Low_vs_Control",0.0602612574508292,8.75332005045566,0.817970324745162,0.413752068850345,0.767675863070384,-5.30666384066573,FALSE
"O15498","Low_vs_Control",0.0794413095403623,7.15612112879096,0.817953903208886,0.413816905267369,0.767675863070384,-5.26826643668668,FALSE
"P46783","Low_vs_Control",-0.108315898825168,7.07108670743555,-0.815598779103605,0.415216889616815,0.76899906866761,-5.21946355992056,FALSE
"Q9NPY3","Low_vs_Control",0.0705358306587467,9.73964466757083,0.814730722585153,0.415602704475173,0.76899906866761,-5.30895256381893,FALSE
"P01023","Low_vs_Control",0.121422306030885,14.114762369715,0.810408424831611,0.418078911753299,0.772399900175168,-5.31215665209118,FALSE
"Q9H0U4","Low_vs_Control",-0.0714637781142553,9.11441954027478,-0.807494414410417,0.419753419506564,0.772399900175168,-5.31419702524605,FALSE
"P17980","Low_vs_Control",-0.089553507880729,7.52489217251868,-0.807071511370537,0.420015680566084,0.772399900175168,-5.3018949121256,FALSE
"P09104","Low_vs_Control",0.0517437227397899,11.6896430317904,0.806103721812192,0.420554045993178,0.772399900175168,-5.31516811696733,FALSE
"P27105","Low_vs_Control",-0.120927439508614,9.51084867579217,-0.806085679845099,0.420565339099641,0.772399900175168,-5.31488174430962,FALSE
"Q13217","Low_vs_Control",0.0649517895084291,9.78895502121125,0.805542825932564,0.420877928874828,0.772399900175168,-5.31539438983633,FALSE
"A0A0G2JS06","Low_vs_Control",0.178542333685149,10.5792337834465,0.804848401099758,0.421323659230453,0.772399900175168,-5.26154103332797,FALSE
"Q08431","Low_vs_Control",0.082303402877276,7.04705771255941,0.804232221720053,0.421749736288115,0.772399900175168,-5.21411689393232,FALSE
"P35251","Low_vs_Control",0.166351385457556,9.19811308947462,0.800364684270515,0.423980366997956,0.773316138876086,-5.21009250491151,FALSE
"P55157","Low_vs_Control",0.0901068708421215,7.54311600077603,0.799824122844197,0.424199111437909,0.773316138876086,-5.29977653686578,FALSE
"Q92614","Low_vs_Control",-0.133596579416555,7.56724307239629,-0.799037049777575,0.424710853353995,0.773316138876086,-5.24451957384721,FALSE
"P62820","Low_vs_Control",0.119703350383203,7.63238314378095,0.798843906713897,0.424838720786952,0.773316138876086,-5.2523522366099,FALSE
"Q9HCN6","Low_vs_Control",-0.059597836222542,9.25940314999126,-0.797747770715055,0.425387080173382,0.773316138876086,-5.31839501360138,FALSE
"Q13200","Low_vs_Control",-0.0886175027368949,7.62456466767315,-0.797621787609314,0.425485658000859,0.773316138876086,-5.29460472609102,FALSE
"Q13822","Low_vs_Control",0.101294874462524,7.38247097436514,0.794173317382973,0.427540402082661,0.774135846235089,-5.23528231947857,FALSE
"Q16270","Low_vs_Control",0.0614295907811133,10.7626326271619,0.793788821271256,0.427682926457165,0.774135846235089,-5.32369452100574,FALSE
"Q7LGC8","Low_vs_Control",0.0427307133681456,11.0400559129999,0.793401466252938,0.427908298397094,0.774135846235089,-5.32396058864356,FALSE
"P20774","Low_vs_Control",0.0642484383630215,8.60244053455952,0.792012844838784,0.428721793341817,0.774135846235089,-5.31811114741681,FALSE
"Q13609","Low_vs_Control",0.072031605850067,7.53514458270582,0.788666376162557,0.430681191624625,0.774135846235089,-5.31229621106825,FALSE
"Q9BYH1","Low_vs_Control",0.0470738884399964,11.1086181608733,0.788039199459205,0.431035303676296,0.774135846235089,-5.32763053338718,FALSE
"P20810","Low_vs_Control",0.108160672244153,7.66346528804369,0.78762203901951,0.431351365709667,0.774135846235089,-5.27159357528546,FALSE
"P16949","Low_vs_Control",-0.0768169450426885,8.27868900945381,-0.786388962743064,0.432030571388987,0.774135846235089,-5.29545132559681,FALSE
"P56199","Low_vs_Control",0.104427949678694,7.789565307043,0.786066367744993,0.432205198157555,0.774135846235089,-5.31368425301447,FALSE
"P36383","Low_vs_Control",0.107708192006466,10.2561117359282,0.786015284312651,0.432287242767608,0.774135846235089,-5.27717118982588,FALSE
"Q9UQ80","Low_vs_Control",-0.101571036602965,7.94987682075375,-0.785757802693264,0.432387342856085,0.774135846235089,-5.30827907104682,FALSE
"Q6P4E1","Low_vs_Control",-0.0464936406145728,11.3306596712396,-0.785680815389621,0.432414792771483,0.774135846235089,-5.32923675704123,FALSE
"P06744","Low_vs_Control",0.122727508502087,7.33165005286815,0.77979550274524,0.43591827471458,0.779434920125571,-5.28112838803037,FALSE
"P29350","Low_vs_Control",-0.0868695945649316,7.77480673316975,-0.777160679893351,0.437443277374253,0.781187621114171,-5.31074838258319,FALSE
"P13929","Low_vs_Control",0.103949568475562,8.28618617764841,0.775281368254131,0.438529788971193,0.781198761715028,-5.33335682682204,FALSE
"Q96NZ9","Low_vs_Control",-0.0728119241924503,10.0883853468194,-0.775263041497291,0.438539053821895,0.781198761715028,-5.33627453801946,FALSE
"P30043","Low_vs_Control",-0.105040439228734,9.79760807495505,-0.772463946357481,0.440193201949037,0.783172520589229,-5.3381493520644,FALSE
"P43487","Low_vs_Control",-0.086950326988914,8.52960989992076,-0.769871686820424,0.441759935646745,0.783421992304797,-5.31227745372516,FALSE
"Q9UBP0","Low_vs_Control",0.123005848252728,13.9260941560702,0.769395988322853,0.442042937321044,0.783421992304797,-5.30511258903319,FALSE
"P04792","Low_vs_Control",-0.0663381495364153,9.03193965049125,-0.766830992405866,0.443537890050929,0.783421992304797,-5.33926486904891,FALSE
"Q12913","Low_vs_Control",0.0579037692890125,9.73827310279235,0.766757425806876,0.443576087548087,0.783421992304797,-5.34195107452044,FALSE
"P11171","Low_vs_Control",-0.134455624967424,8.89556560834422,-0.763304486209796,0.44563254988125,0.783421992304797,-5.34331201866392,FALSE
"Q8NG11","Low_vs_Control",0.0694372326436463,7.21828365408905,0.762961565469958,0.445937753224987,0.783421992304797,-5.2563028623863,FALSE
"P98066","Low_vs_Control",-0.0780218418631682,7.67317708631455,-0.761151377743089,0.447029630074359,0.783421992304797,-5.2447439894314,FALSE
"P60953","Low_vs_Control",-0.0581133630664894,8.84794543883026,-0.760368004569091,0.447382285071709,0.783421992304797,-5.34600760296541,FALSE
"Q96DR8","Low_vs_Control",-0.102261457915663,9.07604266790509,-0.759117010755675,0.448194291382329,0.783421992304797,-5.27642670691926,FALSE
"P07355","Low_vs_Control",-0.0655522496085208,9.13037571666199,-0.758974273761893,0.448214181655894,0.783421992304797,-5.347090719693,FALSE
"P02776","Low_vs_Control",-0.117556547083234,13.9398827670519,-0.758380193441703,0.448570173568438,0.783421992304797,-5.34717866313272,FALSE
"P07738","Low_vs_Control",-0.151925311907748,8.42932816535431,-0.758010349588278,0.448826942662738,0.783421992304797,-5.31254669765682,FALSE
"Q96GW7","Low_vs_Control",-0.0543944626839501,7.68588302803253,-0.756632951091139,0.449635312208426,0.783421992304797,-5.33373050418086,FALSE
"Q05682","Low_vs_Control",-0.117355930693054,7.04680551508735,-0.756255604699166,0.449886279631457,0.783421992304797,-5.29859052675263,FALSE
"Q9Y376","Low_vs_Control",-0.0846564867846071,6.88292454906377,-0.75578295719054,0.450198533698615,0.783421992304797,-5.28359803737569,FALSE
"Q14019","Low_vs_Control",-0.114800432777981,7.9353376949501,-0.755655992449142,0.450230642099195,0.783421992304797,-5.31164827918214,FALSE
"Q8NBJ4","Low_vs_Control",0.0516776438856503,11.4279645209122,0.755110889014814,0.450526650276712,0.783421992304797,-5.34962250087274,FALSE
"P11277","Low_vs_Control",-0.156304123493411,10.0512408663454,-0.753946942823098,0.451224835273162,0.783421992304797,-5.35038258358789,FALSE
"P20701","Low_vs_Control",-0.0462394606972758,8.60581610695851,-0.752701224549335,0.451972404511631,0.783421992304797,-5.35119509346134,FALSE
"Q5SZK8","Low_vs_Control",-0.0796979412442003,6.97034743947488,-0.752378015343537,0.452171914598422,0.783421992304797,-5.34512817634001,FALSE
"P05362","Low_vs_Control",-0.048026404056575,9.54655642881364,-0.752331772731796,0.452194301126881,0.783421992304797,-5.3514357614063,FALSE
"P01344","Low_vs_Control",0.0537298513183906,10.9704653691792,0.752069631929531,0.45235244743959,0.783421992304797,-5.3513039836884,FALSE
"Q7Z304","Low_vs_Control",0.0586780098221302,7.25217685899589,0.749232885253951,0.454095311862112,0.783578916319157,-5.32040133309416,FALSE
"P60842","Low_vs_Control",-0.0794537762097143,7.60838781156661,-0.747104944481497,0.455348972658223,0.783578916319157,-5.34231719899423,FALSE
"P61088","Low_vs_Control",-0.0684117617570301,8.47145823754591,-0.746881135902221,0.455502926123813,0.783578916319157,-5.32977450216898,FALSE
"P04632","Low_vs_Control",0.0492571477171584,9.0726116902126,0.746698798012731,0.455585822126501,0.783578916319157,-5.35463586386092,FALSE
"P78371","Low_vs_Control",-0.0814648775863169,7.34569079634846,-0.746586617336744,0.455665099744845,0.783578916319157,-5.34376687103421,FALSE
"Q13630","Low_vs_Control",-0.072022415708167,7.74786376839474,-0.746563761305189,0.45572162915633,0.783578916319157,-5.31427251307875,FALSE
"Q9NP55","Low_vs_Control",-0.139243938844294,7.97016217942176,-0.744570394142892,0.456945676200768,0.784742634337607,-5.26641194573581,FALSE
"P61769","Low_vs_Control",0.0623707985746993,10.8216154513247,0.742472539748039,0.458138624070964,0.785548803220716,-5.35781471118087,FALSE
"P12110","Low_vs_Control",0.0479429835559078,8.99499416310646,0.741858896400396,0.458510703135104,0.785548803220716,-5.35573638968624,FALSE
"P14618","Low_vs_Control",-0.07295273576554,9.93948615114844,-0.735955559643178,0.462091849816181,0.789595066201763,-5.3619851325125,FALSE
"O95196","Low_vs_Control",0.0553738588510235,9.57758750613532,0.734364849629904,0.463070322299914,0.789595066201763,-5.3521933234243,FALSE
"P11166","Low_vs_Control",0.0775438891226372,9.65838661605476,0.733548242546881,0.463558897076995,0.789595066201763,-5.36258489331721,FALSE
"P15531","Low_vs_Control",-0.0794578295831023,8.41249595331075,-0.733552570630839,0.46356290756432,0.789595066201763,-5.35562098972845,FALSE
"Q9Y6B6","Low_vs_Control",-0.0745111995635384,8.4246598269796,-0.731051060541745,0.465099923592284,0.789595066201763,-5.34047858816549,FALSE
"P05164","Low_vs_Control",-0.0915019422915764,6.42379037184484,-0.728902638912704,0.466462241779277,0.789595066201763,-5.29329430810085,FALSE
"P01780","Low_vs_Control",0.0986099302189221,14.6694417388131,0.727996459630225,0.466945826595536,0.789595066201763,-5.367028508029,FALSE
"P35998","Low_vs_Control",-0.0923145676418979,8.50892154192863,-0.727968911541085,0.466980770707687,0.789595066201763,-5.35044724979487,FALSE
"P21730","Low_vs_Control",-0.0680338733854509,7.50922201886311,-0.727000591193028,0.467637993454477,0.789595066201763,-5.28385964245655,FALSE
"Q12797","Low_vs_Control",-0.0465074636307374,9.36551977780953,-0.726525402753984,0.467845878246993,0.789595066201763,-5.36795484805602,FALSE
"P41222","Low_vs_Control",0.0390885578926525,9.73371977011217,0.726432294977632,0.467902887900001,0.789595066201763,-5.36801340657199,FALSE
"A0A075B6K4","Low_vs_Control",0.156859557031384,9.98260777976745,0.724661549026073,0.46902087728492,0.789595066201763,-5.32552043283192,FALSE
"P50991","Low_vs_Control",-0.111757462423418,8.09482533704115,-0.724579181016586,0.469051732456311,0.789595066201763,-5.35547164722537,FALSE
"P26599","Low_vs_Control",-0.0931151775007359,6.96749151982167,-0.724690486244581,0.469075947280661,0.789595066201763,-5.26747189860446,FALSE
"Q9NRW1","Low_vs_Control",-0.106722917273324,8.81985862863838,-0.723955050101437,0.469426434785532,0.789595066201763,-5.36707922605811,FALSE
"O75351","Low_vs_Control",0.0675130594532423,7.08694006995405,0.723632794483302,0.469682420829919,0.789595066201763,-5.30974400486612,FALSE
"P23284","Low_vs_Control",-0.0483213333824164,10.4596967307801,-0.722112244642533,0.470552283790611,0.789695354492285,-5.37072219350368,FALSE
"Q14517","Low_vs_Control",0.0588900667837997,10.1939722540472,0.721225929242963,0.471096867451638,0.789695354492285,-5.3712759440551,FALSE
"Q9NS73","Low_vs_Control",0.0481541686115285,13.1790073747905,0.720466827866894,0.47156999655225,0.789695354492285,-5.36347765129116,FALSE
"P13647","Low_vs_Control",-0.100621199043873,12.5811431206425,-0.719847209604702,0.471944852719587,0.789695354492285,-5.37213584057995,FALSE
"Q9BSL1","Low_vs_Control",-0.0831572662768814,7.64331141425506,-0.718735735182555,0.472710710847686,0.790054964283896,-5.29321719941525,FALSE
"P13489","Low_vs_Control",0.0735606286800081,8.09638325482179,0.715388438168169,0.474732414151464,0.792106878456927,-5.34202223081312,FALSE
"P04114","Low_vs_Control",-0.0777176062031479,16.3225420823205,-0.714325314275937,0.475348812504755,0.792106878456927,-5.37556403687218,FALSE
"P05106","Low_vs_Control",-0.0734465760487488,10.1116566789821,-0.713925820923334,0.475595552546314,0.792106878456927,-5.3758110821131,FALSE
"Q06828","Low_vs_Control",0.0420599913896709,11.4184374384081,0.711727704328655,0.47695475435453,0.793449092510901,-5.37716762831339,FALSE
"Q9UI15","Low_vs_Control",-0.11421072686964,8.42715825089303,-0.710760181699128,0.477622514804796,0.793639265620021,-5.30146574910765,FALSE
"P23526","Low_vs_Control",-0.0882493828191766,8.04023772206198,-0.708775810579084,0.47880879100425,0.793860468413979,-5.35717440938847,FALSE
"O43157","Low_vs_Control",0.0502622813519942,12.5898651072366,0.707757588368207,0.4794150649001,0.793860468413979,-5.37960716942835,FALSE
"Q01546","Low_vs_Control",0.137334072110285,10.1324348960664,0.707868708042946,0.479416433505234,0.793860468413979,-5.29117421865105,FALSE
"P04211","Low_vs_Control",0.098899042352075,11.8087781470071,0.706262186320188,0.480345590960905,0.794481634876514,-5.37808925159616,FALSE
"P52209","Low_vs_Control",-0.0859467062238917,8.32604071264385,-0.704436362395805,0.481486782800852,0.795451666516614,-5.36786590086897,FALSE
"Q9Y6R7","Low_vs_Control",0.123042918474942,7.14351550246379,0.701895984923218,0.483145978095909,0.796063247719654,-5.27412730746465,FALSE
"O75339","Low_vs_Control",0.0566895328164563,9.76167103517612,0.70135312431545,0.48339855654926,0.796063247719654,-5.3835138594315,FALSE
"P98160","Low_vs_Control",0.0441834428133987,12.0437862285462,0.70115451372252,0.483522377101687,0.796063247719654,-5.38363444438506,FALSE
"Q96GI7","Low_vs_Control",0.0732182371681098,9.3215426417692,0.699870007692985,0.484372981362126,0.796549145955607,-5.31948936039031,FALSE
"P98161","Low_vs_Control",0.064224591917009,6.77776532006383,0.695391407151862,0.487179253284453,0.799455130411271,-5.30378861831673,FALSE
"P25774","Low_vs_Control",0.0721353285673834,7.75956605198684,0.695262289525051,0.487255079483578,0.799455130411271,-5.31166425045127,FALSE
"Q5TEC6","Low_vs_Control",-0.0795779106196406,9.19875441842715,-0.693751314217711,0.48826150439734,0.800190854063755,-5.26793680042816,FALSE
"Q9NZ08","Low_vs_Control",-0.105195628280293,6.7179757452255,-0.691343962150788,0.489771121219971,0.80174861624365,-5.26421896029123,FALSE
"Q6V0I7","Low_vs_Control",0.054890133259855,9.8137616266396,0.690181663124694,0.49038997275188,0.801846318045834,-5.39024357649444,FALSE
"O75165","Low_vs_Control",0.158298805121009,7.68892286768936,0.689111994294683,0.491144273846254,0.802165021293312,-5.30420197103313,FALSE
"P51148","Low_vs_Control",0.0625017020285137,7.27305496804135,0.687490389910545,0.492121386547626,0.802206154863792,-5.34964414153962,FALSE
"P61626","Low_vs_Control",-0.0476220846966235,10.634586255496,-0.686572719463267,0.492660150051871,0.802206154863792,-5.39239457004066,FALSE
"P15169","Low_vs_Control",0.0839979594483946,11.7430695601049,0.686275031876952,0.492847714389819,0.802206154863792,-5.39257144359565,FALSE
"Q96P70","Low_vs_Control",-0.0875498007044833,6.93226928643424,-0.683303409440306,0.494831023428335,0.803861430163291,-5.23819360013251,FALSE
"P48454","Low_vs_Control",-0.0805146011327231,10.6955946741704,-0.68303318656033,0.494985803929,0.803861430163291,-5.23077260417783,FALSE
"O75822","Low_vs_Control",-0.0632273993531145,7.5981027883264,-0.681956000239218,0.495621180554841,0.80398277479145,-5.33704635935329,FALSE
"O95445","Low_vs_Control",0.0496215661436654,13.7627295382829,0.678715223728367,0.497622323768858,0.805522184505186,-5.397038850415,FALSE
"P16150","Low_vs_Control",-0.0549430990910444,11.7386927933068,-0.677914063882266,0.498129768025347,0.805522184505186,-5.3975093898399,FALSE
"Q7Z5L7","Low_vs_Control",-0.0650024790859467,7.21137657048001,-0.677833696767549,0.498255354014017,0.805522184505186,-5.29929923457056,FALSE
"Q14574","Low_vs_Control",0.0685725977376723,12.0069598541936,0.67660078638104,0.498962177830751,0.805756489875335,-5.39827950787761,FALSE
"P28070","Low_vs_Control",-0.0824227976022582,7.10881929990612,-0.675017108730012,0.500059342002881,0.806619905997898,-5.29400795756001,FALSE
"Q9NRA1","Low_vs_Control",0.0472469079047926,9.49508590132221,0.673158326229813,0.501147665756417,0.807467137859216,-5.40029112477132,FALSE
"O95744","Low_vs_Control",0.117013903625821,10.6201299069537,0.671465913335422,0.502281642481691,0.807891223681407,-5.31602716699092,FALSE
"P35625","Low_vs_Control",-0.0695825484640213,8.94016664402428,-0.670493466189751,0.502851932203365,0.807891223681407,-5.39473697035478,FALSE
"P13797","Low_vs_Control",-0.0724621861140884,6.27546345237506,-0.670278895859265,0.503101020047069,0.807891223681407,-5.28649735180124,FALSE
"Q9UKM7","Low_vs_Control",-0.0547956787247834,9.62294390718644,-0.669031749416905,0.503774161252427,0.808049170275557,-5.40268901278845,FALSE
"Q14C86","Low_vs_Control",-0.0736891375815354,7.70900925663224,-0.668204894496543,0.504326364990672,0.808049170275557,-5.37017694128684,FALSE
"Q00013","Low_vs_Control",-0.0817566818909299,8.74081374582337,-0.665909347898022,0.505772271224862,0.809428529075307,-5.39947210637982,FALSE
"P62333","Low_vs_Control",-0.0691514695075952,7.92855689277623,-0.662722421441737,0.507853408059144,0.809428529075307,-5.35303565130652,FALSE
"Q04917","Low_vs_Control",-0.0813800880414908,7.50607711116751,-0.662452366145743,0.507997665896572,0.809428529075307,-5.38912715092568,FALSE
"P27348","Low_vs_Control",-0.070618216426972,7.12954922494017,-0.661608464321331,0.508550258039034,0.809428529075307,-5.37350479806556,FALSE
"P69891","Low_vs_Control",-0.118488103370783,17.4844749978714,-0.660330941021014,0.509336011082124,0.809428529075307,-5.40769655492298,FALSE
"P06733","Low_vs_Control",0.0455313187936266,12.4145799257345,0.660145675478056,0.509454642624835,0.809428529075307,-5.40780260500476,FALSE
"P40926","Low_vs_Control",-0.0850682875737832,7.50381995263225,-0.659640987195207,0.509823595004202,0.809428529075307,-5.35990221445881,FALSE
"P08519","Low_vs_Control",-0.0952651660030117,16.0657498224248,-0.657558566459836,0.511114910998866,0.809428529075307,-5.40927842738577,FALSE
"Q86TH1","Low_vs_Control",0.0492083823710416,9.05639854945318,0.656885106662168,0.511547386547837,0.809428529075307,-5.40966182246246,FALSE
"P19338","Low_vs_Control",-0.0493779765187465,8.14109452245464,-0.655873323395944,0.512206430273263,0.809428529075307,-5.39851662640369,FALSE
"O94769","Low_vs_Control",0.0457151432668166,9.29614926927326,0.655798511726409,0.512245798671404,0.809428529075307,-5.41027937137648,FALSE
"P62136","Low_vs_Control",0.0799883507408552,6.66011562614678,0.655669614296742,0.512386983654519,0.809428529075307,-5.35253045301985,FALSE
"P02656","Low_vs_Control",-0.067930224804801,15.5485135159731,-0.655284192568079,0.512576552654904,0.809428529075307,-5.41057132065884,FALSE
"P0DP23;P0DP24;P0DP25","Low_vs_Control",-0.0587815098100215,9.93610763390459,-0.653330502260871,0.513834533810267,0.809428529075307,-5.41150805246755,FALSE
"O14950;P19105","Low_vs_Control",-0.0987341462175646,9.68409090494175,-0.652788918757018,0.514185233679854,0.809428529075307,-5.40865897629241,FALSE
"P52943","Low_vs_Control",0.046456162843036,7.97704756804442,0.652739669358065,0.51421854252971,0.809428529075307,-5.4080049147187,FALSE
"Q08378","Low_vs_Control",0.0675385431355764,10.9904828046497,0.648651712890231,0.516899260463609,0.811438040399012,-5.35296331455943,FALSE
"Q10469","Low_vs_Control",-0.100717371455158,8.40809757172917,-0.648216614404262,0.517149594803802,0.811438040399012,-5.39598805367514,FALSE
"P63218","Low_vs_Control",-0.0667461340593363,9.17311522127998,-0.648176109763644,0.51719272588891,0.811438040399012,-5.38522456132518,FALSE
"P09668","Low_vs_Control",0.056779261512002,8.86013051916609,0.645538382538763,0.518878999572941,0.8131939731012,-5.38527478194162,FALSE
"P38606","Low_vs_Control",0.0831487766603045,6.57010729783602,0.643384723585393,0.520301886801819,0.813541549372991,-5.37539482049662,FALSE
"P30101","Low_vs_Control",-0.036982881359684,10.9295420960821,-0.642568520214474,0.520789251170315,0.813541549372991,-5.41771657266538,FALSE
"Q9GZM7","Low_vs_Control",0.049128102382431,8.15603865001698,0.641684352134942,0.521378525368703,0.813541549372991,-5.39993360355752,FALSE
"P06858","Low_vs_Control",0.0504603139612811,10.3234701366893,0.639945235591023,0.522491976856191,0.813541549372991,-5.4191732713614,FALSE
"A0A0J9YX35","Low_vs_Control",0.118575561029418,10.4311021108704,0.639678365800313,0.522689321931242,0.813541549372991,-5.36896489566229,FALSE
"P02654","Low_vs_Control",0.0399717205694223,17.2136198477209,0.639098729891147,0.523042039664356,0.813541549372991,-5.41964206290204,FALSE
"P11586","Low_vs_Control",0.0774000531508703,7.71611187274365,0.639063821911918,0.523072042204949,0.813541549372991,-5.41226065929239,FALSE
"O15204","Low_vs_Control",0.0505307189730289,9.82548258624453,0.63597565103057,0.525074004939645,0.815770447544368,-5.42136625357813,FALSE
"P38571","Low_vs_Control",0.0551205091706661,7.72898470089861,0.634811360598141,0.52591395057004,0.816191131079478,-5.32177358146544,FALSE
"Q9H3G5","Low_vs_Control",-0.0458484542797439,8.72223130830522,-0.630689224670244,0.528523258734176,0.817791524829179,-5.42409470714419,FALSE
"Q8WZ42","Low_vs_Control",-0.0775420356656191,9.818478112148,-0.630531887493976,0.528626670440438,0.817791524829179,-5.42372694962173,FALSE
"Q9Y625","Low_vs_Control",0.0469436735625539,8.48139296713325,0.630498869808296,0.528656027556938,0.817791524829179,-5.41319924870534,FALSE
"P21926","Low_vs_Control",-0.0496629927551719,11.4331307331806,-0.629020372533043,0.529617094039626,0.817880402080651,-5.42221258165184,FALSE
"Q15113","Low_vs_Control",0.0448913409691318,11.7805935743179,0.628119551945905,0.530203266835806,0.817880402080651,-5.42566617175593,FALSE
"P51149","Low_vs_Control",-0.054102870147215,9.35497756602164,-0.627037685788462,0.530912690380404,0.817880402080651,-5.42561774811372,FALSE
"P78324;Q5TFQ8","Low_vs_Control",0.139254919118168,10.6951184079933,0.626798175875176,0.531113524800227,0.817880402080651,-5.36421755103002,FALSE
"P29508","Low_vs_Control",-0.0951214862591225,7.98597056308197,-0.62609473793235,0.53156522645688,0.817880402080651,-5.35766889021269,FALSE
"Q5TDH0","Low_vs_Control",0.0829525130226152,7.61033530228096,0.624518926715504,0.532634655969889,0.818057284361577,-5.36382545943782,FALSE
"Q562R1","Low_vs_Control",-0.0726866207185601,14.2614251802502,-0.623526862500574,0.533219104543486,0.818057284361577,-5.42282405227219,FALSE
"Q6P988","Low_vs_Control",0.0591255650367479,8.66638028981247,0.622464152343389,0.533925982107479,0.818057284361577,-5.41599317734791,FALSE
"Q68DL7","Low_vs_Control",0.103829219571278,10.9987283965946,0.621417284095277,0.534629471087491,0.818057284361577,-5.37429187614013,FALSE
"P08575","Low_vs_Control",-0.0400799557667728,10.3946779748139,-0.621048504362482,0.534841694634606,0.818057284361577,-5.42949078067264,FALSE
"P09493","Low_vs_Control",-0.0913437141717353,8.78753694526883,-0.619111685551119,0.536138214952304,0.818057284361577,-5.40140934944776,FALSE
"P16152","Low_vs_Control",-0.101055609289919,7.08544000541534,-0.619151117350187,0.536148377978509,0.818057284361577,-5.35863157214557,FALSE
"P08833","Low_vs_Control",0.072045154450695,10.0847322354186,0.618920985652315,0.536243966038969,0.818057284361577,-5.42638007536059,FALSE
"Q9NR99","Low_vs_Control",0.0382766804996475,10.278073177518,0.6171228626955,0.53742564826921,0.818988713728,-5.43159543290653,FALSE
"Q7L576","Low_vs_Control",-0.0685489547639353,7.09314793936753,-0.614322152732059,0.539292037453131,0.820960490135658,-5.41606623160231,FALSE
"Q8IZP7","Low_vs_Control",-0.0375103602903906,8.75403505671408,-0.612339552079821,0.540582619392192,0.82205246681697,-5.43414189898935,FALSE
"Q96PX8","Low_vs_Control",0.0554414417772708,6.84728209115428,0.608737325960781,0.543004042555946,0.824421786935804,-5.38224429508707,FALSE
"Q86SQ4","Low_vs_Control",-0.0420453311958413,7.94512454556893,-0.606768380379187,0.544271261411609,0.824421786935804,-5.43708285683372,FALSE
"P42025","Low_vs_Control",0.0808953214304804,8.27559938605116,0.606823355347117,0.544305320195205,0.824421786935804,-5.35829663343852,FALSE
"P49327","Low_vs_Control",-0.115293582166476,7.04930458012844,-0.606610228098958,0.544440329308373,0.824421786935804,-5.35277162192471,FALSE
"P20908","Low_vs_Control",0.0449768142227081,7.74244540676431,0.605255299982437,0.545288177277289,0.824834647906785,-5.42260023454231,FALSE
"P35611","Low_vs_Control",-0.0992855508930441,7.98705346927674,-0.599210367399009,0.549320578823657,0.829024349586708,-5.41062089993178,FALSE
"P18124","Low_vs_Control",-0.069194355338408,6.20943878716319,-0.598749793369697,0.549680817100645,0.829024349586708,-5.33458911616321,FALSE
"Q15366","Low_vs_Control",-0.0675631810528392,7.50038759059861,-0.598524324757782,0.54979229878449,0.829024349586708,-5.39505757907053,FALSE
"O14656","Low_vs_Control",0.0543661207726078,6.41915654364299,0.596838814857089,0.550938526323629,0.829880091121937,-5.36484551915506,FALSE
"O15466","Low_vs_Control",0.0418305327985724,9.29757734091978,0.59524763227831,0.55193917724941,0.830142053946051,-5.44290751720624,FALSE
"P18206","Low_vs_Control",-0.0852317452132159,9.15603071213643,-0.59399796934096,0.552773674563805,0.830142053946051,-5.44372283309937,FALSE
"P19827","Low_vs_Control",-0.0392983071510606,19.8192793581199,-0.593884873059925,0.552849136344825,0.830142053946051,-5.44378112336965,FALSE
"P06396","Low_vs_Control",0.052998802192759,15.2222283975078,0.590664179767283,0.555003825467618,0.832505738201427,-5.44543317010486,FALSE
"P62906","Low_vs_Control",-0.0658846494675798,7.18061857573655,-0.588626356518117,0.556459397281438,0.83381690250949,-5.32330517975291,FALSE
"P54105","Low_vs_Control",-0.0628406918216822,8.89938135261398,-0.586926175789444,0.557520080428988,0.834521545698436,-5.43649657526722,FALSE
"P06702","Low_vs_Control",-0.0785647973183288,11.6587413656075,-0.586056698631707,0.558093558106555,0.834521545698436,-5.4477808589244,FALSE
"Q04637","Low_vs_Control",-0.0622528371545936,6.31941183439767,-0.582920301359314,0.560266271301132,0.836897742756065,-5.34383255512364,FALSE
"P49913","Low_vs_Control",0.051751608013479,10.6779642020573,0.580929770213672,0.561541194630648,0.837929316441571,-5.45037188440338,FALSE
"O14773","Low_vs_Control",-0.0652754957622959,7.98925183065432,-0.578922593331669,0.562964446634609,0.838336589751341,-5.37150022229979,FALSE
"P12273","Low_vs_Control",-0.0686502456184712,8.42635025550962,-0.578413778657624,0.563256937714258,0.838336589751341,-5.41586275814738,FALSE
"Q9H4A9","Low_vs_Control",0.0674478740798845,6.71624583887461,0.578037226613439,0.563567972468824,0.838336589751341,-5.32830052477181,FALSE
"P00746","Low_vs_Control",-0.0576932963113155,12.2107478780524,-0.576539443037835,0.564501792034286,0.838855512722452,-5.45257248570353,FALSE
"P60903","Low_vs_Control",-0.0548434769293085,8.08395244250294,-0.57528908970426,0.565394292353974,0.839267171098618,-5.37579745485306,FALSE
"A0A0B4J1Y8","Low_vs_Control",0.10954034205961,9.13663981435818,0.574439409147638,0.56594934062229,0.839267171098618,-5.40772680371071,FALSE
"P36980","Low_vs_Control",0.0554192459884213,12.9392495477091,0.571722228828192,0.567758901700596,0.839813379058844,-5.4549678794959,FALSE
"Q14242","Low_vs_Control",-0.0341535879140604,12.1063880932504,-0.571291469637068,0.568050593941946,0.839813379058844,-5.45518109999385,FALSE
"P31939","Low_vs_Control",-0.0650780018686641,6.79153170105501,-0.570946719624009,0.568321100248216,0.839813379058844,-5.40558680137584,FALSE
"P02730","Low_vs_Control",-0.0934659171092882,12.7056815174041,-0.570391682533226,0.568660244815996,0.839813379058844,-5.4556258579014,FALSE
"P08727","Low_vs_Control",0.0923847360309349,8.63318867934495,0.567714896119137,0.5705024416221,0.841667182393099,-5.40315011919989,FALSE
"P54577","Low_vs_Control",-0.085100487182693,8.00837889282225,-0.565252938119314,0.572183292690363,0.842923519353183,-5.39505764817885,FALSE
"P08133","Low_vs_Control",0.0446174689590197,9.3726239424157,0.564690239390597,0.572529642852162,0.842923519353183,-5.45842855390246,FALSE
"Q8IXL6","Low_vs_Control",-0.0656620823532812,8.12515520906073,-0.563614880865005,0.573272280015303,0.842937819646798,-5.42839449301373,FALSE
"Q96JM4","Low_vs_Control",-0.0592197380100856,9.06092053247356,-0.563017097911629,0.573715001377458,0.842937819646798,-5.39319080785516,FALSE
"O14786","Low_vs_Control",-0.0321271564080661,14.1375728854174,-0.559582766670749,0.576006651448552,0.844836066290789,-5.46091529705108,FALSE
"P43121","Low_vs_Control",0.0563655564002046,8.34085946184435,0.559347424371647,0.576185266968195,0.844836066290789,-5.41961029484514,FALSE
"P05089","Low_vs_Control",-0.0747154244823669,9.08978214967715,-0.55770255467196,0.577294045642481,0.84559720270819,-5.45140478295986,FALSE
"Q04721","Low_vs_Control",0.0596396375669803,8.05876730862537,0.553757223524524,0.580036583866887,0.848673011390048,-5.3993873497039,FALSE
"Q96CX2","Low_vs_Control",0.045855358959618,6.45046475810516,0.550162985306705,0.582506833443186,0.848673011390048,-5.39942226992451,FALSE
"P24158","Low_vs_Control",-0.126113063036376,7.7565553293251,-0.549724940314722,0.582828266149365,0.848673011390048,-5.33550986682118,FALSE
"Q9ULI3","Low_vs_Control",-0.0334045000817653,13.5969950703665,-0.549559084200559,0.582859373133445,0.848673011390048,-5.46573006682265,FALSE
"Q9H299","Low_vs_Control",-0.0655368186508323,8.95984983788861,-0.548582074882093,0.583535953902764,0.848673011390048,-5.45598563367853,FALSE
"P01699","Low_vs_Control",0.0783626348922883,11.967219682985,0.547939627732629,0.583970663455511,0.848673011390048,-5.46618571980288,FALSE
"P10909","Low_vs_Control",0.0276888625697076,18.9564245277911,0.547858687829604,0.584025627996289,0.848673011390048,-5.46653821218059,FALSE
"P10645","Low_vs_Control",-0.0465035521240402,10.5801480739159,-0.546928835337715,0.584663848609714,0.848673011390048,-5.46697908426264,FALSE
"P26038","Low_vs_Control",-0.0401329549203044,10.0873187305566,-0.546846586107823,0.584720317470968,0.848673011390048,-5.46701804518488,FALSE
"Q96H15","Low_vs_Control",0.0463834566357573,9.62094882259258,0.545089233565297,0.585937914648204,0.848878697662591,-5.45178372273993,FALSE
"P21589","Low_vs_Control",-0.0455742987753531,7.14229211972301,-0.543079742470916,0.587352122542855,0.848878697662591,-5.41880494094013,FALSE
"P13646","Low_vs_Control",0.0548879408276566,12.9952875271336,0.542581756141436,0.587651849149798,0.848878697662591,-5.46903024858043,FALSE
"O00194","Low_vs_Control",-0.170002008789609,9.51069272169878,-0.541394318032566,0.588489532323072,0.848878697662591,-5.43445925103986,FALSE
"O15143","Low_vs_Control",0.145734679918784,8.90990485115948,0.541158563200793,0.588663596658557,0.848878697662591,-5.42626599983909,FALSE
"P25311","Low_vs_Control",0.0658408329349314,9.79371882797587,0.540987064706858,0.588749788110733,0.848878697662591,-5.4697785675147,FALSE
"Q99459","Low_vs_Control",0.0897163298055901,11.1059959779883,0.540432714764221,0.589146112526706,0.848878697662591,-5.44289572674565,FALSE
"Q96P67","Low_vs_Control",-0.0879946387810353,10.1269537983512,-0.539858698192077,0.589597756535524,0.848878697662591,-5.35399381123389,FALSE
"P28838","Low_vs_Control",-0.0816182737540023,6.70166423903937,-0.536919235767687,0.59159281808967,0.850280320752716,-5.40717455339318,FALSE
"P40925","Low_vs_Control",-0.133465255811743,9.42809686506348,-0.536645936701182,0.591757154889268,0.850280320752716,-5.44782508517252,FALSE
"P31146","Low_vs_Control",-0.0578145761352182,9.40951320750515,-0.534148814671059,0.593469306153251,0.851886871895658,-5.47231674386539,FALSE
"P50502","Low_vs_Control",-0.0333302415837089,9.67872511215663,-0.531551141543342,0.595266339834179,0.853290692923083,-5.47381213129353,FALSE
"P50225","Low_vs_Control",-0.0714003305649102,7.32780282083074,-0.530887506452079,0.595769885983473,0.853290692923083,-5.39385752063216,FALSE
"P04233","Low_vs_Control",0.0319413475972805,9.32928352257721,0.528577252629822,0.597327575848526,0.853290692923083,-5.47214534543567,FALSE
"P13639","Low_vs_Control",-0.0478048548370795,7.61455978355588,-0.52841643583005,0.597439531112273,0.853290692923083,-5.47371194912206,FALSE
"P06727","Low_vs_Control",0.0352956804862803,16.0176127620653,0.52791586002478,0.597784467981301,0.853290692923083,-5.47582972543328,FALSE
"Q01082","Low_vs_Control",0.104870165680028,8.16532998531722,0.527568008771156,0.598038376734431,0.853290692923083,-5.4580650867641,FALSE
"Q8NCH0","Low_vs_Control",-0.0474926742851949,7.22112693283128,-0.526783793477733,0.598612578159429,0.853290692923083,-5.43052102574837,FALSE
"P08254","Low_vs_Control",0.046495577406569,9.25022969031661,0.523414710759189,0.600910186719664,0.855601136169849,-5.47787925243261,FALSE
"P23327","Low_vs_Control",-0.0474695863575096,9.46445843911183,-0.522683511985245,0.601426740069183,0.855601136169849,-5.47060234417278,FALSE
"P04259","Low_vs_Control",-0.0540165095512695,14.4535474896882,-0.519776693468709,0.603441920836537,0.855703417747539,-5.47952295699808,FALSE
"P14543","Low_vs_Control",-0.0374776290553598,12.2145969082518,-0.518689340150192,0.604199553917792,0.855703417747539,-5.48001201495794,FALSE
"Q9NZT1","Low_vs_Control",-0.0721619725676188,10.035240930233,-0.518642378244633,0.604235005733714,0.855703417747539,-5.47602957516523,FALSE
"P0DOX3","Low_vs_Control",0.0915280859149004,9.35726753619767,0.518640336797138,0.604259770792105,0.855703417747539,-5.42526853230912,FALSE
"Q9Y6W5","Low_vs_Control",0.0701915725782225,6.95929058186569,0.517293004906073,0.605245290434483,0.855703417747539,-5.38735649823449,FALSE
"Q6ZMY3","Low_vs_Control",-0.0420131253838694,13.2832722684218,-0.516809053001228,0.605535446750248,0.855703417747539,-5.43078530149784,FALSE
"O15335","Low_vs_Control",0.0386209935805457,11.1964778054576,0.516552970497348,0.605689354105821,0.855703417747539,-5.48096990874954,FALSE
"Q86WI1","Low_vs_Control",-0.0525170486591264,9.50394798856027,-0.515171838975854,0.606653365023146,0.855703417747539,-5.48158707133623,FALSE
"P63313","Low_vs_Control",-0.0572696247604849,8.97594770580757,-0.51299138416848,0.608192142993819,0.855703417747539,-5.46332361747058,FALSE
"Q9NZN3","Low_vs_Control",-0.0485493252726474,8.96236511258269,-0.512811715117158,0.608303569434228,0.855703417747539,-5.48167644049031,FALSE
"Q14696","Low_vs_Control",-0.0824910453567744,7.74952685256657,-0.512636024991114,0.60849305488502,0.855703417747539,-5.36456234483624,FALSE
"O15400","Low_vs_Control",0.0425162575489999,8.63317992126208,0.512305974091917,0.608659334799505,0.855703417747539,-5.48040327576571,FALSE
"P60985","Low_vs_Control",0.04313438787959,11.0130878632033,0.509704310535913,0.610476356312627,0.85618890667482,-5.48401405285345,FALSE
"P35908","Low_vs_Control",-0.0669776370156328,14.713572404525,-0.509104613650474,0.610896432232663,0.85618890667482,-5.48427858830977,FALSE
"P51888","Low_vs_Control",0.0398694023203134,7.71282771539986,0.508039615608248,0.611649845888552,0.85618890667482,-5.47309179303093,FALSE
"Q8NFU4","Low_vs_Control",-0.047733175963053,10.7888607810119,-0.506874415408047,0.612474509770398,0.85618890667482,-5.469335576656,FALSE
"Q5HYC2","Low_vs_Control",-0.0549517174240179,9.50447824330407,-0.505942418316346,0.613130085562817,0.85618890667482,-5.45739926549938,FALSE
"P39059","Low_vs_Control",-0.0431134684316685,10.3689530057002,-0.505588721160013,0.61336110083542,0.85618890667482,-5.4858238593394,FALSE
"P26022","Low_vs_Control",0.0401988457048006,10.4634022589129,0.505197223814111,0.613635827499288,0.85618890667482,-5.48599525463426,FALSE
"P01732","Low_vs_Control",0.0681068764701243,7.59986492467815,0.505051515448237,0.613781168801754,0.85618890667482,-5.42855149860589,FALSE
"Q8IYI6","Low_vs_Control",-0.0502435888450599,8.78714156305901,-0.500454892351702,0.616998673450385,0.859575591239595,-5.44674333576316,FALSE
"P30085","Low_vs_Control",-0.0698238362151402,7.35751211600469,-0.498997292361734,0.618064466893886,0.859575591239595,-5.37323042719235,FALSE
"P07477","Low_vs_Control",0.0612517088225939,11.744797669182,0.498499751826573,0.618346600294138,0.859575591239595,-5.48431236557671,FALSE
"P11234","Low_vs_Control",-0.0389381058183176,9.05950106626888,-0.498130354818758,0.618606701645232,0.859575591239595,-5.48558879609069,FALSE
"Q86SG5","Low_vs_Control",0.0757780125378229,7.83289780304365,0.496181884702644,0.620014295166092,0.860697482350605,-5.41313179941271,FALSE
"Q9H4M9","Low_vs_Control",-0.0384433021588606,7.95746723829646,-0.494479561492917,0.621181103325006,0.861483270955569,-5.48791242637346,FALSE
"Q10589","Low_vs_Control",-0.0642018554595216,7.43765954454945,-0.489711912738222,0.624578834404413,0.862191897345301,-5.43230948655643,FALSE
"P24593","Low_vs_Control",0.0510840026943562,12.3250845836407,0.489145896585932,0.624946068542145,0.862191897345301,-5.49290824421702,FALSE
"P41218","Low_vs_Control",0.088981673774752,7.36765707165194,0.488623783096492,0.625343373725357,0.862191897345301,-5.45030708394638,FALSE
"Q14554","Low_vs_Control",-0.0722014116966641,7.83114015995452,-0.487690321724055,0.625999444083018,0.862191897345301,-5.44817344802578,FALSE
"Q9BX67","Low_vs_Control",-0.0872489367226237,8.85765672625018,-0.487139002810829,0.626403403468165,0.862191897345301,-5.4175633951924,FALSE
"P39060","Low_vs_Control",-0.036703342818452,14.1650570279989,-0.486809759113229,0.626599675801059,0.862191897345301,-5.49389578686866,FALSE
"Q8IUX7","Low_vs_Control",0.0294335689918537,10.8902052739821,0.486735652667524,0.626652162044615,0.862191897345301,-5.49392703619803,FALSE
"Q13867","Low_vs_Control",-0.055289203989453,9.47905737929437,-0.486286687661347,0.626977202526418,0.862191897345301,-5.47365264864487,FALSE
"P11217","Low_vs_Control",-0.139653921949998,8.9531676514139,-0.485883518822617,0.627298861069715,0.862191897345301,-5.42222537971656,FALSE
"P24592","Low_vs_Control",-0.0407100239851541,10.0213335163932,-0.485250874970002,0.627704561247206,0.862191897345301,-5.49423536945469,FALSE
"P02766","Low_vs_Control",0.0324322577732907,13.3621530420006,0.483676112922836,0.628820748113357,0.862400039209607,-5.49521303956607,FALSE
"Q92563","Low_vs_Control",0.036288430330341,8.26567750728197,0.482905214268564,0.629381627562512,0.862400039209607,-5.462996907969,FALSE
"A0A087WSX0","Low_vs_Control",0.0934421021810277,12.5165623533459,0.482495271330818,0.62966027967396,0.862400039209607,-5.49204060559825,FALSE
"P53675","Low_vs_Control",0.0599629072143379,7.80567442588008,0.480967792949,0.63074792565232,0.862930788142447,-5.48757019507402,FALSE
"Q6UW49","Low_vs_Control",-0.0548369929851651,7.9198466541548,-0.480265662393066,0.631251322706713,0.862930788142447,-5.48155509148334,FALSE
"Q9BXX0","Low_vs_Control",-0.0332179422499745,9.8821188271743,-0.478420117099824,0.632553670802489,0.863655005627478,-5.49740335823994,FALSE
"P21291","Low_vs_Control",-0.0416153566238364,8.95710176017587,-0.477816656700756,0.632985642199777,0.863655005627478,-5.49022289681068,FALSE
"P61604","Low_vs_Control",-0.116217358501423,9.21194998999824,-0.476863734564363,0.63370528310647,0.863814996173648,-5.43466211542008,FALSE
"Q92752","Low_vs_Control",0.0405077179538917,7.16318132818511,0.471218763109825,0.637693614408952,0.86842606178769,-5.48162855997678,FALSE
"O00592","Low_vs_Control",-0.0538011236888405,12.9367082296196,-0.462667079670743,0.643797883001746,0.873297640146521,-5.50382487225687,FALSE
"Q9H5I5","Low_vs_Control",-0.0351317382078289,10.6149260291327,-0.461741524809696,0.644463780201958,0.873297640146521,-5.49920176392637,FALSE
"P17301","Low_vs_Control",-0.0288290847438049,8.38161107573599,-0.46155015652955,0.644598274301174,0.873297640146521,-5.50427201705378,FALSE
"O43491","Low_vs_Control",0.0513527937162825,7.33924817409051,0.460532786671832,0.645352676514901,0.873297640146521,-5.46211430552776,FALSE
"P22607","Low_vs_Control",0.040504368041554,7.01214651038104,0.459782352849714,0.64590675040366,0.873297640146521,-5.41444672794532,FALSE
"Q6IBS0","Low_vs_Control",-0.075618518670999,7.37235669825016,-0.459175347067539,0.646350873185741,0.873297640146521,-5.41943365255892,FALSE
"Q8WUA8","Low_vs_Control",0.0475043689502002,9.63100161583321,0.458405312181803,0.646854848732331,0.873297640146521,-5.50503403381632,FALSE
"P00751","Low_vs_Control",0.0537938413624257,14.5591237391307,0.458368534376016,0.646880533791553,0.873297640146521,-5.50553978971546,FALSE
"P36955","Low_vs_Control",0.048554588090397,12.4653659554048,0.457644208670969,0.647400536259412,0.873297640146521,-5.50582721913472,FALSE
"P01889","Low_vs_Control",-0.0377057762303519,9.17314301611997,-0.457210093599862,0.647713043238789,0.873297640146521,-5.50534654276309,FALSE
"P20339","Low_vs_Control",-0.0329430348613631,9.2138014869035,-0.456852636276661,0.647969797151951,0.873297640146521,-5.50548804618359,FALSE
"P02144","Low_vs_Control",0.0642031119636455,7.73887506936286,0.448697855854782,0.653889325525319,0.878796082471185,-5.37029943103453,FALSE
"Q13576","Low_vs_Control",0.14682447644002,11.2222113748543,0.447909717371678,0.65440810289432,0.878796082471185,-5.50558962947192,FALSE
"P06576","Low_vs_Control",0.0772533051590774,7.43449891656247,0.446765669932191,0.655273326628975,0.878796082471185,-5.43722809541733,FALSE
"Q9Y543","Low_vs_Control",0.0386572711495372,10.6029229549523,0.446705588140543,0.655280878141888,0.878796082471185,-5.49348482112816,FALSE
"P04275","Low_vs_Control",0.0376020450613694,16.9248847070703,0.445073936947706,0.656452795637653,0.878796082471185,-5.51074259799352,FALSE
"P11597","Low_vs_Control",0.0455918876866583,14.4009102372398,0.444795749697167,0.65665370681068,0.878796082471185,-5.51084983120808,FALSE
"P53621","Low_vs_Control",-0.0887889560762583,6.74290899229189,-0.444721770372917,0.656759447454212,0.878796082471185,-5.40978949281942,FALSE
"P47756","Low_vs_Control",0.0569140149806202,9.04694790423405,0.443022557604074,0.657936823257314,0.878796082471185,-5.50989952017218,FALSE
"P05109","Low_vs_Control",-0.0620825794006077,11.4066719126918,-0.442731893357406,0.658145122936659,0.878796082471185,-5.51164322579294,FALSE
"Q3ZCW2","Low_vs_Control",-0.0816600116366386,7.57430063952983,-0.442756110241453,0.658177819089297,0.878796082471185,-5.42659675009542,FALSE
"P40227","Low_vs_Control",-0.0524003845933469,7.59421706748453,-0.440118446322354,0.660052588956287,0.880479453547271,-5.48607019757675,FALSE
"Q14204","Low_vs_Control",0.0966154619909103,7.15802461555512,0.436914870408697,0.662387805090203,0.882079271224828,-5.46639970008405,FALSE
"P48059","Low_vs_Control",-0.0492921477577983,8.7980545803173,-0.436052368373302,0.662990594194389,0.882079271224828,-5.4984105714758,FALSE
"O75752","Low_vs_Control",-0.0269163988659358,9.11581501697889,-0.435734717439245,0.663211975203046,0.882079271224828,-5.51395211792698,FALSE
"Q13404","Low_vs_Control",-0.0560238085105089,7.38978891471944,-0.4345875848484,0.664112123713033,0.882079271224828,-5.38777207162041,FALSE
"Q8NBS9","Low_vs_Control",-0.0393749386270521,7.94228802075196,-0.434221544082592,0.664327484604473,0.882079271224828,-5.47992323322253,FALSE
"Q9H2K2","Low_vs_Control",-0.0542664917321929,8.89640050579499,-0.431488567606095,0.666343625663014,0.883937797595525,-5.40865862859196,FALSE
"Q05707","Low_vs_Control",0.0286932617366711,7.77790681022327,0.428276820558459,0.668629179050712,0.884960694342177,-5.51581947644571,FALSE
"Q8IUK5","Low_vs_Control",0.027851248180502,11.4819835169172,0.427839564874121,0.668946267652984,0.884960694342177,-5.51725947349242,FALSE
"Q13093","Low_vs_Control",0.0588130167727465,7.4618667020232,0.427838314907962,0.668994865767939,0.884960694342177,-5.41546388111026,FALSE
"Q8WVV4","Low_vs_Control",-0.0602958290351046,7.04973413675605,-0.425969911610414,0.670342224524158,0.884960694342177,-5.43586337279929,FALSE
"Q08495","Low_vs_Control",-0.0631455659966367,8.90059799864565,-0.425759357191322,0.670471212224641,0.884960694342177,-5.50283964104266,FALSE
"P49189","Low_vs_Control",-0.0407278029101263,6.86166552502043,-0.425342114976431,0.670817485878623,0.884960694342177,-5.41434015404307,FALSE
"A1L4H1","Low_vs_Control",-0.030432027279911,11.5428614959743,-0.422554590367188,0.672796124567545,0.88675518624068,-5.51920638060642,FALSE
"P15814","Low_vs_Control",0.0837889080328882,10.0330395633622,0.419364102009674,0.675162330143995,0.889056732255729,-5.44194653516533,FALSE
"Q15907","Low_vs_Control",-0.0437959895322617,8.98572172608818,-0.416184050202818,0.677449225810452,0.890120670953325,-5.5194310580311,FALSE
"P11766","Low_vs_Control",0.0781240241198127,8.12211751441406,0.412667210047745,0.680072533790981,0.890120670953325,-5.43157275724492,FALSE
"Q14684","Low_vs_Control",-0.0419058588475245,13.6371454422488,-0.411653966158979,0.680773265610296,0.890120670953325,-5.49466395940794,FALSE
"Q9H173","Low_vs_Control",0.033940928053017,7.05909162317328,0.411572201202358,0.680835778567262,0.890120670953325,-5.50005338451689,FALSE
"P07988","Low_vs_Control",0.0455464864196689,8.01620970235832,0.411004083813588,0.681250525655835,0.890120670953325,-5.49921599694158,FALSE
"P07359","Low_vs_Control",-0.0262644196797055,17.2534723103829,-0.410044055829554,0.681943659867166,0.890120670953325,-5.52371870951251,FALSE
"P59768","Low_vs_Control",-0.0329969221349034,7.93259442071188,-0.408763580143349,0.68290528977639,0.890120670953325,-5.48781276616434,FALSE
"Q14956","Low_vs_Control",0.0374127913003441,8.15733169878894,0.408531077020335,0.683060678892864,0.890120670953325,-5.50926255161152,FALSE
"P0DOY2;P0DOY3","Low_vs_Control",0.0633145650364746,16.763285694319,0.408474473910104,0.683106314860017,0.890120670953325,-5.49977784244732,FALSE
"P11413","Low_vs_Control",0.0553252906646113,7.29463645221882,0.407575584308031,0.68376877075272,0.890120670953325,-5.4958997413373,FALSE
"Q08188","Low_vs_Control",-0.0550099950264737,8.39537095488453,-0.407409980014736,0.68388330395692,0.890120670953325,-5.49999927004214,FALSE
"P50238","Low_vs_Control",-0.0301710210140378,11.7139079731964,-0.407317307518044,0.683948764182956,0.890120670953325,-5.51556979340035,FALSE
"Q92187","Low_vs_Control",-0.0257498406135284,11.0208342148177,-0.405759676654873,0.68508723269358,0.890120670953325,-5.52523286127159,FALSE
"Q13247","Low_vs_Control",-0.0349048727981254,7.84354211258682,-0.405098892166755,0.685629541195031,0.890120670953325,-5.42703793317735,FALSE
"Q9NQ30","Low_vs_Control",-0.0299260342851273,9.52532998983875,-0.404891206190578,0.685727093821031,0.890120670953325,-5.52178151720666,FALSE
"P29622","Low_vs_Control",0.0325958193089413,13.2478386974416,0.404334462054006,0.686134170555371,0.890120670953325,-5.52573302683685,FALSE
"Q9HCL0","Low_vs_Control",0.0297344267665665,9.76096018073626,0.403805844717567,0.686522637429831,0.890120670953325,-5.52591809297433,FALSE
"P48723","Low_vs_Control",-0.0475401955127488,6.85652145979956,-0.402533819945705,0.687502811265662,0.890586297520288,-5.43006792471663,FALSE
"P16112","Low_vs_Control",0.0347709445313509,10.6510882050929,0.398839859084064,0.690176051772117,0.893242290831422,-5.52764484605697,FALSE
"Q14974","Low_vs_Control",-0.039397013913347,7.23056982135458,-0.396933960170369,0.691586732169073,0.893286280822381,-5.51462194324657,FALSE
"P04156","Low_vs_Control",-0.0414592449498876,6.50761001043837,-0.395386103082053,0.692755660379687,0.893286280822381,-5.44626380770673,FALSE
"O00187","Low_vs_Control",0.0276938609056607,15.9624886873935,0.395032836956343,0.692981747804918,0.893286280822381,-5.5289541500894,FALSE
"P02760","Low_vs_Control",-0.0230751656881889,15.8080372567205,-0.394586790884519,0.693310751939883,0.893286280822381,-5.52910673215959,FALSE
"P01042","Low_vs_Control",0.048925803863936,15.4437564134432,0.394567979729999,0.693324707500216,0.893286280822381,-5.5291131054766,FALSE
"Q6UXB8","Low_vs_Control",0.040669604208972,9.76795538565269,0.392080701083336,0.695160323782683,0.893807158287513,-5.52996080476155,FALSE
"P06756","Low_vs_Control",0.0322128188981212,6.77536431398741,0.390719431527903,0.696198825198598,0.893807158287513,-5.43461033518333,FALSE
"P18065","Low_vs_Control",0.0558355368230181,11.9812125241559,0.390333767777309,0.696452663617457,0.893807158287513,-5.51970732131068,FALSE
"Q15517","Low_vs_Control",-0.101702057426657,10.7306405542789,-0.389965144390255,0.696729647192751,0.893807158287513,-5.51641788723242,FALSE
"P13645","Low_vs_Control",0.0505923383651101,14.4039474553296,0.389198968398412,0.697289460235162,0.893807158287513,-5.53093611795261,FALSE
"P08754","Low_vs_Control",-0.0436301492700908,7.58772365010903,-0.388992572590325,0.697468765776657,0.893807158287513,-5.47235658001938,FALSE
"P05556","Low_vs_Control",-0.0161978399458995,11.0302242904452,-0.387657519593446,0.698429206422821,0.894238823223505,-5.53145495106702,FALSE
"P02652","Low_vs_Control",0.0264931359278116,18.001237236293,0.386797140060056,0.699065710877256,0.894255333985714,-5.53174361835646,FALSE
"P0DOX2","Low_vs_Control",0.0494676771664402,15.4027641062072,0.384938221970451,0.70044173016637,0.895216970640441,-5.53236506316717,FALSE
"O43707","Low_vs_Control",-0.0401671996744009,6.99714724139232,-0.382634821524503,0.702153318750636,0.896605395448274,-5.51845420421322,FALSE
"P51665","Low_vs_Control",-0.0484512010432159,6.90163526318302,-0.381024005978003,0.703405023498064,0.896709571385335,-5.39002789316956,FALSE
"Q0VD83","Low_vs_Control",0.027611493854284,10.4483006348461,0.380830601909006,0.703485542404813,0.896709571385335,-5.53372782588319,FALSE
"P53990","Low_vs_Control",-0.069763928206739,7.96033673230537,-0.378642793676578,0.705159058012258,0.896892701087817,-5.43553722125726,FALSE
"O00264","Low_vs_Control",-0.0337364020895432,8.17310276519097,-0.378148823618483,0.705492060310314,0.896892701087817,-5.49324962828728,FALSE
"P61026","Low_vs_Control",-0.071000087580579,10.9767088507376,-0.378108320568907,0.705505555667404,0.896892701087817,-5.53462284244403,FALSE
"P12931","Low_vs_Control",-0.0577632264137762,7.22104621083113,-0.375841598911597,0.707224769766865,0.89828194849042,-5.46508585712305,FALSE
"P45877","Low_vs_Control",0.0316142351309985,7.19443720336951,0.374817145221461,0.707994869687061,0.898374806155373,-5.41836494688877,FALSE
"P80511","Low_vs_Control",-0.0503815186835146,7.96083311387953,-0.374035012580981,0.708550840838024,0.898374806155373,-5.48643378180096,FALSE
"P49908","Low_vs_Control",-0.0288035193939198,14.6244086009702,-0.369792312024062,0.711688823992637,0.901556337107281,-5.53731740690003,FALSE
"P02533","Low_vs_Control",-0.047890384017677,13.6476621778396,-0.367413457848833,0.713461212303972,0.902953267181293,-5.53807712501725,FALSE
"P02647","Low_vs_Control",-0.0355091719495775,17.3267152587832,-0.366017080561408,0.714502204228659,0.902953267181293,-5.53852087431491,FALSE
"P36915","Low_vs_Control",0.0500171110506225,6.79295100983063,0.365212443307542,0.715157376664791,0.902953267181293,-5.40318942790149,FALSE
"P22392","Low_vs_Control",-0.0428988666285557,7.54995552630935,-0.364977123271989,0.715310259078068,0.902953267181293,-5.47716981835358,FALSE
"Q14254","Low_vs_Control",0.0342563895038541,7.86999438735879,0.36198173253831,0.717516065282683,0.904941106082117,-5.53655857685568,FALSE
"O60664","Low_vs_Control",0.0304936125298161,7.27721449555363,0.360542969481558,0.718592042335324,0.90541045868191,-5.52785484762376,FALSE
"P11362","Low_vs_Control",-0.0334391134222436,8.8158254501469,-0.358664396591338,0.719996811782681,0.90541045868191,-5.52872887408107,FALSE
"P10412","Low_vs_Control",-0.0518596967267371,10.4965126457268,-0.357222453198504,0.721071548244105,0.90541045868191,-5.54109937626254,FALSE
"Q9Y240","Low_vs_Control",0.0243568497068924,12.749148533936,0.356899766118737,0.721312615905418,0.90541045868191,-5.54137639409694,FALSE
"P53634","Low_vs_Control",0.0263620211535525,10.2892992844707,0.355488255918428,0.722368979680182,0.90541045868191,-5.54181204051556,FALSE
"P23467","Low_vs_Control",-0.0257767774855484,8.82576110666932,-0.353980812646751,0.723497725465109,0.90541045868191,-5.54227539028571,FALSE
"Q15833","Low_vs_Control",-0.0602189174872017,7.31282257428204,-0.35354824042683,0.72384007358199,0.90541045868191,-5.50089480984191,FALSE
"Q99969","Low_vs_Control",0.0284507908085576,12.7059126505486,0.352147332970429,0.724871414481143,0.90541045868191,-5.54283630296733,FALSE
"Q96QA5","Low_vs_Control",-0.0494762830559035,7.18420028362769,-0.352156546415097,0.724913809133594,0.90541045868191,-5.38329577800853,FALSE
"P61106","Low_vs_Control",0.0360789845482561,8.14642888422025,0.351583139455226,0.7252968437455,0.90541045868191,-5.53894775996277,FALSE
"P43251","Low_vs_Control",0.0309691896869442,10.7990252769778,0.351474899494809,0.725375441481604,0.90541045868191,-5.54304128951392,FALSE
"P07585","Low_vs_Control",0.0202742328372985,12.3537084873039,0.351355613679605,0.725464865429229,0.90541045868191,-5.54307761204931,FALSE
"O60279","Low_vs_Control",0.0211816960482611,12.8973842233143,0.349740046049949,0.726676363096706,0.90613383015711,-5.54356833881596,FALSE
"Q6Q788","Low_vs_Control",0.0317314648064659,12.5225354609267,0.347073703431942,0.728677325000227,0.907370922217324,-5.54437329347506,FALSE
"P27797","Low_vs_Control",-0.0203748681878011,12.0049769637637,-0.346731905161715,0.728933962618102,0.907370922217324,-5.54447603533392,FALSE
"P01704","Low_vs_Control",0.0705903374793753,10.1667572917905,0.343168147836893,0.73164116111963,0.909950932389895,-5.45491589458954,FALSE
"O00161","Low_vs_Control",-0.0457473361322975,7.28095800182553,-0.341052948058154,0.733244383964793,0.910680024859936,-5.45572395082201,FALSE
"Q15911","Low_vs_Control",0.0345479526832211,10.4105119949667,0.340691536584947,0.733497509562919,0.910680024859936,-5.44864129201298,FALSE
"Q5D862","Low_vs_Control",0.0412068464300646,9.75216730005159,0.338404295840913,0.735197973372284,0.910866443172817,-5.53838940147726,FALSE
"Q14344","Low_vs_Control",-0.0398858476629176,6.65767107600879,-0.338039080767952,0.735501650111343,0.910866443172817,-5.48091801388481,FALSE
"P61019","Low_vs_Control",0.0440827918427384,7.07782673716332,0.337728262974994,0.735728865822292,0.910866443172817,-5.48100279279686,FALSE
"Q8WUT4","Low_vs_Control",-0.033467920947718,9.46559492743992,-0.336667494562935,0.736505658905951,0.910866443172817,-5.54552419254381,FALSE
"Q9UBW5","Low_vs_Control",-0.0526060523877421,7.5200733531302,-0.33603997431861,0.736999030965732,0.910866443172817,-5.48588565267869,FALSE
"P25705","Low_vs_Control",0.0670086338723976,7.67575268420626,0.335381095883946,0.737491451986903,0.910866443172817,-5.50150875963609,FALSE
"P23381","Low_vs_Control",-0.02381587764022,7.4029047659305,-0.333908794810233,0.738591097551109,0.910866443172817,-5.53464314652499,FALSE
"P08567","Low_vs_Control",-0.0456971451483135,9.24586056303811,-0.332944059699054,0.739312471333033,0.910866443172817,-5.54799609583624,FALSE
"P08493","Low_vs_Control",0.0215706193972629,14.5406500132036,0.332874103103606,0.739364393203039,0.910866443172817,-5.54855637128332,FALSE
"Q6X4W1","Low_vs_Control",-0.0542938290713106,10.9332791969657,-0.330325533872109,0.741314053236128,0.911878938154666,-5.49099239826936,FALSE
"Q9NR34","Low_vs_Control",-0.0444026491016256,9.67040145693168,-0.33011811672788,0.74145804873664,0.911878938154666,-5.51075477763913,FALSE
"Q9Y4F3","Low_vs_Control",0.0318105353416804,12.734651023111,0.325269301212975,0.745111852053837,0.914821517117891,-5.5439764315956,FALSE
"P63208","Low_vs_Control",-0.0357229693995684,7.66582881557156,-0.323821549933725,0.746238470655479,0.914821517117891,-5.47922640701625,FALSE
"P62081","Low_vs_Control",-0.0358630279357,6.80621705629788,-0.323437317275547,0.746523356612481,0.914821517117891,-5.47675825614347,FALSE
"P01624","Low_vs_Control",0.039002503431961,12.7723307083619,0.321194366370399,0.748193058638708,0.914821517117891,-5.55186621034642,FALSE
"Q96PC5","Low_vs_Control",-0.029115864626454,7.76366032370452,-0.321036547794742,0.748346483834459,0.914821517117891,-5.45933632871979,FALSE
"Q07960","Low_vs_Control",0.0320974061630341,7.94871829759709,0.320805397444674,0.748490194293033,0.914821517117891,-5.54682635047966,FALSE
"Q02817","Low_vs_Control",0.050943935746,7.85644414748356,0.320116376782813,0.749028289322939,0.914821517117891,-5.4968827224626,FALSE
"Q92859","Low_vs_Control",-0.0198271994826769,10.3899493920525,-0.318933311235361,0.749906027536858,0.914821517117891,-5.55249332152778,FALSE
"P02549","Low_vs_Control",-0.0721623926543451,10.1442312006818,-0.31868508916327,0.750094220549382,0.914821517117891,-5.55256185647233,FALSE
"P24844","Low_vs_Control",0.0457668831651485,8.22933075632938,0.318507220492081,0.750240740462534,0.914821517117891,-5.5127660657611,FALSE
"P26583","Low_vs_Control",-0.0396525111099395,7.80693048334075,-0.317693743733918,0.750868148987279,0.914821517117891,-5.4835835669062,FALSE
"Q02985","Low_vs_Control",0.0349213867568459,9.6149686753905,0.313633974321368,0.753926918079836,0.917768421499563,-5.54856887915228,FALSE
"O94985","Low_vs_Control",-0.017487764454085,11.0024076545337,-0.312643211813666,0.754677939972026,0.917903448617375,-5.55421456737364,FALSE
"Q9HBB8","Low_vs_Control",-0.0295544276772937,7.3368806587867,-0.311478758986856,0.755593297349889,0.918184591701452,-5.48495263053999,FALSE
"Q96S96","Low_vs_Control",-0.0307972307168551,10.0939429401169,-0.309911385226939,0.756753350025971,0.918184591701452,-5.55495144046155,FALSE
"Q16543","Low_vs_Control",-0.0409427667180697,6.55627779126452,-0.309541514902357,0.757076031237136,0.918184591701452,-5.43040732328536,FALSE
"P17931","Low_vs_Control",0.0286883880966995,6.54540036588066,0.308157836300234,0.758117792474413,0.918184591701452,-5.47296661391399,FALSE
"P08758","Low_vs_Control",-0.0320770425580319,7.7826976549088,-0.306587869810634,0.759284852337551,0.918184591701452,-5.54464880821058,FALSE
"O14498","Low_vs_Control",0.0225058167270191,8.00155601543604,0.306182876553035,0.759599148796212,0.918184591701452,-5.52337647594403,FALSE
"O00186","Low_vs_Control",0.0331542463966397,6.77288254836996,0.306178906904535,0.759614088016915,0.918184591701452,-5.50555266968286,FALSE
"Q92820","Low_vs_Control",-0.0325700414333365,8.09887771556889,-0.305606013021259,0.760031457705455,0.918184591701452,-5.54009135331424,FALSE
"P35527","Low_vs_Control",-0.0407211024067617,14.6475990699102,-0.304102149136724,0.76117261043276,0.918691010292919,-5.55649687845829,FALSE
"Q9UBP4","Low_vs_Control",-0.0211779925983624,10.6487497934145,-0.303367535364229,0.76173194647021,0.918691010292919,-5.55669026681662,FALSE
"P13796","Low_vs_Control",-0.0190766442567813,10.4656621421554,-0.300651359865347,0.763801349181954,0.920412718257918,-5.55740111343121,FALSE
"Q02413","Low_vs_Control",0.0373797776111466,10.1006173163481,0.297480016938198,0.76622043087485,0.922552559088611,-5.55626462072824,FALSE
"P11047","Low_vs_Control",-0.021101580943256,9.29728428667715,-0.295085748735212,0.768046958287905,0.92340798642642,-5.55883771859821,FALSE
"O43529","Low_vs_Control",-0.0257427011926428,7.10086217632537,-0.294873374768744,0.768218778107894,0.92340798642642,-5.52241387490198,FALSE
"Q8N307","Low_vs_Control",0.0245276546246984,10.2519092770788,0.290936932140905,0.771216576610759,0.92433698780108,-5.55940550963568,FALSE
"P03951","Low_vs_Control",0.0202370831524075,15.488862851881,0.290861895056168,0.771273708379538,0.92433698780108,-5.55991007797125,FALSE
"P37235","Low_vs_Control",0.0351698855902036,7.04323932038563,0.288864219986043,0.772824986901979,0.92433698780108,-5.48287468900799,FALSE
"O14745","Low_vs_Control",-0.020867323203694,8.19791372860421,-0.288791483086473,0.772857500136142,0.92433698780108,-5.5594451405242,FALSE
"Q641Q3","Low_vs_Control",0.0257091006492614,8.23513257149533,0.286904418032727,0.774308422306482,0.92433698780108,-5.52150338629082,FALSE
"P10451","Low_vs_Control",0.0186322710684639,12.344538582365,0.286554325932203,0.774568503909466,0.92433698780108,-5.56098777398801,FALSE
"P08311","Low_vs_Control",-0.0290335988801598,9.30078302496189,-0.282934066415435,0.77734096159286,0.92433698780108,-5.56124611831767,FALSE
"Q96QR1","Low_vs_Control",-0.0355881508394749,10.4684976803598,-0.282608444066015,0.777596739895059,0.92433698780108,-5.53880743258923,FALSE
"Q92530","Low_vs_Control",0.0347393456338292,7.97420902862106,0.281414022588134,0.77852840104009,0.92433698780108,-5.50755092561554,FALSE
"P16671","Low_vs_Control",0.0278476596236334,9.14700973043489,0.280859152077065,0.778931784077107,0.92433698780108,-5.56075334110046,FALSE
"P16452","Low_vs_Control",-0.0518379656744727,9.02074921704945,-0.280845000384957,0.778942910023464,0.92433698780108,-5.56120880150796,FALSE
"Q86UX2","Low_vs_Control",0.020917174849254,7.61366387925056,0.279468868081307,0.779997779760246,0.92433698780108,-5.55827712295511,FALSE
"P51659","Low_vs_Control",-0.0369972197164357,7.00885407117669,-0.27948914684306,0.780013753712089,0.92433698780108,-5.45624686663108,FALSE
"P08637","Low_vs_Control",0.025192056419522,8.73017813307325,0.279116719922903,0.780267416526761,0.92433698780108,-5.55968221625968,FALSE
"P22891","Low_vs_Control",0.0255732753391396,14.7670888622919,0.279008932845592,0.780349653540753,0.92433698780108,-5.56283679277155,FALSE
"A0A075B6I0","Low_vs_Control",0.0614687769424052,12.1154244717518,0.277815592416983,0.781276811789431,0.92433698780108,-5.52370925814856,FALSE
"P01860","Low_vs_Control",0.0451262899816722,13.5586932697016,0.277553499998839,0.781466248588537,0.92433698780108,-5.56318774632542,FALSE
"O15117","Low_vs_Control",-0.041717800110356,6.78043749365651,-0.27670379021399,0.782140140243914,0.92433698780108,-5.4963245133409,FALSE
"Q9BZQ8","Low_vs_Control",-0.0225917376958344,6.75774838649223,-0.276191899494873,0.78251821399337,0.92433698780108,-5.53306764334626,FALSE
"P28482","Low_vs_Control",0.036210640004084,9.69401428887145,0.275512901579598,0.783034196805489,0.92433698780108,-5.55151947097534,FALSE
"Q8N257","Low_vs_Control",-0.0424974468094739,9.17797466879593,-0.275513953141687,0.783059459899479,0.92433698780108,-5.46782308891546,FALSE
"P41091","Low_vs_Control",0.0314373835788597,7.19550601756016,0.275379598470548,0.783172552425601,0.92433698780108,-5.4486920590503,FALSE
"O00429","Low_vs_Control",0.0485085769263449,7.10733024690418,0.270290179568118,0.78706877406836,0.928171564156273,-5.4976085176307,FALSE
"P78527","Low_vs_Control",-0.0851196845357407,9.89955755333862,-0.268963959164104,0.788089420042324,0.928611526984957,-5.45182785040772,FALSE
"Q9NYQ6","Low_vs_Control",0.0202686038617284,8.58096322489531,0.267272597557144,0.789366181840816,0.929098699765844,-5.5654363734815,FALSE
"O43242","Low_vs_Control",-0.0295973872037054,6.68494106448859,-0.266750794570139,0.789798685505275,0.929098699765844,-5.4466020420387,FALSE
"Q99460","Low_vs_Control",-0.0347966446279004,7.388690576299,-0.265455373309365,0.790784301291087,0.929495645943786,-5.50379647148429,FALSE
"P08779","Low_vs_Control",-0.0513533121541698,10.4405976440502,-0.264275637791258,0.791674875757182,0.92978032091384,-5.55885691156494,FALSE
"Q92930","Low_vs_Control",-0.0218127468414568,6.98348141094424,-0.262316231845555,0.793202263561908,0.930115102904986,-5.49955997733428,FALSE
"P14923","Low_vs_Control",-0.0391745590792993,9.04529180642697,-0.262220120639328,0.793257162379915,0.930115102904986,-5.56463531972305,FALSE
"Q9NPA2","Low_vs_Control",-0.0375198569520947,8.8137997682329,-0.258524936370283,0.796129598483103,0.930255718253379,-5.50719773320294,FALSE
"P14770","Low_vs_Control",0.0244118222594008,8.47679535965433,0.257753257252708,0.796704359124346,0.930255718253379,-5.55751895364611,FALSE
"Q13885","Low_vs_Control",-0.0241168456764349,9.87213536191293,-0.257552277543055,0.796856049974589,0.930255718253379,-5.56435890472513,FALSE
"O14645","Low_vs_Control",0.0231854279304731,11.4114479530393,0.256967663845466,0.797313509507761,0.930255718253379,-5.53718454232285,FALSE
"P43686","Low_vs_Control",-0.0280669482492204,7.16863350546805,-0.256728539088183,0.797501530082859,0.930255718253379,-5.53238388729179,FALSE
"P28289","Low_vs_Control",0.0462704194744568,7.61359488843769,0.256542707326947,0.797669834858249,0.930255718253379,-5.44912957265564,FALSE
"Q92696","Low_vs_Control",0.0252738091437585,9.23238341247186,0.256185915619506,0.797918084694321,0.930255718253379,-5.53091089892731,FALSE
"Q9BTT0","Low_vs_Control",0.0231254933818619,7.27213762046215,0.254145789388227,0.799500458737592,0.930810271470245,-5.52101054149799,FALSE
"P35612","Low_vs_Control",0.0498574663193789,7.8782710753065,0.253894176410329,0.799691948710838,0.930810271470245,-5.51919116223019,FALSE
"Q3SY84","Low_vs_Control",-0.0420694224856799,9.62230680357568,-0.249868591253746,0.802791758086623,0.933139324184467,-5.5517200112455,FALSE
"P05121","Low_vs_Control",0.0254478920301562,7.51993113731977,0.249163302938564,0.803352482189571,0.933139324184467,-5.52595235215985,FALSE
"P36578","Low_vs_Control",-0.0295688802533345,7.41134831516418,-0.248784079093237,0.803645094398757,0.933139324184467,-5.49064584528371,FALSE
"Q9ULF5","Low_vs_Control",-0.0502624046961913,9.86237162283304,-0.246771656310482,0.805191510622408,0.934178500188134,-5.53303808551558,FALSE
"P08865","Low_vs_Control",-0.0223560402479333,7.70596567176468,-0.245062202257044,0.806511396904423,0.934953389782492,-5.54796403760682,FALSE
"Q9BUL8","Low_vs_Control",0.0350246089438482,7.73921021361847,0.242611310432413,0.808423220642139,0.935049410797409,-5.50777613359949,FALSE
"Q6ZRK6","Low_vs_Control",-0.0433222110999427,11.360940640591,-0.237386030898912,0.812472195242997,0.935049410797409,-5.4884161013594,FALSE
"P24043","Low_vs_Control",0.0212015713950438,6.69738383148327,0.236626287813203,0.8130431561602,0.935049410797409,-5.56555674373701,FALSE
"P16157","Low_vs_Control",-0.0471794527803215,9.57679492410456,-0.236608284863402,0.813054548694147,0.935049410797409,-5.57230983831655,FALSE
"Q9UBU3","Low_vs_Control",-0.0232203918902076,8.65392751033746,-0.235641421362871,0.813827881465951,0.935049410797409,-5.51576339897569,FALSE
"Q9BXT2","Low_vs_Control",-0.018310303237687,8.69521075636869,-0.235379305708122,0.81403805886252,0.935049410797409,-5.47917371748849,FALSE
"Q9BV94","Low_vs_Control",0.0197876293880554,9.55718982232243,0.234451895093635,0.814728735620095,0.935049410797409,-5.56776766434889,FALSE
"P07910","Low_vs_Control",0.0181424050604413,8.41274925754506,0.233180045390583,0.815715808844224,0.935049410797409,-5.56595304047585,FALSE
"P04439","Low_vs_Control",-0.015968799964158,10.2968607255817,-0.233149055410245,0.815738035699891,0.935049410797409,-5.57301399368041,FALSE
"P49641","Low_vs_Control",-0.0128824704353061,9.54410550985163,-0.232796201691111,0.816011888005099,0.935049410797409,-5.57308523507083,FALSE
"P00742","Low_vs_Control",-0.013463900730045,14.9697388277944,-0.232503799195528,0.816238840759295,0.935049410797409,-5.57314418958484,FALSE
"Q9NZD4","Low_vs_Control",-0.0330903707257768,7.97723458560788,-0.229029012915891,0.818963894450581,0.935049410797409,-5.47714347290774,FALSE
"P16070","Low_vs_Control",0.0133896865378311,16.318142133196,0.228517921729908,0.819334075499412,0.935049410797409,-5.57394043915039,FALSE
"Q8WUM4","Low_vs_Control",-0.0253277551321549,10.5320949112395,-0.228495335458468,0.819351622973123,0.935049410797409,-5.57394491193618,FALSE
"P01833","Low_vs_Control",-0.021263075040153,9.03935193317354,-0.228220959585712,0.819565500104961,0.935049410797409,-5.5705103183581,FALSE
"A0A0J9YXX1","Low_vs_Control",-0.0561126591664962,10.1526870293305,-0.226867795931637,0.820643841710001,0.935049410797409,-5.4560715056224,FALSE
"P34932","Low_vs_Control",0.0198342598690582,7.11089333473866,0.226371475836475,0.821009183425332,0.935049410797409,-5.54017845064788,FALSE
"Q9H1Z8","Low_vs_Control",0.0181390957995351,7.35760445857116,0.22629714719401,0.821070515185774,0.935049410797409,-5.52428397591134,FALSE
"Q09328","Low_vs_Control",-0.0133882884285601,8.92690781079762,-0.224505036418948,0.822453137606905,0.935049410797409,-5.57472817857386,FALSE
"P06310","Low_vs_Control",-0.028308783265059,11.3992676594008,-0.224253674106619,0.822649488870711,0.935049410797409,-5.57265347157301,FALSE
"P81605","Low_vs_Control",-0.0199724139083379,12.9264211124004,-0.224110984415891,0.822759571777353,0.935049410797409,-5.57480477965365,FALSE
"P62834","Low_vs_Control",-0.0179802119378589,8.95757561415537,-0.224086944922748,0.822788825564276,0.935049410797409,-5.52270256392355,FALSE
"P48507","Low_vs_Control",0.0223184869021482,7.65183463936427,0.222131123101056,0.824319149719432,0.935049410797409,-5.5025427122015,FALSE
"Q96TC7","Low_vs_Control",0.0213995774146998,7.95347891056242,0.222049169179996,0.824372787154508,0.935049410797409,-5.54858803443294,FALSE
"O75531","Low_vs_Control",0.0222955951931194,7.2252378302316,0.221780216653259,0.824586840457575,0.935049410797409,-5.50680286565649,FALSE
"P13942","Low_vs_Control",0.0186543066263809,9.14587938445325,0.221360892424646,0.824898930610768,0.935049410797409,-5.57533563323941,FALSE
"P16871","Low_vs_Control",-0.017920993498036,10.3189356856582,-0.221100403142075,0.825101639030678,0.935049410797409,-5.5753855760556,FALSE
"P46459","Low_vs_Control",0.0303448284356671,7.17256876970656,0.21948364308636,0.826367363172268,0.935049410797409,-5.5489020639607,FALSE
"Q9UHF0","Low_vs_Control",0.025813701417797,7.72466059517126,0.219342044162723,0.826491850331492,0.935049410797409,-5.51535377691729,FALSE
"Q6IAA8","Low_vs_Control",0.017828807712152,7.1328940105148,0.218812652921442,0.826895089886715,0.935049410797409,-5.53978742167885,FALSE
"Q96K76","Low_vs_Control",-0.0321074782357487,6.01499893886043,-0.218279015097671,0.827330338001511,0.935049410797409,-5.4490803290412,FALSE
"Q86YZ3","Low_vs_Control",0.0274384673180812,8.70817107700814,0.217333470110571,0.828034653434638,0.935049410797409,-5.57460928884744,FALSE
"P55786","Low_vs_Control",-0.0225778854941501,6.75270937574698,-0.217245651388317,0.828112100218068,0.935049410797409,-5.54112107407616,FALSE
"Q09327","Low_vs_Control",-0.0179102330483047,7.52538769144078,-0.213292936082674,0.831189522992645,0.937785819017665,-5.54422945496569,FALSE
"O95714","Low_vs_Control",0.0805866494952951,10.0893596689741,0.21200358029335,0.8322140850272,0.938049586328763,-5.44253401058159,FALSE
"Q99542","Low_vs_Control",0.0158500621563107,11.0572770872962,0.21130631539802,0.832731606273721,0.938049586328763,-5.57722070413784,FALSE
"P11215","Low_vs_Control",0.0134001991033816,8.2130536498583,0.210445817495232,0.833402733882122,0.938068697321007,-5.57737796449411,FALSE
"P19022","Low_vs_Control",0.0175420437916287,9.06189580517692,0.208264451362884,0.835104589960405,0.938151365710788,-5.57777374549129,FALSE
"P30040","Low_vs_Control",0.0290348473317659,7.16062889423256,0.208126826121095,0.835236276985593,0.938151365710788,-5.45617307554892,FALSE
"P09429","Low_vs_Control",0.0265403210238704,7.98306514631157,0.20785799547338,0.835438838223624,0.938151365710788,-5.50746366752604,FALSE
"Q9HCM3","Low_vs_Control",0.013314401957178,9.62155816637479,0.202594661611948,0.839531645519383,0.942009686756491,-5.57878317079283,FALSE
"P16109","Low_vs_Control",0.0333238472673312,8.60945325154586,0.201029815199972,0.840766248893615,0.942657389299018,-5.51574586868245,FALSE
"Q6UXI9","Low_vs_Control",0.0162387981621759,11.0965589604349,0.199118737119524,0.842248227925812,0.942674964063773,-5.57938823677442,FALSE
"P29401","Low_vs_Control",-0.0229433036922337,6.67154444681684,-0.198580201581483,0.842677845178639,0.942674964063773,-5.53024215916315,FALSE
"P48960","Low_vs_Control",0.0160770914304571,7.64962455802645,0.198473568783516,0.842754047370821,0.942674964063773,-5.57407425329166,FALSE
"O75367","Low_vs_Control",0.0365850423631775,8.00920278854371,0.197570704843939,0.843477871361194,0.942749234241584,-5.51312533228673,FALSE
"P60033","Low_vs_Control",0.0153342066657078,10.7243525429892,0.195774509520405,0.844865182547654,0.943564386116305,-5.57451121855267,FALSE
"P01602","Low_vs_Control",0.0307915969291486,8.4483334303306,0.19054037943116,0.848978159527276,0.946999464492219,-5.48329571217781,FALSE
"Q96J42","Low_vs_Control",-0.0144740170982978,10.0051238079088,-0.190155847623825,0.849261723387025,0.946999464492219,-5.58090013482964,FALSE
"P55056","Low_vs_Control",0.0188431134367075,12.4794221630881,0.188698264077692,0.850403435570172,0.947535762709889,-5.58113942552221,FALSE
"P00451","Low_vs_Control",0.0177863669972442,10.0242296404788,0.184757479217597,0.853491785860943,0.950085489660002,-5.58177716481981,FALSE
"P05060","Low_vs_Control",-0.0173478127058768,8.90275156438979,-0.182177594630388,0.855514975533054,0.950085489660002,-5.58169838708445,FALSE
"Q15758","Low_vs_Control",0.0221352512770761,7.43237111769276,0.181868144155839,0.85576874517333,0.950085489660002,-5.53230931061836,FALSE
"P35542","Low_vs_Control",0.0134917249778947,14.9658228894538,0.181652698140674,0.855926558581177,0.950085489660002,-5.58227013547287,FALSE
"P16035","Low_vs_Control",-0.0137168241364964,8.01466633440178,-0.181567571445179,0.856004499749458,0.950085489660002,-5.49473854798908,FALSE
"P00387","Low_vs_Control",-0.0206696174142724,8.68235224320867,-0.180493696916538,0.856837057886505,0.95027404563747,-5.57957770564217,FALSE
"Q8IZF2","Low_vs_Control",-0.0122186509371343,10.5074117436934,-0.178998949373577,0.858008722944022,0.950720011021393,-5.5826848710393,FALSE
"P18085","Low_vs_Control",-0.0176027194678161,7.59809536737168,-0.177469147419715,0.859224952385073,0.950720011021393,-5.51433364420902,FALSE
"P01040","Low_vs_Control",-0.0219681135288781,10.2299431694843,-0.177446798537074,0.859228127115568,0.950720011021393,-5.57723568695263,FALSE
"P61158","Low_vs_Control",-0.0181739847256024,7.75482204374843,-0.172198875669584,0.863350514532645,0.954544824857219,-5.57182380287855,FALSE
"P30048","Low_vs_Control",0.0266072559626629,7.12012712346323,0.169679352757421,0.86534677906313,0.954665640478568,-5.48480932420749,FALSE
"P50148","Low_vs_Control",-0.0189136837302364,7.41643973915559,-0.16855990823541,0.86621731587781,0.954665640478568,-5.55351703542361,FALSE
"Q76I76","Low_vs_Control",-0.0136498622041348,9.17882687817199,-0.168225591813585,0.86648319902059,0.954665640478568,-5.52317363104333,FALSE
"P15311","Low_vs_Control",-0.010929116006011,8.19548962004585,-0.167022814018954,0.867417852005197,0.954665640478568,-5.58266016737011,FALSE
"P05388","Low_vs_Control",0.0137065428032006,8.50002150892856,0.166831476726304,0.867568072777296,0.954665640478568,-5.58432888818393,FALSE
"P00748","Low_vs_Control",-0.0162611626658187,13.4610804178246,-0.1662509115252,0.86802455732449,0.954665640478568,-5.58459210059415,FALSE
"P15941","Low_vs_Control",0.0116170106434463,9.97495515185576,0.166129963034494,0.868119940853593,0.954665640478568,-5.5829669795548,FALSE
"P22304","Low_vs_Control",-0.0129763163417955,8.6459626504403,-0.165133417791701,0.868903583876456,0.95479520251252,-5.58475257488023,FALSE
"Q9BY67","Low_vs_Control",0.00933790889727426,10.6186161784481,0.162856976283381,0.870694746588234,0.955005214803085,-5.58507612870786,FALSE
"P31025","Low_vs_Control",0.0226000927633256,7.72031800736405,0.162276982010009,0.871165879643631,0.955005214803085,-5.47094032870434,FALSE
"Q8IZA0","Low_vs_Control",-0.0130184609062276,7.45965504249259,-0.162052928397349,0.871331459002357,0.955005214803085,-5.56351057392082,FALSE
"Q14764","Low_vs_Control",0.0158426448767255,6.43977777234783,0.160733016151488,0.872382184661001,0.955005214803085,-5.49090219491256,FALSE
"Q9H251","Low_vs_Control",0.0117623282563599,10.2062172419821,0.160483207476658,0.872563197486301,0.955005214803085,-5.58540873291869,FALSE
"P07942","Low_vs_Control",-0.0102168218708663,9.98404091937617,-0.159653703366477,0.87321628895276,0.955005214803085,-5.5855238088316,FALSE
"E9PAV3","Low_vs_Control",-0.0158648067914804,7.33192729361387,-0.158986580233046,0.873756514519977,0.955005214803085,-5.47502040170868,FALSE
"A2A3L6","Low_vs_Control",-0.0321941048491734,11.1265242242493,-0.153530746462465,0.878049779626064,0.958966781404246,-5.52767053776682,FALSE
"P55060","Low_vs_Control",-0.016107883822766,12.5705334044293,-0.151177500498015,0.879894727022862,0.960250409856,-5.58666552321835,FALSE
"P50895","Low_vs_Control",0.0125327053824229,8.59116705493249,0.149256211837532,0.88140984152763,0.960890471471566,-5.58627576533332,FALSE
"P23634","Low_vs_Control",-0.0119138267652232,7.15846458524255,-0.148391893507699,0.882094237070122,0.960890471471566,-5.57223467570662,FALSE
"P20930","Low_vs_Control",0.0192753903624343,8.57977239238395,0.147886060530494,0.882491458108823,0.960890471471566,-5.58228480366337,FALSE
"Q7LFX5","Low_vs_Control",-0.0093486707262791,8.55481446222262,-0.1461863897063,0.883831288979742,0.960921027197633,-5.58730868306954,FALSE
"O95236","Low_vs_Control",0.0250079872616809,9.04440457079556,0.146162491690662,0.883859717485131,0.960921027197633,-5.51491069091367,FALSE
"Q15691","Low_vs_Control",0.0216990444222622,7.4647646571383,0.141798398415777,0.887306090902962,0.963937071480945,-5.51766453344073,FALSE
"P14735","Low_vs_Control",-0.0172234812698404,6.58123224069712,-0.139490284485986,0.889125632501375,0.965182556401947,-5.53443120572404,FALSE
"Q96DA0","Low_vs_Control",0.0140494210154625,8.43216797734567,0.137560057321274,0.890643228832448,0.966098630972565,-5.57566182421419,FALSE
"P29966","Low_vs_Control",-0.0109860529295078,7.1980908819903,-0.135776022720508,0.892053049554595,0.966896502691829,-5.57621622571646,FALSE
"Q8NBJ7","Low_vs_Control",0.0114439173190526,7.85028683706869,0.131940579304749,0.895094552810289,0.969460414448606,-5.53521100468809,FALSE
"P48643","Low_vs_Control",-0.0136470156780693,7.03301389661501,-0.129126398097155,0.897313771352002,0.970546833946813,-5.55764563400616,FALSE
"P17987","Low_vs_Control",-0.0156772136235839,7.2950711204167,-0.127430577646452,0.898653040988946,0.970546833946813,-5.56282912540852,FALSE
"O94973","Low_vs_Control",-0.0171521107284862,7.32516259172412,-0.125542042728535,0.900148656898092,0.970546833946813,-5.54315875400238,FALSE
"Q9Y6E0","Low_vs_Control",-0.0131107567388664,7.23077602376541,-0.125312993350708,0.900332809286103,0.970546833946813,-5.53555338581312,FALSE
"Q01813","Low_vs_Control",0.0182211829451626,6.92453646189027,0.124969163177432,0.900614675202271,0.970546833946813,-5.45828144797884,FALSE
"P23470","Low_vs_Control",-0.00885357455439184,12.5415392141877,-0.124832636931559,0.900704620893473,0.970546833946813,-5.58981658729486,FALSE
"P11717","Low_vs_Control",0.0122836985615988,6.38873920608986,0.124686843184116,0.900835311006421,0.970546833946813,-5.4688552697662,FALSE
"Q09666","Low_vs_Control",-0.00692107504151096,8.95187869857437,-0.123332911314119,0.901891460064902,0.970955220520322,-5.58997787200365,FALSE
"B0I1T2","Low_vs_Control",-0.00825014949185388,7.39154550601393,-0.120405772406503,0.904209562496533,0.972545851480737,-5.58492937570797,FALSE
"P63010","Low_vs_Control",0.0118313559407062,6.61486559887307,0.119759751991991,0.904725359745678,0.972545851480737,-5.55969558921999,FALSE
"P49773","Low_vs_Control",0.0148402285761504,7.41395285858717,0.114853516807503,0.908618506077827,0.975572890106748,-5.48966798622859,FALSE
"O00533","Low_vs_Control",0.00875942123980167,9.05712919901226,0.114479811423114,0.90890193945789,0.975572890106748,-5.59089024311705,FALSE
"P29144","Low_vs_Control",-0.0158365036096644,7.29451146997398,-0.113292866761326,0.909853370708294,0.975839701556819,-5.51341053508566,FALSE
"Q14515","Low_vs_Control",-0.00731507341085624,14.4796947191466,-0.109971294360838,0.912474857507623,0.975839701556819,-5.59132877182694,FALSE
"Q15293","Low_vs_Control",0.00805101478011672,10.5724721428096,0.109445717975254,0.912891484184611,0.975839701556819,-5.5913787464173,FALSE
"Q9UBX5","Low_vs_Control",0.0102681712641584,9.55945516460414,0.109020268910081,0.913228757092187,0.975839701556819,-5.5914190250396,FALSE
"Q6UXD5","Low_vs_Control",0.00750532769485446,9.6731380205035,0.108683958994229,0.913495376419362,0.975839701556819,-5.59145075355969,FALSE
"P18577","Low_vs_Control",-0.0160475754107985,9.7300093312248,-0.10711586278791,0.914740009039738,0.975839701556819,-5.58162842721477,FALSE
"Q9NRB3","Low_vs_Control",-0.00883928675126455,9.59294870011385,-0.106835208756249,0.914961199739564,0.975839701556819,-5.59162341988652,FALSE
"P00492","Low_vs_Control",0.0137136716665456,6.85212875465906,0.105859341351821,0.915749450837286,0.975839701556819,-5.48137552482146,FALSE
"P42357","Low_vs_Control",0.0169914474742558,6.67524517937079,0.105129679663394,0.916322480544142,0.975839701556819,-5.50960558764353,FALSE
"Q07507","Low_vs_Control",-0.0075453581404048,13.4007085208337,-0.104793407885967,0.916580424527466,0.975839701556819,-5.59181067413503,FALSE
"P05023","Low_vs_Control",0.00717102145430459,7.8386714190308,0.103697582784814,0.917450393164547,0.975839701556819,-5.58602712717185,FALSE
"Q92823","Low_vs_Control",0.00713874246951285,8.69957818819083,0.102955778679885,0.918038030532072,0.975839701556819,-5.59197611451064,FALSE
"P05186","Low_vs_Control",-0.00985887984091072,6.57484979977112,-0.1024163855848,0.918476313586144,0.975839701556819,-5.50510501148852,FALSE
"P67775","Low_vs_Control",0.00944056680460648,8.31294112702724,0.101415855033562,0.919265777119412,0.975839701556819,-5.54516003419948,FALSE
"P10644","Low_vs_Control",-0.0116046078006278,7.54428626789474,-0.101299424837935,0.91935804519056,0.975839701556819,-5.54521979324586,FALSE
"P01701","Low_vs_Control",0.017004940568274,12.8079652856366,0.0993336803171801,0.920912124599221,0.975983257060585,-5.58766894570945,FALSE
"P78423","Low_vs_Control",0.00912967228844153,10.4229042844136,0.0987638030330807,0.921364202902643,0.975983257060585,-5.59185204902755,FALSE
"Q6KB66","Low_vs_Control",0.017410753389953,9.55341561692417,0.0985502383166181,0.921535097670873,0.975983257060585,-5.57626284106054,FALSE
"P30990","Low_vs_Control",0.00771311912867212,8.88532639654458,0.0918553089525687,0.926850275337285,0.980888040467651,-5.56760956067545,FALSE
"P17900","Low_vs_Control",0.00781590312472069,7.52640981077983,0.0886044607100308,0.929435037001171,0.982136125841732,-5.55138254435077,FALSE
"P05154","Low_vs_Control",-0.00688041259282279,11.1378693021768,-0.0879888587871065,0.929919636522341,0.982136125841732,-5.59321458521167,FALSE
"P0DOX7","Low_vs_Control",0.00878799081716686,13.6482202463808,0.0877816072994157,0.930084280957512,0.982136125841732,-5.5932303718907,FALSE
"P13727","Low_vs_Control",-0.00782615732420311,13.7814099757554,-0.0852186504283806,0.932120587381733,0.982392420861453,-5.59342251972533,FALSE
"P14151","Low_vs_Control",0.00518175573865598,14.5803079163372,0.0851897214961711,0.932143574406703,0.982392420861453,-5.59342465606838,FALSE
"P15924","Low_vs_Control",-0.0124140326461557,10.1909175019951,-0.0848894292292426,0.932382206968226,0.982392420861453,-5.5934467862808,FALSE
"Q96JP9","Low_vs_Control",-0.0073952016388894,6.65705445062188,-0.0831429345143657,0.933777929721973,0.983079457303626,-5.51406363392957,FALSE
"P31944","Low_vs_Control",0.0109496655909318,9.50606178646587,0.081634872090392,0.934970052346155,0.983079457303626,-5.5738021011012,FALSE
"P07711","Low_vs_Control",-0.0068432047745155,8.25358721799982,-0.0811068170494663,0.935389821654357,0.983079457303626,-5.56536159143109,FALSE
"P09326","Low_vs_Control",0.00670380491657951,8.28199278238026,0.0806206385240713,0.935776470864331,0.983079457303626,-5.57770208014685,FALSE
"P50990","Low_vs_Control",-0.0141979879240761,8.24469064458302,-0.0787561329723398,0.937257473528657,0.983914507349996,-5.58927895443756,FALSE
"P07237","Low_vs_Control",0.0054571804868111,10.0521662391379,0.0768318771614642,0.938787045157632,0.984799285117809,-5.59401149038196,FALSE
"P01116","Low_vs_Control",-0.00633529563422108,8.06471419053768,-0.0729492485042744,0.941881524947694,0.986646936465839,-5.49471779518318,FALSE
"Q92882","Low_vs_Control",0.0104765427102986,7.52712324491723,0.0727703568308501,0.942024662399314,0.986646936465839,-5.50389455681857,FALSE
"P14780","Low_vs_Control",-0.00787309978742279,8.22387587960103,-0.0711410281690734,0.943313214459325,0.986646936465839,-5.59290643906371,FALSE
"Q02818","Low_vs_Control",0.00487157061812482,8.56562056447799,0.0707910016793083,0.943591495797551,0.986646936465839,-5.59439794894524,FALSE
"P05141","Low_vs_Control",-0.0119135147013232,8.31770382795525,-0.0702996027805918,0.943988561249045,0.986646936465839,-5.52738911528525,FALSE
"Q08629","Low_vs_Control",0.00566433503269081,7.24015661343363,0.0680765153543901,0.945756260429786,0.98777456478974,-5.52464791964197,FALSE
"Q96L46","Low_vs_Control",-0.00416535379590321,10.8620313148845,-0.0656918403386913,0.947648687378309,0.988827257303827,-5.59204379969096,FALSE
"P30273","Low_vs_Control",0.00573669447672209,8.29131415083497,0.0636700043514642,0.949259035215997,0.988827257303827,-5.57773880273292,FALSE
"Q15904","Low_vs_Control",-0.00516763880307458,7.94157326361487,-0.0628948702293509,0.949876213270114,0.988827257303827,-5.57914274326964,FALSE
"O00468","Low_vs_Control",-0.0038011599801262,10.2121064147963,-0.0628814471450381,0.949885236520875,0.988827257303827,-5.59485613750321,FALSE
"Q9NQ76","Low_vs_Control",0.00683845180403786,8.81657594699487,0.062341647165629,0.950315553368588,0.988827257303827,-5.58568062185846,FALSE
"P08581","Low_vs_Control",-0.00789636176919917,7.13453114158675,-0.0610851509699339,0.951317669998045,0.988827257303827,-5.5555594657433,FALSE
"O60610","Low_vs_Control",0.00854011399045174,7.53087841451127,0.0600181062616711,0.952166986910404,0.988827257303827,-5.55909025575397,FALSE
"P35030","Low_vs_Control",0.0054388613011529,11.295238668811,0.0593668530356704,0.952682877166457,0.988827257303827,-5.59504233293705,FALSE
"O43399","Low_vs_Control",0.0125028612392679,11.3358463116469,0.0590087568499772,0.952970201948318,0.988827257303827,-5.55786760553065,FALSE
"Q14213","Low_vs_Control",0.00532639171795335,7.49627399573449,0.0572536258134002,0.954370751761828,0.989234450102709,-5.50430199769444,FALSE
"Q9UBX7","Low_vs_Control",0.00819499139192459,11.0364095205078,0.0565319584952646,0.954940700851869,0.989234450102709,-5.58202894047659,FALSE
"P23141","Low_vs_Control",-0.00488875351282658,6.39298505720823,-0.0559146529439879,0.955432157177303,0.989234450102709,-5.57975138707217,FALSE
"Q9NQH7","Low_vs_Control",-0.00397925708526792,10.8326338453397,-0.0547901235045988,0.956327621234522,0.989447192532688,-5.57536105447185,FALSE
"P31151","Low_vs_Control",-0.00690119292468161,9.10142753281572,-0.051384416726511,0.959040884196089,0.991539025189035,-5.54777064381231,FALSE
"P05107","Low_vs_Control",-0.00284485553014058,9.49542123997267,-0.0496779301287868,0.96039824940721,0.991596313595643,-5.59550019232453,FALSE
"P22223","Low_vs_Control",0.0121839612796091,8.63029219035323,0.049148119536775,0.960823495583424,0.991596313595643,-5.5191887679155,FALSE
"Q16775","Low_vs_Control",-0.00638192185818376,8.1523862537084,-0.047624440447588,0.96203560048309,0.991596313595643,-5.56554560495926,FALSE
"O75170","Low_vs_Control",-0.0077905046734319,8.82985684952466,-0.0476000715505031,0.962057860829335,0.991596313595643,-5.49581741754381,FALSE
"Q86X29","Low_vs_Control",-0.00459972953074583,9.58940262726026,-0.0453537717793508,0.963842926108988,0.991596313595643,-5.59501951701006,FALSE
"P35268","Low_vs_Control",-0.00429051006842407,7.9674119574136,-0.0450497944826055,0.964089056669028,0.991596313595643,-5.50878466082528,FALSE
"P19823","Low_vs_Control",0.00412546013329163,20.3812807753234,0.0450305367858801,0.964100376844662,0.991596313595643,-5.59569093593509,FALSE
"P13611","Low_vs_Control",0.00265758608642841,13.0399222110457,0.0443127849641787,0.964672207759131,0.991596313595643,-5.59571872626925,FALSE
"Q16706","Low_vs_Control",-0.00210870515972061,9.49044794900924,-0.0420945447707517,0.96643959705323,0.991596313595643,-5.59580179010089,FALSE
"Q10471","Low_vs_Control",-0.0022304002416389,7.66439844699023,-0.0418910737044147,0.966601753024607,0.991596313595643,-5.59548242452492,FALSE
"O95084","Low_vs_Control",-0.00422362371439888,7.38989631314807,-0.0417679686747267,0.966702682291986,0.991596313595643,-5.55088463302587,FALSE
"P10646","Low_vs_Control",0.00259950890299443,11.8241453928099,0.0388525466947557,0.969022963438116,0.991975511031647,-5.59591551800204,FALSE
"P13612","Low_vs_Control",-0.0026552245645064,7.89831623829836,-0.0380193404187027,0.969687272145916,0.991975511031647,-5.58965371315452,FALSE
"P04070","Low_vs_Control",-0.00245619296443067,14.3454854189027,-0.037138271728698,0.970389106493933,0.991975511031647,-5.59597197201455,FALSE
"P08670","Low_vs_Control",-0.00502231359490146,8.57379850737352,-0.0369782073598671,0.970516788332347,0.991975511031647,-5.59198910598318,FALSE
"Q8N128","Low_vs_Control",-0.00263675637818039,7.49066363172988,-0.0316255456967004,0.974783997815945,0.991975511031647,-5.54916370843565,FALSE
"P15090","Low_vs_Control",-0.00335885054647278,7.61396497275602,-0.0312478615324858,0.975085558224227,0.991975511031647,-5.53832146450636,FALSE
"Q9NY65","Low_vs_Control",-0.00492041346743299,7.66202704761625,-0.0303886362253268,0.975771398882159,0.991975511031647,-5.51734695425758,FALSE
"P24821","Low_vs_Control",0.00246778408625836,13.2937581863195,0.0300129063542434,0.976068353945178,0.991975511031647,-5.59617932690189,FALSE
"Q15582","Low_vs_Control",0.00165998033877557,10.7266891240007,0.029857636329754,0.976192125969733,0.991975511031647,-5.5961833555056,FALSE
"P50570","Low_vs_Control",-0.00256334690144122,6.64891025940526,-0.0287474079096827,0.977078057367058,0.991975511031647,-5.57818184068573,FALSE
"Q13177","Low_vs_Control",-0.00234639375084011,7.05104930275156,-0.0275665434146467,0.978019554984873,0.991975511031647,-5.55916086967683,FALSE
"Q15435","Low_vs_Control",-0.00251315822565434,6.6155162621896,-0.0268909331008154,0.978559215742877,0.991975511031647,-5.52496052326535,FALSE
"P13591","Low_vs_Control",-0.00160574427897586,13.0734206101582,-0.0260084019578958,0.979260682789037,0.991975511031647,-5.59627654695593,FALSE
"Q9UGM5","Low_vs_Control",0.00264827092834352,12.1409910225008,0.0256919157730873,0.979512995546743,0.991975511031647,-5.59628363786501,FALSE
"P05997","Low_vs_Control",0.00268905363016092,7.77842134923369,0.0256765914613344,0.979526897004516,0.991975511031647,-5.51404481975335,FALSE
"Q9C075","Low_vs_Control",-0.00321630268441275,7.29183948485243,-0.0252723164328032,0.979848655986819,0.991975511031647,-5.54567305563872,FALSE
"Q8N1N4","Low_vs_Control",0.00327035168053591,9.17679318619312,0.0245482908564519,0.980424769326695,0.991975511031647,-5.59598171678007,FALSE
"P01857","Low_vs_Control",-0.00311136544295643,15.6822556319754,-0.0241967666466141,0.980705007447225,0.991975511031647,-5.59631596277607,FALSE
"P02788","Low_vs_Control",0.00369052048683116,6.75767284475764,0.0237460544677093,0.981067180077077,0.991975511031647,-5.44895727485932,FALSE
"P38646","Low_vs_Control",-0.00395020841792793,6.88939229210811,-0.0231283640803379,0.981559236935492,0.991975511031647,-5.50522183614479,FALSE
"P28676","Low_vs_Control",-0.00293244664780445,8.26440881652076,-0.0230766719979508,0.981599198154747,0.991975511031647,-5.54953478936984,FALSE
"Q8N8M0","Low_vs_Control",-0.00208154970643903,8.39524730567741,-0.0204615320219402,0.983684443101718,0.993031605268165,-5.51594601457013,FALSE
"P21439","Low_vs_Control",0.00185558578049871,9.12417659149793,0.0200295865756779,0.984029226698789,0.993031605268165,-5.52438428088466,FALSE
"O14791","Low_vs_Control",-0.00116515410338103,15.3181681601537,-0.0186980937008124,0.985089170041432,0.993188235461744,-5.59641817863972,FALSE
"P19971","Low_vs_Control",-0.00157661733754022,7.17741368848022,-0.0180763024211273,0.985585129639475,0.993188235461744,-5.58556814069652,FALSE
"P35916","Low_vs_Control",0.00110084165618218,9.55269752599105,0.0165190815880667,0.986826658543335,0.993188235461744,-5.59645143452061,FALSE
"Q16851","Low_vs_Control",-0.00186841084521383,7.12294894272408,-0.0160356986289721,0.987212857425996,0.993188235461744,-5.56905354759125,FALSE
"Q96MY7","Low_vs_Control",0.00214381086266613,13.2009393929342,0.0154899717521133,0.98764743637967,0.993188235461744,-5.58385759796161,FALSE
"Q9BQS7","Low_vs_Control",0.00113449287961664,8.94261782284318,0.0114040834089027,0.990906762470531,0.995132288533729,-5.50343073136405,FALSE
"P04921","Low_vs_Control",0.00128334679546604,8.78690560757713,0.011326040644242,0.990968555108902,0.995132288533729,-5.51832645793172,FALSE
"Q6PCB0","Low_vs_Control",-0.000698194048596612,6.78293133440197,-0.00772634311243014,0.993838805829867,0.997015184538213,-5.53702512139402,FALSE
"P09603","Low_vs_Control",-0.00044178260832517,11.608594323106,-0.00723003326528002,0.994234110104355,0.997015184538213,-5.59654703786466,FALSE
"Q9UBV8","Low_vs_Control",0.00034901487275274,6.69305804409717,0.0043966919770461,0.996494038883875,0.997973230159352,-5.51970566020736,FALSE
"Q13214","Low_vs_Control",-0.000359569252548653,7.88483839867412,-0.00428695884385848,0.996581356756061,0.997973230159352,-5.55398910009772,FALSE
"O00461","Low_vs_Control",0.000168359929219264,8.97551342112136,0.00256273961395515,0.997956221405537,0.998652631888025,-5.59656684516877,FALSE
"O14960","Low_vs_Control",0.000172778474784252,11.8865469769211,0.00135948567378434,0.998915812872532,0.998915812872532,-5.59656889040867,FALSE
