PG.ProteinGroups,HH_Control_detected_n,HH_Control_total_n,HH_Control_detection_rate,HH_Control_pass70,HH_Low_detected_n,HH_Low_total_n,HH_Low_detection_rate,HH_Low_pass70,HH_High_detected_n,HH_High_total_n,HH_High_detection_rate,HH_High_pass70,hh_eligible,HA_Control_detected_n,HA_Control_total_n,HA_Control_detection_rate,HA_Control_pass70,HA_Low_detected_n,HA_Low_total_n,HA_Low_detection_rate,HA_Low_pass70,HA_High_detected_n,HA_High_total_n,HA_High_detection_rate,HA_High_pass70,ha_eligible
A0A075B6H9,69,71,0.971830985915493,True,58,62,0.9354838709677419,True,75,76,0.9868421052631579,True,True,43,44,0.9772727272727273,True,77,77,1.0,True,53,56,0.9464285714285714,True,True
A0A075B6I0,61,71,0.8591549295774648,True,58,62,0.9354838709677419,True,72,76,0.9473684210526315,True,True,42,44,0.9545454545454546,True,71,77,0.922077922077922,True,49,56,0.875,True,True
A0A075B6I4,53,71,0.7464788732394366,True,47,62,0.7580645161290323,True,55,76,0.7236842105263158,True,True,32,44,0.7272727272727273,True,61,77,0.7922077922077922,True,43,56,0.7678571428571429,True,True
A0A075B6J9,67,71,0.9436619718309859,True,62,62,1.0,True,73,76,0.9605263157894737,True,True,38,44,0.8636363636363636,True,72,77,0.935064935064935,True,47,56,0.8392857142857143,True,True
A0A075B6K4,66,71,0.9295774647887324,True,60,62,0.967741935483871,True,74,76,0.9736842105263158,True,True,41,44,0.9318181818181818,True,68,77,0.8831168831168831,True,45,56,0.8035714285714286,True,True
A0A075B6K5,71,71,1.0,True,62,62,1.0,True,76,76,1.0,True,True,44,44,1.0,True,77,77,1.0,True,56,56,1.0,True,True
A0A075B6P5;P01615,68,71,0.9577464788732394,True,62,62,1.0,True,74,76,0.9736842105263158,True,True,43,44,0.9772727272727273,True,77,77,1.0,True,56,56,1.0,True,True
A0A087WSX0,70,71,0.9859154929577465,True,61,62,0.9838709677419355,True,76,76,1.0,True,True,44,44,1.0,True,77,77,1.0,True,56,56,1.0,True,True
A0A087WSY6,51,71,0.7183098591549296,True,53,62,0.8548387096774194,True,59,76,0.7763157894736842,True,True,35,44,0.7954545454545454,True,54,77,0.7012987012987013,True,43,56,0.7678571428571429,True,True
A0A0A0MRZ8;P04433,71,71,1.0,True,62,62,1.0,True,75,76,0.9868421052631579,True,True,44,44,1.0,True,77,77,1.0,True,55,56,0.9821428571428571,True,True
A0A0A0MS15,71,71,1.0,True,61,62,0.9838709677419355,True,76,76,1.0,True,True,44,44,1.0,True,76,77,0.987012987012987,True,56,56,1.0,True,True
A0A0B4J1U7,66,71,0.9295774647887324,True,62,62,1.0,True,73,76,0.9605263157894737,True,True,44,44,1.0,True,77,77,1.0,True,54,56,0.9642857142857143,True,True
A0A0B4J1V0,70,71,0.9859154929577465,True,62,62,1.0,True,75,76,0.9868421052631579,True,True,43,44,0.9772727272727273,True,74,77,0.961038961038961,True,52,56,0.9285714285714286,True,True
A0A0B4J1X5,70,71,0.9859154929577465,True,61,62,0.9838709677419355,True,76,76,1.0,True,True,44,44,1.0,True,76,77,0.987012987012987,True,55,56,0.9821428571428571,True,True
A0A0B4J1Y8,63,71,0.8873239436619719,True,56,62,0.9032258064516129,True,68,76,0.8947368421052632,True,True,40,44,0.9090909090909091,True,69,77,0.8961038961038961,True,51,56,0.9107142857142857,True,True
A0A0B4J1Y9,71,71,1.0,True,62,62,1.0,True,76,76,1.0,True,True,44,44,1.0,True,77,77,1.0,True,56,56,1.0,True,True
A0A0C4DH25,64,71,0.9014084507042254,True,60,62,0.967741935483871,True,67,76,0.881578947368421,True,True,42,44,0.9545454545454546,True,75,77,0.974025974025974,True,53,56,0.9464285714285714,True,True
A0A0C4DH34,67,71,0.9436619718309859,True,59,62,0.9516129032258065,True,74,76,0.9736842105263158,True,True,39,44,0.8863636363636364,True,73,77,0.948051948051948,True,47,56,0.8392857142857143,True,True
A0A0C4DH36,51,71,0.7183098591549296,True,51,62,0.8225806451612904,True,64,76,0.8421052631578947,True,True,32,44,0.7272727272727273,True,65,77,0.8441558441558441,True,42,56,0.75,True,True
A0A0C4DH38,68,71,0.9577464788732394,True,61,62,0.9838709677419355,True,72,76,0.9473684210526315,True,True,37,44,0.8409090909090909,True,73,77,0.948051948051948,True,51,56,0.9107142857142857,True,True
A0A0C4DH43,68,71,0.9577464788732394,True,57,62,0.9193548387096774,True,70,76,0.9210526315789473,True,True,40,44,0.9090909090909091,True,67,77,0.8701298701298701,True,49,56,0.875,True,True
A0A0C4DH67,63,71,0.8873239436619719,True,56,62,0.9032258064516129,True,73,76,0.9605263157894737,True,True,38,44,0.8636363636363636,True,66,77,0.8571428571428571,True,52,56,0.9285714285714286,True,True
A0A0G2JS06,65,71,0.9154929577464789,True,60,62,0.967741935483871,True,72,76,0.9473684210526315,True,True,39,44,0.8863636363636364,True,66,77,0.8571428571428571,True,45,56,0.8035714285714286,True,True
A0A0J9YX35,68,71,0.9577464788732394,True,60,62,0.967741935483871,True,75,76,0.9868421052631579,True,True,36,44,0.8181818181818182,True,71,77,0.922077922077922,True,46,56,0.8214285714285714,True,True
A0A0J9YXX1,52,71,0.7323943661971831,True,58,62,0.9354838709677419,True,59,76,0.7763157894736842,True,True,35,44,0.7954545454545454,True,55,77,0.7142857142857143,True,42,56,0.75,True,True
A0A1B0GTC6,71,71,1.0,True,62,62,1.0,True,76,76,1.0,True,True,44,44,1.0,True,77,77,1.0,True,56,56,1.0,True,True
A0M8Q6,70,71,0.9859154929577465,True,61,62,0.9838709677419355,True,73,76,0.9605263157894737,True,True,44,44,1.0,True,77,77,1.0,True,56,56,1.0,True,True
A1L4H1,71,71,1.0,True,62,62,1.0,True,76,76,1.0,True,True,44,44,1.0,True,77,77,1.0,True,56,56,1.0,True,True
A2A3L6,58,71,0.8169014084507042,True,57,62,0.9193548387096774,True,61,76,0.8026315789473685,True,True,36,44,0.8181818181818182,True,72,77,0.935064935064935,True,48,56,0.8571428571428571,True,True
A2CJ06,61,71,0.8591549295774648,True,56,62,0.9032258064516129,True,65,76,0.8552631578947368,True,True,39,44,0.8863636363636364,True,72,77,0.935064935064935,True,50,56,0.8928571428571429,True,True
A2NJV5,71,71,1.0,True,62,62,1.0,True,76,76,1.0,True,True,44,44,1.0,True,77,77,1.0,True,56,56,1.0,True,True
A6NDG6,64,71,0.9014084507042254,True,55,62,0.8870967741935484,True,63,76,0.8289473684210527,True,True,41,44,0.9318181818181818,True,74,77,0.961038961038961,True,51,56,0.9107142857142857,True,True
A6NL88,66,71,0.9295774647887324,True,61,62,0.9838709677419355,True,71,76,0.9342105263157895,True,True,43,44,0.9772727272727273,True,77,77,1.0,True,52,56,0.9285714285714286,True,True
A6NM11;A6NMS7,65,71,0.9154929577464789,True,57,62,0.9193548387096774,True,68,76,0.8947368421052632,True,True,42,44,0.9545454545454546,True,72,77,0.935064935064935,True,46,56,0.8214285714285714,True,True
A6NML5,53,71,0.7464788732394366,True,45,62,0.7258064516129032,True,54,76,0.7105263157894737,True,True,32,44,0.7272727272727273,True,57,77,0.7402597402597403,True,40,56,0.7142857142857143,True,True
A8MYB1,64,71,0.9014084507042254,True,55,62,0.8870967741935484,True,64,76,0.8421052631578947,True,True,43,44,0.9772727272727273,True,74,77,0.961038961038961,True,51,56,0.9107142857142857,True,True
B0I1T2,71,71,1.0,True,60,62,0.967741935483871,True,72,76,0.9473684210526315,True,True,44,44,1.0,True,76,77,0.987012987012987,True,55,56,0.9821428571428571,True,True
B2RUZ4,61,71,0.8591549295774648,True,55,62,0.8870967741935484,True,53,76,0.6973684210526315,False,False,42,44,0.9545454545454546,True,72,77,0.935064935064935,True,52,56,0.9285714285714286,True,True
E9PAV3,60,71,0.8450704225352113,True,46,62,0.7419354838709677,True,60,76,0.7894736842105263,True,True,30,44,0.6818181818181818,False,66,77,0.8571428571428571,True,47,56,0.8392857142857143,True,False
O00151,69,71,0.971830985915493,True,59,62,0.9516129032258065,True,70,76,0.9210526315789473,True,True,40,44,0.9090909090909091,True,74,77,0.961038961038961,True,54,56,0.9642857142857143,True,True
O00161,55,71,0.7746478873239436,True,41,62,0.6612903225806451,False,57,76,0.75,True,False,41,44,0.9318181818181818,True,64,77,0.8311688311688312,True,42,56,0.75,True,True
O00186,59,71,0.8309859154929577,True,50,62,0.8064516129032258,True,55,76,0.7236842105263158,True,True,41,44,0.9318181818181818,True,73,77,0.948051948051948,True,45,56,0.8035714285714286,True,True
O00187,71,71,1.0,True,62,62,1.0,True,76,76,1.0,True,True,44,44,1.0,True,77,77,1.0,True,56,56,1.0,True,True
O00194,66,71,0.9295774647887324,True,59,62,0.9516129032258065,True,64,76,0.8421052631578947,True,True,40,44,0.9090909090909091,True,76,77,0.987012987012987,True,55,56,0.9821428571428571,True,True
O00231,67,71,0.9436619718309859,True,57,62,0.9193548387096774,True,68,76,0.8947368421052632,True,True,43,44,0.9772727272727273,True,70,77,0.9090909090909091,True,51,56,0.9107142857142857,True,True
O00232,62,71,0.8732394366197183,True,55,62,0.8870967741935484,True,65,76,0.8552631578947368,True,True,38,44,0.8636363636363636,True,66,77,0.8571428571428571,True,47,56,0.8392857142857143,True,True
O00264,68,71,0.9577464788732394,True,59,62,0.9516129032258065,True,68,76,0.8947368421052632,True,True,39,44,0.8863636363636364,True,72,77,0.935064935064935,True,42,56,0.75,True,True
O00299,71,71,1.0,True,62,62,1.0,True,76,76,1.0,True,True,44,44,1.0,True,77,77,1.0,True,56,56,1.0,True,True
O00339,66,71,0.9295774647887324,True,60,62,0.967741935483871,True,67,76,0.881578947368421,True,True,39,44,0.8863636363636364,True,72,77,0.935064935064935,True,49,56,0.875,True,True
O00391,71,71,1.0,True,62,62,1.0,True,76,76,1.0,True,True,44,44,1.0,True,77,77,1.0,True,56,56,1.0,True,True
O00410,61,71,0.8591549295774648,True,50,62,0.8064516129032258,True,53,76,0.6973684210526315,False,False,37,44,0.8409090909090909,True,62,77,0.8051948051948052,True,47,56,0.8392857142857143,True,True
O00429,62,71,0.8732394366197183,True,51,62,0.8225806451612904,True,56,76,0.7368421052631579,True,True,41,44,0.9318181818181818,True,64,77,0.8311688311688312,True,48,56,0.8571428571428571,True,True
O00461,71,71,1.0,True,62,62,1.0,True,76,76,1.0,True,True,44,44,1.0,True,77,77,1.0,True,56,56,1.0,True,True
O00468,71,71,1.0,True,62,62,1.0,True,76,76,1.0,True,True,44,44,1.0,True,77,77,1.0,True,56,56,1.0,True,True
O00487,63,71,0.8873239436619719,True,58,62,0.9354838709677419,True,65,76,0.8552631578947368,True,True,40,44,0.9090909090909091,True,63,77,0.8181818181818182,True,48,56,0.8571428571428571,True,True
O00533,71,71,1.0,True,62,62,1.0,True,76,76,1.0,True,True,44,44,1.0,True,77,77,1.0,True,56,56,1.0,True,True
O00560,68,71,0.9577464788732394,True,60,62,0.967741935483871,True,73,76,0.9605263157894737,True,True,44,44,1.0,True,77,77,1.0,True,56,56,1.0,True,True
O00592,71,71,1.0,True,62,62,1.0,True,76,76,1.0,True,True,44,44,1.0,True,77,77,1.0,True,56,56,1.0,True,True
O00602,65,71,0.9154929577464789,True,56,62,0.9032258064516129,True,63,76,0.8289473684210527,True,True,43,44,0.9772727272727273,True,71,77,0.922077922077922,True,51,56,0.9107142857142857,True,True
O14498,63,71,0.8873239436619719,True,59,62,0.9516129032258065,True,67,76,0.881578947368421,True,True,41,44,0.9318181818181818,True,74,77,0.961038961038961,True,53,56,0.9464285714285714,True,True
O14594,71,71,1.0,True,62,62,1.0,True,76,76,1.0,True,True,44,44,1.0,True,77,77,1.0,True,56,56,1.0,True,True
O14602;P47813,69,71,0.971830985915493,True,58,62,0.9354838709677419,True,70,76,0.9210526315789473,True,True,42,44,0.9545454545454546,True,69,77,0.8961038961038961,True,50,56,0.8928571428571429,True,True
O14645,66,71,0.9295774647887324,True,61,62,0.9838709677419355,True,69,76,0.9078947368421053,True,True,44,44,1.0,True,71,77,0.922077922077922,True,51,56,0.9107142857142857,True,True
O14656,54,71,0.7605633802816901,True,55,62,0.8870967741935484,True,59,76,0.7763157894736842,True,True,37,44,0.8409090909090909,True,64,77,0.8311688311688312,True,44,56,0.7857142857142857,True,True
O14672,71,71,1.0,True,62,62,1.0,True,74,76,0.9736842105263158,True,True,44,44,1.0,True,77,77,1.0,True,55,56,0.9821428571428571,True,True
O14745,71,71,1.0,True,61,62,0.9838709677419355,True,75,76,0.9868421052631579,True,True,44,44,1.0,True,77,77,1.0,True,56,56,1.0,True,True
O14773,48,71,0.676056338028169,False,46,62,0.7419354838709677,True,54,76,0.7105263157894737,True,False,41,44,0.9318181818181818,True,70,77,0.9090909090909091,True,45,56,0.8035714285714286,True,True
O14786,71,71,1.0,True,62,62,1.0,True,76,76,1.0,True,True,44,44,1.0,True,77,77,1.0,True,56,56,1.0,True,True
O14791,71,71,1.0,True,62,62,1.0,True,76,76,1.0,True,True,44,44,1.0,True,77,77,1.0,True,56,56,1.0,True,True
O14818,71,71,1.0,True,61,62,0.9838709677419355,True,75,76,0.9868421052631579,True,True,43,44,0.9772727272727273,True,75,77,0.974025974025974,True,54,56,0.9642857142857143,True,True
O14950;P19105,71,71,1.0,True,61,62,0.9838709677419355,True,74,76,0.9736842105263158,True,True,43,44,0.9772727272727273,True,77,77,1.0,True,56,56,1.0,True,True
O14960,71,71,1.0,True,62,62,1.0,True,76,76,1.0,True,True,44,44,1.0,True,77,77,1.0,True,56,56,1.0,True,True
O15031,61,71,0.8591549295774648,True,53,62,0.8548387096774194,True,58,76,0.7631578947368421,True,True,40,44,0.9090909090909091,True,76,77,0.987012987012987,True,52,56,0.9285714285714286,True,True
O15117,61,71,0.8591549295774648,True,56,62,0.9032258064516129,True,62,76,0.8157894736842105,True,True,41,44,0.9318181818181818,True,67,77,0.8701298701298701,True,44,56,0.7857142857142857,True,True
O15143,65,71,0.9154929577464789,True,53,62,0.8548387096774194,True,60,76,0.7894736842105263,True,True,40,44,0.9090909090909091,True,75,77,0.974025974025974,True,52,56,0.9285714285714286,True,True
O15144,69,71,0.971830985915493,True,59,62,0.9516129032258065,True,72,76,0.9473684210526315,True,True,43,44,0.9772727272727273,True,74,77,0.961038961038961,True,55,56,0.9821428571428571,True,True
O15145,70,71,0.9859154929577465,True,60,62,0.967741935483871,True,74,76,0.9736842105263158,True,True,44,44,1.0,True,76,77,0.987012987012987,True,54,56,0.9642857142857143,True,True
O15204,71,71,1.0,True,62,62,1.0,True,76,76,1.0,True,True,44,44,1.0,True,77,77,1.0,True,56,56,1.0,True,True
O15335,71,71,1.0,True,62,62,1.0,True,76,76,1.0,True,True,44,44,1.0,True,77,77,1.0,True,56,56,1.0,True,True
O15400,71,71,1.0,True,61,62,0.9838709677419355,True,71,76,0.9342105263157895,True,True,44,44,1.0,True,77,77,1.0,True,56,56,1.0,True,True
O15466,71,71,1.0,True,62,62,1.0,True,75,76,0.9868421052631579,True,True,44,44,1.0,True,77,77,1.0,True,56,56,1.0,True,True
O15498,65,71,0.9154929577464789,True,52,62,0.8387096774193549,True,61,76,0.8026315789473685,True,True,41,44,0.9318181818181818,True,75,77,0.974025974025974,True,50,56,0.8928571428571429,True,True
O15511,70,71,0.9859154929577465,True,57,62,0.9193548387096774,True,71,76,0.9342105263157895,True,True,43,44,0.9772727272727273,True,75,77,0.974025974025974,True,56,56,1.0,True,True
O43157,71,71,1.0,True,62,62,1.0,True,76,76,1.0,True,True,44,44,1.0,True,77,77,1.0,True,56,56,1.0,True,True
O43173,58,71,0.8169014084507042,True,53,62,0.8548387096774194,True,56,76,0.7368421052631579,True,True,36,44,0.8181818181818182,True,66,77,0.8571428571428571,True,39,56,0.6964285714285714,False,False
O43242,58,71,0.8169014084507042,True,50,62,0.8064516129032258,True,59,76,0.7763157894736842,True,True,34,44,0.7727272727272727,True,53,77,0.6883116883116883,False,43,56,0.7678571428571429,True,False
O43396,62,71,0.8732394366197183,True,55,62,0.8870967741935484,True,64,76,0.8421052631578947,True,True,41,44,0.9318181818181818,True,72,77,0.935064935064935,True,49,56,0.875,True,True
O43399,67,71,0.9436619718309859,True,57,62,0.9193548387096774,True,69,76,0.9078947368421053,True,True,41,44,0.9318181818181818,True,69,77,0.8961038961038961,True,46,56,0.8214285714285714,True,True
O43488,59,71,0.8309859154929577,True,47,62,0.7580645161290323,True,55,76,0.7236842105263158,True,True,40,44,0.9090909090909091,True,62,77,0.8051948051948052,True,46,56,0.8214285714285714,True,True
O43491,63,71,0.8873239436619719,True,57,62,0.9193548387096774,True,63,76,0.8289473684210527,True,True,41,44,0.9318181818181818,True,72,77,0.935064935064935,True,51,56,0.9107142857142857,True,True
O43505,53,71,0.7464788732394366,True,45,62,0.7258064516129032,True,61,76,0.8026315789473685,True,True,34,44,0.7727272727272727,True,63,77,0.8181818181818182,True,44,56,0.7857142857142857,True,True
O43529,67,71,0.9436619718309859,True,60,62,0.967741935483871,True,72,76,0.9473684210526315,True,True,43,44,0.9772727272727273,True,69,77,0.8961038961038961,True,46,56,0.8214285714285714,True,True
O43681,65,71,0.9154929577464789,True,53,62,0.8548387096774194,True,64,76,0.8421052631578947,True,True,40,44,0.9090909090909091,True,63,77,0.8181818181818182,True,42,56,0.75,True,True
O43707,69,71,0.971830985915493,True,60,62,0.967741935483871,True,72,76,0.9473684210526315,True,True,43,44,0.9772727272727273,True,76,77,0.987012987012987,True,55,56,0.9821428571428571,True,True
O43852,71,71,1.0,True,62,62,1.0,True,76,76,1.0,True,True,44,44,1.0,True,77,77,1.0,True,56,56,1.0,True,True
O43866,71,71,1.0,True,62,62,1.0,True,76,76,1.0,True,True,44,44,1.0,True,77,77,1.0,True,56,56,1.0,True,True
O43897,63,71,0.8873239436619719,True,55,62,0.8870967741935484,True,61,76,0.8026315789473685,True,True,41,44,0.9318181818181818,True,73,77,0.948051948051948,True,48,56,0.8571428571428571,True,True
O60234,57,71,0.8028169014084507,True,50,62,0.8064516129032258,True,60,76,0.7894736842105263,True,True,37,44,0.8409090909090909,True,58,77,0.7532467532467533,True,39,56,0.6964285714285714,False,False
O60240,69,71,0.971830985915493,True,59,62,0.9516129032258065,True,68,76,0.8947368421052632,True,True,38,44,0.8636363636363636,True,68,77,0.8831168831168831,True,43,56,0.7678571428571429,True,True
O60245,59,71,0.8309859154929577,True,53,62,0.8548387096774194,True,62,76,0.8157894736842105,True,True,39,44,0.8863636363636364,True,70,77,0.9090909090909091,True,45,56,0.8035714285714286,True,True
O60279,71,71,1.0,True,62,62,1.0,True,76,76,1.0,True,True,44,44,1.0,True,77,77,1.0,True,56,56,1.0,True,True
O60462,71,71,1.0,True,62,62,1.0,True,76,76,1.0,True,True,44,44,1.0,True,77,77,1.0,True,56,56,1.0,True,True
O60476,71,71,1.0,True,61,62,0.9838709677419355,True,75,76,0.9868421052631579,True,True,43,44,0.9772727272727273,True,77,77,1.0,True,54,56,0.9642857142857143,True,True
O60488,50,71,0.704225352112676,True,46,62,0.7419354838709677,True,51,76,0.6710526315789473,False,False,32,44,0.7272727272727273,True,57,77,0.7402597402597403,True,43,56,0.7678571428571429,True,True
O60493,64,71,0.9014084507042254,True,55,62,0.8870967741935484,True,63,76,0.8289473684210527,True,True,37,44,0.8409090909090909,True,71,77,0.922077922077922,True,44,56,0.7857142857142857,True,True
O60610,65,71,0.9154929577464789,True,48,62,0.7741935483870968,True,64,76,0.8421052631578947,True,True,41,44,0.9318181818181818,True,73,77,0.948051948051948,True,55,56,0.9821428571428571,True,True
O60664,71,71,1.0,True,61,62,0.9838709677419355,True,75,76,0.9868421052631579,True,True,42,44,0.9545454545454546,True,76,77,0.987012987012987,True,55,56,0.9821428571428571,True,True
O60704,70,71,0.9859154929577465,True,61,62,0.9838709677419355,True,76,76,1.0,True,True,43,44,0.9772727272727273,True,76,77,0.987012987012987,True,52,56,0.9285714285714286,True,True
O60814;P57053;P58876;P62807;Q5QNW6;Q93079;Q99877;Q99879,71,71,1.0,True,62,62,1.0,True,76,76,1.0,True,True,44,44,1.0,True,77,77,1.0,True,56,56,1.0,True,True
O60844,56,71,0.7887323943661971,True,57,62,0.9193548387096774,True,62,76,0.8157894736842105,True,True,31,44,0.7045454545454546,True,46,77,0.5974025974025974,False,33,56,0.5892857142857143,False,False
O60936,58,71,0.8169014084507042,True,53,62,0.8548387096774194,True,58,76,0.7631578947368421,True,True,37,44,0.8409090909090909,True,63,77,0.8181818181818182,True,45,56,0.8035714285714286,True,True
O75081,71,71,1.0,True,62,62,1.0,True,75,76,0.9868421052631579,True,True,41,44,0.9318181818181818,True,75,77,0.974025974025974,True,54,56,0.9642857142857143,True,True
O75083,71,71,1.0,True,62,62,1.0,True,76,76,1.0,True,True,44,44,1.0,True,77,77,1.0,True,56,56,1.0,True,True
O75116,49,71,0.6901408450704225,False,42,62,0.6774193548387096,False,52,76,0.6842105263157895,False,False,35,44,0.7954545454545454,True,61,77,0.7922077922077922,True,41,56,0.7321428571428571,True,True
O75144,70,71,0.9859154929577465,True,61,62,0.9838709677419355,True,75,76,0.9868421052631579,True,True,43,44,0.9772727272727273,True,67,77,0.8701298701298701,True,52,56,0.9285714285714286,True,True
O75147,58,71,0.8169014084507042,True,50,62,0.8064516129032258,True,61,76,0.8026315789473685,True,True,34,44,0.7727272727272727,True,64,77,0.8311688311688312,True,43,56,0.7678571428571429,True,True
O75165,55,71,0.7746478873239436,True,43,62,0.6935483870967742,False,58,76,0.7631578947368421,True,False,36,44,0.8181818181818182,True,64,77,0.8311688311688312,True,46,56,0.8214285714285714,True,True
O75170,59,71,0.8309859154929577,True,53,62,0.8548387096774194,True,59,76,0.7763157894736842,True,True,33,44,0.75,True,61,77,0.7922077922077922,True,44,56,0.7857142857142857,True,True
O75223,69,71,0.971830985915493,True,60,62,0.967741935483871,True,71,76,0.9342105263157895,True,True,41,44,0.9318181818181818,True,67,77,0.8701298701298701,True,48,56,0.8571428571428571,True,True
O75309,70,71,0.9859154929577465,True,60,62,0.967741935483871,True,72,76,0.9473684210526315,True,True,41,44,0.9318181818181818,True,76,77,0.987012987012987,True,56,56,1.0,True,True
O75339,71,71,1.0,True,62,62,1.0,True,76,76,1.0,True,True,44,44,1.0,True,77,77,1.0,True,56,56,1.0,True,True
O75340,71,71,1.0,True,62,62,1.0,True,76,76,1.0,True,True,44,44,1.0,True,77,77,1.0,True,56,56,1.0,True,True
O75347,62,71,0.8732394366197183,True,44,62,0.7096774193548387,True,56,76,0.7368421052631579,True,True,34,44,0.7727272727272727,True,60,77,0.7792207792207793,True,43,56,0.7678571428571429,True,True
O75351,58,71,0.8169014084507042,True,51,62,0.8225806451612904,True,58,76,0.7631578947368421,True,True,39,44,0.8863636363636364,True,70,77,0.9090909090909091,True,50,56,0.8928571428571429,True,True
O75356,62,71,0.8732394366197183,True,55,62,0.8870967741935484,True,72,76,0.9473684210526315,True,True,40,44,0.9090909090909091,True,72,77,0.935064935064935,True,50,56,0.8928571428571429,True,True
O75367,60,71,0.8450704225352113,True,48,62,0.7741935483870968,True,56,76,0.7368421052631579,True,True,42,44,0.9545454545454546,True,66,77,0.8571428571428571,True,45,56,0.8035714285714286,True,True
O75368,63,71,0.8873239436619719,True,56,62,0.9032258064516129,True,63,76,0.8289473684210527,True,True,41,44,0.9318181818181818,True,67,77,0.8701298701298701,True,48,56,0.8571428571428571,True,True
O75487,71,71,1.0,True,62,62,1.0,True,75,76,0.9868421052631579,True,True,44,44,1.0,True,77,77,1.0,True,56,56,1.0,True,True
O75531,64,71,0.9014084507042254,True,57,62,0.9193548387096774,True,63,76,0.8289473684210527,True,True,38,44,0.8636363636363636,True,66,77,0.8571428571428571,True,50,56,0.8928571428571429,True,True
O75558,54,71,0.7605633802816901,True,49,62,0.7903225806451613,True,49,76,0.6447368421052632,False,False,39,44,0.8863636363636364,True,65,77,0.8441558441558441,True,49,56,0.875,True,True
O75636,71,71,1.0,True,62,62,1.0,True,76,76,1.0,True,True,44,44,1.0,True,77,77,1.0,True,56,56,1.0,True,True
O75752,71,71,1.0,True,62,62,1.0,True,74,76,0.9736842105263158,True,True,44,44,1.0,True,77,77,1.0,True,56,56,1.0,True,True
O75787,71,71,1.0,True,62,62,1.0,True,76,76,1.0,True,True,44,44,1.0,True,77,77,1.0,True,56,56,1.0,True,True
O75822,66,71,0.9295774647887324,True,56,62,0.9032258064516129,True,61,76,0.8026315789473685,True,True,38,44,0.8636363636363636,True,69,77,0.8961038961038961,True,43,56,0.7678571428571429,True,True
O75874,71,71,1.0,True,62,62,1.0,True,76,76,1.0,True,True,44,44,1.0,True,77,77,1.0,True,55,56,0.9821428571428571,True,True
O75882,71,71,1.0,True,62,62,1.0,True,76,76,1.0,True,True,44,44,1.0,True,77,77,1.0,True,54,56,0.9642857142857143,True,True
O75897,59,71,0.8309859154929577,True,54,62,0.8709677419354839,True,63,76,0.8289473684210527,True,True,38,44,0.8636363636363636,True,57,77,0.7402597402597403,True,48,56,0.8571428571428571,True,True
O75955,71,71,1.0,True,61,62,0.9838709677419355,True,74,76,0.9736842105263158,True,True,43,44,0.9772727272727273,True,76,77,0.987012987012987,True,56,56,1.0,True,True
O94769,71,71,1.0,True,62,62,1.0,True,76,76,1.0,True,True,44,44,1.0,True,77,77,1.0,True,56,56,1.0,True,True
O94966,60,71,0.8450704225352113,True,57,62,0.9193548387096774,True,64,76,0.8421052631578947,True,True,42,44,0.9545454545454546,True,73,77,0.948051948051948,True,45,56,0.8035714285714286,True,True
O94973,63,71,0.8873239436619719,True,58,62,0.9354838709677419,True,68,76,0.8947368421052632,True,True,40,44,0.9090909090909091,True,64,77,0.8311688311688312,True,53,56,0.9464285714285714,True,True
O94985,71,71,1.0,True,62,62,1.0,True,76,76,1.0,True,True,44,44,1.0,True,77,77,1.0,True,56,56,1.0,True,True
O95084,56,71,0.7887323943661971,True,53,62,0.8548387096774194,True,53,76,0.6973684210526315,False,False,43,44,0.9772727272727273,True,70,77,0.9090909090909091,True,50,56,0.8928571428571429,True,True
O95196,69,71,0.971830985915493,True,58,62,0.9354838709677419,True,74,76,0.9736842105263158,True,True,43,44,0.9772727272727273,True,75,77,0.974025974025974,True,55,56,0.9821428571428571,True,True
O95236,63,71,0.8873239436619719,True,56,62,0.9032258064516129,True,67,76,0.881578947368421,True,True,37,44,0.8409090909090909,True,67,77,0.8701298701298701,True,41,56,0.7321428571428571,True,True
O95373,71,71,1.0,True,62,62,1.0,True,74,76,0.9736842105263158,True,True,44,44,1.0,True,77,77,1.0,True,56,56,1.0,True,True
O95445,71,71,1.0,True,62,62,1.0,True,76,76,1.0,True,True,44,44,1.0,True,77,77,1.0,True,56,56,1.0,True,True
O95466,54,71,0.7605633802816901,True,52,62,0.8387096774193549,True,63,76,0.8289473684210527,True,True,38,44,0.8636363636363636,True,66,77,0.8571428571428571,True,47,56,0.8392857142857143,True,True
O95498,56,71,0.7887323943661971,True,55,62,0.8870967741935484,True,64,76,0.8421052631578947,True,True,43,44,0.9772727272727273,True,62,77,0.8051948051948052,True,48,56,0.8571428571428571,True,True
O95715,61,71,0.8591549295774648,True,59,62,0.9516129032258065,True,61,76,0.8026315789473685,True,True,44,44,1.0,True,70,77,0.9090909090909091,True,52,56,0.9285714285714286,True,True
O95744,59,71,0.8309859154929577,True,56,62,0.9032258064516129,True,66,76,0.868421052631579,True,True,35,44,0.7954545454545454,True,66,77,0.8571428571428571,True,47,56,0.8392857142857143,True,True
O95747,70,71,0.9859154929577465,True,59,62,0.9516129032258065,True,69,76,0.9078947368421053,True,True,43,44,0.9772727272727273,True,74,77,0.961038961038961,True,52,56,0.9285714285714286,True,True
O95782,53,71,0.7464788732394366,True,47,62,0.7580645161290323,True,52,76,0.6842105263157895,False,False,38,44,0.8636363636363636,True,63,77,0.8181818181818182,True,46,56,0.8214285714285714,True,True
O95810,70,71,0.9859154929577465,True,61,62,0.9838709677419355,True,73,76,0.9605263157894737,True,True,44,44,1.0,True,76,77,0.987012987012987,True,55,56,0.9821428571428571,True,True
O95967,69,71,0.971830985915493,True,61,62,0.9838709677419355,True,76,76,1.0,True,True,44,44,1.0,True,77,77,1.0,True,56,56,1.0,True,True
P00325,64,71,0.9014084507042254,True,60,62,0.967741935483871,True,68,76,0.8947368421052632,True,True,44,44,1.0,True,76,77,0.987012987012987,True,56,56,1.0,True,True
P00326,70,71,0.9859154929577465,True,60,62,0.967741935483871,True,72,76,0.9473684210526315,True,True,44,44,1.0,True,77,77,1.0,True,56,56,1.0,True,True
P00338,71,71,1.0,True,62,62,1.0,True,76,76,1.0,True,True,44,44,1.0,True,77,77,1.0,True,56,56,1.0,True,True
P00352,66,71,0.9295774647887324,True,56,62,0.9032258064516129,True,66,76,0.868421052631579,True,True,43,44,0.9772727272727273,True,73,77,0.948051948051948,True,55,56,0.9821428571428571,True,True
P00387,70,71,0.9859154929577465,True,61,62,0.9838709677419355,True,71,76,0.9342105263157895,True,True,44,44,1.0,True,77,77,1.0,True,56,56,1.0,True,True
P00441,55,71,0.7746478873239436,True,46,62,0.7419354838709677,True,56,76,0.7368421052631579,True,True,36,44,0.8181818181818182,True,55,77,0.7142857142857143,True,40,56,0.7142857142857143,True,True
P00450,71,71,1.0,True,62,62,1.0,True,76,76,1.0,True,True,44,44,1.0,True,77,77,1.0,True,56,56,1.0,True,True
P00451,71,71,1.0,True,62,62,1.0,True,76,76,1.0,True,True,44,44,1.0,True,77,77,1.0,True,56,56,1.0,True,True
P00488,71,71,1.0,True,62,62,1.0,True,76,76,1.0,True,True,44,44,1.0,True,77,77,1.0,True,56,56,1.0,True,True
P00491,71,71,1.0,True,62,62,1.0,True,76,76,1.0,True,True,44,44,1.0,True,76,77,0.987012987012987,True,56,56,1.0,True,True
P00492,53,71,0.7464788732394366,True,40,62,0.6451612903225806,False,53,76,0.6973684210526315,False,False,35,44,0.7954545454545454,True,58,77,0.7532467532467533,True,44,56,0.7857142857142857,True,True
P00558,71,71,1.0,True,62,62,1.0,True,76,76,1.0,True,True,44,44,1.0,True,77,77,1.0,True,56,56,1.0,True,True
P00568,71,71,1.0,True,62,62,1.0,True,74,76,0.9736842105263158,True,True,43,44,0.9772727272727273,True,76,77,0.987012987012987,True,55,56,0.9821428571428571,True,True
P00734,71,71,1.0,True,62,62,1.0,True,76,76,1.0,True,True,44,44,1.0,True,77,77,1.0,True,56,56,1.0,True,True
P00736,71,71,1.0,True,62,62,1.0,True,76,76,1.0,True,True,44,44,1.0,True,77,77,1.0,True,56,56,1.0,True,True
P00738,71,71,1.0,True,62,62,1.0,True,76,76,1.0,True,True,44,44,1.0,True,77,77,1.0,True,56,56,1.0,True,True
P00739,71,71,1.0,True,62,62,1.0,True,76,76,1.0,True,True,44,44,1.0,True,77,77,1.0,True,56,56,1.0,True,True
P00740,71,71,1.0,True,62,62,1.0,True,76,76,1.0,True,True,44,44,1.0,True,77,77,1.0,True,56,56,1.0,True,True
P00742,71,71,1.0,True,62,62,1.0,True,76,76,1.0,True,True,44,44,1.0,True,77,77,1.0,True,56,56,1.0,True,True
P00746,71,71,1.0,True,62,62,1.0,True,76,76,1.0,True,True,44,44,1.0,True,77,77,1.0,True,56,56,1.0,True,True
P00747,71,71,1.0,True,62,62,1.0,True,76,76,1.0,True,True,44,44,1.0,True,77,77,1.0,True,56,56,1.0,True,True
P00748,71,71,1.0,True,62,62,1.0,True,76,76,1.0,True,True,44,44,1.0,True,77,77,1.0,True,56,56,1.0,True,True
P00751,71,71,1.0,True,62,62,1.0,True,76,76,1.0,True,True,44,44,1.0,True,77,77,1.0,True,56,56,1.0,True,True
P00915,71,71,1.0,True,62,62,1.0,True,76,76,1.0,True,True,44,44,1.0,True,77,77,1.0,True,56,56,1.0,True,True
P00918,71,71,1.0,True,62,62,1.0,True,76,76,1.0,True,True,44,44,1.0,True,77,77,1.0,True,56,56,1.0,True,True
P00966,67,71,0.9436619718309859,True,56,62,0.9032258064516129,True,69,76,0.9078947368421053,True,True,44,44,1.0,True,76,77,0.987012987012987,True,55,56,0.9821428571428571,True,True
P01008,71,71,1.0,True,62,62,1.0,True,76,76,1.0,True,True,44,44,1.0,True,77,77,1.0,True,56,56,1.0,True,True
P01009,71,71,1.0,True,62,62,1.0,True,76,76,1.0,True,True,44,44,1.0,True,77,77,1.0,True,56,56,1.0,True,True
P01011,71,71,1.0,True,62,62,1.0,True,76,76,1.0,True,True,44,44,1.0,True,77,77,1.0,True,56,56,1.0,True,True
P01019,71,71,1.0,True,62,62,1.0,True,76,76,1.0,True,True,44,44,1.0,True,77,77,1.0,True,56,56,1.0,True,True
P01023,71,71,1.0,True,62,62,1.0,True,76,76,1.0,True,True,44,44,1.0,True,77,77,1.0,True,56,56,1.0,True,True
P01024,71,71,1.0,True,62,62,1.0,True,76,76,1.0,True,True,44,44,1.0,True,77,77,1.0,True,56,56,1.0,True,True
P01031,71,71,1.0,True,62,62,1.0,True,76,76,1.0,True,True,44,44,1.0,True,77,77,1.0,True,56,56,1.0,True,True
P01033,50,71,0.704225352112676,True,45,62,0.7258064516129032,True,61,76,0.8026315789473685,True,True,40,44,0.9090909090909091,True,68,77,0.8831168831168831,True,47,56,0.8392857142857143,True,True
P01034,71,71,1.0,True,62,62,1.0,True,76,76,1.0,True,True,44,44,1.0,True,77,77,1.0,True,56,56,1.0,True,True
P01040,71,71,1.0,True,62,62,1.0,True,76,76,1.0,True,True,44,44,1.0,True,74,77,0.961038961038961,True,52,56,0.9285714285714286,True,True
P01042,71,71,1.0,True,62,62,1.0,True,76,76,1.0,True,True,44,44,1.0,True,77,77,1.0,True,56,56,1.0,True,True
P01111,70,71,0.9859154929577465,True,62,62,1.0,True,74,76,0.9736842105263158,True,True,43,44,0.9772727272727273,True,77,77,1.0,True,55,56,0.9821428571428571,True,True
P01116,62,71,0.8732394366197183,True,51,62,0.8225806451612904,True,58,76,0.7631578947368421,True,True,36,44,0.8181818181818182,True,58,77,0.7532467532467533,True,46,56,0.8214285714285714,True,True
P01137,56,71,0.7887323943661971,True,49,62,0.7903225806451613,True,62,76,0.8157894736842105,True,True,43,44,0.9772727272727273,True,75,77,0.974025974025974,True,56,56,1.0,True,True
P01266,70,71,0.9859154929577465,True,61,62,0.9838709677419355,True,76,76,1.0,True,True,44,44,1.0,True,75,77,0.974025974025974,True,53,56,0.9464285714285714,True,True
P01275,71,71,1.0,True,62,62,1.0,True,76,76,1.0,True,True,44,44,1.0,True,77,77,1.0,True,54,56,0.9642857142857143,True,True
P01344,71,71,1.0,True,62,62,1.0,True,76,76,1.0,True,True,44,44,1.0,True,77,77,1.0,True,56,56,1.0,True,True
P01591,71,71,1.0,True,62,62,1.0,True,76,76,1.0,True,True,44,44,1.0,True,77,77,1.0,True,56,56,1.0,True,True
P01597;P04432,64,71,0.9014084507042254,True,59,62,0.9516129032258065,True,73,76,0.9605263157894737,True,True,42,44,0.9545454545454546,True,72,77,0.935064935064935,True,54,56,0.9642857142857143,True,True
P01602,59,71,0.8309859154929577,True,53,62,0.8548387096774194,True,56,76,0.7368421052631579,True,True,33,44,0.75,True,63,77,0.8181818181818182,True,47,56,0.8392857142857143,True,True
P01619,71,71,1.0,True,62,62,1.0,True,76,76,1.0,True,True,44,44,1.0,True,77,77,1.0,True,56,56,1.0,True,True
P01624,71,71,1.0,True,62,62,1.0,True,76,76,1.0,True,True,44,44,1.0,True,77,77,1.0,True,56,56,1.0,True,True
P01699,71,71,1.0,True,62,62,1.0,True,76,76,1.0,True,True,44,44,1.0,True,77,77,1.0,True,56,56,1.0,True,True
P01700,71,71,1.0,True,62,62,1.0,True,76,76,1.0,True,True,44,44,1.0,True,77,77,1.0,True,56,56,1.0,True,True
P01701,70,71,0.9859154929577465,True,62,62,1.0,True,76,76,1.0,True,True,44,44,1.0,True,76,77,0.987012987012987,True,56,56,1.0,True,True
P01703,70,71,0.9859154929577465,True,62,62,1.0,True,76,76,1.0,True,True,43,44,0.9772727272727273,True,77,77,1.0,True,55,56,0.9821428571428571,True,True
P01704,56,71,0.7887323943661971,True,53,62,0.8548387096774194,True,66,76,0.868421052631579,True,True,35,44,0.7954545454545454,True,65,77,0.8441558441558441,True,47,56,0.8392857142857143,True,True
P01706,66,71,0.9295774647887324,True,61,62,0.9838709677419355,True,76,76,1.0,True,True,40,44,0.9090909090909091,True,74,77,0.961038961038961,True,54,56,0.9642857142857143,True,True
P01709,67,71,0.9436619718309859,True,62,62,1.0,True,74,76,0.9736842105263158,True,True,43,44,0.9772727272727273,True,74,77,0.961038961038961,True,51,56,0.9107142857142857,True,True
P01714,70,71,0.9859154929577465,True,62,62,1.0,True,74,76,0.9736842105263158,True,True,41,44,0.9318181818181818,True,76,77,0.987012987012987,True,56,56,1.0,True,True
P01717,71,71,1.0,True,62,62,1.0,True,76,76,1.0,True,True,44,44,1.0,True,77,77,1.0,True,56,56,1.0,True,True
P01732,58,71,0.8169014084507042,True,55,62,0.8870967741935484,True,55,76,0.7236842105263158,True,True,39,44,0.8863636363636364,True,69,77,0.8961038961038961,True,44,56,0.7857142857142857,True,True
P01743,50,71,0.704225352112676,True,57,62,0.9193548387096774,True,62,76,0.8157894736842105,True,True,31,44,0.7045454545454546,True,48,77,0.6233766233766234,False,37,56,0.6607142857142857,False,False
P01780,71,71,1.0,True,62,62,1.0,True,76,76,1.0,True,True,44,44,1.0,True,77,77,1.0,True,56,56,1.0,True,True
P01817,66,71,0.9295774647887324,True,60,62,0.967741935483871,True,76,76,1.0,True,True,43,44,0.9772727272727273,True,72,77,0.935064935064935,True,50,56,0.8928571428571429,True,True
P01833,71,71,1.0,True,62,62,1.0,True,76,76,1.0,True,True,43,44,0.9772727272727273,True,77,77,1.0,True,55,56,0.9821428571428571,True,True
P01834,71,71,1.0,True,62,62,1.0,True,76,76,1.0,True,True,44,44,1.0,True,77,77,1.0,True,56,56,1.0,True,True
P01857,71,71,1.0,True,62,62,1.0,True,76,76,1.0,True,True,44,44,1.0,True,77,77,1.0,True,56,56,1.0,True,True
P01859,71,71,1.0,True,62,62,1.0,True,76,76,1.0,True,True,44,44,1.0,True,77,77,1.0,True,56,56,1.0,True,True
P01860,71,71,1.0,True,62,62,1.0,True,76,76,1.0,True,True,44,44,1.0,True,77,77,1.0,True,56,56,1.0,True,True
P01861,71,71,1.0,True,62,62,1.0,True,76,76,1.0,True,True,44,44,1.0,True,77,77,1.0,True,56,56,1.0,True,True
P01871,71,71,1.0,True,62,62,1.0,True,76,76,1.0,True,True,44,44,1.0,True,77,77,1.0,True,56,56,1.0,True,True
P01876,71,71,1.0,True,62,62,1.0,True,76,76,1.0,True,True,44,44,1.0,True,77,77,1.0,True,56,56,1.0,True,True
P01880,64,71,0.9014084507042254,True,57,62,0.9193548387096774,True,67,76,0.881578947368421,True,True,37,44,0.8409090909090909,True,67,77,0.8701298701298701,True,47,56,0.8392857142857143,True,True
P01889,71,71,1.0,True,61,62,0.9838709677419355,True,75,76,0.9868421052631579,True,True,44,44,1.0,True,77,77,1.0,True,56,56,1.0,True,True
P01893,71,71,1.0,True,62,62,1.0,True,75,76,0.9868421052631579,True,True,44,44,1.0,True,77,77,1.0,True,56,56,1.0,True,True
P02042,71,71,1.0,True,62,62,1.0,True,76,76,1.0,True,True,44,44,1.0,True,77,77,1.0,True,56,56,1.0,True,True
P02144,65,71,0.9154929577464789,True,54,62,0.8709677419354839,True,68,76,0.8947368421052632,True,True,33,44,0.75,True,50,77,0.6493506493506493,False,36,56,0.6428571428571429,False,False
P02533,71,71,1.0,True,62,62,1.0,True,76,76,1.0,True,True,44,44,1.0,True,77,77,1.0,True,56,56,1.0,True,True
P02538,71,71,1.0,True,62,62,1.0,True,76,76,1.0,True,True,44,44,1.0,True,77,77,1.0,True,56,56,1.0,True,True
P02545,69,71,0.971830985915493,True,62,62,1.0,True,74,76,0.9736842105263158,True,True,43,44,0.9772727272727273,True,74,77,0.961038961038961,True,47,56,0.8392857142857143,True,True
P02549,71,71,1.0,True,62,62,1.0,True,76,76,1.0,True,True,44,44,1.0,True,77,77,1.0,True,56,56,1.0,True,True
P02647,71,71,1.0,True,62,62,1.0,True,76,76,1.0,True,True,44,44,1.0,True,77,77,1.0,True,56,56,1.0,True,True
P02649,71,71,1.0,True,62,62,1.0,True,76,76,1.0,True,True,44,44,1.0,True,77,77,1.0,True,56,56,1.0,True,True
P02652,71,71,1.0,True,62,62,1.0,True,76,76,1.0,True,True,44,44,1.0,True,77,77,1.0,True,56,56,1.0,True,True
P02654,71,71,1.0,True,62,62,1.0,True,76,76,1.0,True,True,44,44,1.0,True,77,77,1.0,True,56,56,1.0,True,True
P02655,71,71,1.0,True,62,62,1.0,True,76,76,1.0,True,True,44,44,1.0,True,77,77,1.0,True,56,56,1.0,True,True
P02656,71,71,1.0,True,62,62,1.0,True,76,76,1.0,True,True,44,44,1.0,True,77,77,1.0,True,56,56,1.0,True,True
P02671,71,71,1.0,True,62,62,1.0,True,76,76,1.0,True,True,44,44,1.0,True,77,77,1.0,True,56,56,1.0,True,True
P02675,71,71,1.0,True,62,62,1.0,True,76,76,1.0,True,True,44,44,1.0,True,77,77,1.0,True,56,56,1.0,True,True
P02679,71,71,1.0,True,62,62,1.0,True,76,76,1.0,True,True,44,44,1.0,True,77,77,1.0,True,56,56,1.0,True,True
P02730,71,71,1.0,True,62,62,1.0,True,76,76,1.0,True,True,44,44,1.0,True,77,77,1.0,True,56,56,1.0,True,True
P02743,71,71,1.0,True,62,62,1.0,True,76,76,1.0,True,True,44,44,1.0,True,77,77,1.0,True,56,56,1.0,True,True
P02745,71,71,1.0,True,62,62,1.0,True,76,76,1.0,True,True,44,44,1.0,True,77,77,1.0,True,56,56,1.0,True,True
P02746,71,71,1.0,True,62,62,1.0,True,76,76,1.0,True,True,44,44,1.0,True,77,77,1.0,True,56,56,1.0,True,True
P02747,71,71,1.0,True,62,62,1.0,True,76,76,1.0,True,True,44,44,1.0,True,77,77,1.0,True,56,56,1.0,True,True
P02748,71,71,1.0,True,62,62,1.0,True,76,76,1.0,True,True,44,44,1.0,True,77,77,1.0,True,56,56,1.0,True,True
P02749,71,71,1.0,True,62,62,1.0,True,76,76,1.0,True,True,44,44,1.0,True,77,77,1.0,True,56,56,1.0,True,True
P02750,71,71,1.0,True,62,62,1.0,True,76,76,1.0,True,True,44,44,1.0,True,77,77,1.0,True,56,56,1.0,True,True
P02751,71,71,1.0,True,62,62,1.0,True,76,76,1.0,True,True,44,44,1.0,True,77,77,1.0,True,56,56,1.0,True,True
P02753,71,71,1.0,True,62,62,1.0,True,76,76,1.0,True,True,44,44,1.0,True,77,77,1.0,True,56,56,1.0,True,True
P02760,71,71,1.0,True,62,62,1.0,True,76,76,1.0,True,True,44,44,1.0,True,77,77,1.0,True,56,56,1.0,True,True
P02763,71,71,1.0,True,62,62,1.0,True,76,76,1.0,True,True,44,44,1.0,True,77,77,1.0,True,56,56,1.0,True,True
P02765,71,71,1.0,True,62,62,1.0,True,76,76,1.0,True,True,44,44,1.0,True,77,77,1.0,True,56,56,1.0,True,True
P02766,71,71,1.0,True,62,62,1.0,True,76,76,1.0,True,True,44,44,1.0,True,77,77,1.0,True,56,56,1.0,True,True
P02768,71,71,1.0,True,62,62,1.0,True,76,76,1.0,True,True,44,44,1.0,True,77,77,1.0,True,56,56,1.0,True,True
P02774,71,71,1.0,True,62,62,1.0,True,76,76,1.0,True,True,44,44,1.0,True,77,77,1.0,True,56,56,1.0,True,True
P02775,71,71,1.0,True,62,62,1.0,True,76,76,1.0,True,True,44,44,1.0,True,77,77,1.0,True,56,56,1.0,True,True
P02776,71,71,1.0,True,62,62,1.0,True,76,76,1.0,True,True,44,44,1.0,True,77,77,1.0,True,55,56,0.9821428571428571,True,True
P02786,71,71,1.0,True,62,62,1.0,True,76,76,1.0,True,True,44,44,1.0,True,77,77,1.0,True,56,56,1.0,True,True
P02787,71,71,1.0,True,62,62,1.0,True,76,76,1.0,True,True,44,44,1.0,True,77,77,1.0,True,56,56,1.0,True,True
P02788,61,71,0.8591549295774648,True,50,62,0.8064516129032258,True,61,76,0.8026315789473685,True,True,28,44,0.6363636363636364,False,54,77,0.7012987012987013,True,39,56,0.6964285714285714,False,False
P02790,71,71,1.0,True,62,62,1.0,True,76,76,1.0,True,True,44,44,1.0,True,77,77,1.0,True,56,56,1.0,True,True
P03950,71,71,1.0,True,62,62,1.0,True,74,76,0.9736842105263158,True,True,44,44,1.0,True,76,77,0.987012987012987,True,55,56,0.9821428571428571,True,True
P03951,71,71,1.0,True,62,62,1.0,True,76,76,1.0,True,True,44,44,1.0,True,77,77,1.0,True,56,56,1.0,True,True
P03952,71,71,1.0,True,62,62,1.0,True,76,76,1.0,True,True,44,44,1.0,True,77,77,1.0,True,56,56,1.0,True,True
P04003,71,71,1.0,True,62,62,1.0,True,76,76,1.0,True,True,44,44,1.0,True,77,77,1.0,True,56,56,1.0,True,True
P04004,71,71,1.0,True,62,62,1.0,True,76,76,1.0,True,True,44,44,1.0,True,77,77,1.0,True,56,56,1.0,True,True
P04040,71,71,1.0,True,62,62,1.0,True,76,76,1.0,True,True,44,44,1.0,True,77,77,1.0,True,56,56,1.0,True,True
P04062,67,71,0.9436619718309859,True,58,62,0.9354838709677419,True,71,76,0.9342105263157895,True,True,39,44,0.8863636363636364,True,71,77,0.922077922077922,True,39,56,0.6964285714285714,False,False
P04070,71,71,1.0,True,62,62,1.0,True,76,76,1.0,True,True,44,44,1.0,True,77,77,1.0,True,56,56,1.0,True,True
P04075,71,71,1.0,True,62,62,1.0,True,76,76,1.0,True,True,44,44,1.0,True,77,77,1.0,True,56,56,1.0,True,True
P04083,71,71,1.0,True,61,62,0.9838709677419355,True,74,76,0.9736842105263158,True,True,44,44,1.0,True,77,77,1.0,True,55,56,0.9821428571428571,True,True
P04114,71,71,1.0,True,62,62,1.0,True,76,76,1.0,True,True,44,44,1.0,True,77,77,1.0,True,56,56,1.0,True,True
P04156,63,71,0.8873239436619719,True,56,62,0.9032258064516129,True,60,76,0.7894736842105263,True,True,40,44,0.9090909090909091,True,62,77,0.8051948051948052,True,37,56,0.6607142857142857,False,False
P04180,71,71,1.0,True,62,62,1.0,True,76,76,1.0,True,True,44,44,1.0,True,77,77,1.0,True,56,56,1.0,True,True
P04196,71,71,1.0,True,62,62,1.0,True,76,76,1.0,True,True,44,44,1.0,True,77,77,1.0,True,56,56,1.0,True,True
P04211,69,71,0.971830985915493,True,62,62,1.0,True,76,76,1.0,True,True,44,44,1.0,True,77,77,1.0,True,56,56,1.0,True,True
P04217,71,71,1.0,True,62,62,1.0,True,76,76,1.0,True,True,44,44,1.0,True,77,77,1.0,True,56,56,1.0,True,True
P04233,71,71,1.0,True,62,62,1.0,True,75,76,0.9868421052631579,True,True,43,44,0.9772727272727273,True,77,77,1.0,True,55,56,0.9821428571428571,True,True
P04259,71,71,1.0,True,62,62,1.0,True,76,76,1.0,True,True,44,44,1.0,True,77,77,1.0,True,56,56,1.0,True,True
P04264,71,71,1.0,True,62,62,1.0,True,76,76,1.0,True,True,44,44,1.0,True,77,77,1.0,True,56,56,1.0,True,True
P04275,71,71,1.0,True,62,62,1.0,True,76,76,1.0,True,True,44,44,1.0,True,77,77,1.0,True,56,56,1.0,True,True
P04278,71,71,1.0,True,62,62,1.0,True,76,76,1.0,True,True,44,44,1.0,True,77,77,1.0,True,56,56,1.0,True,True
P04350,68,71,0.9577464788732394,True,58,62,0.9354838709677419,True,72,76,0.9473684210526315,True,True,39,44,0.8863636363636364,True,70,77,0.9090909090909091,True,49,56,0.875,True,True
P04406,71,71,1.0,True,62,62,1.0,True,76,76,1.0,True,True,44,44,1.0,True,77,77,1.0,True,56,56,1.0,True,True
P04439,71,71,1.0,True,62,62,1.0,True,76,76,1.0,True,True,44,44,1.0,True,77,77,1.0,True,56,56,1.0,True,True
P04632,71,71,1.0,True,61,62,0.9838709677419355,True,76,76,1.0,True,True,44,44,1.0,True,77,77,1.0,True,56,56,1.0,True,True
P04792,70,71,0.9859154929577465,True,59,62,0.9516129032258065,True,72,76,0.9473684210526315,True,True,44,44,1.0,True,77,77,1.0,True,56,56,1.0,True,True
P04839,54,71,0.7605633802816901,True,52,62,0.8387096774193549,True,55,76,0.7236842105263158,True,True,36,44,0.8181818181818182,True,62,77,0.8051948051948052,True,48,56,0.8571428571428571,True,True
P04899,71,71,1.0,True,62,62,1.0,True,75,76,0.9868421052631579,True,True,44,44,1.0,True,77,77,1.0,True,56,56,1.0,True,True
P04908;P0C0S8;P20671;Q16777;Q6FI13;Q7L7L0;Q93077;Q96KK5;Q99878;Q9BTM1,71,71,1.0,True,62,62,1.0,True,76,76,1.0,True,True,44,44,1.0,True,77,77,1.0,True,56,56,1.0,True,True
P04921,62,71,0.8732394366197183,True,53,62,0.8548387096774194,True,61,76,0.8026315789473685,True,True,35,44,0.7954545454545454,True,66,77,0.8571428571428571,True,48,56,0.8571428571428571,True,True
P05019,69,71,0.971830985915493,True,62,62,1.0,True,76,76,1.0,True,True,43,44,0.9772727272727273,True,75,77,0.974025974025974,True,52,56,0.9285714285714286,True,True
P05023,70,71,0.9859154929577465,True,62,62,1.0,True,72,76,0.9473684210526315,True,True,44,44,1.0,True,76,77,0.987012987012987,True,56,56,1.0,True,True
P05060,71,71,1.0,True,61,62,0.9838709677419355,True,76,76,1.0,True,True,44,44,1.0,True,77,77,1.0,True,56,56,1.0,True,True
P05062,54,71,0.7605633802816901,True,46,62,0.7419354838709677,True,61,76,0.8026315789473685,True,True,42,44,0.9545454545454546,True,74,77,0.961038961038961,True,47,56,0.8392857142857143,True,True
P05067,71,71,1.0,True,62,62,1.0,True,76,76,1.0,True,True,44,44,1.0,True,77,77,1.0,True,56,56,1.0,True,True
P05089,71,71,1.0,True,61,62,0.9838709677419355,True,74,76,0.9736842105263158,True,True,42,44,0.9545454545454546,True,74,77,0.961038961038961,True,55,56,0.9821428571428571,True,True
P05090,71,71,1.0,True,62,62,1.0,True,76,76,1.0,True,True,44,44,1.0,True,77,77,1.0,True,56,56,1.0,True,True
P05106,71,71,1.0,True,62,62,1.0,True,76,76,1.0,True,True,44,44,1.0,True,77,77,1.0,True,56,56,1.0,True,True
P05107,71,71,1.0,True,62,62,1.0,True,76,76,1.0,True,True,44,44,1.0,True,77,77,1.0,True,56,56,1.0,True,True
P05109,71,71,1.0,True,62,62,1.0,True,76,76,1.0,True,True,44,44,1.0,True,77,77,1.0,True,56,56,1.0,True,True
P05121,52,71,0.7323943661971831,True,48,62,0.7741935483870968,True,52,76,0.6842105263157895,False,False,44,44,1.0,True,74,77,0.961038961038961,True,55,56,0.9821428571428571,True,True
P05141,59,71,0.8309859154929577,True,45,62,0.7258064516129032,True,56,76,0.7368421052631579,True,True,42,44,0.9545454545454546,True,67,77,0.8701298701298701,True,49,56,0.875,True,True
P05154,71,71,1.0,True,62,62,1.0,True,76,76,1.0,True,True,44,44,1.0,True,77,77,1.0,True,56,56,1.0,True,True
P05155,71,71,1.0,True,62,62,1.0,True,76,76,1.0,True,True,44,44,1.0,True,77,77,1.0,True,56,56,1.0,True,True
P05156,71,71,1.0,True,62,62,1.0,True,76,76,1.0,True,True,44,44,1.0,True,77,77,1.0,True,56,56,1.0,True,True
P05160,71,71,1.0,True,62,62,1.0,True,76,76,1.0,True,True,44,44,1.0,True,77,77,1.0,True,56,56,1.0,True,True
P05164,56,71,0.7887323943661971,True,55,62,0.8870967741935484,True,62,76,0.8157894736842105,True,True,37,44,0.8409090909090909,True,64,77,0.8311688311688312,True,47,56,0.8392857142857143,True,True
P05186,52,71,0.7323943661971831,True,49,62,0.7903225806451613,True,56,76,0.7368421052631579,True,True,39,44,0.8863636363636364,True,63,77,0.8181818181818182,True,46,56,0.8214285714285714,True,True
P05198,58,71,0.8169014084507042,True,49,62,0.7903225806451613,True,49,76,0.6447368421052632,False,False,36,44,0.8181818181818182,True,59,77,0.7662337662337663,True,46,56,0.8214285714285714,True,True
P05362,71,71,1.0,True,62,62,1.0,True,76,76,1.0,True,True,44,44,1.0,True,77,77,1.0,True,56,56,1.0,True,True
P05386,69,71,0.971830985915493,True,61,62,0.9838709677419355,True,69,76,0.9078947368421053,True,True,40,44,0.9090909090909091,True,76,77,0.987012987012987,True,51,56,0.9107142857142857,True,True
P05387,69,71,0.971830985915493,True,60,62,0.967741935483871,True,74,76,0.9736842105263158,True,True,44,44,1.0,True,77,77,1.0,True,56,56,1.0,True,True
P05388,71,71,1.0,True,62,62,1.0,True,75,76,0.9868421052631579,True,True,44,44,1.0,True,77,77,1.0,True,56,56,1.0,True,True
P05452,71,71,1.0,True,62,62,1.0,True,76,76,1.0,True,True,44,44,1.0,True,77,77,1.0,True,56,56,1.0,True,True
P05543,71,71,1.0,True,62,62,1.0,True,76,76,1.0,True,True,44,44,1.0,True,77,77,1.0,True,56,56,1.0,True,True
P05546,71,71,1.0,True,62,62,1.0,True,76,76,1.0,True,True,44,44,1.0,True,77,77,1.0,True,56,56,1.0,True,True
P05556,71,71,1.0,True,62,62,1.0,True,76,76,1.0,True,True,44,44,1.0,True,77,77,1.0,True,56,56,1.0,True,True
P05997,66,71,0.9295774647887324,True,57,62,0.9193548387096774,True,66,76,0.868421052631579,True,True,36,44,0.8181818181818182,True,66,77,0.8571428571428571,True,42,56,0.75,True,True
P06276,69,71,0.971830985915493,True,61,62,0.9838709677419355,True,76,76,1.0,True,True,43,44,0.9772727272727273,True,74,77,0.961038961038961,True,52,56,0.9285714285714286,True,True
P06310,69,71,0.971830985915493,True,62,62,1.0,True,74,76,0.9736842105263158,True,True,44,44,1.0,True,77,77,1.0,True,56,56,1.0,True,True
P06312,71,71,1.0,True,62,62,1.0,True,76,76,1.0,True,True,44,44,1.0,True,77,77,1.0,True,56,56,1.0,True,True
P06331,71,71,1.0,True,62,62,1.0,True,76,76,1.0,True,True,44,44,1.0,True,76,77,0.987012987012987,True,55,56,0.9821428571428571,True,True
P06396,71,71,1.0,True,62,62,1.0,True,76,76,1.0,True,True,44,44,1.0,True,77,77,1.0,True,56,56,1.0,True,True
P06454,71,71,1.0,True,61,62,0.9838709677419355,True,75,76,0.9868421052631579,True,True,43,44,0.9772727272727273,True,77,77,1.0,True,55,56,0.9821428571428571,True,True
P06576,62,71,0.8732394366197183,True,43,62,0.6935483870967742,False,60,76,0.7894736842105263,True,False,38,44,0.8636363636363636,True,68,77,0.8831168831168831,True,49,56,0.875,True,True
P06681,71,71,1.0,True,62,62,1.0,True,76,76,1.0,True,True,44,44,1.0,True,77,77,1.0,True,56,56,1.0,True,True
P06702,71,71,1.0,True,62,62,1.0,True,76,76,1.0,True,True,44,44,1.0,True,77,77,1.0,True,56,56,1.0,True,True
P06703,71,71,1.0,True,61,62,0.9838709677419355,True,74,76,0.9736842105263158,True,True,44,44,1.0,True,77,77,1.0,True,56,56,1.0,True,True
P06727,71,71,1.0,True,62,62,1.0,True,76,76,1.0,True,True,44,44,1.0,True,77,77,1.0,True,56,56,1.0,True,True
P06732,50,71,0.704225352112676,True,47,62,0.7580645161290323,True,63,76,0.8289473684210527,True,True,34,44,0.7727272727272727,True,54,77,0.7012987012987013,True,35,56,0.625,False,False
P06733,71,71,1.0,True,62,62,1.0,True,76,76,1.0,True,True,44,44,1.0,True,77,77,1.0,True,56,56,1.0,True,True
P06734,68,71,0.9577464788732394,True,59,62,0.9516129032258065,True,73,76,0.9605263157894737,True,True,40,44,0.9090909090909091,True,76,77,0.987012987012987,True,49,56,0.875,True,True
P06744,62,71,0.8732394366197183,True,58,62,0.9354838709677419,True,66,76,0.868421052631579,True,True,41,44,0.9318181818181818,True,71,77,0.922077922077922,True,49,56,0.875,True,True
P06753,70,71,0.9859154929577465,True,59,62,0.9516129032258065,True,75,76,0.9868421052631579,True,True,44,44,1.0,True,76,77,0.987012987012987,True,56,56,1.0,True,True
P06756,61,71,0.8591549295774648,True,56,62,0.9032258064516129,True,69,76,0.9078947368421053,True,True,36,44,0.8181818181818182,True,59,77,0.7662337662337663,True,42,56,0.75,True,True
P06858,71,71,1.0,True,62,62,1.0,True,76,76,1.0,True,True,44,44,1.0,True,77,77,1.0,True,56,56,1.0,True,True
P07093,62,71,0.8732394366197183,True,57,62,0.9193548387096774,True,66,76,0.868421052631579,True,True,41,44,0.9318181818181818,True,73,77,0.948051948051948,True,53,56,0.9464285714285714,True,True
P07195,71,71,1.0,True,62,62,1.0,True,76,76,1.0,True,True,43,44,0.9772727272727273,True,77,77,1.0,True,56,56,1.0,True,True
P07203,71,71,1.0,True,61,62,0.9838709677419355,True,72,76,0.9473684210526315,True,True,44,44,1.0,True,77,77,1.0,True,56,56,1.0,True,True
P07225,71,71,1.0,True,62,62,1.0,True,76,76,1.0,True,True,44,44,1.0,True,77,77,1.0,True,56,56,1.0,True,True
P07237,71,71,1.0,True,62,62,1.0,True,76,76,1.0,True,True,44,44,1.0,True,77,77,1.0,True,56,56,1.0,True,True
P07307,59,71,0.8309859154929577,True,55,62,0.8870967741935484,True,67,76,0.881578947368421,True,True,42,44,0.9545454545454546,True,73,77,0.948051948051948,True,53,56,0.9464285714285714,True,True
P07327,68,71,0.9577464788732394,True,60,62,0.967741935483871,True,70,76,0.9210526315789473,True,True,44,44,1.0,True,76,77,0.987012987012987,True,56,56,1.0,True,True
P07333,71,71,1.0,True,62,62,1.0,True,76,76,1.0,True,True,44,44,1.0,True,77,77,1.0,True,56,56,1.0,True,True
P07339,71,71,1.0,True,62,62,1.0,True,76,76,1.0,True,True,44,44,1.0,True,77,77,1.0,True,56,56,1.0,True,True
P07355,71,71,1.0,True,62,62,1.0,True,76,76,1.0,True,True,44,44,1.0,True,77,77,1.0,True,56,56,1.0,True,True
P07357,71,71,1.0,True,62,62,1.0,True,76,76,1.0,True,True,44,44,1.0,True,77,77,1.0,True,56,56,1.0,True,True
P07358,71,71,1.0,True,62,62,1.0,True,76,76,1.0,True,True,44,44,1.0,True,77,77,1.0,True,56,56,1.0,True,True
P07359,71,71,1.0,True,62,62,1.0,True,76,76,1.0,True,True,44,44,1.0,True,77,77,1.0,True,56,56,1.0,True,True
P07360,71,71,1.0,True,62,62,1.0,True,76,76,1.0,True,True,44,44,1.0,True,77,77,1.0,True,56,56,1.0,True,True
P07384,71,71,1.0,True,62,62,1.0,True,76,76,1.0,True,True,44,44,1.0,True,77,77,1.0,True,56,56,1.0,True,True
P07437,71,71,1.0,True,62,62,1.0,True,75,76,0.9868421052631579,True,True,44,44,1.0,True,77,77,1.0,True,56,56,1.0,True,True
P07477,69,71,0.971830985915493,True,61,62,0.9838709677419355,True,76,76,1.0,True,True,44,44,1.0,True,75,77,0.974025974025974,True,55,56,0.9821428571428571,True,True
P07585,71,71,1.0,True,62,62,1.0,True,76,76,1.0,True,True,44,44,1.0,True,77,77,1.0,True,56,56,1.0,True,True
P07602,68,71,0.9577464788732394,True,62,62,1.0,True,75,76,0.9868421052631579,True,True,44,44,1.0,True,72,77,0.935064935064935,True,51,56,0.9107142857142857,True,True
P07711,71,71,1.0,True,62,62,1.0,True,75,76,0.9868421052631579,True,True,41,44,0.9318181818181818,True,69,77,0.8961038961038961,True,51,56,0.9107142857142857,True,True
P07737,71,71,1.0,True,62,62,1.0,True,76,76,1.0,True,True,44,44,1.0,True,77,77,1.0,True,56,56,1.0,True,True
P07738,63,71,0.8873239436619719,True,56,62,0.9032258064516129,True,65,76,0.8552631578947368,True,True,40,44,0.9090909090909091,True,71,77,0.922077922077922,True,53,56,0.9464285714285714,True,True
P07741,70,71,0.9859154929577465,True,60,62,0.967741935483871,True,71,76,0.9342105263157895,True,True,44,44,1.0,True,75,77,0.974025974025974,True,53,56,0.9464285714285714,True,True
P07858,67,71,0.9436619718309859,True,57,62,0.9193548387096774,True,70,76,0.9210526315789473,True,True,43,44,0.9772727272727273,True,73,77,0.948051948051948,True,51,56,0.9107142857142857,True,True
P07900,71,71,1.0,True,62,62,1.0,True,76,76,1.0,True,True,44,44,1.0,True,77,77,1.0,True,56,56,1.0,True,True
P07910,69,71,0.971830985915493,True,60,62,0.967741935483871,True,75,76,0.9868421052631579,True,True,44,44,1.0,True,76,77,0.987012987012987,True,55,56,0.9821428571428571,True,True
P07942,71,71,1.0,True,62,62,1.0,True,76,76,1.0,True,True,44,44,1.0,True,77,77,1.0,True,56,56,1.0,True,True
P07947,71,71,1.0,True,62,62,1.0,True,73,76,0.9605263157894737,True,True,44,44,1.0,True,76,77,0.987012987012987,True,53,56,0.9464285714285714,True,True
P07948,60,71,0.8450704225352113,True,56,62,0.9032258064516129,True,61,76,0.8026315789473685,True,True,42,44,0.9545454545454546,True,70,77,0.9090909090909091,True,50,56,0.8928571428571429,True,True
P07988,66,71,0.9295774647887324,True,55,62,0.8870967741935484,True,69,76,0.9078947368421053,True,True,41,44,0.9318181818181818,True,75,77,0.974025974025974,True,54,56,0.9642857142857143,True,True
P07996,71,71,1.0,True,62,62,1.0,True,76,76,1.0,True,True,44,44,1.0,True,77,77,1.0,True,56,56,1.0,True,True
P08133,71,71,1.0,True,62,62,1.0,True,76,76,1.0,True,True,44,44,1.0,True,77,77,1.0,True,56,56,1.0,True,True
P08185,71,71,1.0,True,62,62,1.0,True,76,76,1.0,True,True,44,44,1.0,True,77,77,1.0,True,56,56,1.0,True,True
P08195,71,71,1.0,True,62,62,1.0,True,76,76,1.0,True,True,44,44,1.0,True,75,77,0.974025974025974,True,55,56,0.9821428571428571,True,True
P08237,57,71,0.8028169014084507,True,45,62,0.7258064516129032,True,53,76,0.6973684210526315,False,False,40,44,0.9090909090909091,True,64,77,0.8311688311688312,True,46,56,0.8214285714285714,True,True
P08238,71,71,1.0,True,62,62,1.0,True,76,76,1.0,True,True,44,44,1.0,True,77,77,1.0,True,56,56,1.0,True,True
P08253,71,71,1.0,True,62,62,1.0,True,76,76,1.0,True,True,44,44,1.0,True,77,77,1.0,True,56,56,1.0,True,True
P08254,71,71,1.0,True,62,62,1.0,True,76,76,1.0,True,True,44,44,1.0,True,77,77,1.0,True,56,56,1.0,True,True
P08263;P09210,49,71,0.6901408450704225,False,44,62,0.7096774193548387,True,55,76,0.7236842105263158,True,False,38,44,0.8636363636363636,True,68,77,0.8831168831168831,True,43,56,0.7678571428571429,True,True
P08294,71,71,1.0,True,62,62,1.0,True,76,76,1.0,True,True,44,44,1.0,True,77,77,1.0,True,56,56,1.0,True,True
P08311,70,71,0.9859154929577465,True,62,62,1.0,True,76,76,1.0,True,True,44,44,1.0,True,77,77,1.0,True,56,56,1.0,True,True
P08319,71,71,1.0,True,62,62,1.0,True,76,76,1.0,True,True,44,44,1.0,True,77,77,1.0,True,56,56,1.0,True,True
P08493,71,71,1.0,True,62,62,1.0,True,76,76,1.0,True,True,44,44,1.0,True,77,77,1.0,True,56,56,1.0,True,True
P08514,71,71,1.0,True,62,62,1.0,True,76,76,1.0,True,True,44,44,1.0,True,77,77,1.0,True,56,56,1.0,True,True
P08519,71,71,1.0,True,62,62,1.0,True,76,76,1.0,True,True,44,44,1.0,True,77,77,1.0,True,56,56,1.0,True,True
P08567,71,71,1.0,True,62,62,1.0,True,73,76,0.9605263157894737,True,True,44,44,1.0,True,77,77,1.0,True,56,56,1.0,True,True
P08571,71,71,1.0,True,62,62,1.0,True,76,76,1.0,True,True,44,44,1.0,True,77,77,1.0,True,56,56,1.0,True,True
P08575,71,71,1.0,True,62,62,1.0,True,76,76,1.0,True,True,44,44,1.0,True,77,77,1.0,True,56,56,1.0,True,True
P08581,61,71,0.8591549295774648,True,56,62,0.9032258064516129,True,62,76,0.8157894736842105,True,True,42,44,0.9545454545454546,True,75,77,0.974025974025974,True,56,56,1.0,True,True
P08603,71,71,1.0,True,62,62,1.0,True,76,76,1.0,True,True,44,44,1.0,True,77,77,1.0,True,56,56,1.0,True,True
P08637,71,71,1.0,True,61,62,0.9838709677419355,True,76,76,1.0,True,True,43,44,0.9772727272727273,True,77,77,1.0,True,56,56,1.0,True,True
P08648,67,71,0.9436619718309859,True,58,62,0.9354838709677419,True,73,76,0.9605263157894737,True,True,44,44,1.0,True,76,77,0.987012987012987,True,53,56,0.9464285714285714,True,True
P08670,70,71,0.9859154929577465,True,61,62,0.9838709677419355,True,75,76,0.9868421052631579,True,True,43,44,0.9772727272727273,True,77,77,1.0,True,56,56,1.0,True,True
P08697,71,71,1.0,True,62,62,1.0,True,76,76,1.0,True,True,44,44,1.0,True,77,77,1.0,True,56,56,1.0,True,True
P08709,71,71,1.0,True,62,62,1.0,True,76,76,1.0,True,True,44,44,1.0,True,77,77,1.0,True,56,56,1.0,True,True
P08727,67,71,0.9436619718309859,True,58,62,0.9354838709677419,True,70,76,0.9210526315789473,True,True,36,44,0.8181818181818182,True,67,77,0.8701298701298701,True,47,56,0.8392857142857143,True,True
P08729,58,71,0.8169014084507042,True,52,62,0.8387096774193549,True,66,76,0.868421052631579,True,True,38,44,0.8636363636363636,True,68,77,0.8831168831168831,True,51,56,0.9107142857142857,True,True
P08754,61,71,0.8591549295774648,True,59,62,0.9516129032258065,True,61,76,0.8026315789473685,True,True,40,44,0.9090909090909091,True,66,77,0.8571428571428571,True,47,56,0.8392857142857143,True,True
P08758,69,71,0.971830985915493,True,61,62,0.9838709677419355,True,73,76,0.9605263157894737,True,True,43,44,0.9772727272727273,True,76,77,0.987012987012987,True,51,56,0.9107142857142857,True,True
P08779,71,71,1.0,True,61,62,0.9838709677419355,True,76,76,1.0,True,True,43,44,0.9772727272727273,True,75,77,0.974025974025974,True,53,56,0.9464285714285714,True,True
P08833,70,71,0.9859154929577465,True,60,62,0.967741935483871,True,75,76,0.9868421052631579,True,True,43,44,0.9772727272727273,True,77,77,1.0,True,56,56,1.0,True,True
P08865,70,71,0.9859154929577465,True,57,62,0.9193548387096774,True,72,76,0.9473684210526315,True,True,43,44,0.9772727272727273,True,73,77,0.948051948051948,True,54,56,0.9642857142857143,True,True
P09104,71,71,1.0,True,62,62,1.0,True,76,76,1.0,True,True,44,44,1.0,True,77,77,1.0,True,56,56,1.0,True,True
P09172,66,71,0.9295774647887324,True,60,62,0.967741935483871,True,70,76,0.9210526315789473,True,True,38,44,0.8636363636363636,True,60,77,0.7792207792207793,True,45,56,0.8035714285714286,True,True
P09211,70,71,0.9859154929577465,True,59,62,0.9516129032258065,True,75,76,0.9868421052631579,True,True,42,44,0.9545454545454546,True,77,77,1.0,True,55,56,0.9821428571428571,True,True
P09237,55,71,0.7746478873239436,True,49,62,0.7903225806451613,True,61,76,0.8026315789473685,True,True,38,44,0.8636363636363636,True,63,77,0.8181818181818182,True,43,56,0.7678571428571429,True,True
P09326,66,71,0.9295774647887324,True,61,62,0.9838709677419355,True,69,76,0.9078947368421053,True,True,44,44,1.0,True,73,77,0.948051948051948,True,54,56,0.9642857142857143,True,True
P09382,70,71,0.9859154929577465,True,61,62,0.9838709677419355,True,75,76,0.9868421052631579,True,True,44,44,1.0,True,77,77,1.0,True,56,56,1.0,True,True
P09429,56,71,0.7887323943661971,True,54,62,0.8709677419354839,True,58,76,0.7631578947368421,True,True,38,44,0.8636363636363636,True,68,77,0.8831168831168831,True,48,56,0.8571428571428571,True,True
P09486,71,71,1.0,True,62,62,1.0,True,76,76,1.0,True,True,44,44,1.0,True,77,77,1.0,True,56,56,1.0,True,True
P09493,66,71,0.9295774647887324,True,56,62,0.9032258064516129,True,65,76,0.8552631578947368,True,True,42,44,0.9545454545454546,True,72,77,0.935064935064935,True,55,56,0.9821428571428571,True,True
P09603,71,71,1.0,True,62,62,1.0,True,76,76,1.0,True,True,44,44,1.0,True,77,77,1.0,True,56,56,1.0,True,True
P09619,71,71,1.0,True,62,62,1.0,True,76,76,1.0,True,True,44,44,1.0,True,77,77,1.0,True,56,56,1.0,True,True
P09651,51,71,0.7183098591549296,True,45,62,0.7258064516129032,True,57,76,0.75,True,True,33,44,0.75,True,59,77,0.7662337662337663,True,45,56,0.8035714285714286,True,True
P09668,71,71,1.0,True,62,62,1.0,True,74,76,0.9736842105263158,True,True,39,44,0.8863636363636364,True,70,77,0.9090909090909091,True,53,56,0.9464285714285714,True,True
P09871,71,71,1.0,True,62,62,1.0,True,76,76,1.0,True,True,44,44,1.0,True,77,77,1.0,True,56,56,1.0,True,True
P09960,68,71,0.9577464788732394,True,61,62,0.9838709677419355,True,73,76,0.9605263157894737,True,True,43,44,0.9772727272727273,True,75,77,0.974025974025974,True,52,56,0.9285714285714286,True,True
P0C0L4,71,71,1.0,True,62,62,1.0,True,76,76,1.0,True,True,44,44,1.0,True,77,77,1.0,True,56,56,1.0,True,True
P0C0L5,71,71,1.0,True,62,62,1.0,True,76,76,1.0,True,True,44,44,1.0,True,77,77,1.0,True,56,56,1.0,True,True
P0DJI8,71,71,1.0,True,62,62,1.0,True,76,76,1.0,True,True,44,44,1.0,True,77,77,1.0,True,56,56,1.0,True,True
P0DJI9,71,71,1.0,True,62,62,1.0,True,76,76,1.0,True,True,44,44,1.0,True,77,77,1.0,True,56,56,1.0,True,True
P0DMV8;P0DMV9,71,71,1.0,True,62,62,1.0,True,76,76,1.0,True,True,44,44,1.0,True,77,77,1.0,True,56,56,1.0,True,True
P0DOX2,71,71,1.0,True,62,62,1.0,True,76,76,1.0,True,True,44,44,1.0,True,77,77,1.0,True,56,56,1.0,True,True
P0DOX3,62,71,0.8732394366197183,True,57,62,0.9193548387096774,True,68,76,0.8947368421052632,True,True,36,44,0.8181818181818182,True,73,77,0.948051948051948,True,51,56,0.9107142857142857,True,True
P0DOX5,49,71,0.6901408450704225,False,49,62,0.7903225806451613,True,56,76,0.7368421052631579,True,False,37,44,0.8409090909090909,True,66,77,0.8571428571428571,True,43,56,0.7678571428571429,True,True
P0DOX7,71,71,1.0,True,62,62,1.0,True,76,76,1.0,True,True,44,44,1.0,True,77,77,1.0,True,56,56,1.0,True,True
P0DOX8,71,71,1.0,True,62,62,1.0,True,76,76,1.0,True,True,44,44,1.0,True,77,77,1.0,True,56,56,1.0,True,True
P0DOY2;P0DOY3,68,71,0.9577464788732394,True,57,62,0.9193548387096774,True,74,76,0.9736842105263158,True,True,44,44,1.0,True,67,77,0.8701298701298701,True,50,56,0.8928571428571429,True,True
P0DP02,71,71,1.0,True,62,62,1.0,True,76,76,1.0,True,True,44,44,1.0,True,77,77,1.0,True,56,56,1.0,True,True
P0DP23;P0DP24;P0DP25,71,71,1.0,True,62,62,1.0,True,75,76,0.9868421052631579,True,True,44,44,1.0,True,77,77,1.0,True,56,56,1.0,True,True
P0DPH7;P0DPH8,71,71,1.0,True,62,62,1.0,True,76,76,1.0,True,True,44,44,1.0,True,77,77,1.0,True,56,56,1.0,True,True
P10124,71,71,1.0,True,62,62,1.0,True,76,76,1.0,True,True,44,44,1.0,True,77,77,1.0,True,56,56,1.0,True,True
P10301,56,71,0.7887323943661971,True,49,62,0.7903225806451613,True,63,76,0.8289473684210527,True,True,35,44,0.7954545454545454,True,61,77,0.7922077922077922,True,42,56,0.75,True,True
P10321,62,71,0.8732394366197183,True,55,62,0.8870967741935484,True,63,76,0.8289473684210527,True,True,40,44,0.9090909090909091,True,68,77,0.8831168831168831,True,47,56,0.8392857142857143,True,True
P10412,71,71,1.0,True,62,62,1.0,True,75,76,0.9868421052631579,True,True,44,44,1.0,True,77,77,1.0,True,56,56,1.0,True,True
P10451,71,71,1.0,True,62,62,1.0,True,76,76,1.0,True,True,44,44,1.0,True,77,77,1.0,True,56,56,1.0,True,True
P10586,70,71,0.9859154929577465,True,62,62,1.0,True,75,76,0.9868421052631579,True,True,44,44,1.0,True,77,77,1.0,True,56,56,1.0,True,True
P10599,71,71,1.0,True,62,62,1.0,True,76,76,1.0,True,True,42,44,0.9545454545454546,True,77,77,1.0,True,56,56,1.0,True,True
P10619,54,71,0.7605633802816901,True,46,62,0.7419354838709677,True,58,76,0.7631578947368421,True,True,36,44,0.8181818181818182,True,63,77,0.8181818181818182,True,44,56,0.7857142857142857,True,True
P10643,71,71,1.0,True,62,62,1.0,True,76,76,1.0,True,True,44,44,1.0,True,77,77,1.0,True,56,56,1.0,True,True
P10644,61,71,0.8591549295774648,True,46,62,0.7419354838709677,True,64,76,0.8421052631578947,True,True,42,44,0.9545454545454546,True,70,77,0.9090909090909091,True,54,56,0.9642857142857143,True,True
P10645,71,71,1.0,True,62,62,1.0,True,76,76,1.0,True,True,44,44,1.0,True,77,77,1.0,True,56,56,1.0,True,True
P10646,71,71,1.0,True,62,62,1.0,True,76,76,1.0,True,True,44,44,1.0,True,77,77,1.0,True,56,56,1.0,True,True
P10768,63,71,0.8873239436619719,True,56,62,0.9032258064516129,True,66,76,0.868421052631579,True,True,41,44,0.9318181818181818,True,69,77,0.8961038961038961,True,51,56,0.9107142857142857,True,True
P10809,64,71,0.9014084507042254,True,55,62,0.8870967741935484,True,63,76,0.8289473684210527,True,True,43,44,0.9772727272727273,True,76,77,0.987012987012987,True,54,56,0.9642857142857143,True,True
P10909,71,71,1.0,True,62,62,1.0,True,76,76,1.0,True,True,44,44,1.0,True,77,77,1.0,True,56,56,1.0,True,True
P11021,71,71,1.0,True,62,62,1.0,True,76,76,1.0,True,True,44,44,1.0,True,77,77,1.0,True,56,56,1.0,True,True
P11047,71,71,1.0,True,62,62,1.0,True,76,76,1.0,True,True,44,44,1.0,True,77,77,1.0,True,56,56,1.0,True,True
P11049,71,71,1.0,True,61,62,0.9838709677419355,True,76,76,1.0,True,True,44,44,1.0,True,77,77,1.0,True,55,56,0.9821428571428571,True,True
P11142,71,71,1.0,True,62,62,1.0,True,76,76,1.0,True,True,44,44,1.0,True,77,77,1.0,True,56,56,1.0,True,True
P11150,71,71,1.0,True,61,62,0.9838709677419355,True,74,76,0.9736842105263158,True,True,43,44,0.9772727272727273,True,71,77,0.922077922077922,True,51,56,0.9107142857142857,True,True
P11166,70,71,0.9859154929577465,True,62,62,1.0,True,74,76,0.9736842105263158,True,True,44,44,1.0,True,77,77,1.0,True,56,56,1.0,True,True
P11169,48,71,0.676056338028169,False,37,62,0.5967741935483871,False,49,76,0.6447368421052632,False,False,35,44,0.7954545454545454,True,66,77,0.8571428571428571,True,49,56,0.875,True,True
P11171,70,71,0.9859154929577465,True,62,62,1.0,True,74,76,0.9736842105263158,True,True,44,44,1.0,True,77,77,1.0,True,56,56,1.0,True,True
P11215,71,71,1.0,True,62,62,1.0,True,76,76,1.0,True,True,44,44,1.0,True,77,77,1.0,True,56,56,1.0,True,True
P11217,60,71,0.8450704225352113,True,51,62,0.8225806451612904,True,67,76,0.881578947368421,True,True,39,44,0.8863636363636364,True,68,77,0.8831168831168831,True,44,56,0.7857142857142857,True,True
P11226,71,71,1.0,True,62,62,1.0,True,76,76,1.0,True,True,44,44,1.0,True,77,77,1.0,True,55,56,0.9821428571428571,True,True
P11234,69,71,0.971830985915493,True,61,62,0.9838709677419355,True,75,76,0.9868421052631579,True,True,44,44,1.0,True,77,77,1.0,True,56,56,1.0,True,True
P11277,71,71,1.0,True,62,62,1.0,True,76,76,1.0,True,True,44,44,1.0,True,77,77,1.0,True,56,56,1.0,True,True
P11279,62,71,0.8732394366197183,True,60,62,0.967741935483871,True,71,76,0.9342105263157895,True,True,37,44,0.8409090909090909,True,68,77,0.8831168831168831,True,40,56,0.7142857142857143,True,True
P11362,68,71,0.9577464788732394,True,62,62,1.0,True,76,76,1.0,True,True,44,44,1.0,True,74,77,0.961038961038961,True,53,56,0.9464285714285714,True,True
P11413,68,71,0.9577464788732394,True,55,62,0.8870967741935484,True,68,76,0.8947368421052632,True,True,43,44,0.9772727272727273,True,71,77,0.922077922077922,True,53,56,0.9464285714285714,True,True
P11586,70,71,0.9859154929577465,True,60,62,0.967741935483871,True,72,76,0.9473684210526315,True,True,44,44,1.0,True,77,77,1.0,True,56,56,1.0,True,True
P11597,71,71,1.0,True,62,62,1.0,True,76,76,1.0,True,True,44,44,1.0,True,77,77,1.0,True,56,56,1.0,True,True
P11717,50,71,0.704225352112676,True,49,62,0.7903225806451613,True,58,76,0.7631578947368421,True,True,33,44,0.75,True,62,77,0.8051948051948052,True,43,56,0.7678571428571429,True,True
P11766,53,71,0.7464788732394366,True,51,62,0.8225806451612904,True,55,76,0.7236842105263158,True,True,36,44,0.8181818181818182,True,63,77,0.8181818181818182,True,41,56,0.7321428571428571,True,True
P11940,56,71,0.7887323943661971,True,55,62,0.8870967741935484,True,54,76,0.7105263157894737,True,True,40,44,0.9090909090909091,True,67,77,0.8701298701298701,True,47,56,0.8392857142857143,True,True
P12109,71,71,1.0,True,62,62,1.0,True,76,76,1.0,True,True,44,44,1.0,True,77,77,1.0,True,56,56,1.0,True,True
P12110,71,71,1.0,True,62,62,1.0,True,76,76,1.0,True,True,44,44,1.0,True,77,77,1.0,True,56,56,1.0,True,True
P12111,71,71,1.0,True,62,62,1.0,True,76,76,1.0,True,True,44,44,1.0,True,77,77,1.0,True,56,56,1.0,True,True
P12259,71,71,1.0,True,62,62,1.0,True,76,76,1.0,True,True,44,44,1.0,True,77,77,1.0,True,56,56,1.0,True,True
P12273,67,71,0.9436619718309859,True,57,62,0.9193548387096774,True,71,76,0.9342105263157895,True,True,38,44,0.8636363636363636,True,72,77,0.935064935064935,True,49,56,0.875,True,True
P12429,54,71,0.7605633802816901,True,50,62,0.8064516129032258,True,55,76,0.7236842105263158,True,True,35,44,0.7954545454545454,True,60,77,0.7792207792207793,True,38,56,0.6785714285714286,False,False
P12814,71,71,1.0,True,62,62,1.0,True,76,76,1.0,True,True,44,44,1.0,True,77,77,1.0,True,56,56,1.0,True,True
P12821,70,71,0.9859154929577465,True,62,62,1.0,True,76,76,1.0,True,True,44,44,1.0,True,77,77,1.0,True,55,56,0.9821428571428571,True,True
P12830,71,71,1.0,True,62,62,1.0,True,76,76,1.0,True,True,44,44,1.0,True,77,77,1.0,True,56,56,1.0,True,True
P12931,55,71,0.7746478873239436,True,51,62,0.8225806451612904,True,52,76,0.6842105263157895,False,False,39,44,0.8863636363636364,True,72,77,0.935064935064935,True,49,56,0.875,True,True
P13224,70,71,0.9859154929577465,True,60,62,0.967741935483871,True,76,76,1.0,True,True,44,44,1.0,True,77,77,1.0,True,56,56,1.0,True,True
P13473,62,71,0.8732394366197183,True,61,62,0.9838709677419355,True,72,76,0.9473684210526315,True,True,34,44,0.7727272727272727,True,58,77,0.7532467532467533,True,37,56,0.6607142857142857,False,False
P13489,60,71,0.8450704225352113,True,52,62,0.8387096774193549,True,61,76,0.8026315789473685,True,True,41,44,0.9318181818181818,True,74,77,0.961038961038961,True,52,56,0.9285714285714286,True,True
P13497,71,71,1.0,True,62,62,1.0,True,76,76,1.0,True,True,44,44,1.0,True,77,77,1.0,True,56,56,1.0,True,True
P13591,71,71,1.0,True,62,62,1.0,True,76,76,1.0,True,True,44,44,1.0,True,77,77,1.0,True,56,56,1.0,True,True
P13598,71,71,1.0,True,62,62,1.0,True,76,76,1.0,True,True,44,44,1.0,True,77,77,1.0,True,53,56,0.9464285714285714,True,True
P13611,71,71,1.0,True,62,62,1.0,True,76,76,1.0,True,True,44,44,1.0,True,77,77,1.0,True,56,56,1.0,True,True
P13612,69,71,0.971830985915493,True,60,62,0.967741935483871,True,73,76,0.9605263157894737,True,True,44,44,1.0,True,75,77,0.974025974025974,True,55,56,0.9821428571428571,True,True
P13639,70,71,0.9859154929577465,True,61,62,0.9838709677419355,True,76,76,1.0,True,True,44,44,1.0,True,77,77,1.0,True,55,56,0.9821428571428571,True,True
P13645,71,71,1.0,True,62,62,1.0,True,76,76,1.0,True,True,44,44,1.0,True,77,77,1.0,True,56,56,1.0,True,True
P13646,71,71,1.0,True,62,62,1.0,True,76,76,1.0,True,True,44,44,1.0,True,77,77,1.0,True,56,56,1.0,True,True
P13647,71,71,1.0,True,62,62,1.0,True,76,76,1.0,True,True,44,44,1.0,True,77,77,1.0,True,56,56,1.0,True,True
P13667,71,71,1.0,True,62,62,1.0,True,74,76,0.9736842105263158,True,True,43,44,0.9772727272727273,True,77,77,1.0,True,55,56,0.9821428571428571,True,True
P13671,71,71,1.0,True,62,62,1.0,True,76,76,1.0,True,True,44,44,1.0,True,77,77,1.0,True,56,56,1.0,True,True
P13686,63,71,0.8873239436619719,True,56,62,0.9032258064516129,True,58,76,0.7631578947368421,True,True,37,44,0.8409090909090909,True,64,77,0.8311688311688312,True,38,56,0.6785714285714286,False,False
P13727,71,71,1.0,True,62,62,1.0,True,76,76,1.0,True,True,44,44,1.0,True,77,77,1.0,True,56,56,1.0,True,True
P13796,71,71,1.0,True,62,62,1.0,True,76,76,1.0,True,True,44,44,1.0,True,77,77,1.0,True,56,56,1.0,True,True
P13797,46,71,0.647887323943662,False,42,62,0.6774193548387096,False,51,76,0.6710526315789473,False,False,37,44,0.8409090909090909,True,60,77,0.7792207792207793,True,42,56,0.75,True,True
P13798,71,71,1.0,True,61,62,0.9838709677419355,True,72,76,0.9473684210526315,True,True,43,44,0.9772727272727273,True,76,77,0.987012987012987,True,56,56,1.0,True,True
P13929,71,71,1.0,True,61,62,0.9838709677419355,True,76,76,1.0,True,True,44,44,1.0,True,77,77,1.0,True,56,56,1.0,True,True
P13942,71,71,1.0,True,62,62,1.0,True,76,76,1.0,True,True,44,44,1.0,True,77,77,1.0,True,56,56,1.0,True,True
P13987,70,71,0.9859154929577465,True,62,62,1.0,True,74,76,0.9736842105263158,True,True,42,44,0.9545454545454546,True,77,77,1.0,True,53,56,0.9464285714285714,True,True
P14151,71,71,1.0,True,62,62,1.0,True,76,76,1.0,True,True,44,44,1.0,True,77,77,1.0,True,56,56,1.0,True,True
P14209,71,71,1.0,True,62,62,1.0,True,76,76,1.0,True,True,44,44,1.0,True,77,77,1.0,True,56,56,1.0,True,True
P14314,71,71,1.0,True,62,62,1.0,True,76,76,1.0,True,True,44,44,1.0,True,77,77,1.0,True,56,56,1.0,True,True
P14317,69,71,0.971830985915493,True,62,62,1.0,True,73,76,0.9605263157894737,True,True,44,44,1.0,True,76,77,0.987012987012987,True,54,56,0.9642857142857143,True,True
P14543,71,71,1.0,True,62,62,1.0,True,76,76,1.0,True,True,44,44,1.0,True,77,77,1.0,True,56,56,1.0,True,True
P14618,71,71,1.0,True,62,62,1.0,True,76,76,1.0,True,True,44,44,1.0,True,77,77,1.0,True,56,56,1.0,True,True
P14625,71,71,1.0,True,62,62,1.0,True,76,76,1.0,True,True,44,44,1.0,True,77,77,1.0,True,56,56,1.0,True,True
P14649,69,71,0.971830985915493,True,60,62,0.967741935483871,True,74,76,0.9736842105263158,True,True,44,44,1.0,True,75,77,0.974025974025974,True,56,56,1.0,True,True
P14735,62,71,0.8732394366197183,True,56,62,0.9032258064516129,True,63,76,0.8289473684210527,True,True,39,44,0.8863636363636364,True,68,77,0.8831168831168831,True,45,56,0.8035714285714286,True,True
P14770,68,71,0.9577464788732394,True,58,62,0.9354838709677419,True,69,76,0.9078947368421053,True,True,44,44,1.0,True,75,77,0.974025974025974,True,56,56,1.0,True,True
P14780,70,71,0.9859154929577465,True,62,62,1.0,True,75,76,0.9868421052631579,True,True,44,44,1.0,True,77,77,1.0,True,56,56,1.0,True,True
P14868,48,71,0.676056338028169,False,49,62,0.7903225806451613,True,50,76,0.6578947368421053,False,False,36,44,0.8181818181818182,True,58,77,0.7532467532467533,True,43,56,0.7678571428571429,True,True
P14923,71,71,1.0,True,62,62,1.0,True,75,76,0.9868421052631579,True,True,44,44,1.0,True,76,77,0.987012987012987,True,55,56,0.9821428571428571,True,True
P15090,65,71,0.9154929577464789,True,55,62,0.8870967741935484,True,66,76,0.868421052631579,True,True,39,44,0.8863636363636364,True,71,77,0.922077922077922,True,48,56,0.8571428571428571,True,True
P15144,66,71,0.9295774647887324,True,60,62,0.967741935483871,True,71,76,0.9342105263157895,True,True,44,44,1.0,True,77,77,1.0,True,56,56,1.0,True,True
P15151,71,71,1.0,True,62,62,1.0,True,76,76,1.0,True,True,44,44,1.0,True,75,77,0.974025974025974,True,48,56,0.8571428571428571,True,True
P15153,71,71,1.0,True,61,62,0.9838709677419355,True,76,76,1.0,True,True,44,44,1.0,True,77,77,1.0,True,56,56,1.0,True,True
P15169,71,71,1.0,True,62,62,1.0,True,76,76,1.0,True,True,44,44,1.0,True,77,77,1.0,True,56,56,1.0,True,True
P15291,71,71,1.0,True,62,62,1.0,True,76,76,1.0,True,True,44,44,1.0,True,77,77,1.0,True,56,56,1.0,True,True
P15311,71,71,1.0,True,62,62,1.0,True,75,76,0.9868421052631579,True,True,44,44,1.0,True,76,77,0.987012987012987,True,55,56,0.9821428571428571,True,True
P15531,70,71,0.9859154929577465,True,61,62,0.9838709677419355,True,73,76,0.9605263157894737,True,True,43,44,0.9772727272727273,True,77,77,1.0,True,55,56,0.9821428571428571,True,True
P15814,53,71,0.7464788732394366,True,53,62,0.8548387096774194,True,63,76,0.8289473684210527,True,True,38,44,0.8636363636363636,True,67,77,0.8701298701298701,True,45,56,0.8035714285714286,True,True
P15907,71,71,1.0,True,62,62,1.0,True,76,76,1.0,True,True,44,44,1.0,True,77,77,1.0,True,56,56,1.0,True,True
P15924,71,71,1.0,True,62,62,1.0,True,76,76,1.0,True,True,44,44,1.0,True,77,77,1.0,True,56,56,1.0,True,True
P15941,71,71,1.0,True,62,62,1.0,True,76,76,1.0,True,True,44,44,1.0,True,76,77,0.987012987012987,True,56,56,1.0,True,True
P16035,63,71,0.8873239436619719,True,58,62,0.9354838709677419,True,66,76,0.868421052631579,True,True,29,44,0.6590909090909091,False,69,77,0.8961038961038961,True,47,56,0.8392857142857143,True,False
P16070,71,71,1.0,True,62,62,1.0,True,76,76,1.0,True,True,44,44,1.0,True,77,77,1.0,True,56,56,1.0,True,True
P16109,57,71,0.8028169014084507,True,57,62,0.9193548387096774,True,65,76,0.8552631578947368,True,True,37,44,0.8409090909090909,True,68,77,0.8831168831168831,True,51,56,0.9107142857142857,True,True
P16112,71,71,1.0,True,62,62,1.0,True,76,76,1.0,True,True,44,44,1.0,True,77,77,1.0,True,56,56,1.0,True,True
P16150,71,71,1.0,True,62,62,1.0,True,76,76,1.0,True,True,44,44,1.0,True,77,77,1.0,True,56,56,1.0,True,True
P16152,56,71,0.7887323943661971,True,56,62,0.9032258064516129,True,60,76,0.7894736842105263,True,True,38,44,0.8636363636363636,True,64,77,0.8311688311688312,True,48,56,0.8571428571428571,True,True
P16157,71,71,1.0,True,62,62,1.0,True,76,76,1.0,True,True,44,44,1.0,True,77,77,1.0,True,56,56,1.0,True,True
P16284,71,71,1.0,True,62,62,1.0,True,75,76,0.9868421052631579,True,True,44,44,1.0,True,77,77,1.0,True,56,56,1.0,True,True
P16401,67,71,0.9436619718309859,True,62,62,1.0,True,74,76,0.9736842105263158,True,True,44,44,1.0,True,77,77,1.0,True,56,56,1.0,True,True
P16452,71,71,1.0,True,62,62,1.0,True,74,76,0.9736842105263158,True,True,44,44,1.0,True,77,77,1.0,True,55,56,0.9821428571428571,True,True
P16671,69,71,0.971830985915493,True,62,62,1.0,True,74,76,0.9736842105263158,True,True,44,44,1.0,True,77,77,1.0,True,56,56,1.0,True,True
P16871,71,71,1.0,True,62,62,1.0,True,76,76,1.0,True,True,44,44,1.0,True,77,77,1.0,True,56,56,1.0,True,True
P16949,69,71,0.971830985915493,True,62,62,1.0,True,70,76,0.9210526315789473,True,True,41,44,0.9318181818181818,True,70,77,0.9090909090909091,True,47,56,0.8392857142857143,True,True
P17301,71,71,1.0,True,62,62,1.0,True,76,76,1.0,True,True,44,44,1.0,True,77,77,1.0,True,56,56,1.0,True,True
P17655,71,71,1.0,True,62,62,1.0,True,75,76,0.9868421052631579,True,True,44,44,1.0,True,77,77,1.0,True,56,56,1.0,True,True
P17844,69,71,0.971830985915493,True,59,62,0.9516129032258065,True,74,76,0.9736842105263158,True,True,40,44,0.9090909090909091,True,73,77,0.948051948051948,True,46,56,0.8214285714285714,True,True
P17858,62,71,0.8732394366197183,True,58,62,0.9354838709677419,True,63,76,0.8289473684210527,True,True,43,44,0.9772727272727273,True,71,77,0.922077922077922,True,53,56,0.9464285714285714,True,True
P17900,55,71,0.7746478873239436,True,50,62,0.8064516129032258,True,65,76,0.8552631578947368,True,True,40,44,0.9090909090909091,True,75,77,0.974025974025974,True,50,56,0.8928571428571429,True,True
P17927,70,71,0.9859154929577465,True,61,62,0.9838709677419355,True,69,76,0.9078947368421053,True,True,42,44,0.9545454545454546,True,75,77,0.974025974025974,True,52,56,0.9285714285714286,True,True
P17931,49,71,0.6901408450704225,False,49,62,0.7903225806451613,True,56,76,0.7368421052631579,True,False,36,44,0.8181818181818182,True,69,77,0.8961038961038961,True,42,56,0.75,True,True
P17936,71,71,1.0,True,62,62,1.0,True,76,76,1.0,True,True,44,44,1.0,True,77,77,1.0,True,56,56,1.0,True,True
P17980,67,71,0.9436619718309859,True,59,62,0.9516129032258065,True,70,76,0.9210526315789473,True,True,44,44,1.0,True,73,77,0.948051948051948,True,52,56,0.9285714285714286,True,True
P17987,65,71,0.9154929577464789,True,57,62,0.9193548387096774,True,67,76,0.881578947368421,True,True,43,44,0.9772727272727273,True,73,77,0.948051948051948,True,55,56,0.9821428571428571,True,True
P18065,71,71,1.0,True,62,62,1.0,True,76,76,1.0,True,True,43,44,0.9772727272727273,True,75,77,0.974025974025974,True,55,56,0.9821428571428571,True,True
P18085,55,71,0.7746478873239436,True,48,62,0.7741935483870968,True,55,76,0.7236842105263158,True,True,40,44,0.9090909090909091,True,66,77,0.8571428571428571,True,47,56,0.8392857142857143,True,True
P18124,58,71,0.8169014084507042,True,53,62,0.8548387096774194,True,55,76,0.7236842105263158,True,True,37,44,0.8409090909090909,True,62,77,0.8051948051948052,True,42,56,0.75,True,True
P18206,71,71,1.0,True,62,62,1.0,True,76,76,1.0,True,True,44,44,1.0,True,77,77,1.0,True,56,56,1.0,True,True
P18428,71,71,1.0,True,62,62,1.0,True,76,76,1.0,True,True,44,44,1.0,True,77,77,1.0,True,56,56,1.0,True,True
P18564,70,71,0.9859154929577465,True,58,62,0.9354838709677419,True,71,76,0.9342105263157895,True,True,44,44,1.0,True,76,77,0.987012987012987,True,54,56,0.9642857142857143,True,True
P18577,69,71,0.971830985915493,True,61,62,0.9838709677419355,True,73,76,0.9605263157894737,True,True,43,44,0.9772727272727273,True,76,77,0.987012987012987,True,54,56,0.9642857142857143,True,True
P18669,70,71,0.9859154929577465,True,60,62,0.967741935483871,True,68,76,0.8947368421052632,True,True,43,44,0.9772727272727273,True,67,77,0.8701298701298701,True,48,56,0.8571428571428571,True,True
P18827,71,71,1.0,True,62,62,1.0,True,74,76,0.9736842105263158,True,True,44,44,1.0,True,77,77,1.0,True,56,56,1.0,True,True
P19013,71,71,1.0,True,62,62,1.0,True,76,76,1.0,True,True,44,44,1.0,True,77,77,1.0,True,56,56,1.0,True,True
P19021,71,71,1.0,True,62,62,1.0,True,76,76,1.0,True,True,44,44,1.0,True,77,77,1.0,True,56,56,1.0,True,True
P19022,71,71,1.0,True,62,62,1.0,True,76,76,1.0,True,True,44,44,1.0,True,77,77,1.0,True,56,56,1.0,True,True
P19256,67,71,0.9436619718309859,True,60,62,0.967741935483871,True,73,76,0.9605263157894737,True,True,41,44,0.9318181818181818,True,70,77,0.9090909090909091,True,50,56,0.8928571428571429,True,True
P19320,71,71,1.0,True,62,62,1.0,True,76,76,1.0,True,True,44,44,1.0,True,77,77,1.0,True,56,56,1.0,True,True
P19338,70,71,0.9859154929577465,True,60,62,0.967741935483871,True,71,76,0.9342105263157895,True,True,42,44,0.9545454545454546,True,74,77,0.961038961038961,True,55,56,0.9821428571428571,True,True
P19652,71,71,1.0,True,62,62,1.0,True,76,76,1.0,True,True,44,44,1.0,True,77,77,1.0,True,56,56,1.0,True,True
P19823,71,71,1.0,True,62,62,1.0,True,76,76,1.0,True,True,44,44,1.0,True,77,77,1.0,True,56,56,1.0,True,True
P19827,71,71,1.0,True,62,62,1.0,True,76,76,1.0,True,True,44,44,1.0,True,77,77,1.0,True,56,56,1.0,True,True
P19971,71,71,1.0,True,62,62,1.0,True,72,76,0.9473684210526315,True,True,43,44,0.9772727272727273,True,77,77,1.0,True,53,56,0.9464285714285714,True,True
P20062,71,71,1.0,True,61,62,0.9838709677419355,True,73,76,0.9605263157894737,True,True,37,44,0.8409090909090909,True,74,77,0.961038961038961,True,53,56,0.9464285714285714,True,True
P20073,61,71,0.8591549295774648,True,56,62,0.9032258064516129,True,61,76,0.8026315789473685,True,True,38,44,0.8636363636363636,True,69,77,0.8961038961038961,True,52,56,0.9285714285714286,True,True
P20339,71,71,1.0,True,61,62,0.9838709677419355,True,75,76,0.9868421052631579,True,True,44,44,1.0,True,77,77,1.0,True,56,56,1.0,True,True
P20618,65,71,0.9154929577464789,True,54,62,0.8709677419354839,True,64,76,0.8421052631578947,True,True,41,44,0.9318181818181818,True,67,77,0.8701298701298701,True,49,56,0.875,True,True
P20701,71,71,1.0,True,62,62,1.0,True,76,76,1.0,True,True,44,44,1.0,True,77,77,1.0,True,56,56,1.0,True,True
P20774,71,71,1.0,True,62,62,1.0,True,76,76,1.0,True,True,44,44,1.0,True,74,77,0.961038961038961,True,55,56,0.9821428571428571,True,True
P20810,62,71,0.8732394366197183,True,51,62,0.8225806451612904,True,52,76,0.6842105263157895,False,False,40,44,0.9090909090909091,True,69,77,0.8961038961038961,True,48,56,0.8571428571428571,True,True
P20851,70,71,0.9859154929577465,True,62,62,1.0,True,73,76,0.9605263157894737,True,True,44,44,1.0,True,77,77,1.0,True,56,56,1.0,True,True
P20908,66,71,0.9295774647887324,True,61,62,0.9838709677419355,True,70,76,0.9210526315789473,True,True,43,44,0.9772727272727273,True,75,77,0.974025974025974,True,51,56,0.9107142857142857,True,True
P20930,70,71,0.9859154929577465,True,62,62,1.0,True,73,76,0.9605263157894737,True,True,44,44,1.0,True,75,77,0.974025974025974,True,54,56,0.9642857142857143,True,True
P21281,52,71,0.7323943661971831,True,45,62,0.7258064516129032,True,53,76,0.6973684210526315,False,False,37,44,0.8409090909090909,True,66,77,0.8571428571428571,True,43,56,0.7678571428571429,True,True
P21291,70,71,0.9859154929577465,True,62,62,1.0,True,74,76,0.9736842105263158,True,True,43,44,0.9772727272727273,True,76,77,0.987012987012987,True,56,56,1.0,True,True
P21333,71,71,1.0,True,62,62,1.0,True,76,76,1.0,True,True,44,44,1.0,True,77,77,1.0,True,56,56,1.0,True,True
P21439,59,71,0.8309859154929577,True,54,62,0.8709677419354839,True,55,76,0.7236842105263158,True,True,42,44,0.9545454545454546,True,65,77,0.8441558441558441,True,48,56,0.8571428571428571,True,True
P21589,55,71,0.7746478873239436,True,54,62,0.8709677419354839,True,56,76,0.7368421052631579,True,True,40,44,0.9090909090909091,True,76,77,0.987012987012987,True,50,56,0.8928571428571429,True,True
P21730,58,71,0.8169014084507042,True,53,62,0.8548387096774194,True,61,76,0.8026315789473685,True,True,37,44,0.8409090909090909,True,63,77,0.8181818181818182,True,39,56,0.6964285714285714,False,False
P21810,71,71,1.0,True,62,62,1.0,True,76,76,1.0,True,True,44,44,1.0,True,77,77,1.0,True,56,56,1.0,True,True
P21926,71,71,1.0,True,62,62,1.0,True,75,76,0.9868421052631579,True,True,44,44,1.0,True,76,77,0.987012987012987,True,54,56,0.9642857142857143,True,True
P21980,60,71,0.8450704225352113,True,53,62,0.8548387096774194,True,61,76,0.8026315789473685,True,True,41,44,0.9318181818181818,True,73,77,0.948051948051948,True,55,56,0.9821428571428571,True,True
P22061,71,71,1.0,True,62,62,1.0,True,76,76,1.0,True,True,44,44,1.0,True,77,77,1.0,True,56,56,1.0,True,True
P22105,71,71,1.0,True,62,62,1.0,True,76,76,1.0,True,True,44,44,1.0,True,77,77,1.0,True,56,56,1.0,True,True
P22223,56,71,0.7887323943661971,True,57,62,0.9193548387096774,True,68,76,0.8947368421052632,True,True,37,44,0.8409090909090909,True,66,77,0.8571428571428571,True,46,56,0.8214285714285714,True,True
P22234,58,71,0.8169014084507042,True,49,62,0.7903225806451613,True,59,76,0.7763157894736842,True,True,40,44,0.9090909090909091,True,65,77,0.8441558441558441,True,48,56,0.8571428571428571,True,True
P22304,71,71,1.0,True,62,62,1.0,True,76,76,1.0,True,True,44,44,1.0,True,77,77,1.0,True,56,56,1.0,True,True
P22314,69,71,0.971830985915493,True,59,62,0.9516129032258065,True,70,76,0.9210526315789473,True,True,43,44,0.9772727272727273,True,74,77,0.961038961038961,True,55,56,0.9821428571428571,True,True
P22352,71,71,1.0,True,62,62,1.0,True,76,76,1.0,True,True,44,44,1.0,True,77,77,1.0,True,56,56,1.0,True,True
P22392,53,71,0.7464788732394366,True,52,62,0.8387096774193549,True,55,76,0.7236842105263158,True,True,40,44,0.9090909090909091,True,70,77,0.9090909090909091,True,52,56,0.9285714285714286,True,True
P22466,47,71,0.6619718309859155,False,43,62,0.6935483870967742,False,60,76,0.7894736842105263,True,False,44,44,1.0,True,77,77,1.0,True,56,56,1.0,True,True
P22607,68,71,0.9577464788732394,True,59,62,0.9516129032258065,True,66,76,0.868421052631579,True,True,38,44,0.8636363636363636,True,53,77,0.6883116883116883,False,37,56,0.6607142857142857,False,False
P22626,60,71,0.8450704225352113,True,54,62,0.8709677419354839,True,65,76,0.8552631578947368,True,True,38,44,0.8636363636363636,True,60,77,0.7792207792207793,True,46,56,0.8214285714285714,True,True
P22692,71,71,1.0,True,61,62,0.9838709677419355,True,75,76,0.9868421052631579,True,True,44,44,1.0,True,77,77,1.0,True,54,56,0.9642857142857143,True,True
P22694,50,71,0.704225352112676,True,47,62,0.7580645161290323,True,55,76,0.7236842105263158,True,True,41,44,0.9318181818181818,True,65,77,0.8441558441558441,True,41,56,0.7321428571428571,True,True
P22735,68,71,0.9577464788732394,True,58,62,0.9354838709677419,True,70,76,0.9210526315789473,True,True,37,44,0.8409090909090909,True,67,77,0.8701298701298701,True,42,56,0.75,True,True
P22792,71,71,1.0,True,62,62,1.0,True,76,76,1.0,True,True,44,44,1.0,True,77,77,1.0,True,56,56,1.0,True,True
P22891,71,71,1.0,True,62,62,1.0,True,76,76,1.0,True,True,44,44,1.0,True,77,77,1.0,True,56,56,1.0,True,True
P23141,69,71,0.971830985915493,True,62,62,1.0,True,76,76,1.0,True,True,44,44,1.0,True,74,77,0.961038961038961,True,49,56,0.875,True,True
P23142,71,71,1.0,True,62,62,1.0,True,76,76,1.0,True,True,44,44,1.0,True,77,77,1.0,True,56,56,1.0,True,True
P23229,71,71,1.0,True,62,62,1.0,True,76,76,1.0,True,True,44,44,1.0,True,77,77,1.0,True,56,56,1.0,True,True
P23280,52,71,0.7323943661971831,True,54,62,0.8709677419354839,True,62,76,0.8157894736842105,True,True,34,44,0.7727272727272727,True,64,77,0.8311688311688312,True,39,56,0.6964285714285714,False,False
P23284,71,71,1.0,True,62,62,1.0,True,76,76,1.0,True,True,44,44,1.0,True,77,77,1.0,True,56,56,1.0,True,True
P23327,70,71,0.9859154929577465,True,60,62,0.967741935483871,True,72,76,0.9473684210526315,True,True,44,44,1.0,True,75,77,0.974025974025974,True,50,56,0.8928571428571429,True,True
P23381,64,71,0.9014084507042254,True,56,62,0.9032258064516129,True,72,76,0.9473684210526315,True,True,44,44,1.0,True,75,77,0.974025974025974,True,54,56,0.9642857142857143,True,True
P23467,71,71,1.0,True,62,62,1.0,True,76,76,1.0,True,True,44,44,1.0,True,77,77,1.0,True,56,56,1.0,True,True
P23470,71,71,1.0,True,62,62,1.0,True,76,76,1.0,True,True,44,44,1.0,True,77,77,1.0,True,56,56,1.0,True,True
P23471,71,71,1.0,True,62,62,1.0,True,76,76,1.0,True,True,44,44,1.0,True,77,77,1.0,True,56,56,1.0,True,True
P23526,69,71,0.971830985915493,True,58,62,0.9354838709677419,True,65,76,0.8552631578947368,True,True,42,44,0.9545454545454546,True,74,77,0.961038961038961,True,50,56,0.8928571428571429,True,True
P23528,71,71,1.0,True,62,62,1.0,True,76,76,1.0,True,True,44,44,1.0,True,77,77,1.0,True,56,56,1.0,True,True
P23588,61,71,0.8591549295774648,True,48,62,0.7741935483870968,True,54,76,0.7105263157894737,True,True,32,44,0.7272727272727273,True,56,77,0.7272727272727273,True,43,56,0.7678571428571429,True,True
P23634,67,71,0.9436619718309859,True,59,62,0.9516129032258065,True,71,76,0.9342105263157895,True,True,43,44,0.9772727272727273,True,75,77,0.974025974025974,True,54,56,0.9642857142857143,True,True
P24043,69,71,0.971830985915493,True,61,62,0.9838709677419355,True,72,76,0.9473684210526315,True,True,44,44,1.0,True,76,77,0.987012987012987,True,51,56,0.9107142857142857,True,True
P24158,54,71,0.7605633802816901,True,49,62,0.7903225806451613,True,57,76,0.75,True,True,32,44,0.7272727272727273,True,53,77,0.6883116883116883,False,45,56,0.8035714285714286,True,False
P24592,71,71,1.0,True,62,62,1.0,True,76,76,1.0,True,True,44,44,1.0,True,77,77,1.0,True,55,56,0.9821428571428571,True,True
P24593,71,71,1.0,True,62,62,1.0,True,76,76,1.0,True,True,44,44,1.0,True,77,77,1.0,True,56,56,1.0,True,True
P24666,62,71,0.8732394366197183,True,53,62,0.8548387096774194,True,60,76,0.7894736842105263,True,True,36,44,0.8181818181818182,True,59,77,0.7662337662337663,True,47,56,0.8392857142857143,True,True
P24821,71,71,1.0,True,62,62,1.0,True,76,76,1.0,True,True,44,44,1.0,True,77,77,1.0,True,56,56,1.0,True,True
P24844,67,71,0.9436619718309859,True,59,62,0.9516129032258065,True,69,76,0.9078947368421053,True,True,41,44,0.9318181818181818,True,64,77,0.8311688311688312,True,52,56,0.9285714285714286,True,True
P25311,71,71,1.0,True,62,62,1.0,True,76,76,1.0,True,True,44,44,1.0,True,77,77,1.0,True,56,56,1.0,True,True
P25705,67,71,0.9436619718309859,True,57,62,0.9193548387096774,True,63,76,0.8289473684210527,True,True,41,44,0.9318181818181818,True,69,77,0.8961038961038961,True,50,56,0.8928571428571429,True,True
P25774,63,71,0.8873239436619719,True,58,62,0.9354838709677419,True,66,76,0.868421052631579,True,True,35,44,0.7954545454545454,True,62,77,0.8051948051948052,True,46,56,0.8214285714285714,True,True
P25786,70,71,0.9859154929577465,True,59,62,0.9516129032258065,True,74,76,0.9736842105263158,True,True,43,44,0.9772727272727273,True,76,77,0.987012987012987,True,56,56,1.0,True,True
P25787,59,71,0.8309859154929577,True,55,62,0.8870967741935484,True,68,76,0.8947368421052632,True,True,42,44,0.9545454545454546,True,65,77,0.8441558441558441,True,51,56,0.9107142857142857,True,True
P25788,68,71,0.9577464788732394,True,60,62,0.967741935483871,True,69,76,0.9078947368421053,True,True,42,44,0.9545454545454546,True,69,77,0.8961038961038961,True,48,56,0.8571428571428571,True,True
P25789,67,71,0.9436619718309859,True,59,62,0.9516129032258065,True,69,76,0.9078947368421053,True,True,43,44,0.9772727272727273,True,74,77,0.961038961038961,True,49,56,0.875,True,True
P25815,58,71,0.8169014084507042,True,50,62,0.8064516129032258,True,63,76,0.8289473684210527,True,True,33,44,0.75,True,52,77,0.6753246753246753,False,33,56,0.5892857142857143,False,False
P26022,71,71,1.0,True,62,62,1.0,True,76,76,1.0,True,True,44,44,1.0,True,77,77,1.0,True,56,56,1.0,True,True
P26038,71,71,1.0,True,62,62,1.0,True,76,76,1.0,True,True,44,44,1.0,True,77,77,1.0,True,56,56,1.0,True,True
P26373,50,71,0.704225352112676,True,44,62,0.7096774193548387,True,58,76,0.7631578947368421,True,True,39,44,0.8863636363636364,True,65,77,0.8441558441558441,True,35,56,0.625,False,False
P26447,71,71,1.0,True,62,62,1.0,True,76,76,1.0,True,True,44,44,1.0,True,77,77,1.0,True,56,56,1.0,True,True
P26572,71,71,1.0,True,61,62,0.9838709677419355,True,76,76,1.0,True,True,44,44,1.0,True,77,77,1.0,True,56,56,1.0,True,True
P26583,63,71,0.8873239436619719,True,55,62,0.8870967741935484,True,66,76,0.868421052631579,True,True,38,44,0.8636363636363636,True,64,77,0.8311688311688312,True,45,56,0.8035714285714286,True,True
P26599,52,71,0.7323943661971831,True,52,62,0.8387096774193549,True,52,76,0.6842105263157895,False,False,37,44,0.8409090909090909,True,56,77,0.7272727272727273,True,43,56,0.7678571428571429,True,True
P26641,65,71,0.9154929577464789,True,59,62,0.9516129032258065,True,68,76,0.8947368421052632,True,True,41,44,0.9318181818181818,True,74,77,0.961038961038961,True,53,56,0.9464285714285714,True,True
P26927,70,71,0.9859154929577465,True,60,62,0.967741935483871,True,76,76,1.0,True,True,41,44,0.9318181818181818,True,75,77,0.974025974025974,True,53,56,0.9464285714285714,True,True
P27105,71,71,1.0,True,62,62,1.0,True,76,76,1.0,True,True,44,44,1.0,True,77,77,1.0,True,56,56,1.0,True,True
P27169,71,71,1.0,True,62,62,1.0,True,76,76,1.0,True,True,44,44,1.0,True,77,77,1.0,True,56,56,1.0,True,True
P27348,64,71,0.9014084507042254,True,58,62,0.9354838709677419,True,59,76,0.7763157894736842,True,True,41,44,0.9318181818181818,True,73,77,0.948051948051948,True,53,56,0.9464285714285714,True,True
P27482,71,71,1.0,True,61,62,0.9838709677419355,True,76,76,1.0,True,True,44,44,1.0,True,77,77,1.0,True,56,56,1.0,True,True
P27797,71,71,1.0,True,62,62,1.0,True,76,76,1.0,True,True,44,44,1.0,True,77,77,1.0,True,56,56,1.0,True,True
P27824,71,71,1.0,True,62,62,1.0,True,76,76,1.0,True,True,44,44,1.0,True,77,77,1.0,True,56,56,1.0,True,True
P28066,66,71,0.9295774647887324,True,58,62,0.9354838709677419,True,67,76,0.881578947368421,True,True,40,44,0.9090909090909091,True,71,77,0.922077922077922,True,52,56,0.9285714285714286,True,True
P28070,57,71,0.8028169014084507,True,50,62,0.8064516129032258,True,56,76,0.7368421052631579,True,True,37,44,0.8409090909090909,True,54,77,0.7012987012987013,True,43,56,0.7678571428571429,True,True
P28072,69,71,0.971830985915493,True,56,62,0.9032258064516129,True,72,76,0.9473684210526315,True,True,39,44,0.8863636363636364,True,69,77,0.8961038961038961,True,50,56,0.8928571428571429,True,True
P28074,64,71,0.9014084507042254,True,53,62,0.8548387096774194,True,67,76,0.881578947368421,True,True,36,44,0.8181818181818182,True,56,77,0.7272727272727273,True,44,56,0.7857142857142857,True,True
P28289,56,71,0.7887323943661971,True,47,62,0.7580645161290323,True,55,76,0.7236842105263158,True,True,35,44,0.7954545454545454,True,57,77,0.7402597402597403,True,41,56,0.7321428571428571,True,True
P28300,52,71,0.7323943661971831,True,49,62,0.7903225806451613,True,59,76,0.7763157894736842,True,True,39,44,0.8863636363636364,True,64,77,0.8311688311688312,True,46,56,0.8214285714285714,True,True
P28482,70,71,0.9859154929577465,True,62,62,1.0,True,74,76,0.9736842105263158,True,True,41,44,0.9318181818181818,True,77,77,1.0,True,55,56,0.9821428571428571,True,True
P28676,61,71,0.8591549295774648,True,58,62,0.9354838709677419,True,70,76,0.9210526315789473,True,True,42,44,0.9545454545454546,True,68,77,0.8831168831168831,True,47,56,0.8392857142857143,True,True
P28838,61,71,0.8591549295774648,True,55,62,0.8870967741935484,True,64,76,0.8421052631578947,True,True,37,44,0.8409090909090909,True,71,77,0.922077922077922,True,50,56,0.8928571428571429,True,True
P28906,71,71,1.0,True,61,62,0.9838709677419355,True,75,76,0.9868421052631579,True,True,44,44,1.0,True,77,77,1.0,True,56,56,1.0,True,True
P29122,64,71,0.9014084507042254,True,61,62,0.9838709677419355,True,73,76,0.9605263157894737,True,True,44,44,1.0,True,77,77,1.0,True,56,56,1.0,True,True
P29144,56,71,0.7887323943661971,True,48,62,0.7741935483870968,True,58,76,0.7631578947368421,True,True,42,44,0.9545454545454546,True,63,77,0.8181818181818182,True,43,56,0.7678571428571429,True,True
P29279,56,71,0.7887323943661971,True,51,62,0.8225806451612904,True,52,76,0.6842105263157895,False,False,41,44,0.9318181818181818,True,68,77,0.8831168831168831,True,48,56,0.8571428571428571,True,True
P29350,67,71,0.9436619718309859,True,58,62,0.9354838709677419,True,67,76,0.881578947368421,True,True,41,44,0.9318181818181818,True,76,77,0.987012987012987,True,51,56,0.9107142857142857,True,True
P29401,65,71,0.9154929577464789,True,56,62,0.9032258064516129,True,70,76,0.9210526315789473,True,True,38,44,0.8636363636363636,True,72,77,0.935064935064935,True,46,56,0.8214285714285714,True,True
P29508,67,71,0.9436619718309859,True,56,62,0.9032258064516129,True,71,76,0.9342105263157895,True,True,34,44,0.7727272727272727,True,65,77,0.8441558441558441,True,46,56,0.8214285714285714,True,True
P29622,71,71,1.0,True,62,62,1.0,True,76,76,1.0,True,True,44,44,1.0,True,77,77,1.0,True,56,56,1.0,True,True
P29966,66,71,0.9295774647887324,True,57,62,0.9193548387096774,True,73,76,0.9605263157894737,True,True,43,44,0.9772727272727273,True,77,77,1.0,True,55,56,0.9821428571428571,True,True
P29992,64,71,0.9014084507042254,True,56,62,0.9032258064516129,True,72,76,0.9473684210526315,True,True,43,44,0.9772727272727273,True,77,77,1.0,True,55,56,0.9821428571428571,True,True
P30040,55,71,0.7746478873239436,True,51,62,0.8225806451612904,True,64,76,0.8421052631578947,True,True,36,44,0.8181818181818182,True,59,77,0.7662337662337663,True,42,56,0.75,True,True
P30041,71,71,1.0,True,62,62,1.0,True,76,76,1.0,True,True,44,44,1.0,True,77,77,1.0,True,56,56,1.0,True,True
P30043,71,71,1.0,True,62,62,1.0,True,76,76,1.0,True,True,44,44,1.0,True,77,77,1.0,True,56,56,1.0,True,True
P30044,59,71,0.8309859154929577,True,55,62,0.8870967741935484,True,71,76,0.9342105263157895,True,True,41,44,0.9318181818181818,True,74,77,0.961038961038961,True,52,56,0.9285714285714286,True,True
P30048,58,71,0.8169014084507042,True,49,62,0.7903225806451613,True,55,76,0.7236842105263158,True,True,39,44,0.8863636363636364,True,65,77,0.8441558441558441,True,47,56,0.8392857142857143,True,True
P30050,51,71,0.7183098591549296,True,50,62,0.8064516129032258,True,52,76,0.6842105263157895,False,False,39,44,0.8863636363636364,True,66,77,0.8571428571428571,True,42,56,0.75,True,True
P30086,69,71,0.971830985915493,True,59,62,0.9516129032258065,True,71,76,0.9342105263157895,True,True,41,44,0.9318181818181818,True,73,77,0.948051948051948,True,51,56,0.9107142857142857,True,True
P30101,71,71,1.0,True,62,62,1.0,True,76,76,1.0,True,True,44,44,1.0,True,77,77,1.0,True,56,56,1.0,True,True
P30153,69,71,0.971830985915493,True,60,62,0.967741935483871,True,72,76,0.9473684210526315,True,True,43,44,0.9772727272727273,True,76,77,0.987012987012987,True,54,56,0.9642857142857143,True,True
P30273,65,71,0.9154929577464789,True,56,62,0.9032258064516129,True,71,76,0.9342105263157895,True,True,43,44,0.9772727272727273,True,77,77,1.0,True,54,56,0.9642857142857143,True,True
P30613,70,71,0.9859154929577465,True,62,62,1.0,True,75,76,0.9868421052631579,True,True,44,44,1.0,True,77,77,1.0,True,55,56,0.9821428571428571,True,True
P30626,58,71,0.8169014084507042,True,47,62,0.7580645161290323,True,45,76,0.5921052631578947,False,False,40,44,0.9090909090909091,True,70,77,0.9090909090909091,True,48,56,0.8571428571428571,True,True
P30740,69,71,0.971830985915493,True,59,62,0.9516129032258065,True,74,76,0.9736842105263158,True,True,43,44,0.9772727272727273,True,74,77,0.961038961038961,True,55,56,0.9821428571428571,True,True
P30990,67,71,0.9436619718309859,True,62,62,1.0,True,73,76,0.9605263157894737,True,True,40,44,0.9090909090909091,True,76,77,0.987012987012987,True,54,56,0.9642857142857143,True,True
P31025,66,71,0.9295774647887324,True,50,62,0.8064516129032258,True,66,76,0.868421052631579,True,True,31,44,0.7045454545454546,True,59,77,0.7662337662337663,True,40,56,0.7142857142857143,True,True
P31146,71,71,1.0,True,61,62,0.9838709677419355,True,75,76,0.9868421052631579,True,True,44,44,1.0,True,77,77,1.0,True,56,56,1.0,True,True
P31151,71,71,1.0,True,61,62,0.9838709677419355,True,74,76,0.9736842105263158,True,True,40,44,0.9090909090909091,True,64,77,0.8311688311688312,True,45,56,0.8035714285714286,True,True
P31327,64,71,0.9014084507042254,True,56,62,0.9032258064516129,True,65,76,0.8552631578947368,True,True,43,44,0.9772727272727273,True,75,77,0.974025974025974,True,52,56,0.9285714285714286,True,True
P31431,71,71,1.0,True,62,62,1.0,True,76,76,1.0,True,True,44,44,1.0,True,77,77,1.0,True,56,56,1.0,True,True
P31939,62,71,0.8732394366197183,True,55,62,0.8870967741935484,True,63,76,0.8289473684210527,True,True,40,44,0.9090909090909091,True,68,77,0.8831168831168831,True,53,56,0.9464285714285714,True,True
P31944,71,71,1.0,True,62,62,1.0,True,74,76,0.9736842105263158,True,True,43,44,0.9772727272727273,True,71,77,0.922077922077922,True,48,56,0.8571428571428571,True,True
P31946,71,71,1.0,True,62,62,1.0,True,76,76,1.0,True,True,44,44,1.0,True,77,77,1.0,True,56,56,1.0,True,True
P31948,71,71,1.0,True,60,62,0.967741935483871,True,73,76,0.9605263157894737,True,True,44,44,1.0,True,76,77,0.987012987012987,True,56,56,1.0,True,True
P31949,70,71,0.9859154929577465,True,59,62,0.9516129032258065,True,73,76,0.9605263157894737,True,True,43,44,0.9772727272727273,True,75,77,0.974025974025974,True,54,56,0.9642857142857143,True,True
P32004,67,71,0.9436619718309859,True,61,62,0.9838709677419355,True,74,76,0.9736842105263158,True,True,44,44,1.0,True,68,77,0.8831168831168831,True,46,56,0.8214285714285714,True,True
P32119,71,71,1.0,True,62,62,1.0,True,76,76,1.0,True,True,44,44,1.0,True,77,77,1.0,True,56,56,1.0,True,True
P32942,71,71,1.0,True,62,62,1.0,True,76,76,1.0,True,True,44,44,1.0,True,77,77,1.0,True,56,56,1.0,True,True
P33151,71,71,1.0,True,62,62,1.0,True,76,76,1.0,True,True,44,44,1.0,True,77,77,1.0,True,56,56,1.0,True,True
P33908,71,71,1.0,True,62,62,1.0,True,76,76,1.0,True,True,44,44,1.0,True,77,77,1.0,True,56,56,1.0,True,True
P34932,68,71,0.9577464788732394,True,58,62,0.9354838709677419,True,70,76,0.9210526315789473,True,True,41,44,0.9318181818181818,True,70,77,0.9090909090909091,True,51,56,0.9107142857142857,True,True
P35030,71,71,1.0,True,62,62,1.0,True,76,76,1.0,True,True,44,44,1.0,True,77,77,1.0,True,56,56,1.0,True,True
P35052,71,71,1.0,True,62,62,1.0,True,76,76,1.0,True,True,44,44,1.0,True,77,77,1.0,True,56,56,1.0,True,True
P35241,71,71,1.0,True,62,62,1.0,True,76,76,1.0,True,True,44,44,1.0,True,77,77,1.0,True,56,56,1.0,True,True
P35251,54,71,0.7605633802816901,True,48,62,0.7741935483870968,True,58,76,0.7631578947368421,True,True,31,44,0.7045454545454546,True,60,77,0.7792207792207793,True,43,56,0.7678571428571429,True,True
P35268,58,71,0.8169014084507042,True,52,62,0.8387096774193549,True,60,76,0.7894736842105263,True,True,34,44,0.7727272727272727,True,62,77,0.8051948051948052,True,43,56,0.7678571428571429,True,True
P35442,71,71,1.0,True,62,62,1.0,True,76,76,1.0,True,True,44,44,1.0,True,77,77,1.0,True,56,56,1.0,True,True
P35443,71,71,1.0,True,62,62,1.0,True,76,76,1.0,True,True,44,44,1.0,True,77,77,1.0,True,56,56,1.0,True,True
P35527,71,71,1.0,True,62,62,1.0,True,76,76,1.0,True,True,44,44,1.0,True,77,77,1.0,True,56,56,1.0,True,True
P35542,71,71,1.0,True,62,62,1.0,True,76,76,1.0,True,True,44,44,1.0,True,77,77,1.0,True,56,56,1.0,True,True
P35555,69,71,0.971830985915493,True,61,62,0.9838709677419355,True,73,76,0.9605263157894737,True,True,42,44,0.9545454545454546,True,73,77,0.948051948051948,True,50,56,0.8928571428571429,True,True
P35579,71,71,1.0,True,62,62,1.0,True,76,76,1.0,True,True,44,44,1.0,True,77,77,1.0,True,56,56,1.0,True,True
P35611,66,71,0.9295774647887324,True,56,62,0.9032258064516129,True,66,76,0.868421052631579,True,True,41,44,0.9318181818181818,True,72,77,0.935064935064935,True,51,56,0.9107142857142857,True,True
P35612,64,71,0.9014084507042254,True,54,62,0.8709677419354839,True,66,76,0.868421052631579,True,True,40,44,0.9090909090909091,True,68,77,0.8831168831168831,True,52,56,0.9285714285714286,True,True
P35613,71,71,1.0,True,62,62,1.0,True,76,76,1.0,True,True,44,44,1.0,True,77,77,1.0,True,55,56,0.9821428571428571,True,True
P35625,68,71,0.9577464788732394,True,58,62,0.9354838709677419,True,75,76,0.9868421052631579,True,True,44,44,1.0,True,76,77,0.987012987012987,True,54,56,0.9642857142857143,True,True
P35749,54,71,0.7605633802816901,True,49,62,0.7903225806451613,True,54,76,0.7105263157894737,True,True,35,44,0.7954545454545454,True,60,77,0.7792207792207793,True,51,56,0.9107142857142857,True,True
P35813,55,71,0.7746478873239436,True,46,62,0.7419354838709677,True,61,76,0.8026315789473685,True,True,41,44,0.9318181818181818,True,66,77,0.8571428571428571,True,50,56,0.8928571428571429,True,True
P35858,71,71,1.0,True,62,62,1.0,True,76,76,1.0,True,True,44,44,1.0,True,77,77,1.0,True,56,56,1.0,True,True
P35908,71,71,1.0,True,62,62,1.0,True,76,76,1.0,True,True,44,44,1.0,True,77,77,1.0,True,56,56,1.0,True,True
P35916,71,71,1.0,True,62,62,1.0,True,76,76,1.0,True,True,44,44,1.0,True,77,77,1.0,True,56,56,1.0,True,True
P35998,70,71,0.9859154929577465,True,58,62,0.9354838709677419,True,68,76,0.8947368421052632,True,True,42,44,0.9545454545454546,True,74,77,0.961038961038961,True,53,56,0.9464285714285714,True,True
P36383,53,71,0.7464788732394366,True,50,62,0.8064516129032258,True,58,76,0.7631578947368421,True,True,39,44,0.8863636363636364,True,73,77,0.948051948051948,True,51,56,0.9107142857142857,True,True
P36578,65,71,0.9154929577464789,True,54,62,0.8709677419354839,True,69,76,0.9078947368421053,True,True,39,44,0.8863636363636364,True,60,77,0.7792207792207793,True,42,56,0.75,True,True
P36871,69,71,0.971830985915493,True,61,62,0.9838709677419355,True,74,76,0.9736842105263158,True,True,43,44,0.9772727272727273,True,73,77,0.948051948051948,True,54,56,0.9642857142857143,True,True
P36915,57,71,0.8028169014084507,True,46,62,0.7419354838709677,True,55,76,0.7236842105263158,True,True,34,44,0.7727272727272727,True,52,77,0.6753246753246753,False,41,56,0.7321428571428571,True,False
P36955,71,71,1.0,True,62,62,1.0,True,76,76,1.0,True,True,44,44,1.0,True,77,77,1.0,True,56,56,1.0,True,True
P36980,71,71,1.0,True,62,62,1.0,True,76,76,1.0,True,True,44,44,1.0,True,77,77,1.0,True,56,56,1.0,True,True
P37235,55,71,0.7746478873239436,True,50,62,0.8064516129032258,True,66,76,0.868421052631579,True,True,36,44,0.8181818181818182,True,69,77,0.8961038961038961,True,46,56,0.8214285714285714,True,True
P37802,71,71,1.0,True,61,62,0.9838709677419355,True,75,76,0.9868421052631579,True,True,44,44,1.0,True,77,77,1.0,True,56,56,1.0,True,True
P37837,71,71,1.0,True,62,62,1.0,True,76,76,1.0,True,True,43,44,0.9772727272727273,True,76,77,0.987012987012987,True,52,56,0.9285714285714286,True,True
P37840,71,71,1.0,True,62,62,1.0,True,75,76,0.9868421052631579,True,True,44,44,1.0,True,77,77,1.0,True,56,56,1.0,True,True
P38571,53,71,0.7464788732394366,True,52,62,0.8387096774193549,True,59,76,0.7763157894736842,True,True,40,44,0.9090909090909091,True,53,77,0.6883116883116883,False,42,56,0.75,True,False
P38606,58,71,0.8169014084507042,True,55,62,0.8870967741935484,True,62,76,0.8157894736842105,True,True,41,44,0.9318181818181818,True,72,77,0.935064935064935,True,49,56,0.875,True,True
P38646,51,71,0.7183098591549296,True,46,62,0.7419354838709677,True,54,76,0.7105263157894737,True,True,38,44,0.8636363636363636,True,71,77,0.922077922077922,True,47,56,0.8392857142857143,True,True
P39059,71,71,1.0,True,62,62,1.0,True,76,76,1.0,True,True,44,44,1.0,True,77,77,1.0,True,56,56,1.0,True,True
P39060,71,71,1.0,True,62,62,1.0,True,76,76,1.0,True,True,44,44,1.0,True,77,77,1.0,True,56,56,1.0,True,True
P39687,70,71,0.9859154929577465,True,61,62,0.9838709677419355,True,70,76,0.9210526315789473,True,True,43,44,0.9772727272727273,True,74,77,0.961038961038961,True,54,56,0.9642857142857143,True,True
P40121,55,71,0.7746478873239436,True,45,62,0.7258064516129032,True,59,76,0.7763157894736842,True,True,33,44,0.75,True,60,77,0.7792207792207793,True,34,56,0.6071428571428571,False,False
P40189,67,71,0.9436619718309859,True,60,62,0.967741935483871,True,73,76,0.9605263157894737,True,True,41,44,0.9318181818181818,True,72,77,0.935064935064935,True,49,56,0.875,True,True
P40197,71,71,1.0,True,62,62,1.0,True,76,76,1.0,True,True,44,44,1.0,True,77,77,1.0,True,56,56,1.0,True,True
P40227,64,71,0.9014084507042254,True,57,62,0.9193548387096774,True,63,76,0.8289473684210527,True,True,43,44,0.9772727272727273,True,74,77,0.961038961038961,True,54,56,0.9642857142857143,True,True
P40925,68,71,0.9577464788732394,True,58,62,0.9354838709677419,True,73,76,0.9605263157894737,True,True,43,44,0.9772727272727273,True,70,77,0.9090909090909091,True,55,56,0.9821428571428571,True,True
P40926,61,71,0.8591549295774648,True,53,62,0.8548387096774194,True,61,76,0.8026315789473685,True,True,41,44,0.9318181818181818,True,67,77,0.8701298701298701,True,51,56,0.9107142857142857,True,True
P40967,71,71,1.0,True,62,62,1.0,True,76,76,1.0,True,True,44,44,1.0,True,77,77,1.0,True,56,56,1.0,True,True
P41091,54,71,0.7605633802816901,True,43,62,0.6935483870967742,False,48,76,0.631578947368421,False,False,34,44,0.7727272727272727,True,64,77,0.8311688311688312,True,46,56,0.8214285714285714,True,True
P41218,61,71,0.8591549295774648,True,54,62,0.8709677419354839,True,64,76,0.8421052631578947,True,True,42,44,0.9545454545454546,True,69,77,0.8961038961038961,True,52,56,0.9285714285714286,True,True
P41222,71,71,1.0,True,62,62,1.0,True,76,76,1.0,True,True,44,44,1.0,True,77,77,1.0,True,56,56,1.0,True,True
P42025,48,71,0.676056338028169,False,45,62,0.7258064516129032,True,56,76,0.7368421052631579,True,False,41,44,0.9318181818181818,True,70,77,0.9090909090909091,True,48,56,0.8571428571428571,True,True
P42357,65,71,0.9154929577464789,True,51,62,0.8225806451612904,True,62,76,0.8157894736842105,True,True,37,44,0.8409090909090909,True,62,77,0.8051948051948052,True,39,56,0.6964285714285714,False,False
P42566,59,71,0.8309859154929577,True,52,62,0.8387096774193549,True,58,76,0.7631578947368421,True,True,42,44,0.9545454545454546,True,68,77,0.8831168831168831,True,48,56,0.8571428571428571,True,True
P43121,71,71,1.0,True,61,62,0.9838709677419355,True,74,76,0.9736842105263158,True,True,40,44,0.9090909090909091,True,72,77,0.935064935064935,True,44,56,0.7857142857142857,True,True
P43251,71,71,1.0,True,62,62,1.0,True,76,76,1.0,True,True,44,44,1.0,True,77,77,1.0,True,56,56,1.0,True,True
P43487,67,71,0.9436619718309859,True,60,62,0.967741935483871,True,65,76,0.8552631578947368,True,True,43,44,0.9772727272727273,True,70,77,0.9090909090909091,True,50,56,0.8928571428571429,True,True
P43652,71,71,1.0,True,62,62,1.0,True,76,76,1.0,True,True,44,44,1.0,True,77,77,1.0,True,56,56,1.0,True,True
P43686,66,71,0.9295774647887324,True,55,62,0.8870967741935484,True,63,76,0.8289473684210527,True,True,43,44,0.9772727272727273,True,73,77,0.948051948051948,True,54,56,0.9642857142857143,True,True
P45877,54,71,0.7605633802816901,True,48,62,0.7741935483870968,True,62,76,0.8157894736842105,True,True,31,44,0.7045454545454546,True,60,77,0.7792207792207793,True,42,56,0.75,True,True
P45974,71,71,1.0,True,62,62,1.0,True,72,76,0.9473684210526315,True,True,44,44,1.0,True,76,77,0.987012987012987,True,56,56,1.0,True,True
P46060,69,71,0.971830985915493,True,60,62,0.967741935483871,True,72,76,0.9473684210526315,True,True,42,44,0.9545454545454546,True,73,77,0.948051948051948,True,52,56,0.9285714285714286,True,True
P46109,54,71,0.7605633802816901,True,41,62,0.6612903225806451,False,49,76,0.6447368421052632,False,False,35,44,0.7954545454545454,True,58,77,0.7532467532467533,True,45,56,0.8035714285714286,True,True
P46459,68,71,0.9577464788732394,True,56,62,0.9032258064516129,True,64,76,0.8421052631578947,True,True,42,44,0.9545454545454546,True,71,77,0.922077922077922,True,53,56,0.9464285714285714,True,True
P46783,54,71,0.7605633802816901,True,46,62,0.7419354838709677,True,52,76,0.6842105263157895,False,False,38,44,0.8636363636363636,True,65,77,0.8441558441558441,True,44,56,0.7857142857142857,True,True
P46940,71,71,1.0,True,62,62,1.0,True,76,76,1.0,True,True,44,44,1.0,True,77,77,1.0,True,56,56,1.0,True,True
P47755,63,71,0.8873239436619719,True,55,62,0.8870967741935484,True,64,76,0.8421052631578947,True,True,40,44,0.9090909090909091,True,72,77,0.935064935064935,True,53,56,0.9464285714285714,True,True
P47756,70,71,0.9859154929577465,True,61,62,0.9838709677419355,True,73,76,0.9605263157894737,True,True,44,44,1.0,True,77,77,1.0,True,56,56,1.0,True,True
P47929,69,71,0.971830985915493,True,54,62,0.8709677419354839,True,71,76,0.9342105263157895,True,True,37,44,0.8409090909090909,True,60,77,0.7792207792207793,True,41,56,0.7321428571428571,True,True
P48059,67,71,0.9436619718309859,True,60,62,0.967741935483871,True,67,76,0.881578947368421,True,True,44,44,1.0,True,75,77,0.974025974025974,True,56,56,1.0,True,True
P48061,65,71,0.9154929577464789,True,61,62,0.9838709677419355,True,68,76,0.8947368421052632,True,True,43,44,0.9772727272727273,True,72,77,0.935064935064935,True,47,56,0.8392857142857143,True,True
P48426,66,71,0.9295774647887324,True,53,62,0.8548387096774194,True,68,76,0.8947368421052632,True,True,42,44,0.9545454545454546,True,71,77,0.922077922077922,True,53,56,0.9464285714285714,True,True
P48454,66,71,0.9295774647887324,True,56,62,0.9032258064516129,True,71,76,0.9342105263157895,True,True,25,44,0.5681818181818182,False,47,77,0.6103896103896104,False,31,56,0.5535714285714286,False,False
P48506,58,71,0.8169014084507042,True,48,62,0.7741935483870968,True,58,76,0.7631578947368421,True,True,36,44,0.8181818181818182,True,69,77,0.8961038961038961,True,48,56,0.8571428571428571,True,True
P48507,58,71,0.8169014084507042,True,50,62,0.8064516129032258,True,54,76,0.7105263157894737,True,True,38,44,0.8636363636363636,True,65,77,0.8441558441558441,True,51,56,0.9107142857142857,True,True
P48643,63,71,0.8873239436619719,True,53,62,0.8548387096774194,True,63,76,0.8289473684210527,True,True,43,44,0.9772727272727273,True,72,77,0.935064935064935,True,53,56,0.9464285714285714,True,True
P48723,59,71,0.8309859154929577,True,48,62,0.7741935483870968,True,63,76,0.8289473684210527,True,True,39,44,0.8863636363636364,True,64,77,0.8311688311688312,True,41,56,0.7321428571428571,True,True
P48735,67,71,0.9436619718309859,True,59,62,0.9516129032258065,True,71,76,0.9342105263157895,True,True,42,44,0.9545454545454546,True,76,77,0.987012987012987,True,53,56,0.9464285714285714,True,True
P48740,71,71,1.0,True,62,62,1.0,True,76,76,1.0,True,True,44,44,1.0,True,77,77,1.0,True,56,56,1.0,True,True
P48960,70,71,0.9859154929577465,True,62,62,1.0,True,76,76,1.0,True,True,44,44,1.0,True,76,77,0.987012987012987,True,54,56,0.9642857142857143,True,True
P49189,57,71,0.8028169014084507,True,42,62,0.6774193548387096,False,62,76,0.8157894736842105,True,False,36,44,0.8181818181818182,True,61,77,0.7922077922077922,True,42,56,0.75,True,True
P49257,66,71,0.9295774647887324,True,56,62,0.9032258064516129,True,73,76,0.9605263157894737,True,True,43,44,0.9772727272727273,True,73,77,0.948051948051948,True,51,56,0.9107142857142857,True,True
P49327,61,71,0.8591549295774648,True,50,62,0.8064516129032258,True,58,76,0.7631578947368421,True,True,37,44,0.8409090909090909,True,64,77,0.8311688311688312,True,47,56,0.8392857142857143,True,True
P49368,68,71,0.9577464788732394,True,59,62,0.9516129032258065,True,69,76,0.9078947368421053,True,True,44,44,1.0,True,74,77,0.961038961038961,True,53,56,0.9464285714285714,True,True
P49641,71,71,1.0,True,62,62,1.0,True,76,76,1.0,True,True,44,44,1.0,True,77,77,1.0,True,56,56,1.0,True,True
P49721,61,71,0.8591549295774648,True,51,62,0.8225806451612904,True,60,76,0.7894736842105263,True,True,39,44,0.8863636363636364,True,60,77,0.7792207792207793,True,48,56,0.8571428571428571,True,True
P49746,71,71,1.0,True,62,62,1.0,True,76,76,1.0,True,True,44,44,1.0,True,77,77,1.0,True,56,56,1.0,True,True
P49747,71,71,1.0,True,62,62,1.0,True,76,76,1.0,True,True,44,44,1.0,True,77,77,1.0,True,56,56,1.0,True,True
P49773,57,71,0.8028169014084507,True,48,62,0.7741935483870968,True,54,76,0.7105263157894737,True,True,36,44,0.8181818181818182,True,59,77,0.7662337662337663,True,46,56,0.8214285714285714,True,True
P49908,71,71,1.0,True,62,62,1.0,True,76,76,1.0,True,True,44,44,1.0,True,77,77,1.0,True,56,56,1.0,True,True
P49913,71,71,1.0,True,62,62,1.0,True,76,76,1.0,True,True,44,44,1.0,True,77,77,1.0,True,56,56,1.0,True,True
P50148,59,71,0.8309859154929577,True,54,62,0.8709677419354839,True,60,76,0.7894736842105263,True,True,44,44,1.0,True,73,77,0.948051948051948,True,52,56,0.9285714285714286,True,True
P50225,62,71,0.8732394366197183,True,50,62,0.8064516129032258,True,63,76,0.8289473684210527,True,True,37,44,0.8409090909090909,True,64,77,0.8311688311688312,True,47,56,0.8392857142857143,True,True
P50238,68,71,0.9577464788732394,True,59,62,0.9516129032258065,True,73,76,0.9605263157894737,True,True,43,44,0.9772727272727273,True,76,77,0.987012987012987,True,55,56,0.9821428571428571,True,True
P50281,71,71,1.0,True,62,62,1.0,True,74,76,0.9736842105263158,True,True,42,44,0.9545454545454546,True,76,77,0.987012987012987,True,53,56,0.9464285714285714,True,True
P50395,71,71,1.0,True,62,62,1.0,True,76,76,1.0,True,True,44,44,1.0,True,77,77,1.0,True,56,56,1.0,True,True
P50502,71,71,1.0,True,62,62,1.0,True,74,76,0.9736842105263158,True,True,44,44,1.0,True,77,77,1.0,True,56,56,1.0,True,True
P50552,55,71,0.7746478873239436,True,44,62,0.7096774193548387,True,55,76,0.7236842105263158,True,True,36,44,0.8181818181818182,True,70,77,0.9090909090909091,True,50,56,0.8928571428571429,True,True
P50570,63,71,0.8873239436619719,True,58,62,0.9354838709677419,True,63,76,0.8289473684210527,True,True,44,44,1.0,True,75,77,0.974025974025974,True,53,56,0.9464285714285714,True,True
P50591,54,71,0.7605633802816901,True,55,62,0.8870967741935484,True,57,76,0.75,True,True,36,44,0.8181818181818182,True,54,77,0.7012987012987013,True,36,56,0.6428571428571429,False,False
P50895,71,71,1.0,True,62,62,1.0,True,76,76,1.0,True,True,44,44,1.0,True,77,77,1.0,True,56,56,1.0,True,True
P50990,70,71,0.9859154929577465,True,61,62,0.9838709677419355,True,75,76,0.9868421052631579,True,True,44,44,1.0,True,76,77,0.987012987012987,True,56,56,1.0,True,True
P50991,70,71,0.9859154929577465,True,58,62,0.9354838709677419,True,71,76,0.9342105263157895,True,True,44,44,1.0,True,75,77,0.974025974025974,True,54,56,0.9642857142857143,True,True
P50995,48,71,0.676056338028169,False,50,62,0.8064516129032258,True,55,76,0.7236842105263158,True,False,36,44,0.8181818181818182,True,62,77,0.8051948051948052,True,43,56,0.7678571428571429,True,True
P51148,61,71,0.8591549295774648,True,57,62,0.9193548387096774,True,62,76,0.8157894736842105,True,True,43,44,0.9772727272727273,True,71,77,0.922077922077922,True,52,56,0.9285714285714286,True,True
P51149,71,71,1.0,True,61,62,0.9838709677419355,True,75,76,0.9868421052631579,True,True,44,44,1.0,True,77,77,1.0,True,56,56,1.0,True,True
P51659,57,71,0.8028169014084507,True,44,62,0.7096774193548387,True,61,76,0.8026315789473685,True,True,34,44,0.7727272727272727,True,57,77,0.7402597402597403,True,45,56,0.8035714285714286,True,True
P51665,52,71,0.7323943661971831,True,45,62,0.7258064516129032,True,53,76,0.6973684210526315,False,False,33,44,0.75,True,53,77,0.6883116883116883,False,41,56,0.7321428571428571,True,False
P51693,71,71,1.0,True,62,62,1.0,True,76,76,1.0,True,True,44,44,1.0,True,77,77,1.0,True,56,56,1.0,True,True
P51884,71,71,1.0,True,62,62,1.0,True,76,76,1.0,True,True,44,44,1.0,True,77,77,1.0,True,56,56,1.0,True,True
P51888,67,71,0.9436619718309859,True,61,62,0.9838709677419355,True,71,76,0.9342105263157895,True,True,43,44,0.9772727272727273,True,76,77,0.987012987012987,True,55,56,0.9821428571428571,True,True
P52209,70,71,0.9859154929577465,True,61,62,0.9838709677419355,True,75,76,0.9868421052631579,True,True,42,44,0.9545454545454546,True,75,77,0.974025974025974,True,53,56,0.9464285714285714,True,True
P52565,69,71,0.971830985915493,True,59,62,0.9516129032258065,True,71,76,0.9342105263157895,True,True,43,44,0.9772727272727273,True,72,77,0.935064935064935,True,55,56,0.9821428571428571,True,True
P52566,71,71,1.0,True,61,62,0.9838709677419355,True,74,76,0.9736842105263158,True,True,44,44,1.0,True,77,77,1.0,True,55,56,0.9821428571428571,True,True
P52907,71,71,1.0,True,61,62,0.9838709677419355,True,74,76,0.9736842105263158,True,True,44,44,1.0,True,77,77,1.0,True,56,56,1.0,True,True
P52943,71,71,1.0,True,62,62,1.0,True,72,76,0.9473684210526315,True,True,43,44,0.9772727272727273,True,77,77,1.0,True,56,56,1.0,True,True
P53004,65,71,0.9154929577464789,True,53,62,0.8548387096774194,True,61,76,0.8026315789473685,True,True,43,44,0.9772727272727273,True,70,77,0.9090909090909091,True,49,56,0.875,True,True
P53367,53,71,0.7464788732394366,True,45,62,0.7258064516129032,True,54,76,0.7105263157894737,True,True,41,44,0.9318181818181818,True,66,77,0.8571428571428571,True,46,56,0.8214285714285714,True,True
P53396,68,71,0.9577464788732394,True,57,62,0.9193548387096774,True,61,76,0.8026315789473685,True,True,42,44,0.9545454545454546,True,71,77,0.922077922077922,True,54,56,0.9642857142857143,True,True
P53621,53,71,0.7464788732394366,True,52,62,0.8387096774193549,True,59,76,0.7763157894736842,True,True,36,44,0.8181818181818182,True,59,77,0.7662337662337663,True,42,56,0.75,True,True
P53634,71,71,1.0,True,62,62,1.0,True,76,76,1.0,True,True,44,44,1.0,True,77,77,1.0,True,56,56,1.0,True,True
P53675,71,71,1.0,True,60,62,0.967741935483871,True,73,76,0.9605263157894737,True,True,44,44,1.0,True,75,77,0.974025974025974,True,54,56,0.9642857142857143,True,True
P53990,55,71,0.7746478873239436,True,44,62,0.7096774193548387,True,52,76,0.6842105263157895,False,False,36,44,0.8181818181818182,True,65,77,0.8441558441558441,True,43,56,0.7678571428571429,True,True
P54105,70,71,0.9859154929577465,True,61,62,0.9838709677419355,True,69,76,0.9078947368421053,True,True,44,44,1.0,True,74,77,0.961038961038961,True,54,56,0.9642857142857143,True,True
P54577,63,71,0.8873239436619719,True,56,62,0.9032258064516129,True,64,76,0.8421052631578947,True,True,40,44,0.9090909090909091,True,65,77,0.8441558441558441,True,51,56,0.9107142857142857,True,True
P54578,67,71,0.9436619718309859,True,59,62,0.9516129032258065,True,68,76,0.8947368421052632,True,True,44,44,1.0,True,75,77,0.974025974025974,True,55,56,0.9821428571428571,True,True
P54920,70,71,0.9859154929577465,True,60,62,0.967741935483871,True,73,76,0.9605263157894737,True,True,44,44,1.0,True,77,77,1.0,True,56,56,1.0,True,True
P55010,57,71,0.8028169014084507,True,56,62,0.9032258064516129,True,61,76,0.8026315789473685,True,True,41,44,0.9318181818181818,True,63,77,0.8181818181818182,True,48,56,0.8571428571428571,True,True
P55056,71,71,1.0,True,62,62,1.0,True,76,76,1.0,True,True,44,44,1.0,True,77,77,1.0,True,56,56,1.0,True,True
P55058,71,71,1.0,True,62,62,1.0,True,76,76,1.0,True,True,44,44,1.0,True,77,77,1.0,True,56,56,1.0,True,True
P55060,71,71,1.0,True,62,62,1.0,True,76,76,1.0,True,True,44,44,1.0,True,77,77,1.0,True,56,56,1.0,True,True
P55072,71,71,1.0,True,62,62,1.0,True,76,76,1.0,True,True,44,44,1.0,True,77,77,1.0,True,56,56,1.0,True,True
P55103,71,71,1.0,True,62,62,1.0,True,76,76,1.0,True,True,44,44,1.0,True,77,77,1.0,True,56,56,1.0,True,True
P55157,67,71,0.9436619718309859,True,58,62,0.9354838709677419,True,73,76,0.9605263157894737,True,True,41,44,0.9318181818181818,True,75,77,0.974025974025974,True,52,56,0.9285714285714286,True,True
P55160,56,71,0.7887323943661971,True,56,62,0.9032258064516129,True,63,76,0.8289473684210527,True,True,35,44,0.7954545454545454,True,66,77,0.8571428571428571,True,47,56,0.8392857142857143,True,True
P55209,71,71,1.0,True,61,62,0.9838709677419355,True,75,76,0.9868421052631579,True,True,44,44,1.0,True,77,77,1.0,True,56,56,1.0,True,True
P55268,71,71,1.0,True,62,62,1.0,True,76,76,1.0,True,True,43,44,0.9772727272727273,True,77,77,1.0,True,56,56,1.0,True,True
P55285,71,71,1.0,True,62,62,1.0,True,75,76,0.9868421052631579,True,True,44,44,1.0,True,77,77,1.0,True,56,56,1.0,True,True
P55287,69,71,0.971830985915493,True,62,62,1.0,True,74,76,0.9736842105263158,True,True,44,44,1.0,True,77,77,1.0,True,56,56,1.0,True,True
P55290,71,71,1.0,True,62,62,1.0,True,76,76,1.0,True,True,44,44,1.0,True,77,77,1.0,True,56,56,1.0,True,True
P55291,69,71,0.971830985915493,True,61,62,0.9838709677419355,True,75,76,0.9868421052631579,True,True,44,44,1.0,True,74,77,0.961038961038961,True,54,56,0.9642857142857143,True,True
P55786,64,71,0.9014084507042254,True,57,62,0.9193548387096774,True,66,76,0.868421052631579,True,True,41,44,0.9318181818181818,True,75,77,0.974025974025974,True,51,56,0.9107142857142857,True,True
P56199,66,71,0.9295774647887324,True,59,62,0.9516129032258065,True,75,76,0.9868421052631579,True,True,43,44,0.9772727272727273,True,75,77,0.974025974025974,True,51,56,0.9107142857142857,True,True
P56715,69,71,0.971830985915493,True,60,62,0.967741935483871,True,75,76,0.9868421052631579,True,True,42,44,0.9545454545454546,True,77,77,1.0,True,54,56,0.9642857142857143,True,True
P58166,71,71,1.0,True,62,62,1.0,True,75,76,0.9868421052631579,True,True,44,44,1.0,True,77,77,1.0,True,56,56,1.0,True,True
P58335,71,71,1.0,True,62,62,1.0,True,76,76,1.0,True,True,44,44,1.0,True,77,77,1.0,True,56,56,1.0,True,True
P58546,64,71,0.9014084507042254,True,55,62,0.8870967741935484,True,69,76,0.9078947368421053,True,True,41,44,0.9318181818181818,True,68,77,0.8831168831168831,True,50,56,0.8928571428571429,True,True
P59768,63,71,0.8873239436619719,True,58,62,0.9354838709677419,True,57,76,0.75,True,True,42,44,0.9545454545454546,True,73,77,0.948051948051948,True,48,56,0.8571428571428571,True,True
P59998,71,71,1.0,True,62,62,1.0,True,76,76,1.0,True,True,44,44,1.0,True,77,77,1.0,True,55,56,0.9821428571428571,True,True
P60033,69,71,0.971830985915493,True,61,62,0.9838709677419355,True,73,76,0.9605263157894737,True,True,44,44,1.0,True,75,77,0.974025974025974,True,56,56,1.0,True,True
P60174,66,71,0.9295774647887324,True,58,62,0.9354838709677419,True,64,76,0.8421052631578947,True,True,40,44,0.9090909090909091,True,71,77,0.922077922077922,True,47,56,0.8392857142857143,True,True
P60520,65,71,0.9154929577464789,True,54,62,0.8709677419354839,True,63,76,0.8289473684210527,True,True,37,44,0.8409090909090909,True,66,77,0.8571428571428571,True,41,56,0.7321428571428571,True,True
P60660,71,71,1.0,True,62,62,1.0,True,75,76,0.9868421052631579,True,True,44,44,1.0,True,77,77,1.0,True,56,56,1.0,True,True
P60709,71,71,1.0,True,62,62,1.0,True,76,76,1.0,True,True,44,44,1.0,True,77,77,1.0,True,56,56,1.0,True,True
P60842,70,71,0.9859154929577465,True,62,62,1.0,True,75,76,0.9868421052631579,True,True,43,44,0.9772727272727273,True,74,77,0.961038961038961,True,55,56,0.9821428571428571,True,True
P60891,71,71,1.0,True,61,62,0.9838709677419355,True,74,76,0.9736842105263158,True,True,44,44,1.0,True,77,77,1.0,True,56,56,1.0,True,True
P60900,69,71,0.971830985915493,True,60,62,0.967741935483871,True,68,76,0.8947368421052632,True,True,39,44,0.8863636363636364,True,67,77,0.8701298701298701,True,50,56,0.8928571428571429,True,True
P60903,60,71,0.8450704225352113,True,53,62,0.8548387096774194,True,66,76,0.868421052631579,True,True,37,44,0.8409090909090909,True,64,77,0.8311688311688312,True,44,56,0.7857142857142857,True,True
P60953,71,71,1.0,True,62,62,1.0,True,75,76,0.9868421052631579,True,True,44,44,1.0,True,77,77,1.0,True,56,56,1.0,True,True
P60985,71,71,1.0,True,62,62,1.0,True,76,76,1.0,True,True,44,44,1.0,True,77,77,1.0,True,56,56,1.0,True,True
P61006,66,71,0.9295774647887324,True,59,62,0.9516129032258065,True,68,76,0.8947368421052632,True,True,44,44,1.0,True,74,77,0.961038961038961,True,54,56,0.9642857142857143,True,True
P61019,56,71,0.7887323943661971,True,56,62,0.9032258064516129,True,63,76,0.8289473684210527,True,True,37,44,0.8409090909090909,True,69,77,0.8961038961038961,True,49,56,0.875,True,True
P61020,64,71,0.9014084507042254,True,57,62,0.9193548387096774,True,68,76,0.8947368421052632,True,True,43,44,0.9772727272727273,True,72,77,0.935064935064935,True,48,56,0.8571428571428571,True,True
P61026,71,71,1.0,True,62,62,1.0,True,76,76,1.0,True,True,44,44,1.0,True,77,77,1.0,True,56,56,1.0,True,True
P61088,65,71,0.9154929577464789,True,58,62,0.9354838709677419,True,69,76,0.9078947368421053,True,True,43,44,0.9772727272727273,True,69,77,0.8961038961038961,True,50,56,0.8928571428571429,True,True
P61106,67,71,0.9436619718309859,True,60,62,0.967741935483871,True,74,76,0.9736842105263158,True,True,44,44,1.0,True,77,77,1.0,True,56,56,1.0,True,True
P61158,71,71,1.0,True,60,62,0.967741935483871,True,74,76,0.9736842105263158,True,True,43,44,0.9772727272727273,True,76,77,0.987012987012987,True,55,56,0.9821428571428571,True,True
P61160,70,71,0.9859154929577465,True,60,62,0.967741935483871,True,71,76,0.9342105263157895,True,True,44,44,1.0,True,77,77,1.0,True,56,56,1.0,True,True
P61224,71,71,1.0,True,62,62,1.0,True,76,76,1.0,True,True,44,44,1.0,True,77,77,1.0,True,56,56,1.0,True,True
P61225,68,71,0.9577464788732394,True,60,62,0.967741935483871,True,72,76,0.9473684210526315,True,True,44,44,1.0,True,74,77,0.961038961038961,True,56,56,1.0,True,True
P61586,69,71,0.971830985915493,True,62,62,1.0,True,71,76,0.9342105263157895,True,True,44,44,1.0,True,76,77,0.987012987012987,True,55,56,0.9821428571428571,True,True
P61604,57,71,0.8028169014084507,True,48,62,0.7741935483870968,True,57,76,0.75,True,True,39,44,0.8863636363636364,True,69,77,0.8961038961038961,True,48,56,0.8571428571428571,True,True
P61626,71,71,1.0,True,62,62,1.0,True,76,76,1.0,True,True,44,44,1.0,True,77,77,1.0,True,56,56,1.0,True,True
P61769,71,71,1.0,True,62,62,1.0,True,76,76,1.0,True,True,44,44,1.0,True,77,77,1.0,True,56,56,1.0,True,True
P61978,68,71,0.9577464788732394,True,58,62,0.9354838709677419,True,71,76,0.9342105263157895,True,True,40,44,0.9090909090909091,True,75,77,0.974025974025974,True,53,56,0.9464285714285714,True,True
P61981,64,71,0.9014084507042254,True,59,62,0.9516129032258065,True,65,76,0.8552631578947368,True,True,41,44,0.9318181818181818,True,72,77,0.935064935064935,True,50,56,0.8928571428571429,True,True
P62081,61,71,0.8591549295774648,True,54,62,0.8709677419354839,True,64,76,0.8421052631578947,True,True,42,44,0.9545454545454546,True,62,77,0.8051948051948052,True,38,56,0.6785714285714286,False,False
P62136,56,71,0.7887323943661971,True,50,62,0.8064516129032258,True,62,76,0.8157894736842105,True,True,40,44,0.9090909090909091,True,64,77,0.8311688311688312,True,45,56,0.8035714285714286,True,True
P62191,62,71,0.8732394366197183,True,56,62,0.9032258064516129,True,63,76,0.8289473684210527,True,True,38,44,0.8636363636363636,True,72,77,0.935064935064935,True,48,56,0.8571428571428571,True,True
P62195,66,71,0.9295774647887324,True,57,62,0.9193548387096774,True,68,76,0.8947368421052632,True,True,42,44,0.9545454545454546,True,72,77,0.935064935064935,True,51,56,0.9107142857142857,True,True
P62258,70,71,0.9859154929577465,True,62,62,1.0,True,75,76,0.9868421052631579,True,True,44,44,1.0,True,77,77,1.0,True,56,56,1.0,True,True
P62328,71,71,1.0,True,60,62,0.967741935483871,True,75,76,0.9868421052631579,True,True,44,44,1.0,True,76,77,0.987012987012987,True,56,56,1.0,True,True
P62330,65,71,0.9154929577464789,True,58,62,0.9354838709677419,True,74,76,0.9736842105263158,True,True,36,44,0.8181818181818182,True,68,77,0.8831168831168831,True,45,56,0.8035714285714286,True,True
P62333,61,71,0.8591549295774648,True,52,62,0.8387096774193549,True,61,76,0.8026315789473685,True,True,38,44,0.8636363636363636,True,70,77,0.9090909090909091,True,47,56,0.8392857142857143,True,True
P62736,71,71,1.0,True,62,62,1.0,True,76,76,1.0,True,True,44,44,1.0,True,77,77,1.0,True,56,56,1.0,True,True
P62805,71,71,1.0,True,62,62,1.0,True,76,76,1.0,True,True,44,44,1.0,True,77,77,1.0,True,56,56,1.0,True,True
P62820,58,71,0.8169014084507042,True,47,62,0.7580645161290323,True,59,76,0.7763157894736842,True,True,41,44,0.9318181818181818,True,70,77,0.9090909090909091,True,47,56,0.8392857142857143,True,True
P62826,71,71,1.0,True,62,62,1.0,True,76,76,1.0,True,True,44,44,1.0,True,77,77,1.0,True,56,56,1.0,True,True
P62834,64,71,0.9014084507042254,True,56,62,0.9032258064516129,True,70,76,0.9210526315789473,True,True,38,44,0.8636363636363636,True,68,77,0.8831168831168831,True,49,56,0.875,True,True
P62879,71,71,1.0,True,62,62,1.0,True,76,76,1.0,True,True,44,44,1.0,True,77,77,1.0,True,56,56,1.0,True,True
P62906,50,71,0.704225352112676,True,47,62,0.7580645161290323,True,58,76,0.7631578947368421,True,True,34,44,0.7727272727272727,True,58,77,0.7532467532467533,True,40,56,0.7142857142857143,True,True
P62937,71,71,1.0,True,62,62,1.0,True,76,76,1.0,True,True,44,44,1.0,True,77,77,1.0,True,56,56,1.0,True,True
P62942,69,71,0.971830985915493,True,57,62,0.9193548387096774,True,71,76,0.9342105263157895,True,True,44,44,1.0,True,72,77,0.935064935064935,True,53,56,0.9464285714285714,True,True
P62979,71,71,1.0,True,62,62,1.0,True,76,76,1.0,True,True,44,44,1.0,True,77,77,1.0,True,56,56,1.0,True,True
P62993,47,71,0.6619718309859155,False,52,62,0.8387096774193549,True,54,76,0.7105263157894737,True,False,38,44,0.8636363636363636,True,64,77,0.8311688311688312,True,42,56,0.75,True,True
P63000,66,71,0.9295774647887324,True,60,62,0.967741935483871,True,67,76,0.881578947368421,True,True,42,44,0.9545454545454546,True,74,77,0.961038961038961,True,55,56,0.9821428571428571,True,True
P63010,62,71,0.8732394366197183,True,57,62,0.9193548387096774,True,63,76,0.8289473684210527,True,True,44,44,1.0,True,72,77,0.935064935064935,True,49,56,0.875,True,True
P63104,71,71,1.0,True,62,62,1.0,True,76,76,1.0,True,True,44,44,1.0,True,77,77,1.0,True,56,56,1.0,True,True
P63208,51,71,0.7183098591549296,True,49,62,0.7903225806451613,True,54,76,0.7105263157894737,True,True,41,44,0.9318181818181818,True,66,77,0.8571428571428571,True,46,56,0.8214285714285714,True,True
P63218,60,71,0.8450704225352113,True,57,62,0.9193548387096774,True,60,76,0.7894736842105263,True,True,44,44,1.0,True,74,77,0.961038961038961,True,54,56,0.9642857142857143,True,True
P63241,71,71,1.0,True,62,62,1.0,True,76,76,1.0,True,True,44,44,1.0,True,77,77,1.0,True,56,56,1.0,True,True
P63313,67,71,0.9436619718309859,True,59,62,0.9516129032258065,True,66,76,0.868421052631579,True,True,44,44,1.0,True,69,77,0.8961038961038961,True,52,56,0.9285714285714286,True,True
P67775,64,71,0.9014084507042254,True,51,62,0.8225806451612904,True,62,76,0.8157894736842105,True,True,41,44,0.9318181818181818,True,70,77,0.9090909090909091,True,46,56,0.8214285714285714,True,True
P67936,71,71,1.0,True,62,62,1.0,True,75,76,0.9868421052631579,True,True,44,44,1.0,True,77,77,1.0,True,56,56,1.0,True,True
P68036,61,71,0.8591549295774648,True,56,62,0.9032258064516129,True,56,76,0.7368421052631579,True,True,39,44,0.8863636363636364,True,63,77,0.8181818181818182,True,42,56,0.75,True,True
P68104;Q5VTE0,71,71,1.0,True,62,62,1.0,True,76,76,1.0,True,True,44,44,1.0,True,77,77,1.0,True,56,56,1.0,True,True
P68363,71,71,1.0,True,62,62,1.0,True,76,76,1.0,True,True,44,44,1.0,True,77,77,1.0,True,56,56,1.0,True,True
P68366,71,71,1.0,True,62,62,1.0,True,75,76,0.9868421052631579,True,True,44,44,1.0,True,77,77,1.0,True,56,56,1.0,True,True
P68371,71,71,1.0,True,62,62,1.0,True,76,76,1.0,True,True,44,44,1.0,True,77,77,1.0,True,56,56,1.0,True,True
P68402,66,71,0.9295774647887324,True,60,62,0.967741935483871,True,68,76,0.8947368421052632,True,True,43,44,0.9772727272727273,True,69,77,0.8961038961038961,True,53,56,0.9464285714285714,True,True
P68431,71,71,1.0,True,62,62,1.0,True,76,76,1.0,True,True,44,44,1.0,True,77,77,1.0,True,56,56,1.0,True,True
P68871,71,71,1.0,True,62,62,1.0,True,76,76,1.0,True,True,44,44,1.0,True,77,77,1.0,True,56,56,1.0,True,True
P69891,71,71,1.0,True,62,62,1.0,True,76,76,1.0,True,True,44,44,1.0,True,77,77,1.0,True,56,56,1.0,True,True
P69892,64,71,0.9014084507042254,True,59,62,0.9516129032258065,True,70,76,0.9210526315789473,True,True,42,44,0.9545454545454546,True,74,77,0.961038961038961,True,56,56,1.0,True,True
P69905,71,71,1.0,True,62,62,1.0,True,76,76,1.0,True,True,44,44,1.0,True,77,77,1.0,True,56,56,1.0,True,True
P78324;Q5TFQ8,59,71,0.8309859154929577,True,56,62,0.9032258064516129,True,62,76,0.8157894736842105,True,True,38,44,0.8636363636363636,True,69,77,0.8961038961038961,True,51,56,0.9107142857142857,True,True
P78371,70,71,0.9859154929577465,True,60,62,0.967741935483871,True,71,76,0.9342105263157895,True,True,42,44,0.9545454545454546,True,75,77,0.974025974025974,True,55,56,0.9821428571428571,True,True
P78417,71,71,1.0,True,62,62,1.0,True,75,76,0.9868421052631579,True,True,44,44,1.0,True,77,77,1.0,True,55,56,0.9821428571428571,True,True
P78423,71,71,1.0,True,61,62,0.9838709677419355,True,76,76,1.0,True,True,44,44,1.0,True,77,77,1.0,True,56,56,1.0,True,True
P78509,71,71,1.0,True,62,62,1.0,True,76,76,1.0,True,True,44,44,1.0,True,77,77,1.0,True,56,56,1.0,True,True
P78527,58,71,0.8169014084507042,True,57,62,0.9193548387096774,True,64,76,0.8421052631578947,True,True,30,44,0.6818181818181818,False,63,77,0.8181818181818182,True,40,56,0.7142857142857143,True,False
P78539,71,71,1.0,True,62,62,1.0,True,76,76,1.0,True,True,44,44,1.0,True,77,77,1.0,True,56,56,1.0,True,True
P80108,71,71,1.0,True,62,62,1.0,True,76,76,1.0,True,True,44,44,1.0,True,77,77,1.0,True,56,56,1.0,True,True
P80303,62,71,0.8732394366197183,True,47,62,0.7580645161290323,True,61,76,0.8026315789473685,True,True,36,44,0.8181818181818182,True,57,77,0.7402597402597403,True,35,56,0.625,False,False
P80511,65,71,0.9154929577464789,True,56,62,0.9032258064516129,True,69,76,0.9078947368421053,True,True,40,44,0.9090909090909091,True,69,77,0.8961038961038961,True,48,56,0.8571428571428571,True,True
P80723,69,71,0.971830985915493,True,60,62,0.967741935483871,True,76,76,1.0,True,True,44,44,1.0,True,74,77,0.961038961038961,True,51,56,0.9107142857142857,True,True
P80748,69,71,0.971830985915493,True,59,62,0.9516129032258065,True,72,76,0.9473684210526315,True,True,38,44,0.8636363636363636,True,61,77,0.7922077922077922,True,41,56,0.7321428571428571,True,True
P81605,71,71,1.0,True,62,62,1.0,True,76,76,1.0,True,True,44,44,1.0,True,77,77,1.0,True,56,56,1.0,True,True
P84077,71,71,1.0,True,62,62,1.0,True,76,76,1.0,True,True,44,44,1.0,True,77,77,1.0,True,56,56,1.0,True,True
P84095,71,71,1.0,True,59,62,0.9516129032258065,True,70,76,0.9210526315789473,True,True,44,44,1.0,True,77,77,1.0,True,52,56,0.9285714285714286,True,True
P98066,49,71,0.6901408450704225,False,48,62,0.7741935483870968,True,51,76,0.6710526315789473,False,False,35,44,0.7954545454545454,True,62,77,0.8051948051948052,True,42,56,0.75,True,True
P98095,71,71,1.0,True,62,62,1.0,True,75,76,0.9868421052631579,True,True,44,44,1.0,True,77,77,1.0,True,56,56,1.0,True,True
P98160,71,71,1.0,True,62,62,1.0,True,76,76,1.0,True,True,44,44,1.0,True,77,77,1.0,True,56,56,1.0,True,True
P98161,67,71,0.9436619718309859,True,56,62,0.9032258064516129,True,65,76,0.8552631578947368,True,True,36,44,0.8181818181818182,True,62,77,0.8051948051948052,True,45,56,0.8035714285714286,True,True
P98164,61,71,0.8591549295774648,True,56,62,0.9032258064516129,True,59,76,0.7763157894736842,True,True,41,44,0.9318181818181818,True,64,77,0.8311688311688312,True,44,56,0.7857142857142857,True,True
Q00013,70,71,0.9859154929577465,True,61,62,0.9838709677419355,True,72,76,0.9473684210526315,True,True,44,44,1.0,True,76,77,0.987012987012987,True,55,56,0.9821428571428571,True,True
Q00610,71,71,1.0,True,62,62,1.0,True,76,76,1.0,True,True,44,44,1.0,True,77,77,1.0,True,56,56,1.0,True,True
Q00839,65,71,0.9154929577464789,True,60,62,0.967741935483871,True,73,76,0.9605263157894737,True,True,43,44,0.9772727272727273,True,75,77,0.974025974025974,True,52,56,0.9285714285714286,True,True
Q01082,67,71,0.9436619718309859,True,59,62,0.9516129032258065,True,70,76,0.9210526315789473,True,True,44,44,1.0,True,73,77,0.948051948051948,True,53,56,0.9464285714285714,True,True
Q01469,71,71,1.0,True,61,62,0.9838709677419355,True,76,76,1.0,True,True,44,44,1.0,True,75,77,0.974025974025974,True,54,56,0.9642857142857143,True,True
Q01518,71,71,1.0,True,62,62,1.0,True,76,76,1.0,True,True,44,44,1.0,True,77,77,1.0,True,56,56,1.0,True,True
Q01546,60,71,0.8450704225352113,True,51,62,0.8225806451612904,True,62,76,0.8157894736842105,True,True,32,44,0.7272727272727273,True,64,77,0.8311688311688312,True,48,56,0.8571428571428571,True,True
Q01973,56,71,0.7887323943661971,True,56,62,0.9032258064516129,True,65,76,0.8552631578947368,True,True,35,44,0.7954545454545454,True,58,77,0.7532467532467533,True,42,56,0.75,True,True
Q02413,71,71,1.0,True,62,62,1.0,True,76,76,1.0,True,True,44,44,1.0,True,76,77,0.987012987012987,True,55,56,0.9821428571428571,True,True
Q02487,58,71,0.8169014084507042,True,58,62,0.9354838709677419,True,64,76,0.8421052631578947,True,True,40,44,0.9090909090909091,True,71,77,0.922077922077922,True,52,56,0.9285714285714286,True,True
Q02817,63,71,0.8873239436619719,True,55,62,0.8870967741935484,True,64,76,0.8421052631578947,True,True,39,44,0.8863636363636364,True,70,77,0.9090909090909091,True,46,56,0.8214285714285714,True,True
Q02818,71,71,1.0,True,62,62,1.0,True,76,76,1.0,True,True,44,44,1.0,True,77,77,1.0,True,56,56,1.0,True,True
Q02952,71,71,1.0,True,62,62,1.0,True,76,76,1.0,True,True,44,44,1.0,True,77,77,1.0,True,56,56,1.0,True,True
Q02985,70,71,0.9859154929577465,True,62,62,1.0,True,76,76,1.0,True,True,43,44,0.9772727272727273,True,77,77,1.0,True,55,56,0.9821428571428571,True,True
Q03167,68,71,0.9577464788732394,True,61,62,0.9838709677419355,True,70,76,0.9210526315789473,True,True,44,44,1.0,True,76,77,0.987012987012987,True,56,56,1.0,True,True
Q04637,58,71,0.8169014084507042,True,55,62,0.8870967741935484,True,57,76,0.75,True,True,35,44,0.7954545454545454,True,61,77,0.7922077922077922,True,41,56,0.7321428571428571,True,True
Q04695,71,71,1.0,True,60,62,0.967741935483871,True,75,76,0.9868421052631579,True,True,43,44,0.9772727272727273,True,74,77,0.961038961038961,True,52,56,0.9285714285714286,True,True
Q04721,53,71,0.7464788732394366,True,53,62,0.8548387096774194,True,55,76,0.7236842105263158,True,True,39,44,0.8863636363636364,True,71,77,0.922077922077922,True,48,56,0.8571428571428571,True,True
Q04756,71,71,1.0,True,62,62,1.0,True,76,76,1.0,True,True,44,44,1.0,True,77,77,1.0,True,56,56,1.0,True,True
Q04760,66,71,0.9295774647887324,True,56,62,0.9032258064516129,True,69,76,0.9078947368421053,True,True,41,44,0.9318181818181818,True,67,77,0.8701298701298701,True,51,56,0.9107142857142857,True,True
Q04917,65,71,0.9154929577464789,True,57,62,0.9193548387096774,True,67,76,0.881578947368421,True,True,44,44,1.0,True,75,77,0.974025974025974,True,53,56,0.9464285714285714,True,True
Q05682,64,71,0.9014084507042254,True,53,62,0.8548387096774194,True,69,76,0.9078947368421053,True,True,38,44,0.8636363636363636,True,72,77,0.935064935064935,True,48,56,0.8571428571428571,True,True
Q05707,70,71,0.9859154929577465,True,61,62,0.9838709677419355,True,75,76,0.9868421052631579,True,True,44,44,1.0,True,77,77,1.0,True,56,56,1.0,True,True
Q06033,71,71,1.0,True,62,62,1.0,True,76,76,1.0,True,True,44,44,1.0,True,77,77,1.0,True,56,56,1.0,True,True
Q06323,71,71,1.0,True,62,62,1.0,True,75,76,0.9868421052631579,True,True,44,44,1.0,True,77,77,1.0,True,56,56,1.0,True,True
Q06481,70,71,0.9859154929577465,True,62,62,1.0,True,76,76,1.0,True,True,44,44,1.0,True,77,77,1.0,True,56,56,1.0,True,True
Q06828,71,71,1.0,True,62,62,1.0,True,76,76,1.0,True,True,44,44,1.0,True,77,77,1.0,True,56,56,1.0,True,True
Q06830,71,71,1.0,True,62,62,1.0,True,76,76,1.0,True,True,44,44,1.0,True,77,77,1.0,True,56,56,1.0,True,True
Q07507,71,71,1.0,True,62,62,1.0,True,76,76,1.0,True,True,44,44,1.0,True,77,77,1.0,True,56,56,1.0,True,True
Q07954,71,71,1.0,True,62,62,1.0,True,76,76,1.0,True,True,44,44,1.0,True,77,77,1.0,True,56,56,1.0,True,True
Q07960,71,71,1.0,True,60,62,0.967741935483871,True,73,76,0.9605263157894737,True,True,44,44,1.0,True,76,77,0.987012987012987,True,55,56,0.9821428571428571,True,True
Q08174,71,71,1.0,True,62,62,1.0,True,76,76,1.0,True,True,44,44,1.0,True,77,77,1.0,True,56,56,1.0,True,True
Q08188,70,71,0.9859154929577465,True,62,62,1.0,True,74,76,0.9736842105263158,True,True,40,44,0.9090909090909091,True,69,77,0.8961038961038961,True,50,56,0.8928571428571429,True,True
Q08378,59,71,0.8309859154929577,True,51,62,0.8225806451612904,True,66,76,0.868421052631579,True,True,38,44,0.8636363636363636,True,69,77,0.8961038961038961,True,51,56,0.9107142857142857,True,True
Q08380,71,71,1.0,True,62,62,1.0,True,76,76,1.0,True,True,44,44,1.0,True,77,77,1.0,True,56,56,1.0,True,True
Q08431,58,71,0.8169014084507042,True,46,62,0.7419354838709677,True,55,76,0.7236842105263158,True,True,33,44,0.75,True,67,77,0.8701298701298701,True,43,56,0.7678571428571429,True,True
Q08495,69,71,0.971830985915493,True,58,62,0.9354838709677419,True,66,76,0.868421052631579,True,True,44,44,1.0,True,72,77,0.935064935064935,True,54,56,0.9642857142857143,True,True
Q08554,71,71,1.0,True,62,62,1.0,True,76,76,1.0,True,True,44,44,1.0,True,77,77,1.0,True,55,56,0.9821428571428571,True,True
Q08629,60,71,0.8450704225352113,True,52,62,0.8387096774193549,True,58,76,0.7631578947368421,True,True,37,44,0.8409090909090909,True,65,77,0.8441558441558441,True,45,56,0.8035714285714286,True,True
Q08722,58,71,0.8169014084507042,True,49,62,0.7903225806451613,True,51,76,0.6710526315789473,False,False,43,44,0.9772727272727273,True,69,77,0.8961038961038961,True,51,56,0.9107142857142857,True,True
Q08830,71,71,1.0,True,62,62,1.0,True,76,76,1.0,True,True,44,44,1.0,True,77,77,1.0,True,56,56,1.0,True,True
Q09327,69,71,0.971830985915493,True,60,62,0.967741935483871,True,68,76,0.8947368421052632,True,True,43,44,0.9772727272727273,True,72,77,0.935064935064935,True,46,56,0.8214285714285714,True,True
Q09328,71,71,1.0,True,62,62,1.0,True,76,76,1.0,True,True,44,44,1.0,True,77,77,1.0,True,56,56,1.0,True,True
Q09666,71,71,1.0,True,62,62,1.0,True,76,76,1.0,True,True,44,44,1.0,True,77,77,1.0,True,56,56,1.0,True,True
Q0VD83,71,71,1.0,True,62,62,1.0,True,76,76,1.0,True,True,44,44,1.0,True,77,77,1.0,True,56,56,1.0,True,True
Q10469,63,71,0.8873239436619719,True,58,62,0.9354838709677419,True,74,76,0.9736842105263158,True,True,44,44,1.0,True,73,77,0.948051948051948,True,51,56,0.9107142857142857,True,True
Q10471,71,71,1.0,True,62,62,1.0,True,76,76,1.0,True,True,44,44,1.0,True,77,77,1.0,True,56,56,1.0,True,True
Q10472,71,71,1.0,True,62,62,1.0,True,76,76,1.0,True,True,44,44,1.0,True,77,77,1.0,True,56,56,1.0,True,True
Q10589,60,71,0.8450704225352113,True,56,62,0.9032258064516129,True,63,76,0.8289473684210527,True,True,39,44,0.8863636363636364,True,71,77,0.922077922077922,True,46,56,0.8214285714285714,True,True
Q11201,54,71,0.7605633802816901,True,52,62,0.8387096774193549,True,59,76,0.7763157894736842,True,True,39,44,0.8863636363636364,True,66,77,0.8571428571428571,True,45,56,0.8035714285714286,True,True
Q12797,71,71,1.0,True,62,62,1.0,True,76,76,1.0,True,True,44,44,1.0,True,77,77,1.0,True,56,56,1.0,True,True
Q12805,71,71,1.0,True,62,62,1.0,True,76,76,1.0,True,True,44,44,1.0,True,77,77,1.0,True,56,56,1.0,True,True
Q12841,71,71,1.0,True,62,62,1.0,True,76,76,1.0,True,True,44,44,1.0,True,75,77,0.974025974025974,True,55,56,0.9821428571428571,True,True
Q12907,71,71,1.0,True,61,62,0.9838709677419355,True,75,76,0.9868421052631579,True,True,42,44,0.9545454545454546,True,77,77,1.0,True,56,56,1.0,True,True
Q12913,71,71,1.0,True,62,62,1.0,True,76,76,1.0,True,True,44,44,1.0,True,77,77,1.0,True,56,56,1.0,True,True
Q13093,55,71,0.7746478873239436,True,49,62,0.7903225806451613,True,62,76,0.8157894736842105,True,True,38,44,0.8636363636363636,True,57,77,0.7402597402597403,True,46,56,0.8214285714285714,True,True
Q13103,71,71,1.0,True,62,62,1.0,True,76,76,1.0,True,True,44,44,1.0,True,77,77,1.0,True,56,56,1.0,True,True
Q13177,66,71,0.9295774647887324,True,58,62,0.9354838709677419,True,70,76,0.9210526315789473,True,True,43,44,0.9772727272727273,True,70,77,0.9090909090909091,True,50,56,0.8928571428571429,True,True
Q13200,68,71,0.9577464788732394,True,58,62,0.9354838709677419,True,70,76,0.9210526315789473,True,True,43,44,0.9772727272727273,True,72,77,0.935064935064935,True,50,56,0.8928571428571429,True,True
Q13201,71,71,1.0,True,62,62,1.0,True,76,76,1.0,True,True,44,44,1.0,True,77,77,1.0,True,56,56,1.0,True,True
Q13214,65,71,0.9154929577464789,True,57,62,0.9193548387096774,True,70,76,0.9210526315789473,True,True,41,44,0.9318181818181818,True,71,77,0.922077922077922,True,42,56,0.75,True,True
Q13217,71,71,1.0,True,62,62,1.0,True,75,76,0.9868421052631579,True,True,44,44,1.0,True,77,77,1.0,True,56,56,1.0,True,True
Q13228,70,71,0.9859154929577465,True,61,62,0.9838709677419355,True,73,76,0.9605263157894737,True,True,41,44,0.9318181818181818,True,76,77,0.987012987012987,True,54,56,0.9642857142857143,True,True
Q13247,48,71,0.676056338028169,False,43,62,0.6935483870967742,False,57,76,0.75,True,False,37,44,0.8409090909090909,True,62,77,0.8051948051948052,True,42,56,0.75,True,True
Q13316,71,71,1.0,True,59,62,0.9516129032258065,True,70,76,0.9210526315789473,True,True,40,44,0.9090909090909091,True,73,77,0.948051948051948,True,54,56,0.9642857142857143,True,True
Q13404,49,71,0.6901408450704225,False,45,62,0.7258064516129032,True,52,76,0.6842105263157895,False,False,37,44,0.8409090909090909,True,55,77,0.7142857142857143,True,44,56,0.7857142857142857,True,True
Q13418,71,71,1.0,True,62,62,1.0,True,76,76,1.0,True,True,44,44,1.0,True,77,77,1.0,True,56,56,1.0,True,True
Q13421,44,71,0.6197183098591549,False,45,62,0.7258064516129032,True,57,76,0.75,True,False,42,44,0.9545454545454546,True,75,77,0.974025974025974,True,50,56,0.8928571428571429,True,True
Q13442,56,71,0.7887323943661971,True,53,62,0.8548387096774194,True,56,76,0.7368421052631579,True,True,39,44,0.8863636363636364,True,64,77,0.8311688311688312,True,42,56,0.75,True,True
Q13444,56,71,0.7887323943661971,True,51,62,0.8225806451612904,True,61,76,0.8026315789473685,True,True,43,44,0.9772727272727273,True,75,77,0.974025974025974,True,54,56,0.9642857142857143,True,True
Q13477,71,71,1.0,True,62,62,1.0,True,76,76,1.0,True,True,44,44,1.0,True,77,77,1.0,True,56,56,1.0,True,True
Q13526,64,71,0.9014084507042254,True,53,62,0.8548387096774194,True,56,76,0.7368421052631579,True,True,31,44,0.7045454545454546,True,59,77,0.7662337662337663,True,43,56,0.7678571428571429,True,True
Q13576,71,71,1.0,True,60,62,0.967741935483871,True,76,76,1.0,True,True,43,44,0.9772727272727273,True,77,77,1.0,True,55,56,0.9821428571428571,True,True
Q13609,69,71,0.971830985915493,True,61,62,0.9838709677419355,True,73,76,0.9605263157894737,True,True,43,44,0.9772727272727273,True,75,77,0.974025974025974,True,53,56,0.9464285714285714,True,True
Q13630,64,71,0.9014084507042254,True,54,62,0.8709677419354839,True,54,76,0.7105263157894737,True,True,41,44,0.9318181818181818,True,72,77,0.935064935064935,True,51,56,0.9107142857142857,True,True
Q13642,61,71,0.8591549295774648,True,53,62,0.8548387096774194,True,65,76,0.8552631578947368,True,True,44,44,1.0,True,76,77,0.987012987012987,True,56,56,1.0,True,True
Q13740,71,71,1.0,True,62,62,1.0,True,76,76,1.0,True,True,44,44,1.0,True,77,77,1.0,True,56,56,1.0,True,True
Q13790,71,71,1.0,True,62,62,1.0,True,76,76,1.0,True,True,44,44,1.0,True,77,77,1.0,True,56,56,1.0,True,True
Q13822,58,71,0.8169014084507042,True,56,62,0.9032258064516129,True,65,76,0.8552631578947368,True,True,36,44,0.8181818181818182,True,66,77,0.8571428571428571,True,41,56,0.7321428571428571,True,True
Q13867,71,71,1.0,True,60,62,0.967741935483871,True,76,76,1.0,True,True,39,44,0.8863636363636364,True,75,77,0.974025974025974,True,51,56,0.9107142857142857,True,True
Q13885,71,71,1.0,True,62,62,1.0,True,75,76,0.9868421052631579,True,True,44,44,1.0,True,76,77,0.987012987012987,True,54,56,0.9642857142857143,True,True
Q14019,64,71,0.9014084507042254,True,58,62,0.9354838709677419,True,68,76,0.8947368421052632,True,True,41,44,0.9318181818181818,True,68,77,0.8831168831168831,True,53,56,0.9464285714285714,True,True
Q14112,71,71,1.0,True,62,62,1.0,True,76,76,1.0,True,True,44,44,1.0,True,77,77,1.0,True,56,56,1.0,True,True
Q14118,71,71,1.0,True,62,62,1.0,True,76,76,1.0,True,True,44,44,1.0,True,77,77,1.0,True,56,56,1.0,True,True
Q14126,71,71,1.0,True,62,62,1.0,True,76,76,1.0,True,True,44,44,1.0,True,77,77,1.0,True,56,56,1.0,True,True
Q14203,69,71,0.971830985915493,True,62,62,1.0,True,73,76,0.9605263157894737,True,True,43,44,0.9772727272727273,True,76,77,0.987012987012987,True,55,56,0.9821428571428571,True,True
Q14204,59,71,0.8309859154929577,True,47,62,0.7580645161290323,True,59,76,0.7763157894736842,True,True,41,44,0.9318181818181818,True,73,77,0.948051948051948,True,49,56,0.875,True,True
Q14213,58,71,0.8169014084507042,True,54,62,0.8709677419354839,True,57,76,0.75,True,True,35,44,0.7954545454545454,True,64,77,0.8311688311688312,True,43,56,0.7678571428571429,True,True
Q14242,71,71,1.0,True,62,62,1.0,True,76,76,1.0,True,True,44,44,1.0,True,77,77,1.0,True,56,56,1.0,True,True
Q14247,62,71,0.8732394366197183,True,55,62,0.8870967741935484,True,65,76,0.8552631578947368,True,True,39,44,0.8863636363636364,True,68,77,0.8831168831168831,True,51,56,0.9107142857142857,True,True
Q14254,69,71,0.971830985915493,True,61,62,0.9838709677419355,True,73,76,0.9605263157894737,True,True,44,44,1.0,True,77,77,1.0,True,56,56,1.0,True,True
Q14344,54,71,0.7605633802816901,True,50,62,0.8064516129032258,True,56,76,0.7368421052631579,True,True,43,44,0.9772727272727273,True,63,77,0.8181818181818182,True,52,56,0.9285714285714286,True,True
Q14393,71,71,1.0,True,62,62,1.0,True,75,76,0.9868421052631579,True,True,44,44,1.0,True,77,77,1.0,True,55,56,0.9821428571428571,True,True
Q14515,71,71,1.0,True,62,62,1.0,True,76,76,1.0,True,True,44,44,1.0,True,77,77,1.0,True,56,56,1.0,True,True
Q14517,71,71,1.0,True,62,62,1.0,True,76,76,1.0,True,True,44,44,1.0,True,77,77,1.0,True,56,56,1.0,True,True
Q14520,71,71,1.0,True,62,62,1.0,True,76,76,1.0,True,True,44,44,1.0,True,77,77,1.0,True,56,56,1.0,True,True
Q14554,64,71,0.9014084507042254,True,57,62,0.9193548387096774,True,65,76,0.8552631578947368,True,True,39,44,0.8863636363636364,True,71,77,0.922077922077922,True,51,56,0.9107142857142857,True,True
Q14574,71,71,1.0,True,62,62,1.0,True,76,76,1.0,True,True,44,44,1.0,True,77,77,1.0,True,56,56,1.0,True,True
Q14624,71,71,1.0,True,62,62,1.0,True,76,76,1.0,True,True,44,44,1.0,True,77,77,1.0,True,56,56,1.0,True,True
Q14644,63,71,0.8873239436619719,True,52,62,0.8387096774193549,True,59,76,0.7763157894736842,True,True,42,44,0.9545454545454546,True,72,77,0.935064935064935,True,49,56,0.875,True,True
Q14684,69,71,0.971830985915493,True,57,62,0.9193548387096774,True,72,76,0.9473684210526315,True,True,41,44,0.9318181818181818,True,73,77,0.948051948051948,True,52,56,0.9285714285714286,True,True
Q14696,61,71,0.8591549295774648,True,49,62,0.7903225806451613,True,58,76,0.7631578947368421,True,True,33,44,0.75,True,54,77,0.7012987012987013,True,38,56,0.6785714285714286,False,False
Q14697,71,71,1.0,True,62,62,1.0,True,76,76,1.0,True,True,44,44,1.0,True,77,77,1.0,True,56,56,1.0,True,True
Q14764,58,71,0.8169014084507042,True,53,62,0.8548387096774194,True,57,76,0.75,True,True,38,44,0.8636363636363636,True,62,77,0.8051948051948052,True,42,56,0.75,True,True
Q14766,71,71,1.0,True,62,62,1.0,True,76,76,1.0,True,True,44,44,1.0,True,77,77,1.0,True,56,56,1.0,True,True
Q14767,71,71,1.0,True,62,62,1.0,True,75,76,0.9868421052631579,True,True,44,44,1.0,True,77,77,1.0,True,56,56,1.0,True,True
Q14847,71,71,1.0,True,62,62,1.0,True,75,76,0.9868421052631579,True,True,44,44,1.0,True,77,77,1.0,True,56,56,1.0,True,True
Q14956,70,71,0.9859154929577465,True,61,62,0.9838709677419355,True,75,76,0.9868421052631579,True,True,44,44,1.0,True,71,77,0.922077922077922,True,47,56,0.8392857142857143,True,True
Q14974,69,71,0.971830985915493,True,61,62,0.9838709677419355,True,72,76,0.9473684210526315,True,True,43,44,0.9772727272727273,True,73,77,0.948051948051948,True,55,56,0.9821428571428571,True,True
Q14C86,67,71,0.9436619718309859,True,56,62,0.9032258064516129,True,70,76,0.9210526315789473,True,True,40,44,0.9090909090909091,True,75,77,0.974025974025974,True,53,56,0.9464285714285714,True,True
Q15063,71,71,1.0,True,62,62,1.0,True,76,76,1.0,True,True,44,44,1.0,True,77,77,1.0,True,56,56,1.0,True,True
Q15084,69,71,0.971830985915493,True,61,62,0.9838709677419355,True,72,76,0.9473684210526315,True,True,43,44,0.9772727272727273,True,75,77,0.974025974025974,True,52,56,0.9285714285714286,True,True
Q15113,71,71,1.0,True,62,62,1.0,True,76,76,1.0,True,True,44,44,1.0,True,77,77,1.0,True,56,56,1.0,True,True
Q15149,71,71,1.0,True,61,62,0.9838709677419355,True,74,76,0.9736842105263158,True,True,44,44,1.0,True,76,77,0.987012987012987,True,54,56,0.9642857142857143,True,True
Q15166,71,71,1.0,True,62,62,1.0,True,76,76,1.0,True,True,44,44,1.0,True,77,77,1.0,True,56,56,1.0,True,True
Q15185,67,71,0.9436619718309859,True,59,62,0.9516129032258065,True,63,76,0.8289473684210527,True,True,38,44,0.8636363636363636,True,65,77,0.8441558441558441,True,47,56,0.8392857142857143,True,True
Q15293,71,71,1.0,True,62,62,1.0,True,76,76,1.0,True,True,44,44,1.0,True,77,77,1.0,True,56,56,1.0,True,True
Q15365,65,71,0.9154929577464789,True,59,62,0.9516129032258065,True,71,76,0.9342105263157895,True,True,44,44,1.0,True,75,77,0.974025974025974,True,50,56,0.8928571428571429,True,True
Q15366,60,71,0.8450704225352113,True,55,62,0.8870967741935484,True,65,76,0.8552631578947368,True,True,43,44,0.9772727272727273,True,70,77,0.9090909090909091,True,49,56,0.875,True,True
Q15389,58,71,0.8169014084507042,True,57,62,0.9193548387096774,True,66,76,0.868421052631579,True,True,40,44,0.9090909090909091,True,73,77,0.948051948051948,True,56,56,1.0,True,True
Q15404,71,71,1.0,True,62,62,1.0,True,75,76,0.9868421052631579,True,True,44,44,1.0,True,77,77,1.0,True,56,56,1.0,True,True
Q15435,61,71,0.8591549295774648,True,49,62,0.7903225806451613,True,63,76,0.8289473684210527,True,True,38,44,0.8636363636363636,True,63,77,0.8181818181818182,True,45,56,0.8035714285714286,True,True
Q15438,65,71,0.9154929577464789,True,53,62,0.8548387096774194,True,65,76,0.8552631578947368,True,True,42,44,0.9545454545454546,True,68,77,0.8831168831168831,True,45,56,0.8035714285714286,True,True
Q15485,71,71,1.0,True,62,62,1.0,True,76,76,1.0,True,True,44,44,1.0,True,77,77,1.0,True,56,56,1.0,True,True
Q15517,71,71,1.0,True,60,62,0.967741935483871,True,74,76,0.9736842105263158,True,True,44,44,1.0,True,72,77,0.935064935064935,True,50,56,0.8928571428571429,True,True
Q15582,71,71,1.0,True,62,62,1.0,True,76,76,1.0,True,True,44,44,1.0,True,77,77,1.0,True,56,56,1.0,True,True
Q15599,63,71,0.8873239436619719,True,56,62,0.9032258064516129,True,60,76,0.7894736842105263,True,True,42,44,0.9545454545454546,True,70,77,0.9090909090909091,True,49,56,0.875,True,True
Q15691,55,71,0.7746478873239436,True,51,62,0.8225806451612904,True,57,76,0.75,True,True,40,44,0.9090909090909091,True,64,77,0.8311688311688312,True,51,56,0.9107142857142857,True,True
Q15758,63,71,0.8873239436619719,True,56,62,0.9032258064516129,True,58,76,0.7631578947368421,True,True,42,44,0.9545454545454546,True,69,77,0.8961038961038961,True,51,56,0.9107142857142857,True,True
Q15833,64,71,0.9014084507042254,True,58,62,0.9354838709677419,True,62,76,0.8157894736842105,True,True,41,44,0.9318181818181818,True,75,77,0.974025974025974,True,51,56,0.9107142857142857,True,True
Q15848,57,71,0.8028169014084507,True,55,62,0.8870967741935484,True,65,76,0.8552631578947368,True,True,35,44,0.7954545454545454,True,67,77,0.8701298701298701,True,47,56,0.8392857142857143,True,True
Q15904,63,71,0.8873239436619719,True,57,62,0.9193548387096774,True,64,76,0.8421052631578947,True,True,44,44,1.0,True,74,77,0.961038961038961,True,54,56,0.9642857142857143,True,True
Q15907,70,71,0.9859154929577465,True,62,62,1.0,True,75,76,0.9868421052631579,True,True,44,44,1.0,True,77,77,1.0,True,56,56,1.0,True,True
Q15911,64,71,0.9014084507042254,True,61,62,0.9838709677419355,True,71,76,0.9342105263157895,True,True,37,44,0.8409090909090909,True,52,77,0.6753246753246753,False,44,56,0.7857142857142857,True,False
Q15942,71,71,1.0,True,60,62,0.967741935483871,True,76,76,1.0,True,True,44,44,1.0,True,77,77,1.0,True,56,56,1.0,True,True
Q16181,59,71,0.8309859154929577,True,54,62,0.8709677419354839,True,61,76,0.8026315789473685,True,True,41,44,0.9318181818181818,True,67,77,0.8701298701298701,True,46,56,0.8214285714285714,True,True
Q16270,71,71,1.0,True,62,62,1.0,True,76,76,1.0,True,True,44,44,1.0,True,77,77,1.0,True,56,56,1.0,True,True
Q16363,70,71,0.9859154929577465,True,62,62,1.0,True,75,76,0.9868421052631579,True,True,44,44,1.0,True,77,77,1.0,True,56,56,1.0,True,True
Q16378,68,71,0.9577464788732394,True,59,62,0.9516129032258065,True,70,76,0.9210526315789473,True,True,34,44,0.7727272727272727,True,71,77,0.922077922077922,True,46,56,0.8214285714285714,True,True
Q16401,68,71,0.9577464788732394,True,54,62,0.8709677419354839,True,65,76,0.8552631578947368,True,True,41,44,0.9318181818181818,True,66,77,0.8571428571428571,True,49,56,0.875,True,True
Q16543,55,71,0.7746478873239436,True,42,62,0.6774193548387096,False,55,76,0.7236842105263158,True,False,32,44,0.7272727272727273,True,60,77,0.7792207792207793,True,42,56,0.75,True,True
Q16610,71,71,1.0,True,62,62,1.0,True,76,76,1.0,True,True,44,44,1.0,True,77,77,1.0,True,56,56,1.0,True,True
Q16627,71,71,1.0,True,61,62,0.9838709677419355,True,75,76,0.9868421052631579,True,True,44,44,1.0,True,76,77,0.987012987012987,True,55,56,0.9821428571428571,True,True
Q16643,58,71,0.8169014084507042,True,48,62,0.7741935483870968,True,56,76,0.7368421052631579,True,True,35,44,0.7954545454545454,True,62,77,0.8051948051948052,True,47,56,0.8392857142857143,True,True
Q16658,56,71,0.7887323943661971,True,46,62,0.7419354838709677,True,50,76,0.6578947368421053,False,False,37,44,0.8409090909090909,True,66,77,0.8571428571428571,True,43,56,0.7678571428571429,True,True
Q16706,71,71,1.0,True,62,62,1.0,True,76,76,1.0,True,True,44,44,1.0,True,77,77,1.0,True,56,56,1.0,True,True
Q16775,69,71,0.971830985915493,True,59,62,0.9516129032258065,True,65,76,0.8552631578947368,True,True,42,44,0.9545454545454546,True,71,77,0.922077922077922,True,49,56,0.875,True,True
Q16827,51,71,0.7183098591549296,True,51,62,0.8225806451612904,True,54,76,0.7105263157894737,True,True,37,44,0.8409090909090909,True,58,77,0.7532467532467533,True,39,56,0.6964285714285714,False,False
Q16851,63,71,0.8873239436619719,True,52,62,0.8387096774193549,True,63,76,0.8289473684210527,True,True,44,44,1.0,True,73,77,0.948051948051948,True,51,56,0.9107142857142857,True,True
Q27J81,54,71,0.7605633802816901,True,49,62,0.7903225806451613,True,52,76,0.6842105263157895,False,False,39,44,0.8863636363636364,True,62,77,0.8051948051948052,True,47,56,0.8392857142857143,True,True
Q3B726,61,71,0.8591549295774648,True,57,62,0.9193548387096774,True,68,76,0.8947368421052632,True,True,39,44,0.8863636363636364,True,73,77,0.948051948051948,True,49,56,0.875,True,True
Q3SY84,71,71,1.0,True,61,62,0.9838709677419355,True,75,76,0.9868421052631579,True,True,42,44,0.9545454545454546,True,72,77,0.935064935064935,True,51,56,0.9107142857142857,True,True
Q3ZCW2,62,71,0.8732394366197183,True,47,62,0.7580645161290323,True,60,76,0.7894736842105263,True,True,40,44,0.9090909090909091,True,59,77,0.7662337662337663,True,44,56,0.7857142857142857,True,True
Q4LDE5,71,71,1.0,True,62,62,1.0,True,76,76,1.0,True,True,44,44,1.0,True,77,77,1.0,True,56,56,1.0,True,True
Q504Y2,65,71,0.9154929577464789,True,56,62,0.9032258064516129,True,72,76,0.9473684210526315,True,True,42,44,0.9545454545454546,True,76,77,0.987012987012987,True,52,56,0.9285714285714286,True,True
Q53EL9,69,71,0.971830985915493,True,57,62,0.9193548387096774,True,68,76,0.8947368421052632,True,True,40,44,0.9090909090909091,True,70,77,0.9090909090909091,True,46,56,0.8214285714285714,True,True
Q53H76,66,71,0.9295774647887324,True,54,62,0.8709677419354839,True,66,76,0.868421052631579,True,True,40,44,0.9090909090909091,True,74,77,0.961038961038961,True,51,56,0.9107142857142857,True,True
Q53RD9,70,71,0.9859154929577465,True,60,62,0.967741935483871,True,73,76,0.9605263157894737,True,True,44,44,1.0,True,77,77,1.0,True,56,56,1.0,True,True
Q562R1,67,71,0.9436619718309859,True,62,62,1.0,True,74,76,0.9736842105263158,True,True,44,44,1.0,True,76,77,0.987012987012987,True,56,56,1.0,True,True
Q5D862,71,71,1.0,True,62,62,1.0,True,76,76,1.0,True,True,43,44,0.9772727272727273,True,73,77,0.948051948051948,True,55,56,0.9821428571428571,True,True
Q5H9R7,56,71,0.7887323943661971,True,47,62,0.7580645161290323,True,53,76,0.6973684210526315,False,False,39,44,0.8863636363636364,True,63,77,0.8181818181818182,True,43,56,0.7678571428571429,True,True
Q5HYC2,66,71,0.9295774647887324,True,58,62,0.9354838709677419,True,73,76,0.9605263157894737,True,True,42,44,0.9545454545454546,True,73,77,0.948051948051948,True,50,56,0.8928571428571429,True,True
Q5JRA6,71,71,1.0,True,62,62,1.0,True,76,76,1.0,True,True,44,44,1.0,True,77,77,1.0,True,56,56,1.0,True,True
Q5JWF2,49,71,0.6901408450704225,False,48,62,0.7741935483870968,True,60,76,0.7894736842105263,True,False,43,44,0.9772727272727273,True,74,77,0.961038961038961,True,53,56,0.9464285714285714,True,True
Q5QJ74,64,71,0.9014084507042254,True,57,62,0.9193548387096774,True,68,76,0.8947368421052632,True,True,31,44,0.7045454545454546,True,58,77,0.7532467532467533,True,37,56,0.6607142857142857,False,False
Q5SYB0,70,71,0.9859154929577465,True,62,62,1.0,True,76,76,1.0,True,True,43,44,0.9772727272727273,True,75,77,0.974025974025974,True,53,56,0.9464285714285714,True,True
Q5SZK8,68,71,0.9577464788732394,True,61,62,0.9838709677419355,True,74,76,0.9736842105263158,True,True,43,44,0.9772727272727273,True,77,77,1.0,True,56,56,1.0,True,True
Q5T4S7,68,71,0.9577464788732394,True,61,62,0.9838709677419355,True,72,76,0.9473684210526315,True,True,44,44,1.0,True,75,77,0.974025974025974,True,54,56,0.9642857142857143,True,True
Q5TDH0,54,71,0.7605633802816901,True,46,62,0.7419354838709677,True,48,76,0.631578947368421,False,False,40,44,0.9090909090909091,True,68,77,0.8831168831168831,True,49,56,0.875,True,True
Q5TEC6,53,71,0.7464788732394366,True,47,62,0.7580645161290323,True,58,76,0.7631578947368421,True,True,33,44,0.75,True,58,77,0.7532467532467533,True,36,56,0.6428571428571429,False,False
Q5VU65,60,71,0.8450704225352113,True,55,62,0.8870967741935484,True,67,76,0.881578947368421,True,True,37,44,0.8409090909090909,True,69,77,0.8961038961038961,True,51,56,0.9107142857142857,True,True
Q641Q3,70,71,0.9859154929577465,True,61,62,0.9838709677419355,True,74,76,0.9736842105263158,True,True,39,44,0.8863636363636364,True,71,77,0.922077922077922,True,45,56,0.8035714285714286,True,True
Q658P3,65,71,0.9154929577464789,True,58,62,0.9354838709677419,True,72,76,0.9473684210526315,True,True,44,44,1.0,True,77,77,1.0,True,55,56,0.9821428571428571,True,True
Q68DL7,65,71,0.9154929577464789,True,57,62,0.9193548387096774,True,71,76,0.9342105263157895,True,True,38,44,0.8636363636363636,True,66,77,0.8571428571428571,True,50,56,0.8928571428571429,True,True
Q6AHZ1,67,71,0.9436619718309859,True,60,62,0.967741935483871,True,74,76,0.9736842105263158,True,True,42,44,0.9545454545454546,True,74,77,0.961038961038961,True,50,56,0.8928571428571429,True,True
Q6E0U4,71,71,1.0,True,62,62,1.0,True,76,76,1.0,True,True,44,44,1.0,True,77,77,1.0,True,56,56,1.0,True,True
Q6EMK4,71,71,1.0,True,62,62,1.0,True,76,76,1.0,True,True,44,44,1.0,True,77,77,1.0,True,56,56,1.0,True,True
Q6IAA8,66,71,0.9295774647887324,True,56,62,0.9032258064516129,True,55,76,0.7236842105263158,True,True,42,44,0.9545454545454546,True,77,77,1.0,True,44,56,0.7857142857142857,True,True
Q6IBS0,59,71,0.8309859154929577,True,56,62,0.9032258064516129,True,53,76,0.6973684210526315,False,False,37,44,0.8409090909090909,True,62,77,0.8051948051948052,True,41,56,0.7321428571428571,True,True
Q6KB66,71,71,1.0,True,61,62,0.9838709677419355,True,73,76,0.9605263157894737,True,True,42,44,0.9545454545454546,True,74,77,0.961038961038961,True,51,56,0.9107142857142857,True,True
Q6P3X8,62,71,0.8732394366197183,True,54,62,0.8709677419354839,True,66,76,0.868421052631579,True,True,42,44,0.9545454545454546,True,74,77,0.961038961038961,True,50,56,0.8928571428571429,True,True
Q6P4E1,71,71,1.0,True,62,62,1.0,True,76,76,1.0,True,True,44,44,1.0,True,77,77,1.0,True,56,56,1.0,True,True
Q6P988,67,71,0.9436619718309859,True,57,62,0.9193548387096774,True,71,76,0.9342105263157895,True,True,44,44,1.0,True,75,77,0.974025974025974,True,51,56,0.9107142857142857,True,True
Q6PCB0,60,71,0.8450704225352113,True,54,62,0.8709677419354839,True,62,76,0.8157894736842105,True,True,38,44,0.8636363636363636,True,65,77,0.8441558441558441,True,45,56,0.8035714285714286,True,True
Q6Q788,71,71,1.0,True,62,62,1.0,True,76,76,1.0,True,True,44,44,1.0,True,77,77,1.0,True,56,56,1.0,True,True
Q6UVK1,71,71,1.0,True,62,62,1.0,True,76,76,1.0,True,True,44,44,1.0,True,77,77,1.0,True,56,56,1.0,True,True
Q6UW49,66,71,0.9295774647887324,True,60,62,0.967741935483871,True,72,76,0.9473684210526315,True,True,43,44,0.9772727272727273,True,75,77,0.974025974025974,True,52,56,0.9285714285714286,True,True
Q6UWD8,59,71,0.8309859154929577,True,55,62,0.8870967741935484,True,55,76,0.7236842105263158,True,True,41,44,0.9318181818181818,True,66,77,0.8571428571428571,True,50,56,0.8928571428571429,True,True
Q6UWP8,71,71,1.0,True,62,62,1.0,True,76,76,1.0,True,True,44,44,1.0,True,77,77,1.0,True,56,56,1.0,True,True
Q6UX71,71,71,1.0,True,62,62,1.0,True,76,76,1.0,True,True,44,44,1.0,True,77,77,1.0,True,56,56,1.0,True,True
Q6UXB8,71,71,1.0,True,62,62,1.0,True,76,76,1.0,True,True,44,44,1.0,True,77,77,1.0,True,56,56,1.0,True,True
Q6UXD5,71,71,1.0,True,62,62,1.0,True,76,76,1.0,True,True,44,44,1.0,True,77,77,1.0,True,56,56,1.0,True,True
Q6UXH0,70,71,0.9859154929577465,True,59,62,0.9516129032258065,True,76,76,1.0,True,True,44,44,1.0,True,77,77,1.0,True,55,56,0.9821428571428571,True,True
Q6UXI9,71,71,1.0,True,62,62,1.0,True,76,76,1.0,True,True,44,44,1.0,True,77,77,1.0,True,56,56,1.0,True,True
Q6UY14,67,71,0.9436619718309859,True,59,62,0.9516129032258065,True,74,76,0.9736842105263158,True,True,44,44,1.0,True,77,77,1.0,True,56,56,1.0,True,True
Q6V0I7,71,71,1.0,True,62,62,1.0,True,76,76,1.0,True,True,44,44,1.0,True,77,77,1.0,True,56,56,1.0,True,True
Q6X4W1,55,71,0.7746478873239436,True,51,62,0.8225806451612904,True,61,76,0.8026315789473685,True,True,40,44,0.9090909090909091,True,65,77,0.8441558441558441,True,49,56,0.875,True,True
Q6YHK3,71,71,1.0,True,62,62,1.0,True,76,76,1.0,True,True,44,44,1.0,True,77,77,1.0,True,56,56,1.0,True,True
Q6ZMY3,63,71,0.8873239436619719,True,60,62,0.967741935483871,True,71,76,0.9342105263157895,True,True,38,44,0.8636363636363636,True,71,77,0.922077922077922,True,48,56,0.8571428571428571,True,True
Q6ZN30,68,71,0.9577464788732394,True,59,62,0.9516129032258065,True,74,76,0.9736842105263158,True,True,43,44,0.9772727272727273,True,74,77,0.961038961038961,True,56,56,1.0,True,True
Q6ZRK6,58,71,0.8169014084507042,True,57,62,0.9193548387096774,True,65,76,0.8552631578947368,True,True,36,44,0.8181818181818182,True,58,77,0.7532467532467533,True,40,56,0.7142857142857143,True,True
Q6ZRP7,71,71,1.0,True,62,62,1.0,True,76,76,1.0,True,True,44,44,1.0,True,77,77,1.0,True,56,56,1.0,True,True
Q76I76,59,71,0.8309859154929577,True,55,62,0.8870967741935484,True,62,76,0.8157894736842105,True,True,41,44,0.9318181818181818,True,61,77,0.7922077922077922,True,50,56,0.8928571428571429,True,True
Q76LX8,71,71,1.0,True,62,62,1.0,True,76,76,1.0,True,True,44,44,1.0,True,77,77,1.0,True,56,56,1.0,True,True
Q7L014,69,71,0.971830985915493,True,60,62,0.967741935483871,True,70,76,0.9210526315789473,True,True,42,44,0.9545454545454546,True,74,77,0.961038961038961,True,52,56,0.9285714285714286,True,True
Q7L576,65,71,0.9154929577464789,True,57,62,0.9193548387096774,True,68,76,0.8947368421052632,True,True,44,44,1.0,True,76,77,0.987012987012987,True,53,56,0.9464285714285714,True,True
Q7L9L4,57,71,0.8028169014084507,True,48,62,0.7741935483870968,True,52,76,0.6842105263157895,False,False,32,44,0.7272727272727273,True,62,77,0.8051948051948052,True,44,56,0.7857142857142857,True,True
Q7LDG7,50,71,0.704225352112676,True,47,62,0.7580645161290323,True,49,76,0.6447368421052632,False,False,41,44,0.9318181818181818,True,63,77,0.8181818181818182,True,47,56,0.8392857142857143,True,True
Q7LFX5,71,71,1.0,True,62,62,1.0,True,76,76,1.0,True,True,44,44,1.0,True,77,77,1.0,True,56,56,1.0,True,True
Q7LGC8,71,71,1.0,True,62,62,1.0,True,76,76,1.0,True,True,44,44,1.0,True,77,77,1.0,True,56,56,1.0,True,True
Q7Z304,63,71,0.8873239436619719,True,62,62,1.0,True,68,76,0.8947368421052632,True,True,41,44,0.9318181818181818,True,69,77,0.8961038961038961,True,45,56,0.8035714285714286,True,True
Q7Z3Y7,71,71,1.0,True,61,62,0.9838709677419355,True,76,76,1.0,True,True,44,44,1.0,True,77,77,1.0,True,55,56,0.9821428571428571,True,True
Q7Z4R8,54,71,0.7605633802816901,True,49,62,0.7903225806451613,True,56,76,0.7368421052631579,True,True,36,44,0.8181818181818182,True,55,77,0.7142857142857143,True,37,56,0.6607142857142857,False,False
Q7Z5L7,56,71,0.7887323943661971,True,55,62,0.8870967741935484,True,62,76,0.8157894736842105,True,True,33,44,0.75,True,63,77,0.8181818181818182,True,40,56,0.7142857142857143,True,True
Q7Z6Z7,68,71,0.9577464788732394,True,61,62,0.9838709677419355,True,73,76,0.9605263157894737,True,True,43,44,0.9772727272727273,True,75,77,0.974025974025974,True,55,56,0.9821428571428571,True,True
Q7Z794,71,71,1.0,True,62,62,1.0,True,75,76,0.9868421052631579,True,True,44,44,1.0,True,76,77,0.987012987012987,True,51,56,0.9107142857142857,True,True
Q7Z7G0,71,71,1.0,True,62,62,1.0,True,76,76,1.0,True,True,44,44,1.0,True,77,77,1.0,True,56,56,1.0,True,True
Q7Z7M8,71,71,1.0,True,62,62,1.0,True,76,76,1.0,True,True,44,44,1.0,True,77,77,1.0,True,55,56,0.9821428571428571,True,True
Q7Z7M9,69,71,0.971830985915493,True,61,62,0.9838709677419355,True,68,76,0.8947368421052632,True,True,39,44,0.8863636363636364,True,73,77,0.948051948051948,True,50,56,0.8928571428571429,True,True
Q86SF2,52,71,0.7323943661971831,True,53,62,0.8548387096774194,True,60,76,0.7894736842105263,True,True,35,44,0.7954545454545454,True,62,77,0.8051948051948052,True,41,56,0.7321428571428571,True,True
Q86SG5,65,71,0.9154929577464789,True,56,62,0.9032258064516129,True,69,76,0.9078947368421053,True,True,37,44,0.8409090909090909,True,66,77,0.8571428571428571,True,37,56,0.6607142857142857,False,False
Q86SQ4,71,71,1.0,True,62,62,1.0,True,76,76,1.0,True,True,44,44,1.0,True,77,77,1.0,True,56,56,1.0,True,True
Q86TH1,71,71,1.0,True,62,62,1.0,True,76,76,1.0,True,True,44,44,1.0,True,77,77,1.0,True,56,56,1.0,True,True
Q86TY3,71,71,1.0,True,62,62,1.0,True,76,76,1.0,True,True,44,44,1.0,True,77,77,1.0,True,56,56,1.0,True,True
Q86U17,71,71,1.0,True,61,62,0.9838709677419355,True,76,76,1.0,True,True,44,44,1.0,True,76,77,0.987012987012987,True,56,56,1.0,True,True
Q86UD1,71,71,1.0,True,62,62,1.0,True,76,76,1.0,True,True,44,44,1.0,True,77,77,1.0,True,56,56,1.0,True,True
Q86UX2,71,71,1.0,True,62,62,1.0,True,75,76,0.9868421052631579,True,True,44,44,1.0,True,76,77,0.987012987012987,True,56,56,1.0,True,True
Q86UX7,71,71,1.0,True,62,62,1.0,True,76,76,1.0,True,True,44,44,1.0,True,77,77,1.0,True,56,56,1.0,True,True
Q86VP6,71,71,1.0,True,62,62,1.0,True,76,76,1.0,True,True,44,44,1.0,True,77,77,1.0,True,56,56,1.0,True,True
Q86WI1,71,71,1.0,True,62,62,1.0,True,76,76,1.0,True,True,44,44,1.0,True,77,77,1.0,True,56,56,1.0,True,True
Q86X29,71,71,1.0,True,62,62,1.0,True,76,76,1.0,True,True,44,44,1.0,True,77,77,1.0,True,55,56,0.9821428571428571,True,True
Q86Y38,67,71,0.9436619718309859,True,58,62,0.9354838709677419,True,70,76,0.9210526315789473,True,True,41,44,0.9318181818181818,True,73,77,0.948051948051948,True,54,56,0.9642857142857143,True,True
Q86YZ3,71,71,1.0,True,62,62,1.0,True,76,76,1.0,True,True,44,44,1.0,True,76,77,0.987012987012987,True,56,56,1.0,True,True
Q8IUK5,71,71,1.0,True,62,62,1.0,True,76,76,1.0,True,True,44,44,1.0,True,77,77,1.0,True,56,56,1.0,True,True
Q8IUL8,71,71,1.0,True,62,62,1.0,True,76,76,1.0,True,True,44,44,1.0,True,77,77,1.0,True,56,56,1.0,True,True
Q8IUX7,71,71,1.0,True,62,62,1.0,True,76,76,1.0,True,True,44,44,1.0,True,77,77,1.0,True,56,56,1.0,True,True
Q8IVW4,70,71,0.9859154929577465,True,62,62,1.0,True,75,76,0.9868421052631579,True,True,44,44,1.0,True,76,77,0.987012987012987,True,52,56,0.9285714285714286,True,True
Q8IWE2,62,71,0.8732394366197183,True,53,62,0.8548387096774194,True,64,76,0.8421052631578947,True,True,32,44,0.7272727272727273,True,70,77,0.9090909090909091,True,45,56,0.8035714285714286,True,True
Q8IWU5,62,71,0.8732394366197183,True,53,62,0.8548387096774194,True,56,76,0.7368421052631579,True,True,42,44,0.9545454545454546,True,67,77,0.8701298701298701,True,47,56,0.8392857142857143,True,True
Q8IXL6,69,71,0.971830985915493,True,62,62,1.0,True,76,76,1.0,True,True,40,44,0.9090909090909091,True,73,77,0.948051948051948,True,51,56,0.9107142857142857,True,True
Q8IYI6,64,71,0.9014084507042254,True,56,62,0.9032258064516129,True,64,76,0.8421052631578947,True,True,39,44,0.8863636363636364,True,74,77,0.961038961038961,True,42,56,0.75,True,True
Q8IZA0,67,71,0.9436619718309859,True,59,62,0.9516129032258065,True,72,76,0.9473684210526315,True,True,42,44,0.9545454545454546,True,75,77,0.974025974025974,True,48,56,0.8571428571428571,True,True
Q8IZF2,71,71,1.0,True,62,62,1.0,True,76,76,1.0,True,True,44,44,1.0,True,77,77,1.0,True,56,56,1.0,True,True
Q8IZP7,71,71,1.0,True,62,62,1.0,True,76,76,1.0,True,True,44,44,1.0,True,77,77,1.0,True,56,56,1.0,True,True
Q8IZP9,71,71,1.0,True,62,62,1.0,True,75,76,0.9868421052631579,True,True,44,44,1.0,True,77,77,1.0,True,56,56,1.0,True,True
Q8IZS8,57,71,0.8028169014084507,True,52,62,0.8387096774193549,True,62,76,0.8157894736842105,True,True,34,44,0.7727272727272727,True,62,77,0.8051948051948052,True,46,56,0.8214285714285714,True,True
Q8N128,66,71,0.9295774647887324,True,62,62,1.0,True,70,76,0.9210526315789473,True,True,39,44,0.8863636363636364,True,68,77,0.8831168831168831,True,50,56,0.8928571428571429,True,True
Q8N1N4,71,71,1.0,True,62,62,1.0,True,76,76,1.0,True,True,44,44,1.0,True,77,77,1.0,True,56,56,1.0,True,True
Q8N257,57,71,0.8028169014084507,True,47,62,0.7580645161290323,True,65,76,0.8552631578947368,True,True,36,44,0.8181818181818182,True,61,77,0.7922077922077922,True,43,56,0.7678571428571429,True,True
Q8N307,71,71,1.0,True,61,62,0.9838709677419355,True,76,76,1.0,True,True,44,44,1.0,True,77,77,1.0,True,56,56,1.0,True,True
Q8N3T1,69,71,0.971830985915493,True,59,62,0.9516129032258065,True,72,76,0.9473684210526315,True,True,38,44,0.8636363636363636,True,73,77,0.948051948051948,True,54,56,0.9642857142857143,True,True
Q8N8M0,61,71,0.8591549295774648,True,56,62,0.9032258064516129,True,65,76,0.8552631578947368,True,True,36,44,0.8181818181818182,True,61,77,0.7922077922077922,True,48,56,0.8571428571428571,True,True
Q8NBJ4,71,71,1.0,True,62,62,1.0,True,76,76,1.0,True,True,44,44,1.0,True,77,77,1.0,True,56,56,1.0,True,True
Q8NBJ7,49,71,0.6901408450704225,False,46,62,0.7419354838709677,True,52,76,0.6842105263157895,False,False,43,44,0.9772727272727273,True,74,77,0.961038961038961,True,48,56,0.8571428571428571,True,True
Q8NBP7,71,71,1.0,True,62,62,1.0,True,76,76,1.0,True,True,44,44,1.0,True,77,77,1.0,True,56,56,1.0,True,True
Q8NBS9,66,71,0.9295774647887324,True,56,62,0.9032258064516129,True,67,76,0.881578947368421,True,True,42,44,0.9545454545454546,True,71,77,0.922077922077922,True,48,56,0.8571428571428571,True,True
Q8NCH0,52,71,0.7323943661971831,True,51,62,0.8225806451612904,True,55,76,0.7236842105263158,True,True,43,44,0.9772727272727273,True,71,77,0.922077922077922,True,47,56,0.8392857142857143,True,True
Q8NDA2,61,71,0.8591549295774648,True,53,62,0.8548387096774194,True,62,76,0.8157894736842105,True,True,40,44,0.9090909090909091,True,60,77,0.7792207792207793,True,37,56,0.6607142857142857,False,False
Q8NEH6,53,71,0.7464788732394366,True,53,62,0.8548387096774194,True,68,76,0.8947368421052632,True,True,40,44,0.9090909090909091,True,73,77,0.948051948051948,True,52,56,0.9285714285714286,True,True
Q8NFL0,58,71,0.8169014084507042,True,55,62,0.8870967741935484,True,58,76,0.7631578947368421,True,True,43,44,0.9772727272727273,True,74,77,0.961038961038961,True,49,56,0.875,True,True
Q8NFU4,63,71,0.8873239436619719,True,58,62,0.9354838709677419,True,68,76,0.8947368421052632,True,True,44,44,1.0,True,75,77,0.974025974025974,True,51,56,0.9107142857142857,True,True
Q8NG11,54,71,0.7605633802816901,True,41,62,0.6612903225806451,False,55,76,0.7236842105263158,True,False,38,44,0.8636363636363636,True,65,77,0.8441558441558441,True,48,56,0.8571428571428571,True,True
Q8NI51,69,71,0.971830985915493,True,58,62,0.9354838709677419,True,75,76,0.9868421052631579,True,True,44,44,1.0,True,75,77,0.974025974025974,True,51,56,0.9107142857142857,True,True
Q8NI99,71,71,1.0,True,62,62,1.0,True,76,76,1.0,True,True,44,44,1.0,True,77,77,1.0,True,56,56,1.0,True,True
Q8TB73,69,71,0.971830985915493,True,62,62,1.0,True,72,76,0.9473684210526315,True,True,44,44,1.0,True,77,77,1.0,True,56,56,1.0,True,True
Q8TC71,53,71,0.7464788732394366,True,56,62,0.9032258064516129,True,66,76,0.868421052631579,True,True,39,44,0.8863636363636364,True,67,77,0.8701298701298701,True,40,56,0.7142857142857143,True,True
Q8TD06,67,71,0.9436619718309859,True,59,62,0.9516129032258065,True,72,76,0.9473684210526315,True,True,41,44,0.9318181818181818,True,76,77,0.987012987012987,True,54,56,0.9642857142857143,True,True
Q8TDL5,71,71,1.0,True,62,62,1.0,True,76,76,1.0,True,True,44,44,1.0,True,77,77,1.0,True,56,56,1.0,True,True
Q8TER0,71,71,1.0,True,62,62,1.0,True,76,76,1.0,True,True,44,44,1.0,True,77,77,1.0,True,56,56,1.0,True,True
Q8WUA8,71,71,1.0,True,62,62,1.0,True,75,76,0.9868421052631579,True,True,44,44,1.0,True,77,77,1.0,True,55,56,0.9821428571428571,True,True
Q8WUJ3,68,71,0.9577464788732394,True,60,62,0.967741935483871,True,71,76,0.9342105263157895,True,True,43,44,0.9772727272727273,True,76,77,0.987012987012987,True,55,56,0.9821428571428571,True,True
Q8WUM4,71,71,1.0,True,62,62,1.0,True,76,76,1.0,True,True,44,44,1.0,True,77,77,1.0,True,56,56,1.0,True,True
Q8WUT4,70,71,0.9859154929577465,True,62,62,1.0,True,75,76,0.9868421052631579,True,True,44,44,1.0,True,77,77,1.0,True,54,56,0.9642857142857143,True,True
Q8WVN8,61,71,0.8591549295774648,True,58,62,0.9354838709677419,True,66,76,0.868421052631579,True,True,36,44,0.8181818181818182,True,69,77,0.8961038961038961,True,48,56,0.8571428571428571,True,True
Q8WVV4,65,71,0.9154929577464789,True,53,62,0.8548387096774194,True,64,76,0.8421052631578947,True,True,35,44,0.7954545454545454,True,62,77,0.8051948051948052,True,40,56,0.7142857142857143,True,True
Q8WWA0,71,71,1.0,True,62,62,1.0,True,76,76,1.0,True,True,44,44,1.0,True,77,77,1.0,True,56,56,1.0,True,True
Q8WWV6,71,71,1.0,True,62,62,1.0,True,75,76,0.9868421052631579,True,True,44,44,1.0,True,77,77,1.0,True,56,56,1.0,True,True
Q8WWZ8,71,71,1.0,True,62,62,1.0,True,76,76,1.0,True,True,44,44,1.0,True,77,77,1.0,True,56,56,1.0,True,True
Q8WXI7,61,71,0.8591549295774648,True,52,62,0.8387096774193549,True,62,76,0.8157894736842105,True,True,37,44,0.8409090909090909,True,62,77,0.8051948051948052,True,42,56,0.75,True,True
Q8WZ42,71,71,1.0,True,62,62,1.0,True,76,76,1.0,True,True,44,44,1.0,True,77,77,1.0,True,55,56,0.9821428571428571,True,True
Q92187,71,71,1.0,True,62,62,1.0,True,76,76,1.0,True,True,44,44,1.0,True,77,77,1.0,True,56,56,1.0,True,True
Q92496,67,71,0.9436619718309859,True,61,62,0.9838709677419355,True,74,76,0.9736842105263158,True,True,41,44,0.9318181818181818,True,72,77,0.935064935064935,True,48,56,0.8571428571428571,True,True
Q92530,54,71,0.7605633802816901,True,48,62,0.7741935483870968,True,53,76,0.6973684210526315,False,False,40,44,0.9090909090909091,True,72,77,0.935064935064935,True,52,56,0.9285714285714286,True,True
Q92563,69,71,0.971830985915493,True,61,62,0.9838709677419355,True,73,76,0.9605263157894737,True,True,40,44,0.9090909090909091,True,72,77,0.935064935064935,True,45,56,0.8035714285714286,True,True
Q92614,59,71,0.8309859154929577,True,54,62,0.8709677419354839,True,60,76,0.7894736842105263,True,True,34,44,0.7727272727272727,True,68,77,0.8831168831168831,True,43,56,0.7678571428571429,True,True
Q92688,69,71,0.971830985915493,True,58,62,0.9354838709677419,True,71,76,0.9342105263157895,True,True,44,44,1.0,True,77,77,1.0,True,55,56,0.9821428571428571,True,True
Q92696,67,71,0.9436619718309859,True,59,62,0.9516129032258065,True,70,76,0.9210526315789473,True,True,40,44,0.9090909090909091,True,70,77,0.9090909090909091,True,51,56,0.9107142857142857,True,True
Q92743,71,71,1.0,True,62,62,1.0,True,76,76,1.0,True,True,44,44,1.0,True,77,77,1.0,True,56,56,1.0,True,True
Q92752,70,71,0.9859154929577465,True,59,62,0.9516129032258065,True,72,76,0.9473684210526315,True,True,43,44,0.9772727272727273,True,73,77,0.948051948051948,True,50,56,0.8928571428571429,True,True
Q92765,63,71,0.8873239436619719,True,57,62,0.9193548387096774,True,63,76,0.8289473684210527,True,True,36,44,0.8181818181818182,True,68,77,0.8831168831168831,True,40,56,0.7142857142857143,True,True
Q92820,70,71,0.9859154929577465,True,61,62,0.9838709677419355,True,76,76,1.0,True,True,42,44,0.9545454545454546,True,76,77,0.987012987012987,True,50,56,0.8928571428571429,True,True
Q92823,71,71,1.0,True,62,62,1.0,True,76,76,1.0,True,True,44,44,1.0,True,77,77,1.0,True,56,56,1.0,True,True
Q92859,71,71,1.0,True,62,62,1.0,True,76,76,1.0,True,True,44,44,1.0,True,77,77,1.0,True,56,56,1.0,True,True
Q92882,55,71,0.7746478873239436,True,53,62,0.8548387096774194,True,58,76,0.7631578947368421,True,True,38,44,0.8636363636363636,True,62,77,0.8051948051948052,True,37,56,0.6607142857142857,False,False
Q92930,53,71,0.7464788732394366,True,53,62,0.8548387096774194,True,61,76,0.8026315789473685,True,True,38,44,0.8636363636363636,True,74,77,0.961038961038961,True,46,56,0.8214285714285714,True,True
Q92954,71,71,1.0,True,62,62,1.0,True,76,76,1.0,True,True,44,44,1.0,True,77,77,1.0,True,56,56,1.0,True,True
Q93008,64,71,0.9014084507042254,True,52,62,0.8387096774193549,True,58,76,0.7631578947368421,True,True,38,44,0.8636363636363636,True,59,77,0.7662337662337663,True,41,56,0.7321428571428571,True,True
Q93084,56,71,0.7887323943661971,True,47,62,0.7580645161290323,True,59,76,0.7763157894736842,True,True,41,44,0.9318181818181818,True,59,77,0.7662337662337663,True,49,56,0.875,True,True
Q93098,69,71,0.971830985915493,True,57,62,0.9193548387096774,True,69,76,0.9078947368421053,True,True,30,44,0.6818181818181818,False,68,77,0.8831168831168831,True,39,56,0.6964285714285714,False,False
Q969P0,55,71,0.7746478873239436,True,53,62,0.8548387096774194,True,68,76,0.8947368421052632,True,True,38,44,0.8636363636363636,True,72,77,0.935064935064935,True,42,56,0.75,True,True
Q96AP7,48,71,0.676056338028169,False,44,62,0.7096774193548387,True,54,76,0.7105263157894737,True,False,38,44,0.8636363636363636,True,59,77,0.7662337662337663,True,42,56,0.75,True,True
Q96AQ6,71,71,1.0,True,62,62,1.0,True,76,76,1.0,True,True,44,44,1.0,True,77,77,1.0,True,56,56,1.0,True,True
Q96C19,58,71,0.8169014084507042,True,56,62,0.9032258064516129,True,62,76,0.8157894736842105,True,True,34,44,0.7727272727272727,True,61,77,0.7922077922077922,True,44,56,0.7857142857142857,True,True
Q96CW1,60,71,0.8450704225352113,True,54,62,0.8709677419354839,True,58,76,0.7631578947368421,True,True,43,44,0.9772727272727273,True,70,77,0.9090909090909091,True,52,56,0.9285714285714286,True,True
Q96CX2,51,71,0.7183098591549296,True,51,62,0.8225806451612904,True,53,76,0.6973684210526315,False,False,39,44,0.8863636363636364,True,70,77,0.9090909090909091,True,45,56,0.8035714285714286,True,True
Q96DA0,70,71,0.9859154929577465,True,61,62,0.9838709677419355,True,76,76,1.0,True,True,44,44,1.0,True,74,77,0.961038961038961,True,53,56,0.9464285714285714,True,True
Q96DR8,64,71,0.9014084507042254,True,54,62,0.8709677419354839,True,69,76,0.9078947368421053,True,True,42,44,0.9545454545454546,True,55,77,0.7142857142857143,True,36,56,0.6428571428571429,False,False
Q96EE4,71,71,1.0,True,62,62,1.0,True,76,76,1.0,True,True,44,44,1.0,True,77,77,1.0,True,56,56,1.0,True,True
Q96FZ7,56,71,0.7887323943661971,True,48,62,0.7741935483870968,True,56,76,0.7368421052631579,True,True,36,44,0.8181818181818182,True,67,77,0.8701298701298701,True,42,56,0.75,True,True
Q96GI7,62,71,0.8732394366197183,True,56,62,0.9032258064516129,True,67,76,0.881578947368421,True,True,37,44,0.8409090909090909,True,69,77,0.8961038961038961,True,51,56,0.9107142857142857,True,True
Q96GW7,69,71,0.971830985915493,True,58,62,0.9354838709677419,True,68,76,0.8947368421052632,True,True,44,44,1.0,True,75,77,0.974025974025974,True,50,56,0.8928571428571429,True,True
Q96H15,68,71,0.9577464788732394,True,60,62,0.967741935483871,True,71,76,0.9342105263157895,True,True,43,44,0.9772727272727273,True,75,77,0.974025974025974,True,53,56,0.9464285714285714,True,True
Q96IY4,71,71,1.0,True,62,62,1.0,True,76,76,1.0,True,True,44,44,1.0,True,77,77,1.0,True,56,56,1.0,True,True
Q96IZ5,53,71,0.7464788732394366,True,45,62,0.7258064516129032,True,59,76,0.7763157894736842,True,True,33,44,0.75,True,66,77,0.8571428571428571,True,51,56,0.9107142857142857,True,True
Q96J42,71,71,1.0,True,62,62,1.0,True,76,76,1.0,True,True,44,44,1.0,True,77,77,1.0,True,56,56,1.0,True,True
Q96JI7,69,71,0.971830985915493,True,62,62,1.0,True,72,76,0.9473684210526315,True,True,43,44,0.9772727272727273,True,75,77,0.974025974025974,True,52,56,0.9285714285714286,True,True
Q96JM4,64,71,0.9014084507042254,True,55,62,0.8870967741935484,True,62,76,0.8157894736842105,True,True,40,44,0.9090909090909091,True,67,77,0.8701298701298701,True,40,56,0.7142857142857143,True,True
Q96JP9,46,71,0.647887323943662,False,55,62,0.8870967741935484,True,61,76,0.8026315789473685,True,False,39,44,0.8863636363636364,True,68,77,0.8831168831168831,True,43,56,0.7678571428571429,True,True
Q96JQ0,67,71,0.9436619718309859,True,57,62,0.9193548387096774,True,69,76,0.9078947368421053,True,True,44,44,1.0,True,77,77,1.0,True,54,56,0.9642857142857143,True,True
Q96K76,54,71,0.7605633802816901,True,44,62,0.7096774193548387,True,54,76,0.7105263157894737,True,True,34,44,0.7727272727272727,True,57,77,0.7402597402597403,True,42,56,0.75,True,True
Q96KN2,71,71,1.0,True,62,62,1.0,True,76,76,1.0,True,True,44,44,1.0,True,77,77,1.0,True,56,56,1.0,True,True
Q96KP4,64,71,0.9014084507042254,True,58,62,0.9354838709677419,True,65,76,0.8552631578947368,True,True,44,44,1.0,True,70,77,0.9090909090909091,True,52,56,0.9285714285714286,True,True
Q96L46,71,71,1.0,True,62,62,1.0,True,76,76,1.0,True,True,44,44,1.0,True,77,77,1.0,True,56,56,1.0,True,True
Q96M27,54,71,0.7605633802816901,True,51,62,0.8225806451612904,True,54,76,0.7105263157894737,True,True,41,44,0.9318181818181818,True,71,77,0.922077922077922,True,52,56,0.9285714285714286,True,True
Q96MF2,71,71,1.0,True,62,62,1.0,True,75,76,0.9868421052631579,True,True,44,44,1.0,True,77,77,1.0,True,56,56,1.0,True,True
Q96MT3,50,71,0.704225352112676,True,55,62,0.8870967741935484,True,66,76,0.868421052631579,True,True,33,44,0.75,True,73,77,0.948051948051948,True,44,56,0.7857142857142857,True,True
Q96MY7,67,71,0.9436619718309859,True,61,62,0.9838709677419355,True,75,76,0.9868421052631579,True,True,43,44,0.9772727272727273,True,74,77,0.961038961038961,True,55,56,0.9821428571428571,True,True
Q96NZ9,71,71,1.0,True,62,62,1.0,True,76,76,1.0,True,True,44,44,1.0,True,77,77,1.0,True,56,56,1.0,True,True
Q96P63,71,71,1.0,True,59,62,0.9516129032258065,True,75,76,0.9868421052631579,True,True,44,44,1.0,True,70,77,0.9090909090909091,True,51,56,0.9107142857142857,True,True
Q96P67,60,71,0.8450704225352113,True,53,62,0.8548387096774194,True,59,76,0.7763157894736842,True,True,35,44,0.7954545454545454,True,58,77,0.7532467532467533,True,42,56,0.75,True,True
Q96P70,64,71,0.9014084507042254,True,51,62,0.8225806451612904,True,58,76,0.7631578947368421,True,True,29,44,0.6590909090909091,False,47,77,0.6103896103896104,False,38,56,0.6785714285714286,False,False
Q96PC5,63,71,0.8873239436619719,True,55,62,0.8870967741935484,True,57,76,0.75,True,True,34,44,0.7727272727272727,True,62,77,0.8051948051948052,True,38,56,0.6785714285714286,False,False
Q96PD5,71,71,1.0,True,62,62,1.0,True,76,76,1.0,True,True,44,44,1.0,True,77,77,1.0,True,56,56,1.0,True,True
Q96PL1,69,71,0.971830985915493,True,61,62,0.9838709677419355,True,73,76,0.9605263157894737,True,True,43,44,0.9772727272727273,True,77,77,1.0,True,56,56,1.0,True,True
Q96PL5,51,71,0.7183098591549296,True,54,62,0.8709677419354839,True,56,76,0.7368421052631579,True,True,40,44,0.9090909090909091,True,68,77,0.8831168831168831,True,46,56,0.8214285714285714,True,True
Q96PX8,64,71,0.9014084507042254,True,56,62,0.9032258064516129,True,67,76,0.881578947368421,True,True,38,44,0.8636363636363636,True,68,77,0.8831168831168831,True,46,56,0.8214285714285714,True,True
Q96Q06,71,71,1.0,True,61,62,0.9838709677419355,True,75,76,0.9868421052631579,True,True,44,44,1.0,True,75,77,0.974025974025974,True,56,56,1.0,True,True
Q96QR1,67,71,0.9436619718309859,True,57,62,0.9193548387096774,True,72,76,0.9473684210526315,True,True,42,44,0.9545454545454546,True,73,77,0.948051948051948,True,51,56,0.9107142857142857,True,True
Q96RT1,53,71,0.7464788732394366,True,47,62,0.7580645161290323,True,49,76,0.6447368421052632,False,False,36,44,0.8181818181818182,True,65,77,0.8441558441558441,True,46,56,0.8214285714285714,True,True
Q96S96,71,71,1.0,True,62,62,1.0,True,76,76,1.0,True,True,44,44,1.0,True,77,77,1.0,True,56,56,1.0,True,True
Q96TC7,63,71,0.8873239436619719,True,54,62,0.8709677419354839,True,61,76,0.8026315789473685,True,True,43,44,0.9772727272727273,True,76,77,0.987012987012987,True,48,56,0.8571428571428571,True,True
Q99435,69,71,0.971830985915493,True,62,62,1.0,True,74,76,0.9736842105263158,True,True,44,44,1.0,True,77,77,1.0,True,52,56,0.9285714285714286,True,True
Q99439,61,71,0.8591549295774648,True,55,62,0.8870967741935484,True,62,76,0.8157894736842105,True,True,40,44,0.9090909090909091,True,69,77,0.8961038961038961,True,54,56,0.9642857142857143,True,True
Q99459,66,71,0.9295774647887324,True,60,62,0.967741935483871,True,74,76,0.9736842105263158,True,True,42,44,0.9545454545454546,True,73,77,0.948051948051948,True,53,56,0.9464285714285714,True,True
Q99460,59,71,0.8309859154929577,True,55,62,0.8870967741935484,True,56,76,0.7368421052631579,True,True,39,44,0.8863636363636364,True,67,77,0.8701298701298701,True,51,56,0.9107142857142857,True,True
Q99497,69,71,0.971830985915493,True,59,62,0.9516129032258065,True,72,76,0.9473684210526315,True,True,41,44,0.9318181818181818,True,67,77,0.8701298701298701,True,54,56,0.9642857142857143,True,True
Q99536,70,71,0.9859154929577465,True,62,62,1.0,True,74,76,0.9736842105263158,True,True,44,44,1.0,True,76,77,0.987012987012987,True,55,56,0.9821428571428571,True,True
Q99542,71,71,1.0,True,62,62,1.0,True,76,76,1.0,True,True,44,44,1.0,True,77,77,1.0,True,56,56,1.0,True,True
Q99715,71,71,1.0,True,62,62,1.0,True,76,76,1.0,True,True,44,44,1.0,True,77,77,1.0,True,56,56,1.0,True,True
Q99733,70,71,0.9859154929577465,True,61,62,0.9838709677419355,True,74,76,0.9736842105263158,True,True,44,44,1.0,True,77,77,1.0,True,56,56,1.0,True,True
Q99784,71,71,1.0,True,62,62,1.0,True,76,76,1.0,True,True,44,44,1.0,True,77,77,1.0,True,56,56,1.0,True,True
Q99832,67,71,0.9436619718309859,True,60,62,0.967741935483871,True,68,76,0.8947368421052632,True,True,43,44,0.9772727272727273,True,74,77,0.961038961038961,True,54,56,0.9642857142857143,True,True
Q99895,53,71,0.7464788732394366,True,48,62,0.7741935483870968,True,60,76,0.7894736842105263,True,True,30,44,0.6818181818181818,False,64,77,0.8311688311688312,True,38,56,0.6785714285714286,False,False
Q99969,71,71,1.0,True,62,62,1.0,True,76,76,1.0,True,True,44,44,1.0,True,77,77,1.0,True,56,56,1.0,True,True
Q99972,67,71,0.9436619718309859,True,60,62,0.967741935483871,True,72,76,0.9473684210526315,True,True,42,44,0.9545454545454546,True,72,77,0.935064935064935,True,53,56,0.9464285714285714,True,True
Q99983,71,71,1.0,True,62,62,1.0,True,76,76,1.0,True,True,44,44,1.0,True,77,77,1.0,True,56,56,1.0,True,True
Q99996,57,71,0.8028169014084507,True,51,62,0.8225806451612904,True,59,76,0.7763157894736842,True,True,42,44,0.9545454545454546,True,65,77,0.8441558441558441,True,52,56,0.9285714285714286,True,True
Q9BQE5,67,71,0.9436619718309859,True,55,62,0.8870967741935484,True,65,76,0.8552631578947368,True,True,43,44,0.9772727272727273,True,76,77,0.987012987012987,True,49,56,0.875,True,True
Q9BQS7,52,71,0.7323943661971831,True,49,62,0.7903225806451613,True,52,76,0.6842105263157895,False,False,36,44,0.8181818181818182,True,66,77,0.8571428571428571,True,42,56,0.75,True,True
Q9BRK5,71,71,1.0,True,62,62,1.0,True,76,76,1.0,True,True,44,44,1.0,True,77,77,1.0,True,56,56,1.0,True,True
Q9BS26,71,71,1.0,True,62,62,1.0,True,74,76,0.9736842105263158,True,True,43,44,0.9772727272727273,True,77,77,1.0,True,56,56,1.0,True,True
Q9BSL1,56,71,0.7887323943661971,True,49,62,0.7903225806451613,True,55,76,0.7236842105263158,True,True,39,44,0.8863636363636364,True,65,77,0.8441558441558441,True,48,56,0.8571428571428571,True,True
Q9BTT0,64,71,0.9014084507042254,True,51,62,0.8225806451612904,True,60,76,0.7894736842105263,True,True,42,44,0.9545454545454546,True,69,77,0.8961038961038961,True,45,56,0.8035714285714286,True,True
Q9BU40,69,71,0.971830985915493,True,61,62,0.9838709677419355,True,72,76,0.9473684210526315,True,True,44,44,1.0,True,72,77,0.935064935064935,True,48,56,0.8571428571428571,True,True
Q9BUD6,63,71,0.8873239436619719,True,56,62,0.9032258064516129,True,70,76,0.9210526315789473,True,True,44,44,1.0,True,77,77,1.0,True,55,56,0.9821428571428571,True,True
Q9BUF5,67,71,0.9436619718309859,True,57,62,0.9193548387096774,True,72,76,0.9473684210526315,True,True,40,44,0.9090909090909091,True,70,77,0.9090909090909091,True,52,56,0.9285714285714286,True,True
Q9BUL8,53,71,0.7464788732394366,True,54,62,0.8709677419354839,True,57,76,0.75,True,True,41,44,0.9318181818181818,True,68,77,0.8831168831168831,True,48,56,0.8571428571428571,True,True
Q9BUN1,71,71,1.0,True,62,62,1.0,True,76,76,1.0,True,True,44,44,1.0,True,77,77,1.0,True,56,56,1.0,True,True
Q9BV94,71,71,1.0,True,61,62,0.9838709677419355,True,75,76,0.9868421052631579,True,True,44,44,1.0,True,77,77,1.0,True,53,56,0.9464285714285714,True,True
Q9BWP8,71,71,1.0,True,62,62,1.0,True,76,76,1.0,True,True,44,44,1.0,True,77,77,1.0,True,56,56,1.0,True,True
Q9BWS9,65,71,0.9154929577464789,True,58,62,0.9354838709677419,True,66,76,0.868421052631579,True,True,35,44,0.7954545454545454,True,61,77,0.7922077922077922,True,39,56,0.6964285714285714,False,False
Q9BX67,64,71,0.9014084507042254,True,56,62,0.9032258064516129,True,67,76,0.881578947368421,True,True,37,44,0.8409090909090909,True,63,77,0.8181818181818182,True,41,56,0.7321428571428571,True,True
Q9BX97,66,71,0.9295774647887324,True,55,62,0.8870967741935484,True,63,76,0.8289473684210527,True,True,43,44,0.9772727272727273,True,74,77,0.961038961038961,True,51,56,0.9107142857142857,True,True
Q9BXN1,71,71,1.0,True,62,62,1.0,True,76,76,1.0,True,True,44,44,1.0,True,77,77,1.0,True,56,56,1.0,True,True
Q9BXR6,71,71,1.0,True,62,62,1.0,True,76,76,1.0,True,True,44,44,1.0,True,77,77,1.0,True,54,56,0.9642857142857143,True,True
Q9BXT2,49,71,0.6901408450704225,False,42,62,0.6774193548387096,False,51,76,0.6710526315789473,False,False,40,44,0.9090909090909091,True,66,77,0.8571428571428571,True,46,56,0.8214285714285714,True,True
Q9BXX0,71,71,1.0,True,62,62,1.0,True,76,76,1.0,True,True,44,44,1.0,True,77,77,1.0,True,56,56,1.0,True,True
Q9BY67,71,71,1.0,True,62,62,1.0,True,76,76,1.0,True,True,44,44,1.0,True,77,77,1.0,True,56,56,1.0,True,True
Q9BY76,69,71,0.971830985915493,True,58,62,0.9354838709677419,True,67,76,0.881578947368421,True,True,42,44,0.9545454545454546,True,77,77,1.0,True,52,56,0.9285714285714286,True,True
Q9BYE9,71,71,1.0,True,62,62,1.0,True,76,76,1.0,True,True,44,44,1.0,True,77,77,1.0,True,56,56,1.0,True,True
Q9BYH1,71,71,1.0,True,62,62,1.0,True,76,76,1.0,True,True,44,44,1.0,True,77,77,1.0,True,56,56,1.0,True,True
Q9BYJ0,71,71,1.0,True,62,62,1.0,True,76,76,1.0,True,True,44,44,1.0,True,77,77,1.0,True,56,56,1.0,True,True
Q9BZE9,71,71,1.0,True,62,62,1.0,True,76,76,1.0,True,True,44,44,1.0,True,77,77,1.0,True,55,56,0.9821428571428571,True,True
Q9BZQ8,67,71,0.9436619718309859,True,60,62,0.967741935483871,True,68,76,0.8947368421052632,True,True,40,44,0.9090909090909091,True,73,77,0.948051948051948,True,56,56,1.0,True,True
Q9C075,66,71,0.9295774647887324,True,58,62,0.9354838709677419,True,71,76,0.9342105263157895,True,True,40,44,0.9090909090909091,True,68,77,0.8831168831168831,True,43,56,0.7678571428571429,True,True
Q9C0C9,71,71,1.0,True,62,62,1.0,True,74,76,0.9736842105263158,True,True,44,44,1.0,True,77,77,1.0,True,55,56,0.9821428571428571,True,True
Q9GZM7,68,71,0.9577464788732394,True,59,62,0.9516129032258065,True,70,76,0.9210526315789473,True,True,43,44,0.9772727272727273,True,74,77,0.961038961038961,True,50,56,0.8928571428571429,True,True
Q9H0B8,55,71,0.7746478873239436,True,50,62,0.8064516129032258,True,57,76,0.75,True,True,36,44,0.8181818181818182,True,65,77,0.8441558441558441,True,44,56,0.7857142857142857,True,True
Q9H0U4,71,71,1.0,True,62,62,1.0,True,76,76,1.0,True,True,44,44,1.0,True,77,77,1.0,True,56,56,1.0,True,True
Q9H159,71,71,1.0,True,62,62,1.0,True,76,76,1.0,True,True,44,44,1.0,True,77,77,1.0,True,56,56,1.0,True,True
Q9H173,64,71,0.9014084507042254,True,58,62,0.9354838709677419,True,71,76,0.9342105263157895,True,True,42,44,0.9545454545454546,True,75,77,0.974025974025974,True,50,56,0.8928571428571429,True,True
Q9H1B5,71,71,1.0,True,62,62,1.0,True,76,76,1.0,True,True,44,44,1.0,True,77,77,1.0,True,56,56,1.0,True,True
Q9H1Z8,67,71,0.9436619718309859,True,57,62,0.9193548387096774,True,65,76,0.8552631578947368,True,True,40,44,0.9090909090909091,True,70,77,0.9090909090909091,True,48,56,0.8571428571428571,True,True
Q9H251,71,71,1.0,True,62,62,1.0,True,76,76,1.0,True,True,44,44,1.0,True,77,77,1.0,True,56,56,1.0,True,True
Q9H299,69,71,0.971830985915493,True,60,62,0.967741935483871,True,74,76,0.9736842105263158,True,True,43,44,0.9772727272727273,True,76,77,0.987012987012987,True,55,56,0.9821428571428571,True,True
Q9H2K2,53,71,0.7464788732394366,True,51,62,0.8225806451612904,True,57,76,0.75,True,True,35,44,0.7954545454545454,True,59,77,0.7662337662337663,True,44,56,0.7857142857142857,True,True
Q9H2X3,68,71,0.9577464788732394,True,61,62,0.9838709677419355,True,75,76,0.9868421052631579,True,True,43,44,0.9772727272727273,True,75,77,0.974025974025974,True,55,56,0.9821428571428571,True,True
Q9H3G5,71,71,1.0,True,62,62,1.0,True,75,76,0.9868421052631579,True,True,44,44,1.0,True,77,77,1.0,True,56,56,1.0,True,True
Q9H479,60,71,0.8450704225352113,True,40,62,0.6451612903225806,False,50,76,0.6578947368421053,False,False,38,44,0.8636363636363636,True,60,77,0.7792207792207793,True,43,56,0.7678571428571429,True,True
Q9H4A9,55,71,0.7746478873239436,True,53,62,0.8548387096774194,True,65,76,0.8552631578947368,True,True,30,44,0.6818181818181818,False,53,77,0.6883116883116883,False,33,56,0.5892857142857143,False,False
Q9H4B7,70,71,0.9859154929577465,True,61,62,0.9838709677419355,True,75,76,0.9868421052631579,True,True,44,44,1.0,True,77,77,1.0,True,56,56,1.0,True,True
Q9H4G4,71,71,1.0,True,62,62,1.0,True,75,76,0.9868421052631579,True,True,44,44,1.0,True,76,77,0.987012987012987,True,56,56,1.0,True,True
Q9H4M9,70,71,0.9859154929577465,True,60,62,0.967741935483871,True,74,76,0.9736842105263158,True,True,44,44,1.0,True,77,77,1.0,True,55,56,0.9821428571428571,True,True
Q9H5I5,70,71,0.9859154929577465,True,60,62,0.967741935483871,True,75,76,0.9868421052631579,True,True,44,44,1.0,True,77,77,1.0,True,54,56,0.9642857142857143,True,True
Q9H6X2,71,71,1.0,True,62,62,1.0,True,76,76,1.0,True,True,44,44,1.0,True,77,77,1.0,True,56,56,1.0,True,True
Q9H8J5,71,71,1.0,True,62,62,1.0,True,76,76,1.0,True,True,44,44,1.0,True,77,77,1.0,True,56,56,1.0,True,True
Q9H8L6,71,71,1.0,True,62,62,1.0,True,76,76,1.0,True,True,44,44,1.0,True,77,77,1.0,True,56,56,1.0,True,True
Q9HBB8,47,71,0.6619718309859155,False,47,62,0.7580645161290323,True,59,76,0.7763157894736842,True,False,42,44,0.9545454545454546,True,67,77,0.8701298701298701,True,51,56,0.9107142857142857,True,True
Q9HBI1,70,71,0.9859154929577465,True,61,62,0.9838709677419355,True,74,76,0.9736842105263158,True,True,44,44,1.0,True,77,77,1.0,True,55,56,0.9821428571428571,True,True
Q9HBW9,70,71,0.9859154929577465,True,61,62,0.9838709677419355,True,71,76,0.9342105263157895,True,True,44,44,1.0,True,76,77,0.987012987012987,True,52,56,0.9285714285714286,True,True
Q9HC84,69,71,0.971830985915493,True,62,62,1.0,True,71,76,0.9342105263157895,True,True,44,44,1.0,True,75,77,0.974025974025974,True,56,56,1.0,True,True
Q9HCB6,66,71,0.9295774647887324,True,57,62,0.9193548387096774,True,65,76,0.8552631578947368,True,True,38,44,0.8636363636363636,True,62,77,0.8051948051948052,True,45,56,0.8035714285714286,True,True
Q9HCL0,71,71,1.0,True,62,62,1.0,True,76,76,1.0,True,True,44,44,1.0,True,77,77,1.0,True,56,56,1.0,True,True
Q9HCM3,71,71,1.0,True,62,62,1.0,True,76,76,1.0,True,True,44,44,1.0,True,77,77,1.0,True,56,56,1.0,True,True
Q9HCN6,71,71,1.0,True,61,62,0.9838709677419355,True,76,76,1.0,True,True,44,44,1.0,True,76,77,0.987012987012987,True,53,56,0.9464285714285714,True,True
Q9HCU0,71,71,1.0,True,62,62,1.0,True,76,76,1.0,True,True,44,44,1.0,True,77,77,1.0,True,56,56,1.0,True,True
Q9HDC9,71,71,1.0,True,62,62,1.0,True,76,76,1.0,True,True,44,44,1.0,True,77,77,1.0,True,56,56,1.0,True,True
Q9NP55,65,71,0.9154929577464789,True,53,62,0.8548387096774194,True,61,76,0.8026315789473685,True,True,32,44,0.7272727272727273,True,62,77,0.8051948051948052,True,40,56,0.7142857142857143,True,True
Q9NP58,65,71,0.9154929577464789,True,56,62,0.9032258064516129,True,70,76,0.9210526315789473,True,True,43,44,0.9772727272727273,True,77,77,1.0,True,54,56,0.9642857142857143,True,True
Q9NP72,52,71,0.7323943661971831,True,43,62,0.6935483870967742,False,55,76,0.7236842105263158,True,False,37,44,0.8409090909090909,True,58,77,0.7532467532467533,True,44,56,0.7857142857142857,True,True
Q9NP78,65,71,0.9154929577464789,True,57,62,0.9193548387096774,True,66,76,0.868421052631579,True,True,43,44,0.9772727272727273,True,76,77,0.987012987012987,True,54,56,0.9642857142857143,True,True
Q9NPA2,48,71,0.676056338028169,False,48,62,0.7741935483870968,True,47,76,0.618421052631579,False,False,43,44,0.9772727272727273,True,71,77,0.922077922077922,True,50,56,0.8928571428571429,True,True
Q9NPG4,71,71,1.0,True,62,62,1.0,True,76,76,1.0,True,True,44,44,1.0,True,77,77,1.0,True,56,56,1.0,True,True
Q9NPH3,71,71,1.0,True,61,62,0.9838709677419355,True,75,76,0.9868421052631579,True,True,42,44,0.9545454545454546,True,75,77,0.974025974025974,True,52,56,0.9285714285714286,True,True
Q9NPY3,71,71,1.0,True,62,62,1.0,True,75,76,0.9868421052631579,True,True,44,44,1.0,True,77,77,1.0,True,56,56,1.0,True,True
Q9NQ30,71,71,1.0,True,61,62,0.9838709677419355,True,74,76,0.9736842105263158,True,True,44,44,1.0,True,77,77,1.0,True,55,56,0.9821428571428571,True,True
Q9NQ38,71,71,1.0,True,62,62,1.0,True,76,76,1.0,True,True,44,44,1.0,True,77,77,1.0,True,53,56,0.9464285714285714,True,True
Q9NQ76,70,71,0.9859154929577465,True,61,62,0.9838709677419355,True,74,76,0.9736842105263158,True,True,44,44,1.0,True,75,77,0.974025974025974,True,51,56,0.9107142857142857,True,True
Q9NQ79,71,71,1.0,True,62,62,1.0,True,76,76,1.0,True,True,44,44,1.0,True,77,77,1.0,True,56,56,1.0,True,True
Q9NQH7,70,71,0.9859154929577465,True,61,62,0.9838709677419355,True,74,76,0.9736842105263158,True,True,41,44,0.9318181818181818,True,76,77,0.987012987012987,True,53,56,0.9464285714285714,True,True
Q9NR34,63,71,0.8873239436619719,True,58,62,0.9354838709677419,True,70,76,0.9210526315789473,True,True,41,44,0.9318181818181818,True,70,77,0.9090909090909091,True,47,56,0.8392857142857143,True,True
Q9NR99,71,71,1.0,True,62,62,1.0,True,76,76,1.0,True,True,44,44,1.0,True,77,77,1.0,True,56,56,1.0,True,True
Q9NRA1,71,71,1.0,True,62,62,1.0,True,76,76,1.0,True,True,44,44,1.0,True,77,77,1.0,True,56,56,1.0,True,True
Q9NRB3,71,71,1.0,True,62,62,1.0,True,76,76,1.0,True,True,44,44,1.0,True,77,77,1.0,True,56,56,1.0,True,True
Q9NRW1,70,71,0.9859154929577465,True,60,62,0.967741935483871,True,72,76,0.9473684210526315,True,True,44,44,1.0,True,77,77,1.0,True,56,56,1.0,True,True
Q9NRY5,68,71,0.9577464788732394,True,59,62,0.9516129032258065,True,66,76,0.868421052631579,True,True,42,44,0.9545454545454546,True,76,77,0.987012987012987,True,51,56,0.9107142857142857,True,True
Q9NS62,71,71,1.0,True,62,62,1.0,True,75,76,0.9868421052631579,True,True,44,44,1.0,True,76,77,0.987012987012987,True,56,56,1.0,True,True
Q9NS73,68,71,0.9577464788732394,True,60,62,0.967741935483871,True,74,76,0.9736842105263158,True,True,42,44,0.9545454545454546,True,77,77,1.0,True,56,56,1.0,True,True
Q9NSC7,60,71,0.8450704225352113,True,53,62,0.8548387096774194,True,59,76,0.7763157894736842,True,True,42,44,0.9545454545454546,True,69,77,0.8961038961038961,True,45,56,0.8035714285714286,True,True
Q9NT22,62,71,0.8732394366197183,True,54,62,0.8709677419354839,True,65,76,0.8552631578947368,True,True,44,44,1.0,True,75,77,0.974025974025974,True,56,56,1.0,True,True
Q9NT62,69,71,0.971830985915493,True,61,62,0.9838709677419355,True,72,76,0.9473684210526315,True,True,41,44,0.9318181818181818,True,70,77,0.9090909090909091,True,51,56,0.9107142857142857,True,True
Q9NTK5,70,71,0.9859154929577465,True,61,62,0.9838709677419355,True,70,76,0.9210526315789473,True,True,44,44,1.0,True,76,77,0.987012987012987,True,55,56,0.9821428571428571,True,True
Q9NUQ9,68,71,0.9577464788732394,True,59,62,0.9516129032258065,True,70,76,0.9210526315789473,True,True,44,44,1.0,True,74,77,0.961038961038961,True,54,56,0.9642857142857143,True,True
Q9NY65,62,71,0.8732394366197183,True,52,62,0.8387096774193549,True,61,76,0.8026315789473685,True,True,40,44,0.9090909090909091,True,59,77,0.7662337662337663,True,49,56,0.875,True,True
Q9NY97,71,71,1.0,True,62,62,1.0,True,76,76,1.0,True,True,44,44,1.0,True,77,77,1.0,True,56,56,1.0,True,True
Q9NYQ6,71,71,1.0,True,62,62,1.0,True,75,76,0.9868421052631579,True,True,44,44,1.0,True,77,77,1.0,True,56,56,1.0,True,True
Q9NYQ8,64,71,0.9014084507042254,True,56,62,0.9032258064516129,True,69,76,0.9078947368421053,True,True,44,44,1.0,True,74,77,0.961038961038961,True,53,56,0.9464285714285714,True,True
Q9NYU2,71,71,1.0,True,61,62,0.9838709677419355,True,76,76,1.0,True,True,44,44,1.0,True,77,77,1.0,True,56,56,1.0,True,True
Q9NZ08,51,71,0.7183098591549296,True,47,62,0.7580645161290323,True,64,76,0.8421052631578947,True,True,31,44,0.7045454545454546,True,56,77,0.7272727272727273,True,34,56,0.6071428571428571,False,False
Q9NZ53,71,71,1.0,True,61,62,0.9838709677419355,True,76,76,1.0,True,True,44,44,1.0,True,77,77,1.0,True,56,56,1.0,True,True
Q9NZD4,56,71,0.7887323943661971,True,50,62,0.8064516129032258,True,52,76,0.6842105263157895,False,False,35,44,0.7954545454545454,True,63,77,0.8181818181818182,True,44,56,0.7857142857142857,True,True
Q9NZN3,71,71,1.0,True,61,62,0.9838709677419355,True,75,76,0.9868421052631579,True,True,44,44,1.0,True,77,77,1.0,True,56,56,1.0,True,True
Q9NZP8,71,71,1.0,True,62,62,1.0,True,76,76,1.0,True,True,44,44,1.0,True,77,77,1.0,True,56,56,1.0,True,True
Q9NZT1,71,71,1.0,True,61,62,0.9838709677419355,True,76,76,1.0,True,True,44,44,1.0,True,75,77,0.974025974025974,True,55,56,0.9821428571428571,True,True
Q9UBE0,65,71,0.9154929577464789,True,57,62,0.9193548387096774,True,73,76,0.9605263157894737,True,True,44,44,1.0,True,73,77,0.948051948051948,True,52,56,0.9285714285714286,True,True
Q9UBP0,65,71,0.9154929577464789,True,56,62,0.9032258064516129,True,70,76,0.9210526315789473,True,True,41,44,0.9318181818181818,True,68,77,0.8831168831168831,True,53,56,0.9464285714285714,True,True
Q9UBP4,71,71,1.0,True,62,62,1.0,True,76,76,1.0,True,True,44,44,1.0,True,77,77,1.0,True,56,56,1.0,True,True
Q9UBQ6,54,71,0.7605633802816901,True,51,62,0.8225806451612904,True,63,76,0.8289473684210527,True,True,34,44,0.7727272727272727,True,51,77,0.6623376623376623,False,37,56,0.6607142857142857,False,False
Q9UBQ7,53,71,0.7464788732394366,True,45,62,0.7258064516129032,True,50,76,0.6578947368421053,False,False,41,44,0.9318181818181818,True,70,77,0.9090909090909091,True,46,56,0.8214285714285714,True,True
Q9UBS3,64,71,0.9014084507042254,True,56,62,0.9032258064516129,True,67,76,0.881578947368421,True,True,41,44,0.9318181818181818,True,68,77,0.8831168831168831,True,49,56,0.875,True,True
Q9UBS4,45,71,0.6338028169014085,False,44,62,0.7096774193548387,True,46,76,0.6052631578947368,False,False,41,44,0.9318181818181818,True,66,77,0.8571428571428571,True,48,56,0.8571428571428571,True,True
Q9UBS9,70,71,0.9859154929577465,True,61,62,0.9838709677419355,True,74,76,0.9736842105263158,True,True,44,44,1.0,True,75,77,0.974025974025974,True,52,56,0.9285714285714286,True,True
Q9UBU3,44,71,0.6197183098591549,False,41,62,0.6612903225806451,False,48,76,0.631578947368421,False,False,43,44,0.9772727272727273,True,75,77,0.974025974025974,True,56,56,1.0,True,True
Q9UBV8,55,71,0.7746478873239436,True,48,62,0.7741935483870968,True,57,76,0.75,True,True,40,44,0.9090909090909091,True,64,77,0.8311688311688312,True,43,56,0.7678571428571429,True,True
Q9UBW5,60,71,0.8450704225352113,True,57,62,0.9193548387096774,True,63,76,0.8289473684210527,True,True,40,44,0.9090909090909091,True,68,77,0.8831168831168831,True,50,56,0.8928571428571429,True,True
Q9UBX1,70,71,0.9859154929577465,True,62,62,1.0,True,75,76,0.9868421052631579,True,True,42,44,0.9545454545454546,True,76,77,0.987012987012987,True,55,56,0.9821428571428571,True,True
Q9UBX5,71,71,1.0,True,62,62,1.0,True,76,76,1.0,True,True,44,44,1.0,True,77,77,1.0,True,56,56,1.0,True,True
Q9UBX7,68,71,0.9577464788732394,True,59,62,0.9516129032258065,True,74,76,0.9736842105263158,True,True,43,44,0.9772727272727273,True,74,77,0.961038961038961,True,56,56,1.0,True,True
Q9UDX3,55,71,0.7746478873239436,True,54,62,0.8709677419354839,True,63,76,0.8289473684210527,True,True,30,44,0.6818181818181818,False,55,77,0.7142857142857143,True,33,56,0.5892857142857143,False,False
Q9UGM3,70,71,0.9859154929577465,True,59,62,0.9516129032258065,True,72,76,0.9473684210526315,True,True,42,44,0.9545454545454546,True,77,77,1.0,True,56,56,1.0,True,True
Q9UGM5,71,71,1.0,True,62,62,1.0,True,76,76,1.0,True,True,44,44,1.0,True,77,77,1.0,True,56,56,1.0,True,True
Q9UHC1,67,71,0.9436619718309859,True,60,62,0.967741935483871,True,67,76,0.881578947368421,True,True,39,44,0.8863636363636364,True,64,77,0.8311688311688312,True,42,56,0.75,True,True
Q9UHF0,45,71,0.6338028169014085,False,43,62,0.6935483870967742,False,51,76,0.6710526315789473,False,False,41,44,0.9318181818181818,True,75,77,0.974025974025974,True,52,56,0.9285714285714286,True,True
Q9UHG3,71,71,1.0,True,62,62,1.0,True,76,76,1.0,True,True,44,44,1.0,True,77,77,1.0,True,56,56,1.0,True,True
Q9UI15,62,71,0.8732394366197183,True,50,62,0.8064516129032258,True,61,76,0.8026315789473685,True,True,37,44,0.8409090909090909,True,65,77,0.8441558441558441,True,47,56,0.8392857142857143,True,True
Q9UIQ6,59,71,0.8309859154929577,True,51,62,0.8225806451612904,True,62,76,0.8157894736842105,True,True,39,44,0.8863636363636364,True,67,77,0.8701298701298701,True,45,56,0.8035714285714286,True,True
Q9UJC5,54,71,0.7605633802816901,True,47,62,0.7580645161290323,True,51,76,0.6710526315789473,False,False,36,44,0.8181818181818182,True,61,77,0.7922077922077922,True,42,56,0.75,True,True
Q9UJJ9,71,71,1.0,True,62,62,1.0,True,76,76,1.0,True,True,44,44,1.0,True,77,77,1.0,True,56,56,1.0,True,True
Q9UJU6,58,71,0.8169014084507042,True,54,62,0.8709677419354839,True,59,76,0.7763157894736842,True,True,40,44,0.9090909090909091,True,62,77,0.8051948051948052,True,48,56,0.8571428571428571,True,True
Q9UK55,71,71,1.0,True,62,62,1.0,True,76,76,1.0,True,True,44,44,1.0,True,77,77,1.0,True,56,56,1.0,True,True
Q9UKM7,71,71,1.0,True,62,62,1.0,True,76,76,1.0,True,True,44,44,1.0,True,77,77,1.0,True,56,56,1.0,True,True
Q9UKN7,70,71,0.9859154929577465,True,61,62,0.9838709677419355,True,76,76,1.0,True,True,44,44,1.0,True,77,77,1.0,True,56,56,1.0,True,True
Q9UKU9,71,71,1.0,True,62,62,1.0,True,76,76,1.0,True,True,44,44,1.0,True,77,77,1.0,True,56,56,1.0,True,True
Q9UKX5,63,71,0.8873239436619719,True,57,62,0.9193548387096774,True,69,76,0.9078947368421053,True,True,39,44,0.8863636363636364,True,68,77,0.8831168831168831,True,51,56,0.9107142857142857,True,True
Q9UKZ9,71,71,1.0,True,62,62,1.0,True,74,76,0.9736842105263158,True,True,42,44,0.9545454545454546,True,75,77,0.974025974025974,True,56,56,1.0,True,True
Q9UL25,51,71,0.7183098591549296,True,48,62,0.7741935483870968,True,54,76,0.7105263157894737,True,True,42,44,0.9545454545454546,True,61,77,0.7922077922077922,True,44,56,0.7857142857142857,True,True
Q9UL46,69,71,0.971830985915493,True,60,62,0.967741935483871,True,73,76,0.9605263157894737,True,True,44,44,1.0,True,76,77,0.987012987012987,True,55,56,0.9821428571428571,True,True
Q9ULF5,65,71,0.9154929577464789,True,60,62,0.967741935483871,True,71,76,0.9342105263157895,True,True,41,44,0.9318181818181818,True,68,77,0.8831168831168831,True,48,56,0.8571428571428571,True,True
Q9ULI3,71,71,1.0,True,62,62,1.0,True,76,76,1.0,True,True,44,44,1.0,True,77,77,1.0,True,56,56,1.0,True,True
Q9ULV4,61,71,0.8591549295774648,True,56,62,0.9032258064516129,True,63,76,0.8289473684210527,True,True,39,44,0.8863636363636364,True,67,77,0.8701298701298701,True,47,56,0.8392857142857143,True,True
Q9UN70,68,71,0.9577464788732394,True,61,62,0.9838709677419355,True,73,76,0.9605263157894737,True,True,43,44,0.9772727272727273,True,76,77,0.987012987012987,True,55,56,0.9821428571428571,True,True
Q9UNM6,58,71,0.8169014084507042,True,50,62,0.8064516129032258,True,61,76,0.8026315789473685,True,True,39,44,0.8863636363636364,True,55,77,0.7142857142857143,True,45,56,0.8035714285714286,True,True
Q9UNW1,71,71,1.0,True,62,62,1.0,True,76,76,1.0,True,True,44,44,1.0,True,77,77,1.0,True,56,56,1.0,True,True
Q9UPN7,62,71,0.8732394366197183,True,52,62,0.8387096774193549,True,59,76,0.7763157894736842,True,True,37,44,0.8409090909090909,True,64,77,0.8311688311688312,True,48,56,0.8571428571428571,True,True
Q9UQ16,52,71,0.7323943661971831,True,48,62,0.7741935483870968,True,58,76,0.7631578947368421,True,True,41,44,0.9318181818181818,True,72,77,0.935064935064935,True,48,56,0.8571428571428571,True,True
Q9UQ53,64,71,0.9014084507042254,True,58,62,0.9354838709677419,True,68,76,0.8947368421052632,True,True,44,44,1.0,True,73,77,0.948051948051948,True,55,56,0.9821428571428571,True,True
Q9UQ80,69,71,0.971830985915493,True,61,62,0.9838709677419355,True,72,76,0.9473684210526315,True,True,44,44,1.0,True,72,77,0.935064935064935,True,52,56,0.9285714285714286,True,True
Q9Y240,71,71,1.0,True,62,62,1.0,True,76,76,1.0,True,True,44,44,1.0,True,77,77,1.0,True,56,56,1.0,True,True
Q9Y251,46,71,0.647887323943662,False,41,62,0.6612903225806451,False,52,76,0.6842105263157895,False,False,40,44,0.9090909090909091,True,61,77,0.7922077922077922,True,50,56,0.8928571428571429,True,True
Q9Y274,71,71,1.0,True,62,62,1.0,True,76,76,1.0,True,True,44,44,1.0,True,77,77,1.0,True,56,56,1.0,True,True
Q9Y2V2,67,71,0.9436619718309859,True,58,62,0.9354838709677419,True,66,76,0.868421052631579,True,True,43,44,0.9772727272727273,True,71,77,0.922077922077922,True,48,56,0.8571428571428571,True,True
Q9Y376,58,71,0.8169014084507042,True,49,62,0.7903225806451613,True,58,76,0.7631578947368421,True,True,40,44,0.9090909090909091,True,70,77,0.9090909090909091,True,49,56,0.875,True,True
Q9Y490,71,71,1.0,True,62,62,1.0,True,76,76,1.0,True,True,44,44,1.0,True,77,77,1.0,True,56,56,1.0,True,True
Q9Y4E8,69,71,0.971830985915493,True,60,62,0.967741935483871,True,71,76,0.9342105263157895,True,True,44,44,1.0,True,76,77,0.987012987012987,True,56,56,1.0,True,True
Q9Y4F3,67,71,0.9436619718309859,True,61,62,0.9838709677419355,True,73,76,0.9605263157894737,True,True,44,44,1.0,True,77,77,1.0,True,55,56,0.9821428571428571,True,True
Q9Y4L1,71,71,1.0,True,62,62,1.0,True,76,76,1.0,True,True,44,44,1.0,True,77,77,1.0,True,56,56,1.0,True,True
Q9Y543,70,71,0.9859154929577465,True,61,62,0.9838709677419355,True,72,76,0.9473684210526315,True,True,41,44,0.9318181818181818,True,76,77,0.987012987012987,True,53,56,0.9464285714285714,True,True
Q9Y566,65,71,0.9154929577464789,True,51,62,0.8225806451612904,True,66,76,0.868421052631579,True,True,37,44,0.8409090909090909,True,71,77,0.922077922077922,True,47,56,0.8392857142857143,True,True
Q9Y5C1,71,71,1.0,True,62,62,1.0,True,76,76,1.0,True,True,44,44,1.0,True,77,77,1.0,True,56,56,1.0,True,True
Q9Y5X9,70,71,0.9859154929577465,True,60,62,0.967741935483871,True,75,76,0.9868421052631579,True,True,43,44,0.9772727272727273,True,77,77,1.0,True,55,56,0.9821428571428571,True,True
Q9Y5Y7,71,71,1.0,True,62,62,1.0,True,76,76,1.0,True,True,44,44,1.0,True,77,77,1.0,True,56,56,1.0,True,True
Q9Y624,69,71,0.971830985915493,True,59,62,0.9516129032258065,True,73,76,0.9605263157894737,True,True,44,44,1.0,True,77,77,1.0,True,56,56,1.0,True,True
Q9Y625,70,71,0.9859154929577465,True,59,62,0.9516129032258065,True,70,76,0.9210526315789473,True,True,42,44,0.9545454545454546,True,77,77,1.0,True,56,56,1.0,True,True
Q9Y646,70,71,0.9859154929577465,True,62,62,1.0,True,76,76,1.0,True,True,44,44,1.0,True,77,77,1.0,True,56,56,1.0,True,True
Q9Y696,71,71,1.0,True,60,62,0.967741935483871,True,71,76,0.9342105263157895,True,True,43,44,0.9772727272727273,True,77,77,1.0,True,54,56,0.9642857142857143,True,True
Q9Y6B6,67,71,0.9436619718309859,True,58,62,0.9354838709677419,True,70,76,0.9210526315789473,True,True,43,44,0.9772727272727273,True,70,77,0.9090909090909091,True,54,56,0.9642857142857143,True,True
Q9Y6C2,71,71,1.0,True,62,62,1.0,True,76,76,1.0,True,True,44,44,1.0,True,77,77,1.0,True,56,56,1.0,True,True
Q9Y6E0,62,71,0.8732394366197183,True,49,62,0.7903225806451613,True,60,76,0.7894736842105263,True,True,40,44,0.9090909090909091,True,71,77,0.922077922077922,True,48,56,0.8571428571428571,True,True
Q9Y6R7,61,71,0.8591549295774648,True,54,62,0.8709677419354839,True,67,76,0.881578947368421,True,True,34,44,0.7727272727272727,True,57,77,0.7402597402597403,True,32,56,0.5714285714285714,False,False
Q9Y6Z7,71,71,1.0,True,62,62,1.0,True,76,76,1.0,True,True,44,44,1.0,True,77,77,1.0,True,56,56,1.0,True,True
