"PG.ProteinGroups","Contrast","logFC","AveExpr","t","P.Value","adj.P.Val","B","Significant_FDR_0.05"
"Q8TC71","Linear_Dose_Trend",-0.280645492196593,12.7714126731029,-3.99290592831588,7.66199311463807e-05,0.0658202241843368,1.16206558643835,FALSE
"O14594","Linear_Dose_Trend",-0.157687942320255,11.5404132603241,-3.942185302803,9.17994758498422e-05,0.0658202241843368,1.09997752975058,FALSE
"P00738","Linear_Dose_Trend",0.374199601252607,14.4818798965806,3.44808133727991,0.000610391261049045,0.182734460373067,-0.472056492612866,FALSE
"Q92696","Linear_Dose_Trend",-0.181257135576621,9.20255972567773,-3.39983966128308,0.000730634046652964,0.182734460373067,-0.631800826093607,FALSE
"P16112","Linear_Dose_Trend",-0.183751067596798,10.6192276016162,-3.37324999947334,0.000798281726204704,0.182734460373067,-0.692771510345466,FALSE
"Q9UKM7","Linear_Dose_Trend",-0.145272759789647,9.59108330370966,-3.35044328678188,0.000865474262383675,0.182734460373067,-0.759123362907652,FALSE
"O14786","Linear_Dose_Trend",-0.117271030374837,14.1057122819407,-3.32496875649122,0.00094672536828449,0.182734460373067,-0.832729588201158,FALSE
"P13591","Linear_Dose_Trend",-0.145501436025327,13.0415600066814,-3.30383832158437,0.00101943910947318,0.182734460373067,-0.893377504422403,FALSE
"P18827","Linear_Dose_Trend",-0.159797257208933,12.3310194637787,-3.20213203048001,0.00144800202131158,0.22050189637014,-1.18076128470156,FALSE
"Q92859","Linear_Dose_Trend",-0.133150738501601,10.3580887885757,-3.16824184873624,0.00162385933546393,0.22050189637014,-1.27376829187161,FALSE
"Q5VU65","Linear_Dose_Trend",0.340503257696877,11.1033428096121,3.13817326974024,0.00180983720613335,0.22050189637014,-1.37265356971896,FALSE
"Q6P4E1","Linear_Dose_Trend",-0.122493918117022,11.2987990677628,-3.10288319496505,0.00202071465943054,0.22050189637014,-1.45166819655993,FALSE
"Q86TY3","Linear_Dose_Trend",-0.125442632046499,8.84725532054918,-3.10205327281996,0.00202628388367515,0.22050189637014,-1.45390430058487,FALSE
"O60704","Linear_Dose_Trend",-0.143364548132173,8.00567400083972,-3.08408815052049,0.00215273817934585,0.22050189637014,-1.5041912351327,FALSE
"Q9Y274","Linear_Dose_Trend",-0.117976092555974,9.52568151004066,-3.00590669289102,0.0027758771597532,0.232117827814643,-1.70906804430567,FALSE
"P28482","Linear_Dose_Trend",-0.186086428794942,9.66480459812693,-3.00047209151807,0.00282707164179123,0.232117827814643,-1.72430628258555,FALSE
"O75752","Linear_Dose_Trend",-0.0948983911914549,9.08650774546357,-2.97510974427648,0.00306561686994986,0.232117827814643,-1.78933850382128,FALSE
"P32942","Linear_Dose_Trend",-0.121244141743399,9.77838801341332,-2.96254061873664,0.00319084234448668,0.232117827814643,-1.82162918654247,FALSE
"P07333","Linear_Dose_Trend",-0.136709828500163,11.7107416919824,-2.95301979403364,0.00328922108900477,0.232117827814643,-1.84613065476233,FALSE
"Q6ZN30","Linear_Dose_Trend",-0.137291922252874,15.4410483494086,-2.9492593413469,0.00333464605107463,0.232117827814643,-1.85723822024547,FALSE
"P05543","Linear_Dose_Trend",0.148257647011067,9.61578474060375,2.93528513473881,0.00347989445763096,0.232117827814643,-1.89156754285419,FALSE
"Q9Y240","Linear_Dose_Trend",-0.134223684290154,12.7172879304592,-2.92046188497993,0.00364694782979271,0.232117827814643,-1.92934293353402,FALSE
"O94973","Linear_Dose_Trend",0.183709112418341,7.3006284861976,2.91536420440492,0.00372294981850544,0.232117827814643,-1.94600427606706,FALSE
"A0A0C4DH34","Linear_Dose_Trend",0.248224136378752,9.26274418042485,2.89560202770211,0.00395703265432199,0.236224605413795,-1.99455959978739,FALSE
"Q9BS26","Linear_Dose_Trend",-0.187936899971768,9.66366149782884,-2.87185439955145,0.00424864530225188,0.236224605413795,-2.05187550892333,FALSE
"P09326","Linear_Dose_Trend",-0.153333705693239,8.27252669852262,-2.83614665244225,0.00475332002275227,0.236224605413795,-2.14062985457761,FALSE
"P58335","Linear_Dose_Trend",0.116969575485563,9.06891161186794,2.83106291148633,0.00481911374612344,0.236224605413795,-2.1532536140221,FALSE
"Q12797","Linear_Dose_Trend",-0.110475003404414,9.33365917433276,-2.82787091576259,0.00486667732596839,0.236224605413795,-2.16112408496646,FALSE
"P07357","Linear_Dose_Trend",0.130096332798424,13.2653744776644,2.82562974992414,0.00490032677261167,0.236224605413795,-2.16664497847832,FALSE
"P31431","Linear_Dose_Trend",-0.180576751476748,8.97947961589843,-2.82287757270202,0.00494193735175304,0.236224605413795,-2.17341891292635,FALSE
"P05386","Linear_Dose_Trend",-0.156644248276109,8.52301341331791,-2.80735241863967,0.00519229813164296,0.240185661960516,-2.21069453258158,FALSE
"Q14515","Linear_Dose_Trend",-0.120873468742698,14.4478341156698,-2.75629490927554,0.00605144006328906,0.257473043440739,-2.33535356094757,FALSE
"P63000","Linear_Dose_Trend",-0.161824124851409,9.51532367929739,-2.75341251992208,0.00611740365477263,0.257473043440739,-2.34047456165582,FALSE
"P39059","Linear_Dose_Trend",-0.139280232650234,10.3370924022234,-2.74777738408857,0.00620853836959068,0.257473043440739,-2.35579910867861,FALSE
"P12259","Linear_Dose_Trend",-0.0914005483376854,18.0051179461592,-2.72604123870016,0.00662626567040939,0.257473043440739,-2.40769708453497,FALSE
"P22735","Linear_Dose_Trend",-0.247469536787231,8.92787899244459,-2.71477762282776,0.00687994726884091,0.257473043440739,-2.4312364157445,FALSE
"P07585","Linear_Dose_Trend",-0.0969858368241368,12.3218478838271,-2.7094063840209,0.00696289598487192,0.257473043440739,-2.44714537110117,FALSE
"P07359","Linear_Dose_Trend",-0.103556973582481,17.2216117069061,-2.706577657988,0.00702164791633773,0.257473043440739,-2.45383020670123,FALSE
"P05067","Linear_Dose_Trend",-0.187659378391286,11.1199488298907,-2.70233735012783,0.00711055452179942,0.257473043440739,-2.46383821408103,FALSE
"P01709","Linear_Dose_Trend",0.26595283212666,11.8409095849418,2.69937327568403,0.00718195379193136,0.257473043440739,-2.46864480368012,FALSE
"Q9BUN1","Linear_Dose_Trend",-0.162022384769722,11.5226432236128,-2.68009972541237,0.00759361823170277,0.265591427908824,-2.51607459308109,FALSE
"P11226","Linear_Dose_Trend",0.245106746160774,9.37016905630677,2.66117538766783,0.00802819817180196,0.26956092911824,-2.56001879456609,FALSE
"P09603","Linear_Dose_Trend",-0.105027871541908,11.5767337196292,-2.64575720453845,0.00839774947622023,0.26956092911824,-2.59592307217995,FALSE
"A0A075B6J9","Linear_Dose_Trend",0.263429868520329,9.23374051793308,2.64295315234977,0.008486926801227,0.26956092911824,-2.59686569575894,FALSE
"O00468","Linear_Dose_Trend",-0.0947788800121841,10.1802458113195,-2.62642621833623,0.00888324821452922,0.26956092911824,-2.64042928342247,FALSE
"P21810","Linear_Dose_Trend",-0.112920397264509,10.8041489404627,-2.6190728460146,0.00907443231112688,0.26956092911824,-2.65727595699889,FALSE
"Q9Y566","Linear_Dose_Trend",-0.122253838870176,13.2234153508551,-2.6132974809623,0.00926924418039106,0.26956092911824,-2.66235241136017,FALSE
"Q8IZF2","Linear_Dose_Trend",-0.103673132647816,10.4755511402166,-2.60160098992843,0.00954354649133471,0.26956092911824,-2.6971202537477,FALSE
"Q14956","Linear_Dose_Trend",-0.132924385086984,8.13264599466575,-2.57494681660234,0.0103132881854589,0.26956092911824,-2.75441646006491,FALSE
"Q13421","Linear_Dose_Trend",-0.158881376784245,7.37967474212312,-2.57600585877985,0.0103303022442705,0.26956092911824,-2.74248034887086,FALSE
"P21281","Linear_Dose_Trend",0.224830582627095,6.85955223862479,2.57701703826441,0.0103374404937187,0.26956092911824,-2.74167291018417,FALSE
"Q969P0","Linear_Dose_Trend",-0.121202321384792,6.55218704633007,-2.57349310688855,0.0103921890226164,0.26956092911824,-2.7497071636081,FALSE
"Q9H251","Linear_Dose_Trend",-0.119991797926048,10.1743566385053,-2.56842823817087,0.0104942740973987,0.26956092911824,-2.77205721314704,FALSE
"Q7Z6Z7","Linear_Dose_Trend",-0.167215284915305,7.2016888786457,-2.5679148684256,0.0105156824332114,0.26956092911824,-2.77099706302978,FALSE
"Q9NS62","Linear_Dose_Trend",-0.10703907398248,9.39777268852531,-2.55942848271048,0.0107680184488177,0.26956092911824,-2.79199095544196,FALSE
"Q9BXX0","Linear_Dose_Trend",-0.104298851490425,9.85025822369753,-2.5586488599412,0.0107902373031211,0.26956092911824,-2.79397036087896,FALSE
"P35625","Linear_Dose_Trend",-0.172120566788113,8.9238477481363,-2.55118979084238,0.0110294851893201,0.26956092911824,-2.80790548196062,FALSE
"Q15599","Linear_Dose_Trend",-0.142446243796695,6.91723309314914,-2.55146482775342,0.0110548468085201,0.26956092911824,-2.79970211078447,FALSE
"Q8IVW4","Linear_Dose_Trend",-0.137639064007325,10.7039918382996,-2.54917842026979,0.0110907216303878,0.26956092911824,-2.81236380931947,FALSE
"P04264","Linear_Dose_Trend",-0.141552535146269,16.7632817540826,-2.5348448354874,0.011541964622338,0.26962626801292,-2.84696949889593,FALSE
"P49641","Linear_Dose_Trend",-0.105513867888178,9.51224490637486,-2.53253663619639,0.0116172798514732,0.26962626801292,-2.85208302890805,FALSE
"O15335","Linear_Dose_Trend",-0.120287603616327,11.1646172019808,-2.52910142297142,0.0117301786889193,0.26962626801292,-2.85968492793346,FALSE
"P02745","Linear_Dose_Trend",0.23282117000628,11.1660501725861,2.52562256796269,0.0118455054984756,0.26962626801292,-2.86737317273734,FALSE
"Q08378","Linear_Dose_Trend",-0.130349771245272,10.9803317747758,-2.51233572967497,0.0123449094139252,0.27031403138279,-2.88401066137535,FALSE
"O94985","Linear_Dose_Trend",-0.0966441029701785,10.9705470510569,-2.50251823466271,0.0126373490211849,0.27031403138279,-2.91817226492694,FALSE
"P80748","Linear_Dose_Trend",0.269200891175953,10.6982061096295,2.50272379629641,0.0126702449044695,0.27031403138279,-2.90780669882126,FALSE
"Q14697","Linear_Dose_Trend",-0.109570086071115,9.82950310667084,-2.50019146621855,0.012719641128866,0.27031403138279,-2.92326290580918,FALSE
"Q0VD83","Linear_Dose_Trend",-0.113768094952614,10.4164400313693,-2.49742120316984,0.0128182385871895,0.27031403138279,-2.92931783885043,FALSE
"Q10472","Linear_Dose_Trend",-0.0926230701612784,8.97031374351362,-2.48130346405237,0.0134060678193567,0.272436865462543,-2.9644386968321,FALSE
"O00232","Linear_Dose_Trend",-0.184980278324431,7.37854505275025,-2.47680186787843,0.0136257598864329,0.272436865462543,-2.95971854158683,FALSE
"P07355","Linear_Dose_Trend",-0.116036458641219,9.09851511318522,-2.47526056340134,0.0136316903023254,0.272436865462543,-2.97751882130693,FALSE
"P98160","Linear_Dose_Trend",-0.0996810517285302,12.0119256250694,-2.47401238989695,0.0136788384332658,0.272436865462543,-2.98022124194873,FALSE
"P29508","Linear_Dose_Trend",-0.191148449478216,7.94705885421987,-2.46162604610097,0.0141962609117941,0.278869015719352,-2.9940331514978,FALSE
"Q5SYB0","Linear_Dose_Trend",0.165626661522785,11.0917581825276,2.43696090305463,0.0151530712622591,0.284549617285006,-3.05678577182514,FALSE
"Q8IZP7","Linear_Dose_Trend",-0.103530830722482,8.72217445323731,-2.4327617154849,0.0153205325034505,0.284549617285006,-3.0687857864486,FALSE
"P09172","Linear_Dose_Trend",0.205165170136483,7.24204373062721,2.4329514795856,0.0153617422751344,0.284549617285006,-3.05504420621846,FALSE
"P01619","Linear_Dose_Trend",0.1893117355908,11.5039449401794,2.4246446535766,0.0156639859395478,0.284549617285006,-3.08606144369318,FALSE
"Q9UKN7","Linear_Dose_Trend",-0.117214229605459,11.8195973813472,-2.42346028806464,0.0157158916964492,0.284549617285006,-3.08775124543692,FALSE
"P02747","Linear_Dose_Trend",0.206591222686119,12.4027070874143,2.42260033949065,0.0157507220707129,0.284549617285006,-3.09037928547884,FALSE
"P29122","Linear_Dose_Trend",-0.162769274026191,8.91942889893034,-2.41644126381881,0.0160254765316853,0.284549617285006,-3.09886570260768,FALSE
"P62826","Linear_Dose_Trend",-0.184373865305376,11.7218192147756,-2.4120493702421,0.0162086476454778,0.284549617285006,-3.1127074251368,FALSE
"Q14112","Linear_Dose_Trend",-0.139629868043174,10.4174647778282,-2.40950086231786,0.0163210002647839,0.284549617285006,-3.11808636952419,FALSE
"P05160","Linear_Dose_Trend",0.178221378973947,10.9060281251502,2.40491465530852,0.0165255904584326,0.284549617285006,-3.12730296860477,FALSE
"P01700","Linear_Dose_Trend",0.202065166649926,12.3474401941656,2.39709410089874,0.0168778188356513,0.284549617285006,-3.14419316157378,FALSE
"P08493","Linear_Dose_Trend",-0.104575975864661,14.5087894097268,-2.38121920446278,0.0176146319135899,0.284549617285006,-3.17740596914159,FALSE
"P02787","Linear_Dose_Trend",0.229371722940893,13.0689381564924,2.37947481759056,0.0176972948735391,0.284549617285006,-3.18104237190371,FALSE
"P11049","Linear_Dose_Trend",-0.118976798591983,11.2024668889406,-2.36866930733423,0.0182183981838358,0.284549617285006,-3.20313683645573,FALSE
"Q9UHF0","Linear_Dose_Trend",-0.164961775478885,7.85842642136385,-2.3603805554524,0.018716119964594,0.284549617285006,-3.18969020582258,FALSE
"P27797","Linear_Dose_Trend",-0.0862063987733711,11.9731163602869,-2.35519029328508,0.0188840051513093,0.284549617285006,-3.23139645142646,FALSE
"P51693","Linear_Dose_Trend",-0.127151346918553,12.0721161511754,-2.3548038452726,0.0189034407049131,0.284549617285006,-3.23219367685594,FALSE
"P29966","Linear_Dose_Trend",-0.106988029451752,7.17387665492518,-2.35361435149738,0.0189759787413355,0.284549617285006,-3.22914151853277,FALSE
"P43652","Linear_Dose_Trend",0.204237557330115,12.1597625545238,2.35214577684556,0.0190375983722464,0.284549617285006,-3.23767369530023,FALSE
"P01817","Linear_Dose_Trend",0.225341710204525,8.75514128828976,2.34664138312316,0.0193443843061569,0.284549617285006,-3.2411024231332,FALSE
"P04406","Linear_Dose_Trend",-0.131308941688212,12.5170949340456,-2.34402838961445,0.0194524792648941,0.284549617285006,-3.25437152942897,FALSE
"Q06481","Linear_Dose_Trend",-0.155656140896356,9.1611703024845,-2.34211766542883,0.0195520092467215,0.284549617285006,-3.25779336090892,FALSE
"A0A0C4DH38","Linear_Dose_Trend",0.220075455523591,9.60975575879872,2.34211959365576,0.0195768025238451,0.284549617285006,-3.24680605286058,FALSE
"Q7Z5L7","Linear_Dose_Trend",-0.136693414011931,7.23146187714848,-2.33658570625415,0.0199327425174223,0.284549617285006,-3.23891663459606,FALSE
"Q14520","Linear_Dose_Trend",-0.102177065502508,17.7652235911754,-2.33024918019369,0.020174890870744,0.284549617285006,-3.28258690331603,FALSE
"P02538","Linear_Dose_Trend",-0.135827011451522,14.7975265149345,-2.32680425065336,0.0203591283453412,0.284549617285006,-3.28961561474249,FALSE
"P22466","Linear_Dose_Trend",-0.174500733726888,8.46941183115627,-2.3261222900625,0.0204597120284508,0.284549617285006,-3.26769744481552,FALSE
"Q8NBJ7","Linear_Dose_Trend",-0.140277011276591,7.97717781860112,-2.32542296687097,0.0205218715845153,0.284549617285006,-3.26119587478927,FALSE
"P08238","Linear_Dose_Trend",-0.103022689519178,12.9432715320142,-2.32069155728228,0.0206896648070688,0.284549617285006,-3.30206237395781,FALSE
"P04217","Linear_Dose_Trend",0.265457987541385,12.4061879138691,2.31365674555185,0.021075862463131,0.284549617285006,-3.31634716814994,FALSE
"P07858","Linear_Dose_Trend",-0.129475090946291,8.05039577322391,-2.31193854587661,0.0211968132429601,0.284549617285006,-3.31007894648847,FALSE
"P16150","Linear_Dose_Trend",-0.108062303510003,11.7068321898301,-2.30665449040199,0.0214665133880612,0.284549617285006,-3.33052376505042,FALSE
"P16871","Linear_Dose_Trend",-0.113894759703303,10.2870750821815,-2.29908287165332,0.0218960296113064,0.284549617285006,-3.34580582061622,FALSE
"Q86U17","Linear_Dose_Trend",0.109772853250036,8.15422483046984,2.29480958661129,0.0221432769270103,0.284549617285006,-3.35443909182553,FALSE
"P09237","Linear_Dose_Trend",-0.135331555131017,8.14326116262506,-2.29303511752127,0.0223362222290991,0.284549617285006,-3.3285471761845,FALSE
"P35908","Linear_Dose_Trend",-0.150060263377106,14.6817118010482,-2.29101995130979,0.0223616425103104,0.284549617285006,-3.36202548424267,FALSE
"P13942","Linear_Dose_Trend",-0.113418900692951,9.11401878097648,-2.28877677701452,0.0224927054523651,0.284549617285006,-3.36652802980394,FALSE
"Q9NZT1","Linear_Dose_Trend",-0.153454863473241,10.0037100961864,-2.28188324983693,0.0229044015013832,0.284549617285006,-3.37902271613496,FALSE
"O75636","Linear_Dose_Trend",0.181827188175098,11.3094926594842,2.27289147823729,0.0234401524194403,0.284549617285006,-3.39828990895824,FALSE
"P04040","Linear_Dose_Trend",-0.143708387122463,9.6874781854886,-2.27179737843772,0.0235066681814434,0.284549617285006,-3.40046954489234,FALSE
"P13647","Linear_Dose_Trend",-0.15762953034614,12.5492825171657,-2.26686916714836,0.0238083191908306,0.284549617285006,-3.41027466884502,FALSE
"P02746","Linear_Dose_Trend",0.209525678168917,11.5328830290063,2.26567771420934,0.0238817503668002,0.284549617285006,-3.41264204634324,FALSE
"P09486","Linear_Dose_Trend",-0.148665653343368,10.4959586609223,-2.26070155568537,0.0241905727438077,0.284549617285006,-3.42251634738634,FALSE
"P53367","Linear_Dose_Trend",-0.326054810487514,13.5885990659273,-2.25535296339248,0.0246381965557283,0.284549617285006,-3.39842415980714,FALSE
"P05154","Linear_Dose_Trend",-0.0837235996150719,11.1060086987,-2.2517645003766,0.024753933601589,0.284549617285006,-3.44019701422764,FALSE
"P62330","Linear_Dose_Trend",-0.114107733548125,8.08857331803925,-2.2504955683059,0.0248823615002751,0.284549617285006,-3.4232579826382,FALSE
"Q8NFU4","Linear_Dose_Trend",-0.140635132859938,10.7797888315624,-2.2495489794949,0.0249246619284608,0.284549617285006,-3.43119529930538,FALSE
"P13987","Linear_Dose_Trend",-0.105276268288142,10.2741209241963,-2.248596549284,0.0249637358890452,0.284549617285006,-3.44218761802659,FALSE
"P01714","Linear_Dose_Trend",0.197241141643182,9.76009229430238,2.2482195379765,0.0249896011252767,0.284549617285006,-3.44268236007589,FALSE
"P04278","Linear_Dose_Trend",0.117222170155173,10.6527842920064,2.24699436280931,0.025059265584231,0.284549617285006,-3.44960599124071,FALSE
"A0A075B6P5;P01615","Linear_Dose_Trend",0.182915706568619,9.76705372042536,2.24656303146706,0.0250927707562028,0.284549617285006,-3.44648309144396,FALSE
"Q06033","Linear_Dose_Trend",-0.0893666144333391,17.8933602998174,-2.24529518439452,0.0251688155360855,0.284549617285006,-3.45295286206427,FALSE
"Q9BV94","Linear_Dose_Trend",-0.11033168242305,9.52629169095206,-2.24181663971233,0.0254018225956532,0.284549617285006,-3.45689564825098,FALSE
"Q96PD5","Linear_Dose_Trend",0.109324968900464,12.8582879207523,2.24071522141611,0.0254661692719953,0.284549617285006,-3.46196167334038,FALSE
"Q14242","Linear_Dose_Trend",-0.0892252851525836,12.0745274897736,-2.23538981125386,0.0258157498538823,0.284549617285006,-3.4724141469566,FALSE
"P05546","Linear_Dose_Trend",0.0944670574272394,16.0905144451672,2.23496747261404,0.0258436510793316,0.284549617285006,-3.47324205229791,FALSE
"P02750","Linear_Dose_Trend",0.267274052482674,9.85234448009057,2.23460883013683,0.0258673648340509,0.284549617285006,-3.47394497460732,FALSE
"P60520","Linear_Dose_Trend",-0.130238664842228,7.11976079200681,-2.23380842368344,0.0259944211048367,0.284549617285006,-3.448708137692,FALSE
"Q16363","Linear_Dose_Trend",-0.12962584840618,7.94111359494882,-2.21904989641031,0.0269161332296125,0.288423014600433,-3.5031955513267,FALSE
"Q8NG11","Linear_Dose_Trend",-0.103225861285476,7.23294595188545,-2.21919185587614,0.0270317350170327,0.288423014600433,-3.46636710531519,FALSE
"P20810","Linear_Dose_Trend",0.181151683391367,7.70905480461621,2.2164983817813,0.0271755712573168,0.288423014600433,-3.47683116573058,FALSE
"Q92187","Linear_Dose_Trend",-0.0832570203351667,10.9889736113409,-2.21380255444064,0.0272757858097443,0.288423014600433,-3.51453525405507,FALSE
"A1L4H1","Linear_Dose_Trend",-0.105696546372483,11.5110008924975,-2.20993191252977,0.0275449939733533,0.288423014600433,-3.52204534972818,FALSE
"A0A0B4J1Y8","Linear_Dose_Trend",0.222981544151383,9.13237845357707,2.20654737306044,0.0278319694668154,0.288423014600433,-3.5084453777794,FALSE
"P14543","Linear_Dose_Trend",-0.113114683472766,12.1827363047751,-2.20486466218486,0.0279008998230774,0.288423014600433,-3.53185773814598,FALSE
"Q6UWP8","Linear_Dose_Trend",-0.122657102349684,8.86699732756677,-2.2040664909888,0.0279573214989262,0.288423014600433,-3.53340133187387,FALSE
"Q9Y6C2","Linear_Dose_Trend",-0.135888440137722,10.4729699752306,-2.19598648872092,0.0285340618485923,0.289084706816553,-3.54899653660866,FALSE
"A0A0B4J1U7","Linear_Dose_Trend",0.198756125088878,11.1591869462795,2.19445599044271,0.0286576154646275,0.289084706816553,-3.54431298843646,FALSE
"A2NJV5","Linear_Dose_Trend",0.151197632910531,11.2133011808804,2.19107198573319,0.0288898562412244,0.289084706816553,-3.55845457585401,FALSE
"P07988","Linear_Dose_Trend",0.123738899998142,7.98636832936133,2.18932874822324,0.0290442376595824,0.289084706816553,-3.55013828783267,FALSE
"P01861","Linear_Dose_Trend",0.199078521462252,13.8759859550291,2.18759495759376,0.0291438898314842,0.289084706816553,-3.56513363367288,FALSE
"P10451","Linear_Dose_Trend",-0.0938038941544263,12.3126779788882,-2.18459784215961,0.0293644055630787,0.289084706816553,-3.57088248334442,FALSE
"P13611","Linear_Dose_Trend",-0.0936956039852637,13.0080616075689,-2.18367473923095,0.0294326131068457,0.289084706816553,-3.57265155716909,FALSE
"P23588","Linear_Dose_Trend",-0.285648965968497,8.92201182114604,-2.18228443452852,0.029686658831702,0.289596386154154,-3.52918052245619,FALSE
"P02649","Linear_Dose_Trend",-0.0708748218084239,16.5870912448175,-2.17642579779355,0.029972999959606,0.290414067176182,-3.58651827452223,FALSE
"A0A0C4DH43","Linear_Dose_Trend",0.268008445916367,9.49687330696305,2.16385163567643,0.0309781158706748,0.296098798744525,-3.59335580215748,FALSE
"P55072","Linear_Dose_Trend",-0.170097965738144,10.0739114170884,-2.16144684588845,0.0311167839479561,0.296098798744525,-3.61502881390515,FALSE
"O00592","Linear_Dose_Trend",-0.122428670473969,12.9048476261429,-2.16040484731376,0.0311977296033791,0.296098798744525,-3.61700494754054,FALSE
"P24821","Linear_Dose_Trend",-0.116575115562173,13.2618975828428,-2.15697306232464,0.0314656036954478,0.296098798744525,-3.62350666947393,FALSE
"Q92823","Linear_Dose_Trend",-0.107373404839356,8.66771758471406,-2.15278702736787,0.031795028839268,0.296098798744525,-3.63142364661021,FALSE
"P01597;P04432","Linear_Dose_Trend",0.148202763639858,8.9481176277079,2.15307336292713,0.0317986157647537,0.296098798744525,-3.62082672021272,FALSE
"Q8IUX7","Linear_Dose_Trend",-0.0865514438060313,10.8583446705053,-2.14608233217552,0.032328841742305,0.299093929409454,-3.64407271076204,FALSE
"Q06828","Linear_Dose_Trend",-0.0798264687521662,11.3865768349313,-2.14185501416639,0.0326693550386358,0.300306763624383,-3.65202807675039,FALSE
"P07358","Linear_Dose_Trend",0.0869349626216764,12.6829791610266,2.13886852766731,0.0329117713129682,0.300608153266219,-3.65763905830254,FALSE
"Q9NR99","Linear_Dose_Trend",-0.0818311442035437,10.2462125740413,-2.13443157820219,0.0332747742288254,0.302000166102124,-3.66596098059828,FALSE
"Q6UXD5","Linear_Dose_Trend",-0.100029873140192,9.64127741702673,-2.12905465794567,0.0337192796418918,0.30336145405985,-3.67602319591826,FALSE
"A0A0C4DH25","Linear_Dose_Trend",0.187159088945239,10.4729718583652,2.12535382546887,0.0340591368065737,0.30336145405985,-3.66666498369143,FALSE
"Q96IY4","Linear_Dose_Trend",0.080721925735563,12.6369758746046,2.12439166349014,0.0341088793552701,0.30336145405985,-3.68472923817213,FALSE
"P00488","Linear_Dose_Trend",0.127797678036482,10.2655126239926,2.1219565746823,0.0343138637573021,0.30336145405985,-3.68926822872357,FALSE
"Q07507","Linear_Dose_Trend",-0.0980779898763196,13.3688479173569,-2.11917733208318,0.034549108038009,0.30336145405985,-3.694442480302,FALSE
"Q9BUD6","Linear_Dose_Trend",-0.125631742776925,8.30220130383214,-2.11777853567549,0.0346940575075421,0.30336145405985,-3.68425208556956,FALSE
"Q08380","Linear_Dose_Trend",-0.0875807019030405,16.369462900768,-2.1141591247738,0.0349773662089236,0.30398510996119,-3.7037682729904,FALSE
"Q99715","Linear_Dose_Trend",-0.0882104645224077,10.7379249597153,-2.11034545054261,0.035305860844103,0.304991593074962,-3.71084106719591,FALSE
"O00461","Linear_Dose_Trend",-0.096283251605348,8.94365281764459,-2.0959527107696,0.0365694851488913,0.314015818583893,-3.73742080046542,FALSE
"A0A0A0MS15","Linear_Dose_Trend",0.183248884900371,10.9331869761128,2.08412983121701,0.0376390437563034,0.319523763505784,-3.75844206548285,FALSE
"Q09327","Linear_Dose_Trend",-0.115809809817733,7.51174105797776,-2.08225712101634,0.0378472846666929,0.319523763505784,-3.74409462449944,FALSE
"P01009","Linear_Dose_Trend",0.0994462903286832,15.066071405462,2.08059197764076,0.0379605278210985,0.319523763505784,-3.76559125378049,FALSE
"Q9Y6R7","Linear_Dose_Trend",0.180996806879714,7.13559313482618,2.0804824212587,0.0381022061084303,0.319523763505784,-3.72122356447809,FALSE
"Q9BYH1","Linear_Dose_Trend",-0.0876706434436242,11.0767575573965,-2.07490670065102,0.0384866985981618,0.320532722131778,-3.77596606337837,FALSE
"Q6ZRP7","Linear_Dose_Trend",-0.100426902634317,8.45863801831273,-2.07138987830731,0.0388152817874878,0.320532722131778,-3.78236980533755,FALSE
"Q86YZ3","Linear_Dose_Trend",-0.129277896619675,8.67645995600954,-2.0693632211122,0.0390076292621373,0.320532722131778,-3.78541470408992,FALSE
"Q9HCM3","Linear_Dose_Trend",-0.0789228908074627,9.58969756289802,-2.06818693665627,0.0391166153229158,0.320532722131778,-3.78819272610785,FALSE
"Q02818","Linear_Dose_Trend",-0.0943662206907056,8.53375996100122,-2.06450397602858,0.0394655697031064,0.321554698603719,-3.79487738241555,FALSE
"P46060","Linear_Dose_Trend",-0.148616698819172,8.00839425980073,-2.05107970308789,0.0407896540244786,0.329626063795961,-3.80563807581668,FALSE
"P50895","Linear_Dose_Trend",-0.108272246032877,8.56125338970368,-2.04949724662774,0.0409159270262769,0.329626063795961,-3.8212744542245,FALSE
"P17927","Linear_Dose_Trend",-0.106628441243222,7.51328681995119,-2.04338553628259,0.0415424980714541,0.331000107626616,-3.82023422288923,FALSE
"Q99733","Linear_Dose_Trend",-0.150701358290096,9.86440203814338,-2.04223762151788,0.0416361094111919,0.331000107626616,-3.83300322169384,FALSE
"Q6Q788","Linear_Dose_Trend",-0.0865288938827819,12.4906748574499,-2.04076527105158,0.0417789536125645,0.331000107626616,-3.83768291197848,FALSE
"Q9H1B5","Linear_Dose_Trend",-0.11896578417223,8.72378670887137,-2.03048193233374,0.0428162629728327,0.335386615637184,-3.85607484064075,FALSE
"O75487","Linear_Dose_Trend",-0.0882449469478783,8.63209285874185,-2.03035089605396,0.0428306024828658,0.335386615637184,-3.85563699066346,FALSE
"Q14517","Linear_Dose_Trend",-0.108170028680053,10.1621116505705,-2.02834767870974,0.0430342658837112,0.335386615637184,-3.85988055234123,FALSE
"Q9ULI3","Linear_Dose_Trend",-0.0559314607892498,13.5651344668898,-2.01223351304591,0.044710807617249,0.344710095443028,-3.88848771832602,FALSE
"Q14624","Linear_Dose_Trend",0.117764984907834,15.3913001162041,2.01222837106268,0.0447113512917735,0.344710095443028,-3.88849681100345,FALSE
"O43852","Linear_Dose_Trend",-0.124912747128654,11.7898510912097,-2.00848939769039,0.0451081654741118,0.345909675346932,-3.89510247135348,FALSE
"Q7LGC8","Linear_Dose_Trend",-0.0735480900533429,11.0081953095231,-1.99949764099906,0.0460746604630914,0.351441825021665,-3.91093880954057,FALSE
"P05089","Linear_Dose_Trend",-0.130235172239501,9.06051742196426,-1.99626749314241,0.0464363395026958,0.351661117735839,-3.91233513626907,FALSE
"P0DP02","Linear_Dose_Trend",0.133288196540296,12.1586038216111,1.98922086556011,0.0472006389627357,0.351661117735839,-3.92895279533962,FALSE
"P06312","Linear_Dose_Trend",0.160079999880828,12.0200099772002,1.98857950443968,0.0472716728087398,0.351661117735839,-3.93007400111452,FALSE
"P51888","Linear_Dose_Trend",-0.102540619809961,7.70211132190347,-1.98622172643639,0.0475513498028601,0.351661117735839,-3.92403366552425,FALSE
"P07942","Linear_Dose_Trend",-0.0984642653169172,9.9521803158994,-1.98517855646141,0.0476498526413732,0.351661117735839,-3.9360134829618,FALSE
"Q15582","Linear_Dose_Trend",-0.0831252850624558,10.6948285205239,-1.98218376079276,0.0479849778813533,0.351661117735839,-3.94123537589429,FALSE
"P62879","Linear_Dose_Trend",-0.0899130193001977,10.1651402543917,-1.98073023830923,0.0481483453796012,0.351661117735839,-3.94376702475817,FALSE
"A0A0B4J1X5","Linear_Dose_Trend",0.191401589501891,12.4634443026714,1.97927649239828,0.0483163001717827,0.351661117735839,-3.94490850962053,FALSE
"O60279","Linear_Dose_Trend",-0.0747076622299741,12.8655236198375,-1.97723587411845,0.0485430101095805,0.351661117735839,-3.94984580402079,FALSE
"P08575","Linear_Dose_Trend",-0.0773085186849005,10.3628173713372,-1.97712374614871,0.0485557191852832,0.351661117735839,-3.95004068653037,FALSE
"Q10589","Linear_Dose_Trend",-0.143765276643304,7.42872267096345,-1.9634753489604,0.0502081396202323,0.361573255078269,-3.93603201230241,FALSE
"Q76I76","Linear_Dose_Trend",-0.103027002297858,9.18738133900111,-1.95831025843785,0.0508212238963583,0.361573255078269,-3.94894450874175,FALSE
"O95445","Linear_Dose_Trend",0.0648381719281518,13.7308689348061,1.9574697943183,0.050827090944562,0.361573255078269,-3.98403204367393,FALSE
"O95196","Linear_Dose_Trend",-0.085930819434907,9.55429030817418,-1.95466296531345,0.0511756742419225,0.361573255078269,-3.9821714411364,FALSE
"O15466","Linear_Dose_Trend",-0.0874481584067711,9.26655341569532,-1.95444873059415,0.0511850563325583,0.361573255078269,-3.98850867776708,FALSE
"O00429","Linear_Dose_Trend",0.185298704223861,7.1079242375936,1.95091886754968,0.0517208841828738,0.363567391756083,-3.95289887398583,FALSE
"P01040","Linear_Dose_Trend",-0.124546998288923,10.1976676246588,-1.94532474843584,0.0522832305652875,0.365727573807914,-4.00156911180308,FALSE
"P39060","Linear_Dose_Trend",-0.079627573150593,14.1331964245221,-1.9397485983989,0.0529509798106497,0.366882375765073,-4.01439431672575,FALSE
"Q9UPN7","Linear_Dose_Trend",-0.131034578303414,6.77480540693753,-1.94057961390397,0.052960008217134,0.366882375765073,-3.9686664620392,FALSE
"P01137","Linear_Dose_Trend",-0.143944595198806,8.46171516346688,-1.93605768623236,0.0534654576977476,0.368603203550818,-3.99230088084036,FALSE
"P48454","Linear_Dose_Trend",-0.131549355717369,10.6864968819858,-1.93197043295216,0.054071427574094,0.370116325660781,-3.9712054975963,FALSE
"P08185","Linear_Dose_Trend",0.140692963352614,10.3594173246589,1.92959440621406,0.0542011355570182,0.370116325660781,-4.0316693655792,FALSE
"P35858","Linear_Dose_Trend",0.0832770943642784,12.4726178298046,1.92578560029514,0.0546763920610505,0.371592162158988,-4.03812617100879,FALSE
"O15400","Linear_Dose_Trend",-0.0979182136035342,8.60855116887885,-1.91534545174718,0.0560055790057798,0.378830190067397,-4.05121900414265,FALSE
"P10645","Linear_Dose_Trend",-0.10447095512248,10.5482874704391,-1.90514331632196,0.0573131290080053,0.38489978086372,-4.07290115380439,FALSE
"Q9BRK5","Linear_Dose_Trend",-0.0984571121358298,9.51665916467102,-1.90141377424902,0.0578006559447565,0.38489978086372,-4.07914476905545,FALSE
"O95373","Linear_Dose_Trend",-0.131499556409357,9.14071552601856,-1.90003367501265,0.0579851509908636,0.38489978086372,-4.0799495938487,FALSE
"P00450","Linear_Dose_Trend",0.164979897962527,12.0127084230485,1.89871153922954,0.0581560487121998,0.38489978086372,-4.08366104677597,FALSE
"P06681","Linear_Dose_Trend",0.171749670848777,10.8469637887999,1.89803776002591,0.058244945918708,0.38489978086372,-4.0847861569918,FALSE
"Q6V0I7","Linear_Dose_Trend",-0.102468228756519,9.78190102316283,-1.89563131917354,0.0585633721803613,0.385228787645129,-4.08880134229794,FALSE
"P04180","Linear_Dose_Trend",0.0785615956658121,11.8711718459701,1.89041722285369,0.0592582907096636,0.386869929886974,-4.09748393751321,FALSE
"P02786","Linear_Dose_Trend",0.0945073857424802,11.0945437943766,1.88971479945102,0.0593524299687128,0.386869929886974,-4.09865182401707,FALSE
"P61225","Linear_Dose_Trend",-0.129320657430425,9.61389651361654,-1.88781692073656,0.0596251057958066,0.386888695525731,-4.09408916150881,FALSE
"P02790","Linear_Dose_Trend",0.167596684317246,15.0135403054659,1.88194975536604,0.0604014235061367,0.390160546431532,-4.11153391847078,FALSE
"P23280","Linear_Dose_Trend",0.106461733536748,7.38062884006955,1.87521894937352,0.0614737070196198,0.395306259489394,-4.05799672336821,FALSE
"Q3SY84","Linear_Dose_Trend",-0.141237935193945,9.58802080940412,-1.86622971147744,0.0625913330702977,0.399712155824252,-4.12902890746442,FALSE
"Q9BXT2","Linear_Dose_Trend",-0.11567547521352,8.77237096449732,-1.86650175660974,0.0627163424410438,0.399712155824252,-4.06772538969022,FALSE
"A0A0C4DH67","Linear_Dose_Trend",0.127998615425123,8.28984084694474,1.85982452582275,0.0635406971435091,0.403174157981381,-4.12326205870434,FALSE
"P08648","Linear_Dose_Trend",-0.0940513224838665,7.92067956258223,-1.85745917437054,0.063831613949682,0.403235834378167,-4.14329068644283,FALSE
"Q14203","Linear_Dose_Trend",0.122087534522016,9.90182600939197,1.85380738854047,0.0643465669013171,0.404706039195126,-4.14841498026969,FALSE
"Q9UBP4","Linear_Dose_Trend",-0.0811810803418949,10.6168891899377,-1.84797572479711,0.0651738644432911,0.408119308347945,-4.16728187881795,FALSE
"P29279","Linear_Dose_Trend",-0.132902871371327,8.35887555666215,-1.84677999248165,0.0654729080057889,0.408209348175223,-4.1141136073003,FALSE
"P13473","Linear_Dose_Trend",0.133190706386692,7.35724220164884,1.84444107804309,0.0657991235852794,0.408467286672254,-4.12867578427671,FALSE
"P35052","Linear_Dose_Trend",-0.0696891973475878,7.97811099423777,-1.83942187857074,0.0664234074468494,0.409296595566911,-4.18116018524926,FALSE
"A0A0A0MRZ8;P04433","Linear_Dose_Trend",0.145902065802653,12.063645350786,1.83890776252422,0.0665035612043865,0.409296595566911,-4.17964564959508,FALSE
"P63241","Linear_Dose_Trend",-0.133440686735476,9.35695464664387,-1.83381056301534,0.067253806820587,0.410613978275312,-4.1902298728763,FALSE
"P16070","Linear_Dose_Trend",-0.0731783578103279,16.2862815297193,-1.83218850416293,0.0674954400186614,0.410613978275312,-4.19284655211074,FALSE
"Q13201","Linear_Dose_Trend",-0.13970449474772,13.5818124872409,-1.83164450623041,0.0675766379867319,0.410613978275312,-4.19372360973686,FALSE
"P04062","Linear_Dose_Trend",-0.0897724081310784,7.18750937518443,-1.82881874928293,0.0680661710511995,0.411242121943357,-4.16487542688167,FALSE
"P04004","Linear_Dose_Trend",-0.0679623231772377,18.311104894547,-1.8249263806743,0.0685860557283336,0.411242121943357,-4.20453370763296,FALSE
"P02763","Linear_Dose_Trend",0.216006713317326,12.0592377645924,1.82411064405225,0.0687094643422396,0.411242121943357,-4.20584363888736,FALSE
"P41218","Linear_Dose_Trend",0.19679058830914,7.38365890636647,1.82353009310388,0.0688737972936182,0.411242121943357,-4.17430820914757,FALSE
"P02760","Linear_Dose_Trend",-0.0508803104925452,15.7761766532437,-1.82144565465247,0.0691139131020565,0.411242121943357,-4.21011912450911,FALSE
"Q15293","Linear_Dose_Trend",-0.0891328237464487,10.5406115393328,-1.81919164498276,0.0694575191262937,0.411417310657674,-4.2137304584331,FALSE
"A0A075B6K4","Linear_Dose_Trend",0.207626951609797,9.97547298687058,1.81786830418657,0.0697171593373883,0.411417310657674,-4.19115002408379,FALSE
"P11047","Linear_Dose_Trend",-0.0953776623286878,9.26542368320038,-1.81488180467709,0.0701184369959894,0.412089502673151,-4.22062333333836,FALSE
"Q99983","Linear_Dose_Trend",-0.0900676938224328,14.0210376603404,-1.81296843104294,0.070413509042351,0.412134579456046,-4.2236782905136,FALSE
"P32004","Linear_Dose_Trend",-0.119566043084114,7.65869454910037,-1.8080321967235,0.0712186730288128,0.415152752533811,-4.21375136372392,FALSE
"Q9NRA1","Linear_Dose_Trend",-0.0847781434076889,9.46322529784544,-1.80140361104464,0.072218805084994,0.418409793741464,-4.24207543029477,FALSE
"Q9NQ30","Linear_Dose_Trend",-0.0816654409977534,9.49458803488336,-1.79957315062868,0.0725147739508312,0.418409793741464,-4.24262874234559,FALSE
"O94966","Linear_Dose_Trend",0.232640864684702,10.6546776820167,1.79727486748945,0.0729439727773148,0.418409793741464,-4.21069513501044,FALSE
"P02749","Linear_Dose_Trend",0.135606305317534,13.8718077363673,1.79682146613661,0.0729445247108549,0.418409793741464,-4.2493325240046,FALSE
"A0M8Q6","Linear_Dose_Trend",0.138754813365413,15.2650480780964,1.78549110484427,0.0747750244356083,0.427200737213794,-4.26215838143088,FALSE
"Q92688","Linear_Dose_Trend",-0.103672068277096,9.52771836587582,-1.78233216280401,0.0753046202581603,0.428519148611912,-4.25963630696697,FALSE
"Q9NRB3","Linear_Dose_Trend",-0.0904227418082809,9.56108809663708,-1.77961117107022,0.0757239254711019,0.429202012353992,-4.27642696008742,FALSE
"Q96FZ7","Linear_Dose_Trend",-0.122792532499676,7.3122441123634,-1.77846355269558,0.0760840516834389,0.429471347756386,-4.20460519607607,FALSE
"P07093","Linear_Dose_Trend",-0.125704305037037,7.58469069019594,-1.77603475508394,0.0763704279483113,0.429471347756386,-4.25194853715715,FALSE
"Q6UXI9","Linear_Dose_Trend",-0.0988306914294941,11.0646983569581,-1.77312284048374,0.0767940132153312,0.430166464651504,-4.28657487045045,FALSE
"Q9UQ16","Linear_Dose_Trend",0.132170717494827,7.30226438455966,1.76434161065244,0.0783816757876915,0.437351451671399,-4.24376290996378,FALSE
"P19256","Linear_Dose_Trend",-0.0757825894876435,7.92849692399026,-1.75820831574022,0.0793406153050159,0.440091142826876,-4.29075724093946,FALSE
"P47929","Linear_Dose_Trend",-0.147591869642944,8.1360520669455,-1.75723074546354,0.07957444761549,0.440091142826876,-4.26794141976561,FALSE
"Q6UVK1","Linear_Dose_Trend",-0.0757828760446815,10.2513471448004,-1.75525909293676,0.0798041934887828,0.440091142826876,-4.31432525586983,FALSE
"P81605","Linear_Dose_Trend",-0.0940994934097803,12.8945605089236,-1.74927734105051,0.0808334062951436,0.440091142826876,-4.32355561850288,FALSE
"Q14766","Linear_Dose_Trend",-0.133234440816608,12.3736337899634,-1.74349245154968,0.0818390029800823,0.440091142826876,-4.33245262489063,FALSE
"P02765","Linear_Dose_Trend",0.0933653756454006,17.0126491328544,1.74290445541365,0.0819417826239761,0.440091142826876,-4.33335531875073,FALSE
"O75787","Linear_Dose_Trend",-0.0856339510308753,9.87541007003625,-1.7408807668817,0.0822963190211049,0.440091142826876,-4.33645979577741,FALSE
"P11362","Linear_Dose_Trend",-0.103041269113552,8.7918583621456,-1.739970097126,0.0824726588615164,0.440091142826876,-4.32928149058871,FALSE
"P01024","Linear_Dose_Trend",0.093550989872399,12.8690672400851,1.73885469960182,0.0826525207229153,0.440091142826876,-4.33956435562403,FALSE
"P02743","Linear_Dose_Trend",0.160543552729836,11.3213624916876,1.73840254881099,0.0827321838975341,0.440091142826876,-4.34025670300965,FALSE
"P14923","Linear_Dose_Trend",-0.127705246185384,9.01345856411896,-1.73692988903994,0.0829966766591985,0.440091142826876,-4.3401421380875,FALSE
"P02533","Linear_Dose_Trend",-0.112341880750963,13.6158015743628,-1.73653285227115,0.0830622633304991,0.440091142826876,-4.34311775362597,FALSE
"Q96MF2","Linear_Dose_Trend",-0.117578074094065,12.3968509635338,-1.7363625243992,0.0830935290124417,0.440091142826876,-4.34253518574744,FALSE
"P07360","Linear_Dose_Trend",0.102370311029542,11.6507440094732,1.7350660404164,0.0833219651930539,0.440091142826876,-4.34536017387467,FALSE
"P01602","Linear_Dose_Trend",0.142175502299523,8.47720281618991,1.73485648184558,0.0834969147448882,0.440091142826876,-4.2860080273016,FALSE
"Q9UGM5","Linear_Dose_Trend",0.106421299551677,12.109130419024,1.73247097647735,0.0837830418352421,0.440091142826876,-4.34932285161108,FALSE
"P26022","Linear_Dose_Trend",-0.0830379863357723,10.4315416554361,-1.73016345646911,0.0841947674188827,0.44045363567113,-4.35284153005703,FALSE
"Q9NYQ6","Linear_Dose_Trend",-0.0858288082733661,8.54993929967085,-1.72865275108796,0.0844663527263325,0.44045363567113,-4.35429549253436,FALSE
"Q9Y6E0","Linear_Dose_Trend",0.119319825973285,7.23886312609561,1.72643610498404,0.0849635345549613,0.441440973013821,-4.3174653743952,FALSE
"Q9HC84","Linear_Dose_Trend",-0.135487286168125,8.75911052980223,-1.72378009992894,0.0853551571786028,0.441874712614138,-4.35550675823948,FALSE
"P02753","Linear_Dose_Trend",0.120394222357957,12.7428919981947,1.71764860657256,0.0864564561754769,0.445966036531057,-4.3718444526879,FALSE
"P35527","Linear_Dose_Trend",-0.113262207973834,14.6157384664334,-1.70965979936178,0.0879257536331249,0.45098962786711,-4.38390366652163,FALSE
"P05186","Linear_Dose_Trend",-0.0967593152711421,6.64416715983363,-1.70977417670911,0.0880593415640103,0.45098962786711,-4.3139490741941,FALSE
"P01023","Linear_Dose_Trend",0.135492454520617,14.0829017662383,1.70517117460292,0.0887601205309311,0.4529608997913,-4.39065494750625,FALSE
"Q15389","Linear_Dose_Trend",-0.119091935581583,7.65861191198878,-1.70321786723225,0.0891818809795152,0.453310982579995,-4.36155319543737,FALSE
"Q13103","Linear_Dose_Trend",-0.0701833922444509,16.3182058800291,-1.70142719232433,0.0894609540238066,0.453310982579995,-4.39627281394338,FALSE
"P01031","Linear_Dose_Trend",0.10154503767959,11.1023038508442,1.68846074279139,0.0919227414344885,0.464145109919213,-4.41563477766368,FALSE
"Q8N8M0","Linear_Dose_Trend",-0.108062848362265,8.40221414328716,-1.68697178388679,0.0923100985721649,0.464314562643508,-4.37408402743427,FALSE
"P80303","Linear_Dose_Trend",-0.107324208138979,6.46652394997508,-1.68412384364126,0.0929212902650938,0.464314562643508,-4.35818474762646,FALSE
"P49746","Linear_Dose_Trend",-0.075769378925756,12.0163436387452,-1.67841106607273,0.0938680641741187,0.464314562643508,-4.43054066147129,FALSE
"Q9NS73","Linear_Dose_Trend",-0.0785770033291663,13.1537598581502,-1.67843629956047,0.0938749325679754,0.464314562643508,-4.42290359706053,FALSE
"Q96GW7","Linear_Dose_Trend",-0.0793145261699297,7.67663917719924,-1.67759775624572,0.0940624673331119,0.464314562643508,-4.41315831520615,FALSE
"P07339","Linear_Dose_Trend",-0.0918763463858494,9.11978319751669,-1.6773149517058,0.094082227732461,0.464314562643508,-4.43216112335651,FALSE
"Q8WWA0","Linear_Dose_Trend",-0.085226549829669,11.3286383558247,-1.67517341868667,0.0945017833547743,0.464314562643508,-4.43532408223211,FALSE
"Q01469","Linear_Dose_Trend",-0.0924261568645192,9.08241854931594,-1.67498684708947,0.0945466194504214,0.464314562643508,-4.43321702381079,FALSE
"O00560","Linear_Dose_Trend",-0.100298087992297,9.43287317694142,-1.66815892513599,0.0958995828239855,0.469351541875751,-4.43757328088113,FALSE
"Q07960","Linear_Dose_Trend",0.103183814798121,7.91996207824323,1.66394962524891,0.0967371589867566,0.471840428527241,-4.44747330837696,FALSE
"P54920","Linear_Dose_Trend",-0.0942704859867211,8.24123071567744,-1.65904654146607,0.0977191971127052,0.475014673422438,-4.45460201600584,FALSE
"A6NM11;A6NMS7","Linear_Dose_Trend",-0.0858815314799864,7.35977927389782,-1.65725593342075,0.0981383698421164,0.475440616059442,-4.42884040160362,FALSE
"Q13316","Linear_Dose_Trend",-0.074370881695082,8.79183929707337,-1.65413393043807,0.0987321052294935,0.476706528279776,-4.45322738376211,FALSE
"P55209","Linear_Dose_Trend",-0.110419528853765,10.0879312476909,-1.64041897822895,0.10152551690775,0.486291429940568,-4.48520580105048,FALSE
"P04114","Linear_Dose_Trend",0.0705871279821578,16.2906814788437,1.63981733771063,0.101648300632169,0.486291429940568,-4.48696638740772,FALSE
"O14645","Linear_Dose_Trend",-0.0994747572263907,11.3959261975532,-1.63935319706639,0.101788604127943,0.486291429940568,-4.46441785258295,FALSE
"P15090","Linear_Dose_Trend",-0.091518723706148,7.59543334074799,-1.63816174753435,0.102073724136758,0.486291429940568,-4.44936739733935,FALSE
"Q9H3G5","Linear_Dose_Trend",-0.0762303767145777,8.69120738308076,-1.63489860395688,0.102677023567401,0.487545866873024,-4.49316899883264,FALSE
"P0DOX7","Linear_Dose_Trend",0.0858934546764293,13.6163596429041,1.62704702357564,0.10433325636365,0.49104160387423,-4.50535146948745,FALSE
"P22304","Linear_Dose_Trend",-0.0820148956059612,8.61410204696353,-1.62386367143077,0.105011276523848,0.49104160387423,-4.50991232972813,FALSE
"P68104;Q5VTE0","Linear_Dose_Trend",-0.0991179281185092,9.95519905502337,-1.62366523723571,0.105053656764562,0.49104160387423,-4.51019633845223,FALSE
"P11171","Linear_Dose_Trend",-0.161373162847153,8.86811455396398,-1.62182482428039,0.105450889628543,0.49104160387423,-4.51004404700077,FALSE
"B2RUZ4","Linear_Dose_Trend",-0.0985179853623383,8.67495919405473,-1.62032311928079,0.105862341440127,0.49104160387423,-4.4641865949279,FALSE
"P0DOX3","Linear_Dose_Trend",0.143838426251081,9.37166241430611,1.61749190806617,0.106449274079542,0.49104160387423,-4.47938608382971,FALSE
"Q9NRY5","Linear_Dose_Trend",-0.103032124912689,7.37021666885104,-1.61549348621895,0.106853256946647,0.49104160387423,-4.49749134070703,FALSE
"Q14574","Linear_Dose_Trend",-0.108189268871155,11.9750992507169,-1.61494674786905,0.106929170863889,0.49104160387423,-4.52264078823601,FALSE
"Q9BQE5","Linear_Dose_Trend",0.0805501234764373,11.0032117998219,1.61405191628056,0.107175140563661,0.49104160387423,-4.49787866832402,FALSE
"P06396","Linear_Dose_Trend",0.0867702123557667,15.190367794031,1.61257817061679,0.107443267080859,0.49104160387423,-4.52601016317672,FALSE
"P01880","Linear_Dose_Trend",0.213551969607335,9.81552604362649,1.61271562374276,0.107500143233989,0.49104160387423,-4.48129845462583,FALSE
"P10124","Linear_Dose_Trend",-0.09485343478968,13.0435180040798,-1.61221457014181,0.107522359565208,0.49104160387423,-4.52652696319852,FALSE
"P20908","Linear_Dose_Trend",-0.0792747646341992,7.7270153505008,-1.60688547174122,0.108716291359881,0.494917974000219,-4.51736382243307,FALSE
"Q8IWE2","Linear_Dose_Trend",0.0913459843621513,6.35918696206355,1.60336074648938,0.109588123858314,0.496026579917933,-4.4692709949001,FALSE
"P07996","Linear_Dose_Trend",-0.1020775899594,16.5819902692783,-1.60250488793705,0.109651621920492,0.496026579917933,-4.54028509271536,FALSE
"Q96S96","Linear_Dose_Trend",-0.0954048222261363,10.0620823366402,-1.59400468067277,0.111542971601811,0.50263978396439,-4.55226197855404,FALSE
"P13727","Linear_Dose_Trend",-0.0910775974079897,13.7495493722786,-1.59241741694857,0.111898991683916,0.50263978396439,-4.55449146960987,FALSE
"Q13477","Linear_Dose_Trend",-0.0680830088112831,10.9696199989344,-1.5906520309656,0.112296019526203,0.50263978396439,-4.55696857269496,FALSE
"O95967","Linear_Dose_Trend",-0.0794565701006155,8.86334903445566,-1.58969869205175,0.112515600176129,0.50263978396439,-4.55538898419797,FALSE
"P63218","Linear_Dose_Trend",-0.108568198709376,9.16578414948582,-1.58644484084318,0.113317201929723,0.504648657041064,-4.52399196523914,FALSE
"P00326","Linear_Dose_Trend",0.107814889336118,9.50723702676621,1.58411973403252,0.113784308905208,0.505160058730862,-4.56045270243743,FALSE
"P15311","Linear_Dose_Trend",-0.0696567304478218,8.1655479546288,-1.58096042695068,0.114499032533695,0.505793493245506,-4.56876296153225,FALSE
"Q99969","Linear_Dose_Trend",-0.0776612687302119,12.6740520470718,-1.58036201034324,0.114632416530537,0.505793493245506,-4.57135292956261,FALSE
"O95747","Linear_Dose_Trend",-0.103797693081942,8.25093890859041,-1.57710761313092,0.115413917717656,0.507679625788709,-4.55894753418049,FALSE
"P05060","Linear_Dose_Trend",-0.0905476405336774,8.87073273487393,-1.57386696264087,0.116127959124102,0.508721097687149,-4.58038585797457,FALSE
"P31025","Linear_Dose_Trend",-0.107470739131547,7.66912996664374,-1.57166084304186,0.116777466427953,0.508721097687149,-4.52512763527594,FALSE
"P04899","Linear_Dose_Trend",-0.0691640267474885,8.5584318587257,-1.57055508538595,0.116895838402799,0.508721097687149,-4.58404885230068,FALSE
"Q641Q3","Linear_Dose_Trend",-0.0902341933836112,8.20933482721477,-1.56997981766666,0.117069708672775,0.508721097687149,-4.56259501617478,FALSE
"Q5D862","Linear_Dose_Trend",-0.0907544222671793,9.72044929392317,-1.5644460973861,0.118329866008094,0.512643588687632,-4.59062069048446,FALSE
"P19367","Linear_Dose_Trend",0.201636743731183,7.41152132612373,1.56244772611813,0.119009123143491,0.514033381288454,-4.5033724159999,FALSE
"Q9BX97","Linear_Dose_Trend",-0.0829497642299184,7.5249005837609,-1.55411476026038,0.120824907336676,0.519592457612087,-4.57842569871911,FALSE
"P35030","Linear_Dose_Trend",-0.0648311272424099,11.2633780653342,-1.55238886684041,0.121177967547668,0.519592457612087,-4.60998953618043,FALSE
"Q9Y646","Linear_Dose_Trend",0.0594230415097604,8.41227064146051,1.55029910899126,0.121680847309939,0.519592457612087,-4.61182356712312,FALSE
"P26038","Linear_Dose_Trend",-0.0830168120777814,10.0554581270799,-1.55001981873195,0.121745513080656,0.519592457612087,-4.61323031062734,FALSE
"P06276","Linear_Dose_Trend",0.126907897960518,8.46951436682367,1.54735354282746,0.122406086286087,0.520670492785965,-4.60639423964478,FALSE
"Q86X29","Linear_Dose_Trend",-0.0943819988327453,9.55767542120689,-1.54365762814123,0.123282351637293,0.520670492785965,-4.62020934517165,FALSE
"P01717","Linear_Dose_Trend",0.140892882819571,11.3416003913519,1.54108981504974,0.123903601316481,0.520670492785965,-4.62540220530927,FALSE
"O43157","Linear_Dose_Trend",-0.0607843091916413,12.5580045037599,-1.54009010824463,0.124147049542856,0.520670492785965,-4.62676050651766,FALSE
"P00746","Linear_Dose_Trend",-0.0844606125244335,12.1788872745757,-1.53865377889865,0.124497478917098,0.520670492785965,-4.62871051929661,FALSE
"O00264","Linear_Dose_Trend",0.0911920258349093,8.16440745486271,1.53875829707094,0.124536722344004,0.520670492785965,-4.58920564764076,FALSE
"O00602","Linear_Dose_Trend",0.0827778053285078,8.28377233892702,1.53875775141088,0.124539734327466,0.520670492785965,-4.59419365917864,FALSE
"Q9UKX5","Linear_Dose_Trend",0.0743252080946014,6.82044209642383,1.53392907674344,0.125724738094097,0.521787753048165,-4.6027167065993,FALSE
"P14625","Linear_Dose_Trend",-0.0705631225579914,14.0300943662412,-1.53354266857314,0.12575074385278,0.521787753048165,-4.63563493988623,FALSE
"Q8IUK5","Linear_Dose_Trend",-0.061492519206821,11.4501229134404,-1.53092739493562,0.126395820896906,0.521787753048165,-4.639169234325,FALSE
"Q9UHG3","Linear_Dose_Trend",0.0568431733672349,10.6741638976403,1.53012010987963,0.126595464960345,0.521787753048165,-4.64025899732224,FALSE
"P15151","Linear_Dose_Trend",0.0810434749489345,8.24423008537336,1.52770171323002,0.127210620036766,0.521787753048165,-4.63352437151197,FALSE
"O94769","Linear_Dose_Trend",-0.0736622784305754,9.26428866579649,-1.52590944731732,0.12764076846988,0.521787753048165,-4.64593379239802,FALSE
"P07602","Linear_Dose_Trend",-0.077767665905182,8.9549864304446,-1.5219270556856,0.12865992279791,0.521787753048165,-4.63790715412393,FALSE
"Q13822","Linear_Dose_Trend",0.109129105346854,7.4267153431575,1.52148331540398,0.128881058732893,0.521787753048165,-4.57968313937314,FALSE
"Q13217","Linear_Dose_Trend",-0.0923095151177336,9.75793109598678,-1.51950746271599,0.129244128330778,0.521787753048165,-4.6535809544741,FALSE
"P55056","Linear_Dose_Trend",0.0643392742273244,12.4475615596113,1.51884578731561,0.12940943923833,0.521787753048165,-4.65541885761625,FALSE
"P19652","Linear_Dose_Trend",0.141853353692325,13.5509536726081,1.51776726856023,0.129681161387457,0.521787753048165,-4.6568632553817,FALSE
"P06331","Linear_Dose_Trend",0.122198700563144,11.5980292995244,1.51549442309056,0.130257584835698,0.521787753048165,-4.65904263916702,FALSE
"Q86WI1","Linear_Dose_Trend",-0.0918293298319504,9.4720873850835,-1.51084264075952,0.131436348569259,0.521787753048165,-4.66611280698243,FALSE
"P05156","Linear_Dose_Trend",0.134122125795807,11.9175031779048,1.50994573857149,0.131665031242117,0.521787753048165,-4.66730777775464,FALSE
"Q9UQ53","Linear_Dose_Trend",-0.0688257020881503,7.21874821200604,-1.50817346232586,0.13215635079047,0.521787753048165,-4.64768328738596,FALSE
"Q9UBX7","Linear_Dose_Trend",-0.125015184566197,11.0180551557968,-1.50607338606849,0.132677705962577,0.521787753048165,-4.66168678648062,FALSE
"A0A075B6K5","Linear_Dose_Trend",0.138857647979213,10.4280864652592,1.50555468273985,0.132789082551739,0.521787753048165,-4.67314797686816,FALSE
"Q96AQ6","Linear_Dose_Trend",-0.077831012932426,8.57699336824384,-1.50494217910322,0.132947636567169,0.521787753048165,-4.67281024866663,FALSE
"Q13444","Linear_Dose_Trend",-0.101023688332158,7.67045513309621,-1.50456134228139,0.133113359885166,0.521787753048165,-4.63547945930869,FALSE
"P17931","Linear_Dose_Trend",0.0876502982769889,6.55829085477536,1.50479547147249,0.133136110008333,0.521787753048165,-4.59369750226712,FALSE
"P23470","Linear_Dose_Trend",-0.0674065978052262,12.5096786107109,-1.50391768196628,0.133210034497873,0.521787753048165,-4.67532091308671,FALSE
"P08833","Linear_Dose_Trend",-0.096929158513047,10.056158224592,-1.50385497038978,0.133232080474825,0.521787753048165,-4.67225166610766,FALSE
"P50591","Linear_Dose_Trend",-0.0854815663621912,7.07644787190519,-1.5005631080853,0.134274257344001,0.521787753048165,-4.58378126581839,FALSE
"O14602;P47813","Linear_Dose_Trend",-0.108369041337098,7.68609962375143,-1.49880924441717,0.13457820491603,0.521787753048165,-4.65850240528279,FALSE
"P08603","Linear_Dose_Trend",0.123371293381251,12.4737109225411,1.49717025283622,0.134956066243285,0.521787753048165,-4.68425266133905,FALSE
"Q86TH1","Linear_Dose_Trend",-0.0822052668983187,9.02453794597641,-1.49678539470538,0.135056188150746,0.521787753048165,-4.68476090899505,FALSE
"O14960","Linear_Dose_Trend",-0.120657680436438,11.8546863734443,-1.49541315416233,0.135413648915997,0.521787753048165,-4.68657205078317,FALSE
"P01893","Linear_Dose_Trend",-0.0645748216164358,9.66724335282846,-1.49501056686382,0.135519829325688,0.521787753048165,-4.68614056703765,FALSE
"Q562R1","Linear_Dose_Trend",-0.101887508517448,14.2360805312193,-1.49490415198767,0.135558331518221,0.521787753048165,-4.67906608276688,FALSE
"P10643","Linear_Dose_Trend",0.104052318520425,12.0970092931249,1.49422773004194,0.135723034788679,0.521787753048165,-4.6881352996826,FALSE
"P20701","Linear_Dose_Trend",-0.0636520234500785,8.57395550348174,-1.49230110155627,0.136227036485167,0.522325054330826,-4.69067337410722,FALSE
"Q9HBB8","Linear_Dose_Trend",-0.084758113007369,7.41852388961658,-1.48779682904735,0.137559040886338,0.524789501208706,-4.62122835169548,FALSE
"O43529","Linear_Dose_Trend",-0.0788975248345532,7.08046953571719,-1.48717172631876,0.137625119568801,0.524789501208706,-4.67256702329875,FALSE
"Q504Y2","Linear_Dose_Trend",-0.0880492522724584,7.74771695121705,-1.48437613696134,0.138356532337747,0.524789501208706,-4.67734827294476,FALSE
"Q7LFX5","Linear_Dose_Trend",-0.0695639880435465,8.52295385874585,-1.4824667089797,0.138822296023079,0.524789501208706,-4.70357833016738,FALSE
"P04259","Linear_Dose_Trend",-0.0669437547482716,14.4216868862115,-1.48160420474637,0.139051716992854,0.524789501208706,-4.70470610009252,FALSE
"P06734","Linear_Dose_Trend",-0.0792777394207162,9.32929477376901,-1.48167208173363,0.139065558200354,0.524789501208706,-4.6838121870839,FALSE
"Q9NZP8","Linear_Dose_Trend",0.0798233944699646,10.0023614465442,1.47688249758089,0.140312855260909,0.526888985577241,-4.71086845953339,FALSE
"P46459","Linear_Dose_Trend",0.119892694652789,7.17099264976762,1.47690706668146,0.14035675905893,0.526888985577241,-4.68561965235108,FALSE
"Q99542","Linear_Dose_Trend",-0.0673772360334206,11.0254164838195,-1.47096370163765,0.141906168989358,0.53089678042271,-4.7185656304359,FALSE
"P51148","Linear_Dose_Trend",-0.0849436456287069,7.28598695620949,-1.47028841662187,0.142164828230349,0.53089678042271,-4.67543891316089,FALSE
"Q96JP9","Linear_Dose_Trend",-0.0833665952712257,6.72370087527936,-1.46641487636805,0.143285971853371,0.532504814650789,-4.6433530475288,FALSE
"Q15517","Linear_Dose_Trend",-0.194204303190497,10.6970786590595,-1.46577668055545,0.143338116077549,0.532504814650789,-4.71287558171733,FALSE
"Q5TDH0","Linear_Dose_Trend",0.120111227082921,7.72150725202322,1.46087522297024,0.144810629805776,0.53645874007598,-4.6497745467365,FALSE
"Q9H1Z8","Linear_Dose_Trend",-0.0697545700464289,7.34562600262294,-1.45516178903875,0.146299680637811,0.53645874007598,-4.69951884686908,FALSE
"P01834","Linear_Dose_Trend",0.0780724819215036,14.7461063565728,1.45134926347965,0.147286013340714,0.53645874007598,-4.74385454861914,FALSE
"Q96JM4","Linear_Dose_Trend",0.0909328391695194,9.04351359520846,1.44966968023009,0.147870103041894,0.53645874007598,-4.6871675194462,FALSE
"P23229","Linear_Dose_Trend",-0.0729347649927678,9.94467402587353,-1.44882602445478,0.147989290994147,0.53645874007598,-4.74708334237907,FALSE
"P10599","Linear_Dose_Trend",-0.079773970714081,9.21673893968968,-1.44801953129701,0.148216947499225,0.53645874007598,-4.74573804550717,FALSE
"P60033","Linear_Dose_Trend",-0.0683118307864839,10.7007451178476,-1.44556728586994,0.148913192449608,0.53645874007598,-4.74423673160395,FALSE
"Q8WVV4","Linear_Dose_Trend",-0.100340623736565,7.01356387567245,-1.44263245805406,0.149844215233444,0.53645874007598,-4.69549713280511,FALSE
"P09960","Linear_Dose_Trend",-0.093789389021407,7.83696238635144,-1.44148577744452,0.150071398859578,0.53645874007598,-4.74111124354443,FALSE
"P49908","Linear_Dose_Trend",-0.0705784256252114,14.5925479974934,-1.43728253964929,0.15123954436928,0.53645874007598,-4.76178364012027,FALSE
"P19823","Linear_Dose_Trend",-0.0709636066047013,20.3494201718466,-1.43542285894146,0.151768230242457,0.53645874007598,-4.76414098952709,FALSE
"Q86Y38","Linear_Dose_Trend",-0.0669252699746183,7.89978191803031,-1.4348513015017,0.151965240643762,0.53645874007598,-4.74437575746515,FALSE
"P46940","Linear_Dose_Trend",0.0989991582945107,9.73664473237261,1.43259374591194,0.152575219918886,0.53645874007598,-4.76772139894564,FALSE
"P01706","Linear_Dose_Trend",0.139775317336113,11.433814067945,1.43201218279261,0.152766817778806,0.53645874007598,-4.75291065772473,FALSE
"O43173","Linear_Dose_Trend",-0.081164896535954,6.86740681931493,-1.43161596697038,0.1529945169805,0.53645874007598,-4.68852038794088,FALSE
"Q8WUT4","Linear_Dose_Trend",-0.0845968600262272,9.43637876328759,-1.43086449764035,0.153075925447121,0.53645874007598,-4.76604100647227,FALSE
"Q16706","Linear_Dose_Trend",-0.0471971297837057,9.45858734553247,-1.43078866277998,0.153091819164079,0.53645874007598,-4.77000217927555,FALSE
"P08670","Linear_Dose_Trend",0.118202913975867,8.5443285117258,1.43050117934452,0.153178877183207,0.53645874007598,-4.76710351673313,FALSE
"P35241","Linear_Dose_Trend",-0.0551387273683396,11.5144485471076,-1.43028030854895,0.15323754630001,0.53645874007598,-4.77064398671053,FALSE
"Q5HYC2","Linear_Dose_Trend",-0.10332518890928,9.47835725320824,-1.43036462102517,0.153260758615475,0.53645874007598,-4.7458334655277,FALSE
"P23381","Linear_Dose_Trend",-0.0771649157415527,7.40481678366745,-1.42962008487956,0.15345859827607,0.53645874007598,-4.7549378761053,FALSE
"P13645","Linear_Dose_Trend",-0.0900684647672251,14.3720868518528,-1.42643071722187,0.154344524045697,0.53645874007598,-4.77549683477288,FALSE
"P19013","Linear_Dose_Trend",-0.088293885081282,12.9792234996586,-1.42537442270446,0.154650488946694,0.53645874007598,-4.77563253212247,FALSE
"Q9H0B8","Linear_Dose_Trend",-0.12301407425849,7.3761908131981,-1.42443032561333,0.155074046741192,0.53645874007598,-4.69740777793816,FALSE
"P49747","Linear_Dose_Trend",-0.0631725114319151,15.0549524769849,-1.42346601312613,0.155201191634805,0.53645874007598,-4.77922534434756,FALSE
"P23284","Linear_Dose_Trend",-0.0746986443769236,10.4278361273034,-1.42341820258231,0.155215036359256,0.53645874007598,-4.77928540945539,FALSE
"P20930","Linear_Dose_Trend",-0.0904308939379851,8.55168975297521,-1.4226801553304,0.155439444584196,0.53645874007598,-4.77339415760671,FALSE
"P62258","Linear_Dose_Trend",-0.0833972803116514,8.07808906629339,-1.4210918375627,0.155892145671913,0.53645874007598,-4.78013088755435,FALSE
"Q14767","Linear_Dose_Trend",-0.0859134888149739,9.5297482203054,-1.42057311229857,0.156041752373107,0.53645874007598,-4.78186055781405,FALSE
"Q12907","Linear_Dose_Trend",-0.0556004372098731,9.51970807583091,-1.4200792357165,0.156190067329229,0.53645874007598,-4.7800631081438,FALSE
"Q16627","Linear_Dose_Trend",-0.0966819674260043,10.7778767446211,-1.41905155456164,0.15648812441156,0.53645874007598,-4.78286416500844,FALSE
"P38571","Linear_Dose_Trend",0.0631822363092025,7.72585907088287,1.41832264889739,0.156868118437438,0.53645874007598,-4.70642106363274,FALSE
"Q99459","Linear_Dose_Trend",0.123687928358156,11.0789659636948,1.41534129726627,0.157604106941823,0.53645874007598,-4.76855056726589,FALSE
"P22352","Linear_Dose_Trend",0.0905023167578496,11.9538249521091,1.41323754997585,0.15818456754799,0.53645874007598,-4.79202995929281,FALSE
"Q13609","Linear_Dose_Trend",-0.089417812267157,7.5187821663947,-1.41272580027991,0.158355202597255,0.53645874007598,-4.77898622218621,FALSE
"Q06830","Linear_Dose_Trend",-0.0959283109603548,11.3367596012712,-1.40933587351086,0.159333990821592,0.53645874007598,-4.79689019436123,FALSE
"P43686","Linear_Dose_Trend",-0.104663228443432,7.18829969733734,-1.4082827327148,0.159708951401324,0.53645874007598,-4.76765221296308,FALSE
"P51659","Linear_Dose_Trend",0.106978370804541,7.01317891499583,1.40767185620167,0.159997832020787,0.53645874007598,-4.72412164694882,FALSE
"Q8N257","Linear_Dose_Trend",0.133398738084411,9.21162850044472,1.40746196090928,0.160037779276936,0.53645874007598,-4.73091363039718,FALSE
"Q6KB66","Linear_Dose_Trend",-0.131370346887485,9.52359920940855,-1.40684222154889,0.160094599284639,0.53645874007598,-4.78488509172288,FALSE
"Q8NCH0","Linear_Dose_Trend",-0.0792764559397111,7.27292738089691,-1.40575899565396,0.160505185654666,0.53645874007598,-4.73367557589439,FALSE
"Q92752","Linear_Dose_Trend",-0.0697601605954094,7.13519394326189,-1.40415497778491,0.160900222477431,0.53645874007598,-4.78723606950502,FALSE
"P04196","Linear_Dose_Trend",-0.0575655600154897,16.6690913818707,-1.4033444272968,0.161111375984783,0.53645874007598,-4.804327673317,FALSE
"P11413","Linear_Dose_Trend",0.114383841125854,7.27939671100416,1.40327151471747,0.161184225234434,0.53645874007598,-4.77917526437515,FALSE
"P05387","Linear_Dose_Trend",-0.0735242728613473,8.69342973546772,-1.40295052763249,0.161236901654636,0.53645874007598,-4.79971550206348,FALSE
"P31327","Linear_Dose_Trend",0.0999430935021316,7.30024927825422,1.39931165714185,0.16236993401107,0.538343066029204,-4.77656345113359,FALSE
"Q96KN2","Linear_Dose_Trend",0.0669361648523046,12.246569904361,1.39761797358776,0.16282414946463,0.538343066029204,-4.81140683811345,FALSE
"P35443","Linear_Dose_Trend",-0.0667456910281246,15.3802682371216,-1.39726726619662,0.162929491392381,0.538343066029204,-4.81183945731594,FALSE
"A2CJ06","Linear_Dose_Trend",0.0695386242310001,9.49209063448589,1.39311002956419,0.164264252870409,0.541505606014177,-4.769010973934,FALSE
"O95498","Linear_Dose_Trend",-0.084651252271861,7.71699451981414,-1.39031177844023,0.165144057291658,0.54315728934917,-4.76359434480228,FALSE
"Q9NZ53","Linear_Dose_Trend",-0.0684247854847058,8.53113110112218,-1.37940808959259,0.168363400893453,0.551689624689764,-4.83372719761674,FALSE
"Q9NSC7","Linear_Dose_Trend",-0.100979833673383,7.4451060299164,-1.37930175497705,0.168507709633275,0.551689624689764,-4.76831525152773,FALSE
"P04350","Linear_Dose_Trend",-0.0876997116047571,9.3406841749838,-1.37462660066611,0.169890394390135,0.552895257909729,-4.81276777411023,FALSE
"Q6E0U4","Linear_Dose_Trend",-0.0834762246106824,9.8383231057984,-1.37394967850241,0.170049621782115,0.552895257909729,-4.84036155781526,FALSE
"P43251","Linear_Dose_Trend",0.0498569881509312,10.7671646735011,1.3734146181003,0.170215707243195,0.552895257909729,-4.8410104568357,FALSE
"P13796","Linear_Dose_Trend",0.0671394978508702,10.4338015386787,1.37276278697291,0.170418203623501,0.552895257909729,-4.84180063178367,FALSE
"Q08431","Linear_Dose_Trend",-0.0687404001153029,7.06597142600765,-1.37199896764516,0.17084111818387,0.55301617037397,-4.74752805651408,FALSE
"P33151","Linear_Dose_Trend",0.0623501078237521,11.9755936829786,1.36721870239592,0.172147839502751,0.555990995150776,-4.84850634435855,FALSE
"Q9UBU3","Linear_Dose_Trend",-0.0877723987802104,8.79786820446748,-1.36538058817809,0.172871898577022,0.557074837212246,-4.76365233156723,FALSE
"Q9H6X2","Linear_Dose_Trend",0.0633506737330888,8.48097339830864,1.36262760545672,0.173590106474916,0.558135006020245,-4.85403901727128,FALSE
"P40967","Linear_Dose_Trend",-0.0642687254461159,11.9632614282273,-1.36100734968915,0.174101256443141,0.558526178388062,-4.8559871596027,FALSE
"P00736","Linear_Dose_Trend",-0.0676876085823858,15.7427185587393,-1.35947439842332,0.174585901171814,0.558830764018707,-4.85782821289468,FALSE
"Q8WUM4","Linear_Dose_Trend",-0.101004523022272,10.5002343077627,-1.35535454047548,0.175893404651105,0.559821630135398,-4.86276590538719,FALSE
"Q86UD1","Linear_Dose_Trend",0.051480983805204,10.3448795806351,1.35401058929424,0.176321509522527,0.559821630135398,-4.86437342857176,FALSE
"P40189","Linear_Dose_Trend",0.0817347969141963,7.25429656041608,1.35308467692554,0.17665420656989,0.559821630135398,-4.8419084688501,FALSE
"Q86SF2","Linear_Dose_Trend",-0.0681695164337607,6.68609049859274,-1.35298488336498,0.176815843114875,0.559821630135398,-4.77157657693015,FALSE
"Q15758","Linear_Dose_Trend",-0.0805996846160447,7.40097123466772,-1.35186152535347,0.177099188073686,0.559821630135398,-4.81518597997801,FALSE
"Q9C0C9","Linear_Dose_Trend",-0.104227290845341,8.5368587714068,-1.35115288005862,0.177237810377595,0.559821630135398,-4.86480155639206,FALSE
"Q68DL7","Linear_Dose_Trend",0.117840961185948,10.9679462209372,1.3481830748936,0.178250708925637,0.561783552965634,-4.8379813429503,FALSE
"P21439","Linear_Dose_Trend",-0.078760646592504,9.11995590656218,-1.34563379313171,0.179136947168678,0.563148503271028,-4.79939952565488,FALSE
"P02774","Linear_Dose_Trend",0.114895374104075,13.6123337445535,1.34099458539977,0.180508029518939,0.563148503271028,-4.87986022091338,FALSE
"P23471","Linear_Dose_Trend",-0.0546218258191675,11.5453431595551,-1.33655792957539,0.181951843990217,0.563148503271028,-4.88510515159585,FALSE
"Q8TB73","Linear_Dose_Trend",-0.0671927340589415,8.07615447087365,-1.33576876176435,0.182216385403925,0.563148503271028,-4.87964171528297,FALSE
"Q9H159","Linear_Dose_Trend",-0.060922478591885,9.42644628681729,-1.33543597423483,0.182318317670685,0.563148503271028,-4.88642877354597,FALSE
"P42025","Linear_Dose_Trend",-0.103916463996721,8.33137849152856,-1.33560048309859,0.182417833713983,0.563148503271028,-4.80303299953307,FALSE
"P01042","Linear_Dose_Trend",-0.105395551726879,15.4118958099664,-1.33418526314705,0.182727494671154,0.563148503271028,-4.88790299429685,FALSE
"P50238","Linear_Dose_Trend",-0.069744685722749,11.6856486064895,-1.33392351618045,0.182830570457482,0.563148503271028,-4.87630046779448,FALSE
"Q9NPA2","Linear_Dose_Trend",-0.112381687899596,8.9381816023975,-1.33379236635198,0.182995306358769,0.563148503271028,-4.80201187032335,FALSE
"P18065","Linear_Dose_Trend",-0.110391267513226,11.9484702190205,-1.33283151283847,0.183177969107833,0.563148503271028,-4.88481340002717,FALSE
"P15924","Linear_Dose_Trend",-0.0947207967486009,10.1590568985184,-1.33168395718003,0.183547857993446,0.563148503271028,-4.8908471866473,FALSE
"P52943","Linear_Dose_Trend",-0.0587641042988893,7.95101101224923,-1.33106856500712,0.183758074608852,0.563148503271028,-4.88395622466117,FALSE
"P39687","Linear_Dose_Trend",-0.0789939480778018,9.43858952335655,-1.33099924874338,0.183789051276737,0.563148503271028,-4.88106239428184,FALSE
"P01111","Linear_Dose_Trend",-0.0683788914338758,8.94936450537555,-1.32883937513059,0.184492087017357,0.564097340688466,-4.88768083576544,FALSE
"A0A075B6H9","Linear_Dose_Trend",0.130617076986807,10.7077033239488,1.32576328503268,0.185513172212853,0.566012529687727,-4.89042934740406,FALSE
"Q9H8J5","Linear_Dose_Trend",-0.0699972541896652,10.6626319630852,-1.31714658885444,0.188369964154782,0.569329776059265,-4.9078500270598,FALSE
"P08697","Linear_Dose_Trend",0.0646758136244899,14.3363074833072,1.31394808913569,0.1894433872368,0.569329776059265,-4.91156611601739,FALSE
"P69892","Linear_Dose_Trend",-0.136184992849229,10.4876884182868,-1.31361826555421,0.189586082256896,0.569329776059265,-4.8883998604957,FALSE
"O75367","Linear_Dose_Trend",0.140174205755898,8.04775433390786,1.31322801898763,0.189827107910268,0.569329776059265,-4.83969814718235,FALSE
"P60891","Linear_Dose_Trend",-0.0848395494230272,8.44317812422043,-1.31157135502112,0.190248437333996,0.569329776059265,-4.91117013198171,FALSE
"Q16658","Linear_Dose_Trend",0.0960364003203981,6.41987347472856,1.31152487209523,0.190424100734001,0.569329776059265,-4.82496730074312,FALSE
"P60985","Linear_Dose_Trend",-0.0767060974622914,10.9812272597266,-1.31024587045928,0.19069149679207,0.569329776059265,-4.9158562388969,FALSE
"Q86VP6","Linear_Dose_Trend",-0.0799980740934736,7.89533963043312,-1.30977966308815,0.190849096235974,0.569329776059265,-4.91639562713737,FALSE
"Q7LDG7","Linear_Dose_Trend",0.120979773655766,6.64280281953585,1.30895068028727,0.191320463535495,0.569329776059265,-4.81476939981749,FALSE
"P08571","Linear_Dose_Trend",0.0549713401765468,12.3595402191225,1.30814839936791,0.191401294905767,0.569329776059265,-4.9182814515432,FALSE
"P68871","Linear_Dose_Trend",-0.11907383561224,17.565119952175,-1.30675380426223,0.191874312941082,0.569329776059265,-4.91989182510672,FALSE
"P55010","Linear_Dose_Trend",-0.104117680681983,7.92805363114097,-1.30679428852779,0.191975117814991,0.569329776059265,-4.85494633629009,FALSE
"O75144","Linear_Dose_Trend",0.0720161543802799,8.10358333554145,1.3060848316653,0.192125840262015,0.569329776059265,-4.91337296493983,FALSE
"P28906","Linear_Dose_Trend",-0.0642586502295903,10.8771231873645,-1.30592636107811,0.192158724973978,0.569329776059265,-4.91979714825225,FALSE
"Q9H5I5","Linear_Dose_Trend",-0.0630517976841602,10.5868250915879,-1.30439736114337,0.192683408055161,0.569707231239382,-4.91729148332609,FALSE
"P16949","Linear_Dose_Trend",-0.0797888063949833,8.2584548109497,-1.29742176990311,0.195109729855141,0.574261923424602,-4.89909211271413,FALSE
"Q9Y4F3","Linear_Dose_Trend",-0.0845706089538355,12.713313291584,-1.29695366152091,0.195235098539759,0.574261923424602,-4.92014978244972,FALSE
"O95084","Linear_Dose_Trend",-0.0902315101795271,7.45843404989294,-1.29665988243649,0.195425257064997,0.574261923424602,-4.86184033782025,FALSE
"Q10469","Linear_Dose_Trend",-0.10391596493796,8.39718052513125,-1.29489183571637,0.195965275487701,0.574671175970069,-4.91383071255055,FALSE
"Q9Y625","Linear_Dose_Trend",-0.0621686589213465,8.46083034028952,-1.2936481955893,0.196379896366379,0.57471177834569,-4.92276529570727,FALSE
"Q658P3","Linear_Dose_Trend",-0.0694369950842743,8.60031979857161,-1.29047454037722,0.197479206150651,0.576751897393142,-4.92539712063472,FALSE
"P08133","Linear_Dose_Trend",0.066889677336805,9.34076333893893,1.28847161670535,0.198155183207908,0.577549863252318,-4.94084500934427,FALSE
"P01703","Linear_Dose_Trend",0.101253807080824,10.6053858849787,1.28724086542174,0.198591185022335,0.577646570632916,-4.93655133794821,FALSE
"Q9ULV4","Linear_Dose_Trend",0.132428593759182,7.96139469694375,1.28566403637189,0.199232480025205,0.578338818534704,-4.88456675054603,FALSE
"P17936","Linear_Dose_Trend",0.101145124892901,11.3536831685522,1.28321664255959,0.19998813910062,0.579359578727857,-4.94681349310854,FALSE
"O75165","Linear_Dose_Trend",0.126566462744195,7.6100268827371,1.28139106751813,0.200777627856529,0.580474028923915,-4.86896279911879,FALSE
"P10646","Linear_Dose_Trend",-0.0616190786664063,11.7922847893331,-1.27711166324642,0.202133136165175,0.583217137345795,-4.95371698006231,FALSE
"P22607","Linear_Dose_Trend",-0.0686169986876377,6.99276615756357,-1.27612494221275,0.202600722995671,0.583392443324884,-4.89367482693792,FALSE
"P62979","Linear_Dose_Trend",-0.0645684333901508,11.3767942276717,-1.27158633719941,0.204088925708337,0.584588576882114,-4.95993681344051,FALSE
"P35251","Linear_Dose_Trend",0.146641706246012,9.23929673339768,1.27159894409994,0.204256965632273,0.584588576882114,-4.86374991158199,FALSE
"Q08554","Linear_Dose_Trend",-0.0773915525171094,10.2262778523657,-1.2708644327451,0.20434656910909,0.584588576882114,-4.95979650839789,FALSE
"P04003","Linear_Dose_Trend",0.0790441752206555,14.3590996404846,1.26669137211045,0.205833092214797,0.584588576882114,-4.96542467964305,FALSE
"Q9NUQ9","Linear_Dose_Trend",-0.0670751353854086,7.29107790280348,-1.26388582699135,0.206863868695471,0.584588576882114,-4.95341737176147,FALSE
"P24158","Linear_Dose_Trend",0.150925122641458,7.73847548064312,1.26330447760988,0.207240953981113,0.584588576882114,-4.8712612374047,FALSE
"P35442","Linear_Dose_Trend",-0.0751708652956519,13.7305289299725,-1.26026856405974,0.208138097769889,0.584588576882114,-4.97259356104686,FALSE
"P00739","Linear_Dose_Trend",0.070021214947919,14.0046574050228,1.25916053589875,0.208537635819883,0.584588576882114,-4.9738266371345,FALSE
"P30990","Linear_Dose_Trend",-0.0591411713194839,8.86237445889297,-1.25833652765418,0.208861273990986,0.584588576882114,-4.95426539836538,FALSE
"P20851","Linear_Dose_Trend",0.0863404624333787,9.7546999972539,1.25727104981145,0.209224619369761,0.584588576882114,-4.97157099967497,FALSE
"P78527","Linear_Dose_Trend",-0.173036759837418,9.8700004456879,-1.2567264868906,0.209545120892698,0.584588576882114,-4.89486266062513,FALSE
"Q13867","Linear_Dose_Trend",-0.0686677899941358,9.44588096780553,-1.25493921900978,0.210083951665054,0.584588576882114,-4.96531668513305,FALSE
"Q9UBQ6","Linear_Dose_Trend",0.103016301788016,7.1458009847719,1.25485789518422,0.210284362189326,0.584588576882114,-4.88038635579074,FALSE
"Q13093","Linear_Dose_Trend",0.0903188518230428,7.44067465193673,1.25453917681085,0.210359622216791,0.584588576882114,-4.90509155628347,FALSE
"Q8TD06","Linear_Dose_Trend",-0.066424585735485,8.06156396628907,-1.25271164242778,0.210903732914396,0.584588576882114,-4.96036971530171,FALSE
"Q96PL1","Linear_Dose_Trend",0.0885592937556285,9.92541118531435,1.25234842793737,0.211018406786891,0.584588576882114,-4.97244332547829,FALSE
"P01860","Linear_Dose_Trend",0.108127912029071,13.5268326662248,1.25199412587383,0.211135202510901,0.584588576882114,-4.98177580578907,FALSE
"P02730","Linear_Dose_Trend",-0.113774937737106,12.6738209139273,-1.25187677532358,0.21117793227267,0.584588576882114,-4.98190559905498,FALSE
"P04275","Linear_Dose_Trend",-0.07075167149791,16.8930241035935,-1.25024110973361,0.211774164939291,0.584588576882114,-4.98371343667799,FALSE
"P07741","Linear_Dose_Trend",-0.0785626916300365,9.24875335991482,-1.24897826192721,0.212254338739775,0.584588576882114,-4.97347144927387,FALSE
"P0DOX8","Linear_Dose_Trend",0.0822514135142876,16.3612820323272,1.24759707674954,0.212740546320002,0.584588576882114,-4.98663081852622,FALSE
"P12273","Linear_Dose_Trend",-0.0723908834613359,8.39433124754456,-1.24757241022279,0.212793880566345,0.584588576882114,-4.95731557133381,FALSE
"P43121","Linear_Dose_Trend",0.0698589615888778,8.31401020765541,1.24729526910794,0.212892850676535,0.584588576882114,-4.95710521548549,FALSE
"O15031","Linear_Dose_Trend",-0.0689192490116886,7.25153157887261,-1.24723922924321,0.212944869173785,0.584588576882114,-4.93237256972037,FALSE
"P15144","Linear_Dose_Trend",0.0899306553092204,7.58604257616504,1.2463801724938,0.213207688779181,0.584588576882114,-4.97192813676541,FALSE
"P30040","Linear_Dose_Trend",0.104355006792981,7.2167481010568,1.24349388396848,0.214411158707465,0.585417733266136,-4.90213902955694,FALSE
"Q16270","Linear_Dose_Trend",-0.0650650867995479,10.7307720236852,-1.24032603160502,0.215414536189562,0.585417733266136,-4.99462193349668,FALSE
"P02775","Linear_Dose_Trend",-0.0998288518020888,15.281641962055,-1.23898535869484,0.215910220327073,0.585417733266136,-4.99609031006647,FALSE
"Q02413","Linear_Dose_Trend",-0.0768368319398271,10.0690036841247,-1.23730646312755,0.216535358620551,0.585417733266136,-4.99598702607051,FALSE
"P09493","Linear_Dose_Trend",0.106525242479282,8.78654767816927,1.23557314231435,0.217220796089078,0.585417733266136,-4.97109631871492,FALSE
"P21926","Linear_Dose_Trend",-0.0623225324039952,11.4043040518504,-1.23534440302179,0.217267054533509,0.585417733266136,-4.99490265260997,FALSE
"Q5SZK8","Linear_Dose_Trend",-0.0733152240607729,6.95015730382047,-1.2350183274132,0.217390486963382,0.585417733266136,-4.99346872041401,FALSE
"O75339","Linear_Dose_Trend",-0.0639604500216484,9.72981043169935,-1.2346034796305,0.217536067917043,0.585417733266136,-5.00087857331297,FALSE
"P30101","Linear_Dose_Trend",-0.0625858421605759,10.8976814926054,-1.23452046960682,0.217566952847161,0.585417733266136,-5.00096911919047,FALSE
"P62191","Linear_Dose_Trend",-0.121117827555092,7.97036545737315,-1.23462590034346,0.217610261242406,0.585417733266136,-4.94533610789363,FALSE
"Q8NBJ4","Linear_Dose_Trend",-0.0508489276526666,11.3961039174354,-1.23323259449293,0.21804652823931,0.585417733266136,-5.0023731358966,FALSE
"O00391","Linear_Dose_Trend",0.0565784366557138,10.4747569374785,1.23226058433669,0.218408986957728,0.585417733266136,-5.00343183860348,FALSE
"A0A0J9YX35","Linear_Dose_Trend",0.11618608631282,10.4077073834849,1.23028833702768,0.219192153995292,0.58552522366717,-4.9727748846422,FALSE
"Q9UBE0","Linear_Dose_Trend",0.0820301884456655,9.46894582074166,1.2274869476803,0.22022108061491,0.58552522366717,-4.99425757079988,FALSE
"P55786","Linear_Dose_Trend",0.0778039213273435,6.74050016139399,1.22613842715284,0.220762289707366,0.58552522366717,-4.96905834626138,FALSE
"P55157","Linear_Dose_Trend",-0.0758407729753999,7.52973044151518,-1.22598825676392,0.220786403087721,0.58552522366717,-4.98878382644336,FALSE
"Q6PCB0","Linear_Dose_Trend",-0.0671486494236001,6.80868966858959,-1.22608568842897,0.220812420898513,0.58552522366717,-4.94965994404873,FALSE
"O60462","Linear_Dose_Trend",-0.0511739714479225,12.4714194419794,-1.22561433104296,0.220898986055745,0.58552522366717,-5.01064864056335,FALSE
"Q9BY76","Linear_Dose_Trend",-0.0738341842915917,8.04806467104058,-1.22037423371741,0.222903298739047,0.58974784205128,-4.99620696775709,FALSE
"Q9NZD4","Linear_Dose_Trend",0.103566078159946,8.02305922308732,1.21674884003827,0.224414239128375,0.592651968526869,-4.92208430487071,FALSE
"P06576","Linear_Dose_Trend",0.120146916536433,7.44942043714986,1.21301924855556,0.225795172975933,0.593029670728611,-4.95645436628243,FALSE
"P51149","Linear_Dose_Trend",-0.0708850877733581,9.32379673727702,-1.21204812550492,0.226046860749789,0.593029670728611,-5.0241794390425,FALSE
"P01701","Linear_Dose_Trend",0.111269267593981,12.7768259675304,1.21048665164927,0.226645665424761,0.593029670728611,-5.0244472343489,FALSE
"Q9UBS9","Linear_Dose_Trend",-0.0610562437740916,7.97251842963129,-1.21045766994433,0.226666576611258,0.593029670728611,-5.0185398084399,FALSE
"Q8N3T1","Linear_Dose_Trend",-0.0608507316106099,7.20070048461002,-1.21043074745016,0.226694031921702,0.593029670728611,-5.00435751888316,FALSE
"Q5TEC6","Linear_Dose_Trend",0.0947463192363899,9.2698981014316,1.20996163703366,0.227038555948401,0.593029670728611,-4.91398757512489,FALSE
"P19338","Linear_Dose_Trend",-0.0653424412295305,8.11936239349896,-1.20711130147291,0.227954743882262,0.593226458016764,-5.01910906535549,FALSE
"Q6P988","Linear_Dose_Trend",-0.0741142142617605,8.66458723108072,-1.20473843768972,0.228881515180679,0.593226458016764,-5.01321824711655,FALSE
"Q9NQ76","Linear_Dose_Trend",-0.0788655988473676,8.79101973270035,-1.20434375104255,0.229020139889011,0.593226458016764,-5.02180159410774,FALSE
"P10619","Linear_Dose_Trend",-0.0844569143180482,6.73039017605738,-1.20437155145695,0.229162315134702,0.593226458016764,-4.93077937189524,FALSE
"P13598","Linear_Dose_Trend",0.0632156054531671,8.79102741680121,1.20389542209694,0.22918232757412,0.593226458016764,-5.03100572070267,FALSE
"P23467","Linear_Dose_Trend",-0.0541895026873926,8.79390050319255,-1.20176730707026,0.230001059309292,0.59427300729644,-5.03622359519118,FALSE
"P36871","Linear_Dose_Trend",0.0798210923503356,7.53282219298253,1.20022735325024,0.23061638454995,0.594385962846707,-5.02661212268343,FALSE
"Q8NI99","Linear_Dose_Trend",-0.0773289779230549,11.9412872681069,-1.19951653122526,0.230873766600848,0.594385962846707,-5.0386116692123,FALSE
"Q9BWP8","Linear_Dose_Trend",-0.0660641108094045,13.8883739953902,-1.19654438735262,0.232029786448763,0.595617028188692,-5.04175829825953,FALSE
"P04233","Linear_Dose_Trend",-0.0504635049830612,9.29893092877623,-1.1961568145607,0.232185065565003,0.595617028188692,-5.03782569245112,FALSE
"P69905","Linear_Dose_Trend",-0.111122970969471,17.1221016525983,-1.19474899443788,0.232730100648125,0.595617028188692,-5.04365533411043,FALSE
"P55291","Linear_Dose_Trend",-0.0773823564817931,7.85112566053338,-1.19407966898811,0.233013356216078,0.595617028188692,-5.03234340636577,FALSE
"P02768","Linear_Dose_Trend",0.12434863600982,15.624335027664,1.19291734776904,0.233446104458752,0.595661412444573,-5.04558775861598,FALSE
"P08581","Linear_Dose_Trend",0.0887155921829046,7.14513897794442,1.19165250602162,0.23400189715214,0.595754280978214,-5.00237584787447,FALSE
"P56715","Linear_Dose_Trend",-0.0492266626389723,10.6761899901176,-1.19073674943574,0.234313399213189,0.595754280978214,-5.03630062962582,FALSE
"O95236","Linear_Dose_Trend",0.112575576991503,9.04459205449546,1.18917173739291,0.235005281044299,0.596455881446948,-4.98848490915387,FALSE
"P26927","Linear_Dose_Trend",0.104387201564995,8.45385196556875,1.18214735181628,0.237700631709946,0.602230929102583,-5.04757741596144,FALSE
"P05362","Linear_Dose_Trend",-0.0461284245931426,9.51469582533687,-1.17871067063873,0.239052814312732,0.604166134891375,-5.0604760197466,FALSE
"P10412","Linear_Dose_Trend",0.104860555329285,10.4654887205023,1.17807460412529,0.239307088297281,0.604166134891375,-5.0600473545449,FALSE
"P19022","Linear_Dose_Trend",-0.0617538373778372,9.03003520170015,-1.17646066462289,0.239949452864731,0.604723225673154,-5.06281770870069,FALSE
"P02549","Linear_Dose_Trend",-0.142937447375864,10.1123705972051,-1.17017131310381,0.242468393157101,0.608843436598434,-5.06933974481483,FALSE
"Q9NZ08","Linear_Dose_Trend",0.0961870288584164,6.71627753030919,1.16981150766447,0.242803003320026,0.608843436598434,-4.95914785187274,FALSE
"A0A0B4J1Y9","Linear_Dose_Trend",0.0953460799455308,12.0075295843226,1.16875056570693,0.243039988108037,0.608843436598434,-5.07080824274188,FALSE
"Q13200","Linear_Dose_Trend",-0.0810315401464671,7.62333599892934,-1.16825300162815,0.243282628431592,0.608843436598434,-5.04528496619313,FALSE
"Q9BYE9","Linear_Dose_Trend",-0.0846273563564323,9.3211487711656,-1.16473418194618,0.244660995421703,0.609767347848854,-5.07495002080542,FALSE
"Q15185","Linear_Dose_Trend",-0.0713493149309221,9.02689874653425,-1.1644545059397,0.244849152044395,0.609767347848854,-5.02666709323975,FALSE
"Q6EMK4","Linear_Dose_Trend",0.0412606712097083,10.3663343732983,1.16407572989235,0.244927470265649,0.609767347848854,-5.07562767779515,FALSE
"Q96PL5","Linear_Dose_Trend",0.0805463555486645,7.09352915068074,1.15972691764908,0.246813154119302,0.612884712418708,-4.99301220322053,FALSE
"P78539","Linear_Dose_Trend",-0.0469122640261397,9.36449724584815,-1.15797058638839,0.247408969315055,0.612884712418708,-5.08189166153284,FALSE
"Q9UGM3","Linear_Dose_Trend",-0.0668065480415569,8.55711416424444,-1.15787455496702,0.247461819030985,0.612884712418708,-5.06916302458186,FALSE
"P06744","Linear_Dose_Trend",0.106666860829513,7.33467484437811,1.15676645940308,0.247972521412527,0.613090682250972,-5.03016234770976,FALSE
"Q96AP7","Linear_Dose_Trend",-0.113449518914936,6.7068927779864,-1.15377435045955,0.249324236966523,0.615371696746977,-4.97065720901897,FALSE
"P53634","Linear_Dose_Trend",-0.0597810677911634,10.2574386809939,-1.15076882190464,0.250356578237803,0.616857960812732,-5.08924105083105,FALSE
"P55060","Linear_Dose_Trend",0.0735865526357486,12.5386728009525,1.1490687223021,0.251056229657132,0.617520811883924,-5.09096909334853,FALSE
"P22626","Linear_Dose_Trend",0.10830424369603,7.53288911538323,1.14736707987256,0.251861060680409,0.618439659273469,-5.02880007118054,FALSE
"Q8NEH6","Linear_Dose_Trend",-0.0637157461327766,10.1664893061128,-1.14610849596511,0.252355755773073,0.618595134664251,-5.03278344411121,FALSE
"P01857","Linear_Dose_Trend",0.0769171327346811,15.6503950284986,1.1444518625019,0.252963131646776,0.619025820446206,-5.09564901916307,FALSE
"Q13526","Linear_Dose_Trend",-0.0840281056871404,8.50291568798007,-1.14167902199739,0.25424000898454,0.621090584129184,-5.01402032146102,FALSE
"Q9BXN1","Linear_Dose_Trend",-0.0507469686080783,11.3457933130182,-1.13774886953485,0.255749642735804,0.622111137683803,-5.10241022690359,FALSE
"P78324;Q5TFQ8","Linear_Dose_Trend",0.133039716040528,10.7139515858816,1.13789731350349,0.255771982156842,0.622111137683803,-5.04165774635577,FALSE
"P08294","Linear_Dose_Trend",-0.0494409557783173,9.55487548000719,-1.13708862214265,0.256025267978177,0.622111137683803,-5.1030740717054,FALSE
"A0A0B4J1V0","Linear_Dose_Trend",0.0903427490759795,10.0108307030314,1.13585489984344,0.256557471848891,0.622111137683803,-5.09435428416648,FALSE
"Q6UWD8","Linear_Dose_Trend",-0.0548872640340649,7.21463163009614,-1.13472540777426,0.25711287533883,0.622111137683803,-5.03863637709126,FALSE
"O43399","Linear_Dose_Trend",-0.130825317972106,11.3308041015108,-1.13425630722811,0.257260742431307,0.622111137683803,-5.07359397861035,FALSE
"O14745","Linear_Dose_Trend",-0.0566467383074806,8.16868954027548,-1.13222167132445,0.258066429242441,0.622369914693401,-5.10584919613875,FALSE
"Q6ZRK6","Linear_Dose_Trend",-0.106049420675597,11.3468122252373,-1.13208202123201,0.258235773530386,0.622369914693401,-5.03409243897203,FALSE
"Q9Y5X9","Linear_Dose_Trend",0.0476520439263746,8.29807601065005,1.12955059047827,0.25919386097429,0.622683448015791,-5.10597565843547,FALSE
"Q16401","Linear_Dose_Trend",-0.0747916935665694,6.83479155289181,-1.12837528325255,0.259752601989382,0.622683448015791,-5.06720546154412,FALSE
"Q8WZ42","Linear_Dose_Trend",0.0654660722193734,9.78697953286896,1.1275514537265,0.260031735849328,0.622683448015791,-5.11061448676943,FALSE
"P14314","Linear_Dose_Trend",-0.0383143487076015,12.3645363561711,-1.12737842013681,0.260102779192091,0.622683448015791,-5.11279291721524,FALSE
"P02647","Linear_Dose_Trend",0.0530424541624343,17.2948546553064,1.12589817391379,0.260728302407537,0.623140642754014,-5.11426719951635,FALSE
"P05106","Linear_Dose_Trend",-0.0725605216042605,10.0797960755054,-1.12330596124902,0.261826233344925,0.624596801222525,-5.11684432727117,FALSE
"Q9UBX1","Linear_Dose_Trend",0.0495077474515888,7.91569061455499,1.12242866936752,0.262208698979051,0.624596801222525,-5.10722860071285,FALSE
"P37840","Linear_Dose_Trend",-0.0973074360001123,9.39023301811042,-1.12036734259007,0.263075751850879,0.625258163635268,-5.11864758238119,FALSE
"P61020","Linear_Dose_Trend",-0.06352535209664,7.14228459781321,-1.11982464763149,0.263358389704116,0.625258163635268,-5.08063078882668,FALSE
"P06733","Linear_Dose_Trend",-0.057265245356771,12.3827193222578,-1.1185739073419,0.263838747586385,0.625363246345249,-5.1215336066876,FALSE
"Q9HCL0","Linear_Dose_Trend",-0.0586758361479473,9.72909957725949,-1.11196549480785,0.266667132963854,0.630951253215936,-5.12804933435215,FALSE
"P55285","Linear_Dose_Trend",0.0672983058877603,8.75208689297859,1.10764051478186,0.268530488608514,0.630951253215936,-5.13117747087396,FALSE
"O00299","Linear_Dose_Trend",-0.0640877634173365,10.2654260656412,-1.10730334381278,0.26867506500981,0.630951253215936,-5.13262299348608,FALSE
"Q00610","Linear_Dose_Trend",-0.0872589409668468,9.12320043005344,-1.10630782917264,0.269105166692907,0.630951253215936,-5.13359713571326,FALSE
"P07910","Linear_Dose_Trend",-0.0610124817526644,8.38794334764666,-1.1056962459748,0.269379662606977,0.630951253215936,-5.12859344431307,FALSE
"P48740","Linear_Dose_Trend",-0.0596764876844159,13.6339737745166,-1.10566389351544,0.269383624675599,0.630951253215936,-5.13422678267555,FALSE
"Q6UW49","Linear_Dose_Trend",-0.0736027072317988,7.90624448558513,-1.10552687746747,0.269466576395477,0.630951253215936,-5.11252832056158,FALSE
"P26641","Linear_Dose_Trend",-0.0900073262405358,7.35215954676175,-1.10499104663982,0.269716260963298,0.630951253215936,-5.10169333271583,FALSE
"Q9Y4E8","Linear_Dose_Trend",-0.0776903394854152,8.03873243892711,-1.10065667493701,0.271570806573883,0.633146773223669,-5.12512074545187,FALSE
"O43681","Linear_Dose_Trend",-0.093944992666024,7.46445632411487,-1.10063261570044,0.271660165383789,0.633146773223669,-5.0774672304588,FALSE
"Q9HCN6","Linear_Dose_Trend",-0.0525933828626313,9.22838133052995,-1.09957491424842,0.272031437468545,0.633146773223669,-5.13710598666578,FALSE
"P13671","Linear_Dose_Trend",0.0686944898112173,12.8819134303032,1.09866973964303,0.272420891965832,0.633146773223669,-5.14104224637551,FALSE
"P26572","Linear_Dose_Trend",-0.063466817193632,8.8671349175869,-1.09737617217849,0.272986178670162,0.633353689228463,-5.14229686270899,FALSE
"P22692","Linear_Dose_Trend",-0.0601728847341188,13.9947803247076,-1.09532838687374,0.273887089992987,0.633353689228463,-5.13895986536045,FALSE
"O75356","Linear_Dose_Trend",0.0421283883364526,6.76851993455037,1.09524734893394,0.273963694117657,0.633353689228463,-5.1068253310563,FALSE
"P78509","Linear_Dose_Trend",-0.0669749959239877,11.7936462855301,-1.0944227719263,0.274276597636594,0.633353689228463,-5.14515971512914,FALSE
"P08237","Linear_Dose_Trend",0.0834422384672103,7.00716861558973,1.09291335267533,0.275083634005289,0.6341121033317,-5.05308301243187,FALSE
"O60245","Linear_Dose_Trend",-0.0695318902652898,6.86650584901509,-1.09187966884421,0.275489428434902,0.6341121033317,-5.07194421941047,FALSE
"Q8IXL6","Linear_Dose_Trend",-0.0635041518084257,8.09675335251955,-1.08961980097987,0.276409035021646,0.635209224713205,-5.12924702830282,FALSE
"P17980","Linear_Dose_Trend",-0.083401551129459,7.51954974829819,-1.08702986723503,0.277552988752385,0.636817577393472,-5.13268541991454,FALSE
"Q15848","Linear_Dose_Trend",0.080104232863728,7.7711434570152,1.08573245860596,0.278192294940481,0.637264777866852,-5.07825418911116,FALSE
"Q9UNM6","Linear_Dose_Trend",-0.0747540747290094,7.05564116073867,-1.07985865041539,0.280838907154984,0.642301424019533,-5.08051216468129,FALSE
"Q9UBS4","Linear_Dose_Trend",-0.0728068906528369,6.91900621964598,-1.07735420780866,0.281985150278136,0.643304941262744,-5.05055734022472,FALSE
"P16452","Linear_Dose_Trend",-0.110044595939049,8.99437211444583,-1.07642825959027,0.282240078946799,0.643304941262744,-5.15697011298691,FALSE
"P16109","Linear_Dose_Trend",-0.0991717826512463,8.63320944319545,-1.07532935735955,0.282800103287579,0.643304941262744,-5.1055338368299,FALSE
"P03951","Linear_Dose_Trend",-0.0522891512604422,15.4570022484042,-1.07419861545569,0.283232184919605,0.643304941262744,-5.16454951301055,FALSE
"P02748","Linear_Dose_Trend",0.0440109909467132,15.2630173335489,1.07355429961355,0.283520727251084,0.643304941262744,-5.16516133248472,FALSE
"P08195","Linear_Dose_Trend",0.0480760594054272,7.34264566609518,1.06871791964854,0.28569778224332,0.647220568304772,-5.16768411295876,FALSE
"P00492","Linear_Dose_Trend",0.0863779247147519,6.93625329856206,1.06679609803358,0.28673125419751,0.648537253184905,-5.06311467122611,FALSE
"Q96JQ0","Linear_Dose_Trend",0.0702432868711903,6.95471834506496,1.06201549946441,0.288746847305866,0.652067683522224,-5.15409982061523,FALSE
"Q96PC5","Linear_Dose_Trend",-0.0565005703970981,7.78206044247071,-1.05824968851963,0.29056066801555,0.65513207222374,-5.08566302633013,FALSE
"O00187","Linear_Dose_Trend",-0.0506000832427088,15.9306280839167,-1.05646329235869,0.291247472447274,0.655371375850202,-5.18125698521758,FALSE
"Q02817","Linear_Dose_Trend",0.0850234905936714,7.84585650726423,1.0558863686717,0.291580849227635,0.655371375850202,-5.12129565818331,FALSE
"P08514","Linear_Dose_Trend",-0.0623435247108806,12.1339082171125,-1.05045861481422,0.293995549834104,0.658726253490028,-5.18685093662994,FALSE
"P06756","Linear_Dose_Trend",0.0525179609286485,6.77845393413756,1.050408871032,0.294117855870422,0.658726253490028,-5.11706395353791,FALSE
"Q12841","Linear_Dose_Trend",-0.0650629989976919,8.81065901590332,-1.04947618948999,0.29445155403564,0.658726253490028,-5.18435013730285,FALSE
"P35613","Linear_Dose_Trend",-0.0498169165923975,9.7854404651617,-1.0471075550824,0.295538620206022,0.660128319899432,-5.18790525105664,FALSE
"P05141","Linear_Dose_Trend",0.100044427337348,8.3219294238034,1.04627198293793,0.296030614990206,0.660198914301641,-5.12087235322704,FALSE
"P09382","Linear_Dose_Trend",0.0456479562685511,9.26284711417802,1.04390396180568,0.29701799057061,0.660498859504132,-5.19055129556471,FALSE
"Q92563","Linear_Dose_Trend",-0.0506204782900512,8.24064865592277,-1.04380471203598,0.297093945763547,0.660498859504132,-5.16368992088021,FALSE
"P04632","Linear_Dose_Trend",-0.0578082437060055,9.04059286069673,-1.04236218859332,0.297729389009596,0.660498859504132,-5.19434206583865,FALSE
"P47756","Linear_Dose_Trend",0.0789205256193018,9.01833240279725,1.04088175383397,0.298419138024619,0.660498859504132,-5.19104085584422,FALSE
"P49327","Linear_Dose_Trend",0.113696485440239,7.08327880230474,1.04101461717093,0.298468103876344,0.660498859504132,-5.11997732075428,FALSE
"A6NDG6","Linear_Dose_Trend",-0.0555341287748601,7.29856461672947,-1.03826851271202,0.299679281069334,0.662157302085401,-5.15403468009061,FALSE
"Q09666","Linear_Dose_Trend",-0.0433947316405351,8.9200180950976,-1.03610678669276,0.300634204239225,0.662279870868578,-5.200092510278,FALSE
"P02144","Linear_Dose_Trend",0.0823239054160814,7.74751368795713,1.03633555133671,0.300658435101426,0.662279870868578,-5.11840246395435,FALSE
"Q13630","Linear_Dose_Trend",0.0647039451958228,7.79665919865708,1.03512832352975,0.301167813280237,0.662384423686902,-5.13436989447149,FALSE
"Q8WWV6","Linear_Dose_Trend",-0.0555370875487959,10.3210369568537,-1.02941663009317,0.303763734442491,0.667070743017661,-5.20506258821914,FALSE
"Q96JI7","Linear_Dose_Trend",0.0710081800861911,10.5741203748415,1.02739207563921,0.304726098750268,0.668160895424899,-5.19535825728432,FALSE
"P07477","Linear_Dose_Trend",-0.0643848241939692,11.7153669213911,-1.0249376148835,0.305875041591106,0.668664981396453,-5.20672380614113,FALSE
"Q10471","Linear_Dose_Trend",-0.0411895839371685,7.63284988649175,-1.02489903137146,0.30588858284245,0.668664981396453,-5.20927944701577,FALSE
"Q92930","Linear_Dose_Trend",-0.0586188178206354,7.01645269655356,-1.0236880869536,0.306549383405714,0.668756675145211,-5.1305020855446,FALSE
"P05164","Linear_Dose_Trend",-0.0779570929570203,6.49315639944791,-1.0230456390973,0.306863244243758,0.668756675145211,-5.13104694825388,FALSE
"P00918","Linear_Dose_Trend",-0.0828175226362034,10.490286440996,-1.02006563109068,0.308171971670689,0.6695105963133,-5.21467812797706,FALSE
"O14818","Linear_Dose_Trend",-0.0651134863164309,8.47861810806225,-1.0192767969285,0.308553264842261,0.6695105963133,-5.20963331101563,FALSE
"P38606","Linear_Dose_Trend",0.0855761442923509,6.60261101412467,1.01928729400434,0.308609835539115,0.6695105963133,-5.15199230203579,FALSE
"Q9NTK5","Linear_Dose_Trend",-0.0657989274702723,7.6016897265331,-1.01803060488453,0.309148311748455,0.669665678319162,-5.20720372760748,FALSE
"P13612","Linear_Dose_Trend",-0.0443234713488884,7.87621061934555,-1.01599522369645,0.310114657683005,0.670337995994842,-5.21134563107863,FALSE
"Q7Z7M8","Linear_Dose_Trend",-0.0482568990534692,8.60201116215942,-1.01511739277581,0.310523158117304,0.670337995994842,-5.2181012508105,FALSE
"Q08188","Linear_Dose_Trend",-0.068483072654285,8.36275662906343,-1.01444987223771,0.310861065088263,0.670337995994842,-5.20322285481424,FALSE
"Q9UNW1","Linear_Dose_Trend",0.0476764311589987,10.2503186421278,1.00676634816609,0.314515603986502,0.677200264439405,-5.22659887579202,FALSE
"P51884","Linear_Dose_Trend",-0.0404147431966432,16.8642744203719,-1.00470930389196,0.315504429614393,0.678310872664228,-5.2284287886585,FALSE
"P62195","Linear_Dose_Trend",-0.0745767282518118,7.24899209355074,-1.003157446847,0.316289624238541,0.678981019697707,-5.19818188655101,FALSE
"P02656","Linear_Dose_Trend",-0.060241124679543,15.5166529124963,-1.00200360006322,0.316808182351216,0.679077628537584,-5.23083006389323,FALSE
"Q9BZQ8","Linear_Dose_Trend",-0.0453336426176037,6.73695629140164,-1.00049631939379,0.317565528743599,0.679685027191525,-5.20585392532042,FALSE
"Q3B726","Linear_Dose_Trend",0.129551982045705,13.7559772498162,0.996205513380661,0.31967670190807,0.682439396537557,-5.18080612006953,FALSE
"P24593","Linear_Dose_Trend",-0.0600415312109313,12.2932239801639,-0.995813456431838,0.319804236034336,0.682439396537557,-5.23629948250373,FALSE
"P13489","Linear_Dose_Trend",0.0650111592212759,8.12442097283098,0.994477167705405,0.320510423704176,0.682930085574722,-5.18542464614943,FALSE
"P23327","Linear_Dose_Trend",-0.049956526214207,9.44593169659626,-0.991252319030174,0.32204024221471,0.684049997559291,-5.22446714625268,FALSE
"P10909","Linear_Dose_Trend",-0.0422661407051059,18.9245639243143,-0.991121407872629,0.32208754889227,0.684049997559291,-5.24042274458298,FALSE
"P00748","Linear_Dose_Trend",-0.0628550487705849,13.4292198143478,-0.989990730642327,0.322639366940562,0.684049997559291,-5.24141345766129,FALSE
"Q9NPG4","Linear_Dose_Trend",-0.0531739606735009,9.59185789561415,-0.988846826566237,0.323198269185785,0.684049997559291,-5.24241461431475,FALSE
"Q14847","Linear_Dose_Trend",-0.0614371842652672,9.02204958378558,-0.987525011090663,0.323845770911303,0.684049997559291,-5.24241677122201,FALSE
"P68036","Linear_Dose_Trend",-0.0672360935878388,7.55258159740409,-0.986022284018162,0.324679676481278,0.684049997559291,-5.16018988651641,FALSE
"P48506","Linear_Dose_Trend",-0.0769208383268565,7.25473689175764,-0.98575592170934,0.324811551949209,0.684049997559291,-5.16263981838369,FALSE
"Q11201","Linear_Dose_Trend",-0.0691889385916284,8.11844883503902,-0.985662447643638,0.324852195493638,0.684049997559291,-5.16009173533044,FALSE
"Q01813","Linear_Dose_Trend",0.0879485009152012,6.95994896091103,0.983595297959429,0.325940904284575,0.684465173541446,-5.12613079195251,FALSE
"Q8NDA2","Linear_Dose_Trend",0.0682493133979631,6.05963991923394,0.983337310162913,0.326003984329713,0.684465173541446,-5.16293888708203,FALSE
"P35998","Linear_Dose_Trend",-0.0829509030549389,8.50268188193784,-0.982189148821544,0.326488745469142,0.684480790939692,-5.22673024443592,FALSE
"P12955","Linear_Dose_Trend",0.0783567150767065,6.63270649251086,0.980779993891927,0.327329094435642,0.685143561122019,-5.1191621600025,FALSE
"O75882","Linear_Dose_Trend",0.0555705993591321,8.33429264489881,0.97956273135049,0.327760448347075,0.685143561122019,-5.24840076481385,FALSE
"Q9Y6Z7","Linear_Dose_Trend",-0.0552815280896711,14.4793507807971,-0.978433582115085,0.32831518390584,0.685304182999963,-5.25147538627499,FALSE
"P25786","Linear_Dose_Trend",-0.057098632872453,8.67566390785367,-0.975572679154005,0.329739068290667,0.686851812627146,-5.2479219639073,FALSE
"P04792","Linear_Dose_Trend",-0.0517081459135609,9.00840154864953,-0.974743067217581,0.330148314181435,0.686851812627146,-5.24872843025241,FALSE
"Q6UX71","Linear_Dose_Trend",-0.043068165034616,10.1139582367603,-0.974032533841438,0.330493550008878,0.686851812627146,-5.25527610767417,FALSE
"O14791","Linear_Dose_Trend",0.0379023716242753,15.286307556677,0.972749215615476,0.331130510482142,0.687179670088845,-5.25638116087495,FALSE
"Q7Z7M9","Linear_Dose_Trend",-0.043006238184185,7.51042260469756,-0.966432609717292,0.334306764895138,0.692768642860734,-5.23094057325664,FALSE
"P13798","Linear_Dose_Trend",-0.0676618908007942,8.14075648618334,-0.964158339359571,0.335424677553232,0.69408223320539,-5.25290367325375,FALSE
"Q9NPH3","Linear_Dose_Trend",0.060625218755184,8.44718366395668,0.958896479002019,0.338069140242777,0.698546321481473,-5.25733313204204,FALSE
"P11277","Linear_Dose_Trend",-0.107812493987708,10.0193802628686,-0.953160009869966,0.340952131108415,0.703002063751404,-5.27306910799725,FALSE
"P00568","Linear_Dose_Trend",-0.0726304819515776,8.6421613641535,-0.95258516908102,0.341252714037797,0.703002063751404,-5.26404453835615,FALSE
"P55160","Linear_Dose_Trend",0.0676084885492702,6.81640458209073,0.951526761292607,0.341865823903765,0.703002063751404,-5.19639892665475,FALSE
"Q9NT62","Linear_Dose_Trend",-0.0533811989639149,7.65226404282489,-0.950781036025362,0.342186499650265,0.703002063751404,-5.24938333928421,FALSE
"P02679","Linear_Dose_Trend",0.0458669504103523,16.7947678506265,0.947406061249169,0.343872233293212,0.704253434030985,-5.27790661789741,FALSE
"P22694","Linear_Dose_Trend",0.0814172505937564,6.90782281647317,0.946892522332727,0.34426001438392,0.704253434030985,-5.1694593136942,FALSE
"P00751","Linear_Dose_Trend",0.0619254081497172,14.527263135654,0.946626788887701,0.344268938114171,0.704253434030985,-5.27855953113035,FALSE
"P54105","Linear_Dose_Trend",-0.0633406463235426,8.88345626008469,-0.944898285489053,0.345167481071016,0.705085709196349,-5.26445784144494,FALSE
"P01624","Linear_Dose_Trend",0.0621954064186242,12.7404701048851,0.940746451208967,0.347271885845638,0.708225209090658,-5.28346911406163,FALSE
"Q05707","Linear_Dose_Trend",-0.0427341965759305,7.75126753491606,-0.939692922474256,0.347814191738512,0.708225209090658,-5.28191084421139,FALSE
"Q6ZMY3","Linear_Dose_Trend",-0.0469564808155134,13.259229938362,-0.939057345786257,0.348186033757959,0.708225209090658,-5.23404060912248,FALSE
"P84095","Linear_Dose_Trend",-0.0421744537232429,7.78138279760692,-0.934954359367472,0.350261630073681,0.71061761920493,-5.27423611308773,FALSE
"P31944","Linear_Dose_Trend",-0.0643280191840797,9.47451305658791,-0.934781545946848,0.35035331713939,0.71061761920493,-5.27341573022766,FALSE
"Q7L9L4","Linear_Dose_Trend",-0.0742599028120269,7.19129141736628,-0.932787051533067,0.351503110774255,0.711942741313958,-5.17609475173649,FALSE
"P00352","Linear_Dose_Trend",-0.0777824985426605,7.67142346273146,-0.929082722093866,0.353308695640222,0.714590507119997,-5.26572017561043,FALSE
"Q14C86","Linear_Dose_Trend",-0.0677958694264781,7.71369536851275,-0.927922290392982,0.353914556386043,0.714627459431896,-5.26101317235218,FALSE
"P22792","Linear_Dose_Trend",0.0552270123876366,13.3147089201418,0.92686117907252,0.354428862373481,0.714627459431896,-5.29494118455963,FALSE
"P61224","Linear_Dose_Trend",-0.058183170673307,12.4679114084468,-0.926103625960109,0.354822002172601,0.714627459431896,-5.29556218906178,FALSE
"P14151","Linear_Dose_Trend",-0.0359673768144525,14.5484473128604,-0.92161333951285,0.357157946531475,0.716332585479726,-5.29923271669939,FALSE
"Q9HCU0","Linear_Dose_Trend",-0.0405194778960344,14.1819509543834,-0.921432485134977,0.357252233940377,0.716332585479726,-5.29938018143646,FALSE
"Q9NQ38","Linear_Dose_Trend",-0.0542062219704643,8.86406303968596,-0.919982088025978,0.358012268158729,0.716332585479726,-5.29627239581393,FALSE
"O75170","Linear_Dose_Trend",-0.0812053941780316,8.82842364059505,-0.919672858356602,0.358273300811672,0.716332585479726,-5.21307667320457,FALSE
"A0A0J9YXX1","Linear_Dose_Trend",0.118301246977073,10.1658749920258,0.919445457042449,0.358418585988296,0.716332585479726,-5.18822686155787,FALSE
"O95715","Linear_Dose_Trend",-0.0576982154014156,8.76671663485513,-0.91880951110936,0.358665827318301,0.716332585479726,-5.25380968676403,FALSE
"Q99497","Linear_Dose_Trend",-0.0651748887534256,8.74573045486422,-0.914794935639502,0.360751379169016,0.718802493143353,-5.2822393274494,FALSE
"Q9Y251","Linear_Dose_Trend",-0.0832711388689872,6.87029089089925,-0.914702296304209,0.360905017477834,0.718802493143353,-5.19817259571635,FALSE
"Q99460","Linear_Dose_Trend",0.0722499927993087,7.44070286430006,0.910947955648124,0.36282308035103,0.721620384498441,-5.2362438451195,FALSE
"Q9H4M9","Linear_Dose_Trend",0.0495099100424427,7.93333712304311,0.909276034663326,0.363632530935061,0.722228600222822,-5.30225237008178,FALSE
"Q8N1N4","Linear_Dose_Trend",-0.0612424397234121,9.14533230381043,-0.905913711214619,0.365402159707292,0.724739553278362,-5.31086769536808,FALSE
"P24844","Linear_Dose_Trend",0.0754420228154391,8.21613779895918,0.902698519148469,0.367141843417488,0.727184258923589,-5.28339806251767,FALSE
"Q92743","Linear_Dose_Trend",-0.042750392094864,10.3821006219859,-0.899134362331516,0.368997520056071,0.728972009054188,-5.31734062259517,FALSE
"Q9BUL8","Linear_Dose_Trend",0.0751442056623675,7.75580221137465,0.89917864150666,0.369061142659233,0.728972009054188,-5.23356119807694,FALSE
"P48735","Linear_Dose_Trend",0.0660047347646635,7.91816781089398,0.895104067523678,0.37117213053719,0.731931578776026,-5.29370353185058,FALSE
"P02545","Linear_Dose_Trend",0.0658899206877663,8.97689336036018,0.894324992034493,0.371580327300521,0.731931578776026,-5.30114976679675,FALSE
"Q9UJJ9","Linear_Dose_Trend",0.0399899524834743,9.88353673564591,0.890261970118388,0.373737189233526,0.734077093067028,-5.32436512590012,FALSE
"Q07020","Linear_Dose_Trend",-0.0753069961366429,7.37113341741622,-0.889715675701968,0.374168923001932,0.734077093067028,-5.19802484719326,FALSE
"P05388","Linear_Dose_Trend",-0.052027163545404,8.46899758370409,-0.887964035247486,0.374971680801945,0.734077093067028,-5.3249918328617,FALSE
"P16157","Linear_Dose_Trend",-0.0976351943774382,9.54493432062779,-0.88762402041375,0.375153648172995,0.734077093067028,-5.32644027036366,FALSE
"P02655","Linear_Dose_Trend",-0.0355502709988851,16.9610412985901,-0.887483701844165,0.375229085926173,0.734077093067028,-5.326550480129,FALSE
"P30273","Linear_Dose_Trend",-0.0462856439474434,8.26531640914818,-0.885532109843838,0.376302583707947,0.73447325332707,-5.304304400831,FALSE
"P11217","Linear_Dose_Trend",-0.135102211719334,8.94233028754657,-0.885361097711674,0.376455956203205,0.73447325332707,-5.24924003106713,FALSE
"P62136","Linear_Dose_Trend",-0.0684654081341652,6.65518436711675,-0.883824299006996,0.377280767940467,0.735082365797052,-5.25812749452819,FALSE
"Q5QJ74","Linear_Dose_Trend",-0.0780390372435171,8.63125110941578,-0.881742955001202,0.378425402406901,0.735810391805306,-5.24370042350218,FALSE
"P01266","Linear_Dose_Trend",-0.0594534746001027,7.90081172809841,-0.879208734554612,0.379701623182978,0.735810391805306,-5.32728839129083,FALSE
"Q9BZE9","Linear_Dose_Trend",-0.0544358945125946,11.8006852623762,-0.87865431807453,0.379997165337811,0.735810391805306,-5.33022009316068,FALSE
"P01704","Linear_Dose_Trend",0.0967044526416875,10.1696597362704,0.877893133581146,0.380492334038854,0.735810391805306,-5.25453118584405,FALSE
"Q14126","Linear_Dose_Trend",0.0420222573371485,10.1360289382692,0.87689139719936,0.380950807481328,0.735810391805306,-5.33481981181661,FALSE
"Q02952","Linear_Dose_Trend",-0.0428624323871,10.8424876721318,-0.876878298900166,0.380957915981878,0.735810391805306,-5.3348299762975,FALSE
"P00558","Linear_Dose_Trend",-0.0556664742979291,9.7820827112913,-0.87498887136805,0.381984171606131,0.735810391805306,-5.33629461566152,FALSE
"P28066","Linear_Dose_Trend",0.0548197001537991,7.44009016251131,0.874910324129953,0.382067982708541,0.735810391805306,-5.29203523007117,FALSE
"P61604","Linear_Dose_Trend",-0.112646334585274,9.19593269481792,-0.873785772188277,0.382726452413028,0.735810391805306,-5.2582861166564,FALSE
"Q9Y543","Linear_Dose_Trend",-0.0543058157870779,10.5836936364859,-0.873539075636843,0.382785601315731,0.735810391805306,-5.3209718147746,FALSE
"P41222","Linear_Dose_Trend",-0.0321250537536035,9.7018591666354,-0.869802940948125,0.384809673266451,0.736841395822472,-5.34029844299698,FALSE
"Q7Z4R8","Linear_Dose_Trend",0.041012816245716,7.97824033717826,0.868223494976463,0.385809136081505,0.736841395822472,-5.22239502274228,FALSE
"Q15904","Linear_Dose_Trend",-0.0494652023955926,7.95811699464039,-0.867264472135008,0.386224521251155,0.736841395822472,-5.31091520662806,FALSE
"P35542","Linear_Dose_Trend",0.0341665841727132,14.933962285977,0.867193085021484,0.386236462118559,0.736841395822472,-5.34230442355447,FALSE
"Q08174","Linear_Dose_Trend",-0.0470928430620809,9.56417662809902,-0.866592578548806,0.386565212353158,0.736841395822472,-5.342765132936,FALSE
"P63010","Linear_Dose_Trend",0.0568296637413158,6.62330822243929,0.866527356163264,0.386646323439629,0.736841395822472,-5.29503034771623,FALSE
"P00338","Linear_Dose_Trend",0.0614350899707244,9.06440036887043,0.865947036894747,0.386918808266612,0.736841395822472,-5.34326003857828,FALSE
"P98095","Linear_Dose_Trend",-0.0418073022449309,8.73646571131464,-0.864194201935583,0.387880690939491,0.737355609868813,-5.343414444326,FALSE
"O75558","Linear_Dose_Trend",-0.0800378873521273,6.54892422958396,-0.863790491541333,0.388217214400944,0.737355609868813,-5.23530433944731,FALSE
"P16671","Linear_Dose_Trend",-0.0573542951178956,9.12073590880154,-0.860314621568467,0.390015432260476,0.737566634169955,-5.34259408347986,FALSE
"P40197","Linear_Dose_Trend",-0.0556929993466188,8.7162800292999,-0.859948958014635,0.390213713322828,0.737566634169955,-5.34784089935735,FALSE
"P01275","Linear_Dose_Trend",-0.0584697359098423,8.5357857833907,-0.859812478775572,0.390290414551034,0.737566634169955,-5.3457938491018,FALSE
"P11234","Linear_Dose_Trend",-0.0460513191980748,9.03271745098998,-0.859645146088702,0.390385687123428,0.737566634169955,-5.34320531040563,FALSE
"P69891","Linear_Dose_Trend",-0.0826868031202495,17.4526143943947,-0.856068738979744,0.392354304606165,0.738694507292854,-5.35078739783056,FALSE
"P63313","Linear_Dose_Trend",0.0559102700679825,8.95094802056824,0.856092290421266,0.392368899265712,0.738694507292854,-5.32396577936382,FALSE
"P23142","Linear_Dose_Trend",0.0529494550567132,12.8767889188737,0.854738952956001,0.393089544489767,0.738694507292854,-5.35179413321293,FALSE
"P50395","Linear_Dose_Trend",-0.0487399330245564,8.84589954259532,-0.854415861088621,0.393268308610833,0.738694507292854,-5.35203849940367,FALSE
"O43396","Linear_Dose_Trend",-0.0774592764945547,8.10964613365551,-0.853262054774036,0.393948932431187,0.738694507292854,-5.30782679793827,FALSE
"P03950","Linear_Dose_Trend",-0.0887566468369994,9.87591082263149,-0.849913260593883,0.395770039768243,0.738694507292854,-5.34976378348201,FALSE
"Q9Y2V2","Linear_Dose_Trend",-0.0633466729376946,8.03937772624514,-0.849907146957713,0.395805180816504,0.738694507292854,-5.31408330312019,FALSE
"Q96CX2","Linear_Dose_Trend",0.0420322587874845,6.51348152036878,0.849774890592713,0.395941783912183,0.738694507292854,-5.24832288502194,FALSE
"P53675","Linear_Dose_Trend",-0.0629197126667821,7.77839520202596,-0.849402757888799,0.396057583345295,0.738694507292854,-5.34735530348603,FALSE
"P29144","Linear_Dose_Trend",-0.0741677040114459,7.35716424315122,-0.849251297736786,0.396229133468662,0.738694507292854,-5.27144796592097,FALSE
"Q96L46","Linear_Dose_Trend",-0.0445596658565598,10.8305739398195,-0.848325005105677,0.396649072953625,0.738694507292854,-5.35661363056342,FALSE
"P60903","Linear_Dose_Trend",-0.0468277927471861,8.08682123292207,-0.844861190537616,0.398650992667141,0.741459822937329,-5.29226532582605,FALSE
"P11142","Linear_Dose_Trend",-0.0413846963460169,10.7516461618715,-0.84348332985704,0.399346262176756,0.741720944917218,-5.36025288744238,FALSE
"P17844","Linear_Dose_Trend",-0.0755907325339599,11.6543248983876,-0.84263107809933,0.399847021893995,0.741720944917218,-5.33275911604651,FALSE
"Q09328","Linear_Dose_Trend",-0.0304478865925921,8.89504720732085,-0.841013145123664,0.400727374490675,0.741720944917218,-5.36209430679287,FALSE
"Q9BUF5","Linear_Dose_Trend",-0.0527582960004314,9.04100138955638,-0.840828525698507,0.400860343313002,0.741720944917218,-5.33586853839714,FALSE
"P12109","Linear_Dose_Trend",-0.0354360829174208,9.44232007752995,-0.838233281230317,0.402285069118672,0.743397924118782,-5.36416013992153,FALSE
"P02675","Linear_Dose_Trend",0.0502060568320431,18.9589394046273,0.835469348328071,0.403837441647215,0.744913192158799,-5.36620737348241,FALSE
"Q9NY97","Linear_Dose_Trend",-0.0427620831388613,9.37285697620145,-0.834924329510976,0.404143977335806,0.744913192158799,-5.36661027092395,FALSE
"P05121","Linear_Dose_Trend",-0.055177339927172,7.57330559321297,-0.832743913490264,0.405444381492187,0.74603500171326,-5.28629348939756,FALSE
"O00231","Linear_Dose_Trend",-0.0618365299701759,6.97416774937196,-0.831496771585008,0.406107637374553,0.74603500171326,-5.33659411033084,FALSE
"P01871","Linear_Dose_Trend",0.0520654507792013,16.5502013049158,0.830307377014252,0.406746293850571,0.74603500171326,-5.37001277187285,FALSE
"Q8NFL0","Linear_Dose_Trend",0.0438181542767973,7.61704000024669,0.830247566383192,0.406833592287147,0.74603500171326,-5.30461426352096,FALSE
"P07384","Linear_Dose_Trend",-0.040276257157134,10.3337772026497,-0.825179794932939,0.409648144188893,0.748554195014861,-5.37376953790275,FALSE
"Q8WXI7","Linear_Dose_Trend",-0.0593446193650709,6.78949711173761,-0.825265499878497,0.409686396251529,0.748554195014861,-5.29005270243072,FALSE
"P78423","Linear_Dose_Trend",0.0482781106914233,10.3908854548977,0.824480586532185,0.410045530317517,0.748554195014861,-5.37427875170296,FALSE
"P05023","Linear_Dose_Trend",-0.0362882682590653,7.81301349238323,-0.824052119478753,0.410295395593919,0.748554195014861,-5.36609776747528,FALSE
"P27348","Linear_Dose_Trend",0.0596395460385994,7.13287612725435,0.822221194288614,0.411370015411339,0.74956112083845,-5.32633848592812,FALSE
"P02776","Linear_Dose_Trend",-0.0770241943633728,13.9082897506165,-0.817645386282834,0.413935140668884,0.753277908273071,-5.37816831727929,FALSE
"P01034","Linear_Dose_Trend",0.0446200535444536,11.1223200221661,0.816559291427716,0.414554478102536,0.753448823319438,-5.38003312349844,FALSE
"P36955","Linear_Dose_Trend",0.0470992760891523,12.433505351928,0.812788533171532,0.416711503760408,0.755602864632422,-5.3827523049506,FALSE
"Q8WUJ3","Linear_Dose_Trend",-0.066143085601596,7.7314309567969,-0.812664732571394,0.416793490881622,0.755602864632422,-5.3676103613374,FALSE
"Q9H4G4","Linear_Dose_Trend",0.0282915412629207,8.31440491034392,0.810883270260206,0.417805344637678,0.75572356119121,-5.38291332669186,FALSE
"Q13442","Linear_Dose_Trend",-0.0520043541519654,7.97367611117942,-0.810843439378261,0.417914075330983,0.75572356119121,-5.28623876962288,FALSE
"Q8N307","Linear_Dose_Trend",-0.0379138825387254,10.2198904475629,-0.809519017932627,0.418587875457743,0.755947136773038,-5.38509860882665,FALSE
"P63104","Linear_Dose_Trend",-0.0563136172374615,10.7482325970314,-0.808640441625411,0.419092031893002,0.755947136773038,-5.38572909322382,FALSE
"P02042","Linear_Dose_Trend",-0.0689311457430957,13.2833962962613,-0.806743458330465,0.420183350344679,0.756963472857122,-5.38708536117019,FALSE
"O15204","Linear_Dose_Trend",0.039402720236719,9.79362198276776,0.804606253337165,0.421414869878908,0.758229514938963,-5.38860957274986,FALSE
"P03952","Linear_Dose_Trend",0.0369374383848784,13.4525817248286,0.799924690119272,0.42411993132417,0.761472373538124,-5.3919342796118,FALSE
"P05019","Linear_Dose_Trend",-0.031390682884941,9.16828486185053,-0.799125121854197,0.424591573114633,0.761472373538124,-5.38172966409358,FALSE
"P98161","Linear_Dose_Trend",-0.0448455760940452,6.76716309380277,-0.798845642163061,0.424810250230474,0.761472373538124,-5.33135410643074,FALSE
"P22223","Linear_Dose_Trend",-0.0974189281701554,8.65041872519632,-0.797344246808388,0.425676675027849,0.762014814915189,-5.32340821881685,FALSE
"P07711","Linear_Dose_Trend",-0.043082011172887,8.22085501050504,-0.796384197186605,0.426188483830727,0.762014814915189,-5.38074437334184,FALSE
"Q8IYI6","Linear_Dose_Trend",0.04726397726392,8.77637543573808,0.794613961512634,0.427252658069598,0.762014814915189,-5.33348992998527,FALSE
"P35916","Linear_Dose_Trend",-0.0370960599799961,9.52083692251428,-0.794112791813499,0.42749224152232,0.762014814915189,-5.39603479754474,FALSE
"Q01973","Linear_Dose_Trend",0.0738506912768545,9.27094987607461,0.793780258179981,0.427769822877774,0.762014814915189,-5.30555525964585,FALSE
"Q07954","Linear_Dose_Trend",-0.0588086525958047,10.8348134453399,-0.792400416785732,0.428488813499054,0.762348583818417,-5.39723725670471,FALSE
"P31151","Linear_Dose_Trend",-0.0568586977719165,9.06728508825406,-0.789789417362315,0.430043455359774,0.76407953242028,-5.36666216529481,FALSE
"P17900","Linear_Dose_Trend",0.0430350038053737,7.53298427407839,0.788688431688764,0.430699810503772,0.76407953242028,-5.34103748355062,FALSE
"P27482","Linear_Dose_Trend",-0.041662609512435,10.6256611203261,-0.787993957393519,0.431060210410046,0.76407953242028,-5.40031839902753,FALSE
"P10644","Linear_Dose_Trend",0.057165478450634,7.55584653349951,0.785334289348552,0.432669341487706,0.765050696890153,-5.35092287805988,FALSE
"P25787","Linear_Dose_Trend",-0.0513769097078448,7.30782554511457,-0.783855871565028,0.43353104591095,0.765050696890153,-5.35228861218,FALSE
"P16035","Linear_Dose_Trend",-0.0408284374496164,8.01747120080406,-0.783570291669868,0.43370480429716,0.765050696890153,-5.32750334973746,FALSE
"O43707","Linear_Dose_Trend",-0.0514307468314669,6.9745932834623,-0.783432511205523,0.433742131500484,0.765050696890153,-5.38665742939953,FALSE
"P24043","Linear_Dose_Trend",-0.0448688336801184,6.67354868698089,-0.781322565835317,0.434978441209218,0.766288801835403,-5.39180555901654,FALSE
"P11597","Linear_Dose_Trend",-0.0426702180555316,14.3690496337631,-0.780380505875876,0.435522240139356,0.766305389398573,-5.40560497986803,FALSE
"P30048","Linear_Dose_Trend",0.0679433227504136,7.14800510076298,0.778047481703908,0.436990129619278,0.767945889551525,-5.31283830825746,FALSE
"P05107","Linear_Dose_Trend",-0.0315287253290217,9.4635606364959,-0.775096125892971,0.43863539989013,0.769134266978128,-5.40924335922545,FALSE
"P00451","Linear_Dose_Trend",-0.0461170798793745,9.99236903700199,-0.774920521039787,0.438739072795055,0.769134266978128,-5.40936384264339,FALSE
"P01033","Linear_Dose_Trend",0.0555554039460256,8.18482391876144,0.773869070021816,0.439448119780566,0.769436634634105,-5.31736317576151,FALSE
"P61026","Linear_Dose_Trend",-0.0814203419608775,10.9448482472608,-0.772182248512803,0.440357509293338,0.770088619910545,-5.41123906310886,FALSE
"P04211","Linear_Dose_Trend",0.0589577455136007,11.7793256600343,0.770742547150353,0.44121184293191,0.770642853549767,-5.40956352770721,FALSE
"P00742","Linear_Dose_Trend",-0.0265679102798691,14.9378782243176,-0.768780250847854,0.442373010846305,0.770795659005617,-5.41355959208172,FALSE
"Q9HBW9","Linear_Dose_Trend",0.0376374919929308,7.94242196286746,0.7687990972954,0.442374356598063,0.770795659005617,-5.39753179732256,FALSE
"P01889","Linear_Dose_Trend",-0.038612699407409,9.14285685760763,-0.761841338581699,0.446501644418555,0.777042910310931,-5.41704746216325,FALSE
"Q86UX2","Linear_Dose_Trend",-0.0328086800390264,7.58101922272637,-0.753068938818063,0.451752145038917,0.784393289079006,-5.42037147929756,FALSE
"Q5JRA6","Linear_Dose_Trend",-0.0341798422645717,11.1089883338995,-0.752630574057396,0.452012722665778,0.784393289079006,-5.42443599105589,FALSE
"Q9Y624","Linear_Dose_Trend",-0.0373524116871146,8.15987962735892,-0.752053102779619,0.452366283171784,0.784393289079006,-5.41726763252944,FALSE
"P53621","Linear_Dose_Trend",-0.080991211855051,6.79457521639504,-0.749227840821607,0.454153042403158,0.785147555001894,-5.32703671622356,FALSE
"Q14554","Linear_Dose_Trend",-0.0639792637906636,7.84042129352215,-0.748594151235575,0.454478167601731,0.785147555001894,-5.37758563928018,FALSE
"P05452","Linear_Dose_Trend",0.0377460940219394,12.5226266652949,0.74777685889922,0.454933003616168,0.785147555001894,-5.42765982835326,FALSE
"Q14247","Linear_Dose_Trend",-0.0655260383234737,8.18664052884128,-0.747715116166355,0.455018549232983,0.785147555001894,-5.37193612261137,FALSE
"P55268","Linear_Dose_Trend",-0.0383246115759624,7.83828639508727,-0.746773122940306,0.455538888257724,0.785147555001894,-5.42686327386996,FALSE
"P07195","Linear_Dose_Trend",0.0518790407945392,9.05201633787141,0.742258256622403,0.458266875248466,0.787880249259875,-5.42983815622833,FALSE
"P09871","Linear_Dose_Trend",-0.0323435294134076,16.6449281024388,-0.742046072177722,0.458394661605406,0.787880249259875,-5.43143942877175,FALSE
"P15814","Linear_Dose_Trend",0.0772469597258104,10.0688193695042,0.741540691387614,0.458772669548114,0.787880249259875,-5.34459303083318,FALSE
"Q14764","Linear_Dose_Trend",-0.0494824671132954,6.46938327748328,-0.740375507315438,0.459489155395769,0.788166804829584,-5.33799934135736,FALSE
"P20339","Linear_Dose_Trend",-0.0359293909719366,9.18241647617759,-0.738958006984686,0.460267407931137,0.788558498175927,-5.43224540812423,FALSE
"Q06323","Linear_Dose_Trend",-0.0450463441299319,9.34606970369843,-0.729768542125723,0.465861120020757,0.797189553830269,-5.43821949178654,FALSE
"P09429","Linear_Dose_Trend",0.0612994171360964,8.05884471109896,0.726982827231424,0.467631444682033,0.799265186739018,-5.35263933311784,FALSE
"Q9NYU2","Linear_Dose_Trend",-0.034391554494094,8.06153766167807,-0.72541490192829,0.468524693576336,0.799607079718064,-5.44224265652667,FALSE
"P62736","Linear_Dose_Trend",0.0512269870691748,11.2847387127707,0.724674273100879,0.468978024518984,0.799607079718064,-5.44271932072213,FALSE
"P08729","Linear_Dose_Trend",0.10054115755258,12.8888769577043,0.723898787265308,0.469504296459281,0.799607079718064,-5.38355479158201,FALSE
"P15941","Linear_Dose_Trend",-0.0332325072941316,9.94333841747059,-0.722570989716688,0.470269793757374,0.799813608374217,-5.44296143100023,FALSE
"Q99972","Linear_Dose_Trend",-0.0426769888015533,7.28084850181818,-0.721834028449702,0.470741063785104,0.799813608374217,-5.41973179695878,FALSE
"Q8IZP9","Linear_Dose_Trend",-0.0361000754476428,8.7888843028214,-0.7194259547975,0.472202528598304,0.800650119842142,-5.44485285758676,FALSE
"P45877","Linear_Dose_Trend",-0.0362062437956714,7.18481915819725,-0.719336115116089,0.47235007070185,0.800650119842142,-5.33764536884398,FALSE
"P11766","Linear_Dose_Trend",0.0810319334419475,8.20099014053407,0.718118086211872,0.473101948069314,0.800977796377092,-5.32383802271791,FALSE
"P00915","Linear_Dose_Trend",-0.0715738504505278,11.9714019846895,-0.715860007661094,0.474399324424827,0.801055000477853,-5.4483406667972,FALSE
"P13667","Linear_Dose_Trend",0.0416361103773687,7.92200205303779,0.71527113509865,0.47476586199001,0.801055000477853,-5.44257203421635,FALSE
"P61019","Linear_Dose_Trend",0.0554483538050539,7.09333030123776,0.714368377592644,0.475375089378403,0.801055000477853,-5.37709630121056,FALSE
"P12110","Linear_Dose_Trend",-0.0318829241082032,8.96326542801048,-0.714269259954675,0.47538201213853,0.801055000477853,-5.44787868383996,FALSE
"O75081","Linear_Dose_Trend",-0.0545027692876308,13.2039206979968,-0.71259004852963,0.476426203872662,0.801872272715256,-5.43856611115863,FALSE
"P18124","Linear_Dose_Trend",0.0530441432352045,6.24826602848043,0.708570608675316,0.479003014405368,0.804162944739843,-5.34478630587114,FALSE
"Q08629","Linear_Dose_Trend",-0.0362893419019356,7.25794963168698,-0.705901234729106,0.48062771003025,0.804162944739843,-5.37428663280709,FALSE
"Q96GI7","Linear_Dose_Trend",-0.0409123929906071,9.3160434184986,-0.705542186196199,0.480838213023088,0.804162944739843,-5.39478706259596,FALSE
"P00387","Linear_Dose_Trend",0.0519997859783373,8.66386491759499,0.705270703110542,0.480963347267621,0.804162944739843,-5.44486102162699,FALSE
"Q9UK55","Linear_Dose_Trend",0.0290370857934077,13.0240269931966,0.70376827667818,0.481892298937538,0.804162944739843,-5.45594056236823,FALSE
"P0DPH7;P0DPH8","Linear_Dose_Trend",-0.0535743421767483,11.0208180644804,-0.703533936968279,0.482038148931354,0.804162944739843,-5.45608657348061,FALSE
"P32119","Linear_Dose_Trend",-0.0587832889986161,12.1770416152324,-0.703467145303367,0.482079723604942,0.804162944739843,-5.45612818078203,FALSE
"P06727","Linear_Dose_Trend",0.0256649421225016,15.9857521585886,0.703155950368077,0.482273453609669,0.804162944739843,-5.45632198506029,FALSE
"Q96MT3","Linear_Dose_Trend",-0.069247785229665,11.9342487165789,-0.699533389552202,0.484598161219663,0.807100770254352,-5.34929897326047,FALSE
"Q8NBS9","Linear_Dose_Trend",0.0433377599951637,7.95624233795867,0.69713033153509,0.486064683551512,0.80860412553697,-5.419964758448,FALSE
"P55290","Linear_Dose_Trend",-0.0294070293320589,10.6100003232899,-0.693249177687621,0.488462903113248,0.811652147235687,-5.46244694671091,FALSE
"P15169","Linear_Dose_Trend",0.0510775396879172,11.7112089566281,0.68997523058522,0.490517767672107,0.814123239400233,-5.46445203081081,FALSE
"P11717","Linear_Dose_Trend",0.0402933047644068,6.45624034908619,0.688060761282771,0.491817690558071,0.814512513774408,-5.34358273857635,FALSE
"Q9UBQ7","Linear_Dose_Trend",-0.0464017042669526,6.72071701229526,-0.687630771678613,0.49206790681144,0.814512513774408,-5.36533534494274,FALSE
"Q9NR34","Linear_Dose_Trend",-0.0476218060243449,9.66656180610138,-0.686941755872029,0.492456310629297,0.814512513774408,-5.42162099254854,FALSE
"P05556","Linear_Dose_Trend",-0.0270325910997958,10.9983636869684,-0.680410408186602,0.496547649766636,0.819495455548767,-5.47025561397467,FALSE
"Q96P70","Linear_Dose_Trend",-0.0528313187303071,6.99636663059017,-0.680478490263804,0.4966119601617,0.819495455548767,-5.35307049477447,FALSE
"O43242","Linear_Dose_Trend",-0.0485140719961702,6.74312567089265,-0.677911044149449,0.498217438151178,0.820844170287513,-5.37648929551658,FALSE
"Q8IZA0","Linear_Dose_Trend",-0.0322590616613749,7.43627773205715,-0.677239062812195,0.498574109010058,0.820844170287513,-5.4413903246364,FALSE
"Q7Z304","Linear_Dose_Trend",-0.0353513484230021,7.25033801421109,-0.672906635359446,0.501338337399294,0.823470898859928,-5.42254689093838,FALSE
"P08567","Linear_Dose_Trend",0.055821412516271,9.21616802320604,0.672401233307567,0.501628880606525,0.823470898859928,-5.47132208699312,FALSE
"Q96NZ9","Linear_Dose_Trend",-0.0373307840333648,10.0565247433426,-0.67198432736334,0.501892305162885,0.823470898859928,-5.4753012626167,FALSE
"P06858","Linear_Dose_Trend",-0.0315430079677984,10.2916095332125,-0.670844557092406,0.502617597673513,0.823718440072935,-5.47597895394886,FALSE
"P10586","Linear_Dose_Trend",0.0334539251079112,7.28704665708896,0.668375011686496,0.504192719269157,0.82535657469403,-5.47352292314856,FALSE
"Q9H8L6","Linear_Dose_Trend",0.0333153647857168,10.7485586581377,0.665834410049289,0.505812382620706,0.827063804650049,-5.47894429977656,FALSE
"Q86UX7","Linear_Dose_Trend",-0.0511730289102475,10.1858235340547,-0.66395237821971,0.507015248129561,0.828086407537347,-5.48005248160529,FALSE
"O00339","Linear_Dose_Trend",-0.0392291525609056,7.11179314684611,-0.662570257779147,0.50792538114026,0.828169527669214,-5.44262097980045,FALSE
"P68371","Linear_Dose_Trend",-0.0441198960527475,10.4026087253665,-0.661434786614657,0.508626673544881,0.828169527669214,-5.4815299996998,FALSE
"Q00839","Linear_Dose_Trend",-0.0389217560092098,7.64242738189921,-0.660262943295254,0.509393049663788,0.828169527669214,-5.45394584643222,FALSE
"P07307","Linear_Dose_Trend",-0.0435175722092661,7.51681961779253,-0.659963691394201,0.509603409055947,0.828169527669214,-5.43001359764866,FALSE
"O60844","Linear_Dose_Trend",-0.0443108803220859,7.235629263586,-0.659524345528678,0.509953760761448,0.828169527669214,-5.36144645051614,FALSE
"P52565","Linear_Dose_Trend",0.0338278349346391,7.87582076481497,0.65577680359777,0.512271393764799,0.830142155217106,-5.46905973943157,FALSE
"P30041","Linear_Dose_Trend",-0.0442168507482023,10.5314032298132,-0.655617732227584,0.512360246717098,0.830142155217106,-5.4849224703959,FALSE
"Q7L014","Linear_Dose_Trend",0.061241333798202,15.4787742494013,0.654447759459227,0.51312752729127,0.830142155217106,-5.46369263517402,FALSE
"Q96PX8","Linear_Dose_Trend",-0.0392083184349292,6.86352433217813,-0.653457718156602,0.513790829847943,0.830142155217106,-5.42849916393046,FALSE
"P16152","Linear_Dose_Trend",0.0590446763177951,7.11511163421668,0.653067398814688,0.514062924569589,0.830142155217106,-5.39895786716921,FALSE
"Q96K76","Linear_Dose_Trend",0.0563656505661325,6.11480742205963,0.649438731177851,0.516448559282953,0.831819728344783,-5.36154064255066,FALSE
"Q8TDL5","Linear_Dose_Trend",-0.033041122706096,10.8404710350567,-0.648731977333838,0.51679819917207,0.831819728344783,-5.48889954046644,FALSE
"Q15149","Linear_Dose_Trend",0.0495646764657236,8.52002115946702,0.646719964739054,0.518103756583082,0.831819728344783,-5.48106420102843,FALSE
"P15291","Linear_Dose_Trend",0.0256290836879322,8.76843422974652,0.646194607384276,0.518438586639498,0.831819728344783,-5.49035450460498,FALSE
"P02751","Linear_Dose_Trend",0.0305380677402916,13.8064220105094,0.645203750691933,0.519079898812739,0.831819728344783,-5.49092113067588,FALSE
"P19827","Linear_Dose_Trend",-0.0296973882664692,19.7874187546431,-0.644994810254255,0.519215183761926,0.831819728344783,-5.49104050344013,FALSE
"P08865","Linear_Dose_Trend",-0.0419370162623894,7.70062708897718,-0.644223427423247,0.519731590435603,0.831819728344783,-5.46967325333599,FALSE
"P52209","Linear_Dose_Trend",0.0469531627968208,8.29404794871757,0.644192208161513,0.519742312829097,0.831819728344783,-5.47990636652116,FALSE
"P48059","Linear_Dose_Trend",0.0445934939653298,8.77399241964634,0.642387356043324,0.520919909128854,0.831913312147228,-5.47047385931213,FALSE
"Q04695","Linear_Dose_Trend",-0.0588048056309023,9.33565938997994,-0.64231212615325,0.520961056002936,0.831913312147228,-5.48299037854373,FALSE
"P62906","Linear_Dose_Trend",-0.0501368764972829,7.26724401217073,-0.640948453582492,0.521936841128373,0.832544416215891,-5.36771440225671,FALSE
"Q96IZ5","Linear_Dose_Trend",-0.0434223179732167,9.77933083634285,-0.639520727010637,0.522839078543371,0.833056931812438,-5.39142790754815,FALSE
"Q96KP4","Linear_Dose_Trend",-0.0558469945184707,7.2809326091025,-0.635616430539326,0.525330207257698,0.835990560119509,-5.45879256566985,FALSE
"P0DOY2;P0DOY3","Linear_Dose_Trend",0.0541543016115509,16.7476025744195,0.634774022101745,0.525874103035227,0.835990560119509,-5.47701443331121,FALSE
"P25789","Linear_Dose_Trend",-0.0390215330716843,8.1728785997245,-0.633919741097316,0.526429202083624,0.835990560119509,-5.46782937630015,FALSE
"P13929","Linear_Dose_Trend",-0.0466722695257421,8.25455558862086,-0.631787249035683,0.52780479977658,0.836694529275055,-5.49701773548215,FALSE
"P01116","Linear_Dose_Trend",-0.0382363745571066,8.09842352474422,-0.63152760010914,0.528039434444857,0.836694529275055,-5.41284673294138,FALSE
"O00194","Linear_Dose_Trend",-0.0994359483304515,9.5028155653184,-0.627521888696716,0.530616416990562,0.837708385786812,-5.45948278370238,FALSE
"Q02985","Linear_Dose_Trend",0.0405836048548044,9.58465417816836,0.627319301217506,0.530728150216518,0.837708385786812,-5.49703274311402,FALSE
"Q27J81","Linear_Dose_Trend",0.0584477102821691,6.898432699433,0.626653407091005,0.531243321928461,0.837708385786812,-5.38352628774702,FALSE
"P30153","Linear_Dose_Trend",-0.0390387446892541,7.7896444349277,-0.626158850703762,0.531493846799926,0.837708385786812,-5.48770578964618,FALSE
"P15907","Linear_Dose_Trend",-0.0337126684062276,9.24805423601795,-0.62521905919184,0.53210173527161,0.837708385786812,-5.50216416732971,FALSE
"P51665","Linear_Dose_Trend",-0.0528555745134289,7.01936624419572,-0.62525968222905,0.532184337135137,0.837708385786812,-5.36604939168455,FALSE
"Q99784","Linear_Dose_Trend",0.0278655707562504,8.99926726650334,0.621029426730747,0.53485255039832,0.84098526016578,-5.50447640631801,FALSE
"P40925","Linear_Dose_Trend",-0.0753350888588011,9.4143977359838,-0.617386399345184,0.537266287210135,0.841217574850302,-5.48666441136163,FALSE
"P14317","Linear_Dose_Trend",-0.0403365156487613,8.04423335014254,-0.616156505964544,0.538066852645994,0.841217574850302,-5.49576088859842,FALSE
"Q8N128","Linear_Dose_Trend",-0.0362719403338514,7.48783407486613,-0.613896513869133,0.539576569454946,0.841217574850302,-5.46954607423443,FALSE
"Q92496","Linear_Dose_Trend",0.042306086326372,9.63473419119567,0.61181862983026,0.540942297755053,0.841217574850302,-5.47969409048963,FALSE
"O00410","Linear_Dose_Trend",-0.0446976639392204,6.20982297636754,-0.611516853655406,0.541188570602896,0.841217574850302,-5.41802298367065,FALSE
"P68363","Linear_Dose_Trend",-0.0436181594467936,10.5568844341365,-0.610999150840617,0.541467290792027,0.841217574850302,-5.5099490099893,FALSE
"P04083","Linear_Dose_Trend",0.0393862940125665,7.6654557926834,0.610086577445679,0.542073207043201,0.841217574850302,-5.50681775023001,FALSE
"Q04637","Linear_Dose_Trend",-0.0428638695724111,6.35655727958756,-0.609999969214213,0.542195952616407,0.841217574850302,-5.40948191632391,FALSE
"P27824","Linear_Dose_Trend",-0.0288765480627621,10.9622146784188,-0.609519492298758,0.542446548089296,0.841217574850302,-5.5107487942558,FALSE
"P23528","Linear_Dose_Trend",-0.0411689131602031,10.7042326867001,-0.607891731669034,0.543524843114884,0.841217574850302,-5.51162639410236,FALSE
"P25311","Linear_Dose_Trend",0.0386838067954076,9.7618582244991,0.607778048845736,0.543600191203199,0.841217574850302,-5.51168759815164,FALSE
"P60953","Linear_Dose_Trend",-0.0302182235261009,8.81779652149071,-0.607628002695977,0.543700160168313,0.841217574850302,-5.51052432716826,FALSE
"P29992","Linear_Dose_Trend",-0.0378975150208998,7.57597920492043,-0.606931089770344,0.544176803047118,0.841217574850302,-5.48862195871023,FALSE
"P07327","Linear_Dose_Trend",0.0364036908622692,7.76743088812502,0.606415644393782,0.544511996719355,0.841217574850302,-5.49663059005714,FALSE
"Q13790","Linear_Dose_Trend",0.0231293178704842,16.1382179947488,0.606349718963078,0.544547321074893,0.841217574850302,-5.51245560213142,FALSE
"P01876","Linear_Dose_Trend",0.0443250577937412,15.9423771207632,0.606051284863256,0.544745317441059,0.841217574850302,-5.51261584040792,FALSE
"P45974","Linear_Dose_Trend",-0.0437405796435006,8.16209353383466,-0.604594397998728,0.54571758050044,0.841217574850302,-5.50327037480692,FALSE
"Q9BTT0","Linear_Dose_Trend",0.0374424017565383,7.30336633838726,0.603852123992066,0.546247819895483,0.841217574850302,-5.45066505526314,FALSE
"P19971","Linear_Dose_Trend",-0.0297219621171401,7.15135146801673,-0.602535188249581,0.547086982120912,0.841217574850302,-5.50149636056902,FALSE
"P48723","Linear_Dose_Trend",-0.0342174081605605,6.86864801002019,-0.60206804396782,0.547461907590265,0.841217574850302,-5.41435916785982,FALSE
"P36578","Linear_Dose_Trend",-0.0455566085529593,7.42323898787372,-0.601801409934177,0.54761722841343,0.841217574850302,-5.45462997504453,FALSE
"Q53EL9","Linear_Dose_Trend",-0.0291491251140264,8.00871898914271,-0.600975131782954,0.548145847495231,0.841217574850302,-5.47060871086405,FALSE
"Q9NY65","Linear_Dose_Trend",0.0547568121354715,7.66008430831414,0.600497760011841,0.5484926307427,0.841217574850302,-5.44437131668959,FALSE
"Q16543","Linear_Dose_Trend",0.0475844912720431,6.63260408707259,0.599389317108015,0.549260736718871,0.841378548470651,-5.39820195242711,FALSE
"Q14684","Linear_Dose_Trend",-0.0350858741873341,13.6030460152482,-0.595802684794744,0.551580654826196,0.841378548470651,-5.49363799173763,FALSE
"P15153","Linear_Dose_Trend",-0.0302788761385789,10.4591592368942,-0.594794588003531,0.552240666780296,0.841378548470651,-5.51747973177106,FALSE
"P40926","Linear_Dose_Trend",0.0452346065145403,7.49357944528041,0.59428675216306,0.55261854216959,0.841378548470651,-5.45474100967844,FALSE
"P27105","Linear_Dose_Trend",-0.0432863464328949,9.47965337019592,-0.593538866382363,0.553079320595497,0.841378548470651,-5.51814147233289,FALSE
"Q96TC7","Linear_Dose_Trend",-0.0385409968492969,7.97399534146207,-0.593306579833191,0.553261589971936,0.841378548470651,-5.46884195403107,FALSE
"P22234","Linear_Dose_Trend",-0.0406250469467535,7.18792767955495,-0.593197899972305,0.553359376066322,0.841378548470651,-5.44367970977961,FALSE
"Q5T4S7","Linear_Dose_Trend",-0.0371338313352606,7.138763548167,-0.592950475564449,0.553480960472504,0.841378548470651,-5.5040863870303,FALSE
"Q93098","Linear_Dose_Trend",-0.0439826661808175,11.138634560808,-0.590937137656124,0.554859441452666,0.841378548470651,-5.45265908468827,FALSE
"P16284","Linear_Dose_Trend",-0.026448052458283,9.20274295933561,-0.589333948072693,0.555893876206148,0.841378548470651,-5.52021879740311,FALSE
"Q6AHZ1","Linear_Dose_Trend",0.069885009647727,11.8692430998674,0.587936167621711,0.556844527990035,0.841378548470651,-5.49558102270774,FALSE
"Q13885","Linear_Dose_Trend",0.0358986680385496,9.84143435867908,0.586896366419518,0.557530655360046,0.841378548470651,-5.51921298484334,FALSE
"Q15166","Linear_Dose_Trend",-0.0208717378030994,16.1902261268496,-0.586027732812685,0.558111307818383,0.841378548470651,-5.52318715464887,FALSE
"P80723","Linear_Dose_Trend",-0.0283117892618214,7.06835470138775,-0.585890541842256,0.558211510963765,0.841378548470651,-5.51353743182448,FALSE
"P61088","Linear_Dose_Trend",0.0354624968328999,8.46165035948671,0.585835902616166,0.55826075490938,0.841378548470651,-5.4923252666396,FALSE
"P0DOX5","Linear_Dose_Trend",0.0500791308038596,9.33137425288081,0.585304375137069,0.558671741328123,0.841378548470651,-5.40526316882138,FALSE
"Q9NQ79","Linear_Dose_Trend",-0.0245820883896502,12.4205866055037,-0.583954280730008,0.559504450717481,0.841378548470651,-5.52426156022387,FALSE
"P30740","Linear_Dose_Trend",-0.0468886996848595,7.80272640707239,-0.583865510976095,0.559575859896531,0.841378548470651,-5.50825774181665,FALSE
"P50148","Linear_Dose_Trend",0.0404932685119807,7.41826653762854,0.582400281287873,0.560582022447901,0.841378548470651,-5.46981267602071,FALSE
"Q9UBX5","Linear_Dose_Trend",-0.0373919578289356,9.52759456112737,-0.582128442093962,0.560732622715696,0.841378548470651,-5.52520451082042,FALSE
"P41091","Linear_Dose_Trend",0.0456769511605132,7.31056997367373,0.581966234766084,0.560927690406527,0.841378548470651,-5.39296811382016,FALSE
"Q96M27","Linear_Dose_Trend",-0.0288479965137164,6.8903260568119,-0.581052148837529,0.561505767703217,0.841378548470651,-5.43763875085817,FALSE
"P23634","Linear_Dose_Trend",-0.0282705383674841,7.14672365009928,-0.578814753596693,0.562977091439019,0.842311501266017,-5.50470646863196,FALSE
"Q9NYQ8","Linear_Dose_Trend",-0.0562350339396222,7.98396282762633,-0.578339267877394,0.563303158796451,0.842311501266017,-5.49704630254993,FALSE
"Q96CW1","Linear_Dose_Trend",-0.0369366896788823,7.08710187003821,-0.575935843212571,0.564944129074043,0.843885292804352,-5.46536744053509,FALSE
"Q9UJU6","Linear_Dose_Trend",-0.0501373996823184,6.95330189901961,-0.57396706077829,0.5662932379782,0.844267384034412,-5.44421727415891,FALSE
"Q15485","Linear_Dose_Trend",0.0356008247193653,9.5919517337402,0.573762220941364,0.566377422204396,0.844267384034412,-5.52948030894469,FALSE
"Q86SG5","Linear_Dose_Trend",-0.048859890741015,7.82883394835913,-0.568496964021758,0.569985840320309,0.848763961598466,-5.45982023211248,FALSE
"Q96P63","Linear_Dose_Trend",-0.0394954512940905,8.7873251422855,-0.564848328593249,0.572431441786267,0.851521460084551,-5.52186956405926,FALSE
"P42357","Linear_Dose_Trend",-0.0484529580906099,6.649140311098,-0.561511329462092,0.574742438505869,0.853403296693959,-5.45581087943375,FALSE
"Q7Z7G0","Linear_Dose_Trend",-0.0221514138447792,13.2619748609732,-0.561224034248849,0.574886739613922,0.853403296693959,-5.5357903993452,FALSE
"P50990","Linear_Dose_Trend",-0.051429072755416,8.21652418244508,-0.55592705997623,0.578502777260788,0.856885638308304,-5.53440948376852,FALSE
"Q9BYJ0","Linear_Dose_Trend",0.0297055726315683,10.4278262147083,0.555648311957448,0.578690422904806,0.856885638308304,-5.53854861370432,FALSE
"P30043","Linear_Dose_Trend",-0.0446428390807846,9.76574747147828,-0.555158352793334,0.579025232580716,0.856885638308304,-5.53878967354108,FALSE
"Q16775","Linear_Dose_Trend",-0.0486716512759512,8.15723355098679,-0.554099090393385,0.579770332789164,0.856932466771746,-5.49934323298515,FALSE
"P08254","Linear_Dose_Trend",-0.030597061027425,9.21836908683984,-0.553364186363636,0.580252039913086,0.856932466771746,-5.53967059041805,FALSE
"A0A087WSY6","Linear_Dose_Trend",-0.0523822126937608,11.7972508648719,-0.550023168434367,0.582619411128394,0.859543452220285,-5.41768682526117,FALSE
"O43491","Linear_Dose_Trend",0.035409170582117,7.3273107517035,0.548273909730369,0.583769423117957,0.860354936023793,-5.48933780933733,FALSE
"P26447","Linear_Dose_Trend",-0.0298365414173236,10.5362318613705,-0.545558761984435,0.585603365012802,0.862171689351497,-5.54346982719776,FALSE
"Q15911","Linear_Dose_Trend",-0.0245763997780952,10.3802555256637,-0.54448911326832,0.58637725832725,0.86242562917054,-5.48740694403932,FALSE
"Q9NP55","Linear_Dose_Trend",-0.0418026239142083,7.91997547259747,-0.541923450348303,0.588154793170216,0.864153661276732,-5.46450925257336,FALSE
"Q02487","Linear_Dose_Trend",-0.0355454322194253,6.72112674295257,-0.540221219838751,0.589306110028317,0.864959019222729,-5.48091520979518,FALSE
"Q96C19","Linear_Dose_Trend",0.0366247844520274,6.99234140103155,0.537939341438999,0.590902728304711,0.866106894597208,-5.44630943539359,FALSE
"P11586","Linear_Dose_Trend",0.0355018135010572,7.69129008548238,0.537300226498562,0.591296129575081,0.866106894597208,-5.53845920592886,FALSE
"O75351","Linear_Dose_Trend",0.0342896030616996,7.1122370299092,0.534716602560482,0.593118618130478,0.867889896325618,-5.46670182750919,FALSE
"P40121","Linear_Dose_Trend",-0.0392204406218297,6.6062492039543,-0.532182277912575,0.59490859472873,0.868767808090105,-5.41417309531027,FALSE
"P27169","Linear_Dose_Trend",-0.0207951791261235,16.6344859599093,-0.531517409402551,0.595287396865218,0.868767808090105,-5.55016865786606,FALSE
"P49773","Linear_Dose_Trend",-0.0434987830399429,7.47443152522566,-0.53125029178828,0.595536091598726,0.868767808090105,-5.441444807604,FALSE
"Q9GZM7","Linear_Dose_Trend",-0.0238863159575576,8.14315932998817,-0.524298335445822,0.600306852929583,0.874755553798153,-5.52911996537979,FALSE
"Q7Z794","Linear_Dose_Trend",0.0787172886843599,11.3088899295884,0.523490221711286,0.600860683745593,0.874755553798153,-5.5441856701375,FALSE
"O15498","Linear_Dose_Trend",0.0315718977307454,7.17229631763539,0.521056771417353,0.602582018045565,0.876346881511938,-5.49342180879896,FALSE
"P08253","Linear_Dose_Trend",0.026037048089431,10.0067525674466,0.52015653035118,0.603175991668258,0.876346881511938,-5.55546101685759,FALSE
"Q12913","Linear_Dose_Trend",0.0215045021769571,9.70641249931558,0.518094404090473,0.604612901907427,0.876874576293084,-5.55640939250401,FALSE
"P59768","Linear_Dose_Trend",-0.0261717957777002,7.92750765636845,-0.516921637318786,0.605460021767197,0.876874576293084,-5.4912648568009,FALSE
"Q92882","Linear_Dose_Trend",0.046097600546406,7.56085153810065,0.516573581544197,0.605732593829401,0.876874576293084,-5.44829496692782,FALSE
"P01019","Linear_Dose_Trend",-0.0196215201281135,15.1860369171155,-0.515214081105735,0.60662251348838,0.876874576293084,-5.5577277596717,FALSE
"P60900","Linear_Dose_Trend",-0.0334713910001917,7.61762097464729,-0.514961265472085,0.606819293834097,0.876874576293084,-5.51850730718481,FALSE
"O75309","Linear_Dose_Trend",0.0300090228184644,7.29110766952984,0.514298387453333,0.607269414596457,0.876874576293084,-5.54072434246688,FALSE
"Q9NP72","Linear_Dose_Trend",0.035677283999469,6.85917119828735,0.513122632496955,0.60816009367464,0.876874576293084,-5.43958714779931,FALSE
"Q9HCB6","Linear_Dose_Trend",0.0346399998559988,7.49377874467116,0.512669277072828,0.608431104192202,0.876874576293084,-5.50623192686827,FALSE
"P29401","Linear_Dose_Trend",0.0356238767573911,6.6712970785812,0.510249142304734,0.610117145428285,0.877643972977553,-5.51125509095291,FALSE
"Q13418","Linear_Dose_Trend",-0.0369624470299659,9.40625799848527,-0.509304827254249,0.610754762871298,0.877643972977553,-5.56040953273699,FALSE
"O60493","Linear_Dose_Trend",0.0434231021621273,8.90108250035593,0.508518631987182,0.611338508440977,0.877643972977553,-5.49583061490187,FALSE
"P84077","Linear_Dose_Trend",0.0286221254969008,10.1061140627285,0.508365087308268,0.611413060672647,0.877643972977553,-5.56083316330371,FALSE
"P25774","Linear_Dose_Trend",-0.0289065431204584,7.74668522773546,-0.50724444545316,0.612233648742276,0.877943052296424,-5.49597813966987,FALSE
"A0A075B6I0","Linear_Dose_Trend",0.0585972666182053,12.0743134079055,0.503501099411297,0.614847565061806,0.880788370742052,-5.52362273440399,FALSE
"P07437","Linear_Dose_Trend",-0.0322975344111863,10.2259459559853,-0.50139808523484,0.616303724814123,0.880788370742052,-5.56268787761115,FALSE
"P50552","Linear_Dose_Trend",0.0463066400424093,7.43549278326897,0.500525036414557,0.616972257756772,0.880788370742052,-5.46075965184274,FALSE
"Q93084","Linear_Dose_Trend",-0.0553858310591343,8.0537459617487,-0.499678553468976,0.617564556381742,0.880788370742052,-5.48655809151768,FALSE
"O43505","Linear_Dose_Trend",-0.0266199295517426,6.92739931445802,-0.496963914370302,0.619479786180098,0.880788370742052,-5.46325666610178,FALSE
"P12111","Linear_Dose_Trend",-0.0181940064193233,9.63917569220986,-0.495469418776142,0.620478248895477,0.880788370742052,-5.56656752552353,FALSE
"P07237","Linear_Dose_Trend",-0.0273118243080004,10.0203056356611,-0.494851371941136,0.620914183812352,0.880788370742052,-5.56683865874816,FALSE
"P61006","Linear_Dose_Trend",-0.0281577631241869,7.8498519733006,-0.494009171296079,0.621518542634363,0.880788370742052,-5.54468400250036,FALSE
"P37235","Linear_Dose_Trend",0.0357051093038673,7.08199605951673,0.493758609594121,0.621727795254536,0.880788370742052,-5.48241976734313,FALSE
"P13224","Linear_Dose_Trend",-0.0294388544495577,10.6359710853125,-0.492791717732479,0.622369117740041,0.880788370742052,-5.56636093525562,FALSE
"Q6UXB8","Linear_Dose_Trend",-0.0331391321253229,9.73609478217592,-0.49275572913973,0.622393323810085,0.880788370742052,-5.56775548738278,FALSE
"Q9BY67","Linear_Dose_Trend",-0.0200025469840074,10.5867555749713,-0.49190419816181,0.622994786276358,0.880788370742052,-5.56812691549866,FALSE
"P12830","Linear_Dose_Trend",-0.0251244923499432,10.6249873131711,-0.491789637151953,0.623075723500368,0.880788370742052,-5.56817683672968,FALSE
"Q9H2X3","Linear_Dose_Trend",-0.0231357684384423,8.3005088189529,-0.491214412745751,0.623487507204449,0.880788370742052,-5.55563289393154,FALSE
"P62834","Linear_Dose_Trend",-0.028822637409598,8.96294191432856,-0.490465371200547,0.624036142425191,0.880788370742052,-5.52103337412012,FALSE
"Q14644","Linear_Dose_Trend",0.0383088493546441,6.77190884778427,0.490466349978298,0.624045317066893,0.880788370742052,-5.49524330193982,FALSE
"P28074","Linear_Dose_Trend",-0.0344730527223264,7.05004282176703,-0.488231747201549,0.625637098235734,0.882166763884014,-5.49404255773818,FALSE
"P48643","Linear_Dose_Trend",0.0344216308570137,7.0603706960142,0.486940723753233,0.626529453081637,0.882557206010872,-5.52306348747311,FALSE
"Q96J42","Linear_Dose_Trend",-0.0178041155616059,9.97326320443207,-0.482412136437771,0.629716329769872,0.886074329995088,-5.57222379599132,FALSE
"Q9UIQ6","Linear_Dose_Trend",-0.0305804196477952,6.95431634648819,-0.481445925634398,0.630445272308715,0.886074329995088,-5.48342136854524,FALSE
"P08519","Linear_Dose_Trend",-0.0347430067998443,16.033889218948,-0.480773282649045,0.630879979724536,0.886074329995088,-5.57292307084458,FALSE
"P11940","Linear_Dose_Trend",0.0447845879684245,7.61099642323794,0.477753548668169,0.633070857325034,0.888226646069727,-5.47146888458082,FALSE
"Q00013","Linear_Dose_Trend",-0.0358494634659162,8.71954982252292,-0.476881048332055,0.633651226589491,0.888226646069727,-5.56691636035132,FALSE
"P53004","Linear_Dose_Trend",0.0339045391858029,7.09591964115241,0.475863954547896,0.634398362991639,0.888285061176216,-5.51927208116042,FALSE
"P62805","Linear_Dose_Trend",-0.0308775609823592,12.673943238704,-0.474966472277537,0.635010418019106,0.888285061176216,-5.57538161729213,FALSE
"O60476","Linear_Dose_Trend",-0.0220111701194778,7.90455290197019,-0.474211718187967,0.63555123623905,0.888285061176216,-5.5680759189619,FALSE
"O14773","Linear_Dose_Trend",0.0354738466729056,8.02494242399888,0.47270661168697,0.636676097426708,0.888524725445769,-5.45367660629822,FALSE
"Q13740","Linear_Dose_Trend",-0.0223019392552139,10.0373851217156,-0.472180364350939,0.636996264976957,0.888524725445769,-5.57655063256714,FALSE
"P28289","Linear_Dose_Trend",0.0473463755107625,7.65445496867532,0.471037152909517,0.637880517164623,0.888524725445769,-5.45222030733848,FALSE
"Q96DR8","Linear_Dose_Trend",-0.0381762938146742,9.06052548010902,-0.470543505128723,0.638201162628412,0.888524725445769,-5.51599096698055,FALSE
"P07225","Linear_Dose_Trend",0.0225811832886777,14.80708803435,0.466423980642339,0.641107506888583,0.891705300560842,-5.57894417416122,FALSE
"P22314","Linear_Dose_Trend",-0.0469555163508255,7.28798037388502,-0.464199162437471,0.642708455898815,0.892970798145648,-5.55843077736508,FALSE
"Q8WWZ8","Linear_Dose_Trend",-0.0499199752629355,10.3959110692191,-0.463412437345644,0.643262785554013,0.892970798145648,-5.58018470672157,FALSE
"P07900","Linear_Dose_Trend",-0.0223661968749049,10.2591200670229,-0.461660661661239,0.644517870943936,0.89380241293238,-5.58090261524515,FALSE
"Q9Y4L1","Linear_Dose_Trend",-0.0200616473524473,8.97105158380125,-0.460836875868089,0.645108436112283,0.89380241293238,-5.58123927808801,FALSE
"Q16181","Linear_Dose_Trend",0.115767857185482,11.5200606895582,0.459742999338222,0.645928142865218,0.894074282691818,-5.51270226401787,FALSE
"P08311","Linear_Dose_Trend",0.0327515853719022,9.27041425886932,0.457615869682465,0.647420070049392,0.894527262517009,-5.58116796467173,FALSE
"Q6P3X8","Linear_Dose_Trend",0.0302052297889748,9.4800066615268,0.456173550618082,0.648480159700385,0.894527262517009,-5.53087277877806,FALSE
"Q6UXH0","Linear_Dose_Trend",0.0219208955793785,9.05634511664235,0.455290509320329,0.649093006092514,0.894527262517009,-5.57955363375162,FALSE
"P49257","Linear_Dose_Trend",-0.0259089845805269,7.8521838951863,-0.454027329711813,0.65001114907767,0.894527262517009,-5.55569830161854,FALSE
"P55287","Linear_Dose_Trend",-0.0246747876551944,8.20605459663454,-0.453512376843794,0.650370615239393,0.894527262517009,-5.57890232811934,FALSE
"P42566","Linear_Dose_Trend",-0.0390116787928913,6.91741173927206,-0.453497524377444,0.650415288062048,0.894527262517009,-5.50699210726815,FALSE
"P04921","Linear_Dose_Trend",0.0285786102339941,8.76917039648236,0.453212351616145,0.650621990798633,0.894527262517009,-5.50972705499177,FALSE
"P68431","Linear_Dose_Trend",-0.0289821450297879,10.8600713555101,-0.452008041434373,0.651451790781671,0.894810218372525,-5.58480970506921,FALSE
"Q9UBS3","Linear_Dose_Trend",-0.0260871611750152,7.57599683474601,-0.451082482872848,0.652142818065163,0.894902202014778,-5.52928311964186,FALSE
"P50570","Linear_Dose_Trend",0.0283612164372804,6.65494469450126,0.44909909731087,0.653562582782741,0.895088280077341,-5.54589414440372,FALSE
"Q14393","Linear_Dose_Trend",-0.0291215904010848,9.14485263270739,-0.448383688857353,0.654063920353598,0.895088280077341,-5.58384137245224,FALSE
"Q99536","Linear_Dose_Trend",0.0178891028306136,7.90859490254638,0.448264973808552,0.654150988508405,0.895088280077341,-5.58121660584029,FALSE
"P46783","Linear_Dose_Trend",-0.0353127147680458,7.1455769501443,-0.444709744054724,0.656769052262965,0.897120548602022,-5.46798694568683,FALSE
"Q15365","Linear_Dose_Trend",0.0292007032280045,7.87666505052746,0.444150851965405,0.657130945668243,0.897120548602022,-5.55521471652811,FALSE
"O95744","Linear_Dose_Trend",0.0404426418438625,10.5962809379502,0.442917480031237,0.658044752225873,0.897120548602022,-5.50976946128745,FALSE
"Q9UHC1","Linear_Dose_Trend",0.0453524154721108,9.53295375279099,0.442774934548771,0.658138645139001,0.897120548602022,-5.5297180794254,FALSE
"Q99832","Linear_Dose_Trend",0.0313539154494078,7.15199353877659,0.441414368734284,0.659108286385588,0.897589062371256,-5.55956220595404,FALSE
"P58546","Linear_Dose_Trend",0.0319520322095435,7.85364295499805,0.439621766084761,0.660415456366598,0.897964172408166,-5.54307992876529,FALSE
"Q9Y696","Linear_Dose_Trend",-0.0215306694329936,7.4557042370564,-0.43880787185027,0.660987809488074,0.897964172408166,-5.5771572622149,FALSE
"P35555","Linear_Dose_Trend",-0.0374175092217292,8.03190824669307,-0.438433498216015,0.661262319430282,0.897964172408166,-5.57093417116128,FALSE
"P30613","Linear_Dose_Trend",0.0238391079003969,10.1393056742847,0.435575009313779,0.663327014012319,0.899915740864395,-5.58747203795349,FALSE
"P35813","Linear_Dose_Trend",0.0328389928438592,6.79024765137021,0.432344977778327,0.665709638074948,0.902294537806687,-5.50836504094417,FALSE
"Q9UKZ9","Linear_Dose_Trend",-0.0214440918816177,8.67758135914371,-0.427954673559879,0.668863485141473,0.905243499709079,-5.58852323629052,FALSE
"Q9UQ80","Linear_Dose_Trend",-0.0359260051024163,7.93606537660454,-0.427439260407339,0.669245040624669,0.905243499709079,-5.57282834912402,FALSE
"P25788","Linear_Dose_Trend",-0.0272816976684309,7.65030621360933,-0.426712246559799,0.669779186325895,0.905243499709079,-5.56029837397133,FALSE
"P14209","Linear_Dose_Trend",-0.0242510656794341,8.64415663734407,-0.423274665155029,0.672269989893454,0.90775439313297,-5.59595188738557,FALSE
"P58166","Linear_Dose_Trend",0.0184195650471273,8.7222961252312,0.421738331896704,0.67339075745469,0.907953707033924,-5.5952544989386,FALSE
"P13797","Linear_Dose_Trend",0.0298422198079047,6.30121188898574,0.42117891073164,0.673868553401824,0.907953707033924,-5.44945239052104,FALSE
"P09211","Linear_Dose_Trend",0.0296221976600571,7.87489232359477,0.419633732564202,0.674930212458973,0.907953707033924,-5.58798481653311,FALSE
"O14498","Linear_Dose_Trend",0.0184027505044034,8.01457649874124,0.419325071872812,0.675166299088123,0.907953707033924,-5.55289922497375,FALSE
"Q8NBP7","Linear_Dose_Trend",-0.0196595677771675,11.9076921862924,-0.418734193668914,0.675583406837655,0.907953707033924,-5.59764570390146,FALSE
"P53396","Linear_Dose_Trend",0.0369350254379616,7.43840067258746,0.415874659387856,0.67768810216771,0.908771400692247,-5.56183954467806,FALSE
"P48061","Linear_Dose_Trend",-0.0307490867477874,10.1683261660363,-0.415354065611802,0.678066921488269,0.908771400692247,-5.56015303608611,FALSE
"Q12805","Linear_Dose_Trend",0.0214311004315189,11.1129893101802,0.414202891660817,0.678896428888582,0.908771400692247,-5.59931790111987,FALSE
"P22061","Linear_Dose_Trend",-0.0190362126383589,8.69819217236332,-0.413718969835315,0.679250613540406,0.908771400692247,-5.59949540947286,FALSE
"Q8NI51","Linear_Dose_Trend",0.0435163057518951,12.5696084430357,0.413581138336824,0.679360489220424,0.908771400692247,-5.57948121342005,FALSE
"Q04721","Linear_Dose_Trend",-0.0272414919375919,8.13249704558037,-0.411690944254753,0.680772209236137,0.909504763467272,-5.50167077098589,FALSE
"Q6IAA8","Linear_Dose_Trend",0.0250262742669661,7.16999721651782,0.411121999898594,0.681177207785112,0.909504763467272,-5.52458603908271,FALSE
"Q01518","Linear_Dose_Trend",0.0338494615509279,10.0188308191564,0.40657360609103,0.684488569408436,0.913075914913206,-5.60209227986349,FALSE
"A0A0G2JS06","Linear_Dose_Trend",0.0461918187802604,10.5561461326539,0.404239560530534,0.68622335749612,0.913738083712866,-5.55672985153904,FALSE
"Q9UBW5","Linear_Dose_Trend",0.0369685029539546,7.51938385184701,0.402135919316202,0.68777549880628,0.913738083712866,-5.5298962265204,FALSE
"Q9NP78","Linear_Dose_Trend",0.0238436496347052,10.6115179720627,0.401722236840607,0.688066267144515,0.913738083712866,-5.56391988620062,FALSE
"P56199","Linear_Dose_Trend",-0.0302789084194165,7.7734164138293,-0.400793773128365,0.688743970934011,0.913738083712866,-5.58299365988415,FALSE
"Q6IBS0","Linear_Dose_Trend",0.0387585360467318,7.38936833867464,0.399435565272208,0.689777936056267,0.913738083712866,-5.498491889972,FALSE
"Q9BU40","Linear_Dose_Trend",0.0284118262838842,8.47761248635536,0.398394425143146,0.690512058936313,0.913738083712866,-5.58204231739412,FALSE
"O15511","Linear_Dose_Trend",-0.0277726145025548,8.30628126223007,-0.396686361524592,0.691769486965769,0.913738083712866,-5.58542123292856,FALSE
"Q6UY14","Linear_Dose_Trend",0.0286065641272663,9.02827132250117,0.395756015393349,0.692450633763803,0.913738083712866,-5.59633577173297,FALSE
"P28676","Linear_Dose_Trend",0.0318703857534538,8.26663125603346,0.394975597570279,0.693044107798343,0.913738083712866,-5.5541157131422,FALSE
"Q6X4W1","Linear_Dose_Trend",-0.0403220918697215,10.9331176444031,-0.393675111220947,0.69401351020108,0.913738083712866,-5.52673478078142,FALSE
"P33908","Linear_Dose_Trend",0.0162904470757324,10.7925896868047,0.393465545799187,0.694137040240243,0.913738083712866,-5.60673865680194,FALSE
"P08263;P09210","Linear_Dose_Trend",-0.028577024580284,7.44960818469554,-0.391925576739581,0.695323148871275,0.913738083712866,-5.47913386912007,FALSE
"Q04756","Linear_Dose_Trend",0.0202278439960161,10.4808548624243,0.391300555722926,0.695735473995301,0.913738083712866,-5.60749143423386,FALSE
"P08637","Linear_Dose_Trend",0.0194664918755103,8.7004582362767,0.390918406041397,0.696018378789482,0.913738083712866,-5.60608971430666,FALSE
"P10809","Linear_Dose_Trend",0.0446622617813076,7.5263128226821,0.390769053660878,0.696144761868797,0.913738083712866,-5.56271964965705,FALSE
"P29622","Linear_Dose_Trend",0.0155721789638795,13.2159780939648,0.39013686063871,0.696595202770264,0.913738083712866,-5.60789434146544,FALSE
"P19320","Linear_Dose_Trend",-0.0115587414591922,10.0822398176976,-0.389076440335277,0.697378973501555,0.913738083712866,-5.60826044747766,FALSE
"P09619","Linear_Dose_Trend",-0.0200158999753995,10.0526943388665,-0.387590352306171,0.698477905868729,0.913738083712866,-5.60877183798768,FALSE
"Q9H0U4","Linear_Dose_Trend",-0.0219924212601147,9.08255893679801,-0.386561485967303,0.699239103596392,0.913738083712866,-5.60912474428574,FALSE
"P18564","Linear_Dose_Trend",0.0158357453377997,11.1390630510622,0.386536473377147,0.69926231396063,0.913738083712866,-5.59756551571706,FALSE
"Q14213","Linear_Dose_Trend",0.0208413271264408,7.51480855932511,0.386310845359715,0.699463183875763,0.913738083712866,-5.50755846271213,FALSE
"Q8WUA8","Linear_Dose_Trend",-0.0198019247159027,9.59878099396833,-0.385822203452945,0.699786852418522,0.913738083712866,-5.60694888920559,FALSE
"P31939","Linear_Dose_Trend",-0.0276961873766084,6.79865240397173,-0.385687840484457,0.699909053944149,0.913738083712866,-5.54978810257989,FALSE
"P62820","Linear_Dose_Trend",-0.0317172265951134,7.68384207839924,-0.38521037099286,0.700277652719972,0.913738083712866,-5.51007239056696,FALSE
"P34932","Linear_Dose_Trend",0.022723138619896,7.10778220904259,0.382618588803002,0.702171361849516,0.915376120811096,-5.57926579848818,FALSE
"P06703","Linear_Dose_Trend",-0.0223984225951965,9.97961459786878,-0.380059826373196,0.704057186660692,0.916365094515001,-5.60876507148784,FALSE
"P13497","Linear_Dose_Trend",-0.0171814482168204,9.69773799030464,-0.379761443934692,0.704277649364753,0.916365094515001,-5.61143361979761,FALSE
"P19021","Linear_Dose_Trend",-0.0197168800521347,9.82548248787503,-0.378994061597717,0.704847070606727,0.916365094515001,-5.61169160420195,FALSE
"Q92820","Linear_Dose_Trend",0.0206771402144838,8.06584771571878,0.377150902640047,0.706220003220129,0.917035753097524,-5.59531335921099,FALSE
"O60936","Linear_Dose_Trend",0.0228197213476507,7.35426570705628,0.37662417036546,0.706641915741119,0.917035753097524,-5.5200344406962,FALSE
"O75147","Linear_Dose_Trend",0.0318387954027446,10.2484078060832,0.374086965187149,0.708527645998125,0.918231687899049,-5.51716204466499,FALSE
"P67936","Linear_Dose_Trend",-0.0354123676719961,9.97488390188142,-0.372611012402112,0.709590183857693,0.918231687899049,-5.61253892752096,FALSE
"Q96QA5","Linear_Dose_Trend",-0.0245776990528928,7.1422924544885,-0.372039168751455,0.71006696452684,0.918231687899049,-5.48765140123462,FALSE
"Q15438","Linear_Dose_Trend",-0.0243805154972581,9.7178601519215,-0.371455728631376,0.710469647923621,0.918231687899049,-5.55656788918674,FALSE
"Q16851","Linear_Dose_Trend",0.0276552586960174,7.15142336863919,0.37038454365128,0.711265122926947,0.918231687899049,-5.56435433858142,FALSE
"P02671","Linear_Dose_Trend",0.0236245568662091,16.1605282045091,0.368930624510692,0.712329695581965,0.918231687899049,-5.61502654232647,FALSE
"P01591","Linear_Dose_Trend",0.0250913552229217,10.7534476961789,0.36878020369375,0.712441753430885,0.918231687899049,-5.61507571017858,FALSE
"P08709","Linear_Dose_Trend",0.0157124776304351,9.82365052615428,0.368172226705521,0.71289473683269,0.918231687899049,-5.61527423462462,FALSE
"P07947","Linear_Dose_Trend",-0.0209106054088867,8.41154250434541,-0.366829502124773,0.713898743923434,0.918231687899049,-5.60559738307138,FALSE
"Q14344","Linear_Dose_Trend",-0.0254324975038769,6.67340750972121,-0.365625251190544,0.714826348730888,0.918231687899049,-5.52742227429143,FALSE
"P60660","Linear_Dose_Trend",0.0316571308886115,9.9315981397049,0.365030902573968,0.715237134107518,0.918231687899049,-5.61501556438619,FALSE
"P31146","Linear_Dose_Trend",0.0244557677903012,9.3771647002772,0.365017504471554,0.715247416585243,0.918231687899049,-5.61501926113877,FALSE
"Q8IZS8","Linear_Dose_Trend",-0.0157096765662753,9.69851791463775,-0.360198139559344,0.718878461750225,0.921079083740525,-5.52679749763175,FALSE
"Q9NZN3","Linear_Dose_Trend",-0.0214271382558867,8.93137232727097,-0.359930691441155,0.7190460401437,0.921079083740525,-5.61549811251692,FALSE
"P0C0L5","Linear_Dose_Trend",0.0223050623491805,12.6998549130921,0.358761085153353,0.719919531094037,0.921079083740525,-5.61830552589279,FALSE
"O95810","Linear_Dose_Trend",-0.0348075608194362,8.6981532830752,-0.358610591445377,0.720034625434539,0.921079083740525,-5.60921315461519,FALSE
"O14950;P19105","Linear_Dose_Trend",0.0314118957609016,9.65278965517322,0.354108469758412,0.723402338947559,0.922969097349595,-5.61565518509287,FALSE
"P02788","Linear_Dose_Trend",-0.0267085460508725,6.73759880489271,-0.353440736738673,0.72394534060082,0.922969097349595,-5.50453768656301,FALSE
"P07737","Linear_Dose_Trend",-0.0228861775679314,11.2049345835876,-0.353362394169429,0.723960072977738,0.922969097349595,-5.62000901572311,FALSE
"O75368","Linear_Dose_Trend",-0.0257856567697373,7.35854027388178,-0.353218876736891,0.724086634949996,0.922969097349595,-5.5634047995693,FALSE
"P17655","Linear_Dose_Trend",-0.0206450558124929,9.23033736729687,-0.349044352546245,0.727197664809602,0.925028142245142,-5.62007204008518,FALSE
"P80511","Linear_Dose_Trend",0.0284935285673154,7.94284215439257,0.348605861569286,0.727543800355043,0.925028142245142,-5.57505988754414,FALSE
"P18085","Linear_Dose_Trend",0.0219506284299714,7.63248820760927,0.346825216553314,0.728894020721863,0.925028142245142,-5.52957586669356,FALSE
"P09104","Linear_Dose_Trend",-0.016167336912303,11.6577824283136,-0.34638913251309,0.729190494049964,0.925028142245142,-5.62217113501282,FALSE
"P61769","Linear_Dose_Trend",-0.0171233557928851,10.7897548478479,-0.344906116966958,0.730304498159253,0.925028142245142,-5.6226254027175,FALSE
"P26583","Linear_Dose_Trend",0.0291812092074786,7.82840264011142,0.344068947106906,0.730957812620007,0.925028142245142,-5.55239281844302,FALSE
"P22891","Linear_Dose_Trend",-0.0196781724468919,14.7352282588151,-0.343348118968223,0.731475442124224,0.925028142245142,-5.62310054026562,FALSE
"P11279","Linear_Dose_Trend",0.0207155916433502,7.53265515658985,0.342989340064317,0.731764653014321,0.925028142245142,-5.55998749361095,FALSE
"Q13228","Linear_Dose_Trend",-0.027596703739762,7.9599001279453,-0.342701833883727,0.731965755427412,0.925028142245142,-5.60707372079087,FALSE
"Q15404","Linear_Dose_Trend",-0.0259911182321818,9.75636250570372,-0.342447758568599,0.732152678834196,0.925028142245142,-5.62209256231901,FALSE
"O14656","Linear_Dose_Trend",-0.0179309748776381,6.44523363381121,-0.340212539701403,0.73386629014085,0.926339983256001,-5.52209600175689,FALSE
"Q08722","Linear_Dose_Trend",0.0254760581610838,8.23883829507143,0.338967948045382,0.734800635031914,0.926339983256001,-5.54330616009274,FALSE
"Q96Q06","Linear_Dose_Trend",-0.0185212891114,8.04826891436327,-0.338301137552047,0.73527503231195,0.926339983256001,-5.61750372562484,FALSE
"Q8TER0","Linear_Dose_Trend",0.0152964093909757,9.20717810656895,0.337634569916434,0.735774923939041,0.926339983256001,-5.62482458253055,FALSE
"P48507","Linear_Dose_Trend",0.02327405580175,7.71264370863107,0.328821130122964,0.742452599748404,0.933927217578255,-5.53534649998931,FALSE
"O00487","Linear_Dose_Trend",-0.0270773018790535,8.01039292476217,-0.325663012623628,0.744830479786576,0.935685913275912,-5.56582472701165,FALSE
"Q03167","Linear_Dose_Trend",0.0183669135200773,7.82279798926101,0.32521017172852,0.74515572730899,0.935685913275912,-5.61644634396761,FALSE
"P04908;P0C0S8;P20671;Q16777;Q6FI13;Q7L7L0;Q93077;Q96KK5;Q99878;Q9BTM1","Linear_Dose_Trend",-0.0215727911174487,12.3520710485,-0.321941574929525,0.747626416643858,0.936568212567945,-5.62941110248927,FALSE
"Q9H2K2","Linear_Dose_Trend",0.020443505624076,8.87031005019553,0.321872930635893,0.747714343518935,0.936568212567945,-5.52421068043451,FALSE
"P14735","Linear_Dose_Trend",-0.0207220100687293,6.57186604549176,-0.321359868099538,0.748087006269132,0.936568212567945,-5.56110295787605,FALSE
"P48426","Linear_Dose_Trend",-0.0230914813058888,7.41857740103592,-0.32084188288443,0.748470830964341,0.936568212567945,-5.59538881611019,FALSE
"O00533","Linear_Dose_Trend",-0.0151602988099236,9.02526859553548,-0.319822582589184,0.749231364809064,0.936702508401219,-5.63001369372809,FALSE
"P08727","Linear_Dose_Trend",0.0242239369985255,8.59562852535552,0.317723568930859,0.750836139222985,0.937308376508225,-5.58290556590921,FALSE
"P10768","Linear_Dose_Trend",0.0235518771094581,7.51233394520057,0.31747839220877,0.751023238917679,0.937308376508225,-5.58121660149031,FALSE
"P06310","Linear_Dose_Trend",0.0216946069869705,11.3699859535672,0.312940573997378,0.754452578018386,0.938491076901564,-5.62657127168679,FALSE
"P21980","Linear_Dose_Trend",-0.0270860327552927,8.04439592981182,-0.312781832380623,0.75458614430555,0.938491076901564,-5.58132096566259,FALSE
"P80108","Linear_Dose_Trend",-0.0123306316444106,13.9926130962551,-0.312011031898026,0.755157284170455,0.938491076901564,-5.6322007546668,FALSE
"O60814;P57053;P58876;P62807;Q5QNW6;Q93079;Q99877;Q99879","Linear_Dose_Trend",0.0201032385443946,12.3550016592123,0.31103023284733,0.755902358326899,0.938491076901564,-5.63247153700511,FALSE
"Q92614","Linear_Dose_Trend",-0.0243110764676285,7.57484025169666,-0.310034415826665,0.756684057710805,0.938491076901564,-5.54088312844525,FALSE
"Q01082","Linear_Dose_Trend",0.0350788784159723,8.15928146362381,0.309519517217675,0.757057231737307,0.938491076901564,-5.6102427362168,FALSE
"P31946","Linear_Dose_Trend",-0.0188973958788045,10.2183421075278,-0.308578554649678,0.75776579569776,0.938491076901564,-5.63314467718083,FALSE
"P06753","Linear_Dose_Trend",0.0218512442758471,9.83851199696445,0.308522051907282,0.757810201957924,0.938491076901564,-5.63047135635953,FALSE
"P31949","Linear_Dose_Trend",-0.016461524267592,7.98522564290419,-0.307450300883674,0.758627478330072,0.938491076901564,-5.62055192326941,FALSE
"P04839","Linear_Dose_Trend",-0.0239079264118518,7.02369859089844,-0.307464706007027,0.758648246378809,0.938491076901564,-5.51993454827143,FALSE
"A0A087WSX0","Linear_Dose_Trend",-0.0314822666247084,12.48746123952,-0.3063981665154,0.759425173573172,0.938491076901564,-5.63232288580947,FALSE
"O75531","Linear_Dose_Trend",0.0211355421353461,7.23702989142694,0.305080770117856,0.760446425591556,0.938491076901564,-5.56846800394054,FALSE
"P0DOX2","Linear_Dose_Trend",0.0221207535818097,15.3709035027304,0.304243295592063,0.761064330336136,0.938491076901564,-5.63432194621297,FALSE
"O60234","Linear_Dose_Trend",0.0243765570257408,7.33468514488591,0.304201785915784,0.761133279244434,0.938491076901564,-5.52299317642885,FALSE
"P07948","Linear_Dose_Trend",-0.0292567856788125,8.1577435236341,-0.302456999603574,0.762440817120358,0.939295645833843,-5.57008457418824,FALSE
"Q9NPY3","Linear_Dose_Trend",0.0176925886919431,9.7097494404495,0.300083512641118,0.764233683788062,0.940696225366592,-5.63415028358875,FALSE
"Q5JWF2","Linear_Dose_Trend",0.0201030543988972,6.94996853826182,0.298008174024778,0.765838662676585,0.941069898189018,-5.55161149134992,FALSE
"O15117","Linear_Dose_Trend",-0.0259422878286722,6.78928149764094,-0.296910409655268,0.766676734998654,0.941069898189018,-5.5522804733543,FALSE
"Q15907","Linear_Dose_Trend",0.0194850995540777,8.95502711134975,0.296551881353163,0.76692782070959,0.941069898189018,-5.63368097101394,FALSE
"Q7Z3Y7","Linear_Dose_Trend",-0.0170239319931025,15.3859550198003,-0.296244659914409,0.767162281020197,0.941069898189018,-5.63375518405028,FALSE
"O95714","Linear_Dose_Trend",0.054668639447834,10.0526848703015,0.29471147098468,0.768368472828704,0.941743923108002,-5.52550807872736,FALSE
"P11021","Linear_Dose_Trend",-0.0135791499067551,10.2124101408684,-0.290028077294092,0.771910445794922,0.942298847276208,-5.63806537815315,FALSE
"Q14696","Linear_Dose_Trend",-0.0288613805201607,7.77963037821342,-0.287808965775356,0.773642903433038,0.942298847276208,-5.52472163772278,FALSE
"P61106","Linear_Dose_Trend",-0.017867425822053,8.12271017991692,-0.287390657342849,0.773929794700684,0.942298847276208,-5.62921812788956,FALSE
"Q13642","Linear_Dose_Trend",-0.0227097257449037,9.01164399220687,-0.287005439268564,0.774232870163368,0.942298847276208,-5.59477726787631,FALSE
"O95782","Linear_Dose_Trend",-0.0216865401189929,6.55989398713567,-0.285794988086323,0.775179950472013,0.942298847276208,-5.52793357147235,FALSE
"P30085","Linear_Dose_Trend",-0.023804411649075,7.35870269773279,-0.285353839771106,0.775524291355927,0.942298847276208,-5.51601873155779,FALSE
"O43866","Linear_Dose_Trend",0.0139215241763224,15.9080881659121,0.285253196889684,0.775564037516109,0.942298847276208,-5.63927553066282,FALSE
"Q9BSL1","Linear_Dose_Trend",0.0200371869650663,7.71913091186005,0.28437195446328,0.776266957329468,0.942298847276208,-5.53639716125607,FALSE
"P38646","Linear_Dose_Trend",-0.0277981334503072,6.92363372813106,-0.283890569935104,0.776637664866095,0.942298847276208,-5.52231813890051,FALSE
"Q53H76","Linear_Dose_Trend",0.0138299404883119,8.04355834207889,0.283432852494502,0.776969144645554,0.942298847276208,-5.59056843657399,FALSE
"P21730","Linear_Dose_Trend",-0.0154133932258483,7.49316858795734,-0.282849495781307,0.777433008919496,0.942298847276208,-5.53668677925573,FALSE
"P61981","Linear_Dose_Trend",0.0206588538223554,7.59094897029432,0.2814051330137,0.778522570606988,0.942298847276208,-5.59500385218894,FALSE
"E9PAV3","Linear_Dose_Trend",-0.0154454190219676,7.39353717190484,-0.28007501656837,0.779557948635999,0.942298847276208,-5.5438452683402,FALSE
"P55103","Linear_Dose_Trend",0.0124034166241764,10.8149609178478,0.278832181439006,0.780484537864481,0.942298847276208,-5.64088767666316,FALSE
"P04156","Linear_Dose_Trend",-0.0188231554594255,6.53524036560622,-0.278635415645777,0.780658678118296,0.942298847276208,-5.55053448624629,FALSE
"Q9C075","Linear_Dose_Trend",-0.0164291822504094,7.25786873780116,-0.278170743988464,0.781004759222405,0.942298847276208,-5.59044508122443,FALSE
"P04075","Linear_Dose_Trend",0.0172457874148985,9.79401082826091,0.27627955996591,0.782443193413496,0.942298847276208,-5.64151560337971,FALSE
"Q9H4A9","Linear_Dose_Trend",-0.017502055512038,6.75008140747201,-0.275796176689003,0.782847518937923,0.942298847276208,-5.52402732899492,FALSE
"P11215","Linear_Dose_Trend",0.0113225435738812,8.18119304638152,0.275672460715965,0.782909231790796,0.942298847276208,-5.64166409569213,FALSE
"P01011","Linear_Dose_Trend",-0.0132455807316144,12.4322410209453,-0.275342943335751,0.783162217795636,0.942298847276208,-5.6417445566601,FALSE
"P36980","Linear_Dose_Trend",-0.0166600408768293,12.9073889442323,-0.274640078523851,0.78370191700322,0.942298847276208,-5.64191585948946,FALSE
"P10301","Linear_Dose_Trend",-0.0159923884133248,7.11940284720664,-0.273766106290142,0.784405443341786,0.942298847276208,-5.53287071866433,FALSE
"P11166","Linear_Dose_Trend",-0.0171551140375569,9.63053545606769,-0.273492307181489,0.784584095550592,0.942298847276208,-5.63821459087135,FALSE
"O43897","Linear_Dose_Trend",-0.0129319017752834,9.74825856850589,-0.272813543393433,0.785119062593322,0.942298847276208,-5.57931475702726,FALSE
"Q9UKU9","Linear_Dose_Trend",0.0149123656287392,10.8524297525899,0.270598430255972,0.786807340402102,0.942298847276208,-5.64289239872142,FALSE
"Q13404","Linear_Dose_Trend",0.021226266514597,7.46645275315594,0.270146014829759,0.787195478037147,0.942298847276208,-5.5017925132031,FALSE
"P14618","Linear_Dose_Trend",0.0172790193937055,9.90762554767167,0.268426909983751,0.788477249208384,0.942298847276208,-5.64341110236826,FALSE
"Q9UL25","Linear_Dose_Trend",0.0163422335533771,6.81827425329881,0.267232401679477,0.789431968209389,0.942298847276208,-5.51958909213702,FALSE
"Q9UL46","Linear_Dose_Trend",-0.0143288104673627,7.71556122699062,-0.266933008448924,0.789628922246385,0.942298847276208,-5.63328469133737,FALSE
"P00966","Linear_Dose_Trend",0.0161961929583781,7.86739839602239,0.265382421249401,0.790825656480794,0.942298847276208,-5.62227880340842,FALSE
"P13646","Linear_Dose_Trend",-0.0146583754202102,12.9634269236569,-0.264420416019019,0.791560815577995,0.942298847276208,-5.64435715446954,FALSE
"Q04760","Linear_Dose_Trend",-0.0186446895592165,8.11450244942422,-0.261560294246967,0.79377415266024,0.942298847276208,-5.60650705919572,FALSE
"P26599","Linear_Dose_Trend",0.0221484353506534,7.0134085607361,0.261534733837066,0.793816943386262,0.942298847276208,-5.52427845690179,FALSE
"P62333","Linear_Dose_Trend",-0.0176264920164262,7.97530198225185,-0.260989187320316,0.794221400511143,0.942298847276208,-5.5727115971222,FALSE
"Q9BQS7","Linear_Dose_Trend",0.0161406385487313,8.93206688170446,0.260354891832415,0.794723446486937,0.942298847276208,-5.52125085738993,FALSE
"P60842","Linear_Dose_Trend",0.0172453103397572,7.57945332986004,0.260273466333534,0.79475857491841,0.942298847276208,-5.63336390767149,FALSE
"Q96MY7","Linear_Dose_Trend",0.0204116410710165,13.1682044792547,0.259175950299121,0.795604958848463,0.942298847276208,-5.63583032673927,FALSE
"P02652","Linear_Dose_Trend",0.0106170437584502,17.9693766328163,0.259067615624532,0.795685657534042,0.942298847276208,-5.64559891507371,FALSE
"P68402","Linear_Dose_Trend",-0.0150498987244929,7.93985334999542,-0.258867195728484,0.795848757539895,0.942298847276208,-5.61034601452687,FALSE
"P0DJI8","Linear_Dose_Trend",-0.0259382392411968,13.9628809768512,-0.258796350244384,0.795894846910731,0.942298847276208,-5.64566116824885,FALSE
"Q96P67","Linear_Dose_Trend",-0.0234852076682542,10.1279413159114,-0.257782336780598,0.79670757438722,0.942298847276208,-5.53252943087574,FALSE
"Q9NRW1","Linear_Dose_Trend",-0.0228735366181551,8.79400216046024,-0.257635842834709,0.796791545449104,0.942298847276208,-5.63813661176526,FALSE
"P40227","Linear_Dose_Trend",0.0195863012660591,7.60400439812665,0.257189097043626,0.797144013702196,0.942298847276208,-5.60295428058209,FALSE
"P25815","Linear_Dose_Trend",0.0250390260480407,7.70160159653353,0.254263820517444,0.799424167632776,0.942298847276208,-5.52937654433414,FALSE
"P0DMV8;P0DMV9","Linear_Dose_Trend",0.0138317172666194,9.49332050639304,0.254111583526721,0.799509866696077,0.942298847276208,-5.6467259976018,FALSE
"P05109","Linear_Dose_Trend",0.0222046712399879,11.374811309215,0.253868933387402,0.799697226833784,0.942298847276208,-5.64678062133842,FALSE
"Q15942","Linear_Dose_Trend",-0.0238400060910298,9.18954328451678,-0.253858964823778,0.799705507067744,0.942298847276208,-5.64562108357584,FALSE
"P61626","Linear_Dose_Trend",-0.0114873752195048,10.6027256520192,-0.251840867861493,0.801263630707264,0.942373780837711,-5.64723512532184,FALSE
"Q96H15","Linear_Dose_Trend",0.0122402755017616,9.5957987701903,0.251655169611918,0.801411494109852,0.942373780837711,-5.62734527465318,FALSE
"P43487","Linear_Dose_Trend",0.0194785579171211,8.53349385615196,0.251235127327802,0.801740594576016,0.942373780837711,-5.60619882050063,FALSE
"P01344","Linear_Dose_Trend",-0.0111713151738504,10.9390044867965,-0.248758938277836,0.803645722991975,0.942834305765538,-5.64675816371953,FALSE
"Q9H173","Linear_Dose_Trend",0.0127924390160747,7.05163453997535,0.248044713513789,0.804204649307056,0.942834305765538,-5.61561975560162,FALSE
"Q9HBI1","Linear_Dose_Trend",-0.0204474347979682,9.30077354214207,-0.247673219712383,0.804486030123556,0.942834305765538,-5.64300083468078,FALSE
"Q53RD9","Linear_Dose_Trend",0.0131464031510931,8.59774592693435,0.247316704544323,0.804762336301965,0.942834305765538,-5.64028186196887,FALSE
"P0C0L4","Linear_Dose_Trend",0.0162991531199218,13.6922299484283,0.245688719625953,0.806020205201071,0.943537121843539,-5.64859156957041,FALSE
"A6NL88","Linear_Dose_Trend",0.0186306436208448,9.38920501769363,0.244395669836746,0.807025120729807,0.943942922615451,-5.62025985446463,FALSE
"P22105","Linear_Dose_Trend",-0.0113047987821124,13.1904145222922,-0.24200562067356,0.808871277932433,0.944115055422535,-5.64938758156212,FALSE
"P67775","Linear_Dose_Trend",-0.0158586072609456,8.35020900472148,-0.239193011640822,0.811064658950148,0.944115055422535,-5.59026246042312,FALSE
"Q92765","Linear_Dose_Trend",-0.0140677475356097,8.10868573676018,-0.239072645252534,0.811158417163836,0.944115055422535,-5.57648515828019,FALSE
"P18206","Linear_Dose_Trend",0.0198638644497763,9.12417010865966,0.238534320799826,0.811560729950132,0.944115055422535,-5.65012681524248,FALSE
"O00186","Linear_Dose_Trend",-0.0152961603872405,6.78926712778496,-0.238069980444027,0.8119374734238,0.944115055422535,-5.57047156065974,FALSE
"Q9Y6W5","Linear_Dose_Trend",-0.0191148018657114,7.00052953994066,-0.237896330552106,0.812085584300262,0.944115055422535,-5.523022161016,FALSE
"P61586","Linear_Dose_Trend",0.0146798570351854,8.596973745022,0.237753063516229,0.812168357742492,0.944115055422535,-5.63676916031943,FALSE
"P68366","Linear_Dose_Trend",-0.0205457622287816,10.3547113227835,-0.237401180921301,0.81243931547518,0.944115055422535,-5.64907517496677,FALSE
"Q16378","Linear_Dose_Trend",-0.0210324379214847,10.1440730591816,-0.235672451330723,0.813790681126885,0.944887368611447,-5.59723336255043,FALSE
"A8MYB1","Linear_Dose_Trend",-0.0181593784946319,12.1465112764336,-0.234856037298671,0.814421748677649,0.944887368611447,-5.60394491351444,FALSE
"O00161","Linear_Dose_Trend",-0.0186281953046726,7.30420776889931,-0.233247241193312,0.815688834864634,0.945346260303738,-5.5392464502018,FALSE
"P06702","Linear_Dose_Trend",0.0192354747420208,11.6268807621307,0.230912353026572,0.817473774144068,0.945346260303738,-5.65171249667572,FALSE
"P60174","Linear_Dose_Trend",-0.0142371096341089,7.09476598543861,-0.229920125412071,0.818254365302372,0.945346260303738,-5.59937731100332,FALSE
"P48960","Linear_Dose_Trend",-0.00971226351429856,7.6216305410627,-0.229698507316625,0.818418027282772,0.945346260303738,-5.64571332961633,FALSE
"P00491","Linear_Dose_Trend",-0.0168202833588446,8.51993224103917,-0.229166573359432,0.818829786412894,0.945346260303738,-5.65206136805282,FALSE
"Q16643","Linear_Dose_Trend",-0.0193076927860624,6.81571424336733,-0.228717183679755,0.819204848450556,0.945346260303738,-5.53892431967997,FALSE
"P35612","Linear_Dose_Trend",0.0238770789061923,7.88962892276645,0.222951327839452,0.823672639543491,0.945346260303738,-5.60341283699357,FALSE
"A0A1B0GTC6","Linear_Dose_Trend",-0.0149815882850508,11.1880567286394,-0.222008599586543,0.824394406256034,0.945346260303738,-5.65349964932908,FALSE
"P50502","Linear_Dose_Trend",-0.0106544896996172,9.6494178406413,-0.221394357197567,0.824872686975151,0.945346260303738,-5.65102418259502,FALSE
"P21333","Linear_Dose_Trend",0.0195563584507117,10.0672036214897,0.220949361273196,0.825218645129006,0.945346260303738,-5.65370758280007,FALSE
"P35611","Linear_Dose_Trend",-0.0209780497051598,7.99141532554212,-0.220739076074152,0.825390516867391,0.945346260303738,-5.61259816903357,FALSE
"P22392","Linear_Dose_Trend",0.0166415775437546,7.5784641547145,0.2207322911824,0.825406224271017,0.945346260303738,-5.56317574649177,FALSE
"Q13247","Linear_Dose_Trend",-0.0123513262202528,7.94234157115541,-0.21970293169304,0.826217860694449,0.945346260303738,-5.52049508039306,FALSE
"P20073","Linear_Dose_Trend",-0.0144659339260277,7.05300774943943,-0.21932176190645,0.826496763801053,0.945346260303738,-5.59562944525574,FALSE
"P30050","Linear_Dose_Trend",-0.0154725495315906,7.46031952050682,-0.219056430517086,0.826716803748418,0.945346260303738,-5.53625359790621,FALSE
"P49721","Linear_Dose_Trend",-0.0143678611701961,7.08669169987332,-0.218735254649232,0.826960872029112,0.945346260303738,-5.57314308013879,FALSE
"P53990","Linear_Dose_Trend",0.0194835645468482,8.00666791547254,0.218519207914676,0.827137828928331,0.945346260303738,-5.52966933028078,FALSE
"Q08830","Linear_Dose_Trend",-0.0107718890251316,10.5343884455737,-0.218394442677207,0.827207530765616,0.945346260303738,-5.65420503404926,FALSE
"A2A3L6","Linear_Dose_Trend",-0.0281311825171222,11.137421059523,-0.21823900708278,0.827342787085908,0.945346260303738,-5.56737358778586,FALSE
"P49913","Linear_Dose_Trend",0.00902488400625407,10.6461035985805,0.21721333825619,0.82812734241932,0.945489338399128,-5.6544330439151,FALSE
"Q96EE4","Linear_Dose_Trend",-0.00799049572427587,8.58773230347274,-0.213826728285132,0.830766047874642,0.947747424544341,-5.655079968207,FALSE
"Q9H299","Linear_Dose_Trend",0.0152830162315214,8.93409782314612,0.211636065769627,0.832476239290306,0.948051845483222,-5.64483328414312,FALSE
"P18669","Linear_Dose_Trend",0.0143909328036802,7.67957005667091,0.211388726208445,0.832674298460846,0.948051845483222,-5.61938103894566,FALSE
"P0DP23;P0DP24;P0DP25","Linear_Dose_Trend",-0.0104159181219401,9.90508370868013,-0.210241691739932,0.833561603877547,0.948051845483222,-5.65446127750482,FALSE
"B0I1T2","Linear_Dose_Trend",-0.0091655127982177,7.3654303808682,-0.210095335866084,0.83367738992632,0.948051845483222,-5.64695897300098,FALSE
"P08779","Linear_Dose_Trend",-0.0195849671590593,10.4071294344381,-0.208170142922136,0.835179116803086,0.94811374553354,-5.64867022652589,FALSE
"Q9UN70","Linear_Dose_Trend",-0.0126772152652455,7.46155293047386,-0.208143141730477,0.835200842695989,0.94811374553354,-5.64075438056824,FALSE
"P49368","Linear_Dose_Trend",-0.0148479596381598,7.64874279870907,-0.207487165566107,0.835715323817569,0.94811374553354,-5.63230424475083,FALSE
"Q15084","Linear_Dose_Trend",-0.0144917830963858,7.75158321354771,-0.206453082734661,0.836521613539955,0.948278255981261,-5.63253216060592,FALSE
"P29350","Linear_Dose_Trend",-0.015063088041208,7.76326312547704,-0.20447701579807,0.838066059448463,0.948380282779915,-5.62251690073468,FALSE
"Q4LDE5","Linear_Dose_Trend",0.0119135285829839,10.6076096730931,0.204132100899988,0.838330185773062,0.948380282779915,-5.65687568493841,FALSE
"P62081","Linear_Dose_Trend",0.0131704094316565,6.82648193393613,0.203814156107826,0.838595675428823,0.948380282779915,-5.57092404496286,FALSE
"O15144","Linear_Dose_Trend",-0.016140695016616,8.186134411709,-0.202312977250256,0.839755065136107,0.948943075969407,-5.63759189216568,FALSE
"Q9BXR6","Linear_Dose_Trend",0.0110060396404352,9.66104560175177,0.19670892867258,0.844132524074506,0.953138613797513,-5.65585413539707,FALSE
"P50225","Linear_Dose_Trend",0.016079366638526,7.33280831682041,0.193416356039128,0.846723252997079,0.954107430147401,-5.58625806873679,FALSE
"P13686","Linear_Dose_Trend",0.0104196664534695,7.36307304179888,0.192832743326468,0.847180439397305,0.954107430147401,-5.56982279383179,FALSE
"P08319","Linear_Dose_Trend",0.0141084671628039,10.3536398454033,0.192272776071004,0.847603652143455,0.954107430147401,-5.65895910209459,FALSE
"Q8WVN8","Linear_Dose_Trend",-0.022996059185696,10.9107653093074,-0.192223862400954,0.847651928875724,0.954107430147401,-5.59405963501385,FALSE
"P35749","Linear_Dose_Trend",0.0200827819203575,9.52261335525981,0.190973249718894,0.848645502865007,0.954476589104643,-5.53966746817874,FALSE
"P30044","Linear_Dose_Trend",0.0147801662590953,7.52641254497419,0.189435219317832,0.849833385546571,0.955063538302337,-5.60770916317717,FALSE
"P36915","Linear_Dose_Trend",0.0162828986937311,6.89470262497097,0.186898111381434,0.851840086307446,0.956301545893167,-5.53108731685728,FALSE
"P09668","Linear_Dose_Trend",-0.0100665922797947,8.82305503641306,-0.186321672183865,0.852268741737425,0.956301545893167,-5.64069037345661,FALSE
"Q13214","Linear_Dose_Trend",-0.010025339538771,7.88766559113989,-0.184355739694328,0.853814472072803,0.957286906139484,-5.60811784152417,FALSE
"Q6YHK3","Linear_Dose_Trend",-0.00795054938522316,9.54395502397012,-0.182476822291819,0.855279703653017,0.958180542998771,-5.66058603291765,FALSE
"O00151","Linear_Dose_Trend",-0.0171883816150553,9.42881383333041,-0.181034351734616,0.856415212849139,0.958702072556093,-5.63393967392854,FALSE
"Q01546","Linear_Dose_Trend",-0.0172922829846621,10.0824458163479,-0.180198450746998,0.857082327068975,0.958702072556093,-5.57352129654639,FALSE
"P28070","Linear_Dose_Trend",0.0132996408999654,7.12327044596719,0.179231808511137,0.85784674163277,0.9588092186293,-5.55156647726935,FALSE
"P06454","Linear_Dose_Trend",-0.00779339391113342,10.8460514353362,-0.177823741770761,0.858931366786421,0.959273816177359,-5.6573080307586,FALSE
"P17858","Linear_Dose_Trend",0.0126724654259345,6.98373957697861,0.176466610522192,0.860002800685226,0.959722969791918,-5.61512047919723,FALSE
"Q14254","Linear_Dose_Trend",0.0110056581703906,7.84812861760817,0.173428920492327,0.862382880829038,0.96163067737857,-5.65268574585668,FALSE
"Q96DA0","Linear_Dose_Trend",-0.00990135195848916,8.40210118876741,-0.170791664267464,0.864455899333013,0.963193286436317,-5.649427036912,FALSE
"Q15691","Linear_Dose_Trend",0.0161647131681038,7.53935632871841,0.169805920694577,0.865242503911793,0.963321234945273,-5.57282010401096,FALSE
"Q14118","Linear_Dose_Trend",-0.00798794440270464,9.26371366766278,-0.165721866356785,0.868440287556177,0.966131398258773,-5.66317160133551,FALSE
"P05062","Linear_Dose_Trend",0.0246176136823867,9.25785699932758,0.164726946924609,0.86923461101916,0.966265451318974,-5.5781173845299,FALSE
"Q08495","Linear_Dose_Trend",0.0139302930632944,8.89784463417336,0.16183419499652,0.871503041394198,0.9680366857934,-5.63966859785231,FALSE
"P62942","Linear_Dose_Trend",0.0092345208463358,7.93440616698103,0.158747312165913,0.873933144015382,0.969413466162718,-5.6416600705638,FALSE
"P05198","Linear_Dose_Trend",-0.0118004431136299,6.91544542132137,-0.158561095161557,0.874094568862199,0.969413466162718,-5.54780709809402,FALSE
"Q14019","Linear_Dose_Trend",0.0139710789302301,7.91779830501664,0.155221446274549,0.87671230967093,0.971565264349392,-5.62491469030481,FALSE
"O75340","Linear_Dose_Trend",0.00767400985891052,8.92749489220785,0.153349728366146,0.878182013919393,0.972289916289198,-5.66492113808559,FALSE
"P98164","Linear_Dose_Trend",-0.0137826376924678,10.2936522238606,-0.152661408329201,0.878735487517913,0.972289916289198,-5.58034896858764,FALSE
"Q9UBV8","Linear_Dose_Trend",0.00887325472737306,6.73329936962312,0.151820900864281,0.879400293882211,0.972289916289198,-5.57173931106414,FALSE
"P62328","Linear_Dose_Trend",-0.010359483117244,11.2201941674369,-0.148440977221476,0.882052790521728,0.974471264721231,-5.66427392721461,FALSE
"P98066","Linear_Dose_Trend",-0.0104921238903434,7.79306000620868,-0.14719905901184,0.883050837026304,0.974822863968992,-5.51868550300202,FALSE
"O43488","Linear_Dose_Trend",0.0106273893639016,7.07182046940648,0.144572462051385,0.885118509870661,0.975681864440885,-5.57239640103111,FALSE
"Q9NQH7","Linear_Dose_Trend",-0.00773212878157707,10.8062055956534,-0.143626355560154,0.885853200586488,0.975681864440885,-5.64833726481013,FALSE
"O75083","Linear_Dose_Trend",-0.0117256292889943,9.19857322579188,-0.143602358131182,0.885870144701557,0.975681864440885,-5.66620396245981,FALSE
"P24592","Linear_Dose_Trend",-0.0066133728094595,9.98929400783351,-0.140697488198423,0.888163553165719,0.975936728687815,-5.66540368776683,FALSE
"Q86SQ4","Linear_Dose_Trend",0.00533439270888932,7.91326394209216,0.140234766513994,0.888528839500514,0.975936728687815,-5.6666275895967,FALSE
"P02654","Linear_Dose_Trend",0.00559224544989479,17.1817592442441,0.138980494870898,0.889519403141999,0.975936728687815,-5.66678280203403,FALSE
"P30626","Linear_Dose_Trend",-0.0110111936460362,7.82879556951052,-0.138093279594287,0.890233728152806,0.975936728687815,-5.5568783762071,FALSE
"P28838","Linear_Dose_Trend",-0.011603355938746,6.70490601472667,-0.137787438013027,0.890470502687631,0.975936728687815,-5.5968400934342,FALSE
"Q9NP58","Linear_Dose_Trend",0.00865481948432324,8.76581546089339,0.137507013041852,0.890686571505074,0.975936728687815,-5.63960948917421,FALSE
"P23526","Linear_Dose_Trend",0.0100862712868224,8.03183262475543,0.13728165399378,0.89086553546189,0.975936728687815,-5.62851310272648,FALSE
"P07203","Linear_Dose_Trend",-0.0088258292573565,8.65944250607567,-0.133706410192116,0.893687102358956,0.978280385330338,-5.66076872722513,FALSE
"O60610","Linear_Dose_Trend",0.0109381203423496,7.52951399127403,0.129682146329341,0.896873545463594,0.979790444765146,-5.62559321312961,FALSE
"Q9Y490","Linear_Dose_Trend",-0.0116263496278027,10.252932011198,-0.129172249431139,0.897271331702623,0.979790444765146,-5.66794845889036,FALSE
"Q99895","Linear_Dose_Trend",0.00932486118108757,9.29654255500529,0.127164063443688,0.898875805888672,0.979790444765146,-5.53718372579214,FALSE
"Q93008","Linear_Dose_Trend",0.00912886048755846,6.39835283522996,0.125742720871611,0.899997117461235,0.979790444765146,-5.56376763953625,FALSE
"P30086","Linear_Dose_Trend",-0.00840440940147602,7.91745905845327,-0.125006416062565,0.900569772939585,0.979790444765146,-5.63973669607544,FALSE
"P05997","Linear_Dose_Trend",-0.00840952244817487,7.77790539863726,-0.124835054040572,0.900710548942415,0.979790444765146,-5.59227034990129,FALSE
"Q9H4B7","Linear_Dose_Trend",0.0121959595308934,9.61681593635641,0.12477483074283,0.900750344150157,0.979790444765146,-5.6657387240197,FALSE
"Q15833","Linear_Dose_Trend",0.0114944725822983,7.2884459124441,0.12457120978701,0.900917242386501,0.979790444765146,-5.60958067841922,FALSE
"Q7L576","Linear_Dose_Trend",0.00860863781666093,7.06837324067094,0.124190409582411,0.901215897242139,0.979790444765146,-5.63320944778674,FALSE
"O60240","Linear_Dose_Trend",0.00783512656150412,6.78003423531578,0.122845817582062,0.902283592491362,0.980155437050345,-5.60996213203501,FALSE
"Q9HDC9","Linear_Dose_Trend",0.00647033936523668,13.598423170542,0.12123059126014,0.903555254371681,0.980155437050345,-5.66882981160255,FALSE
"P10321","Linear_Dose_Trend",0.00734874897033975,8.15859303886515,0.121180104447468,0.903602153263986,0.980155437050345,-5.6097982080595,FALSE
"P37837","Linear_Dose_Trend",0.00830448258535606,8.20036113124803,0.119530504659429,0.904902173724405,0.980823671293119,-5.65710661381847,FALSE
"P36383","Linear_Dose_Trend",0.0102358556957343,10.3237257584624,0.118499025041736,0.905726633410104,0.980868597349876,-5.58251420994785,FALSE
"P01833","Linear_Dose_Trend",-0.00653295300467802,9.01119587924755,-0.11747091903868,0.906532626533775,0.980868597349876,-5.6640310415193,FALSE
"Q9BX67","Linear_Dose_Trend",-0.0107720181731854,8.84899437266257,-0.116068275987846,0.90765118484388,0.980868597349876,-5.59526231169037,FALSE
"Q92530","Linear_Dose_Trend",0.00887455922022531,8.05557693931165,0.113086745898696,0.910014232977437,0.980868597349876,-5.57844088404581,FALSE
"Q8IUL8","Linear_Dose_Trend",-0.00529611993587714,7.80778526917754,-0.112837440705527,0.910203008484842,0.980868597349876,-5.66970051103867,FALSE
"Q15113","Linear_Dose_Trend",-0.00508211509470198,11.7487329708412,-0.11280714039143,0.910227019412627,0.980868597349876,-5.66970354125824,FALSE
"P61978","Linear_Dose_Trend",-0.00876893516707817,7.4412428072953,-0.112737387200277,0.910285055371023,0.980868597349876,-5.6386563301551,FALSE
"P61160","Linear_Dose_Trend",0.00812806472047915,8.47895240766827,0.110169708795517,0.912318065734742,0.980868597349876,-5.6607788969714,FALSE
"P01780","Linear_Dose_Trend",-0.00836668155563432,14.6375811353363,-0.110120099038354,0.912356640454357,0.980868597349876,-5.66996902616481,FALSE
"Q76LX8","Linear_Dose_Trend",0.0053593750117928,9.86551978752602,0.110069445181642,0.912396792401157,0.980868597349876,-5.66997396940645,FALSE
"P01732","Linear_Dose_Trend",-0.00872529854800239,7.65808385097297,-0.10999058780872,0.912467718873595,0.980868597349876,-5.57538127517351,FALSE
"P16401","Linear_Dose_Trend",0.00892960140149489,9.24382771811394,0.107912084617099,0.914107649399354,0.981895407669419,-5.66042191115193,FALSE
"Q9NT22","Linear_Dose_Trend",-0.00558546616913398,7.74446129949712,-0.10579048034702,0.915792449579405,0.982968841838972,-5.6385157186852,FALSE
"P50995","Linear_Dose_Trend",0.00958737433340947,7.01481876405097,0.103920027165452,0.917286692018918,0.983111836111793,-5.52898069869369,FALSE
"O15143","Linear_Dose_Trend",-0.0160165828336347,8.91068287210991,-0.10389672536567,0.917296817794685,0.983111836111793,-5.60603109122716,FALSE
"Q15063","Linear_Dose_Trend",-0.00733456485342693,10.709472053943,-0.10221917415137,0.918622138279755,0.983796972586384,-5.6707125787153,FALSE
"Q04917","Linear_Dose_Trend",0.00769138180848542,7.50379226446109,0.100133857510222,0.920279375946362,0.98414205920799,-5.63829336069039,FALSE
"O14672","Linear_Dose_Trend",0.00537647889703201,8.30483304986782,0.100083386238726,0.92031694658153,0.98414205920799,-5.6671225356459,FALSE
"P62993","Linear_Dose_Trend",0.0076325390303718,6.88449824470963,0.099122947562698,0.921090850930465,0.98423567826698,-5.54594627831516,FALSE
"Q92954","Linear_Dose_Trend",0.00495955813433309,12.2104989802304,0.0972204245703888,0.922588831483665,0.984640788393742,-5.67115443132761,FALSE
"P12821","Linear_Dose_Trend",0.00446472656664763,8.01600293478439,0.0969000782634899,0.922843249373214,0.984640788393742,-5.66859663540586,FALSE
"P00734","Linear_Dose_Trend",0.00672226541055854,15.8738402308554,0.095565572934541,0.923902448111878,0.985038000440471,-5.6712958282049,FALSE
"Q96QR1","Linear_Dose_Trend",-0.00544197284228931,10.4275843966354,-0.0938469096758279,0.925268997881935,0.985149168929986,-5.64967362840429,FALSE
"O75822","Linear_Dose_Trend",0.00595269801095215,7.62857991580282,0.0937108227997722,0.925380704706201,0.985149168929986,-5.59820749418205,FALSE
"Q14974","Linear_Dose_Trend",0.00648351487419032,7.21598189421336,0.0922893261795493,0.92650515742323,0.985614536902754,-5.65263753343284,FALSE
"O60664","Linear_Dose_Trend",-0.0049733328561427,7.24963252769914,-0.0902398889533394,0.928132177853635,0.986613449252863,-5.65800525689204,FALSE
"P63208","Linear_Dose_Trend",-0.0064328672014478,7.76716078842158,-0.0863465883823262,0.931232783295541,0.989176156478375,-5.56061984791974,FALSE
"O75955","Linear_Dose_Trend",0.00559920583108011,7.34043308252422,0.084481557969149,0.932706802999985,0.990008553295321,-5.6614880610713,FALSE
"P13639","Linear_Dose_Trend",0.00446661004501069,7.58573492878894,0.0835576046343583,0.933440664424715,0.99002617251895,-5.66718027496682,FALSE
"P15531","Linear_Dose_Trend",0.00543601184643668,8.38759452844259,0.0812149892409744,0.935303049533404,0.99002617251895,-5.65938771598999,FALSE
"P28072","Linear_Dose_Trend",-0.00423809228716354,7.45889430859989,-0.0792975299729666,0.936829110221013,0.99002617251895,-5.63842948291872,FALSE
"P52907","Linear_Dose_Trend",-0.00462846911195831,9.00731496348031,-0.0780719525180123,0.937801042917777,0.99002617251895,-5.67003279236951,FALSE
"P17301","Linear_Dose_Trend",-0.00360145718865254,8.34975047225922,-0.0770408749412152,0.938620679607836,0.99002617251895,-5.67271297571521,FALSE
"P12931","Linear_Dose_Trend",-0.00698331128169293,7.22612233679061,-0.0759082520451595,0.939528006896668,0.99002617251895,-5.56699063240652,FALSE
"P20774","Linear_Dose_Trend",-0.00417115774042431,8.57232892003858,-0.0758945880454834,0.939532569079609,0.99002617251895,-5.67041308322106,FALSE
"P17987","Linear_Dose_Trend",-0.00563770965857089,7.29588099044236,-0.0753342666354441,0.939979970833614,0.99002617251895,-5.6379538020552,FALSE
"P54578","Linear_Dose_Trend",-0.00554454993584466,8.16321289748288,-0.0743217000060298,0.940784333867864,0.99002617251895,-5.65136795481018,FALSE
"P12814","Linear_Dose_Trend",0.00616255565914029,9.12387050747892,0.0742491006687509,0.940840748025693,0.99002617251895,-5.67290017278526,FALSE
"O75874","Linear_Dose_Trend",0.00423813675487792,8.12115255390187,0.0729873326784404,0.941844443664261,0.99002617251895,-5.66908931514214,FALSE
"P08758","Linear_Dose_Trend",0.00479126875338896,7.75782089143804,0.0714790049018448,0.943044962900141,0.99002617251895,-5.65738551881061,FALSE
"O95466","Linear_Dose_Trend",-0.00413121246024751,6.12674271442572,-0.0712705922194161,0.943215330461373,0.99002617251895,-5.58349259697475,FALSE
"P0DJI9","Linear_Dose_Trend",-0.00662221410535169,11.2077247000343,-0.0694599659965538,0.944650217271243,0.99002617251895,-5.67320520824605,FALSE
"P35268","Linear_Dose_Trend",0.00450793952862523,8.02288120795457,0.068273638015168,0.94560009441365,0.99002617251895,-5.57806862889419,FALSE
"P60709","Linear_Dose_Trend",-0.00494885958656788,14.174590185557,-0.0666337282875032,0.946898921176978,0.99002617251895,-5.67337568151957,FALSE
"Q14204","Linear_Dose_Trend",0.00727354115463919,7.16584093064545,0.0658787487551106,0.94750410097771,0.99002617251895,-5.60230884540272,FALSE
"P24666","Linear_Dose_Trend",-0.00478976061550025,8.17394931800359,-0.0657796197851897,0.947584091579478,0.99002617251895,-5.59007577619873,FALSE
"Q15435","Linear_Dose_Trend",-0.00436770005090714,6.66332465729433,-0.0653368864443968,0.94793595089822,0.99002617251895,-5.59586164629652,FALSE
"Q8IWU5","Linear_Dose_Trend",0.00384829470537376,7.55484870945816,0.0651432011834794,0.948089259310617,0.99002617251895,-5.59925145343227,FALSE
"Q05682","Linear_Dose_Trend",0.00563092083934986,7.03747676900579,0.0641789512848197,0.948855636726572,0.99002617251895,-5.61382686231591,FALSE
"P11150","Linear_Dose_Trend",-0.00267987332137582,8.10982505289736,-0.0640324324920235,0.948970113039039,0.99002617251895,-5.65587940347847,FALSE
"P18428","Linear_Dose_Trend",0.00348030785130163,12.3409508522869,0.0638810096846605,0.949089537469841,0.99002617251895,-5.67353491387935,FALSE
"Q9Y376","Linear_Dose_Trend",0.00405039970349523,6.89473151519236,0.0636321290808017,0.949292878112661,0.99002617251895,-5.58437826968094,FALSE
"P50991","Linear_Dose_Trend",0.00513047208702663,8.07318497551057,0.0612012039073956,0.951223442149232,0.990734933080097,-5.65612590216869,FALSE
"P49189","Linear_Dose_Trend",0.00350598015982879,6.90590580374477,0.0607055878894584,0.951623949112429,0.990734933080097,-5.56512865524962,FALSE
"P50281","Linear_Dose_Trend",0.00383887782275389,9.31553080600294,0.0601682832046228,0.952045144898447,0.990734933080097,-5.66287091278546,FALSE
"P31948","Linear_Dose_Trend",0.00439721271683633,8.38158587049783,0.0580063064303786,0.953766250807438,0.99180623905574,-5.66754384412549,FALSE
"P62937","Linear_Dose_Trend",-0.00308057623891844,11.0535058900831,-0.0535741400985173,0.957295048479834,0.994754419942089,-5.6740714630565,FALSE
"P47755","Linear_Dose_Trend",-0.00339511643538098,7.99623947395014,-0.0523113810229396,0.958302921220228,0.994997850778797,-5.62130902309537,FALSE
"P01008","Linear_Dose_Trend",0.0026924422645988,11.5571065903026,0.0490611465965674,0.960889416308098,0.994997850778797,-5.674276755459,FALSE
"P14780","Linear_Dose_Trend",0.00337392607883237,8.19688136185422,0.0482586377020015,0.961528766715858,0.994997850778797,-5.67017958310439,FALSE
"Q9Y5Y7","Linear_Dose_Trend",0.002418251853344,11.5213894157876,0.0481831355502807,0.961588802016524,0.994997850778797,-5.67431459760701,FALSE
"P54577","Linear_Dose_Trend",-0.00405638360987981,8.01287685759732,-0.0476281232384898,0.962033577416361,0.994997850778797,-5.61805394871519,FALSE
"P05090","Linear_Dose_Trend",-0.0017833622087717,12.5090928069042,-0.0457517215710553,0.963525714520529,0.994997850778797,-5.67441582488517,FALSE
"Q9UBP0","Linear_Dose_Trend",0.0035957235768043,13.8737837886197,0.0444830225864373,0.964538051831291,0.994997850778797,-5.6377518820793,FALSE
"Q15366","Linear_Dose_Trend",-0.00320040293353732,7.52903571261691,-0.0444823885386776,0.964539548568963,0.994997850778797,-5.60935556993418,FALSE
"P04070","Linear_Dose_Trend",0.00201110012517509,14.313624815426,0.0441015309214156,0.964840412739577,0.994997850778797,-5.67448154222427,FALSE
"P78371","Linear_Dose_Trend",0.00289037008628141,7.32778451365005,0.0426677748222234,0.965983344518187,0.994997850778797,-5.65680393708449,FALSE
"Q99435","Linear_Dose_Trend",0.00256957581862569,9.42658302999995,0.0421317208127525,0.966410128262083,0.994997850778797,-5.6643211329175,FALSE
"P35579","Linear_Dose_Trend",-0.00390717596216374,10.4092629794847,-0.0420800477549101,0.966451048036598,0.994997850778797,-5.67455875635239,FALSE
"P05155","Linear_Dose_Trend",-0.00202386146086445,14.0209567069648,-0.0419564676595604,0.966549516133099,0.994997850778797,-5.67456335922384,FALSE
"Q3ZCW2","Linear_Dose_Trend",0.00393245989236721,7.55340015552602,0.0396906003246547,0.968359130388479,0.99613794823946,-5.57976512559312,FALSE
"O15145","Linear_Dose_Trend",0.00272075303821567,8.17446424303002,0.0388235504699501,0.969046330400311,0.99613794823946,-5.66706726256727,FALSE
"P01699","Linear_Dose_Trend",-0.00302018815882385,11.9357588006023,-0.0371667036743686,0.970366386842773,0.9965355020575,-5.67356258026104,FALSE
"Q13576","Linear_Dose_Trend",0.00571004577822022,11.1940241837744,0.0365939699617474,0.970822940288931,0.9965355020575,-5.67072189223133,FALSE
"P59998","Linear_Dose_Trend",0.0023260230469614,9.1363183887628,0.0337997377496189,0.97304984804093,0.997147070958938,-5.67366845043901,FALSE
"Q99439","Linear_Dose_Trend",0.0030018554170113,7.57163938586845,0.0331603562899437,0.973561392808984,0.997147070958938,-5.61003750951493,FALSE
"Q9BWS9","Linear_Dose_Trend",0.00193892164838011,7.10301008932266,0.0318670710936235,0.974592229449132,0.997147070958938,-5.60551166523269,FALSE
"O75223","Linear_Dose_Trend",0.00174991919732813,7.46750190751441,0.0316761408863521,0.974743415902388,0.997147070958938,-5.64103228193965,FALSE
"P14770","Linear_Dose_Trend",0.00177182666304502,8.45709886456755,0.0298148073330943,0.976226677807509,0.997147070958938,-5.65723743085694,FALSE
"P08754","Linear_Dose_Trend",-0.0017701154257932,7.60478556702703,-0.0288198571430615,0.977021164453438,0.997147070958938,-5.600515295144,FALSE
"P07738","Linear_Dose_Trend",-0.00310590428660669,8.43357348372746,-0.028191875550769,0.97752106629318,0.997147070958938,-5.62837451041281,FALSE
"O75347","Linear_Dose_Trend",-0.00227506837367254,7.5960979704737,-0.0278419480266713,0.977802002271108,0.997147070958938,-5.57111304494883,FALSE
"Q16610","Linear_Dose_Trend",-0.00121983653675303,12.6541553213645,-0.0264171759159498,0.978934735580642,0.997147070958938,-5.67503426360072,FALSE
"Q9UI15","Linear_Dose_Trend",0.00225029020696933,8.40302724159308,0.0256759740488203,0.979527735513092,0.997147070958938,-5.58884055537145,FALSE
"P23141","Linear_Dose_Trend",0.00110119751645882,6.36581929569364,0.0246275624750391,0.980361807542226,0.997147070958938,-5.65792909108222,FALSE
"P52566","Linear_Dose_Trend",0.00146081367140308,8.90501773137236,0.0220443403651381,0.982421162634642,0.997147070958938,-5.66881784592062,FALSE
"P21291","Linear_Dose_Trend",0.00124716589266191,8.92737837303985,0.0205415938300743,0.983619324056151,0.997147070958938,-5.66954467407732,FALSE
"P28300","Linear_Dose_Trend",0.00142580471287871,7.44752841850495,0.0195563705129161,0.984406607115033,0.997147070958938,-5.57107880423023,FALSE
"P20618","Linear_Dose_Trend",-0.00124134985847277,7.57510109498544,-0.0191429284461197,0.98473542819853,0.997147070958938,-5.62063635812994,FALSE
"P25705","Linear_Dose_Trend",0.00202200998473276,7.65840412746712,0.0185151150857425,0.985235935762714,0.997147070958938,-5.6165257766163,FALSE
"P61158","Linear_Dose_Trend",-0.00113971147276518,7.72470077544232,-0.0173401036707896,0.986172131727847,0.997147070958938,-5.6630311716675,FALSE
"P00325","Linear_Dose_Trend",-0.00113044774929995,8.53607392474214,-0.0161301741540072,0.987137084323991,0.997147070958938,-5.64302866847839,FALSE
"Q9Y6B6","Linear_Dose_Trend",0.000921125659570492,8.4033985635945,0.0159573117139946,0.987274947138173,0.997147070958938,-5.65030594188184,FALSE
"Q5H9R7","Linear_Dose_Trend",0.00121313532596038,6.2024474221783,0.0153749655302546,0.987740575590154,0.997147070958938,-5.5652253042941,FALSE
"O75897","Linear_Dose_Trend",0.00180429333239959,11.1202022555596,0.0141461197523053,0.988720002509674,0.997147070958938,-5.60124076072973,FALSE
"P02766","Linear_Dose_Trend",0.000547352395459813,13.3302924385239,0.0134397917708171,0.989282078408507,0.997147070958938,-5.67526351127282,FALSE
"Q9ULF5","Linear_Dose_Trend",-0.00131243420928311,9.85140039964801,-0.0123895820501748,0.990119958659472,0.997147070958938,-5.63513423081702,FALSE
"Q9Y5C1","Linear_Dose_Trend",-0.000519865303713444,9.13955679989305,-0.0122128824271449,0.990260458909636,0.997147070958938,-5.67527746078084,FALSE
"P20062","Linear_Dose_Trend",0.000580616252566903,7.51364105882447,0.0119830733683865,0.990443970347374,0.997147070958938,-5.64664523344034,FALSE
"P01859","Linear_Dose_Trend",-0.000763438983148511,17.0919342032285,-0.0114551474921912,0.990864710728532,0.997147070958938,-5.67528540942798,FALSE
"P55058","Linear_Dose_Trend",-0.000551125247301289,14.1603260055939,-0.0110793042850945,0.991164426928481,0.997147070958938,-5.67528916319673,FALSE
"P14649","Linear_Dose_Trend",-0.000974555199514977,10.3756028741508,-0.0103057366083163,0.991781438037537,0.997147070958938,-5.66470522410984,FALSE
"P37802","Linear_Dose_Trend",-0.0009289999667745,9.39007492845621,-0.0103033037054091,0.991783267843074,0.997147070958938,-5.67399707916919,FALSE
"P00747","Linear_Dose_Trend",0.000520624209070954,15.1152510353278,0.00968096056080163,0.992279546902653,0.997147070958938,-5.67530202970359,FALSE
"P18577","Linear_Dose_Trend",-0.000534338687348733,9.71054162221855,-0.00634006724073393,0.994943902425329,0.998520153316474,-5.65962753848453,FALSE
"Q99996","Linear_Dose_Trend",0.000417662463345509,9.79577081314168,0.00552608835776802,0.99559334257516,0.998520153316474,-5.60524564964137,FALSE
"P21589","Linear_Dose_Trend",0.000177828875528055,7.1587932737054,0.003557297957022,0.997163306295263,0.998520153316474,-5.5826769301988,FALSE
"P78417","Linear_Dose_Trend",-0.000251491743610211,9.64712903841864,-0.00355581433219593,0.997164249085239,0.998520153316474,-5.6716821947639,FALSE
"Q13177","Linear_Dose_Trend",-0.0002081306714976,7.05355052394308,-0.00323010213965306,0.997424115748363,0.998520153316474,-5.62969196571468,FALSE
"P00740","Linear_Dose_Trend",0.000153444227429453,14.5960564092345,0.00272873387786379,0.997823835217927,0.998520153316474,-5.67534026803156,FALSE
"P04439","Linear_Dose_Trend",4.91819104293195e-05,10.265000122105,0.00110453283877865,0.999119134341801,0.999119134341801,-5.67534302748294,FALSE
