"PG.ProteinGroups","O00468","O14594","O14786","O15335","O15466","O60279","O75487","O75752","O75787","O94985","O95196","O95967","P01011","P04004","P05019","P05090","P05387","P06734","P07359","P07585","P08294","P08493","P09603","P09619","P12109","P12111","P13591","P13611","P13942","P16112","P19256","P22466","P26022","P28906","P35052","P35443","P39059","P49641","P49746","P49747","P55290","P78539","P98160","Q06828","Q08378","Q0VD83","Q13103","Q13316","Q13740","Q14515","Q14520","Q14956","Q16706","Q53EL9","Q5JRA6","Q6P4E1","Q6Q788","Q6UVK1","Q6UWP8","Q6YHK3","Q6ZRP7","Q7LGC8","Q8IUX7","Q8IZF2","Q8NG11","Q8TB73","Q8WWA0","Q92696","Q92752","Q92859","Q99715","Q99983","Q9BV94","Q9BYH1","Q9H0B8","Q9H251","Q9H2X3","Q9HCM3","Q9NR99","Q9NZ53","Q9UHF0","Q9UKM7","Q9Y240","Q9Y274","Q9Y624"
"O00468",1,0.6857650194149,0.654959843716084,0.659296240021224,0.634389696838145,0.57935569061573,0.711888310059571,0.524955095479858,0.678960760195837,0.712064370643706,0.530834072043866,0.397401900489593,0.553398210452693,0.714385717386586,0.366511185381094,0.476211923883945,0.558026306668439,0.572930211040692,0.616322986759279,0.813333574512216,0.531081325519138,0.709924511009816,0.730119021778453,0.476117864119818,0.719197839037214,0.62171876130526,0.707332440971469,0.718799893881292,0.599474832983624,0.681748788076116,0.525864556518925,0.364846128581388,0.601035260352604,0.654009993253136,0.643271712128886,0.696733232038203,0.606317680823867,0.683567879796445,0.678740684465668,0.661726720208379,0.589900031353255,0.704150688565709,0.791418252417818,0.745796252080168,0.493797423748871,0.661290789378482,0.701480235390589,0.51654687288346,0.495245158333936,0.666600945421219,0.675619829727709,0.479861501680707,0.533270626823915,0.488547032869163,0.645874032269734,0.70624894484239,0.388245544220148,0.668413404722282,0.524094373296674,0.605752116344693,0.463280515158093,0.715540964233172,0.725209825627668,0.585935653474182,0.294356235217341,0.680437017455452,0.51856534741818,0.596216850044591,0.475732011250768,0.701351204688518,0.692343173431734,0.589907266719726,0.482669737689221,0.744996141137882,0.379706537684135,0.627021681981526,0.432769676489668,0.706768082386706,0.731270047994597,0.591872271663893,0.449901030638913,0.516216868051033,0.717169524636423,0.635516605166052,0.40362350213014
"O14594",0.6857650194149,1,0.81659190121313,0.787504522104045,0.662921761570557,0.683503364445409,0.725226708149434,0.63440937366421,0.634622434459639,0.849040108048139,0.693442830640012,0.447826375322577,0.579595060656489,0.752533584159371,0.433535965516927,0.55407773195379,0.500188421572171,0.589486730112219,0.682094276825121,0.789105346935822,0.598271953307768,0.718667245495984,0.776268600921303,0.550963509635096,0.651254733135567,0.589164435762005,0.817699515230446,0.777637894025999,0.724881822347635,0.725276752767528,0.614905013499224,0.336842840832953,0.62240973880327,0.637259506825181,0.615041723946651,0.726649663555459,0.707446397993392,0.81110387574464,0.731250753684007,0.693441743240962,0.657929358705352,0.746599980705689,0.795014832501266,0.792109832863034,0.479354550333245,0.707255263729108,0.713549429611943,0.683348812719744,0.494997347032294,0.73155644791742,0.686881677640306,0.611469712450775,0.594575283988134,0.530725192001078,0.567214142729663,0.814569616284398,0.362998335865712,0.727631261606734,0.573859223886356,0.646371463714637,0.578959554301425,0.72726768444155,0.75113233485276,0.674787762583508,0.193829624750584,0.641440686400084,0.522852904999638,0.627467623592459,0.557360000743868,0.790278682198587,0.728531461785206,0.756157899814292,0.48709960416618,0.827278537491257,0.405086546645991,0.64308540144225,0.416757762216887,0.669168294624123,0.767811060463546,0.687850613800256,0.422457963119452,0.586581409931746,0.742653088295589,0.609961893736584,0.392146305182599
"O14786",0.654959843716084,0.81659190121313,1,0.759906422593638,0.592718809541037,0.690214166847551,0.656448520367557,0.565213301747023,0.609586860574488,0.756190458963413,0.595350590091913,0.485683018594892,0.503650242384777,0.72592733280274,0.38615295936392,0.440463786990811,0.477418654642013,0.614611852308865,0.693478523020524,0.787625111545233,0.548829076526059,0.730823264114994,0.727413597665388,0.485071630128066,0.568167402262258,0.544161662204857,0.807463883462364,0.719163471046475,0.679065673009671,0.645049200492005,0.53053217004434,0.26504616300606,0.575440151460338,0.652886098983609,0.601050936979958,0.703240238284736,0.710971830306538,0.782048452837469,0.771859850951451,0.738580179919446,0.61419337722789,0.72968550273738,0.780280611629646,0.774574319272604,0.380776265458068,0.681973084436727,0.619919566842727,0.643970021228828,0.469065793599112,0.731294165882835,0.71759942599426,0.652756777472192,0.608904927284567,0.405819890577867,0.490785760798784,0.818898777223066,0.389033596218315,0.786521718158358,0.591421870101054,0.601571883365892,0.539086655572438,0.736127390685672,0.750944818271712,0.693589465306418,0.12732217796229,0.561619882849557,0.488488531944143,0.625201221821011,0.545134345227427,0.781768082386706,0.735203072618961,0.721475773581265,0.481987802343441,0.741491811976943,0.483371797945328,0.577932735209705,0.397023843620945,0.626548368424861,0.795696765791187,0.556430431951378,0.432116243501001,0.554071099534525,0.70586848515544,0.57325687962762,0.294434870912374
"O15335",0.659296240021224,0.787504522104045,0.759906422593638,1,0.678804596869498,0.682163012806599,0.697373561970914,0.541239503436598,0.651867327496804,0.789692014567205,0.677536795629661,0.409714082434942,0.669659696596966,0.812420712442419,0.408605093996732,0.482498251453103,0.526644015884071,0.591488683833218,0.729850710271809,0.747662976629766,0.579627016858404,0.807971565009768,0.79022019631961,0.564051081687287,0.628918553891421,0.585167498733811,0.822684079781974,0.800816390516846,0.763408942912959,0.755498275570991,0.59817216175637,0.292212865057652,0.632509707450016,0.718040613342516,0.671612642597014,0.713972095603309,0.74720473675325,0.835055953500711,0.743869232809975,0.729432264910884,0.612282637532258,0.785107204013217,0.738727299037696,0.772545401924608,0.522994023129816,0.699536936545836,0.689248245423631,0.645610176084587,0.549698526397029,0.71209512095121,0.773387116224103,0.514550306730688,0.674328919759786,0.444115783707082,0.626843812555773,0.798415454742783,0.35105214287437,0.696979837445433,0.711536188891301,0.705899838410149,0.593120372380194,0.770897547210766,0.761338422207751,0.60981839230157,0.118277665177515,0.654145425277993,0.512464727588452,0.643196138280953,0.45723312428826,0.843439331452138,0.765687480404216,0.770140848467308,0.501007226346325,0.808528085280853,0.395119094120045,0.658323686178038,0.4591420638363,0.645162554566722,0.769063381810289,0.639796324433833,0.378336591068896,0.518681113281721,0.717129127173625,0.578254709017678,0.295663084738596
"O15466",0.634389696838145,0.662921761570557,0.592718809541037,0.678804596869498,1,0.663574753394593,0.732794901478427,0.564855150890747,0.661955840146637,0.764757132865446,0.640577272201707,0.369850227914044,0.584794877360538,0.655502496201433,0.367789444247855,0.520003376504353,0.583871113619353,0.54470085458028,0.683057786460218,0.727816366398958,0.645170995827605,0.68412440006753,0.757223910474399,0.532867858090346,0.678483226008731,0.662072208957384,0.806462991100499,0.758495526131732,0.666909654390662,0.699714203024383,0.541332207593004,0.337606994867731,0.627533584159371,0.732142954045278,0.736452379229675,0.711669440223814,0.650440754407544,0.76621445626221,0.697317487880761,0.685777078359019,0.652002387670936,0.685506958010756,0.739962134915467,0.711965487301932,0.555728909202603,0.661387260931433,0.660493693172226,0.586387922831432,0.515981718640716,0.68932120203555,0.724281889877722,0.362951937118258,0.611399922822758,0.57351399042344,0.680082844946096,0.68365771893013,0.278723801943902,0.630393965704363,0.658460555193787,0.666357957697224,0.478912524419362,0.759093046812821,0.707264307937197,0.632196174902925,0.253927760620754,0.652115898864294,0.501441646769409,0.570407129392413,0.480985533538389,0.74396208667969,0.742085112027591,0.661293804114512,0.614967606566498,0.818244579504618,0.351853738288797,0.740979306851892,0.493773646909266,0.692156259797892,0.679784386079155,0.645752236934134,0.273255226476709,0.540381786170803,0.747524901719605,0.621249668379037,0.420045510854239
"O60279",0.57935569061573,0.683503364445409,0.690214166847551,0.682163012806599,0.663574753394593,1,0.697442297952391,0.509651683218675,0.688770108289318,0.731598654221836,0.652385603878837,0.422205942647662,0.603257723753708,0.684173238791211,0.422558616022474,0.446615054385838,0.593189690780289,0.543421292593545,0.660755975206811,0.703103369268987,0.596117622940935,0.727019270192702,0.732430721366037,0.506095193304874,0.660462339917517,0.607305911294407,0.777357523575236,0.76602573378675,0.595251790753202,0.674878807611605,0.589307917413984,0.280433062417257,0.56634228106987,0.720342667162822,0.70843342256952,0.722040735113233,0.630006873598148,0.751310807225719,0.750384680317391,0.7560572076309,0.636399319875552,0.695759472300605,0.746960543134843,0.712936835250705,0.466405579947695,0.702385259146709,0.627399729879652,0.619664976460061,0.561633866338663,0.777870631647493,0.735783710778284,0.552147483910282,0.596495670839061,0.493695832340882,0.586410775872465,0.777063285338736,0.310292308805441,0.681270047994598,0.664705279405735,0.562022767286496,0.518499023225526,0.753043677495598,0.760793357933579,0.625599932469913,0.206275689841238,0.607249859063425,0.478433784337843,0.548053701596054,0.459268924476851,0.750692183392422,0.714597351855872,0.646287051105805,0.570669544745933,0.793306080119625,0.410400866341061,0.693157755106963,0.46526259937565,0.627666835491884,0.74589694426356,0.6334111135229,0.330887906641358,0.519161662204857,0.718637098135687,0.560142174951161,0.339621924804654
"O75487",0.711888310059571,0.725226708149434,0.656448520367557,0.697373561970914,0.732794901478427,0.697442297952391,1,0.61493054948432,0.783212140944939,0.818858982707474,0.705137806191973,0.344713961845501,0.684786436099655,0.729736150302679,0.445714998936595,0.658481055398789,0.635194134514784,0.578896274328513,0.677536598895401,0.76942876781709,0.649634011045993,0.762012517183995,0.825800713889492,0.545920459204592,0.745607529604708,0.681163326339146,0.810628753346357,0.836260642018185,0.694784506668596,0.775293635289294,0.635684939449967,0.390565404586061,0.681429226056966,0.725880137641003,0.760191616622049,0.796610833755396,0.694171912307358,0.747246943057666,0.753110001688252,0.737479801268601,0.702729542001302,0.771340713407134,0.820921665099004,0.765897306031884,0.606388217247574,0.712200033765043,0.711620601500133,0.670056322410797,0.551608663145455,0.762122253575477,0.741981405108169,0.495513524694654,0.578491667269614,0.555981039966421,0.71610894050117,0.768155946265345,0.394832742445071,0.646388346236404,0.691275956877216,0.655270361527145,0.563693533994163,0.781046354581193,0.781886260039071,0.647758845235511,0.304973495696878,0.710543468105718,0.571429949593613,0.590499583202301,0.464823957455911,0.760177748836312,0.794545739575043,0.68401888430649,0.602721711895607,0.826690663965463,0.403535906024017,0.746989484600728,0.519318788195412,0.748015097798037,0.766915683862721,0.706166341075175,0.35330612750569,0.512664303113619,0.784819598195982,0.638612136121361,0.466579560174983
"O75752",0.524955095479858,0.63440937366421,0.565213301747023,0.541239503436598,0.564855150890747,0.509651683218675,0.61493054948432,1,0.635126881271901,0.655568009772693,0.573699313137113,0.310920164315328,0.457546763106204,0.4871273708653,0.383121546223569,0.53507436453858,0.453089934726017,0.405234269344099,0.500474218263493,0.635378913355947,0.504926986064165,0.481678533679834,0.680632540236322,0.460281733281403,0.552126324751279,0.579973458248097,0.550866164331048,0.607663222429278,0.540814425400109,0.557055421131846,0.4058522559966,0.425543514374457,0.556550151068615,0.480258881724528,0.480208547505422,0.591526536627062,0.491747758090289,0.608538099352605,0.497683776911902,0.55650915063389,0.625114333932978,0.524571620825663,0.602007574227477,0.638731301842302,0.435543314948975,0.494732348559256,0.641872055731766,0.504777257153197,0.467442941564215,0.596049849293363,0.410708590013213,0.392769772256869,0.43895668364374,0.51780493195099,0.517666665259883,0.597146610922263,0.32653047688938,0.543490909661067,0.365971086252319,0.425944472146613,0.525290937276063,0.571179467947109,0.493834559628288,0.555455801229993,0.385987831035893,0.531050084595344,0.512780981104319,0.461408438953829,0.482152067605202,0.585967962983949,0.538783095038503,0.587182299388899,0.556443900987682,0.65184842621652,0.235164691752895,0.617230191514349,0.347183683708232,0.661575779355075,0.542271146727993,0.6225903954071,0.377987753658985,0.627128781762638,0.641147312753241,0.514825576312454,0.404753075824687
"O75787",0.678960760195837,0.634622434459639,0.609586860574488,0.651867327496804,0.661955840146637,0.688770108289318,0.783212140944939,0.635126881271901,1,0.729343631671611,0.618774306850142,0.387769215927453,0.732385500325591,0.724874586981164,0.496808573516982,0.665240696524612,0.705912216654851,0.519809092651714,0.635644429973712,0.770089597954803,0.647686491570798,0.748539661867207,0.8276481441285,0.559899187227166,0.804240527699395,0.74064225936377,0.691174661746617,0.830100330415069,0.607984829848298,0.71501217953356,0.567499186724952,0.426055711803212,0.650536020066083,0.719838000047161,0.704370161348672,0.789553336709838,0.574675011455997,0.688025468489979,0.735324265007356,0.744794153823891,0.725883317656706,0.675001808841618,0.75900260473193,0.732594120058848,0.635116425213837,0.673653015941924,0.762794539710103,0.640057166501249,0.643383257361985,0.77544437209078,0.697402503436799,0.470637083586843,0.547043146902057,0.581537380388921,0.718943998263512,0.720183054771724,0.516509900393122,0.602555893205991,0.647430841955478,0.586409569978053,0.553897450739213,0.751316233750573,0.725541446590936,0.623477558304995,0.352762089713786,0.710147330597162,0.602479318910836,0.579616874323701,0.4425887500051,0.721984058075875,0.695850517328703,0.611058654704194,0.59444081000442,0.787318211417408,0.406522145597456,0.775761522321106,0.515877155168261,0.721962954923667,0.725356944745918,0.709878084074958,0.428242646928307,0.533030050888744,0.813024262595567,0.671387140341992,0.507457314010311
"O94985",0.712064370643706,0.849040108048139,0.756190458963413,0.789692014567205,0.764757132865446,0.731598654221836,0.818858982707474,0.655568009772693,0.729343631671611,1,0.747074748839429,0.491556930275185,0.660645635868123,0.770643103489858,0.465587703648652,0.589238598268336,0.600949644715019,0.607011061148265,0.684096664496057,0.819484238960037,0.647098618045004,0.760406265827364,0.813950992451101,0.609375226105202,0.74497865566891,0.723031980319803,0.851881798229747,0.83284494609652,0.742039890987145,0.782055085256735,0.609791745400775,0.401511035918348,0.702176639413453,0.739653871918394,0.734829245351277,0.804728914936208,0.720442322070279,0.861217832766563,0.79490569905699,0.808618527361744,0.757810578105781,0.782506692713986,0.837418903600801,0.835099365699539,0.504631993199326,0.742563852109109,0.739989267539734,0.712655726800465,0.601436823191761,0.813297397679859,0.742829148879724,0.586415983056398,0.643476111231701,0.620599589623736,0.636301039480983,0.813165955188964,0.365621156211562,0.762264549116079,0.702798880929986,0.658031859730362,0.580003858862118,0.821233388804476,0.818630465716422,0.702791645563514,0.22470329303952,0.696583992309536,0.581378578491667,0.586081969318358,0.565809536360736,0.830184743023901,0.809429491353737,0.788730916720932,0.605550145765678,0.885876564647999,0.435916503377623,0.765296770614765,0.504063574947347,0.763973904444927,0.785908520849914,0.713085160263367,0.4210659366141,0.609009840098401,0.809679714444203,0.677338832211852,0.425757880903149
"O95196",0.530834072043866,0.693442830640012,0.595350590091913,0.677536795629661,0.640577272201707,0.652385603878837,0.705137806191973,0.573699313137113,0.618774306850142,0.747074748839429,1,0.267639238145915,0.576464133130988,0.566191535766646,0.370945373962981,0.556485116070035,0.483601600310598,0.541325415005799,0.657331066318371,0.663999180085598,0.542835953275141,0.665749567486472,0.7459056130591,0.451713305550569,0.626350475534943,0.613976569148196,0.681761120166527,0.716609084284161,0.69837563095918,0.684757219028029,0.544300017592587,0.357130166188465,0.633476837467746,0.592826964876045,0.627226573672549,0.671850900627857,0.697542342847569,0.699422366242652,0.655245434206892,0.666914482560012,0.59153748298784,0.732458441231927,0.681071336085714,0.715238560494225,0.50409908136466,0.590153091161314,0.566817406287524,0.632374952396679,0.495735880309504,0.641870014395118,0.62490639085527,0.391132774184028,0.507956635335651,0.563822144549581,0.639128363857132,0.675917853097334,0.31407967493637,0.57881506681201,0.601142002763423,0.598684948454583,0.492433478726801,0.651903840346871,0.687306525928096,0.55619871096655,0.17330997986718,0.600656623432337,0.439753631387177,0.524028948657971,0.463407400309903,0.68890617380082,0.726597688377469,0.660084776018608,0.528602911753559,0.749849562073608,0.290370428755009,0.64955773033075,0.372236710051727,0.621261509064612,0.65890418403414,0.663218952287896,0.268212242696433,0.491944479697484,0.701028043696502,0.478280242949775,0.345827132877829
"O95967",0.397401900489593,0.447826375322577,0.485683018594892,0.409714082434942,0.369850227914044,0.422205942647662,0.344713961845501,0.310920164315328,0.387769215927453,0.491556930275185,0.267639238145915,1,0.338487326049731,0.429234498227335,0.337712374884357,0.262326652678291,0.384499989450139,0.303500405090208,0.373540867761619,0.458664954296602,0.393999469406459,0.336959457829872,0.380758145816752,0.282005643585848,0.432798519161662,0.514052890528905,0.42012276005113,0.387769215927453,0.339962134915467,0.363712225357548,0.257622717111592,0.298314628989387,0.378322239104744,0.385074877043987,0.421592745339218,0.396094107999903,0.23783071654246,0.463881050575212,0.444549357258278,0.517254540192461,0.585146998528809,0.353874538745387,0.440033885632974,0.471923160408075,0.0272596560179082,0.329952005402407,0.404267660323662,0.371501104810322,0.318425463666401,0.508466584665847,0.326398234570581,0.471859407929934,0.442990135783711,0.385129355726673,0.290252152521525,0.415092974459156,0.123590309432506,0.625683139184333,0.373123628295106,0.347773315968454,0.355319200250826,0.450686756867569,0.40296469141162,0.386039360393604,0.0912272543055161,0.281894948192886,0.488569929816945,0.383337917077793,0.445140736497434,0.447178207076188,0.430697851096158,0.496790512022767,0.410524475210109,0.449175771169476,0.3884642362223,0.465080915515037,0.332816405038549,0.38999288522297,0.42700178472373,0.328001471191182,0.291309223434213,0.437828907700842,0.460927815160505,0.400681330342715,0.165700335126789
"P01011",0.553398210452693,0.579595060656489,0.503650242384777,0.669659696596966,0.584794877360538,0.603257723753708,0.684786436099655,0.457546763106204,0.732385500325591,0.660645635868123,0.576464133130988,0.338487326049731,1,0.724669584931143,0.432585109746701,0.714771000651183,0.592033234552875,0.483599659220308,0.559916672696139,0.616372428430167,0.609676096760968,0.72573258085522,0.715934688758652,0.537736053831127,0.727348479367147,0.625950244796566,0.655800955068374,0.747717241878301,0.623504690929262,0.664441188529532,0.564504436238232,0.341387324030305,0.599712997129971,0.635406045996574,0.647755227552275,0.702930926368087,0.580235993536406,0.667902105491643,0.663937124665364,0.620262643802909,0.662426741914478,0.640881026457323,0.64488941948243,0.637125871258713,0.622592990842915,0.580647806478065,0.643080577864602,0.597815339990062,0.571316595518896,0.654595060656489,0.656755420495381,0.44368082172949,0.565265417360056,0.490661944640917,0.657327617393821,0.637411065287123,0.327564334466874,0.528873935798181,0.648566191544268,0.609695994018764,0.529128379519089,0.684615199093167,0.647516460458722,0.541537033017389,0.231815243552759,0.646506061147998,0.545351879989388,0.4774647548848,0.347741325756577,0.647014205436172,0.635043894556593,0.554929093408581,0.453650404128645,0.687259725538432,0.334647742757888,0.627633673395557,0.507469633982101,0.582524781130164,0.620501410896462,0.635130116007042,0.351220205128266,0.364045052215228,0.690816511106288,0.640146636760485,0.423808536131339
"P04004",0.714385717386586,0.752533584159371,0.72592733280274,0.812420712442419,0.655502496201433,0.684173238791211,0.729736150302679,0.4871273708653,0.724874586981164,0.770643103489858,0.566191535766646,0.429234498227335,0.724669584931143,1,0.432878144562382,0.532304705399995,0.632460966590454,0.586633343061687,0.672010587752936,0.761985384559728,0.632252851940284,0.856125340665171,0.789915707980609,0.579423220702795,0.741309721920749,0.610360441839712,0.803629742179775,0.81076803415093,0.680747895714251,0.705488628415696,0.644247055319972,0.324191443859051,0.579592648867665,0.751177405866455,0.710275426283675,0.778266165014591,0.694404046981646,0.776887827701806,0.765227431686082,0.729044569857463,0.630464510527458,0.708329112702892,0.744996141137882,0.770759472300605,0.56966657177533,0.695912017943709,0.77518872247546,0.647951617740803,0.545907194366061,0.749709982393941,0.790553023177291,0.572152718287216,0.685951933048742,0.485284457134534,0.603413887080047,0.763730313773726,0.357576634589875,0.662453271591539,0.699716011866001,0.69018160769843,0.58648433543159,0.778181752405759,0.753646624701541,0.632326411499409,0.198301519237622,0.686433948444948,0.57020898150158,0.603210852530882,0.455231696318492,0.79408689675132,0.706876612883776,0.661570556882039,0.458780897371117,0.789689602778381,0.483535883696424,0.630282420471263,0.507513046311806,0.645781178400019,0.753480814219907,0.650741625063309,0.436465343260659,0.446264742059185,0.741112558184405,0.708505776234233,0.440920925233948
"P05019",0.366511185381094,0.433535965516927,0.38615295936392,0.408605093996732,0.367789444247855,0.422558616022474,0.445714998936595,0.383121546223569,0.496808573516982,0.465587703648652,0.370945373962981,0.337712374884357,0.432585109746701,0.432878144562382,1,0.387874388167977,0.39954573437686,0.273496321866903,0.340303863851025,0.458605516065121,0.337129320014471,0.428409062147086,0.462701973961711,0.316216522592433,0.472348004787387,0.443185614056378,0.445011353607581,0.458910609926715,0.358038499722736,0.418272831105052,0.313848399549892,0.29648400705139,0.358447301379181,0.46956626601905,0.441070457403267,0.501113049955569,0.340160361204662,0.447642637425762,0.489093798894246,0.484756160079399,0.478448073162395,0.415288820193921,0.447803022736403,0.426322244251869,0.34075038739046,0.375917844145401,0.425933340021181,0.420893217790683,0.362886236179696,0.507099763298996,0.450674884520544,0.392976673897399,0.309231923199719,0.414012709937187,0.381697141899127,0.420424767848197,0.283233223163942,0.381402901178854,0.452145485169615,0.321621386970565,0.277680032521081,0.488897839398162,0.417400962085554,0.430066578007805,0.183155053652598,0.40019089527819,0.330094675581219,0.329893303137865,0.347462044779537,0.434357186543592,0.438840136861688,0.436190161522343,0.363281059226899,0.506116348104804,0.220247926403815,0.460449344185193,0.300148145830078,0.472978089936333,0.452080366321685,0.432694847064507,0.325929332670473,0.371197330622822,0.482414896315422,0.351817237936304,0.213360088562381
"P05090",0.476211923883945,0.55407773195379,0.440463786990811,0.482498251453103,0.520003376504353,0.446615054385838,0.658481055398789,0.53507436453858,0.665240696524612,0.589238598268336,0.556485116070035,0.262326652678291,0.714771000651183,0.532304705399995,0.387874388167977,1,0.496006367143944,0.362548994888048,0.475020500205002,0.528534476521236,0.604453971010298,0.554371367243084,0.690879820562912,0.501281262812628,0.618819791139088,0.613116513518076,0.524608687263343,0.610336926898681,0.565925041603357,0.582724959602537,0.464124814255559,0.445614674949315,0.557466898198394,0.492400147360475,0.520655162433977,0.629942358247112,0.50567976267998,0.488591032969153,0.547475460048718,0.519303354798254,0.66285001085305,0.512732436147891,0.602556496153197,0.523941224706365,0.581842334168343,0.502665629597472,0.611442129127174,0.51566528964849,0.501001495309071,0.568269300340062,0.462510551576104,0.361482374008187,0.348233967633794,0.487980441669826,0.607006246533053,0.498350939391747,0.394794153823891,0.443936159949835,0.477224875189928,0.531394255119022,0.465951571280419,0.573730796131491,0.501132937799966,0.484744229795239,0.347944336358687,0.525592472786777,0.549932469912934,0.411339859773402,0.368659534507185,0.52743711260642,0.530509128620698,0.452601717193643,0.457969930934271,0.573556544388973,0.217410592788938,0.589494850830861,0.446676092771767,0.530365627185684,0.512535875358754,0.598232158792176,0.347670870270856,0.406765067650676,0.618569568048622,0.540443889733015,0.473183696669147
"P05387",0.558026306668439,0.500188421572171,0.477418654642013,0.526644015884071,0.583871113619353,0.593189690780289,0.635194134514784,0.453089934726017,0.705912216654851,0.600949644715019,0.483601600310598,0.384499989450139,0.592033234552875,0.632460966590454,0.39954573437686,0.496006367143944,1,0.501435442982019,0.516291381147527,0.671354193362773,0.529163739854019,0.617303431084224,0.633109136790907,0.435778995066843,0.684296494156011,0.60978706855506,0.604071111810597,0.733294543616143,0.466900811872982,0.565656626563078,0.664310750441183,0.381559677711804,0.455799314449031,0.687605892988131,0.590713379140045,0.677046032146289,0.485992589758708,0.596028977732786,0.608405712341815,0.65162992195121,0.609528403423903,0.528895427538482,0.62663165542954,0.576449414086906,0.415787362807892,0.614244670687108,0.655488192753723,0.530567575437029,0.528692233717503,0.651594347958813,0.631516145470351,0.350908245914006,0.469961381117169,0.523157738297242,0.587904842587755,0.606859751045106,0.291136950827815,0.495967175457405,0.563608408729645,0.47979065610116,0.50476420171286,0.635006617368421,0.621235261667626,0.508386719447115,0.384341983368984,0.654546550819712,0.407047268190561,0.390198004372638,0.38200193121867,0.614396613841075,0.572113607657641,0.484722176165819,0.526847592115815,0.664233365393142,0.440529791483144,0.629809799733344,0.410672229893097,0.621764650910415,0.603114834659045,0.625402845319285,0.261197228898523,0.427799567687494,0.64294022062197,0.668443155476458,0.592556772660656
"P06734",0.572930211040692,0.589486730112219,0.614611852308865,0.591488683833218,0.54470085458028,0.543421292593545,0.578896274328513,0.405234269344099,0.519809092651714,0.607011061148265,0.541325415005799,0.303500405090208,0.483599659220308,0.586633343061687,0.273496321866903,0.362548994888048,0.501435442982019,1,0.57331251184163,0.665311933291273,0.427010698707998,0.652116525677833,0.592290068319727,0.36946236820469,0.519947782216723,0.470832983262179,0.628828738718502,0.644334232086504,0.504117272868113,0.590812722953327,0.435558277880029,0.264493866046673,0.478304732827509,0.607497443912902,0.543736057606305,0.593409835807647,0.611736757326419,0.649289670544085,0.607132263768121,0.563557208438521,0.463337716770607,0.616757922577852,0.601505085417409,0.622752929774891,0.383739727221707,0.580553313131316,0.509524959907245,0.513562572365882,0.402211798488177,0.547774938938609,0.628060519127974,0.452196872080228,0.523287185742896,0.395914735353244,0.503935167439275,0.647689313563504,0.205202668394832,0.568055574329681,0.525586417531501,0.505265381267144,0.462411511675591,0.611608921727367,0.659497825526854,0.529358773699745,0.115570305371193,0.568054271875399,0.388409171779241,0.506689108936954,0.440945955401965,0.66088653017127,0.642383533204748,0.559557521983284,0.433360972265771,0.634169492967564,0.381214279129149,0.48201678918488,0.339851964644565,0.550384714753213,0.621038606151759,0.476697139869623,0.283907838553459,0.386701481135305,0.617552071087055,0.499026159836067,0.283540546150371
"P07359",0.616322986759279,0.682094276825121,0.693478523020524,0.729850710271809,0.683057786460218,0.660755975206811,0.677536598895401,0.500474218263493,0.635644429973712,0.684096664496057,0.657331066318371,0.373540867761619,0.559916672696139,0.672010587752936,0.340303863851025,0.475020500205002,0.516291381147527,0.57331251184163,1,0.718133637218725,0.641492414924149,0.739240407109954,0.75443588259412,0.521771820659383,0.557923932180498,0.52567469792345,0.76415177387068,0.724790174372332,0.620470660588959,0.66551443455611,0.560648529147599,0.272076259406586,0.552354508839206,0.706880053831287,0.657408412319417,0.665964836118949,0.665461978149193,0.762294093529171,0.703293900586065,0.683794587945879,0.568758893471288,0.728532667679618,0.736236524129947,0.695202349082314,0.551634105907233,0.691755902853146,0.645570146877939,0.533603880385237,0.506487711935943,0.661444540915997,0.758614909678509,0.468674248985579,0.58521513156308,0.406163827727625,0.611489159009237,0.744613269662108,0.397731712611244,0.595488146057931,0.62333707160601,0.6531757229337,0.504661987796349,0.718205387936232,0.724825748257483,0.648425101898078,0.184975637728216,0.666691588562675,0.444141764947061,0.787406354243865,0.472375594233676,0.779525721727806,0.673666280780455,0.597652726527265,0.569912843721218,0.737860863902757,0.421986773526335,0.63896305139522,0.462140529331048,0.682617032052673,0.717226804620987,0.584369799580349,0.308007491839569,0.529238115910571,0.683357451221571,0.590678436196127,0.298512034335504
"P07585",0.813333574512216,0.789105346935822,0.787625111545233,0.747662976629766,0.727816366398958,0.703103369268987,0.76942876781709,0.635378913355947,0.770089597954803,0.819484238960037,0.663999180085598,0.458664954296602,0.616372428430167,0.761985384559728,0.458605516065121,0.528534476521236,0.671354193362773,0.665311933291273,0.718133637218725,1,0.612725803728626,0.78046571642187,0.832398162216916,0.536467452909823,0.754139232568796,0.697974097388033,0.809163591635916,0.835710754166365,0.696306345416395,0.76454851313219,0.609732646418154,0.425299404531824,0.678131707787666,0.754481558547251,0.7205255287847,0.801766635313412,0.69075078986084,0.81183645659986,0.809020693148108,0.796057328220341,0.704101246894822,0.822773315968454,0.863973904444927,0.856211562115621,0.543535642491258,0.761822588814123,0.762788510238044,0.634171904959999,0.576018377830837,0.791495429660179,0.780652630055712,0.544313030103949,0.58878759375829,0.579990870012029,0.70233762631744,0.803943274726865,0.436398716928346,0.75943793261462,0.610872344017558,0.627035549767262,0.567545763692931,0.796711525938789,0.823628898053686,0.719436003183561,0.255976822721531,0.768453707084827,0.537556978510962,0.606959642688232,0.571920555054808,0.815612112003473,0.793376021995514,0.728852832645974,0.573315888010854,0.841561150905627,0.468094264101648,0.749062417094759,0.440973400905825,0.805699659937776,0.828046692231628,0.666462267563852,0.417124583862093,0.591012468948219,0.820201143187902,0.676599618937366,0.431785595002679
"P08294",0.531081325519138,0.598271953307768,0.548829076526059,0.579627016858404,0.645170995827605,0.596117622940935,0.649634011045993,0.504926986064165,0.647686491570798,0.647098618045004,0.542835953275141,0.393999469406459,0.609676096760968,0.632252851940284,0.337129320014471,0.604453971010298,0.529163739854019,0.427010698707998,0.641492414924149,0.612725803728626,1,0.639647999421171,0.713638062851217,0.544619902081374,0.61587258519644,0.55756698743458,0.656343607553723,0.639772809492801,0.519872536960664,0.59663555459084,0.497255824523359,0.429678502100796,0.52714890384198,0.61719280876504,0.628075030750307,0.666634710464752,0.554133806043943,0.656441285001085,0.653518196946675,0.644333502158551,0.626286689337482,0.619581313460193,0.675801919783904,0.614099317463763,0.510917854272141,0.622129368352507,0.649583363480694,0.52661151431635,0.451674987338109,0.64680498275571,0.628440416757109,0.456128992136213,0.512345946988882,0.46647652562938,0.582850975568579,0.604940549405494,0.368778187781878,0.544938861153317,0.566955478378313,0.62056411740588,0.451154040952174,0.683752984588669,0.633828955936618,0.616696814026964,0.301783099331499,0.576601357240873,0.508966427899573,0.547552536116524,0.423284829496452,0.640651303571859,0.590204519692256,0.509245592455924,0.541249853033635,0.659105708704146,0.376637347011432,0.64141945831223,0.44274667398446,0.5922991582857,0.620749222198104,0.582129850710272,0.347392585962963,0.451219159250416,0.648201408484673,0.595515278682199,0.367326376884802
"P08493",0.709924511009816,0.718667245495984,0.730823264114994,0.807971565009768,0.68412440006753,0.727019270192702,0.762012517183995,0.481678533679834,0.748539661867207,0.760406265827364,0.665749567486472,0.336959457829872,0.72573258085522,0.856125340665171,0.428409062147086,0.554371367243084,0.617303431084224,0.652116525677833,0.739240407109954,0.78046571642187,0.639647999421171,1,0.80239249451318,0.58851867930444,0.732425294841184,0.598677133830162,0.839664881942937,0.816286206979717,0.730490437257314,0.726222173986446,0.650747943408341,0.288794090608216,0.583930251067217,0.80912187318942,0.744050116971758,0.829640281696934,0.777166389310952,0.805761763499988,0.843646745290982,0.794574078093722,0.597083544364855,0.779766297662977,0.770878252900176,0.772066058895883,0.639529324225106,0.775579432264911,0.704826592383571,0.663867752820854,0.575088030292068,0.764056508212141,0.899521259918481,0.534524183995712,0.621035019173721,0.447607047476374,0.670840870173408,0.810149410317633,0.431305621879748,0.640305814822854,0.731830185948918,0.721147167354026,0.546932204616164,0.822682270940356,0.807497648505897,0.672101632781034,0.215047156151227,0.732763948475306,0.539447820948798,0.593655538622734,0.476880163963765,0.830306538359501,0.772946361816559,0.645321732629091,0.476202506461256,0.809313725490196,0.391650890495418,0.678415695921665,0.535015963077833,0.692996768202976,0.802686129802474,0.625539637749319,0.378959100966335,0.430388539179509,0.754359911246171,0.646576465764658,0.366959178936756
"P09603",0.730119021778453,0.776268600921303,0.727413597665388,0.79022019631961,0.757223910474399,0.732430721366037,0.825800713889492,0.680632540236322,0.8276481441285,0.813950992451101,0.7459056130591,0.380758145816752,0.715934688758652,0.789915707980609,0.462701973961711,0.690879820562912,0.633109136790907,0.592290068319727,0.75443588259412,0.832398162216916,0.713638062851217,0.80239249451318,1,0.60819706726479,0.78189530424716,0.727671659069532,0.792713985963389,0.847312061355908,0.755770204760871,0.779944770035936,0.610333285057858,0.450816475479901,0.738460193425464,0.723766806409947,0.718649157079806,0.830839543689554,0.762288064057111,0.794782697826978,0.793304874225213,0.77916696814027,0.75102681909172,0.774846851409691,0.863659166003425,0.823176084702023,0.653152512665037,0.710684224489304,0.799650893567759,0.657128645957636,0.618272315076092,0.808174155270964,0.732054482309529,0.510063827642085,0.570684103899863,0.572840597688125,0.717277452186287,0.782179292381159,0.441060101777488,0.716186720690736,0.66199985529267,0.724091358560644,0.600218266888551,0.817029037937438,0.765603067795384,0.679631237488845,0.303276360163602,0.7333825741736,0.643188505414466,0.672253483610951,0.51934915089562,0.811550056677037,0.801906519065191,0.745505631526903,0.582923277754132,0.8424716011866,0.375957390190473,0.779150085618503,0.496234281874894,0.753016544871331,0.787478595374189,0.735130718954248,0.441082442908137,0.561651351807636,0.814652220051612,0.669104985167499,0.474507779910376
"P09619",0.476117864119818,0.550963509635096,0.485071630128066,0.564051081687287,0.532867858090346,0.506095193304874,0.545920459204592,0.460281733281403,0.559899187227166,0.609375226105202,0.451713305550569,0.282005643585848,0.537736053831127,0.579423220702795,0.316216522592433,0.501281262812628,0.435778995066843,0.36946236820469,0.521771820659383,0.536467452909823,0.544619902081374,0.58851867930444,0.60819706726479,1,0.560119262957335,0.485040879820563,0.581439476159467,0.613495767310614,0.516681740346815,0.531611316113161,0.399702701842187,0.249316420394424,0.516189735426766,0.529731043177775,0.549345802281552,0.606820538793623,0.455214890384198,0.57748474543569,0.579687311578998,0.576627354508839,0.569434797289149,0.532027952632467,0.577882690591612,0.560742107421074,0.443133286926428,0.518906012589538,0.603455490437257,0.531527154898755,0.501310204278513,0.547055808793382,0.557582664061935,0.407325868598621,0.508303788920242,0.383027718722102,0.52039770397704,0.553362636567542,0.338553047295179,0.487898849576731,0.477341244000675,0.512190989556954,0.441321780864868,0.615826158261583,0.553699684055664,0.517207510310397,0.241607296908501,0.524213528369626,0.465727877867014,0.447546201005141,0.424710975066955,0.607365000120589,0.544057352338229,0.5047687094518,0.394841168155233,0.584609169621108,0.316354906181902,0.569549357258278,0.419975098207231,0.515250946627113,0.551289101126305,0.502161565733304,0.268587309694746,0.380199213756843,0.546188770711237,0.519557798519162,0.311257239960779
"P12109",0.719197839037214,0.651254733135567,0.568167402262258,0.628918553891421,0.678483226008731,0.660462339917517,0.745607529604708,0.552126324751279,0.804240527699395,0.74497865566891,0.626350475534943,0.432798519161662,0.727348479367147,0.741309721920749,0.472348004787387,0.618819791139088,0.684296494156011,0.519947782216723,0.557923932180498,0.754139232568796,0.61587258519644,0.732425294841184,0.78189530424716,0.560119262957335,1,0.830712924776307,0.69375105515761,0.760149410317633,0.657649591201794,0.716304898343101,0.56060571253774,0.39294719907361,0.627408171140535,0.687039461109705,0.713325736198538,0.804568530979427,0.60569302751851,0.68013590430022,0.741408605262523,0.741264500880303,0.725552902587849,0.666312736656778,0.739219906904951,0.760593782408412,0.55419033998092,0.635493693172226,0.736657381279695,0.65426259594682,0.591130646600584,0.739397776330704,0.668806526300557,0.461458495118077,0.561549453729831,0.577361259312656,0.706088560885609,0.638215999807057,0.375551093746232,0.680377083182596,0.588930492246099,0.678439210862697,0.549423582471119,0.7308238670622,0.704886887104165,0.564778236017654,0.336787050629019,0.716212997775358,0.647618358536526,0.557266461963441,0.481446241874907,0.705333068036563,0.751668957866049,0.668054651134747,0.531171560102865,0.781024045534573,0.430749315924311,0.72136664013699,0.508998712706147,0.696282830475364,0.702290596435376,0.676271615657333,0.411831737319144,0.492431806671008,0.774443479728915,0.732785254323131,0.51521188348456
"P12111",0.62171876130526,0.589164435762005,0.544161662204857,0.585167498733811,0.662072208957384,0.607305911294407,0.681163326339146,0.579973458248097,0.74064225936377,0.723031980319803,0.613976569148196,0.514052890528905,0.625950244796566,0.610360441839712,0.443185614056378,0.613116513518076,0.60978706855506,0.470832983262179,0.52567469792345,0.697974097388033,0.55756698743458,0.598677133830162,0.727671659069532,0.485040879820563,0.830712924776307,1,0.618511082169645,0.685257337867496,0.634342064008875,0.676708149434436,0.463333611549443,0.438489813790921,0.603518799893881,0.605294844376328,0.688799049755203,0.717928032221499,0.530923353351181,0.613178617080288,0.657160601017775,0.690717627764513,0.738951595398307,0.603287871114005,0.684871451655693,0.743262064973591,0.472926240325036,0.566696211079758,0.66549212550949,0.571443820702661,0.554494971420302,0.651460941079999,0.548056098208041,0.443048252298852,0.497484504256807,0.569267271721698,0.663991992861105,0.584004413573547,0.345293997057618,0.699166726961387,0.536281745170393,0.612607023129055,0.527849528495285,0.657600149530907,0.635480428333695,0.541903021971396,0.320139103676393,0.621194864083039,0.58910414104141,0.516768552076666,0.475601758632066,0.646052504642693,0.705392759809951,0.680270361527145,0.590128518587078,0.719471577068712,0.356464487346328,0.688635651062393,0.453482784300062,0.677494995538191,0.634604948990666,0.66247256590213,0.337797222033633,0.529470250584859,0.732432530207655,0.618613583194655,0.463321205969335
"P13591",0.707332440971469,0.817699515230446,0.807463883462364,0.822684079781974,0.806462991100499,0.777357523575236,0.810628753346357,0.550866164331048,0.691174661746617,0.851881798229747,0.681761120166527,0.42012276005113,0.655800955068374,0.803629742179775,0.445011353607581,0.524608687263343,0.604071111810597,0.628828738718502,0.76415177387068,0.809163591635916,0.656343607553723,0.839664881942937,0.792713985963389,0.581439476159467,0.69375105515761,0.618511082169645,1,0.839077611364349,0.75100752478113,0.771036828015339,0.660227902661509,0.288269564655433,0.634595904782577,0.817303871707377,0.78616477341244,0.810891638328148,0.772176398234571,0.877888720063671,0.84880676747944,0.807280587511757,0.664984443962087,0.810260955550732,0.837672141427297,0.805473554735547,0.540641393994604,0.81509840098401,0.685657694812242,0.700838169865483,0.536421025974966,0.799653305356583,0.878747316884934,0.56102878283729,0.711335407471722,0.521636803668366,0.673848973783856,0.876205894411885,0.372391047439886,0.756672816728167,0.770803487446639,0.705279405735234,0.582013481899525,0.852999059402359,0.85063309456624,0.728995128186576,0.169688068989963,0.704667729869981,0.500685550973157,0.645214068117905,0.565085307679901,0.875533608277259,0.844165279888093,0.75859682126233,0.601803420532546,0.880436774955985,0.453101307021859,0.723034392108627,0.541004452780998,0.708752381641463,0.844526445264453,0.646537877143477,0.359498558322197,0.537834937172901,0.796619877963485,0.640375756698743,0.358283298354767
"P13611",0.718799893881292,0.777637894025999,0.719163471046475,0.800816390516846,0.758495526131732,0.76602573378675,0.836260642018185,0.607663222429278,0.830100330415069,0.83284494609652,0.716609084284161,0.387769215927453,0.747717241878301,0.81076803415093,0.458910609926715,0.610336926898681,0.733294543616143,0.644334232086504,0.724790174372332,0.835710754166365,0.639772809492801,0.816286206979717,0.847312061355908,0.613495767310614,0.760149410317633,0.685257337867496,0.839077611364349,1,0.702904396691026,0.792844825507079,0.680474128616128,0.398785794633178,0.742738103851627,0.797522367847604,0.753491064322408,0.827257434339049,0.705363818344066,0.819022984347491,0.804842269010925,0.77403106384005,0.722987965173769,0.807172659961894,0.837684200371415,0.800733786749632,0.625042991812241,0.783445481513639,0.793234932349323,0.709807163734802,0.652375009044208,0.818070930709307,0.804863975110339,0.506824999794655,0.642780310156043,0.583660739739791,0.768927115741746,0.840269035043292,0.343409184091841,0.692603043677496,0.725267105612233,0.630464510527458,0.612676362057738,0.831850083206714,0.845910812049297,0.687798760340545,0.282101302659036,0.770187788476924,0.532876902298435,0.627391634602783,0.513183860277089,0.829274292742927,0.805843764319996,0.729812724597834,0.600807348745431,0.888697151677399,0.455386397887666,0.808224199889058,0.500287908161078,0.764613028483226,0.828455490437257,0.769231604080747,0.383202936661704,0.546365434242578,0.857834093046813,0.693145093215638,0.531939589022549
"P13942",0.599474832983624,0.724881822347635,0.679065673009671,0.763408942912959,0.666909654390662,0.595251790753202,0.694784506668596,0.540814425400109,0.607984829848298,0.742039890987145,0.69837563095918,0.339962134915467,0.623504690929262,0.680747895714251,0.358038499722736,0.565925041603357,0.466900811872982,0.504117272868113,0.620470660588959,0.696306345416395,0.519872536960664,0.730490437257314,0.755770204760871,0.516681740346815,0.657649591201794,0.634342064008875,0.75100752478113,0.702904396691026,1,0.717530087065577,0.545823127221397,0.292283485928165,0.628264356172973,0.614984211818005,0.670847502592673,0.717651279453971,0.725847140824349,0.721780864867472,0.697421797747389,0.679534162988689,0.616215662156622,0.723028965583773,0.688527120565323,0.763178617080288,0.503386772209003,0.625640329932711,0.627300243590671,0.591735913057799,0.503289077008417,0.639630513952198,0.670594867713383,0.404135885483203,0.52483358657116,0.480086782383639,0.607165424595422,0.684035766828257,0.332453030412657,0.674282492824928,0.55458300171237,0.708651086510865,0.571157417456527,0.67911632057497,0.695533367098377,0.532670091406796,0.186956134825324,0.61501885723351,0.506048163422811,0.5282477142155,0.410692536979221,0.729741576827533,0.77529122350047,0.724474832983624,0.454283500603506,0.756824156476859,0.288315012701367,0.587821069387164,0.419670608950274,0.587337505727998,0.668476111231701,0.621454670429057,0.304049200042734,0.473311144876155,0.672285531678846,0.532074982514531,0.323833015990979
"P16112",0.681748788076116,0.725276752767528,0.645049200492005,0.755498275570991,0.699714203024383,0.674878807611605,0.775293635289294,0.557055421131846,0.71501217953356,0.782055085256735,0.684757219028029,0.363712225357548,0.664441188529532,0.705488628415696,0.418272831105052,0.582724959602537,0.565656626563078,0.590812722953327,0.66551443455611,0.76454851313219,0.59663555459084,0.726222173986446,0.779944770035936,0.531611316113161,0.716304898343101,0.676708149434436,0.771036828015339,0.792844825507079,0.717530087065577,1,0.589544916395313,0.433530055731066,0.69007307720136,0.675942211093273,0.678652654173601,0.746258712587126,0.67931107252249,0.767877384656199,0.742386585630562,0.702529966476135,0.661623616236162,0.784160576899886,0.749165521066975,0.756742155656851,0.579028967694328,0.682510310397222,0.71003243855968,0.596576178876612,0.546032607384897,0.719933434628464,0.710772254781371,0.464724458927737,0.586610351397632,0.519855571271728,0.699477244772448,0.753491667269614,0.333544967802619,0.673438969683814,0.649284904613752,0.675936979958035,0.583157272749198,0.74799821527627,0.770146274992162,0.628073824855896,0.21200541842212,0.666835693379334,0.509234136459012,0.575220971579666,0.472720522464681,0.758304994814654,0.756300798302101,0.695336203362034,0.585607606807544,0.807598340689289,0.368712792360747,0.710456913392663,0.485465612312013,0.701652075344283,0.73675324988544,0.674135373706678,0.414090074974285,0.550006029472059,0.762132503677978,0.607533825338253,0.413083220696463
"P19256",0.525864556518925,0.614905013499224,0.53053217004434,0.59817216175637,0.541332207593004,0.589307917413984,0.635684939449967,0.4058522559966,0.567499186724952,0.609791745400775,0.544300017592587,0.257622717111592,0.564504436238232,0.644247055319972,0.313848399549892,0.464124814255559,0.664310750441183,0.435558277880029,0.560648529147599,0.609732646418154,0.497255824523359,0.650747943408341,0.610333285057858,0.399702701842187,0.56060571253774,0.463333611549443,0.660227902661509,0.680474128616128,0.545823127221397,0.589544916395313,1,0.311976945807798,0.419214411869939,0.654790588013759,0.552042993616892,0.607315618639102,0.586678615738169,0.651715236960636,0.591500007228568,0.563988827767402,0.510513897308404,0.593416502807866,0.604940804419065,0.576983970384865,0.453367326457484,0.59450500957962,0.58498947032671,0.554652781364493,0.48253475039301,0.57575796802089,0.66751335989672,0.414324581880413,0.533255547651675,0.418276527757535,0.492327089982892,0.636265074361007,0.276076072909744,0.432107638894923,0.549703759396597,0.540066403873386,0.489265400852591,0.638243081126299,0.62998791813542,0.496746246560959,0.298201615032236,0.598182407832949,0.325868171870072,0.416424285222376,0.32563142706275,0.628096147640687,0.553366690217446,0.489171927971914,0.443773789215406,0.647480010889707,0.378727166463822,0.532385345285116,0.392107855526253,0.537424438129866,0.602312708844936,0.597587202438586,0.223403292640817,0.390055094454644,0.551945902431157,0.542763247243625,0.539468509894802
"P22466",0.364846128581388,0.336842840832953,0.26504616300606,0.292212865057652,0.337606994867731,0.280433062417257,0.390565404586061,0.425543514374457,0.426055711803212,0.401511035918348,0.357130166188465,0.298314628989387,0.341387324030305,0.324191443859051,0.29648400705139,0.445614674949315,0.381559677711804,0.264493866046673,0.272076259406586,0.425299404531824,0.429678502100796,0.288794090608216,0.450816475479901,0.249316420394424,0.39294719907361,0.438489813790921,0.288269564655433,0.398785794633178,0.292283485928165,0.433530055731066,0.311976945807798,1,0.437229502871002,0.288153244140192,0.324051409312393,0.374457810137323,0.293361510498555,0.321667200436109,0.297842012394418,0.349959611235618,0.454420554264785,0.34310093643531,0.427024485283322,0.388309761909941,0.303319737756428,0.322040827092924,0.494662982110539,0.276185323251915,0.207689340608873,0.396803581481351,0.223881438663353,0.293809304906685,0.190918996452247,0.410409597623285,0.365922342360227,0.309304926513281,0.20078599961696,0.347394323204173,0.295704071169152,0.274594466857689,0.283632731088949,0.320139495963736,0.317220499982543,0.366185510732394,0.257378322843821,0.342078266888698,0.387257692018457,0.239262922427565,0.283074215675539,0.335644700422972,0.327426121167407,0.386620896989475,0.333173974388126,0.40090140276264,0.108278171456981,0.446742194488783,0.252218672431149,0.408882768324945,0.327065773648637,0.415759551040769,0.366470983225661,0.350067051534346,0.392621860191504,0.323588450272365,0.350083285829211
"P26022",0.601035260352604,0.62240973880327,0.575440151460338,0.632509707450016,0.627533584159371,0.56634228106987,0.681429226056966,0.556550151068615,0.650536020066083,0.702176639413453,0.633476837467746,0.378322239104744,0.599712997129971,0.579592648867665,0.358447301379181,0.557466898198394,0.455799314449031,0.478304732827509,0.552354508839206,0.678131707787666,0.52714890384198,0.583930251067217,0.738460193425464,0.516189735426766,0.627408171140535,0.603518799893881,0.634595904782577,0.742738103851627,0.628264356172973,0.69007307720136,0.419214411869939,0.437229502871002,1,0.527902906147086,0.571426331910378,0.624224006945952,0.580459084002605,0.634197356679449,0.603606227238743,0.593189711308878,0.639029375587874,0.72979101849842,0.722972288546415,0.707056291151147,0.484219543635232,0.592003714154789,0.652774763041748,0.556222339443873,0.451477220654559,0.630124448303307,0.520495381424402,0.364074159911791,0.47398644574681,0.506814922709347,0.730405421701276,0.583997781154282,0.246606613124955,0.65687600993657,0.534142488483708,0.600359356534742,0.45877227889926,0.649944528857053,0.638844873742855,0.554554060246485,0.208430329912266,0.55852494551102,0.541546077225478,0.477250658921824,0.423854081681887,0.644068808335142,0.719895448954489,0.694398620456793,0.520317874727646,0.715038106263416,0.28388348645684,0.653207679135615,0.359330485405744,0.565634421050093,0.599660540723054,0.614679955623086,0.335916383091808,0.487174107035188,0.742473410028218,0.538313074307214,0.410700956176383
"P28906",0.654009993253136,0.637259506825181,0.652886098983609,0.718040613342516,0.732142954045278,0.720342667162822,0.725880137641003,0.480258881724528,0.719838000047161,0.739653871918394,0.592826964876045,0.385074877043987,0.635406045996574,0.751177405866455,0.46956626601905,0.492400147360475,0.687605892988131,0.607497443912902,0.706880053831287,0.754481558547251,0.61719280876504,0.80912187318942,0.723766806409947,0.529731043177775,0.687039461109705,0.605294844376328,0.817303871707377,0.797522367847604,0.614984211818005,0.675942211093273,0.654790588013759,0.288153244140192,0.527902906147086,1,0.766545333517573,0.783136641787183,0.647358275666541,0.789389208082776,0.813302711636252,0.799741214903321,0.620885259680587,0.722156333451843,0.730358832187162,0.726373951700414,0.545561039987743,0.73185775984491,0.671107777481115,0.624161306695216,0.645151487562213,0.760309046806355,0.862556895640183,0.496566699432751,0.62895269816034,0.535598561292236,0.668272115061812,0.776219024322443,0.351780715204412,0.597758602705293,0.723274198245675,0.609125370285287,0.502507357467808,0.812252376970203,0.788079003014278,0.661552867347434,0.251897660269276,0.702431212521202,0.460895533907142,0.602866250137872,0.43921812530024,0.793717165736563,0.722437307019225,0.613121103828286,0.577662292873492,0.813920129947408,0.455128131288576,0.72873509438253,0.50105455847971,0.738115752668629,0.761577648492558,0.622388407971321,0.312497132104278,0.483965513810904,0.775081865206388,0.644591349270159,0.356742970336644
"P35052",0.643271712128886,0.615041723946651,0.601050936979958,0.671612642597014,0.736452379229675,0.70843342256952,0.760191616622049,0.480208547505422,0.704370161348672,0.734829245351277,0.627226573672549,0.421592745339218,0.647755227552275,0.710275426283675,0.441070457403267,0.520655162433977,0.590713379140045,0.543736057606305,0.657408412319417,0.7205255287847,0.628075030750307,0.744050116971758,0.718649157079806,0.549345802281552,0.713325736198538,0.688799049755203,0.78616477341244,0.753491064322408,0.670847502592673,0.678652654173601,0.552042993616892,0.324051409312393,0.571426331910378,0.766545333517573,1,0.752045799869763,0.658191037792731,0.724509803921569,0.762224151653281,0.746770614764971,0.666995875841111,0.725006029472059,0.743506861539204,0.721390155078021,0.537867864934724,0.666227118153534,0.630599570701589,0.585222327487248,0.575765742951547,0.714382702650556,0.77819803198032,0.423984334300589,0.572126353616477,0.516435508526421,0.656790391433326,0.711806912186769,0.358680630923956,0.659937172901141,0.711668234329402,0.640525890553023,0.470143260256132,0.780703277621012,0.749487494874949,0.600009044208089,0.209341698368104,0.670340636053971,0.557126835974242,0.572131355753395,0.449840082134192,0.774254154306249,0.759443359139474,0.646217109229916,0.559410677626802,0.765595229481707,0.403296134963375,0.708124713600077,0.496893305157774,0.687148180305332,0.719756771097123,0.594574078093722,0.258183106374867,0.402640908762029,0.724982514531028,0.595005185345971,0.360092758193988
"P35443",0.696733232038203,0.726649663555459,0.703240238284736,0.713972095603309,0.711669440223814,0.722040735113233,0.796610833755396,0.591526536627062,0.789553336709838,0.804728914936208,0.671850900627857,0.396094107999903,0.702930926368087,0.778266165014591,0.501113049955569,0.629942358247112,0.677046032146289,0.593409835807647,0.665964836118949,0.801766635313412,0.666634710464752,0.829640281696934,0.830839543689554,0.606820538793623,0.804568530979427,0.717928032221499,0.810891638328148,0.827257434339049,0.717651279453971,0.746258712587126,0.607315618639102,0.374457810137323,0.624224006945952,0.783136641787183,0.752045799869763,1,0.733236258833176,0.772520078141958,0.909361961266672,0.86890420374792,0.723418469478812,0.746820056435858,0.831803053324651,0.823211055639968,0.597475501230559,0.759951040686877,0.74667414321202,0.716857417622128,0.616982611002581,0.806646889998312,0.782895593661819,0.504667389286722,0.554795239128862,0.557300069105666,0.677889925958083,0.788174396449847,0.442628367460145,0.733619733256156,0.66695005185346,0.701369293104696,0.572886670043171,0.821888792417336,0.776120878855847,0.70031654728312,0.323761520241877,0.696814921785605,0.553378313194897,0.55427876787729,0.499901108276465,0.779399102814557,0.814034802112727,0.732861828618286,0.561902062992638,0.840032679738562,0.423395125766363,0.736213612136121,0.516328763986995,0.772512239828281,0.810014350143501,0.709920290379374,0.382395307202927,0.500892964812001,0.79853182355353,0.688560885608856,0.501348201350869
"P39059",0.606317680823867,0.707446397993392,0.710971830306538,0.74720473675325,0.650440754407544,0.630006873598148,0.694171912307358,0.491747758090289,0.574675011455997,0.720442322070279,0.697542342847569,0.23783071654246,0.580235993536406,0.694404046981646,0.340160361204662,0.50567976267998,0.485992589758708,0.611736757326419,0.665461978149193,0.69075078986084,0.554133806043943,0.777166389310952,0.762288064057111,0.455214890384198,0.60569302751851,0.530923353351181,0.772176398234571,0.705363818344066,0.725847140824349,0.67931107252249,0.586678615738169,0.293361510498555,0.580459084002605,0.647358275666541,0.658191037792731,0.733236258833176,1,0.748266526782915,0.752613173190555,0.689228348165835,0.505352965294359,0.743461640498758,0.752523937004076,0.737732436147891,0.571952997907827,0.622309046619878,0.55666799315052,0.591805860838413,0.409097870390469,0.65659805127463,0.71490967850855,0.427767087435374,0.546317198466102,0.347010861758911,0.544640402286376,0.685399633408099,0.343370595470661,0.643687745700986,0.590402286375805,0.692671779658973,0.475422665991366,0.712165062827099,0.691807756312857,0.575391915683863,0.102772266029379,0.554365200196669,0.474895087186166,0.554302891366076,0.397233099713414,0.74762378506138,0.771327448568603,0.673188143646142,0.417459594880448,0.71097906567301,0.331334542647211,0.566376649060608,0.393439311675182,0.580222728697875,0.69592528278224,0.543150519740492,0.296109022779482,0.419459518124593,0.656640257579046,0.523271953307768,0.3419951450403
"P49641",0.683567879796445,0.81110387574464,0.782048452837469,0.835055953500711,0.76621445626221,0.751310807225719,0.747246943057666,0.608538099352605,0.688025468489979,0.861217832766563,0.699422366242652,0.463881050575212,0.667902105491643,0.776887827701806,0.447642637425762,0.488591032969153,0.596028977732786,0.649289670544085,0.762294093529171,0.81183645659986,0.656441285001085,0.805761763499988,0.794782697826978,0.57748474543569,0.68013590430022,0.613178617080288,0.877888720063671,0.819022984347491,0.721780864867472,0.767877384656199,0.651715236960636,0.321667200436109,0.634197356679449,0.789389208082776,0.724509803921569,0.772520078141958,0.748266526782915,1,0.810613679666208,0.792013361310084,0.670038950389504,0.788928683404481,0.801831753611654,0.798703060560017,0.515552877047074,0.752338832211851,0.719540915997395,0.661382797614759,0.570155922147457,0.804656561271495,0.821646407640547,0.555478574029293,0.753336106890481,0.542990473480233,0.615354050599329,0.848348527602923,0.329706605889588,0.727013240720642,0.741338060439428,0.666212044473386,0.643628053927598,0.832550104912814,0.810157851578516,0.716333839808986,0.184026649535851,0.693021166528625,0.504589031184429,0.637660400691778,0.551429888464659,0.870809516918698,0.787064973590912,0.746196006077708,0.642090665447608,0.867134553698478,0.473634428760401,0.726823915297976,0.503548053532103,0.729917034464462,0.790560861490968,0.655250464269349,0.376907661644454,0.619440223814003,0.781384005016521,0.675615609097267,0.356243510738611
"P49746",0.678740684465668,0.731250753684007,0.771859850951451,0.743869232809975,0.697317487880761,0.750384680317391,0.753110001688252,0.497683776911902,0.735324265007356,0.79490569905699,0.655245434206892,0.444549357258278,0.663937124665364,0.765227431686082,0.489093798894246,0.547475460048718,0.608405712341815,0.607132263768121,0.703293900586065,0.809020693148108,0.653518196946675,0.843646745290982,0.793304874225213,0.579687311578998,0.741408605262523,0.657160601017775,0.84880676747944,0.804842269010925,0.697421797747389,0.742386585630562,0.591500007228568,0.297842012394418,0.603606227238743,0.813302711636252,0.762224151653281,0.909361961266672,0.752613173190555,0.810613679666208,1,0.870167981091576,0.674542363070689,0.797807683959193,0.835225984612787,0.821478788317295,0.520954468245521,0.753875744639799,0.659339049272846,0.670933081660898,0.592370909003208,0.793245182451824,0.84119214721559,0.523197030339756,0.596863468634686,0.49858577385252,0.640327520922268,0.800187516581048,0.42098618045004,0.781675228516991,0.698936401128717,0.692328702698792,0.496306948363601,0.851009936569954,0.835225381665581,0.728056339386923,0.18479117966525,0.651699261088933,0.539873501676193,0.588792846370689,0.548971973308054,0.798304512456889,0.843615994983479,0.75514615440272,0.534589075169069,0.832479560089718,0.440277793654892,0.741262089091479,0.515851228360243,0.731885054144659,0.848945445336806,0.613741166823433,0.363954737043806,0.474828762993512,0.782762342329306,0.630462098738634,0.34590770248672
"P49747",0.661726720208379,0.693441743240962,0.738580179919446,0.729432264910884,0.685777078359019,0.7560572076309,0.737479801268601,0.55650915063389,0.744794153823891,0.808618527361744,0.666914482560012,0.517254540192461,0.620262643802909,0.729044569857463,0.484756160079399,0.519303354798254,0.65162992195121,0.563557208438521,0.683794587945879,0.796057328220341,0.644333502158551,0.794574078093722,0.77916696814027,0.576627354508839,0.741264500880303,0.690717627764513,0.807280587511757,0.77403106384005,0.679534162988689,0.702529966476135,0.563988827767402,0.349959611235618,0.593189711308878,0.799741214903321,0.746770614764971,0.86890420374792,0.689228348165835,0.792013361310084,0.870167981091576,1,0.729694546945469,0.723401586957046,0.796207462074621,0.800056074090153,0.471854855323668,0.714988061645322,0.680554349661144,0.668323908844403,0.61537334490992,0.835289897016617,0.785129513059836,0.544526499673487,0.593668451390396,0.544482677991374,0.622217398644575,0.790279285145793,0.399815498154982,0.759181680052095,0.708590188843065,0.684601331307431,0.540405301111835,0.828359621831512,0.754124158888648,0.704458794587946,0.24176930448354,0.631300289719875,0.575526975857994,0.570460201067742,0.53556560192394,0.781693316933169,0.798908062610038,0.719424547186648,0.599147430083247,0.829253189590719,0.473753708808246,0.749239683573306,0.520905147076708,0.720611750235149,0.775109736391482,0.610119865904541,0.35449912023431,0.536357716518342,0.777743409787039,0.639019728432578,0.390767956234762
"P55290",0.589900031353255,0.657929358705352,0.61419337722789,0.612282637532258,0.652002387670936,0.636399319875552,0.702729542001302,0.625114333932978,0.725883317656706,0.757810578105781,0.59153748298784,0.585146998528809,0.662426741914478,0.630464510527458,0.478448073162395,0.66285001085305,0.609528403423903,0.463337716770607,0.568758893471288,0.704101246894822,0.626286689337482,0.597083544364855,0.75102681909172,0.569434797289149,0.725552902587849,0.738951595398307,0.664984443962087,0.722987965173769,0.616215662156622,0.661623616236162,0.510513897308404,0.454420554264785,0.639029375587874,0.620885259680587,0.666995875841111,0.723418469478812,0.505352965294359,0.670038950389504,0.674542363070689,0.729694546945469,1,0.607809975158575,0.741239177097653,0.705078021368449,0.437379798569785,0.550706051178159,0.689721558980296,0.647833430111491,0.610247690712201,0.757970359115356,0.540214769794757,0.544591625982838,0.538017630176302,0.647094818125222,0.589722161927502,0.652039167450498,0.34463376986711,0.676076863709814,0.576940887055929,0.581571521597569,0.513536767720618,0.722528519402841,0.629297204736753,0.665349227021682,0.315767326230109,0.596962945770463,0.623812194004293,0.49776165526215,0.514415229940923,0.685906712008297,0.65508827147095,0.67939427923691,0.595435072944464,0.717982297470034,0.391958475593412,0.780849793792056,0.438532060308954,0.687989291657622,0.647223428116634,0.646886983575718,0.426294656773055,0.569824301184188,0.751746738055616,0.625111545233099,0.460560890359887
"P78539",0.704150688565709,0.746599980705689,0.72968550273738,0.785107204013217,0.685506958010756,0.695759472300605,0.771340713407134,0.524571620825663,0.675001808841618,0.782506692713986,0.732458441231927,0.353874538745387,0.640881026457323,0.708329112702892,0.415288820193921,0.512732436147891,0.528895427538482,0.616757922577852,0.728532667679618,0.822773315968454,0.619581313460193,0.779766297662977,0.774846851409691,0.532027952632467,0.666312736656778,0.603287871114005,0.810260955550732,0.807172659961894,0.723028965583773,0.784160576899886,0.593416502807866,0.34310093643531,0.72979101849842,0.722156333451843,0.725006029472059,0.746820056435858,0.743461640498758,0.788928683404481,0.797807683959193,0.723401586957046,0.607809975158575,1,0.826203482623061,0.81926235438825,0.529057156841783,0.754018040180402,0.655009285386971,0.625688324568212,0.503781684875672,0.702188698357572,0.779677061476497,0.486070209838805,0.580339097508622,0.450508187504503,0.718906012589538,0.764658249523672,0.388885271205653,0.735729445529749,0.642406482888358,0.69211043581024,0.519771844777271,0.791836697778742,0.850595711839471,0.686841280177508,0.16339525790108,0.677819012794644,0.497908979089791,0.582963405305544,0.502316811936269,0.795793840291344,0.83410812049297,0.730339700455828,0.536245979086135,0.820690736319128,0.422663097452436,0.682638135204881,0.460428154103804,0.676583942310011,0.791523768178858,0.631324916190338,0.376005657507348,0.508646262933218,0.767587969997347,0.594320840267226,0.348415381084294
"P98160",0.791418252417818,0.795014832501266,0.780280611629646,0.738727299037696,0.739962134915467,0.746960543134843,0.820921665099004,0.602007574227477,0.75900260473193,0.837418903600801,0.681071336085714,0.440033885632974,0.64488941948243,0.744996141137882,0.447803022736403,0.602556496153197,0.62663165542954,0.601505085417409,0.736236524129947,0.863973904444927,0.675801919783904,0.770878252900176,0.863659166003425,0.577882690591612,0.739219906904951,0.684871451655693,0.837672141427297,0.837684200371415,0.688527120565323,0.749165521066975,0.604940804419065,0.427024485283322,0.722972288546415,0.730358832187162,0.743506861539204,0.831803053324651,0.752523937004076,0.801831753611654,0.835225984612787,0.796207462074621,0.741239177097653,0.826203482623061,1,0.829359911246171,0.538196221802749,0.760478016544871,0.72695415189446,0.678738289180359,0.517859296240021,0.815460169307575,0.736893133637219,0.557754979749653,0.57632407206425,0.537958129920625,0.657119600607771,0.784198562573861,0.429484118370595,0.792344379326146,0.643940983527482,0.688428237223549,0.527964088464414,0.804250777801896,0.808597424209536,0.725472107662253,0.28568852656777,0.69765362387754,0.576252321346743,0.628114736179144,0.567358698293346,0.788441502062079,0.843759496418494,0.770278923377469,0.58968776285077,0.842449895087186,0.427875696091476,0.76274449509201,0.477491008524854,0.768911439114391,0.828791934978173,0.66768564744471,0.435469569411112,0.564451438632033,0.805258302583026,0.661038757446398,0.46276709280964
"Q06828",0.745796252080168,0.792109832863034,0.774574319272604,0.772545401924608,0.711965487301932,0.712936835250705,0.765897306031884,0.638731301842302,0.732594120058848,0.835099365699539,0.715238560494225,0.471923160408075,0.637125871258713,0.770759472300605,0.426322244251869,0.523941224706365,0.576449414086906,0.622752929774891,0.695202349082314,0.856211562115621,0.614099317463763,0.772066058895883,0.823176084702023,0.560742107421074,0.760593782408412,0.743262064973591,0.805473554735547,0.800733786749632,0.763178617080288,0.756742155656851,0.576983970384865,0.388309761909941,0.707056291151147,0.726373951700414,0.721390155078021,0.823211055639968,0.737732436147891,0.798703060560017,0.821478788317295,0.800056074090153,0.705078021368449,0.81926235438825,0.829359911246171,1,0.5229010691635,0.715953380122036,0.721722378988496,0.686478372904077,0.54161421025975,0.760526855268553,0.725404577575188,0.522808081547801,0.616582857005041,0.541525421901969,0.700571593951234,0.779570942768251,0.384478330077418,0.82689325422666,0.620118539420688,0.712575669874346,0.593971130887779,0.778041265706775,0.801409690567494,0.678287268166799,0.2007728932194,0.681023083906466,0.56664676940887,0.611164969870857,0.502486260944857,0.802797675035574,0.846173697031088,0.8359983599836,0.575206736149106,0.85980211272701,0.414989212546966,0.691264500880303,0.435993644919272,0.704988785181969,0.810810240455346,0.710273617442057,0.43294928152702,0.599643055254082,0.805518775775993,0.620992812869305,0.383275671009118
"Q08378",0.493797423748871,0.479354550333245,0.380776265458068,0.522994023129816,0.555728909202603,0.466405579947695,0.606388217247574,0.435543314948975,0.635116425213837,0.504631993199326,0.50409908136466,0.0272596560179082,0.622592990842915,0.56966657177533,0.34075038739046,0.581842334168343,0.415787362807892,0.383739727221707,0.551634105907233,0.543535642491258,0.510917854272141,0.639529324225106,0.653152512665037,0.443133286926428,0.55419033998092,0.472926240325036,0.540641393994604,0.625042991812241,0.503386772209003,0.579028967694328,0.453367326457484,0.303319737756428,0.484219543635232,0.545561039987743,0.537867864934724,0.597475501230559,0.571952997907827,0.515552877047074,0.520954468245521,0.471854855323668,0.437379798569785,0.529057156841783,0.538196221802749,0.5229010691635,1,0.536130712239548,0.590980795532125,0.419141879778288,0.449349130725915,0.51036858083482,0.590249235745275,0.285391710336641,0.362156499530066,0.318512607149759,0.613221540966159,0.51753327940735,0.346978444744487,0.325048551860145,0.510131970738743,0.488428426798353,0.401326335180084,0.546772734188349,0.544397579269823,0.442874947331732,0.260746489161206,0.584461293556776,0.417068149735397,0.517297857376606,0.239764411829207,0.539432992432498,0.501810176364736,0.379782140896235,0.404024425426441,0.560130943464562,0.187694609834614,0.512324839307741,0.395511265080177,0.518374693881663,0.508388782071729,0.542611535202754,0.253504444458798,0.333022070659059,0.566619009593974,0.430366602890407,0.349196594081279
"Q0VD83",0.661290789378482,0.707255263729108,0.681973084436727,0.699536936545836,0.661387260931433,0.702385259146709,0.712200033765043,0.494732348559256,0.673653015941924,0.742563852109109,0.590153091161314,0.329952005402407,0.580647806478065,0.695912017943709,0.375917844145401,0.502665629597472,0.614244670687108,0.580553313131316,0.691755902853146,0.761822588814123,0.622129368352507,0.775579432264911,0.710684224489304,0.518906012589538,0.635493693172226,0.566696211079758,0.81509840098401,0.783445481513639,0.625640329932711,0.682510310397222,0.59450500957962,0.322040827092924,0.592003714154789,0.73185775984491,0.666227118153534,0.759951040686877,0.622309046619878,0.752338832211851,0.753875744639799,0.714988061645322,0.550706051178159,0.754018040180402,0.760478016544871,0.715953380122036,0.536130712239548,1,0.701123290644671,0.624718100611258,0.528595977136242,0.729182644767624,0.8001724429009,0.485042058381001,0.546447435062586,0.44120136891177,0.684913657960109,0.795078744905096,0.405047874008152,0.656885054144659,0.674436244362444,0.592549984323373,0.524237271784483,0.7432325205605,0.805239008272436,0.654652340641053,0.236183380379379,0.698073276398019,0.411943178255312,0.567663685630221,0.500655488026443,0.763881653522417,0.746988278706316,0.639181921230977,0.542394853229599,0.805302920676266,0.392318132184373,0.64779622796228,0.478853673318366,0.680362009502448,0.782081614933796,0.618966307310132,0.32805848118915,0.471501097363915,0.714856619154427,0.590211152111521,0.35602222724611
"Q13103",0.701480235390589,0.713549429611943,0.619919566842727,0.689248245423631,0.660493693172226,0.627399729879652,0.711620601500133,0.641872055731766,0.762794539710103,0.739989267539734,0.566817406287524,0.404267660323662,0.643080577864602,0.77518872247546,0.425933340021181,0.611442129127174,0.655488192753723,0.509524959907245,0.645570146877939,0.762788510238044,0.649583363480694,0.704826592383571,0.799650893567759,0.603455490437257,0.736657381279695,0.66549212550949,0.685657694812242,0.793234932349323,0.627300243590671,0.71003243855968,0.58498947032671,0.494662982110539,0.652774763041748,0.671107777481115,0.630599570701589,0.74667414321202,0.55666799315052,0.719540915997395,0.659339049272846,0.680554349661144,0.689721558980296,0.655009285386971,0.72695415189446,0.721722378988496,0.590980795532125,0.701123290644671,1,0.586664095965232,0.551444661505439,0.719486047801654,0.663700769360635,0.49421099850764,0.541222897523093,0.53304887965672,0.667835178351784,0.714117405879941,0.404496177314714,0.619958758411113,0.590843040783349,0.609992644044087,0.608543158961001,0.720299423582471,0.700274340978704,0.624793792055568,0.356871135774332,0.705434681028099,0.580601379543207,0.593530699568266,0.469930945547494,0.738599474230036,0.644891831271254,0.634611581409932,0.57432522467649,0.778455490437257,0.396445706225764,0.71780442804428,0.48833745851179,0.707289631719846,0.673971975013868,0.736257627282155,0.398763869200019,0.584996864674529,0.719921978631551,0.698946048284012,0.553461971215482
"Q13316",0.51654687288346,0.683348812719744,0.643970021228828,0.645610176084587,0.586387922831432,0.619664976460061,0.670056322410797,0.504777257153197,0.640057166501249,0.712655726800465,0.632374952396679,0.371501104810322,0.597815339990062,0.647951617740803,0.420893217790683,0.51566528964849,0.530567575437029,0.513562572365882,0.533603880385237,0.634171904959999,0.52661151431635,0.663867752820854,0.657128645957636,0.531527154898755,0.65426259594682,0.571443820702661,0.700838169865483,0.709807163734802,0.591735913057799,0.596576178876612,0.554652781364493,0.276185323251915,0.556222339443873,0.624161306695216,0.585222327487248,0.716857417622128,0.591805860838413,0.661382797614759,0.670933081660898,0.668323908844403,0.647833430111491,0.625688324568212,0.678738289180359,0.686478372904077,0.419141879778288,0.624718100611258,0.586664095965232,1,0.456677602659633,0.669696332539883,0.621214078601401,0.545901641728163,0.528853461284625,0.497300880769292,0.556982720058987,0.656315201508953,0.355039256441866,0.607596572311846,0.613782729909355,0.591521848729199,0.506438815586741,0.644999339000438,0.63480083198741,0.575994044431173,0.215149659284056,0.509833422960097,0.413384147446812,0.492099197469126,0.450732009483128,0.642085652139033,0.675503807325106,0.679774239931165,0.432005428430722,0.697796044406917,0.391963105941943,0.549933672167879,0.459259216114301,0.589588033794487,0.673156938685911,0.628494074768154,0.327246413427859,0.423778025847071,0.683555038072931,0.545284556749535,0.431847976904435
"Q13740",0.495245158333936,0.494997347032294,0.469065793599112,0.549698526397029,0.515981718640716,0.561633866338663,0.551608663145455,0.467442941564215,0.643383257361985,0.601436823191761,0.495735880309504,0.318425463666401,0.571316595518896,0.545907194366061,0.362886236179696,0.501001495309071,0.528692233717503,0.402211798488177,0.506487711935943,0.576018377830837,0.451674987338109,0.575088030292068,0.618272315076092,0.501310204278513,0.591130646600584,0.554494971420302,0.536421025974966,0.652375009044208,0.503289077008417,0.546032607384897,0.48253475039301,0.207689340608873,0.451477220654559,0.645151487562213,0.575765742951547,0.616982611002581,0.409097870390469,0.570155922147457,0.592370909003208,0.61537334490992,0.610247690712201,0.503781684875672,0.517859296240021,0.54161421025975,0.449349130725915,0.528595977136242,0.551444661505439,0.456677602659633,1,0.621519788727299,0.58036623013289,0.349386368089064,0.424995176422352,0.423208628791391,0.57362829510648,0.575803125678316,0.291960301955961,0.452909220268673,0.558998384101488,0.429540192460748,0.466710078865495,0.620044376914357,0.569759182885947,0.525287605817235,0.276733815734703,0.570838973421586,0.441318766128838,0.397172737896584,0.341887797192993,0.587214504497986,0.522465812893423,0.481257989050479,0.425785717948411,0.607335455707498,0.341317132235066,0.616971155005668,0.437501620427489,0.590627185683621,0.609278151605045,0.541608783734896,0.277373834233526,0.387081253165473,0.613831608904324,0.524548995489955,0.35011208884423
"Q14515",0.666600945421219,0.73155644791742,0.731294165882835,0.71209512095121,0.68932120203555,0.777870631647493,0.762122253575477,0.596049849293363,0.77544437209078,0.813297397679859,0.641870014395118,0.508466584665847,0.654595060656489,0.749709982393941,0.507099763298996,0.568269300340062,0.651594347958813,0.547774938938609,0.661444540915997,0.791495429660179,0.64680498275571,0.764056508212141,0.808174155270964,0.547055808793382,0.739397776330704,0.651460941079999,0.799653305356583,0.818070930709307,0.639630513952198,0.719933434628464,0.57575796802089,0.396803581481351,0.630124448303307,0.760309046806355,0.714382702650556,0.806646889998312,0.65659805127463,0.804656561271495,0.793245182451824,0.835289897016617,0.757970359115356,0.702188698357572,0.815460169307575,0.760526855268553,0.51036858083482,0.729182644767624,0.719486047801654,0.669696332539883,0.621519788727299,1,0.750945421218918,0.532738034659631,0.592939488218412,0.548728793294607,0.634728553167885,0.794543930733425,0.35303161855148,0.705989677543834,0.725081397872802,0.583037286255215,0.525098280394569,0.791219882787063,0.751142584955261,0.694659696596966,0.247967459461165,0.66526440822363,0.583815691098087,0.568725722224026,0.530221023407504,0.781274871572245,0.755755131080723,0.692284687552758,0.601654492123698,0.814057111159347,0.429657631019422,0.766596724790777,0.502201668362231,0.730561585027615,0.761888913006777,0.670754648722958,0.424956472231622,0.569324457950462,0.801904710223573,0.659284784024311,0.431464824381398
"Q14520",0.675619829727709,0.686881677640306,0.71759942599426,0.773387116224103,0.724281889877722,0.735783710778284,0.741981405108169,0.410708590013213,0.697402503436799,0.742829148879724,0.62490639085527,0.326398234570581,0.656755420495381,0.790553023177291,0.450674884520544,0.462510551576104,0.631516145470351,0.628060519127974,0.758614909678509,0.780652630055712,0.628440416757109,0.899521259918481,0.732054482309529,0.557582664061935,0.668806526300557,0.548056098208041,0.878747316884934,0.804863975110339,0.670594867713383,0.710772254781371,0.66751335989672,0.223881438663353,0.520495381424402,0.862556895640183,0.77819803198032,0.782895593661819,0.71490967850855,0.821646407640547,0.84119214721559,0.785129513059836,0.540214769794757,0.779677061476497,0.736893133637219,0.725404577575188,0.590249235745275,0.8001724429009,0.663700769360635,0.621214078601401,0.58036623013289,0.750945421218918,1,0.480690656082162,0.628166075778405,0.434606223215545,0.65874695511661,0.817373320792032,0.386891324795601,0.599782939005861,0.759641125823023,0.658110242867135,0.504693341051058,0.82590200902009,0.834117767648265,0.689980223331645,0.166759797240378,0.703988206320296,0.438046571642187,0.631449205416594,0.484293105823468,0.840882835298941,0.761474688276294,0.616473120613559,0.516455986230991,0.808566673902033,0.454951661469635,0.675971347948774,0.528234595408532,0.680383715601862,0.787001061187082,0.579249571907484,0.250333069028736,0.425654197718448,0.733716204809107,0.614476762414683,0.343297521998887
"Q14956",0.479861501680707,0.611469712450775,0.652756777472192,0.514550306730688,0.362951937118258,0.552147483910282,0.495513524694654,0.392769772256869,0.470637083586843,0.586415983056398,0.391132774184028,0.471859407929934,0.44368082172949,0.572152718287216,0.392976673897399,0.361482374008187,0.350908245914006,0.452196872080228,0.468674248985579,0.544313030103949,0.456128992136213,0.534524183995712,0.510063827642085,0.407325868598621,0.461458495118077,0.443048252298852,0.56102878283729,0.506824999794655,0.404135885483203,0.464724458927737,0.414324581880413,0.293809304906685,0.364074159911791,0.496566699432751,0.423984334300589,0.504667389286722,0.427767087435374,0.555478574029293,0.523197030339756,0.544526499673487,0.544591625982838,0.486070209838805,0.557754979749653,0.522808081547801,0.285391710336641,0.485042058381001,0.49421099850764,0.545901641728163,0.349386368089064,0.532738034659631,0.480690656082162,1,0.488047516953258,0.373071676145307,0.325021289113932,0.572410811439087,0.266743493608582,0.557026529919138,0.492881336358397,0.404065331981406,0.423738301576375,0.497884604772125,0.571496028001263,0.519092866807898,0.148638086787571,0.417133459876127,0.451014164766653,0.488820707755383,0.414909849274355,0.53932845535309,0.471821417582812,0.497964806616048,0.350977593582102,0.527304811999912,0.368670347097042,0.413085928847859,0.316736127169078,0.430199675693899,0.573509516398689,0.426249885636056,0.410049735372339,0.406408673075265,0.507000479017072,0.422364015844799,0.213295890809784
"Q16706",0.533270626823915,0.594575283988134,0.608904927284567,0.674328919759786,0.611399922822758,0.596495670839061,0.578491667269614,0.43895668364374,0.547043146902057,0.643476111231701,0.507956635335651,0.442990135783711,0.565265417360056,0.685951933048742,0.309231923199719,0.348233967633794,0.469961381117169,0.523287185742896,0.58521513156308,0.58878759375829,0.512345946988882,0.621035019173721,0.570684103899863,0.508303788920242,0.561549453729831,0.497484504256807,0.711335407471722,0.642780310156043,0.52483358657116,0.586610351397632,0.533255547651675,0.190918996452247,0.47398644574681,0.62895269816034,0.572126353616477,0.554795239128862,0.546317198466102,0.753336106890481,0.596863468634686,0.593668451390396,0.538017630176302,0.580339097508622,0.57632407206425,0.616582857005041,0.362156499530066,0.546447435062586,0.541222897523093,0.528853461284625,0.424995176422352,0.592939488218412,0.628166075778405,0.488047516953258,1,0.483800096804002,0.486638086969105,0.680855823264115,0.174409714685382,0.583031256783156,0.635394206883245,0.550364783059595,0.634099679232086,0.670611147287943,0.613609724332537,0.485916359163592,0.151090570207371,0.527345245598608,0.428968598509514,0.546153373766934,0.455923361844652,0.663559076767238,0.622869787521405,0.596151387984468,0.591328387144196,0.677835057762342,0.483220427326237,0.544034440344403,0.447424955459174,0.485555796734438,0.596440199696115,0.515382389118009,0.347312730465915,0.59613329956829,0.622936111714058,0.590060415310035,0.289186774131108
"Q53EL9",0.488547032869163,0.530725192001078,0.405819890577867,0.444115783707082,0.57351399042344,0.493695832340882,0.555981039966421,0.51780493195099,0.581537380388921,0.620599589623736,0.563822144549581,0.385129355726673,0.490661944640917,0.485284457134534,0.414012709937187,0.487980441669826,0.523157738297242,0.395914735353244,0.406163827727625,0.579990870012029,0.46647652562938,0.447607047476374,0.572840597688125,0.383027718722102,0.577361259312656,0.569267271721698,0.521636803668366,0.583660739739791,0.480086782383639,0.519855571271728,0.418276527757535,0.410409597623285,0.506814922709347,0.535598561292236,0.516435508526421,0.557300069105666,0.347010861758911,0.542990473480233,0.49858577385252,0.544482677991374,0.647094818125222,0.450508187504503,0.537958129920625,0.541525421901969,0.318512607149759,0.44120136891177,0.53304887965672,0.497300880769292,0.423208628791391,0.548728793294607,0.434606223215545,0.373071676145307,0.483800096804002,1,0.49391908978897,0.502245385805641,0.25169380959097,0.469178544149755,0.455334772172765,0.414441851863628,0.416755281744628,0.561415246932588,0.504223326116,0.473918239432815,0.306435645934413,0.508198237379306,0.385864898508347,0.359010123875053,0.419950645596236,0.515582303035619,0.51312647110665,0.513072768639407,0.522912154363974,0.636826182310184,0.308009223030226,0.611926339464766,0.353225121081458,0.585163202025574,0.496599989361553,0.547903947533697,0.31340164971156,0.48298731901326,0.623635890917734,0.480389085036321,0.412357573857299
"Q5JRA6",0.645874032269734,0.567214142729663,0.490785760798784,0.626843812555773,0.680082844946096,0.586410775872465,0.71610894050117,0.517666665259883,0.718943998263512,0.636301039480983,0.639128363857132,0.290252152521525,0.657327617393821,0.603413887080047,0.381697141899127,0.607006246533053,0.587904842587755,0.503935167439275,0.611489159009237,0.70233762631744,0.582850975568579,0.670840870173408,0.717277452186287,0.52039770397704,0.706088560885609,0.663991992861105,0.673848973783856,0.768927115741746,0.607165424595422,0.699477244772448,0.492327089982892,0.365922342360227,0.730405421701276,0.668272115061812,0.656790391433326,0.677889925958083,0.544640402286376,0.615354050599329,0.640327520922268,0.622217398644575,0.589722161927502,0.718906012589538,0.657119600607771,0.700571593951234,0.613221540966159,0.684913657960109,0.667835178351784,0.556982720058987,0.57362829510648,0.634728553167885,0.65874695511661,0.325021289113932,0.486638086969105,0.49391908978897,1,0.626663531341196,0.293899380170272,0.586966090249138,0.637253696066372,0.588846079637267,0.536818971130888,0.692558425584256,0.73116272339194,0.530103948098305,0.312507758091118,0.685049577486585,0.473074789571425,0.540283525858072,0.386282231400373,0.665477051829342,0.717905120227673,0.583144610857873,0.577513016164673,0.761572365723657,0.307223624955818,0.689684176253527,0.455942213367643,0.615403492270217,0.667329908593204,0.675139280804573,0.234719504458276,0.477343052842293,0.794950920097436,0.571423920121554,0.419664445003393
"Q6P4E1",0.70624894484239,0.814569616284398,0.818898777223066,0.798415454742783,0.68365771893013,0.777063285338736,0.768155946265345,0.597146610922263,0.720183054771724,0.813165955188964,0.675917853097334,0.415092974459156,0.637411065287123,0.763730313773726,0.420424767848197,0.498350939391747,0.606859751045106,0.647689313563504,0.744613269662108,0.803943274726865,0.604940549405494,0.810149410317633,0.782179292381159,0.553362636567542,0.638215999807057,0.584004413573547,0.876205894411885,0.840269035043292,0.684035766828257,0.753491667269614,0.636265074361007,0.309304926513281,0.583997781154282,0.776219024322443,0.711806912186769,0.788174396449847,0.685399633408099,0.848348527602923,0.800187516581048,0.790279285145793,0.652039167450498,0.764658249523672,0.784198562573861,0.779570942768251,0.51753327940735,0.795078744905096,0.714117405879941,0.656315201508953,0.575803125678316,0.794543930733425,0.817373320792032,0.572410811439087,0.680855823264115,0.502245385805641,0.626663531341196,1,0.347869184574199,0.688135807828667,0.708032462677568,0.61471794129706,0.621710320044377,0.818364565998601,0.820990401080481,0.68443793261462,0.200052050525967,0.707786785169465,0.477678291488797,0.634729999891494,0.532493810999566,0.849813689313364,0.730894411885295,0.686392687456286,0.599462169473606,0.850241781829583,0.452289355021051,0.708050551093746,0.499832681648202,0.716282589296481,0.832724356655331,0.663658563056219,0.39131794906622,0.560298941224706,0.759556713214191,0.630187757759931,0.35731857468174
"Q6Q788",0.388245544220148,0.362998335865712,0.389033596218315,0.35105214287437,0.278723801943902,0.310292308805441,0.394832742445071,0.32653047688938,0.516509900393122,0.365621156211562,0.31407967493637,0.123590309432506,0.327564334466874,0.357576634589875,0.283233223163942,0.394794153823891,0.291136950827815,0.205202668394832,0.397731712611244,0.436398716928346,0.368778187781878,0.431305621879748,0.441060101777488,0.338553047295179,0.375551093746232,0.345293997057618,0.372391047439886,0.343409184091841,0.332453030412657,0.333544967802619,0.276076072909744,0.20078599961696,0.246606613124955,0.351780715204412,0.358680630923956,0.442628367460145,0.343370595470661,0.329706605889588,0.42098618045004,0.399815498154982,0.34463376986711,0.388885271205653,0.429484118370595,0.384478330077418,0.346978444744487,0.405047874008152,0.404496177314714,0.355039256441866,0.291960301955961,0.35303161855148,0.386891324795601,0.266743493608582,0.174409714685382,0.25169380959097,0.293899380170272,0.347869184574199,1,0.311326363263633,0.263271470950004,0.376158864529822,0.242224392832164,0.38004968284977,0.376190820731737,0.368705834117165,0.246914106838438,0.315837360531789,0.267435424354244,0.29381625328004,0.247901487479217,0.403283047536358,0.338420398909871,0.319767021199624,0.229174894409594,0.342549984323373,0.182895064223663,0.338872609314328,0.306978230526895,0.407674914984444,0.406257386103273,0.299637025782023,0.306691086070058,0.264987458698116,0.356036707425898,0.316680534452403,0.201533187104483
"Q6UVK1",0.668413404722282,0.727631261606734,0.786521718158358,0.696979837445433,0.630393965704363,0.681270047994598,0.646388346236404,0.543490909661067,0.602555893205991,0.762264549116079,0.57881506681201,0.625683139184333,0.528873935798181,0.662453271591539,0.381402901178854,0.443936159949835,0.495967175457405,0.568055574329681,0.595488146057931,0.75943793261462,0.544938861153317,0.640305814822854,0.716186720690736,0.487898849576731,0.680377083182596,0.699166726961387,0.756672816728167,0.692603043677496,0.674282492824928,0.673438969683814,0.432107638894923,0.347394323204173,0.65687600993657,0.597758602705293,0.659937172901141,0.733619733256156,0.643687745700986,0.727013240720642,0.781675228516991,0.759181680052095,0.676076863709814,0.735729445529749,0.792344379326146,0.82689325422666,0.325048551860145,0.656885054144659,0.619958758411113,0.607596572311846,0.452909220268673,0.705989677543834,0.599782939005861,0.557026529919138,0.583031256783156,0.469178544149755,0.586966090249138,0.688135807828667,0.311326363263633,1,0.586805103345151,0.650919494489063,0.494852036755662,0.714328437402021,0.733636615777922,0.629212792127921,0.121981388915491,0.530980425262359,0.621028386754456,0.56098087614927,0.56279382642497,0.717741721534862,0.842123700648771,0.803772037720377,0.529593642507901,0.778343342256952,0.409098473534396,0.650920700383474,0.430151068879837,0.620468851747341,0.747765477654776,0.558955574849866,0.375598515465583,0.552602320140848,0.723060921785688,0.612188577768131,0.298736935541778
"Q6UWP8",0.524094373296674,0.573859223886356,0.591421870101054,0.711536188891301,0.658460555193787,0.664705279405735,0.691275956877216,0.365971086252319,0.647430841955478,0.702798880929986,0.601142002763423,0.373123628295106,0.648566191544268,0.699716011866001,0.452145485169615,0.477224875189928,0.563608408729645,0.525586417531501,0.62333707160601,0.610872344017558,0.566955478378313,0.731830185948918,0.66199985529267,0.477341244000675,0.588930492246099,0.536281745170393,0.770803487446639,0.725267105612233,0.55458300171237,0.649284904613752,0.549703759396597,0.295704071169152,0.534142488483708,0.723274198245675,0.711668234329402,0.66695005185346,0.590402286375805,0.741338060439428,0.698936401128717,0.708590188843065,0.576940887055929,0.642406482888358,0.643940983527482,0.620118539420688,0.510131970738743,0.674436244362444,0.590843040783349,0.613782729909355,0.558998384101488,0.725081397872802,0.759641125823023,0.492881336358397,0.635394206883245,0.455334772172765,0.637253696066372,0.708032462677568,0.263271470950004,0.586805103345151,1,0.546587318814365,0.490536140655524,0.708924824542363,0.710951330101536,0.590815908159082,0.121137371923432,0.586820137294159,0.476895063068278,0.540885406903284,0.412165718217589,0.716805947471239,0.702271905071992,0.590100209825628,0.559130909279816,0.738522899934882,0.438200383278478,0.635067409497624,0.576492223467587,0.558207920314497,0.69480621276801,0.541923522176398,0.273891045623656,0.445902370788414,0.668120372380194,0.530558570291585,0.32075192976025
"Q6YHK3",0.605752116344693,0.646371463714637,0.601571883365892,0.705899838410149,0.666357957697224,0.562022767286496,0.655270361527145,0.425944472146613,0.586409569978053,0.658031859730362,0.598684948454583,0.347773315968454,0.609695994018764,0.69018160769843,0.321621386970565,0.531394255119022,0.47979065610116,0.505265381267144,0.6531757229337,0.627035549767262,0.62056411740588,0.721147167354026,0.724091358560644,0.512190989556954,0.678439210862697,0.612607023129055,0.705279405735234,0.630464510527458,0.708651086510865,0.675936979958035,0.540066403873386,0.274594466857689,0.600359356534742,0.609125370285287,0.640525890553023,0.701369293104696,0.692671779658973,0.666212044473386,0.692328702698792,0.684601331307431,0.581571521597569,0.69211043581024,0.688428237223549,0.712575669874346,0.488428426798353,0.592549984323373,0.609992644044087,0.591521848729199,0.429540192460748,0.583037286255215,0.658110242867135,0.404065331981406,0.550364783059595,0.414441851863628,0.588846079637267,0.61471794129706,0.376158864529822,0.650919494489063,0.546587318814365,1,0.537163856932687,0.66741371825483,0.640790584376432,0.558924824542363,0.240550910436054,0.569023493911293,0.546831512432771,0.543697602608516,0.378276519521303,0.69545860164484,0.690623568000386,0.642359453006295,0.473691826726662,0.696500494416709,0.3460507942353,0.559552492583749,0.428473664695966,0.550008441260883,0.633617924414538,0.535981477461833,0.317193293863587,0.455202228492873,0.613419795962665,0.61362118032945,0.378709513274223
"Q6ZRP7",0.463280515158093,0.578959554301425,0.539086655572438,0.593120372380194,0.478912524419362,0.518499023225526,0.563693533994163,0.525290937276063,0.553897450739213,0.580003858862118,0.492433478726801,0.355319200250826,0.529128379519089,0.58648433543159,0.277680032521081,0.465951571280419,0.50476420171286,0.462411511675591,0.504661987796349,0.567545763692931,0.451154040952174,0.546932204616164,0.600218266888551,0.441321780864868,0.549423582471119,0.527849528495285,0.582013481899525,0.612676362057738,0.571157417456527,0.583157272749198,0.489265400852591,0.283632731088949,0.45877227889926,0.502507357467808,0.470143260256132,0.572886670043171,0.475422665991366,0.643628053927598,0.496306948363601,0.540405301111835,0.513536767720618,0.519771844777271,0.527964088464414,0.593971130887779,0.401326335180084,0.524237271784483,0.608543158961001,0.506438815586741,0.466710078865495,0.525098280394569,0.504693341051058,0.423738301576375,0.634099679232086,0.416755281744628,0.536818971130888,0.621710320044377,0.242224392832164,0.494852036755662,0.490536140655524,0.537163856932687,1,0.549051564045052,0.538473458263994,0.40372561078552,0.331451115741772,0.52712758100106,0.390451728046692,0.463997214182777,0.371251923432172,0.559361961266671,0.535035453295709,0.550565564479174,0.598914088811083,0.58263692931047,0.381994655962324,0.499315654921255,0.409075588706212,0.480465113474664,0.551233629983359,0.554683090948557,0.322227215007017,0.637365844246678,0.574409111738176,0.504127173624677,0.399029608589645
"Q7LGC8",0.715540964233172,0.72726768444155,0.736127390685672,0.770897547210766,0.759093046812821,0.753043677495598,0.781046354581193,0.571179467947109,0.751316233750573,0.821233388804476,0.651903840346871,0.450686756867569,0.684615199093167,0.778181752405759,0.488897839398162,0.573730796131491,0.635006617368421,0.611608921727367,0.718205387936232,0.796711525938789,0.683752984588669,0.822682270940356,0.817029037937438,0.615826158261583,0.7308238670622,0.657600149530907,0.852999059402359,0.831850083206714,0.67911632057497,0.74799821527627,0.638243081126299,0.320139495963736,0.649944528857053,0.812252376970203,0.780703277621012,0.821888792417336,0.712165062827099,0.832550104912814,0.851009936569954,0.828359621831512,0.722528519402841,0.791836697778742,0.804250777801896,0.778041265706775,0.546772734188349,0.7432325205605,0.720299423582471,0.644999339000438,0.620044376914357,0.791219882787063,0.82590200902009,0.497884604772125,0.670611147287943,0.561415246932588,0.692558425584256,0.818364565998601,0.38004968284977,0.714328437402021,0.708924824542363,0.66741371825483,0.549051564045052,1,0.816329619178545,0.71080963750814,0.215610845429173,0.717616663102479,0.55959108120493,0.606741325114718,0.554240571130247,0.843848129657767,0.810853652654174,0.716980199213757,0.594513163887261,0.854868195740781,0.429865916991293,0.79585534090635,0.528792926204457,0.733904927284567,0.796684393314521,0.648956901333719,0.36279622737073,0.531998408219376,0.801986108096375,0.687482213057425,0.384228335636232
"Q8IUX7",0.725209825627668,0.75113233485276,0.750944818271712,0.761338422207751,0.707264307937197,0.760793357933579,0.781886260039071,0.493834559628288,0.725541446590936,0.818630465716422,0.687306525928096,0.40296469141162,0.647516460458722,0.753646624701541,0.417400962085554,0.501132937799966,0.621235261667626,0.659497825526854,0.724825748257483,0.823628898053686,0.633828955936618,0.807497648505897,0.765603067795384,0.553699684055664,0.704886887104165,0.635480428333695,0.85063309456624,0.845910812049297,0.695533367098377,0.770146274992162,0.62998791813542,0.317220499982543,0.638844873742855,0.788079003014278,0.749487494874949,0.776120878855847,0.691807756312857,0.810157851578516,0.835225381665581,0.754124158888648,0.629297204736753,0.850595711839471,0.808597424209536,0.801409690567494,0.544397579269823,0.805239008272436,0.700274340978704,0.63480083198741,0.569759182885947,0.751142584955261,0.834117767648265,0.571496028001263,0.613609724332537,0.504223326116,0.73116272339194,0.820990401080481,0.376190820731737,0.733636615777922,0.710951330101536,0.640790584376432,0.538473458263994,0.816329619178545,1,0.704030702071727,0.160749740945383,0.725647944097864,0.500728360224779,0.631720594665437,0.54719366324995,0.826204688517473,0.825920700383474,0.69345681692111,0.56588152654891,0.860252514289849,0.427477288622026,0.730309553095531,0.500679222077445,0.695741383884427,0.867928032221499,0.639175288811712,0.316241077557883,0.519396811615175,0.780050888744181,0.615129151291513,0.323853516369031
"Q8IZF2",0.585935653474182,0.674787762583508,0.693589465306418,0.60981839230157,0.632196174902925,0.625599932469913,0.647758845235511,0.555455801229993,0.623477558304995,0.702791645563514,0.55619871096655,0.386039360393604,0.541537033017389,0.632326411499409,0.430066578007805,0.484744229795239,0.508386719447115,0.529358773699745,0.648425101898078,0.719436003183561,0.616696814026964,0.672101632781034,0.679631237488845,0.517207510310397,0.564778236017654,0.541903021971396,0.728995128186576,0.687798760340545,0.532670091406796,0.628073824855896,0.496746246560959,0.366185510732394,0.554554060246485,0.661552867347434,0.600009044208089,0.70031654728312,0.575391915683863,0.716333839808986,0.728056339386923,0.704458794587946,0.665349227021682,0.686841280177508,0.725472107662253,0.678287268166799,0.442874947331732,0.654652340641053,0.624793792055568,0.575994044431173,0.525287605817235,0.694659696596966,0.689980223331645,0.519092866807898,0.485916359163592,0.473918239432815,0.530103948098305,0.68443793261462,0.368705834117165,0.629212792127921,0.590815908159082,0.558924824542363,0.40372561078552,0.71080963750814,0.704030702071727,1,0.231314051579043,0.56758666638787,0.427493789643779,0.512853309846693,0.455225666104663,0.739217495116128,0.637470757060512,0.617307599546584,0.49411371015862,0.72468345271688,0.381882641704196,0.672489930781661,0.459391081783078,0.727551672575549,0.708851867930444,0.578293297638859,0.350471862326388,0.47749801027422,0.693145093215638,0.582816004630634,0.356946553115329
"Q8NG11",0.294356235217341,0.193829624750584,0.12732217796229,0.118277665177515,0.253927760620754,0.206275689841238,0.304973495696878,0.385987831035893,0.352762089713786,0.22470329303952,0.17330997986718,0.0912272543055161,0.231815243552759,0.198301519237622,0.183155053652598,0.347944336358687,0.384341983368984,0.115570305371193,0.184975637728216,0.255976822721531,0.301783099331499,0.215047156151227,0.303276360163602,0.241607296908501,0.336787050629019,0.320139103676393,0.169688068989963,0.282101302659036,0.186956134825324,0.21200541842212,0.298201615032236,0.257378322843821,0.208430329912266,0.251897660269276,0.209341698368104,0.323761520241877,0.102772266029379,0.184026649535851,0.18479117966525,0.24176930448354,0.315767326230109,0.16339525790108,0.28568852656777,0.2007728932194,0.260746489161206,0.236183380379379,0.356871135774332,0.215149659284056,0.276733815734703,0.247967459461165,0.166759797240378,0.148638086787571,0.151090570207371,0.306435645934413,0.312507758091118,0.200052050525967,0.246914106838438,0.121981388915491,0.121137371923432,0.240550910436054,0.331451115741772,0.215610845429173,0.160749740945383,0.231314051579043,1,0.338869293139834,0.233222949822763,0.125449078649756,0.136752428624536,0.18146911422203,0.16084864444625,0.18666488525222,0.295763012826268,0.254573970611079,0.168961137297699,0.282689262734741,0.212294274157666,0.358860127650656,0.176699902462448,0.290792675336422,0.221266442114946,0.293958194134098,0.29459772965504,0.336308309143229,0.484475910745717
"Q8TB73",0.680437017455452,0.641440686400084,0.561619882849557,0.654145425277993,0.652115898864294,0.607249859063425,0.710543468105718,0.531050084595344,0.710147330597162,0.696583992309536,0.600656623432337,0.281894948192886,0.646506061147998,0.686433948444948,0.40019089527819,0.525592472786777,0.654546550819712,0.568054271875399,0.666691588562675,0.768453707084827,0.576601357240873,0.732763948475306,0.7333825741736,0.524213528369626,0.716212997775358,0.621194864083039,0.704667729869981,0.770187788476924,0.61501885723351,0.666835693379334,0.598182407832949,0.342078266888698,0.55852494551102,0.702431212521202,0.670340636053971,0.696814921785605,0.554365200196669,0.693021166528625,0.651699261088933,0.631300289719875,0.596962945770463,0.677819012794644,0.69765362387754,0.681023083906466,0.584461293556776,0.698073276398019,0.705434681028099,0.509833422960097,0.570838973421586,0.66526440822363,0.703988206320296,0.417133459876127,0.527345245598608,0.508198237379306,0.685049577486585,0.707786785169465,0.315837360531789,0.530980425262359,0.586820137294159,0.569023493911293,0.52712758100106,0.717616663102479,0.725647944097864,0.56758666638787,0.338869293139834,1,0.502875765370702,0.564046259678241,0.429356137133856,0.728951501798593,0.633909853094351,0.532520960017856,0.50922755967706,0.74975686080961,0.364412543457919,0.696644890160927,0.429835213535041,0.709313452097416,0.680088512919766,0.640737647838475,0.321755101691759,0.468382860573182,0.687449917549845,0.64888529799543,0.444281311865865
"Q8WWA0",0.51856534741818,0.522852904999638,0.488488531944143,0.512464727588452,0.501441646769409,0.478433784337843,0.571429949593613,0.512780981104319,0.602479318910836,0.581378578491667,0.439753631387177,0.488569929816945,0.545351879989388,0.57020898150158,0.330094675581219,0.549932469912934,0.407047268190561,0.388409171779241,0.444141764947061,0.537556978510962,0.508966427899573,0.539447820948798,0.643188505414466,0.465727877867014,0.647618358536526,0.58910414104141,0.500685550973157,0.532876902298435,0.506048163422811,0.509234136459012,0.325868171870072,0.387257692018457,0.541546077225478,0.460895533907142,0.557126835974242,0.553378313194897,0.474895087186166,0.504589031184429,0.539873501676193,0.575526975857994,0.623812194004293,0.497908979089791,0.576252321346743,0.56664676940887,0.417068149735397,0.411943178255312,0.580601379543207,0.413384147446812,0.441318766128838,0.583815691098087,0.438046571642187,0.451014164766653,0.428968598509514,0.385864898508347,0.473074789571425,0.477678291488797,0.267435424354244,0.621028386754456,0.476895063068278,0.546831512432771,0.390451728046692,0.55959108120493,0.500728360224779,0.427493789643779,0.233222949822763,0.502875765370702,1,0.481205704908295,0.386603641797447,0.530688203940863,0.591192750162796,0.538679666208427,0.4049321230155,0.557018305477172,0.251876471791151,0.582881725876082,0.407166049148225,0.468517111641705,0.480827484745436,0.426990931674023,0.348378680358323,0.395034729759062,0.557287219931023,0.545004582398765,0.290375796058114
"Q92696",0.596216850044591,0.627467623592459,0.625201221821011,0.643196138280953,0.570407129392413,0.548053701596054,0.590499583202301,0.461408438953829,0.579616874323701,0.586081969318358,0.524028948657971,0.383337917077793,0.4774647548848,0.603210852530882,0.329893303137865,0.411339859773402,0.390198004372638,0.506689108936954,0.787406354243865,0.606959642688232,0.547552536116524,0.593655538622734,0.672253483610951,0.447546201005141,0.557266461963441,0.516768552076666,0.645214068117905,0.627391634602783,0.5282477142155,0.575220971579666,0.416424285222376,0.239262922427565,0.477250658921824,0.602866250137872,0.572131355753395,0.55427876787729,0.554302891366076,0.637660400691778,0.588792846370689,0.570460201067742,0.49776165526215,0.582963405305544,0.628114736179144,0.611164969870857,0.517297857376606,0.567663685630221,0.593530699568266,0.492099197469126,0.397172737896584,0.568725722224026,0.631449205416594,0.488820707755383,0.546153373766934,0.359010123875053,0.540283525858072,0.634729999891494,0.29381625328004,0.56098087614927,0.540885406903284,0.543697602608516,0.463997214182777,0.606741325114718,0.631720594665437,0.512853309846693,0.125449078649756,0.564046259678241,0.481205704908295,1,0.435983767905635,0.663318143364604,0.596726458745196,0.555416190373552,0.473503899343112,0.632603514355006,0.344400887469593,0.542106055435857,0.459681701685594,0.574426102624166,0.622150203576797,0.529807297765518,0.260258669818937,0.491081861217297,0.600637479364632,0.524278194135758,0.222605593463487
"Q92752",0.475732011250768,0.557360000743868,0.545134345227427,0.45723312428826,0.480985533538389,0.459268924476851,0.464823957455911,0.482152067605202,0.4425887500051,0.565809536360736,0.463407400309903,0.445140736497434,0.347741325756577,0.455231696318492,0.347462044779537,0.368659534507185,0.38200193121867,0.440945955401965,0.472375594233676,0.571920555054808,0.423284829496452,0.476880163963765,0.51934915089562,0.424710975066955,0.481446241874907,0.475601758632066,0.565085307679901,0.513183860277089,0.410692536979221,0.472720522464681,0.32563142706275,0.283074215675539,0.423854081681887,0.43921812530024,0.449840082134192,0.499901108276465,0.397233099713414,0.551429888464659,0.548971973308054,0.53556560192394,0.514415229940923,0.502316811936269,0.567358698293346,0.502486260944857,0.239764411829207,0.500655488026443,0.469930945547494,0.450732009483128,0.341887797192993,0.530221023407504,0.484293105823468,0.414909849274355,0.455923361844652,0.419950645596236,0.386282231400373,0.532493810999566,0.247901487479217,0.56279382642497,0.412165718217589,0.378276519521303,0.371251923432172,0.554240571130247,0.54719366324995,0.455225666104663,0.136752428624536,0.429356137133856,0.386603641797447,0.435983767905635,1,0.531294401469024,0.533519550371839,0.521309573411352,0.418260510238488,0.552774626148474,0.312704166816338,0.54288989964036,0.343131055692834,0.511272885514753,0.562076230979347,0.367057306692882,0.305870869249917,0.417502457456047,0.550304650564211,0.397336819391269,0.209310488848392
"Q92859",0.701351204688518,0.790278682198587,0.781768082386706,0.843439331452138,0.74396208667969,0.750692183392422,0.760177748836312,0.585967962983949,0.721984058075875,0.830184743023901,0.68890617380082,0.447178207076188,0.647014205436172,0.79408689675132,0.434357186543592,0.52743711260642,0.614396613841075,0.66088653017127,0.779525721727806,0.815612112003473,0.640651303571859,0.830306538359501,0.811550056677037,0.607365000120589,0.705333068036563,0.646052504642693,0.875533608277259,0.829274292742927,0.729741576827533,0.758304994814654,0.628096147640687,0.335644700422972,0.644068808335142,0.793717165736563,0.774254154306249,0.779399102814557,0.74762378506138,0.870809516918698,0.798304512456889,0.781693316933169,0.685906712008297,0.795793840291344,0.788441502062079,0.802797675035574,0.539432992432498,0.763881653522417,0.738599474230036,0.642085652139033,0.587214504497986,0.781274871572245,0.840882835298941,0.53932845535309,0.663559076767238,0.515582303035619,0.665477051829342,0.849813689313364,0.403283047536358,0.717741721534862,0.716805947471239,0.69545860164484,0.559361961266671,0.843848129657767,0.826204688517473,0.739217495116128,0.18146911422203,0.728951501798593,0.530688203940863,0.663318143364604,0.531294401469024,1,0.776336131008369,0.722676844415503,0.596432350629627,0.855846779056026,0.428647080766367,0.745704001157659,0.498016599188885,0.750130236596484,0.8159395123363,0.663629018643128,0.358165213507857,0.548687986879869,0.775769360634783,0.667045317511999,0.375477086017287
"Q99715",0.692343173431734,0.728531461785206,0.735203072618961,0.765687480404216,0.742085112027591,0.714597351855872,0.794545739575043,0.538783095038503,0.695850517328703,0.809429491353737,0.726597688377469,0.430697851096158,0.635043894556593,0.706876612883776,0.438840136861688,0.530509128620698,0.572113607657641,0.642383533204748,0.673666280780455,0.793376021995514,0.590204519692256,0.772946361816559,0.801906519065191,0.544057352338229,0.751668957866049,0.705392759809951,0.844165279888093,0.805843764319996,0.77529122350047,0.756300798302101,0.553366690217446,0.327426121167407,0.719895448954489,0.722437307019225,0.759443359139474,0.814034802112727,0.771327448568603,0.787064973590912,0.843615994983479,0.798908062610038,0.65508827147095,0.83410812049297,0.843759496418494,0.846173697031088,0.501810176364736,0.746988278706316,0.644891831271254,0.675503807325106,0.522465812893423,0.755755131080723,0.761474688276294,0.471821417582812,0.622869787521405,0.51312647110665,0.717905120227673,0.730894411885295,0.338420398909871,0.842123700648771,0.702271905071992,0.690623568000386,0.535035453295709,0.810853652654174,0.825920700383474,0.637470757060512,0.16084864444625,0.633909853094351,0.591192750162796,0.596726458745196,0.533519550371839,0.776336131008369,1,0.843836070713648,0.583955526482667,0.854062658273642,0.398743512223575,0.713257000217061,0.499173658365322,0.667992547572534,0.799811880471746,0.614614234377638,0.327109894678767,0.541004027687336,0.79504256807274,0.594460121071799,0.336253833281199
"Q99983",0.589907266719726,0.756157899814292,0.721475773581265,0.770140848467308,0.661293804114512,0.646287051105805,0.68401888430649,0.587182299388899,0.611058654704194,0.788730916720932,0.660084776018608,0.496790512022767,0.554929093408581,0.661570556882039,0.436190161522343,0.452601717193643,0.484722176165819,0.559557521983284,0.597652726527265,0.728852832645974,0.509245592455924,0.645321732629091,0.745505631526903,0.5047687094518,0.668054651134747,0.680270361527145,0.75859682126233,0.729812724597834,0.724474832983624,0.695336203362034,0.489171927971914,0.386620896989475,0.694398620456793,0.613121103828286,0.646217109229916,0.732861828618286,0.673188143646142,0.746196006077708,0.75514615440272,0.719424547186648,0.67939427923691,0.730339700455828,0.770278923377469,0.8359983599836,0.379782140896235,0.639181921230977,0.634611581409932,0.679774239931165,0.481257989050479,0.692284687552758,0.616473120613559,0.497964806616048,0.596151387984468,0.513072768639407,0.583144610857873,0.686392687456286,0.319767021199624,0.803772037720377,0.590100209825628,0.642359453006295,0.550565564479174,0.716980199213757,0.69345681692111,0.617307599546584,0.18666488525222,0.532520960017856,0.538679666208427,0.555416190373552,0.521309573411352,0.722676844415503,0.843836070713648,1,0.522183399006904,0.777071726599619,0.339091378651943,0.637404432867858,0.402296632833005,0.627487157224513,0.730347538769505,0.615115283505776,0.412732531524476,0.580612232592914,0.735182572413959,0.527042182186528,0.331013574879777
"Q9BV94",0.482669737689221,0.48709960416618,0.481987802343441,0.501007226346325,0.614967606566498,0.570669544745933,0.602721711895607,0.556443900987682,0.59444081000442,0.605550145765678,0.528602911753559,0.410524475210109,0.453650404128645,0.458780897371117,0.363281059226899,0.457969930934271,0.526847592115815,0.433360972265771,0.569912843721218,0.573315888010854,0.541249853033635,0.476202506461256,0.582923277754132,0.394841168155233,0.531171560102865,0.590128518587078,0.601803420532546,0.600807348745431,0.454283500603506,0.585607606807544,0.443773789215406,0.333173974388126,0.520317874727646,0.577662292873492,0.559410677626802,0.561902062992638,0.417459594880448,0.642090665447608,0.534589075169069,0.599147430083247,0.595435072944464,0.536245979086135,0.58968776285077,0.575206736149106,0.404024425426441,0.542394853229599,0.57432522467649,0.432005428430722,0.425785717948411,0.601654492123698,0.516455986230991,0.350977593582102,0.591328387144196,0.522912154363974,0.577513016164673,0.599462169473606,0.229174894409594,0.529593642507901,0.559130909279816,0.473691826726662,0.598914088811083,0.594513163887261,0.56588152654891,0.49411371015862,0.295763012826268,0.50922755967706,0.4049321230155,0.473503899343112,0.418260510238488,0.596432350629627,0.583955526482667,0.522183399006904,1,0.653280193429016,0.33205364591978,0.646449383939773,0.375507533870764,0.591570772651715,0.541276985739701,0.582090605152433,0.263496711166303,0.790499332237549,0.647750547932869,0.48781289286119,0.305387817075454
"Q9BYH1",0.744996141137882,0.827278537491257,0.741491811976943,0.808528085280853,0.818244579504618,0.793306080119625,0.826690663965463,0.65184842621652,0.787318211417408,0.885876564647999,0.749849562073608,0.449175771169476,0.687259725538432,0.789689602778381,0.506116348104804,0.573556544388973,0.664233365393142,0.634169492967564,0.737860863902757,0.841561150905627,0.659105708704146,0.809313725490196,0.8424716011866,0.584609169621108,0.781024045534573,0.719471577068712,0.880436774955985,0.888697151677399,0.756824156476859,0.807598340689289,0.647480010889707,0.40090140276264,0.715038106263416,0.813920129947408,0.765595229481707,0.840032679738562,0.71097906567301,0.867134553698478,0.832479560089718,0.829253189590719,0.717982297470034,0.820690736319128,0.842449895087186,0.85980211272701,0.560130943464562,0.805302920676266,0.778455490437257,0.697796044406917,0.607335455707498,0.814057111159347,0.808566673902033,0.527304811999912,0.677835057762342,0.636826182310184,0.761572365723657,0.850241781829583,0.342549984323373,0.778343342256952,0.738522899934882,0.696500494416709,0.58263692931047,0.854868195740781,0.860252514289849,0.72468345271688,0.254573970611079,0.74975686080961,0.557018305477172,0.632603514355006,0.552774626148474,0.855846779056026,0.854062658273642,0.777071726599619,0.653280193429016,1,0.43053618609263,0.80164061934737,0.532390120079717,0.775095265658539,0.827408171140535,0.765033885632974,0.369101181842167,0.623142319658491,0.856848274365096,0.688821358801823,0.449402052224445
"Q9H0B8",0.379706537684135,0.405086546645991,0.483371797945328,0.395119094120045,0.351853738288797,0.410400866341061,0.403535906024017,0.235164691752895,0.406522145597456,0.435916503377623,0.290370428755009,0.3884642362223,0.334647742757888,0.483535883696424,0.220247926403815,0.217410592788938,0.440529791483144,0.381214279129149,0.421986773526335,0.468094264101648,0.376637347011432,0.391650890495418,0.375957390190473,0.316354906181902,0.430749315924311,0.356464487346328,0.453101307021859,0.455386397887666,0.288315012701367,0.368712792360747,0.378727166463822,0.108278171456981,0.28388348645684,0.455128131288576,0.403296134963375,0.423395125766363,0.331334542647211,0.473634428760401,0.440277793654892,0.473753708808246,0.391958475593412,0.422663097452436,0.427875696091476,0.414989212546966,0.187694609834614,0.392318132184373,0.396445706225764,0.391963105941943,0.341317132235066,0.429657631019422,0.454951661469635,0.368670347097042,0.483220427326237,0.308009223030226,0.307223624955818,0.452289355021051,0.182895064223663,0.409098473534396,0.438200383278478,0.3460507942353,0.381994655962324,0.429865916991293,0.427477288622026,0.381882641704196,0.168961137297699,0.364412543457919,0.251876471791151,0.344400887469593,0.312704166816338,0.428647080766367,0.398743512223575,0.339091378651943,0.33205364591978,0.43053618609263,1,0.323341568476696,0.363070790245253,0.33148288585392,0.411106253426028,0.322047046942224,0.229436952717464,0.312906683478995,0.386257858078421,0.40454524531212,0.313628644093297
"Q9H251",0.627021681981526,0.64308540144225,0.577932735209705,0.658323686178038,0.740979306851892,0.693157755106963,0.746989484600728,0.617230191514349,0.775761522321106,0.765296770614765,0.64955773033075,0.465080915515037,0.627633673395557,0.630282420471263,0.460449344185193,0.589494850830861,0.629809799733344,0.48201678918488,0.63896305139522,0.749062417094759,0.64141945831223,0.678415695921665,0.779150085618503,0.569549357258278,0.72136664013699,0.688635651062393,0.723034392108627,0.808224199889058,0.587821069387164,0.710456913392663,0.532385345285116,0.446742194488783,0.653207679135615,0.72873509438253,0.708124713600077,0.736213612136121,0.566376649060608,0.726823915297976,0.741262089091479,0.749239683573306,0.780849793792056,0.682638135204881,0.76274449509201,0.691264500880303,0.512324839307741,0.64779622796228,0.71780442804428,0.549933672167879,0.616971155005668,0.766596724790777,0.675971347948774,0.413085928847859,0.544034440344403,0.611926339464766,0.689684176253527,0.708050551093746,0.338872609314328,0.650920700383474,0.635067409497624,0.559552492583749,0.499315654921255,0.79585534090635,0.730309553095531,0.672489930781661,0.282689262734741,0.696644890160927,0.582881725876082,0.542106055435857,0.54288989964036,0.745704001157659,0.713257000217061,0.637404432867858,0.646449383939773,0.80164061934737,0.323341568476696,1,0.470661404933659,0.793079974917396,0.726539324216771,0.666564768588862,0.360247506089961,0.554042158068639,0.782702650555917,0.634358946530642,0.396798082143475
"Q9H2X3",0.432769676489668,0.416757762216887,0.397023843620945,0.4591420638363,0.493773646909266,0.46526259937565,0.519318788195412,0.347183683708232,0.515877155168261,0.504063574947347,0.372236710051727,0.332816405038549,0.507469633982101,0.507513046311806,0.300148145830078,0.446676092771767,0.410672229893097,0.339851964644565,0.462140529331048,0.440973400905825,0.44274667398446,0.535015963077833,0.496234281874894,0.419975098207231,0.508998712706147,0.453482784300062,0.541004452780998,0.500287908161078,0.419670608950274,0.485465612312013,0.392107855526253,0.252218672431149,0.359330485405744,0.50105455847971,0.496893305157774,0.516328763986995,0.393439311675182,0.503548053532103,0.515851228360243,0.520905147076708,0.438532060308954,0.460428154103804,0.477491008524854,0.435993644919272,0.395511265080177,0.478853673318366,0.48833745851179,0.459259216114301,0.437501620427489,0.502201668362231,0.528234595408532,0.316736127169078,0.447424955459174,0.353225121081458,0.455942213367643,0.499832681648202,0.306978230526895,0.430151068879837,0.576492223467587,0.428473664695966,0.409075588706212,0.528792926204457,0.500679222077445,0.459391081783078,0.212294274157666,0.429835213535041,0.407166049148225,0.459681701685594,0.343131055692834,0.498016599188885,0.499173658365322,0.402296632833005,0.375507533870764,0.532390120079717,0.363070790245253,0.470661404933659,1,0.467798602969238,0.509182009209346,0.351328145963496,0.229374112420739,0.342111467187561,0.475306524212071,0.48054313648271,0.246919959653946
"Q9HCM3",0.706768082386706,0.669168294624123,0.626548368424861,0.645162554566722,0.692156259797892,0.627666835491884,0.748015097798037,0.661575779355075,0.721962954923667,0.763973904444927,0.621261509064612,0.38999288522297,0.582524781130164,0.645781178400019,0.472978089936333,0.530365627185684,0.621764650910415,0.550384714753213,0.682617032052673,0.805699659937776,0.5922991582857,0.692996768202976,0.753016544871331,0.515250946627113,0.696282830475364,0.677494995538191,0.708752381641463,0.764613028483226,0.587337505727998,0.701652075344283,0.537424438129866,0.408882768324945,0.565634421050093,0.738115752668629,0.687148180305332,0.772512239828281,0.580222728697875,0.729917034464462,0.731885054144659,0.720611750235149,0.687989291657622,0.676583942310011,0.768911439114391,0.704988785181969,0.518374693881663,0.680362009502448,0.707289631719846,0.589588033794487,0.590627185683621,0.730561585027615,0.680383715601862,0.430199675693899,0.485555796734438,0.585163202025574,0.615403492270217,0.716282589296481,0.407674914984444,0.620468851747341,0.558207920314497,0.550008441260883,0.480465113474664,0.733904927284567,0.695741383884427,0.727551672575549,0.358860127650656,0.709313452097416,0.468517111641705,0.574426102624166,0.511272885514753,0.750130236596484,0.667992547572534,0.627487157224513,0.591570772651715,0.775095265658539,0.33148288585392,0.793079974917396,0.467798602969238,1,0.726270409762921,0.683923618647951,0.350218986585737,0.523519764609411,0.757887152400936,0.648789884957673,0.412999410327369
"Q9NR99",0.731270047994597,0.767811060463546,0.795696765791187,0.769063381810289,0.679784386079155,0.74589694426356,0.766915683862721,0.542271146727993,0.725356944745918,0.785908520849914,0.65890418403414,0.42700178472373,0.620501410896462,0.753480814219907,0.452080366321685,0.512535875358754,0.603114834659045,0.621038606151759,0.717226804620987,0.828046692231628,0.620749222198104,0.802686129802474,0.787478595374189,0.551289101126305,0.702290596435376,0.634604948990666,0.844526445264453,0.828455490437257,0.668476111231701,0.73675324988544,0.602312708844936,0.327065773648637,0.599660540723054,0.761577648492558,0.719756771097123,0.810014350143501,0.69592528278224,0.790560861490968,0.848945445336806,0.775109736391482,0.647223428116634,0.791523768178858,0.828791934978173,0.810810240455346,0.508388782071729,0.782081614933796,0.673971975013868,0.673156938685911,0.609278151605045,0.761888913006777,0.787001061187082,0.573509516398689,0.596440199696115,0.496599989361553,0.667329908593204,0.832724356655331,0.406257386103273,0.747765477654776,0.69480621276801,0.633617924414538,0.551233629983359,0.796684393314521,0.867928032221499,0.708851867930444,0.176699902462448,0.680088512919766,0.480827484745436,0.622150203576797,0.562076230979347,0.8159395123363,0.799811880471746,0.730347538769505,0.541276985739701,0.827408171140535,0.411106253426028,0.726539324216771,0.509182009209346,0.726270409762921,1,0.637314593734173,0.407326556360711,0.519704314690206,0.775275546873116,0.598175481754818,0.354045749620996
"Q9NZ53",0.591872271663893,0.687850613800256,0.556430431951378,0.639796324433833,0.645752236934134,0.6334111135229,0.706166341075175,0.6225903954071,0.709878084074958,0.713085160263367,0.663218952287896,0.328001471191182,0.635130116007042,0.650741625063309,0.432694847064507,0.598232158792176,0.625402845319285,0.476697139869623,0.584369799580349,0.666462267563852,0.582129850710272,0.625539637749319,0.735130718954248,0.502161565733304,0.676271615657333,0.66247256590213,0.646537877143477,0.769231604080747,0.621454670429057,0.674135373706678,0.597587202438586,0.415759551040769,0.614679955623086,0.622388407971321,0.594574078093722,0.709920290379374,0.543150519740492,0.655250464269349,0.613741166823433,0.610119865904541,0.646886983575718,0.631324916190338,0.66768564744471,0.710273617442057,0.542611535202754,0.618966307310132,0.736257627282155,0.628494074768154,0.541608783734896,0.670754648722958,0.579249571907484,0.426249885636056,0.515382389118009,0.547903947533697,0.675139280804573,0.663658563056219,0.299637025782023,0.558955574849866,0.541923522176398,0.535981477461833,0.554683090948557,0.648956901333719,0.639175288811712,0.578293297638859,0.290792675336422,0.640737647838475,0.426990931674023,0.529807297765518,0.367057306692882,0.663629018643128,0.614614234377638,0.615115283505776,0.582090605152433,0.765033885632974,0.322047046942224,0.666564768588862,0.351328145963496,0.683923618647951,0.637314593734173,1,0.343966059180558,0.530519378723199,0.730582085232617,0.614414658852471,0.514171187822282
"Q9UHF0",0.449901030638913,0.422457963119452,0.432116243501001,0.378336591068896,0.273255226476709,0.330887906641358,0.35330612750569,0.377987753658985,0.428242646928307,0.4210659366141,0.268212242696433,0.291309223434213,0.351220205128266,0.436465343260659,0.325929332670473,0.347670870270856,0.261197228898523,0.283907838553459,0.308007491839569,0.417124583862093,0.347392585962963,0.378959100966335,0.441082442908137,0.268587309694746,0.411831737319144,0.337797222033633,0.359498558322197,0.383202936661704,0.304049200042734,0.414090074974285,0.223403292640817,0.366470983225661,0.335916383091808,0.312497132104278,0.258183106374867,0.382395307202927,0.296109022779482,0.376907661644454,0.363954737043806,0.35449912023431,0.426294656773055,0.376005657507348,0.435469569411112,0.43294928152702,0.253504444458798,0.32805848118915,0.398763869200019,0.327246413427859,0.277373834233526,0.424956472231622,0.250333069028736,0.410049735372339,0.347312730465915,0.31340164971156,0.234719504458276,0.39131794906622,0.306691086070058,0.375598515465583,0.273891045623656,0.317193293863587,0.322227215007017,0.36279622737073,0.316241077557883,0.350471862326388,0.221266442114946,0.321755101691759,0.348378680358323,0.260258669818937,0.305870869249917,0.358165213507857,0.327109894678767,0.412732531524476,0.263496711166303,0.369101181842167,0.229436952717464,0.360247506089961,0.229374112420739,0.350218986585737,0.407326556360711,0.343966059180558,1,0.357589890949583,0.41653595205431,0.349180260158232,0.15890591594009
"Q9UKM7",0.516216868051033,0.586581409931746,0.554071099534525,0.518681113281721,0.540381786170803,0.519161662204857,0.512664303113619,0.627128781762638,0.533030050888744,0.609009840098401,0.491944479697484,0.437828907700842,0.364045052215228,0.446264742059185,0.371197330622822,0.406765067650676,0.427799567687494,0.386701481135305,0.529238115910571,0.591012468948219,0.451219159250416,0.430388539179509,0.561651351807636,0.380199213756843,0.492431806671008,0.529470250584859,0.537834937172901,0.546365434242578,0.473311144876155,0.550006029472059,0.390055094454644,0.350067051534346,0.487174107035188,0.483965513810904,0.402640908762029,0.500892964812001,0.419459518124593,0.619440223814003,0.474828762993512,0.536357716518342,0.569824301184188,0.508646262933218,0.564451438632033,0.599643055254082,0.333022070659059,0.471501097363915,0.584996864674529,0.423778025847071,0.387081253165473,0.569324457950462,0.425654197718448,0.406408673075265,0.59613329956829,0.48298731901326,0.477343052842293,0.560298941224706,0.264987458698116,0.552602320140848,0.445902370788414,0.455202228492873,0.637365844246678,0.531998408219376,0.519396811615175,0.47749801027422,0.293958194134098,0.468382860573182,0.395034729759062,0.491081861217297,0.417502457456047,0.548687986879869,0.541004027687336,0.580612232592914,0.790499332237549,0.623142319658491,0.312906683478995,0.554042158068639,0.342111467187561,0.523519764609411,0.519704314690206,0.530519378723199,0.357589890949583,1,0.607424088946772,0.486541615416154,0.308430599598811
"Q9Y240",0.717169524636423,0.742653088295589,0.70586848515544,0.717129127173625,0.747524901719605,0.718637098135687,0.784819598195982,0.641147312753241,0.813024262595567,0.809679714444203,0.701028043696502,0.460927815160505,0.690816511106288,0.741112558184405,0.482414896315422,0.618569568048622,0.64294022062197,0.617552071087055,0.683357451221571,0.820201143187902,0.648201408484673,0.754359911246171,0.814652220051612,0.546188770711237,0.774443479728915,0.732432530207655,0.796619877963485,0.857834093046813,0.672285531678846,0.762132503677978,0.551945902431157,0.392621860191504,0.742473410028218,0.775081865206388,0.724982514531028,0.79853182355353,0.656640257579046,0.781384005016521,0.782762342329306,0.777743409787039,0.751746738055616,0.767587969997347,0.805258302583026,0.805518775775993,0.566619009593974,0.714856619154427,0.719921978631551,0.683555038072931,0.613831608904324,0.801904710223573,0.733716204809107,0.507000479017072,0.622936111714058,0.623635890917734,0.794950920097436,0.759556713214191,0.356036707425898,0.723060921785688,0.668120372380194,0.613419795962665,0.574409111738176,0.801986108096375,0.780050888744181,0.693145093215638,0.29459772965504,0.687449917549845,0.557287219931023,0.600637479364632,0.550304650564211,0.775769360634783,0.79504256807274,0.735182572413959,0.647750547932869,0.856848274365096,0.386257858078421,0.782702650555917,0.475306524212071,0.757887152400936,0.775275546873116,0.730582085232617,0.41653595205431,0.607424088946772,1,0.6843547259002,0.452850939355516
"Q9Y274",0.635516605166052,0.609961893736584,0.57325687962762,0.578254709017678,0.621249668379037,0.560142174951161,0.638612136121361,0.514825576312454,0.671387140341992,0.677338832211852,0.478280242949775,0.400681330342715,0.640146636760485,0.708505776234233,0.351817237936304,0.540443889733015,0.668443155476458,0.499026159836067,0.590678436196127,0.676599618937366,0.595515278682199,0.646576465764658,0.669104985167499,0.519557798519162,0.732785254323131,0.618613583194655,0.640375756698743,0.693145093215638,0.532074982514531,0.607533825338253,0.542763247243625,0.323588450272365,0.538313074307214,0.644591349270159,0.595005185345971,0.688560885608856,0.523271953307768,0.675615609097267,0.630462098738634,0.639019728432578,0.625111545233099,0.594320840267226,0.661038757446398,0.620992812869305,0.430366602890407,0.590211152111521,0.698946048284012,0.545284556749535,0.524548995489955,0.659284784024311,0.614476762414683,0.422364015844799,0.590060415310035,0.480389085036321,0.571423920121554,0.630187757759931,0.316680534452403,0.612188577768131,0.530558570291585,0.61362118032945,0.504127173624677,0.687482213057425,0.615129151291513,0.582816004630634,0.336308309143229,0.64888529799543,0.545004582398765,0.524278194135758,0.397336819391269,0.667045317511999,0.594460121071799,0.527042182186528,0.48781289286119,0.688821358801823,0.40454524531212,0.634358946530642,0.48054313648271,0.648789884957673,0.598175481754818,0.614414658852471,0.349180260158232,0.486541615416154,0.6843547259002,1,0.583634307041691
"Q9Y624",0.40362350213014,0.392146305182599,0.294434870912374,0.295663084738596,0.420045510854239,0.339621924804654,0.466579560174983,0.404753075824687,0.507457314010311,0.425757880903149,0.345827132877829,0.165700335126789,0.423808536131339,0.440920925233948,0.213360088562381,0.473183696669147,0.592556772660656,0.283540546150371,0.298512034335504,0.431785595002679,0.367326376884802,0.366959178936756,0.474507779910376,0.311257239960779,0.51521188348456,0.463321205969335,0.358283298354767,0.531939589022549,0.323833015990979,0.413083220696463,0.539468509894802,0.350083285829211,0.410700956176383,0.356742970336644,0.360092758193988,0.501348201350869,0.3419951450403,0.356243510738611,0.34590770248672,0.390767956234762,0.460560890359887,0.348415381084294,0.46276709280964,0.383275671009118,0.349196594081279,0.35602222724611,0.553461971215482,0.431847976904435,0.35011208884423,0.431464824381398,0.343297521998887,0.213295890809784,0.289186774131108,0.412357573857299,0.419664445003393,0.35731857468174,0.201533187104483,0.298736935541778,0.32075192976025,0.378709513274223,0.399029608589645,0.384228335636232,0.323853516369031,0.356946553115329,0.484475910745717,0.444281311865865,0.290375796058114,0.222605593463487,0.209310488848392,0.375477086017287,0.336253833281199,0.331013574879777,0.305387817075454,0.449402052224445,0.313628644093297,0.396798082143475,0.246919959653946,0.412999410327369,0.354045749620996,0.514171187822282,0.15890591594009,0.308430599598811,0.452850939355516,0.583634307041691,1
