"PG.ProteinGroups","E_full","E_loo_drop_FJ_FQ","E_loo_drop_FJ_PT","E_loo_drop_FJ_QZ","E_loo_drop_GZ_TH","E_loo_drop_XZ_GG","E_loo_drop_XZ_YA","E_loo_drop_XZ_YB","E_loo_drop_XZ_YC","E_loo_drop_XZ_YD","E_loo_max_shift","E_loo_range","loo_dir_consistent"
"A0A075B6H9",0.286062531207998,0.226340875600409,0.276526129133758,0.485254154075265,0.168367200155003,0.283676421534867,0.24408018890569,0.305808915919973,0.312031765557133,0.411455419502034,0.199191622867267,0.316886953920262,TRUE
"A0A075B6I0",0.150566884902429,0.0799553484596152,0.124987093791817,0.287901728330515,-0.00287239651124296,0.3377437845602,0.0877185882238416,0.205719149328197,0.126035219001286,0.143687080320155,0.187176899657771,0.340616181071443,FALSE
"A0A075B6J9",0.403150380144093,0.306050787988959,0.354414202341728,0.381106170723818,0.197054848269567,0.745962644445143,0.336430650675061,0.447325845867546,0.345731827029892,0.518472571353903,0.34281226430105,0.548907796175576,TRUE
"A0A075B6K4",0.33550830876518,0.254845139299638,0.313830997147543,0.466426754082038,0.0618327888106049,0.635524232106441,0.264281245000044,0.400919007171452,0.309670232306492,0.483232659081025,0.300015923341261,0.573691443295836,TRUE
"A0A075B6K5",0.276758491469016,0.179701693119038,0.252034737941967,0.279955151281024,0.0548483502515763,0.610961967154875,0.211554927100224,0.316157030503611,0.211822463304372,0.389818596214261,0.334203475685859,0.556113616903299,TRUE
"A0A075B6P5;P01615",0.368164000799642,0.335826215428918,0.387392249149092,0.399757789645774,0.261802332562278,0.527517379058411,0.364447893245405,0.382735131730854,0.405869025677333,0.497722416342794,0.159353378258769,0.265715046496132,TRUE
"A0A087WSX0",0.075020426234523,0.0393468166263519,0.113561951718068,0.106908413359288,-0.0751644651706735,0.309249889401689,0.0225892295073989,0.230047582329857,0.0505494769832155,0.115672882370453,0.234229463167166,0.384414354572362,FALSE
"A0A087WSY6",-0.0843940661612162,-0.198203799019922,-0.122382519542981,-0.0780954012386479,-0.378292706548039,0.373964746174817,-0.181074745667703,-0.0620885563195537,-0.150933295388982,-0.0526651217796817,0.458358812336033,0.752257452722856,FALSE
"A0A0A0MRZ8;P04433",0.272529538954891,0.287636884793458,0.310784504541826,0.368645359620554,0.0835372267749978,0.495613287811841,0.276206241478924,0.328594930617776,0.28633785093619,0.413424766877538,0.22308374885695,0.412076061036844,TRUE
"A0A0A0MS15",0.333180600976209,0.311712971312806,0.333283758866753,0.375995349739028,0.102653743267441,0.633213578440466,0.307784819645373,0.389709442704692,0.334518261108495,0.438997471949307,0.300032977464257,0.530559835173025,TRUE
"A0A0B4J1U7",0.37059680299329,0.354861944479411,0.385845664821343,0.479440200447907,0.116453015659411,0.669101759933344,0.379207592889987,0.458686957195864,0.403742005785405,0.534985597021412,0.298504956940054,0.552648744273932,TRUE
"A0A0B4J1V0",0.232101657218483,0.164622102281773,0.148999477552858,0.305730404956919,0.0248823540224739,0.383539763480554,0.163323795738171,0.235455207430333,0.183277308079274,0.28268891476904,0.207219303196009,0.35865740945808,TRUE
"A0A0B4J1X5",0.449134328209932,0.289672502202254,0.348333096444934,0.558841593529499,0.103018233078377,0.768796318100314,0.344391469654985,0.474365969659292,0.358899355430828,0.502188517784036,0.346116095131555,0.665778085021938,TRUE
"A0A0B4J1Y8",0.315507039578329,0.343746194811208,0.320440169255685,0.363682756109147,0.0291710422366348,0.605213254128446,0.328483754920282,0.43298265840824,0.263371401588779,0.540687428676045,0.289706214550117,0.576042211891812,TRUE
"A0A0B4J1Y9",0.287987848469174,0.239428137501726,0.262318746586022,0.441851512173107,-0.00396904973024173,0.565018086915237,0.248953528191764,0.353496367440414,0.284853375589614,0.376971683752562,0.291956898199416,0.568987136645479,FALSE
"A0A0C4DH25",0.353926713379142,0.374888783302207,0.374190722431501,0.399899594501925,0.193199356514571,0.558814604024418,0.361062466699526,0.432858007904034,0.385935711924846,0.508997073909468,0.204887890645276,0.365615247509846,TRUE
"A0A0C4DH34",0.47850815428696,0.485424560887156,0.48679795805176,0.496514548857249,0.301460577420151,0.748309114488104,0.457011124968248,0.563858149409247,0.485221400445602,0.621631435218257,0.269800960201144,0.446848537067953,TRUE
"A0A0C4DH38",0.343594060853163,0.286040042671127,0.339442778892587,0.353271337243834,0.177331276863685,0.645477586340504,0.302139974180682,0.408100850578745,0.356246491546839,0.500382586691101,0.301883525487341,0.468146309476819,TRUE
"A0A0C4DH43",0.494046524599597,0.591942219747527,0.566608529126884,0.591322922956615,0.14547009440409,0.715108414460715,0.49047380143256,0.653303027154948,0.555703219816801,0.688672204935576,0.348576430195507,0.569638320056626,TRUE
"A0A0C4DH67",0.255205062708947,0.255136829153523,0.270787337908179,0.251004660987498,0.202566163687194,0.425880093803315,0.256652324553175,0.279057843305389,0.264027205554124,0.380829693826098,0.170675031094368,0.223313930116121,TRUE
"A0A0G2JS06",0.190669409371299,0.272542343195122,0.325030029712489,0.240316524043467,0.119305651490935,0.143488112943865,0.189178043559485,0.418727984285222,0.204798861966535,0.330521067735057,0.228058574913923,0.299422332794286,TRUE
"A0A0J9YX35",0.21160181738026,0.176253345805703,0.168371302389425,0.119680287269945,0.0307955461060865,0.565288031159808,0.166574725818398,0.242242339482816,0.118649340102961,0.284974361401652,0.353686213779548,0.534492485053722,TRUE
"A0A0J9YXX1",0.107781115849967,0.137987940308526,0.076886730975729,0.179315550615299,-0.0559538931309525,0.215324493924673,0.0736006070102892,0.271356563228255,0.102802486767121,0.262316865091133,0.16373500898092,0.327310456359208,FALSE
"A0A1B0GTC6",0.154017532050954,0.241638561656871,0.285447761715579,0.45561358273039,-0.0595483223103846,0.241784321283644,0.242853121319391,0.364821792758171,0.293023489811649,0.296681815186808,0.301596050679436,0.515161905040775,FALSE
"A0M8Q6",0.313227572205984,0.221317125203142,0.360097808228307,0.475391671055053,0.175666678561538,0.509732869293286,0.326501781592326,0.42171038815644,0.329674356269546,0.387634073691307,0.196505297087302,0.334066190731748,TRUE
"A1L4H1",-0.0618253106020465,-0.0154736826590972,-0.0197734702393605,0.0222726499127791,-0.136187435578522,0.0680545399394531,-0.0532571408368885,0.112699575643413,-0.0291268280411187,0.00079785399229249,0.17452488624546,0.248887011221935,FALSE
"A2A3L6",-0.006765544059398,-0.169218370466987,-0.102171986716612,0.497594447313641,-0.345340174889429,0.153929353454869,-0.0804034858293578,0.205269785571257,-0.0582318924052003,0.0162650952455877,0.504359991373039,0.84293462220307,FALSE
"A2CJ06",0.234687606552234,0.322267619732769,0.324954405954611,0.317150579116041,0.135448055322867,0.362801186114626,0.254586910866832,0.349852226319873,0.282610576536928,0.338762195795732,0.128113579562392,0.227353130791758,TRUE
"A2NJV5",0.305889185259837,0.341421733388418,0.346670146943672,0.410464484904589,0.123138231985008,0.546348986466855,0.332410149824566,0.447153596488839,0.328931203074722,0.453920509581927,0.240459801207018,0.423210754481847,TRUE
"A6NDG6",0.038839342800726,0.116625777857091,0.0690289271981109,0.190201511460199,-0.107165723316932,0.169945351422224,0.0677293010846262,0.171176184603558,0.10037144069466,0.110356900661204,0.151362168659473,0.297367234777131,FALSE
"A6NL88",0.187744577197363,0.158111570134115,0.225704969586028,0.48946614612627,-0.0405863917863577,0.3254509807478,0.185437818892537,0.350336195217588,0.226744590561886,0.292820295431078,0.301721568928907,0.530052537912627,FALSE
"A6NM11;A6NMS7",-0.0989606932527088,-0.0284009907360437,-0.0577167631275594,0.0136250371750666,-0.148943639493161,-0.126202597553964,-0.0826514929799924,-0.0105647640310929,-0.075585975952869,-0.106572351099336,0.112585730427775,0.162568676668228,FALSE
"A8MYB1",0.167009884885429,0.33621421363175,0.313429584962366,0.281025362922352,-0.00430222511249433,0.447362370538932,0.226605131463075,0.407323284249635,0.258925472831278,0.343322184297953,0.280352485653503,0.451664595651427,FALSE
"B0I1T2",0.0452062426897601,0.127431330053408,0.109686763309189,0.108087358638749,-0.0689553455817574,0.141088105158221,0.0861805283647957,0.180930143567727,0.128838210673755,0.0835796456947737,0.135723900877967,0.249885489149485,FALSE
"B2RUZ4",-0.103822290917468,-0.0423687887975573,-0.0949121491153095,0.028136855354707,-0.127809731731698,-0.0713199585351869,-0.0588404984749264,-0.0161643596293506,-0.0161793051096995,-0.0389361394578564,0.131959146272175,0.155946587086405,FALSE
"E9PAV3",0.0458309281442342,0.0473919643815038,0.0186971048542719,0.125662412337147,-0.0291959191383103,0.0237187560471247,0.00939731207505345,0.0939918636575095,0.0499947017165709,0.0420400001759061,0.079831484192913,0.154858331475457,FALSE
"O00151",-0.0953091302454271,0.133492199821537,-0.000259620064297405,0.0129885619233589,-0.059359306429848,-0.0793501826277853,0.0452957994640024,0.0805213378985147,0.0462386277477672,0.0696320620985089,0.228801330066964,0.212842382449322,FALSE
"O00161",0.0133535019052249,0.213549410331806,0.121950055752326,0.0855243462998186,0.0563867080314899,-0.0221417015381303,0.100914876383673,0.163445493226286,0.138785896176616,0.114480923565516,0.200195908426582,0.235691111869937,FALSE
"O00186",0.0454428104816265,0.140180754295993,0.140623545837901,0.0917951759377961,0.134259848345185,0.0519604847989229,0.14123597908986,0.202031875570914,0.180998455215271,0.163509461565232,0.156589065089287,0.150071390771991,TRUE
"O00187",0.0216954308644565,0.0816278393842776,0.123446226901169,0.228090503331084,-0.104569842037498,0.0810919461094333,0.0846532071036796,0.169012050808399,0.111780870555362,0.128505942424912,0.206395072466627,0.332660345368582,FALSE
"O00194",-0.139745578729368,-0.117743307488443,0.0370842995504718,-0.0925996515417392,-0.378183466951662,0.367215506020082,0.0572998359424491,-0.0365168183543229,0.0275538513984466,-0.00803002611582267,0.50696108474945,0.745398972971744,FALSE
"O00231",-0.0616864685474637,-0.140356774573574,-0.157187714336282,0.110899945992896,-0.116655372923878,-0.0883631363823425,-0.108119422993116,-0.111645709013578,-0.0501955729563867,-0.0982102270001939,0.172586414540359,0.268087660329177,FALSE
"O00232",-0.278482922272686,-0.317711288896503,-0.335325927935654,-0.183224249932863,-0.269950553404946,-0.299740469404971,-0.299495039477242,-0.261695709724354,-0.239017473211585,-0.27055251067821,0.0952586723398232,0.152101678002792,TRUE
"O00264",0.118243583839955,0.184653105625036,0.192626617538476,0.240536544970196,0.074319009179891,0.121554844136418,0.189552769623332,0.209025323636993,0.18922504502784,0.203938406367697,0.122292961130241,0.166217535790305,TRUE
"O00299",-0.122646641183598,-0.0525306858731523,-0.1036173163131,-0.0674157550445284,-0.127866525592326,-0.107656902043348,-0.071793764434556,-0.0190434293060614,-0.0488169974710169,-0.0570225994352064,0.103603211877537,0.108823096286264,TRUE
"O00339",0.110469633356854,0.0538950893726638,0.111737055104068,0.283708192919935,-0.133512529852579,0.225388754052196,0.0913964288725634,0.185726642121246,0.110514856228973,0.127167411394554,0.243982163209433,0.417220722772514,FALSE
"O00391",0.19916627072844,0.285818765106017,0.315802061246828,0.358338955124409,0.0844606891072186,0.293464004242902,0.258198765574485,0.324873780839849,0.296439298236624,0.311453829382998,0.159172684395969,0.273878266017191,TRUE
"O00410",-0.0459344165260327,0.0230033029606381,-0.0486414193794631,0.182681842839941,-0.164110254891663,-0.0294660588552716,0.0133401600352799,0.0467979934320948,0.0297991393920603,0.00876630206884015,0.228616259365973,0.346792097731603,FALSE
"O00429",0.268793662979487,0.382751773922141,0.369782108975894,0.36710252571328,0.324504135279294,0.189531802209044,0.348399051796896,0.358323436317319,0.373625238358452,0.414699894178647,0.14590623119916,0.225168091969603,TRUE
"O00461",-0.0363862568393851,-0.0474653297385422,-0.0399552841789762,0.0771031326276596,-0.12489055707416,-0.0319255832646122,-0.0544690695133598,0.0610119525178683,-0.0375370325641551,-0.0393357535312443,0.113489389467045,0.20199368970182,FALSE
"O00468",-0.0371084720786402,-0.0437525867677146,-0.0178969253878889,0.00864775963790957,-0.123930487329595,0.0183558430155033,-0.0363706432011443,0.0328670911333289,-0.0107430571460015,-0.0136992501437944,0.0868220152509546,0.156797578462924,FALSE
"O00487",-0.0977501556242107,-0.144864935222001,-0.17279843532341,-0.0796892336676891,-0.270300276718265,0.0235276536592585,-0.153034171912463,-0.089409889122085,-0.111254245627262,-0.18455465687415,0.172550121094055,0.293827930377524,FALSE
"O00533",0.0449827400875701,-0.018737152389279,0.0296635842240293,0.0962001624234361,-0.11127631938052,0.204598501630458,-0.0102089269136051,0.0988401632073083,0.0213546780534032,0.0586733663289765,0.159615761542887,0.315874821010978,FALSE
"O00560",-0.111129730499193,-0.0964371448399571,-0.115195109521458,-0.137254191691351,-0.199973295892335,0.0458909817882144,-0.162354087137705,-0.029792127279848,-0.124771908969624,-0.146150745459823,0.157020712287407,0.245864277680549,FALSE
"O00592",-0.0902788923504293,-0.0495208905868519,-0.0735907588072331,-0.0711436288403665,-0.0764656626926076,-0.0517525022715679,-0.0618843485004079,-0.0516444653484671,-0.0186914679104703,-0.0997251608893872,0.071587424439959,0.0810336929789169,TRUE
"O00602",0.230057268969081,0.358998716593277,0.300021698712154,0.424952444251719,0.0866015191375463,0.282524574308973,0.277859127819518,0.378740286235477,0.328442752110227,0.337407064274538,0.194895175282638,0.338350925114173,TRUE
"O14498",0.0589712127706221,0.090105747118343,0.132935047528604,0.0746577766271277,0.00101977902953043,0.195394727575827,0.0849149826535312,0.176862762598636,0.111826878201175,0.172979675460246,0.136423514805205,0.194374948546296,TRUE
"O14594",-0.131255782910523,-0.12878197515629,-0.120485526871119,-0.0860800396508437,-0.18071652584132,-0.0453959838477422,-0.133591224631535,-0.0480257268948069,-0.106109403439758,-0.124595272405949,0.0858597990627808,0.135320541993578,TRUE
"O14602;P47813",-0.185921737565322,-0.116519463256056,-0.191659640029845,-0.175027809585594,-0.210413519270012,-0.034554130635581,-0.173621013275463,-0.0522591973772267,-0.103529098320339,-0.159816602116646,0.151367606929741,0.175859388634431,TRUE
"O14645",-0.0274407682882496,-0.0928439394099664,0.00939242851762887,0.0976891964008295,-0.224642382635779,0.180585013052615,-0.071066510810737,0.0980752696333408,-0.0351375669448939,-0.0375631239044107,0.208025781340864,0.405227395688394,FALSE
"O14656",0.0249863873406349,0.0165372375098442,0.0480099584783008,0.151346627525527,-0.0435950401682309,0.0102081537557428,0.0395203831244767,0.0959644945920237,0.0436679726300153,0.106203927044206,0.126360240184892,0.194941667693758,FALSE
"O14672",0.0975331450463192,0.143898195918969,0.153498483841582,0.267422427177789,-0.0276274686966874,0.175078984248536,0.092938812354953,0.260837599687235,0.156317355367805,0.14618014195256,0.16988928213147,0.295049895874477,FALSE
"O14745",-0.0112283492757,0.0856166981506481,0.0474323619454119,0.0406004604981492,0.00764724594568805,0.0020668364215391,0.0403917322244405,0.120442208192976,0.0708740283004489,0.0521449330306505,0.131670557468676,0.118375371771437,TRUE
"O14773",0.0455732607273244,0.049183181571134,0.108965158311015,0.0488817500106052,0.0362864585089783,0.102984453015342,0.0799622285532454,0.12966017705725,0.0654738900843979,0.115213975062411,0.084086916329926,0.0933737185482721,TRUE
"O14786",-0.0736885396484889,-0.131752659981014,-0.100210862316783,-0.0287725007139775,-0.16848712083145,-0.0165369763600243,-0.106234049885275,-0.0538873918762628,-0.0810446356975813,-0.123377429654763,0.0947985811829613,0.151950144471426,TRUE
"O14791",0.0898066439215832,0.155847839765008,0.167877126831305,0.248361262930285,-0.0238726341583114,0.204902110207787,0.14661515253736,0.227367058927618,0.143279135818877,0.186595571788388,0.158554619008701,0.272233897088596,FALSE
"O14818",-0.103311626056497,-0.104034906470471,-0.132268949297528,0.0029158764928387,-0.0876740888040786,-0.119103727189512,-0.0771485735959301,-0.0399677143228496,-0.0516810603355351,-0.116750354869376,0.106227502549336,0.135184825790366,FALSE
"O14950;P19105",0.0291800488991652,0.190974584749614,0.0763154677040483,0.17097103321054,0.0862991361097705,-0.075331647985947,0.132623371046525,0.178134950954312,0.148033602976203,0.166925573625137,0.161794535850448,0.266306232735561,FALSE
"O14960",-0.0594373393737093,-0.0953235972238407,-0.0897760716280027,0.188728468082734,-0.344962620648214,0.12534012992416,-0.152485880339938,0.0612199025986643,-0.110161378517765,-0.0659870759148105,0.285525281274505,0.533691088730948,FALSE
"O15031",0.0174241391963001,0.0754001452969749,0.106407430148013,0.106819381410487,-0.0630197967065621,0.0951496906739367,0.079827805730399,0.143434478120658,0.104058109631421,0.107840728173918,0.126010338924358,0.206454274827221,FALSE
"O15117",-0.00109604759998307,0.0583618430965353,0.0263667071646692,0.061950838283471,0.00772973697681977,0.0408361766349797,-0.015111237837047,0.0684490290537947,0.0995967132673437,0.0276936629308325,0.100692760867327,0.114707951104391,FALSE
"O15143",0.117547116666552,-0.0155046972843007,-0.0773835752685694,0.374492716766071,-0.235573768963,0.20148800221057,0.0417896425236662,0.230403458761546,0.0968263688616033,0.1336439721526,0.353120885629552,0.610066485729072,FALSE
"O15144",-0.0935734611059058,-0.00920700814522468,-0.0461225116228553,-0.00245616258942572,-0.0790586781843933,-0.110845717894085,-0.00727908647348506,0.0281653786402461,-0.0035368987317564,-2.62675980339862e-05,0.121738839746152,0.139011096534332,FALSE
"O15145",-0.000597947238915897,0.0612607953143171,0.0492248982080814,0.121841020789253,-0.00344460313778412,-0.0147649774385333,0.0975015422956479,0.0965140513035596,0.0924633076005537,0.0910294206319228,0.122438968028169,0.136605998227786,FALSE
"O15204",0.119161216163594,0.105918567722372,0.212043792492043,0.287032027648077,-0.0382720203495537,0.212188784480869,0.159493021666756,0.246416729697693,0.170165881735454,0.191707602640676,0.167870811484483,0.325304047997631,FALSE
"O15335",-0.0383105842021749,-0.0486104705058424,-0.0225930813364499,0.0837960669285583,-0.165222774271614,0.0142207756131829,-0.073361687380073,0.0337984756188167,-0.0494506566796442,-0.0656727213905439,0.126912190069439,0.249018841200172,FALSE
"O15400",-0.0158399864554616,0.106669099670319,0.0169499383512824,0.0360507415729902,-0.0546540019374171,0.0434302043302256,0.011854102433231,0.114439336113871,0.0461094337165882,0.0482421521561347,0.130279322569332,0.169093338051288,FALSE
"O15466",-0.00561690706135018,-0.0291584576871473,0.0175382636412965,0.0929337189309363,-0.0870509051410393,-0.0229389249038009,-0.00429571072543557,0.0769987203155498,0.0327599481624347,0.0143331316499483,0.0985506259922865,0.179984624071976,FALSE
"O15498",0.138857246860323,0.214043214837605,0.173915558745617,0.140923695989292,0.13305443904682,0.2190797306561,0.178283445431281,0.24637946463708,0.202728279224423,0.210088893417323,0.107522217776757,0.11332502559026,TRUE
"O15511",-0.0189007488863365,0.0545190674932038,0.0157483094470112,-0.0340407020846298,0.0712570609564782,-0.0427164896892578,0.0564872508898389,0.0483039957486869,0.0854049476623581,0.0254911531035407,0.104305696548695,0.128121437351616,FALSE
"O43157",0.0242587080511191,0.058825460714273,0.0802356959423818,0.12063357482266,-0.0549493221205505,0.0402563244898312,0.0696503937137661,0.0898257390862559,0.0938377025687746,0.0500018517915251,0.096374866771541,0.175582896943211,FALSE
"O43173",-0.0832490401404402,-0.106399300008644,-0.0745692841814159,-0.0803597373884264,-0.113568935212392,-0.0534434723692018,-0.0926848046098195,-0.050813714711859,-0.0716637141853319,-0.0885155361688342,0.0324353254285812,0.0627552205005326,TRUE
"O43242",0.00330592535263648,-0.0484649207291455,-0.0887467541511936,0.187996256996503,-0.151089832451911,0.0269353196740085,-0.0254781823642194,-0.0478226534075078,0.0234585904373953,-0.00324383444366984,0.184690331643866,0.339086089448414,FALSE
"O43396",0.0892383382702024,0.18320338118283,0.190045919600686,0.307111753216146,-0.137134896534809,0.341766405301266,0.0922719562157091,0.393755997532548,0.152854371362688,0.246110257715776,0.304517659262346,0.530890894067356,FALSE
"O43399",-0.0631464463028592,-0.309258747318913,-0.0819761555156337,0.054377077469165,-0.218538199218655,0.191574262199132,-0.167157800533487,0.0215891946756384,-0.193440391112417,-0.135859928128791,0.254720708501991,0.500833009518045,FALSE
"O43488",0.0121359394843379,0.154987729555095,0.0141570116086522,0.114451028103111,-0.0359918933690006,0.0348188194295573,0.0634700906926125,0.06778452779777,0.103632464550662,0.107128732937226,0.142851790070757,0.190979622924095,FALSE
"O43491",0.113213431455435,0.131163185437621,0.156775683827923,0.16759885973189,0.0450069258854735,0.252390051708854,0.158103687751502,0.222505200311789,0.15565658364577,0.245355355648375,0.139176620253419,0.20738312582338,TRUE
"O43505",0.119326626500922,0.157566128010289,0.204917386044626,0.280318635470914,-0.0744786091505514,0.205677264419806,0.139713397650536,0.20796055822356,0.176330136574252,0.217144510486199,0.193805235651473,0.354797244621465,FALSE
"O43529",-0.0361892851291875,-0.0750636511613211,-0.0375048593800392,0.0522354813989327,-0.161433225791899,0.061896496004307,-0.0470881567394902,0.0143125452320778,-0.0363077658747305,-0.0294628644015381,0.125243940662711,0.223329721796206,FALSE
"O43681",-0.130068379721229,-0.223112132635404,-0.235864504759368,0.0736838080207281,-0.313956212007286,-0.0580698088208823,-0.124343926020036,-0.172202317389649,-0.0920571971475669,-0.17852628977774,0.203752187741957,0.387640020028014,FALSE
"O43707",-0.0250483520798018,0.0596894777720883,0.0327358149499981,0.0704873007079005,-0.017597000390281,-0.0625296910744928,0.0610483321501739,0.0705665426661878,0.0603985393834946,0.0732603899599558,0.0983087420397576,0.135790081034449,FALSE
"O43852",-0.216122367644622,-0.00469811576114482,-0.036123158345604,-0.0823150762085832,-0.239090753529253,-0.0795302950041798,-0.11761021670627,0.0933043561703504,-0.0622085214425831,0.013225617633945,0.309426723814972,0.332395109699604,FALSE
"O43866",0.116890698165618,0.211301377253035,0.1860374693487,0.312738408206875,0.0187150066512553,0.179627462452036,0.171622120597005,0.242402650342609,0.190246285204236,0.204673121407083,0.195847710041257,0.29402340155562,TRUE
"O43897",0.117720790016701,0.11527017968617,0.14378907095783,0.273853360699451,-0.0160030151375682,0.210975138192787,0.114411948504545,0.208880686266737,0.175672929441967,0.16059872246119,0.15613257068275,0.289856375837019,FALSE
"O60234",-0.0243518292389319,0.0252521807301166,-0.0365067753525048,0.0534774215359034,0.104196174882642,-0.0523972084859585,0.0161840848349569,0.0416496331622148,0.0541035363942256,0.0512257728542465,0.128548004121573,0.1565933833686,FALSE
"O60240",0.133710591317355,0.144787539136749,0.202911274238626,0.137182117573968,0.249721959278608,0.0554448416914855,0.172587677214329,0.169695910199346,0.221416385218334,0.132461122640626,0.116011367961253,0.194277117587123,TRUE
"O60245",0.04484478128051,0.037484519734647,0.0625746285154808,0.133430558477731,-0.0804530780162787,0.0902174798359675,0.0450317403132443,0.129902432532901,0.06751408599706,0.0471294991625846,0.125297859296789,0.21388363649401,FALSE
"O60279",-0.00462470985566502,-0.0514737051253833,-0.0199637977447731,0.0792605120348845,-0.0609916475700521,0.00956228781802872,-0.0127414667715056,0.0288306279253262,-0.00163586788224271,-0.0328577743199153,0.0838852218905495,0.140252159604937,FALSE
"O60462",0.0409390195864676,0.0653507380261491,0.0681615279290216,0.193281542534289,-0.0817965766557102,0.0621114523636881,0.0557579882105625,0.126837334321453,0.0921422838636473,0.0729949562428568,0.152342522947822,0.275078119189999,FALSE
"O60476",-0.0135245334891435,0.0174509677325381,0.00714478200679193,0.0815094955996724,-0.196030289364922,0.0780228765490399,-0.0407477180934153,0.0187307245734369,0.00770453137625646,0.0464646417791414,0.182505755875778,0.277539784964594,FALSE
"O60493",0.234095827648561,0.45591941111742,0.333942614403208,0.207483544028255,0.31109837628706,0.225112643850632,0.265300779033986,0.387665194371543,0.340982625775189,0.29656798056565,0.221823583468859,0.248435867089165,TRUE
"O60610",0.0741769037067688,0.077613922217394,0.0728839684565185,0.211606130832509,-0.0785842565891964,0.135543089529258,0.0984878818173496,0.1628242202508,0.154909897055555,0.120186666741067,0.152761160295965,0.290190387421705,FALSE
"O60664",0.0567123084602013,0.0893891240834864,0.0623730770745723,0.139917955082676,-0.0671698645417186,0.081276698223794,0.0952491380670796,0.135527083940485,0.125236830892349,0.0971250229168125,0.12388217300192,0.207087819624395,FALSE
"O60704",-0.180893177333092,-0.216288691159395,-0.172577137056236,-0.0897831623309418,-0.302000209099171,-0.0932625387787342,-0.190581822363736,-0.10257001211153,-0.138289415237265,-0.145472302660714,0.121107031766079,0.212217046768229,TRUE
"O60814;P57053;P58876;P62807;Q5QNW6;Q93079;Q99877;Q99879",0.0112155957887083,0.082400611186656,0.0330785755988998,0.169592428135261,-0.0654935507013981,0.096242767469847,0.08621342502195,0.139184687698349,0.0852494189941388,0.0632432636924006,0.158376832346553,0.235085978836659,FALSE
"O60844",0.0439994882012568,0.0143973264746474,0.0375990138398671,0.240625032330148,-0.0172920816173558,0.10934219387875,-0.023524386257422,0.117372887032689,-0.00786522483592605,0.0125847441901657,0.196625544128892,0.26414941858757,FALSE
"O60936",0.127333563458651,0.0987667158369888,0.142284509592131,0.210638044425237,0.0102471848274964,0.0997901030522453,0.139608296295713,0.221067027321229,0.163435924024822,0.145503376202507,0.117086378631155,0.210819842493732,TRUE
"O75081",0.0751784715928469,-0.0116861593488988,0.0426689987053467,0.280044779476145,-0.174761340272486,0.112596459657352,0.0371312500548126,0.173795202680276,0.0564436399167258,0.117297307645333,0.249939811865333,0.454806119748631,FALSE
"O75083",-0.102097051898447,0.00839553967094884,-0.0457284752839918,-0.0429071669067545,0.00544150096775242,-0.148861537044329,-0.00155490354158334,0.0146055756292171,0.00873250716329366,0.0234371366287505,0.125534188527197,0.17229867367308,FALSE
"O75144",0.181338300225663,0.154763611339645,0.193574109350438,0.25268031458173,0.0344693782354879,0.347141054262798,0.158737000357784,0.214510395022775,0.164021503146631,0.250012699590153,0.165802754037135,0.31267167602731,TRUE
"O75147",0.20342423699772,0.166090886698456,0.209119333555592,0.518290364559635,-0.186932669165002,0.252170134571717,0.211469809191816,0.200461626887402,0.236656581586244,0.23172009859753,0.390356906162722,0.705223033724637,FALSE
"O75165",0.246138950070406,0.500019355611277,0.519456794295569,0.0286215155311736,0.234817664010665,0.273068987128949,0.354571953194286,0.3229925349697,0.410515722582934,0.401733074143747,0.273317844225163,0.490835278764396,TRUE
"O75170",-0.0451730928444839,-0.0255508964160371,-0.0716899052309814,-0.0416430182284826,-0.142187327472595,0.177062343774928,-0.0930721051656105,0.155606873711836,-0.0472094609657112,-0.0374904861711414,0.222235436619412,0.319249671247523,FALSE
"O75223",-0.00610123671463851,-0.0314040489636506,-0.0108221839586182,-0.0665229691443229,0.0293300283495156,-0.0377841128539521,-0.0347641525910717,0.0959602728817837,0.0112624374814063,-0.018115603209075,0.102061509596422,0.162483242026107,FALSE
"O75309",0.221330311964323,0.203642330596416,0.243797644696606,0.416847262159335,-0.0389235587776333,0.223672887140133,0.253679042967545,0.246502252855812,0.282075113002286,0.254258857274112,0.260253870741956,0.455770820936969,FALSE
"O75339",0.0247278692577689,0.00921816145968299,0.058554241959935,0.114692397912525,-0.0700049740001192,0.0635721544794668,0.0192279320989393,0.133896525671241,0.030022327160929,0.0436340566943774,0.109168656413472,0.20390149967136,FALSE
"O75340",0.144803888730385,0.152874052285301,0.17299777181521,0.324739946152763,-0.0328387914389084,0.208121751085278,0.168745617271181,0.261462190477145,0.205861651407223,0.20706653884738,0.179936057422378,0.357578737591671,FALSE
"O75347",-0.000217114693213522,0.0822645075210514,-0.0450632777038229,0.13029756943863,-0.0837599040671158,0.0636928030610931,0.0032055611400239,0.0754179546622824,0.0736877263188672,0.0390294464867336,0.130514684131843,0.214057473505746,FALSE
"O75351",0.117827931464123,0.217134553999978,0.178776436884161,0.290585165911258,0.126347951858114,0.0854655753352689,0.18152946560358,0.270436541699238,0.223485842819369,0.172995357231396,0.172757234447135,0.205119590575989,TRUE
"O75356",0.155356365559008,0.125814558566362,0.203431086516557,0.260781257078094,0.137615509259628,0.1689957771572,0.173768715452124,0.220742614943374,0.187230370656731,0.208413805940739,0.105424891519086,0.134966698511732,TRUE
"O75367",0.218029424513401,0.17884628340198,0.17655026025906,0.423228523171819,-0.0540710893442125,0.44263547723744,0.159681512354345,0.258332629870246,0.179973681896349,0.252047502219441,0.272100513857614,0.496706566581652,FALSE
"O75368",-0.0637633011564216,-0.0498315102896296,-0.0658872964273862,-0.0144639434884887,0.00948714242582524,-0.0333648392435539,-0.0126902676136463,-0.0292888083320327,0.0018728639458201,-0.0102396238091347,0.0732504435822468,0.0753744388532114,FALSE
"O75487",0.0139118485693444,0.0197584698690042,0.0503863423906819,0.118822027619923,-0.0415722571609022,0.0195262145424754,0.0197493546373296,0.117173163910266,0.0644064840589108,0.0449534302224233,0.104910179050579,0.160394284780826,FALSE
"O75531",0.0884676907121611,0.072143760225438,0.00610387431259581,0.154973859671568,0.0262553150647546,0.158935255159116,0.0862468679521145,0.156584572470055,0.115915807204624,0.104963746375142,0.0823638163995653,0.15283138084652,TRUE
"O75558",-0.105780583030859,0.118255206416013,0.0253472650990244,0.0935849196911619,0.0410977508565079,-0.266260608858643,0.0347381631435249,0.0674976237655484,0.032170989629874,0.0800477079907528,0.224035789446872,0.384515815274656,FALSE
"O75636",0.357166396920035,0.474955791539619,0.481589740088224,0.514169211392713,0.19182151823268,0.560389073448551,0.463401324324486,0.493371743401172,0.47740821668516,0.570325413009887,0.213159016089852,0.378503894777207,TRUE
"O75752",-0.0496764627873569,-0.0141711221945433,0.0115280100743212,-0.00253462510058623,-0.120632281192847,0.00965588096734236,-0.00476795505240604,0.0434285978131295,0.0162943630615235,-0.00326370810303667,0.0931050606004864,0.164060879005976,FALSE
"O75787",0.0178135119212405,0.0739261145314937,0.0931993599272584,0.178135749997832,-0.124053990532472,0.100667658645897,0.075141628641784,0.182924947528473,0.101441081982709,0.10303162976853,0.165111435607233,0.306978938060945,FALSE
"O75822",0.0396534038234969,0.0860626864102392,0.049185535990758,0.149350797967826,0.0259612078992591,0.106185289187058,0.0495076131133349,0.195622117269354,0.0999635835272578,0.0770982558535228,0.155968713445857,0.169660909370095,TRUE
"O75874",0.113286026421468,0.132163173699385,0.140604411666035,0.285378723896295,0.0592758582330003,0.0853999710693257,0.17111188417044,0.185352966565505,0.16893560249069,0.174503435075221,0.172092697474827,0.226102865663295,TRUE
"O75882",0.248908069863461,0.153885767773234,0.236158179197064,0.305141771563898,0.0952211541131043,0.416852267290017,0.213736681820757,0.260693414707048,0.241489668654895,0.311111992355168,0.167944197426556,0.321631113176912,TRUE
"O75897",0.167033690134,0.123614794977234,0.145070284473903,0.212665690751598,0.0398490372930809,0.269287578700549,0.125826731503236,0.281483304029226,0.181790257436627,0.261279868779976,0.127184652840919,0.241634266736145,TRUE
"O75955",0.117465751221889,0.182599341302784,0.120500991706209,0.327869499450986,0.00174098574542501,0.1223082364711,0.172465113830135,0.174282906357692,0.208324398594178,0.161224160312008,0.210403748229097,0.326128513705561,TRUE
"O94769",0.00962146029802369,-0.0599773546410017,-0.0101767167243656,0.137331530080255,-0.164216550330647,0.0828260317160742,-0.0414889906486748,0.0629826758128987,0.000442136260367759,-0.00246663627586947,0.173838010628671,0.301548080410902,FALSE
"O94966",0.517892866124323,0.462012622409734,0.566979270225628,0.79330689103522,0.224668599843811,0.903165075851357,0.51432922819121,0.701663830510372,0.526452049316031,0.717069266652705,0.385272209727034,0.678496476007545,TRUE
"O94973",0.223532121738493,0.163359777839087,0.252973030892454,0.295078356057818,0.185805853916741,0.331269149239222,0.215460427164922,0.187478257423657,0.18016875428382,0.302385335945433,0.107737027500729,0.167909371400136,TRUE
"O94985",-0.0462686089616376,-0.0513243807053209,-0.0227629590562213,0.061314124459386,-0.127006258567088,-0.0248894995168842,-0.0460510909883038,0.0193904613192187,-0.00328888132044025,-0.0311604688369746,0.107582733421024,0.188320383026474,FALSE
"O95084",-0.0605117616802554,-0.122240594305935,-0.0465055916035388,0.0875147750506051,-0.158403745411212,0.0281807211703762,-0.0704889267967067,0.00779574792238495,-0.0365612265534758,-0.0293832001918331,0.14802653673086,0.245918520461817,FALSE
"O95196",0.00596025152689763,0.0242689682862692,0.0308057157833771,0.0544388546087698,-0.00498054507667889,0.0158441864495296,-0.00245404194198257,0.100820782495355,0.0243217368592312,0.0139063054563778,0.0948605309684577,0.105801327572034,FALSE
"O95236",0.162554701944787,-0.0635422258352766,0.121416841009891,0.250982760347342,-0.0311732348873437,0.390838821336353,0.0409617401434339,0.274172190880178,0.0843566188639097,0.0857523812724006,0.228284119391566,0.45438104717163,FALSE
"O95373",-0.13185258538228,-0.175225581707125,-0.209424703930708,0.028277934765952,-0.120781685232379,-0.214151403360163,-0.190662168051878,-0.0628848543190284,-0.136631271689755,-0.178706389043585,0.160130520148232,0.242429338126115,FALSE
"O95445",0.14272691763284,0.173228866446448,0.195025238602365,0.21239028833209,0.0628367908446347,0.239036071461895,0.161119500926255,0.168178845523275,0.178973798220598,0.187101862792331,0.0963091538290554,0.176199280617261,TRUE
"O95466",-0.0179903374737827,0.0257813729960733,-0.00473111314138103,0.0666353427502945,-0.116547711516945,0.0481747417134309,-0.00274377668834057,0.0912237923256974,0.0425912536165674,-0.0212543691685907,0.10921412979948,0.207771503842642,FALSE
"O95498",-0.127907894679105,-0.166633968773312,-0.117903679751263,-0.00213791576242972,-0.244290912769108,-0.0629800317180844,-0.139726710455277,-0.0691796546369726,-0.0561177191047242,-0.145446977870862,0.125769978916675,0.242152997006678,TRUE
"O95714",0.171501033090106,0.0867517089670893,0.136896794332565,0.476085256589899,-0.115292791533066,0.117133052763141,0.0712573286210514,0.24735430444229,0.240331121688846,-0.0205534045762044,0.304584223499793,0.591378048122965,FALSE
"O95715",0.0845606947104315,0.0571340880078764,0.108616614442431,0.294892042210209,-0.0243612502802068,0.0879572005046974,0.0722923024009407,0.213854454154595,0.102287085557649,0.132549517703268,0.210331347499778,0.319253292490416,FALSE
"O95744",0.146225423815577,0.0566355512449744,0.101054992546257,0.297823201347798,-0.108350517814028,0.208852988583688,0.0552582609226156,0.0996522529916755,0.0892169091104336,0.186466597628208,0.254575941629605,0.406173719161826,FALSE
"O95747",-0.18144547506494,-0.133588202199658,-0.166278841225855,-0.0558212015691959,-0.0616375737759754,-0.137091770043966,-0.16109851629424,-0.0453544078493808,-0.123875379892991,-0.157345845672046,0.136091067215559,0.120924433376474,TRUE
"O95782",-0.0228428550191008,0.0767160364877889,0.00614585592425299,0.0729755392658674,0.0112397217996909,-0.0387103585904776,0.0168068967483219,0.0729866211162836,0.0576898171846551,0.0315070523033422,0.0995588915068897,0.115426395078266,FALSE
"O95810",-0.0878765546611784,0.0855236685104694,-0.0364540251799721,0.0360121167044389,-0.00511567966715133,-0.274506113656191,0.0183454880559749,0.0428664742058621,0.0143972245987305,0.0443360178414271,0.186629558995013,0.360029782166661,FALSE
"O95967",0.022179840062118,-0.0585481430783385,-0.00863784782971428,0.115384360950653,-0.140658507605579,0.0193043812308409,0.008339199648182,-0.0366367164248485,0.0483582867437752,0.0321495118784797,0.162838347667697,0.256042868556231,FALSE
"P00325",0.156499019879513,0.300726113541846,0.308582935446302,0.243704248278945,0.196562981008834,0.20927162289091,0.233591367480994,0.330030916595717,0.258128956241191,0.313321578459943,0.173531896716204,0.133467935586883,TRUE
"P00326",0.343580929694735,0.468976848486921,0.478969282220468,0.486031703288917,0.331613425374688,0.411076033402781,0.435460248494943,0.511176468454501,0.449162969578253,0.522289396263352,0.178708466568617,0.190675970888664,TRUE
"P00338",0.0523022440119522,0.108593312197863,0.0627694432849448,0.101857373719683,0.0658430271784819,0.146476617881399,0.111763387728728,0.135384998191127,0.0865187048651892,0.145871811010795,0.0941743738694468,0.0837071745964542,TRUE
"P00352",-0.131721859835533,-0.109022502406215,-0.194504489860395,0.174700012577263,-0.279195158176453,-0.0914840769286706,-0.101047428171988,-0.132829467784197,-0.0483216965677961,-0.0936703927214106,0.306421872412796,0.453895170753716,FALSE
"P00387",0.0908884988307761,0.254191624568217,0.187553436193858,0.291803387452854,0.150191512969181,0.0148981282651214,0.211193260195556,0.245960941316596,0.222518128019961,0.244326824638432,0.200914888622078,0.276905259187733,TRUE
"P00450",0.305038114760075,0.173665714891394,0.214229315785531,0.309807395920592,0.0495643447571637,0.590410376092524,0.200128634371714,0.280079023785784,0.196229409840251,0.352949247795818,0.285372261332449,0.540846031335361,TRUE
"P00451",0.0205816461285017,-0.0956231854442796,0.00822923684592723,0.183685121543133,-0.186437536777392,0.037843634494813,-0.0363648734555737,0.0208755412520433,0.00423923951203553,-0.0244161063007471,0.207019182905893,0.370122658320525,FALSE
"P00488",0.220141080875719,0.337000805975902,0.34221097008756,0.34405408822509,0.228098576349899,0.301310229793846,0.31376372750791,0.34277749036148,0.348283907767211,0.408184754581308,0.188043673705589,0.180086178231409,TRUE
"P00491",-0.128720961119048,-0.0463597871838363,-0.113967213993657,0.00530269558338087,-0.0971196406098542,-0.116160644450453,-0.0290051579812948,-0.0397127311482066,-0.011856695579952,-0.021659647970236,0.134023656702429,0.121463340033833,FALSE
"P00492",0.167405552692899,0.255765154843366,0.166930364834728,0.305577637225935,0.0668564043428366,0.249356110045569,0.250780201813834,0.224474704140803,0.200503344501465,0.246898626698133,0.138172084533036,0.238721232883098,TRUE
"P00558",-0.123454142633941,-0.0311261261307255,-0.0852886540779386,-0.0194122348006217,-0.136203548465267,-0.0703859239183843,-0.0349667835556223,-0.0211464028463725,-0.00758421178652116,-0.0354158011559494,0.11586993084742,0.128619336678745,TRUE
"P00568",-0.123528486410418,-0.151096567343828,-0.192332837325147,0.062052817613467,-0.224154132052049,0.0175985224298912,-0.152424815091733,-0.0832666408808211,-0.0943196906817534,-0.1351032513172,0.185581304023885,0.286206949665516,FALSE
"P00734",0.111351940589243,-0.0775727726043393,0.0124961131254141,0.376255203504163,-0.290239888647853,0.256348923259102,0.00802544163825623,0.0946131813496098,0.0319094398556893,0.0564703387040652,0.401591829237096,0.666495092152016,FALSE
"P00736",0.0218466610612522,-0.0499902574291814,-0.022002073525962,0.191843003847393,-0.275475068079318,0.143235374251628,-0.00180816290128536,0.0198253388191672,0.0316930029325461,0.0150812141980924,0.29732172914057,0.467318071926711,FALSE
"P00738",0.679486480864852,0.581107611918644,0.658384870861901,0.736897581708838,0.325491289138032,0.991532429527081,0.607185916675892,0.690917299933427,0.542589958797515,0.76680837252999,0.35399519172682,0.666041140389049,TRUE
"P00739",0.195430426967957,0.247875679745678,0.252055589109934,0.364174967535129,0.037235138399669,0.299110151680065,0.222356649421601,0.323291020801909,0.226764803861699,0.29221618208671,0.168744540567172,0.32693982913546,TRUE
"P00740",0.136020691179359,-0.00453827631398848,0.0697188492503306,0.341907464070301,-0.181821378771323,0.24381376134548,0.0664728121887739,0.156412511875157,0.09773272729937,0.094408176547581,0.317842069950682,0.523728842841623,FALSE
"P00742",0.0221842681878542,-0.0406838744861074,0.00938288688292092,0.137965017000429,-0.186129691134607,0.0731189463321474,-0.00938436153845726,0.0166420691300528,0.0171828196340727,-0.00627221225336519,0.208313959322461,0.324094708135036,FALSE
"P00746",-0.0564717532998448,-0.126648020821451,-0.0333196454427673,0.0278574840202978,-0.165191720590008,-0.00288917628508478,-0.120425210850494,-0.0247857098707109,-0.101387258567047,-0.0772545237936846,0.108719967290163,0.193049204610306,FALSE
"P00747",0.115699883617495,-0.0137319988162269,0.0489462087769596,0.208321440290473,-0.133779226024351,0.30962246094034,0.00897827907509987,0.125997454522654,0.0258450617305723,0.0992037416876294,0.249479109641846,0.443401686964692,FALSE
"P00748",-0.0136478998514295,-0.11859964736553,-0.0839146266035624,0.107959935418646,-0.277973420376259,0.1637303657283,-0.115202137723275,0.0678265089766046,-0.0842993299384863,-0.0575588229103692,0.26432552052483,0.441703786104559,FALSE
"P00751",0.142226633094847,0.0155149588573638,0.085515036326105,0.194947072650749,-0.0906960073180398,0.400788000926262,0.040189926051293,0.166315762732484,0.0595213666081242,0.157262797153176,0.258561367831415,0.491484008244302,FALSE
"P00915",-0.149217750458333,-0.198700345000634,-0.241176442308189,0.0433213704421671,-0.241569233416582,0.0899084358581625,-0.122731351180013,-0.199339368384418,-0.0713389090412345,-0.146681953587937,0.239126186316495,0.331477669274744,FALSE
"P00918",-0.148111541313671,-0.105335770289401,-0.145655426800331,0.0498611776485855,-0.150946078522284,-0.0131841438847257,-0.125872918238118,-0.0440654038692204,-0.0767770309478759,-0.0900676245707116,0.197972718962256,0.200807256170869,FALSE
"P00966",0.240028459852106,0.442031765263216,0.398100740710705,0.309076890100652,0.279093238469913,0.339290345967102,0.33426463021458,0.418892434076297,0.347860552739028,0.406848140079118,0.20200330541111,0.162938526793304,TRUE
"P01008",0.138463063691619,0.16790014846218,0.2167668352497,0.279076901230524,-0.00381027143043379,0.347590581766063,0.134507804690888,0.290521357315437,0.145955509505248,0.260477707459721,0.209127518074444,0.351400853196497,FALSE
"P01009",0.252086043882857,0.228113512909178,0.271510832811636,0.320602996129132,0.114629362754947,0.333195492764562,0.226972965795987,0.31290067004121,0.239061645370732,0.285233074794908,0.13745668112791,0.218566130009615,TRUE
"P01011",0.125220039678831,0.178170053480523,0.200879352562737,0.326310854994887,-0.0401525782313617,0.227165483304454,0.155179663605602,0.253701218873997,0.181506303559462,0.201252683797718,0.201090815316056,0.366463433226249,FALSE
"P01019",-0.000367534182481303,-0.0171917280133168,0.00733508699429901,-0.050730415096305,-0.0721038571138232,0.134800675884002,-0.0340992920779296,0.0489441950328168,-0.0281327703419865,0.0420195350903931,0.135168210066483,0.206904532997825,FALSE
"P01023",0.248351978856777,0.217205110700068,0.252607627313796,0.279856000610393,0.104452745194921,0.486553745649673,0.220929789485473,0.313622239362652,0.221924084775386,0.367498664622495,0.238201766792896,0.382101000454752,TRUE
"P01024",0.241826539185538,0.402184169997469,0.399760477887785,0.397742747409297,0.143909532392311,0.359592225561,0.332059207622344,0.404251359254163,0.353973552818713,0.41219903234524,0.170372493159702,0.268289499952928,TRUE
"P01031",0.225526328866083,0.272937398997603,0.293256762426247,0.290313608127191,0.086439779634056,0.458760956291881,0.254787709018439,0.320542644744066,0.271798065475682,0.373306398105301,0.233234627425798,0.372321176657825,TRUE
"P01033",0.0353050876387957,0.0797177055745277,0.110952320371607,0.0558844166446304,-0.0229146367797727,0.143506434504919,0.0676869151303875,0.202836942784125,0.0958057261192626,0.19832468856596,0.16753185514533,0.225751579563898,FALSE
"P01034",0.141170846694836,0.0298684237140962,0.107574793351022,0.278768621742402,-0.0313143857511641,0.252018919917269,0.0775076607785122,0.175165164851154,0.103621856014631,0.15144314825051,0.172485232446,0.310083007493567,FALSE
"P01040",-0.0765967094113751,-0.0738167461996597,-0.0892223388975795,-0.190570532387738,-0.0219463890425885,-0.0441673550278692,-0.144399290552158,0.0154668485662797,-0.0980050798274023,-0.106943878205467,0.113973822976363,0.206037380954018,FALSE
"P01042",-0.0186570618083239,-0.234101400331123,-0.1568867101853,0.124390990548237,-0.335639127327712,0.196561806023944,-0.189656855271192,0.0341652265690223,-0.152530298390808,-0.108638973355928,0.316982065519388,0.532200933351656,FALSE
"P01111",-0.0859887242274714,-0.0840218414406403,-0.0778651709936109,0.0341647381326547,-0.0741808223976081,-0.0970496388393963,-0.0760914030586686,0.0110183495048758,-0.0357941885353006,-0.0702026977796011,0.120153462360126,0.131214376972051,FALSE
"P01116",0.0458034667546034,0.123308084944332,0.033440397004607,0.182147835918134,-0.0769772186889532,0.0609852868766903,0.0315246959763253,0.128214391082283,0.071600544686158,0.0662495687390116,0.136344369163531,0.259125054607088,FALSE
"P01137",-0.158321944774485,0.110495728396412,0.0892330407837069,-0.0536637748135326,-0.132634182020149,-0.0680706255757682,-0.00503630575382901,0.20522801064744,0.0391442901833005,0.115175759752964,0.363549955421925,0.33786219266759,FALSE
"P01266",0.0557833258960817,0.0048197798062842,0.0662639635082123,0.136378009176611,-0.0244353325788034,0.126495960684611,0.0167387524426905,0.12121104669013,0.0326543076082023,0.00777720499105121,0.0805946832805292,0.160813341755414,FALSE
"P01275",0.0813445222180998,0.153222868310691,0.159575171524538,0.303292957189185,-0.161078461448484,0.246166662196935,0.109385177653611,0.259236996274007,0.146487134932811,0.194405009258351,0.242422983666583,0.464371418637669,FALSE
"P01344",0.0727188906842471,-0.0165617301021124,0.0417382020429656,0.229191197936858,-0.0630191473393474,0.0848663906848523,0.0190626715947851,0.0713861083772717,0.0451759053095845,0.0437034390813635,0.156472307252611,0.292210345276206,FALSE
"P01591",0.209147220584358,0.407257223535177,0.354924109781178,0.395462232090728,0.143117600305404,0.378392790010394,0.258243956667632,0.477383871244725,0.310954299195434,0.392553255502986,0.268236650660367,0.334266270939321,TRUE
"P01597;P04432",0.30859244606144,0.309136921934155,0.348889385877525,0.198355610668847,0.300408124570804,0.473242777416807,0.308637827015112,0.284894987256213,0.328516945247128,0.446431820031373,0.164650331355367,0.27488716674796,TRUE
"P01602",0.185094409841388,0.20982843171976,0.196701030885111,0.16476639253981,0.114085631598623,0.459074833915626,0.208957235203058,0.302814945000175,0.222657851088108,0.331901684835615,0.273980424074238,0.344989202317003,TRUE
"P01619",0.387455867597884,0.377916632390319,0.405451784250124,0.503880766530115,0.287064471730471,0.604425209017401,0.383982810074314,0.457218921501055,0.414014225735987,0.523923495846242,0.216969341419518,0.31736073728693,TRUE
"P01624",0.134489021920591,0.169909609573815,0.174563907319949,0.183534460209286,0.0137575614891619,0.378150297319163,0.144712611294743,0.201879802226139,0.165844167565069,0.246443991989665,0.243661275398572,0.364392735830001,TRUE
"P01699",0.0937216270296636,0.162854874924703,0.10705604295578,0.291020439271778,-0.0504533691405131,0.234071617330525,0.0848191734717691,0.220013081491718,0.128790106543394,0.202816929236304,0.197298812242115,0.341473808412291,FALSE
"P01700",0.319992780764167,0.284673231398065,0.282412738576932,0.369355065346356,0.0834621776503905,0.596178710516764,0.288587441574295,0.432758862977154,0.27652946797018,0.381287712634503,0.276185929752597,0.512716532866373,TRUE
"P01701",0.172016608600688,0.12270673305029,0.183970546208698,0.26588356954139,0.137141530560436,0.255545334000225,0.139817386644383,0.300851637918839,0.202381277490661,0.272468405921278,0.128835029318151,0.178144904868549,TRUE
"P01703",0.248439557762245,0.155107889888255,0.209269823102813,0.309124034310842,0.0764958497670663,0.474906603193573,0.191104549480345,0.305233478871892,0.192333050306659,0.319916031092899,0.226467045431328,0.398410753426507,TRUE
"P01704",0.155664654098642,0.170162803621298,0.142850213244338,0.136370303698308,0.177206572002809,0.345936125998813,0.163624645934258,0.236804210416274,0.150025873231615,0.29507190685936,0.190271471900171,0.209565822300506,TRUE
"P01706",0.30711999620234,0.23005564049578,0.266376823201935,0.448986981942152,0.109163946407768,0.505956601275119,0.291225810636562,0.410954631053711,0.292986432566374,0.42799025624483,0.198836605072779,0.39679265486735,TRUE
"P01709",0.549053839163199,0.430339338953339,0.485960318477023,0.584867185050501,0.280383514215048,0.845342148536966,0.483941179213792,0.61122503239616,0.521133865313735,0.612983756094553,0.296288309373767,0.564958634321918,TRUE
"P01714",0.427968441844958,0.416151143275444,0.461527055956363,0.429076440958678,0.24576777262886,0.691421914880966,0.41562009108883,0.484275832198878,0.405859754382289,0.5553659080608,0.263453473036008,0.445654142252106,TRUE
"P01717",0.265659077720041,0.170305367929866,0.220204604097121,0.345540533474876,0.020212234155705,0.576081048060437,0.201405563620893,0.313483639558342,0.237523979409487,0.365329562640667,0.310421970340396,0.555868813904732,TRUE
"P01732",0.0503300207320843,-0.0717179430512638,0.0099642831258816,0.311724601406713,0.0200905348239065,0.0787501045903801,0.0479866547514795,0.0841441824844633,0.0344711942524384,0.0401005660617071,0.261394580674629,0.383442544457977,FALSE
"P01780",0.0999618046829931,0.0410877505647103,0.111622428173119,0.191369114274185,5.71711113069152e-05,0.22393181142217,0.0542403220237799,0.224212592150689,0.121940397466595,0.181266993108505,0.124250787467696,0.224155421039382,TRUE
"P01817",0.49129182670275,0.418099856635717,0.464378470605055,0.579226840292156,0.289436856095459,0.785018854680346,0.428591034464704,0.546885216593107,0.429142256904958,0.589860752958441,0.293727027977596,0.495581998584887,TRUE
"P01833",0.0355359395023654,0.0344388028289382,0.0637537927163286,0.0742139850971725,-0.0475269198531444,0.222730457107689,-0.00346930353454105,0.128562778384279,0.0562408055221655,0.0589034313702196,0.187194517605324,0.270257376960834,FALSE
"P01834",0.178888795160979,0.245743719361042,0.273548471199624,0.288778735262559,0.128868840997251,0.294642940703769,0.239737792745676,0.273826896767599,0.267093767233049,0.30581567047971,0.126926875318731,0.176946829482459,TRUE
"P01857",0.125655323649226,0.0350452198865477,0.138153668350713,0.134955879520565,-0.0427835249123285,0.362829017663636,0.052881557895491,0.148187441972618,0.0880864301240218,0.166341786482639,0.23717369401441,0.405612542575965,FALSE
"P01859",0.112022913011589,0.0352771961028514,0.0662034922144426,0.138679251132484,-0.0439967386356647,0.321962606428592,0.0437569427265269,0.184427916220633,0.0658593483637522,0.151991028532621,0.209939693417003,0.365959345064257,FALSE
"P01860",0.181241426764271,0.0238294464772641,0.132058424625548,0.252284028744907,-0.0599419788231757,0.428875590522709,0.0710413185557348,0.183731873447285,0.107647464385089,0.198581903395608,0.247634163758438,0.488817569345885,FALSE
"P01861",0.421627948049917,0.385253153019601,0.446357917457582,0.454510991496251,0.256408453749279,0.664463121824796,0.42797025716432,0.459173845291243,0.419173638213246,0.566382980344352,0.242835173774879,0.408054668075517,TRUE
"P01871",0.242491055428883,0.267527871308388,0.239621981103355,0.37768363369225,0.0941551844890722,0.382923481850374,0.213339646424148,0.335586117553112,0.261367644445229,0.295250716291297,0.148335870939811,0.288768297361302,TRUE
"P01876",0.172341873445596,0.13400738419737,0.173951466913245,0.221780925081513,-0.0791365749586122,0.477061987820129,0.139634559602177,0.264826358732262,0.154910941010046,0.28984014036873,0.304720114374533,0.556198562778741,FALSE
"P01880",0.400816575989569,0.317307392368897,0.343753543764213,0.47321162401555,0.215519435200772,0.686472742418876,0.301075989269001,0.440184919008785,0.350039430155249,0.483940979725844,0.285656166429307,0.470953307218104,TRUE
"P01889",-0.0027769371113454,0.0743345674606436,0.0827558954480432,0.0622867756800428,-0.0267517311998317,-0.0214896347967909,0.0747214859675798,0.140508317595388,0.117384486980083,0.0732808096755297,0.143285254706734,0.16726004879522,FALSE
"P01893",-0.0407210553995978,0.0242945530290855,0.0327734046143864,0.00133990733480152,-0.122702320295951,-0.0121702185330827,0.0199840525116284,0.0981629858388208,0.065506782045117,0.0547908069128664,0.138884041238419,0.220865306134772,FALSE
"P02042",-0.113845769082011,-0.061221651101281,-0.11376568888495,0.122561746098482,-0.117657601041947,-0.0679317643166611,-0.0271631720132646,-0.0752805130819712,0.0498731956085095,-0.0968432781132662,0.236407515180493,0.240219347140429,FALSE
"P02144",0.164184777791875,0.109349279797281,0.12447116504637,0.361453478565051,-0.0615099551416562,0.322498236107001,0.107754226285735,0.221093962871853,0.144081205626146,0.192425943315831,0.225694732933531,0.422963433706707,FALSE
"P02533",-0.0775446915488777,-0.102886805070242,-0.13272709694498,-0.19620932630546,-0.0520158449129921,-0.0522343342119075,-0.132775979511273,-0.0163687928743094,-0.117334254887963,-0.140455503887149,0.118664634756582,0.179840533431151,TRUE
"P02538",-0.130486524064549,-0.172081205037036,-0.197574985511613,-0.264021519224815,-0.108021306620367,-0.081173201671463,-0.179548570861377,-0.1058522276419,-0.175766534961064,-0.224990905152331,0.133534995160266,0.182848317553352,TRUE
"P02545",0.231302766478342,0.238174269944231,0.237846235934233,0.349662817880795,0.20275687083472,0.174403359068094,0.256538063928804,0.320645964977078,0.272278727789075,0.238765454963545,0.118360051402453,0.175259458812701,TRUE
"P02549",-0.119598312051348,-0.230526960198138,-0.213592180226668,0.219109340469861,-0.0657512429625288,-0.290735181670323,-0.0731768272763642,-0.209633665654703,0.021889835008291,-0.189535281288331,0.338707652521209,0.509844522140184,FALSE
"P02647",0.0855673191682689,0.0166857483341371,0.104091362166764,0.102920877492614,-0.0259108445304665,0.289463157532553,0.0422128792738131,0.149164794396705,0.0424184071671469,0.131115095534832,0.203895838364284,0.31537400206302,FALSE
"P02649",-0.0569236258566649,-0.0100725261472291,-6.01614690849469e-05,-0.071236288546554,-0.0441070044153964,-0.0363592152584465,-0.0678625295180334,0.0301280332774942,-0.0283896477002756,-0.0246734502592121,0.0870516591341591,0.101364321824048,FALSE
"P02652",0.0789460792570034,0.0390161343798986,0.0839041653704226,0.142320862336748,-0.0626552423970623,0.233246275825282,0.0390081932351391,0.132809082041474,0.0599032152932849,0.129636032977091,0.154300196568279,0.295901518222345,FALSE
"P02654",0.0814771855049809,0.0864629491792394,0.124994221464349,0.149770404989279,0.0300437184989023,0.219503394315429,0.0660160513001612,0.177567481859103,0.101109620234781,0.124174711470899,0.138026208810448,0.189459675816526,TRUE
"P02655",-0.0516450796422687,-0.0914456551594849,-0.0770684877318483,-0.182767547685947,0.0167230699342183,-0.00509857565053834,-0.118395541246323,-0.0930818824782745,-0.0951624176353903,-0.110987493037796,0.131122468043679,0.199490617620166,FALSE
"P02656",-0.0390966819516095,-0.0495224849813523,0.000753806186380919,0.0925394701584995,-0.144592306535815,0.025361474037594,-0.0461643247123552,0.0888080924224306,-0.0156343627773995,-0.016720852287546,0.131636152110109,0.237131776694314,FALSE
"P02671",0.223207405111308,0.363192966767134,0.384980642926007,0.550432182587348,0.0489965326806633,0.34457141002012,0.321500595427051,0.470611633546489,0.380782099265417,0.41632468532651,0.32722477747604,0.501435649906685,TRUE
"P02675",0.198923883477194,0.31624421108469,0.332711717584782,0.48116948827605,-0.0219743179727791,0.374138670286407,0.288011427706232,0.401065066908574,0.333893846691032,0.37672324580495,0.282245604798856,0.503143806248829,FALSE
"P02679",0.191463894399806,0.275407546149002,0.318752830389182,0.410016178018691,0.0813105238254822,0.269328947960336,0.281801140312627,0.360129756727253,0.329501771707924,0.337016481202098,0.218552283618885,0.328705654193209,TRUE
"P02730",-0.103528295670864,-0.13195700304521,-0.141840484024104,0.193991704311717,-0.182357675896354,-0.141494226907478,-0.0267163949563155,-0.120427196526423,0.017663168010239,-0.107014930232167,0.297519999982581,0.376349380208071,FALSE
"P02743",0.29056613366634,0.113460959215512,0.183762810874699,0.307382047117848,0.0316857625207296,0.578963931379944,0.173525710950053,0.283588616098318,0.185459715532593,0.332245047875609,0.288397797713604,0.547278168859215,TRUE
"P02745",0.479787984192495,0.509637178500044,0.520158039656709,0.614104123684019,0.232269329013614,0.742852976016176,0.483239083413162,0.5954527706795,0.489199102968446,0.667695502665517,0.263064991823681,0.510583647002562,TRUE
"P02746",0.383718713286713,0.370833144335416,0.37906798703767,0.442867928470344,0.129715119302954,0.717994649457885,0.350798454869521,0.474685269556432,0.349549452138026,0.527566268694244,0.334275936171172,0.588279530154931,TRUE
"P02747",0.38313930089909,0.370598141401743,0.378512019057043,0.39292638052973,0.181156746755325,0.665929077728397,0.360719560648648,0.43787541269593,0.376502453962426,0.513039407152371,0.282789776829307,0.484772330973073,TRUE
"P02748",0.144949911218307,0.200478442125591,0.211813890667744,0.326601077876001,0.0333572282467056,0.194417379872016,0.193526572405397,0.240194602956754,0.209293020513389,0.212207401257043,0.181651166657694,0.293243849629295,TRUE
"P02749",0.276102398224723,0.167685359201023,0.229712309086641,0.343739672850842,0.049141327904127,0.555276592061977,0.187879549077217,0.327078405753864,0.208258032654372,0.326608256890694,0.279174193837254,0.50613526415785,TRUE
"P02750",0.477163354000846,0.348239442347623,0.427182857392509,0.3915711484964,0.324303571789318,0.823230460615555,0.379301603079708,0.415040910975338,0.389880871620165,0.571321824208198,0.34606710661471,0.498926888826237,TRUE
"P02751",0.196005691692992,0.391206503993483,0.395191928286414,0.385886869707781,0.141315975582335,0.326568378210898,0.318110190951819,0.422839690819433,0.348664887636231,0.40436147355836,0.226833999126441,0.281523715237098,TRUE
"P02753",0.338073720687326,0.388424112846981,0.441666241464248,0.587329361742562,0.155324977444433,0.577175698170835,0.39001184077378,0.504470207826504,0.425177574400421,0.516171616177347,0.249255641055236,0.432004384298129,TRUE
"P02760",-0.00600429238944632,-0.00644932238726779,0.0420844478674962,-0.00209678164759714,-0.0520749634930326,0.0923958811849145,-0.0195479132796175,0.0705584822357843,0.00498973874988241,0.0406650012370375,0.0984001735743608,0.144470844677947,FALSE
"P02763",0.462262712886432,0.351586348877348,0.441587479148508,0.63020961759484,0.132667842162758,0.803857880011605,0.393135996170428,0.504679724064696,0.428368338556275,0.585156213379771,0.341595167125173,0.671190037848847,TRUE
"P02765",0.280187998799555,0.298879118386421,0.360810274347648,0.474638425299801,0.140953752036744,0.427733833647795,0.331485703056006,0.441276576327999,0.343165883148314,0.403231350410293,0.194450426500246,0.333684673263057,TRUE
"P02766",0.072631505461354,0.0277984671567347,0.0536528593525055,0.151147045662826,-0.108376794873743,0.146823641413064,0.0375491442060162,0.156267001699791,0.0362614403069342,0.0909596466651258,0.181008300335097,0.264643796573534,FALSE
"P02768",0.363594966016384,0.289018624722142,0.369538562056363,0.489031048095484,0.108085083394637,0.806971168105906,0.307053492868122,0.500279726298891,0.338321128097543,0.517756988333607,0.443376202089522,0.698886084711269,TRUE
"P02774",0.278242458767806,0.135897033179053,0.203297173913543,0.28648542445959,0.00422617768771873,0.601103128841503,0.142116776060366,0.299168189822914,0.153728420842086,0.308762024662772,0.322860670073697,0.596876951153784,TRUE
"P02775",-0.219024444478784,-0.0798692466514354,-0.0893953854036517,-0.0731716578803582,-0.29904919700827,-0.05121788755798,-0.189847618913953,0.0647603925308045,-0.13463239126326,-0.0369363769451337,0.283784837009589,0.363809589539074,FALSE
"P02776",-0.0819820064498262,0.00933166854884341,0.0401181766259929,0.173743553348175,-0.308947402189698,0.116081189428553,-0.0502229728820608,0.238128273147373,0.0244755835501431,0.0993529456630726,0.320110279597199,0.54707567533707,FALSE
"P02786",0.244043957209778,0.356843710056444,0.360474141325605,0.233133932350197,0.180679454708714,0.344676676717054,0.294782797378409,0.37976812356414,0.329572414578925,0.360481794341745,0.135724166354362,0.199088668855426,TRUE
"P02787",0.47849792597111,0.446569891371941,0.53621143437142,0.627711200389188,0.266756930693738,0.725200631391236,0.458178779816168,0.611742220913671,0.490914168968725,0.655595222954429,0.246702705420126,0.458443700697498,TRUE
"P02788",0.0385707160057799,0.1074041217087,0.101976982704723,0.0238435318977737,0.0601678561715316,0.139932968693034,0.0593422218505126,0.205560802725725,0.0663801526010779,0.0413375714988049,0.166990086719945,0.181717270827951,TRUE
"P02790",0.319780379949769,0.0927978593430881,0.18673619743537,0.272220484932763,0.081098565160952,0.589846144398624,0.165375217876611,0.247780044520327,0.153208888933581,0.308445936582742,0.270065764448855,0.508747579237672,TRUE
"P03950",0.078535295399337,-0.0435459309441333,0.00586889754572447,0.410220287382418,-0.260232489605888,0.23739212735788,-0.100098940618739,0.212293078964503,-0.027756475141941,0.0211861744358428,0.338767785005225,0.670452776988306,FALSE
"P03951",0.0160683903216728,-0.0817689390125931,-0.00920714082582334,0.161781747175902,-0.169000263089766,0.128689077708485,-0.0394909709213454,0.0593708575207476,0.000180707326506806,-0.00457256693300013,0.185068653411439,0.330782010265668,FALSE
"P03952",0.172430807450234,0.117005198463309,0.168831971042756,0.354242038269806,-0.0372928959200704,0.298931866654826,0.153885993121944,0.234713599338929,0.184008437476472,0.219886475994585,0.209723703370304,0.391534934189877,FALSE
"P04003",0.225835845514117,0.262750419649484,0.296255150729393,0.507327935098601,0.00626672656712157,0.360034028074113,0.276210389728786,0.369791362627273,0.300133968388816,0.360594338208289,0.281492089584484,0.50106120853148,TRUE
"P04004",0.0160007681391098,0.0220805881025357,0.0482523318269737,0.137662903896045,-0.124199603211444,0.138467516570579,-0.001335419210281,0.107877007306963,0.0382109775269708,0.051436861402517,0.140200371350554,0.262667119782023,FALSE
"P04040",-0.230378206134559,-0.182010640822027,-0.244815276198848,-0.140627102073257,-0.184028420957748,-0.215599483190174,-0.203261421791749,-0.189328670066482,-0.159301736235757,-0.237003896495662,0.0897511040613022,0.104188174125591,TRUE
"P04062",-0.088977459665977,-0.0790983166677769,-0.059742508155333,-0.102422396655735,-0.148361771133446,-0.0119819066867025,-0.0834339189055558,0.0196201203144579,-0.0362583724719146,-0.0616853786715476,0.108597579980435,0.167981891447904,FALSE
"P04070",0.055162825354566,0.00895387600530867,0.0566657748770077,0.225185577411306,-0.163026675373095,0.190422466430553,0.0287833583169629,0.136324634999878,0.0411398364627073,0.0653623607982255,0.218189500727661,0.388212252784401,FALSE
"P04075",-0.0450496296935764,0.0155397983087021,-0.0217197236283456,0.0362796339914839,-0.00126581120911542,-0.0181859224876704,0.0321564310896376,0.0503646231547609,0.0593753242266147,0.0522716790484894,0.104424953920191,0.0810950478549603,FALSE
"P04083",0.0183544072711225,0.0817019573419164,0.0185378236096264,0.049513042505567,0.0814707816792651,0.136733469760189,0.0696074830116066,0.125433116397313,0.0765511199601302,0.0520845901314975,0.118379062489066,0.118195646150562,TRUE
"P04114",0.079352478877369,0.0672428492221995,0.0906325902868959,0.0547990814412097,0.0388369553247173,0.165254280543005,0.0701402332384495,0.0370538044759112,0.0928460354268603,0.0922631003609009,0.0859018016656361,0.128200476067094,TRUE
"P04156",0.021330916483389,0.0118971209251873,0.0407554205484881,0.203093597286596,-0.126108292762332,0.172132455838463,-0.00948439432031962,0.166263967070358,0.00143787315143562,0.0535381482442066,0.181762680803207,0.329201890048927,FALSE
"P04180",0.239203195041384,0.457814970562573,0.438487549828059,0.443983035375019,0.199634652004913,0.289734521059887,0.394209058031546,0.443930233395723,0.425249675359897,0.43544377928546,0.218611775521189,0.25818031855766,TRUE
"P04196",-0.0391806082367925,-0.070186048095853,-0.0519132096236456,-0.0183957001493399,-0.154537339274796,0.0701988195132693,-0.132659208754787,0.0010828569384115,-0.100490119686533,-0.0637262388541052,0.115356731038004,0.224736158788066,FALSE
"P04211",0.161603881018167,0.154639329591514,0.163511248882077,0.278465915613819,-0.0119695763793008,0.41876590750314,0.149255745878945,0.27261692567729,0.168136008297838,0.267208425909877,0.257162026484973,0.430735483882441,FALSE
"P04217",0.487198716278707,0.382685645542954,0.447654243098905,0.535158375283033,0.211319382873389,0.835550421261358,0.417762830115972,0.548035652837435,0.425215442429966,0.615511601767776,0.348351704982651,0.624231038387969,TRUE
"P04233",0.0225752197997588,0.000105428125946888,0.0431031727516204,0.0895331200510431,-0.0960709203651928,0.113629411760019,0.0224691256998453,0.111470055061379,0.0430599540521668,0.0404266138027896,0.118646140164952,0.209700332125212,FALSE
"P04259",-0.0379173414304281,-0.00318257866312536,-0.0248439471949433,-0.112123626905984,0.0177519785346933,-0.0342337189174017,-0.0361013130011015,0.0488885546528333,-0.00767213119386697,-0.0428370389711602,0.0868058960832614,0.161012181558818,FALSE
"P04275",0.00799015393613301,-0.13407245207171,-0.0758486563617641,0.193045149827674,-0.27893027642042,0.00531464150940336,-0.0609945874915972,-0.0455669532236435,-0.00642521129106581,-0.0762567923286053,0.286920430356553,0.471975426248095,FALSE
"P04278",0.326093709074097,0.434416440890572,0.449999729703645,0.418425965757359,0.231674839018984,0.471292598180856,0.386379663787611,0.438772651656146,0.429330413153952,0.436432544272155,0.145198889106758,0.239617759161871,TRUE
"P04350",-0.13411844805759,-0.0799022065894296,-0.13941800090963,-0.118143675344987,-0.119956016475757,-0.188015368286529,-0.0922667768800827,-0.0834694806743332,-0.0317587389726261,-0.0875056950368292,0.102359709084964,0.156256629313903,TRUE
"P04406",-0.13215169845867,-0.169938512077408,-0.208171960806112,0.0229990138776067,-0.185718588498733,-0.179101947432428,-0.13030153177254,-0.147778373140271,-0.10088539638696,-0.163502414329082,0.155150712336277,0.231170974683718,FALSE
"P04439",0.0460052587136421,0.127716521984481,0.124739683179894,0.197933836786465,-0.00214350917495602,0.0365573834784997,0.11015055309352,0.16975786562213,0.131056872365354,0.15140700984936,0.151928578072823,0.200077345961421,FALSE
"P04632",0.0259067545255887,0.00121474107244086,0.0014935154434346,0.221341476771701,-0.109475807663015,0.0801727186439616,0.0335584854677213,0.085065448825633,0.0582098024967609,0.0658072032931632,0.195434722246112,0.330817284434716,FALSE
"P04792",-0.0258299362665536,0.0578193239587385,0.0487283513930314,0.0224365594723327,0.0586973186684669,-0.0674562750227866,0.0806190736137798,0.083334813788354,0.0732104673143679,0.0731383005556832,0.109164750054908,0.150791088811141,FALSE
"P04839",-0.153705399829635,-0.131640446760964,-0.141753856710541,-0.0726646629729092,-0.0854779853638557,-0.184373629093801,-0.0761185012994176,-0.0561591868792725,-0.0617516978150117,-0.128324436936883,0.0975462129503625,0.128214442214529,TRUE
"P04899",-0.0686444058279265,0.0198779895314026,0.00682922975652148,-0.0281006057848474,-0.0914438857928279,-0.00992312232208058,-0.00670561701213826,0.0664582522036199,0.0316711060373318,0.00707106867679551,0.135102658031546,0.157902137996448,FALSE
"P04908;P0C0S8;P20671;Q16777;Q6FI13;Q7L7L0;Q93077;Q96KK5;Q99878;Q9BTM1",-0.0426529332623411,0.0214812105711836,-0.0417642918548419,0.111091489761613,-0.160606249819385,0.0466196245760408,0.0239251632934263,0.0902564643136231,0.0273940420779547,-0.0129037566483147,0.153744423023954,0.271697739580999,FALSE
"P04921",0.113297439073213,0.178719439766934,0.152339204352982,0.32377045869005,0.0501749767066047,0.106235546689698,0.173085157566304,0.20137926331193,0.179821609510179,0.166678373614617,0.210473019616837,0.273595481983445,TRUE
"P05019",0.0775374501284006,0.108533887482021,0.0750348731865604,0.178455559735928,-0.0543750510635434,0.0898681853578739,0.0904146329683456,0.113641933766801,0.0877269844285865,0.0962123521044826,0.131912501191944,0.232830610799472,FALSE
"P05023",0.0231010807759793,0.0990531555224213,0.0733155734282998,0.0713053887541009,-0.0142069539113452,0.0629281873950777,0.0677222340787557,0.124517149294903,0.0883009974233169,0.0642747116462548,0.101416068518924,0.138724103206249,FALSE
"P05060",-0.0410490493045215,-0.0703013269935168,-0.0366800326897257,0.022552510065763,-0.137393126795845,0.0677812123378727,-0.0800324779425902,0.0802825694116846,-0.0521811767548595,-0.0455914333060732,0.121331618716206,0.21767569620753,FALSE
"P05062",0.2657734802575,0.335370550920287,0.419648082098346,0.293112426213138,0.209610072243169,0.523446385520339,0.358086575987434,0.373953566678757,0.352566747978346,0.498814715335682,0.257672905262839,0.31383631327717,TRUE
"P05067",-0.261966956694868,-0.203293415601799,-0.193098859218896,-0.132542048797293,-0.385776551494211,-0.0871761250044538,-0.25222749717068,-0.0280258551119562,-0.201376980968313,-0.131258376469853,0.233941101582912,0.357750696382255,TRUE
"P05089",-0.108461065321836,-0.113266707572418,-0.15633199771533,-0.236829903022052,-0.0618966710469983,-0.0869886911147631,-0.167828918152164,-0.0545965745033801,-0.128166438752851,-0.189756572624956,0.128368837700216,0.182233328518672,TRUE
"P05090",0.17366511500715,0.239592110536402,0.254532646383115,0.31969026103144,0.100789114837079,0.181118834289389,0.202107430150033,0.272063636604301,0.237887699003128,0.21859847361869,0.14602514602429,0.218901146194361,TRUE
"P05106",-0.0537293745304711,0.035147056335947,0.0191652920335927,0.0257378007590641,-0.0438121812684107,-0.077027429076597,0.0133085773979678,0.0785391094132745,0.0663373476423952,0.0364099587620629,0.132268483943746,0.155566538489872,FALSE
"P05107",0.0232306456912237,0.0889317713764919,0.0815983633782066,0.097797957953379,-0.08423930758534,0.11969755593537,0.0483008686266123,0.162215177027516,0.092419411335182,0.0710059333904537,0.138984531336292,0.246454484612856,FALSE
"P05109",0.04204097398806,-0.0267645315705953,-0.130091719046525,0.189304139975854,-0.112243972556628,0.122250655132087,0.00299892651828517,0.0367471115344071,0.0359031827440952,-0.0163175671427751,0.172132693034585,0.319395859022379,FALSE
"P05121",-0.0152811523913326,0.121062671596623,0.13464638362471,0.172478362294779,-0.0402416713110044,0.0598398571073339,0.0652620751396991,0.213610192766975,0.119581816595843,0.182635175993472,0.228891345158307,0.253851864077979,FALSE
"P05141",0.164571262926525,0.398916148911264,0.300609807531177,0.214388701267412,0.241783799086764,0.126750091920271,0.317392223075462,0.293854783388077,0.326267892144334,0.346345787394999,0.234344885984739,0.272166056990992,TRUE
"P05154",-0.0283163000174214,-0.0785746051689719,-0.0317833195586951,0.00752694181649911,-0.0757972867743625,-0.00648277835350224,-0.0762502557434555,-0.0307027907188377,-0.0595770306585877,-0.0845412867832828,0.0562249867658614,0.0920682285997819,FALSE
"P05155",0.110959367469134,0.122853348914482,0.137350587965019,0.282155920102603,-0.0768276135887308,0.174034140228337,0.138780799893307,0.161433844273606,0.164121896552228,0.135183773491143,0.187786981057865,0.358983533691333,FALSE
"P05156",0.291876195695831,0.115728360733204,0.193571039592253,0.353096255472122,-0.0237919442584809,0.582348195690052,0.153024558808475,0.29575660536721,0.161161025688681,0.311649323246233,0.315668139954312,0.606140139948533,FALSE
"P05160",0.403567536578663,0.474750019618545,0.504873917699184,0.656579367918874,0.218867560981635,0.533781153857749,0.478938696682984,0.559425009852404,0.535111344345954,0.591686512230556,0.253011831340211,0.437711806937238,TRUE
"P05164",-0.103289285429814,-0.0870804505978892,-0.104303060653256,0.0461176579323685,-0.09076363200905,-0.17028378865682,-0.116845505912925,-0.108130771002221,-0.0527251911885547,-0.14061380799983,0.149406943362182,0.216401446589189,FALSE
"P05186",-0.070403763164687,-0.133287134499919,-0.047329829237191,0.0137163827170184,-0.0988682963690634,0.0814848496732071,-0.0946605220053687,-0.00785562715070541,-0.0485478099671639,-0.0759888589921415,0.151888612837894,0.214771984173126,FALSE
"P05198",-0.0565377659413082,-0.0384613527988671,-0.0711914020354267,0.0709931374944552,-0.0698010504624308,-0.0238345170805508,-0.00383272543922266,0.0680987845432823,0.0113048809871718,-0.00742073354103538,0.127530903435763,0.142184539529882,FALSE
"P05362",-0.0149931395839405,-0.0402334015446543,0.0180787974937516,0.0727955733732726,-0.113561911733894,0.0761879287418997,-0.0160822566651629,0.0664620603627074,0.0107666219539874,0.0366837081749394,0.0985687721499536,0.189749840475794,FALSE
"P05386",-0.225350636485815,-0.16965272424707,-0.164136083511907,-0.16634006930715,-0.232956200228087,-0.10105587799964,-0.187303086504769,-0.0950292813558204,-0.154833517097311,-0.196511420010861,0.130321355129995,0.137926918872267,TRUE
"P05387",0.0188959482169529,0.076834809601968,0.0411627380884467,0.156098828142579,0.0463988202873402,-0.0506414998423795,0.0430928307355795,0.121460159721134,0.0750592435476582,0.0439452230490579,0.137202879925626,0.206740327984958,FALSE
"P05388",0.0127342449213965,0.0656748651891701,0.0264126849499703,0.186363197293455,-0.0577372187480632,0.0351920214448222,0.0623531473430977,0.1481399953108,0.081649295311325,0.0434872788973394,0.173628952372058,0.244100416041518,FALSE
"P05452",0.129507962682697,0.0372618053916965,0.096602669822687,0.204126791968765,-0.0490922928116741,0.259040753086399,0.0415372416548798,0.160889148245321,0.0579388466969175,0.115778656419905,0.178600255494371,0.308133045898073,FALSE
"P05543",0.277297943726661,0.32658012514965,0.350527854879815,0.319379968927039,0.146436968604917,0.42427764171589,0.299543222342679,0.313431654791184,0.312370410088901,0.371320538170641,0.146979697989229,0.277840673110972,TRUE
"P05546",0.195884451028585,0.235523107267339,0.263283132461212,0.347026950855101,-0.0016678416801541,0.334700106639001,0.227235302360082,0.273867662676557,0.237351952862377,0.270914626371188,0.197552292708739,0.348694792535255,FALSE
"P05556",0.0202673981566746,0.05448326686276,0.0893482955585087,0.148853079581562,-0.0652790640017692,0.0601748470309697,0.0654308159149269,0.129235413283005,0.0928211364886133,0.0924268839820336,0.128585681424887,0.214132143583331,FALSE
"P05997",0.0488207364361819,-0.00454637948661371,0.0624181509492787,0.237465392587804,-0.0756414290860365,0.0567961181539584,0.0373994745887916,0.180527534638157,0.0811953383867855,0.0979436334768375,0.188644656151622,0.31310682167384,FALSE
"P06276",0.241433617423644,0.254305127818411,0.281007666426133,0.305620237668394,0.0791544151563187,0.464724725965269,0.236797054862042,0.292763906213521,0.252993678939175,0.380013766395211,0.223291108541625,0.385570310808951,TRUE
"P06310",0.0572982893258138,0.0102614545391463,0.023138090182077,0.108842772781542,-0.0175756968801647,0.127405361902368,0.0409077695409071,0.0803050298710165,0.0728828841651385,0.140069451955187,0.0827711626293734,0.157645148835352,FALSE
"P06312",0.37813673747826,0.366899680934046,0.404060548442259,0.45957526567955,0.312280247532107,0.566666737036647,0.325760356717534,0.456894428290437,0.39922093967894,0.486038604411733,0.188529999558387,0.25438648950454,TRUE
"P06331",0.299261765980329,0.278140167942094,0.292740509819445,0.368533874455366,0.0588475041270422,0.575660198575124,0.260048600366178,0.349392452856042,0.286907468860737,0.417056243963447,0.276398432594795,0.516812694448082,TRUE
"P06396",0.165295361890706,0.149975651639431,0.235641485964737,0.326010622165584,0.028136490241105,0.283979029631159,0.196113665023396,0.271676797246947,0.198725283071281,0.248683393162417,0.160715260274878,0.297874131924479,TRUE
"P06454",-0.0215961220139122,-0.00978367062088049,-0.0141541517277075,0.0248303589069784,-0.0599744686212899,0.0155374696078444,0.00230109404285867,0.0433910975115629,0.0321945589002187,-0.0220144523703233,0.0649872195254751,0.103365566132853,FALSE
"P06576",0.228766005257004,0.517057695216779,0.429350634120486,0.25629566536242,0.476229256530526,0.176735288245189,0.437313128157527,0.461789975816628,0.447576724669149,0.453620923204026,0.288291689959775,0.340322406971589,TRUE
"P06681",0.327652257190664,0.279977905103736,0.356276340452131,0.37980623979457,0.121076722555589,0.661641044678479,0.310271102909191,0.424612762195203,0.308290968620358,0.476639088765734,0.333988787487815,0.54056432212289,TRUE
"P06702",0.0303259928062745,-0.0304600617613465,-0.13814660515533,0.150819305371824,-0.089428773063776,0.115774326843411,-0.00780247586016575,-0.0046485989557459,0.0138044417317378,-0.0575238869821082,0.168472597961604,0.288965910527154,FALSE
"P06703",-0.00869669566292054,0.0514037513456627,0.0292856844681535,0.162698569185772,-0.049027980030196,0.121673480618819,0.0514885757316159,0.12137276517853,0.0817201439214845,0.0753638236838271,0.171395264848692,0.211726549215968,FALSE
"P06727",0.0979352043225391,-0.0476465890417822,0.0342361049272184,0.100245003751736,-0.0570573786058512,0.200264100251282,0.0113444576640962,0.0974091395219541,0.0258089998758692,0.030159464762562,0.15499258292839,0.257321478857133,FALSE
"P06733",0.0250305298087195,0.127436982102572,0.0589362178970705,0.177326686191999,-0.0133296761606985,0.0470296824444795,0.106343490369673,0.126003066416034,0.136072921209087,0.0979125679963033,0.15229615638328,0.190656362352698,FALSE
"P06734",0.0465964485180779,0.0117845316609649,0.0356926210163672,0.096883871296994,-0.0782418074318949,0.0940557487696225,0.0303639463501573,0.140158366817766,0.0454414396416494,0.0324843221746644,0.124838255949973,0.218400174249661,FALSE
"P06744",0.207979228720625,0.289245245297249,0.285533173546259,0.37662964801106,0.364018684593017,0.0346087430552166,0.352137703781899,0.362517295097466,0.377790639329304,0.372939554600965,0.173370485665408,0.343181896274087,TRUE
"P06753",0.0145213268519691,0.138290933394099,0.076310909636017,0.138149041108852,-0.0090179067990302,0.00602237718763638,0.100905867574728,0.125712758551035,0.107483075816314,0.146667200540215,0.132145873688246,0.155685107339245,FALSE
"P06756",0.113214543022875,0.099558420684823,0.186933221799044,0.194739962342926,0.0905908935053905,0.149913470647632,0.140943889451021,0.19807105906165,0.180761408785031,0.179368201740336,0.0848565160387746,0.107480165556259,TRUE
"P06858",0.0520223065582299,0.0969695510760006,0.136417983629158,0.146003473491143,0.0158990212203182,0.100596278079247,0.0764582406294527,0.190495961821821,0.090099352412512,0.110118688663307,0.138473655263591,0.174596940601503,TRUE
"P07093",-0.136981210816241,0.000848108419408141,0.00431761898858873,0.00293308624812058,-0.188090672562561,-0.075614522009666,-0.0464357827006368,0.133885967303906,0.000449626503122102,0.00706703719642976,0.270867178120147,0.321976639866468,FALSE
"P07195",0.016644745694366,0.0491843581951254,0.0241452786335542,0.127699452195713,0.0218407302594058,0.0663395794959088,0.0662325111418239,0.0837206916786444,0.0809206029505107,0.124547572960602,0.111054706501347,0.105858721936308,TRUE
"P07203",0.00321296780413142,0.102038866147589,0.0875897221623533,0.221403327797753,-0.04554277261574,0.0649692478479947,0.0875183669857537,0.198626549731916,0.146228932252458,0.126690716656648,0.218190359993622,0.266946100413493,FALSE
"P07225",0.152804330284738,0.109887735570727,0.143926553512705,0.339537312453968,-0.101243233338897,0.261544023299864,0.119177444187132,0.206270191536473,0.150698989206303,0.171407156636709,0.254047563623635,0.440780545792865,FALSE
"P07237",0.0317052873304802,0.00879437912040544,0.0466334747097563,0.216156620116911,-0.119354164833265,0.0209146604254536,0.0811773170174746,0.0547246978280862,0.0910028205154688,0.0562001445823588,0.184451332786431,0.335510784950176,FALSE
"P07307",0.105316417726497,0.0558765219728205,0.118706519062615,0.33349422249829,-0.0595100117005835,0.201097627727395,0.085611461445475,0.21674391328271,0.128046511647447,0.182078970128207,0.228177804771793,0.393004234198874,FALSE
"P07327",0.220452918576091,0.394628498462762,0.387509512778917,0.280339503395603,0.265972941405332,0.324474018668511,0.334392230674136,0.400251122707218,0.341212226542113,0.401067500466918,0.180614581890827,0.135094559061587,TRUE
"P07333",-0.147766468301492,-0.210481437351192,-0.148750190565952,-0.101922523405311,-0.284115857045822,0.0126223503275893,-0.198012147760182,-0.0781916426611042,-0.173630064914704,-0.171115916811041,0.160388818629081,0.296738207373411,FALSE
"P07339",-0.0902821527803998,-0.0877812989801961,-0.121441551248294,-0.172748848341988,-0.0896984519378489,-0.0588041280852429,-0.125282617483655,-0.0255069771403002,-0.119745645127584,-0.111334499211677,0.0824666955615887,0.147241871201688,TRUE
"P07355",-0.0905832031914213,-0.0568170562873451,-0.0797159386309842,-0.162924250337994,-0.056537934988007,-0.0111383227653664,-0.0985509844860256,-0.00205104821801098,-0.0787428997635504,-0.0987647656008425,0.0885321549734103,0.160873202119983,TRUE
"P07357",0.288703313410536,0.370798300057653,0.411347500251453,0.427284259232858,0.199546657284559,0.436599759598505,0.355214287124972,0.439966228938584,0.374725495185125,0.436521225077843,0.151262915528048,0.240419571654025,TRUE
"P07358",0.191872768273509,0.354394501942608,0.353574792522494,0.321416166615,0.127503060284296,0.327817052046492,0.29286705548159,0.352300066040434,0.30867252537877,0.341346695082018,0.162521733669099,0.226891441658312,TRUE
"P07359",-0.0575495894359499,-0.0826009701917483,-0.0663602751724593,-0.0178925651611896,-0.191084325276577,-0.00389893887592275,-0.0796937395990517,-0.0198875442387586,-0.0503140937208587,-0.0661710862490239,0.133534735840627,0.187185386400654,TRUE
"P07360",0.284343238719777,0.50085721930547,0.503443784634978,0.541419083924672,0.164607495526442,0.444486374508285,0.434359314768764,0.546373612707245,0.467807341179936,0.544175162858457,0.262030373987468,0.381766117180803,TRUE
"P07384",-0.0237594637416382,0.015183513156241,-0.0123717250305375,0.115154717077298,-0.0887675463418037,-0.00482815776606634,-0.0100919909246592,0.0652609467875655,0.0267718524504064,0.0136706354069246,0.138914180818936,0.203922263419102,FALSE
"P07437",-0.023299742291023,0.0608679717059161,-0.0317151538897928,0.0720934553548023,-0.00300754987211864,-0.0916192808327579,0.0392131640020291,0.0441168501689887,0.0646765689318208,0.0407966363522453,0.0953931976458253,0.16371273618756,FALSE
"P07477",0.0211766434331753,-0.0629925808091827,-0.0652638446694013,0.02377003069727,-0.0689486471284778,0.094565741541174,-0.0594189321964435,-0.0295907545551583,-0.0217900838902859,-0.0234741315701443,0.0901252905616531,0.163514388669652,FALSE
"P07585",-0.0261859082339718,-0.0389612212479978,-0.0259467524973132,0.0236401316377545,-0.0911222170047739,-0.024179289526974,-0.0278527355011656,0.0231598218509106,-0.0146171545706445,-0.0320351510352408,0.0649363087708021,0.114762348642528,FALSE
"P07602",-0.0765339605697669,-0.0552884983391954,-0.0210798529812935,0.0429702998172318,-0.0987506191038454,0.00748870723652243,-0.0556098904214438,0.0518318568658644,-0.0241653725644555,0.0103170023770269,0.128365817435631,0.15058247596971,FALSE
"P07711",0.00840392022962869,-0.0552563301571347,-0.0236495701692411,0.0998426088777947,-0.187802501064672,0.16386776214582,-0.0512184164842964,0.0723499838616577,-0.0301662134463537,-0.00135329516967122,0.196206421294301,0.351670263210492,FALSE
"P07737",-0.0679061951975072,0.00632690910070884,-0.0120679843482627,-0.0484129020695389,0.0192284826304253,-0.0799534351524723,0.00660910421940055,0.0177300917313173,0.0123570908482587,0.0130837025573064,0.0871346778279325,0.0991819177828976,FALSE
"P07738",-0.0212279272047407,0.105771352991045,-0.0332007699950642,0.33747395232541,-0.284582841498408,0.208682086172811,0.0441322530634232,0.0184770103481502,0.0734569487165957,0.0635776926369098,0.358701879530151,0.622056793823817,FALSE
"P07741",-0.0938706570550684,-0.135275629164018,-0.141328563113371,0.0261481729491955,-0.122814496822902,-0.0823903997534438,-0.0958255516837909,-0.0812368512743111,-0.063867792271532,-0.125046242799544,0.120018830004264,0.167476736062566,FALSE
"P07858",-0.145521280386269,-0.100402873538583,-0.0957049313558181,-0.0331694482864517,-0.212425954483255,-0.0749949931983287,-0.125559322045733,-0.0113549873504255,-0.101583488388979,-0.0719456318486362,0.134166293035843,0.20107096713283,TRUE
"P07900",-0.00815940776837324,-0.0216310274264297,-0.0371623571884734,0.106765100551288,-0.0798124328404323,-0.0282302373197424,0.0313817144508493,0.00707402885499549,0.0475868149858721,-0.023017423136562,0.114924508319661,0.18657753339172,FALSE
"P07910",0.0063108189658108,0.0548524073381555,0.0275019913186052,0.111633765793258,-0.00551761279587639,0.0420219198628692,0.023827557997002,0.136367212247526,0.0512420093242256,0.0195075305600072,0.130056393281715,0.141884825043402,FALSE
"P07942",-0.0440610400329381,-0.0710113952255513,-0.0369536261975075,0.0977834749743559,-0.21587435634709,0.0147052947930022,-0.0512143718752996,0.0452218384601604,-0.0219230578826841,-0.0191656227609858,0.171813316314151,0.313657831321445,FALSE
"P07947",-0.0328076619492041,0.0906885045044806,0.0766930686475695,0.0659218230318751,0.0329253667944819,-0.0261970652283376,0.0583850130288111,0.117424650575868,0.0950402505102547,0.0899756296931633,0.150232312525072,0.143621715804205,FALSE
"P07948",0.098136787788255,0.15018100229578,0.183406290299907,0.12015653295008,0.269965865419991,-0.0361433690915743,0.158425021167198,0.188018336625874,0.210786936304557,0.113645640883567,0.171829077631736,0.306109234511565,FALSE
"P07988",0.1877934190089,0.371290442362645,0.344100382105278,0.351287620920599,0.136508946013057,0.278026564119771,0.280899721600391,0.345866401568173,0.310184263347928,0.302908273313751,0.183497023353745,0.234781496349588,TRUE
"P07996",-0.246148683346689,-0.0642020309552689,-0.0883527744907718,-0.170766148225254,-0.243339401087153,-0.12893432334275,-0.157090151880608,0.00237819225824604,-0.121369882878207,-0.0510761908858144,0.248526875604935,0.245717593345399,FALSE
"P08133",0.141963117361291,0.294677012181749,0.277953827205521,0.313911999086653,0.0742494365898421,0.237247984543007,0.26115872293951,0.315715805803726,0.2650904241664,0.294323360286678,0.173752688442435,0.241466369213884,TRUE
"P08185",0.309802435877648,0.289956239804567,0.315739014565633,0.323522120903194,0.186443692415746,0.570115661939701,0.304177110283036,0.360614906825864,0.290468982166431,0.428079001038177,0.260313226062053,0.383671969523955,TRUE
"P08195",0.233833585068056,0.267810826494161,0.306722964996071,0.296617197390077,0.098457343020728,0.340319424425713,0.258924216010588,0.317220427824514,0.294972767719792,0.294441784608266,0.135376242047328,0.241862081404985,TRUE
"P08237",0.207093182237481,0.231284410521417,0.185159521067988,0.351777875346834,-0.0134031058669267,0.311852910638772,0.192294047691793,0.248629092527158,0.267086196026189,0.197665330382489,0.220496288104408,0.365180981213761,FALSE
"P08238",-0.077804797464128,-0.100481239520177,-0.0802721142800437,0.0083949011172498,-0.154184338830105,-0.0903327655173024,-0.0858136467817723,-0.0670372790494504,-0.0566302114084186,-0.116415602244634,0.0861996985813778,0.162579239947354,FALSE
"P08253",0.17861682491005,0.196864368078976,0.258238646470988,0.383284173635006,-0.00847949602254133,0.320822364714238,0.214349127142899,0.317466862511054,0.241978907587027,0.269927235775142,0.204667348724956,0.391763669657548,FALSE
"P08254",0.050774515019296,0.0642419866431702,0.112830359297684,0.183554461907423,-0.0496619814673053,0.085396180440459,0.0400063695270577,0.178551080035572,0.0494928081070745,0.101545142789499,0.132779946888127,0.233216443374728,FALSE
"P08263;P09210",0.115244397916101,0.199113511713783,0.184044930637593,0.257964611282706,0.0516138432217058,0.177298695697856,0.12022545468919,0.22342324894292,0.169111867911667,0.211695556933372,0.142720213366605,0.206350768061,TRUE
"P08294",0.0780950992833653,0.0494609314878366,0.101234796314325,0.16612221870879,0.0306715675522543,0.106985500642647,0.0688979587516282,0.114588276029599,0.0913574410648953,0.0841296464858364,0.0880271194254243,0.135450651156535,TRUE
"P08311",0.0680657261856941,0.0379273535498855,0.0675659834766996,0.325282642924259,-0.11725382137862,0.101119057478831,0.0926506121045929,0.14459030701033,0.141045026834265,0.0793193326650827,0.257216916738565,0.442536464302879,FALSE
"P08319",0.188988157763952,0.370409865698672,0.396276373499211,0.375090274578414,0.177162242514141,0.251383934724779,0.326661133704283,0.415041569793485,0.332039845779165,0.406740773190295,0.226053412029533,0.237879327279344,TRUE
"P08493",-0.0326641595814339,-0.0579561781837753,-0.016787695489334,0.0421296775237561,-0.106252019368603,0.0492989870617079,-0.0574613213129966,0.065526764477395,-0.0335156194088111,-0.0255901279344982,0.0981909240588289,0.171778783845998,FALSE
"P08514",-0.0817762739718836,0.0364269013165211,0.0291251735417096,0.0577075356800154,-0.0893472738909921,-0.115559926317766,0.0174310349167426,0.0770897431246208,0.0557522071076462,0.039958219600699,0.158866017096504,0.192649669442387,FALSE
"P08519",-0.0297517384412251,-0.143936471888214,-0.12852033636937,0.0902985290386196,-0.0417805334766493,-0.12418620026101,-0.0373714902955925,-0.115798294843981,0.00361614639905236,-0.0782135008670441,0.120050267479845,0.234235000926833,FALSE
"P08567",0.082849938083245,0.263912740935499,0.180614077089349,0.234906330688916,0.147396299360689,0.00619184597839665,0.196153586809688,0.272011042528385,0.212224242715574,0.22948826323438,0.18916110444514,0.265819196549988,TRUE
"P08571",0.160904530017742,0.272897502419662,0.283226531548201,0.307252003001698,0.064325122241198,0.252932512464494,0.236525945351071,0.292970515805635,0.258757467386827,0.280056395056641,0.146347472983956,0.2429268807605,TRUE
"P08575",-0.0401893259344985,0.0329440187015843,0.0184177596684165,0.0377618942342601,-0.070054785804701,-0.0461050372161659,0.015541282191742,0.0794053756712909,0.0555847117595116,0.011522975812764,0.119594701605789,0.149460161475992,FALSE
"P08581",0.126715682300755,0.264305482644646,0.251564683905975,0.178439395276566,0.263983040724693,0.12265483480844,0.206374294364315,0.263532187129047,0.2305067628236,0.268924955502096,0.142209273201341,0.146270120693655,TRUE
"P08603",0.283635728553145,0.200521827722805,0.250513394112955,0.318434023856759,0.0605891580504368,0.569528797239511,0.213016123446755,0.325088936565173,0.228938600477001,0.375261184155486,0.285893068686366,0.508939639189075,TRUE
"P08637",0.0882429570121369,0.123306996958392,0.142017268621625,0.157646924526859,-0.0499282609946999,0.27483397550992,0.112655140130299,0.183395544297972,0.14622938868224,0.178404051742499,0.186591018497783,0.324762236504619,FALSE
"P08648",-0.0850113155638328,-0.0967513844973556,-0.0822334423812776,0.0301871897833957,-0.278325135558705,0.0254082923906492,-0.0931278768904098,-0.0180858280360201,-0.058217111953858,-0.0842162687030943,0.193313819994873,0.308512325342101,FALSE
"P08670",0.160132853762223,0.119723573898318,0.102487103144301,0.298808529963697,0.123731746968023,0.116854404445899,0.174945809612103,0.198820728349402,0.199474916424434,0.157991708064169,0.138675676201474,0.196321426819396,TRUE
"P08697",0.18557773626299,0.21765020325017,0.259250621535964,0.358618769067538,0.000669138612800263,0.368303512424892,0.205490526667376,0.307236212770585,0.22263195962469,0.295411986889783,0.18490859765019,0.367634373812092,TRUE
"P08709",0.121938224707565,0.127144238065924,0.163342425912717,0.229388640995959,-0.0355227318611717,0.228574948635709,0.10515396494761,0.237428123822166,0.131320655901687,0.173914610399788,0.157460956568737,0.272950855683338,FALSE
"P08727",0.128017860113844,0.115040868879778,0.151325741697545,0.0635315721099593,0.159922275335508,0.159218433549622,0.150048779692236,0.170190956754342,0.155476472662601,0.154138989044008,0.0644862880038847,0.106659384644383,TRUE
"P08729",0.366314773021804,0.518128594213436,0.309260716191617,0.137337131854242,0.480120847748251,0.320928694773172,0.377326381321972,0.323310586251927,0.410111946059253,0.366606064010306,0.228977641167562,0.380791462359195,TRUE
"P08754",0.0122448552962503,0.0658063370860817,0.0643011532859761,0.0274797653952024,0.0757703746038446,0.0152163271531348,0.0735738946767778,0.0994607626296352,0.0766476145497561,0.0321162534988947,0.0872159073333849,0.0842444354765004,TRUE
"P08758",0.0388774634917341,0.0496017407728328,0.0721949209032923,0.132019119784636,0.0360950656543764,0.0478472759368689,0.0979736576592663,0.152818751111542,0.111784737203049,0.115674672516177,0.113941287619808,0.116723685457166,TRUE
"P08779",0.00556294282202569,0.010842223524761,-0.0281267160681407,-0.145092777600793,0.164247916600886,-0.0809143027624704,-0.0193156896760379,0.0569484002020106,-0.044265650722963,-0.0168137486727145,0.15868497377886,0.30934069420168,FALSE
"P08833",0.00267040548087772,-0.0336245340039309,0.030812092572928,0.0875321726942665,-0.113890413295637,0.135082685607676,-0.0625605803562149,0.0708075304146931,-0.0420954102878729,-0.0101670685350195,0.132412280126799,0.248973098903313,FALSE
"P08865",0.00693052754883808,0.0118213261021412,-0.0665349287346449,0.137667067364743,-0.126001152203849,0.0755779007762294,0.00566014537796253,0.0713242322362971,0.0311002304002314,-0.00888861890222106,0.132931679752687,0.263668219568592,FALSE
"P09104",0.0672582330582301,0.117040659757019,0.0809071348256423,0.165796114208506,0.0278965453607931,0.0988859782735748,0.103164785409176,0.138775866308944,0.137488265995631,0.118599407697299,0.098537881150276,0.137899568847713,TRUE
"P09172",0.387525191593159,0.338184403243006,0.343759820425235,0.393976256866119,0.302271227334968,0.596955659855816,0.359324218119982,0.346995456897222,0.363679548020452,0.483438152457292,0.209430468262657,0.294684432520848,TRUE
"P09211",0.0316005710210621,0.12056695118655,0.107119033293646,0.144516610582477,0.0652621359266737,0.0497086659534524,0.162935520347267,0.170550538676058,0.174229297250284,0.154770872398748,0.142628726229222,0.124520631296831,TRUE
"P09237",-0.17364721376999,-0.093876503935838,-0.0434057481848908,-0.192216886700118,-0.223068219380919,-0.119785079925261,-0.128712166902381,-0.0631530496121602,-0.131825381382885,-0.0574813803878163,0.130241465585099,0.179662471196028,TRUE
"P09326",-0.0981236299134917,-0.106482738033968,-0.125010193622526,0.0166915605483958,-0.337304242865605,0.0313209822417482,-0.112574509582632,-0.0480144684877161,-0.0816410915226488,-0.134688879651999,0.239180612952113,0.368625225107353,FALSE
"P09382",0.15576568301315,0.209014940999637,0.226693166214099,0.294109563440319,0.102965859145031,0.225804281111122,0.198549306523302,0.306413909938042,0.218686086607886,0.240176466696821,0.150648226924892,0.203448050793011,TRUE
"P09429",0.0964562581375457,0.111850876664666,0.0619029470503729,0.240716386049107,0.0219582652653843,0.116715466151455,0.0905439914672703,0.226772224341865,0.132372416889494,0.134980772553348,0.144260127911562,0.218758120783723,TRUE
"P09486",-0.260842247671904,-0.16450728780271,-0.157905258677313,-0.174216247988186,-0.336914668919639,-0.108230166806486,-0.197210208390205,-0.0567828676033169,-0.142452625323459,-0.0975683731842076,0.204059380068587,0.280131801316322,TRUE
"P09493",0.115143460117573,0.289056574033105,0.208534111024267,0.289324497753339,0.124234568020218,0.0578388147783177,0.279664956933463,0.235632491352657,0.302903258667475,0.300754558917443,0.187759798549902,0.245064443889157,TRUE
"P09603",-0.0449866771901745,-0.0098361888621258,0.00349735646025199,0.0466389611928647,-0.111616901901409,-0.00395133571279686,-0.0260827308273462,0.0671921205879652,-0.00358065139353539,-0.0133119417071141,0.11217879777814,0.178809022489374,FALSE
"P09619",0.157875757834599,0.165447092131882,0.212543602239751,0.281803372022295,0.0411203795568907,0.18621199431541,0.151033829167744,0.224704367730749,0.228224878878763,0.211727291126012,0.123927614187696,0.240682992465404,TRUE
"P09668",0.0740706837119878,0.00990292869417501,0.0347779685154987,0.11732325294905,-0.121750023148914,0.167878022292145,-0.0199120406274433,0.12637557559691,0.0197685678290122,0.0678151967583331,0.195820706860902,0.289628045441059,FALSE
"P09871",0.0596587565186069,0.0223102640071245,0.0429957300209371,0.223055662120124,-0.185807771983722,0.12479268211015,0.0576409126266118,0.0721792324936905,0.0863021636958125,0.0658921400190946,0.245466528502329,0.408863434103846,FALSE
"P09960",-0.117895968567215,-0.0853720165244535,-0.0935938016393772,-0.149144057796271,0.0238807850762475,-0.129995376674671,-0.072664578039912,-0.160020733269016,-0.041638185327245,-0.118409355870952,0.141776753643462,0.183901518345263,FALSE
"P0C0L4",0.145816972272785,0.101833823864609,0.120413886522883,0.324845320492399,-0.128129944251805,0.340721317115355,0.101281867370331,0.196612337785862,0.123591835517485,0.178377660814878,0.27394691652459,0.468851261367159,FALSE
"P0C0L5",0.176088169412073,0.116642686648562,0.132828546124878,0.366797948638515,-0.0845312964003744,0.290995351240937,0.142483046601869,0.210489718583017,0.162380487547621,0.196049558765033,0.260619465812447,0.451329245038889,FALSE
"P0DJI8",0.187122821338396,0.310600490042117,0.361678114220342,0.636375573868166,-0.11219431981153,0.393581871154997,0.376301569195957,0.463315288469788,0.356223206304503,0.443623122068497,0.44925275252977,0.748569893679696,FALSE
"P0DJI9",0.210452833894806,0.275795699480226,0.359414257730148,0.585893557095428,-0.0073070033908588,0.243490481254146,0.368487355672046,0.437848543673112,0.337762181719771,0.432759583718223,0.375440723200622,0.593200560486286,FALSE
"P0DMV8;P0DMV9",0.0171851344617171,0.0908082056369847,0.0394562223783001,0.0791737407162785,-0.00867996769086818,0.0725720574185044,0.0748612377752004,0.100070032966379,0.105589455947118,0.0740705656451573,0.0884043214854005,0.114269423637986,FALSE
"P0DOX2",0.102241387100871,0.0744236789001377,0.120339301422611,0.192587723570536,-0.146911410127406,0.442039934579367,0.0851273374560742,0.20506672373364,0.0997978803110394,0.216256215893692,0.339798547478496,0.588951344706773,FALSE
"P0DOX3",0.226910323165997,0.262537655296427,0.224241847223392,0.226747369119044,0.143152469029929,0.508877763267265,0.230603841533382,0.23413983214791,0.218494592044677,0.387889091629504,0.281967440101268,0.365725294237336,TRUE
"P0DOX5",0.175523502515833,0.151781370596071,0.148849510268869,0.274584434886957,0.0605264289704904,0.432673398275586,0.0870921122878903,0.287921722891716,0.158637602428468,0.278121106723854,0.257149895759753,0.372146969305095,TRUE
"P0DOX7",0.14057538018821,0.154143893964399,0.180089558948311,0.206354924898348,0.0481401013282793,0.317373457876367,0.142216494795254,0.228272066514009,0.152607217702325,0.230534440613092,0.176798077688157,0.269233356548088,TRUE
"P0DOX8",0.220397646777363,0.186147120121864,0.237737199152136,0.255956111951681,0.095837180700112,0.448915759336143,0.194343792312013,0.319028268823124,0.225168021758895,0.330160267540483,0.22851811255878,0.353078578636031,TRUE
"P0DOY2;P0DOY3",0.149002163283007,0.0551436982994256,0.139563538755927,0.203671167384603,0.0849468911270763,0.382854526091688,0.0841830955857055,0.264269481503177,0.1262066184993,0.240778358125752,0.233852362808681,0.327710827792262,TRUE
"P0DP02",0.261760527964535,0.254070842478871,0.243085817075206,0.256680765009218,0.128695626532837,0.522241249545144,0.227198349144064,0.300519007408414,0.223641996932613,0.352034965402636,0.260480721580609,0.393545623012308,TRUE
"P0DP23;P0DP24;P0DP25",0.0130043935490555,0.0633481577540677,0.0436464399056203,0.061901045397896,0.0539944425804159,-0.077545996406975,0.0894938311564846,0.0173987096528772,0.106555233341257,0.0582867059600987,0.0935508397922017,0.184101229748232,FALSE
"P0DPH7;P0DPH8",-0.110813275251663,-0.0313280290187572,-0.104208084154897,-0.00200235484747776,-0.0431359052241581,-0.240836749150378,-0.0255905078631678,-0.0385776650644244,-0.0161988947066074,-0.0416955239800423,0.130023473898715,0.2388343943029,TRUE
"P10124",-0.172683684454898,-0.0268279300514333,-0.0593934017640919,-0.0525569955406457,-0.195193770709206,-0.118885161947581,-0.0979104153048967,0.0433101876295625,-0.0415618357895485,-0.00665072610398859,0.215993872084461,0.238503958338769,FALSE
"P10301",0.0802376806176072,0.102174711796175,0.130527505460509,0.0928296585754908,0.149096843804354,0.0937754781956821,0.0939491376232041,0.213265448409308,0.122998126537756,0.154115347370259,0.1330277677917,0.120435789833817,TRUE
"P10321",0.129709132556204,0.138550888601966,0.17336985297186,0.243242919243019,0.0893751754557995,0.168375163676988,0.147382913180029,0.223430432638193,0.210522922024927,0.214553874906433,0.113533786686815,0.153867743787219,TRUE
"P10412",0.125854916435465,0.126803428267923,0.0496224539771987,0.299945164189652,0.000101637174938589,0.148137383072056,0.147546658339824,0.1878979841778,0.160835556805198,0.107677873202089,0.174090247754187,0.299843527014713,TRUE
"P10451",-0.0240636962326629,-0.0464185526860481,-0.0262835862417857,0.0784133660948628,-0.127028214619366,-0.0396129386656194,-0.0429678191367165,0.0252281317651102,-0.0268736416015612,-0.0374698219818479,0.102964518386703,0.205441580714229,FALSE
"P10586",0.185747820795305,0.263782843338724,0.271412781825867,0.341785925020537,-0.00501576606764821,0.270638113718099,0.225028175617352,0.305227872888935,0.246915691777168,0.286847474005476,0.190763586862953,0.346801691088185,FALSE
"P10599",-0.0884374419130922,0.0211774798991933,-0.0289574396903863,-0.0241746140299476,-0.0624466270513508,-0.0286385967258058,-0.0239613108205199,0.00670403878065564,0.0173170331259057,-0.00168392677961024,0.109614921812285,0.0836241069505441,FALSE
"P10619",-0.150312388785553,-0.0580655128102277,-0.0406067016452895,-0.100050665455216,-0.0773001113447028,-0.147698763366611,-0.0756085905875811,-0.0120454366950349,-0.0435435006968206,-0.0319081515275733,0.138266952090518,0.135653326671576,TRUE
"P10643",0.246656394128025,0.175014599132482,0.233258009745846,0.273863630588094,0.0754408514976666,0.497895661180375,0.189471787028412,0.281489564529354,0.20384363555188,0.305755208956207,0.25123926705235,0.422454809682708,TRUE
"P10644",0.108575002721429,0.250226873577543,0.215475497870172,0.238827836334308,0.174278247419596,0.0299124495832756,0.228244323207403,0.261301343794918,0.244056226342676,0.265468935833376,0.156893933111947,0.235556486250101,TRUE
"P10645",-0.0693509069583065,-0.126975930471175,-0.0916185657588687,0.0230073101871463,-0.182227545213599,-0.0201330613393426,-0.109332558437181,-0.00491707004051094,-0.0649039331243248,-0.0984575970301404,0.112876638255292,0.205234855400745,FALSE
"P10646",-0.00228693959800364,0.00892847648182525,0.052436629764369,0.158933983517412,-0.191220382996841,0.151816224541402,0.00143902115187848,0.135402345609655,0.0350276339382656,0.0522307081586853,0.188933443398838,0.350154366514253,FALSE
"P10768",-0.0113270266145503,-0.0104320987992677,-0.0678350218150158,0.149923988425079,-0.0395979041504147,0.0223443505727708,0.0351815810307726,0.0227631732292241,0.0634689093925903,0.00862216922055855,0.16125101503963,0.217759010240095,FALSE
"P10809",0.209812817559455,0.292939260479221,0.362389023913531,0.169304732232555,0.307559969722881,0.195718419632254,0.334540236908994,0.29947289947397,0.32333717147665,0.288460901154019,0.152576206354076,0.193084291680976,TRUE
"P10909",0.029575019016346,0.000463443559784502,0.0330837473563938,0.152243862591681,-0.159520693593377,0.147775904300125,0.0206862131163016,0.108938791879842,0.0452938601235315,0.0564981661463297,0.189095712609723,0.311764556185059,FALSE
"P11021",0.0757139045552551,0.0804643501566232,0.108726500013968,0.226716548204882,-0.0207105437857155,0.143155700596753,0.0967518128758471,0.168167230595499,0.116396983301886,0.145588436302516,0.151002643649627,0.247427091990598,FALSE
"P11047",-0.0470236447890512,-0.0496316769575407,-0.0168336924327828,0.100567803363382,-0.20366370682683,-0.0263281433168739,-0.0272905933567215,0.0632653114637079,0.0128835105356858,0.0117961106161695,0.156640062037779,0.304231510190212,FALSE
"P11049",-0.107292617670497,-0.0654647483821437,-0.0477885445752438,0.014320870414551,-0.235998598792587,0.0043764894721091,-0.079282153136971,0.0234651125797066,-0.0315077023578118,-0.0590829174825453,0.130757730250204,0.259463711372293,FALSE
"P11142",-0.0271324067775625,0.105820850144069,0.0425177170437144,0.110385458288091,-0.0394225806967136,-0.0243674506279169,0.0686469078879149,0.0939352721347122,0.0833773861477145,0.0847009729468899,0.137517865065654,0.149808038984805,FALSE
"P11150",0.109437183698376,0.106599502862486,0.166643103193397,0.177836728838582,-0.0426947909705378,0.206755144477555,0.118073194103198,0.139071744140006,0.16618683308547,0.118683621691138,0.152131974668914,0.249449935448092,FALSE
"P11166",0.0786800999202542,0.122528819365095,0.0906674893093069,0.304075764171816,0.00868755643705893,0.0464213744959725,0.129519020099953,0.145472015173203,0.176738830688516,0.0978046312508204,0.225395664251562,0.295388207734758,TRUE
"P11171",-0.172178921272002,-0.257845165637523,-0.233851934249094,0.104302110104543,-0.220147848510158,-0.246504144592023,-0.114257676451431,-0.205775240288024,-0.0556687965488289,-0.193266937358653,0.276481031376545,0.362147275742066,FALSE
"P11215",0.072538153741609,0.113494008134562,0.110453975452272,0.101346554061178,-0.0586840112980419,0.192134345675116,0.0859349915572714,0.156845529583216,0.133321658782254,0.102377149262644,0.131222165039651,0.250818356973158,FALSE
"P11217",-0.146215509728889,-0.188543667625607,-0.209527786242667,0.136006915246979,-0.338827089688898,-0.465760166816121,-0.090641907592459,0.0520848988422337,-0.0365472119917956,-0.017555565239319,0.319544657087232,0.601767082063101,FALSE
"P11226",0.46788678361296,0.391132808601834,0.394011082149297,0.581210274329641,0.13463282574689,0.701240317916025,0.382953314477354,0.505793688668576,0.40628228608315,0.594990695031271,0.33325395786607,0.566607492169135,TRUE
"P11234",-0.0129127815878849,0.108197334633377,0.0772294022119541,0.130790647974801,0.0234646047001242,-0.0855182706297872,0.074507417137272,0.138452251265032,0.0917334189082777,0.0905475989788556,0.151365032852917,0.223970521894819,FALSE
"P11277",-0.131845636995478,-0.207605511895553,-0.192282689712055,0.189883401320401,-0.141877357198291,-0.267219332734522,-0.0621844716296055,-0.208604071138292,0.0223287282086462,-0.15895585643371,0.321729038315879,0.457102734054923,FALSE
"P11279",0.14152613204888,0.0882239738633383,0.145123002757757,0.234926705625679,0.0125355167853616,0.276142726198506,0.12050355646951,0.228109516110873,0.16021031517497,0.224384739116075,0.134616594149626,0.263607209413144,TRUE
"P11362",-0.0670999457556357,-0.168731902362046,-0.0861442831425913,0.0445761317997472,-0.298067018570098,0.153957608132018,-0.103996696876256,-0.0212900629896502,-0.0811470745819393,-0.0772594392853119,0.230967072814463,0.452024626702116,FALSE
"P11413",0.195386184211689,0.316673724364411,0.219181318890959,0.321899070373233,0.167733454238125,0.155114998244937,0.283954370072449,0.290346370949841,0.29842684195091,0.284506388672381,0.126512886161544,0.166784072128296,TRUE
"P11586",0.130632700593706,0.176441162681529,0.13914353711803,0.159184078303109,0.106918242510721,0.142436543201991,0.155939045000299,0.145735568015869,0.223615962662442,0.164502314950346,0.0929832620687356,0.116697720151721,TRUE
"P11597",0.038867318092396,0.0261087558909171,0.0593783676044693,0.0135788667104815,-0.0304649193206536,0.165657757076227,0.0344619480248047,0.10730808072586,0.0395991015900172,0.0701387917119103,0.126790438983831,0.19612267639688,FALSE
"P11717",0.107183084608304,0.143499458202872,0.136650156508044,0.144281948206731,-0.00221305710811723,0.222909749610744,0.141556988890633,0.194670531086527,0.181006712112931,0.210110658257659,0.11572666500244,0.225122806718861,FALSE
"P11766",0.142831815182526,0.153075682334147,0.102780972727869,0.338739194362464,-0.101044276002562,0.476200936865814,0.125057019843845,0.226663247407363,0.195539577318422,0.184654484989458,0.333369121683288,0.577245212868376,FALSE
"P11940",0.158153581282331,0.190839878238151,0.181937436465431,0.328813658517169,0.0238683821691057,0.233789507041605,0.181118493308614,0.216362493891999,0.21271834524826,0.200392787382344,0.170660077234838,0.304945276348063,TRUE
"P12109",0.086392419728224,0.133853324414519,0.159266328369622,0.20998187068718,-0.0254392817977307,0.148751451975964,0.126368778020707,0.220284941775459,0.159080935925668,0.171166183367133,0.133892522047235,0.24572422357319,FALSE
"P12110",0.04965462680118,0.0339701203556143,0.0926121914194377,0.116937105790954,-0.0730007257111627,0.166631099627384,0.0490294955852499,0.153892301495082,0.0858628429512515,0.112004414218885,0.122655352512343,0.239631825338547,FALSE
"P12111",0.0972497418339104,0.11709360979051,0.149897261032688,0.200878936562678,0.0327265916984343,0.0788906287553889,0.132748274199522,0.181623834870389,0.151350053146715,0.152995189642962,0.103629194728768,0.168152344864244,TRUE
"P12259",-0.0631646350801357,-0.0612331051195977,-0.0561145968311632,0.0246674020753156,-0.136681102684389,-0.048933181450583,-0.0480178164503505,-0.0120273725492481,-0.0330130384546679,-0.0644242128418114,0.0878320371554513,0.161348504759704,FALSE
"P12273",-0.0567308701272843,-0.0211096298845347,-0.0458252416347813,-0.157694458061854,0.0338359188976077,-0.0615133738364623,-0.0730111427841593,0.0349009783846845,-0.0464338563237555,-0.060356222291178,0.10096358793457,0.192595436446539,FALSE
"P12814",-0.00531240956649028,0.18749079146096,0.0896610643245776,0.0969435543505868,0.111426034610502,-0.0984364416042928,0.133224738353663,0.155690492108752,0.121498907872256,0.155347700499713,0.192803201027451,0.285927233065253,FALSE
"P12821",0.106816860463233,0.184715658115573,0.230928794723951,0.204725068318614,0.0859006554169296,0.116622668954874,0.167288868877465,0.258991014975263,0.193507375714565,0.217763172475538,0.15217415451203,0.173090359558333,TRUE
"P12830",0.0975732959323018,0.0497700963702667,0.112721816375631,0.239451146783299,-0.0810562810645967,0.209917241550354,0.0471021959891776,0.155583470756289,0.100069886738004,0.105908792304557,0.178629576996899,0.320507427847895,FALSE
"P12931",-0.00635152259289066,0.156712310984688,0.124543154862075,0.0674871923995349,0.118608163643708,-0.0424690329870272,0.124339741516399,0.169872206989116,0.160594107855062,0.154589762856614,0.176223729582007,0.212341239976143,FALSE
"P12955",0.0467806796558977,0.0996777229242112,0.0828253434854474,0.00865852992627886,-0.0897321586021881,0.300410354247275,0.0905546966956858,0.087484853116433,0.0848817688503414,0.182495407867191,0.253629674591377,0.390142512849463,FALSE
"P13224",-0.0393091288497136,0.113320116482349,0.0634162942367477,0.0922577288124137,0.0500315109874819,-0.145724961897163,0.0832353957283244,0.0674997001278412,0.0972425687438299,0.0727097090704292,0.152629245332062,0.259045078379512,FALSE
"P13473",0.285677164220983,0.256045225780441,0.272134908131664,0.379481399079085,0.0922727928089811,0.379361238551393,0.258964725875048,0.327801563023401,0.273817671442527,0.35118175129488,0.193404371412002,0.287208606270104,TRUE
"P13489",0.144616762103941,0.231869225629469,0.15921661262218,0.245855187563706,0.157463507558936,0.214802571721187,0.232915948558647,0.187167185244475,0.259116476048884,0.213775741825902,0.114499713944943,0.101652968489948,TRUE
"P13497",0.0851349602018313,0.133724713941144,0.169538622341089,0.324027076711808,-0.0644277526637034,0.148871216010577,0.148534805874406,0.224936763097109,0.17628836493034,0.192085436109075,0.238892116509977,0.388454829375511,FALSE
"P13591",-0.0838957836627939,-0.144280355036356,-0.11066108012749,0.0174103909886217,-0.207036457467066,-0.0330693394575998,-0.120285274830661,-0.024122582309133,-0.0844110528939,-0.106206287174745,0.123140673804272,0.224446848455688,FALSE
"P13598",0.152862980925541,0.104949330930048,0.164727979879345,0.289746718837832,-0.0147936187745518,0.215592020312612,0.137262907246588,0.223420571467633,0.162256719098356,0.204015872537629,0.167656599700093,0.304540337612384,FALSE
"P13611",-0.0325937116137983,0.00161184573237788,-0.00836604103023688,0.102478317155621,-0.12761350487072,-0.00606882717195285,-0.0139110827782533,0.0904818742190195,0.0121260088574034,0.00691196933229856,0.135072028769419,0.230091822026341,FALSE
"P13612",0.0152287464539278,0.0974477125723909,0.109818075798862,0.123766696258027,-0.100941725037201,0.109472411888189,0.0540478843416915,0.196375141383967,0.0744338454040775,0.100839684490985,0.181146394930039,0.297316866421168,FALSE
"P13639",0.0299445782334656,0.10465680642237,0.0426883815563468,0.0592561355711045,0.108642716994426,-0.0159301764521865,0.0824763988470237,0.142699467121956,0.0914254767919933,0.0716078394569387,0.11275488888849,0.158629643574143,FALSE
"P13646",0.0703844969879491,0.0484231769823968,0.0223066081307295,0.06851957072048,0.0059509805383386,0.0823011926992359,0.0185362759984627,0.142466882988253,0.0480461189564387,0.0355962456430586,0.0720823860003036,0.136515902449914,TRUE
"P13647",-0.148872800687166,-0.177724823078688,-0.199942620930576,-0.293003340803746,-0.0748776647423239,-0.123483735222718,-0.21616814384576,-0.0795999419797622,-0.193882221940029,-0.215382331897392,0.14413054011658,0.218125676061422,TRUE
"P13667",0.150726773434118,0.0740387196959016,0.108281495146923,0.305933608194111,-0.0601387597239119,0.125255385344059,0.138138652277241,0.159964710532674,0.160812042676512,0.142257781877281,0.21086553315803,0.366072367918023,FALSE
"P13671",0.193230799423176,0.074158517257519,0.13806096743592,0.2924861917013,-0.0307621782869775,0.369960596681706,0.0977154310859413,0.212585037864925,0.11406570473692,0.21079355581413,0.223992977710154,0.400722774968684,FALSE
"P13686",0.125732156710773,0.143778642170641,0.142811007592641,0.215825898855937,-0.0632917036342575,0.222118577943609,0.0704945852900953,0.208676329173552,0.102666701302058,0.128805066222208,0.18902386034503,0.285410281577867,FALSE
"P13727",-0.0357828156984626,-0.131473788537829,-0.0954353206417206,0.0363114661534235,-0.195685436846519,-0.0200525238167792,-0.109692773854222,0.0120189295143558,-0.0977113005230101,-0.0806391786132604,0.159902621148056,0.231996902999942,FALSE
"P13796",0.1077802283432,0.15337316793477,0.175024867747788,0.270088543736433,0.0383339198549486,0.23009305766917,0.163059421822323,0.226732301608465,0.171006487059007,0.195892933992696,0.162308315393233,0.231754623881484,TRUE
"P13797",0.0530101593134943,0.0772728947664967,0.119881846657583,0.160732887658952,-0.05849558973736,0.101908972905951,0.146399603839289,0.183703965527264,0.158797751320198,0.169440969809137,0.13069380621377,0.242199555264624,FALSE
"P13798",-0.130942181162924,-0.202065511609346,-0.19102951642704,0.0161370415162287,-0.114255778062587,-0.180648720587482,-0.128513565589572,-0.159745577644191,-0.0702900690961342,-0.153209274918132,0.147079222679153,0.218202553125574,FALSE
"P13929",0.0663606806130598,-0.0206725103603395,0.0713202871018764,0.211997760419634,-0.0536397647610442,0.158693915905535,0.0664591429853611,0.116790372752499,0.133039876773417,0.0925937619980126,0.145637079806574,0.265637525180678,FALSE
"P13942",-0.0426037707929498,-0.0512169243591536,-0.00888824628454033,0.0133028693525503,-0.057414047846574,-0.038536380091731,-0.0514425109778289,0.0538061683779455,-0.0309736436838078,-0.0149157122484475,0.0964099391708953,0.11122021622452,FALSE
"P13987",-0.0846746384183339,-0.03227275393382,-0.0321310869240636,0.0738192119764314,-0.145227637144237,0.0111162717439662,-0.0462789090961676,0.0396819293539058,-0.024413296573609,-0.0259555136748357,0.158493850394765,0.219046849120669,FALSE
"P14151",0.0233699830150028,-0.0419882891932166,-0.00990296023145361,0.105210805846942,-0.118644532182165,0.0784494344259426,-0.0119240651682102,0.060687048504077,-0.00062237408774324,0.0067009478414678,0.142014515197168,0.223855338029107,FALSE
"P14209",0.098950888390928,0.117904586735652,0.147198997764794,0.288916724537128,-0.0835098961859307,0.186953771346575,0.128849938891379,0.243591176810445,0.167603632997019,0.165848635795866,0.1899658361462,0.372426620723059,FALSE
"P14314",0.0544554409642393,0.0462562016051582,0.080357306856226,0.137030389961795,-0.000630305540224475,0.0563617980381497,0.0600380133500409,0.132053892597803,0.0835725736873177,0.0740566171329981,0.0825749489975559,0.13766069550202,FALSE
"P14317",-0.029131236988639,0.0352333614969721,-0.121197821741247,0.126222923817416,-0.0998163208483206,-0.0467740347004388,-0.0308828023367341,0.0696719910862078,0.0104799845690659,-0.0254430607609424,0.155354160806055,0.247420745558664,FALSE
"P14543",-0.0726487443039778,-0.0899944469858453,-0.0497701700497961,0.103142575087401,-0.250888232564757,-0.0496251565495289,-0.0598959900601316,0.0480275576058437,-0.0220134055341641,-0.0172004088316003,0.178239488260779,0.354030807652158,FALSE
"P14618",0.0315082251295148,0.107348818831868,0.0470999968705076,0.118063451769341,0.0173407035778849,0.06897922911576,0.0922978528267402,0.126855616222027,0.10190109266657,0.123870936408453,0.0953473910925119,0.109514912644142,TRUE
"P14625",0.0233478390441837,0.0236435631055953,0.0401625712136178,0.131011328882841,-0.0609980662458621,-0.0142493070756002,0.015067820253091,0.0505698072724929,0.0510070997913206,0.00527828540469679,0.107663489838658,0.192009395128703,FALSE
"P14649",-0.0237696128694676,0.149127921488036,0.0228702226658636,0.0593502204161122,0.121218402095473,-0.185246757777906,0.0760443557533095,0.0843574773482619,0.0506980570276844,0.0849135032389084,0.172897534357503,0.334374679265942,FALSE
"P14735",0.0015474608171986,-0.0233597885422812,0.00247102448276929,-0.016848120046345,0.0286281944516863,0.0477177353804714,0.0135918454537222,0.0147419010347828,0.0172008878788192,-0.024690536833064,0.0461702745632728,0.0724082722135354,FALSE
"P14770",0.0718763288175487,0.247551325128342,0.240738463036604,0.260454738396126,0.133744390648168,-0.0182464282512919,0.202515251920982,0.253054080888306,0.245809165045826,0.256533631511036,0.188578409578577,0.278701166647417,FALSE
"P14780",0.049842215231632,0.0685246188094475,0.0990234560651602,0.240961275233273,0.0678523244681035,0.051925468399122,0.129907033444137,0.137594494161589,0.165418961696112,0.074355053704404,0.191119060001641,0.189035806834151,TRUE
"P14923",-0.087614271056427,-0.095673445522965,-0.122383770097062,-0.243197989997471,-0.0782192902696893,-0.0592176147845126,-0.155114631580703,-0.0052769528907543,-0.128365661328581,-0.142244247268495,0.155583718941044,0.237921037106716,TRUE
"P15090",-0.0489627906660482,0.0729409537135878,0.0583482166403753,0.0972512211732413,-0.073146456795789,-0.0299176856396422,0.00810901512042534,0.115396709495627,0.067475421855963,0.0674470627654813,0.164359500161675,0.188543166291416,FALSE
"P15144",0.29915058868393,0.333275707930001,0.443494173343645,0.357583673408456,0.292985928916092,0.525787960813532,0.363456166007251,0.465328415050531,0.379833874854668,0.475339323595505,0.226637372129602,0.232802031897439,TRUE
"P15151",0.226852361127416,0.173919031252541,0.220589592633353,0.241502468843779,0.0831500684445067,0.351146672172324,0.183415557221827,0.26585564342223,0.203627708934801,0.285018648081586,0.143702292682909,0.267996603727817,TRUE
"P15153",-0.0213340015349179,0.0773185705986565,0.0261195330251189,0.112071236392673,0.0273082876735608,-0.0524839019777505,0.0579774995729571,0.0940734112249608,0.084081303777646,0.0375074283694269,0.133405237927591,0.164555138370424,FALSE
"P15169",0.148288429267962,0.00641181898558548,0.0668844786237071,0.355407838232955,-0.19700019900273,0.38554289926099,0.0667511315934934,0.128265614942749,0.0732228268330504,0.166772244588354,0.345288628270692,0.582543098263721,FALSE
"P15291",0.178542107041282,0.222768082188873,0.259375916381866,0.282931836060926,0.0743737252669703,0.219414708790667,0.231919767945986,0.256555349257642,0.259646438585954,0.254746633447465,0.104389729019644,0.208558110793955,TRUE
"P15311",-0.0165841005812699,0.0265778067324145,0.0179812030789045,0.0510433435897459,-0.0404936254857526,0.0705096584698384,-0.00186226873271326,0.113256577063325,0.0337475679082764,0.0220273466307229,0.129840677644595,0.153750202549077,FALSE
"P15531",0.0145010696456716,0.0524620000543722,0.0247635698591625,0.186379823913754,-0.0131866164587552,0.0471220053494154,0.107493929644237,0.0602970592114138,0.123969867973733,0.0900224792586004,0.171878754268083,0.19956644037251,FALSE
"P15814",0.173511659069815,0.148536094572907,0.237336109134306,0.197620842175002,0.0890944813306863,0.339880005617483,0.134844781824988,0.243254254450617,0.183618414489972,0.304619567735283,0.166368346547668,0.250785524286796,TRUE
"P15907",0.0760742311006306,0.076056967203384,0.103496309070855,0.277374922044499,-0.0605956149729015,0.182573223223339,0.06597521117201,0.20810500994065,0.0983722799231857,0.126835188545601,0.201300690943868,0.3379705370174,FALSE
"P15924",-0.041707780444976,-0.031212468797181,-0.0650245765911586,-0.189630704172235,0.0523562820611781,-0.0766657390382841,-0.0925846019438002,0.0437524917241796,-0.0692144709513811,-0.0759738203775702,0.147922923727259,0.241986986233414,FALSE
"P15941",0.0291712556142499,0.161975609343319,0.13527358754943,0.206123571457368,-0.120027102620328,0.160501851329306,0.0795209772892611,0.227613964554093,0.103232857273545,0.139378486565661,0.198442708939843,0.34764106717442,FALSE
"P16035",-0.00321184336159003,0.0595372340248672,0.0899936314593063,0.123011973805955,-0.0835379751922989,0.163923622421615,-0.0105309522755024,0.145429545789186,0.043091715611857,0.0591389351855909,0.167135465783205,0.247461597613914,FALSE
"P16070",-0.00738894916658039,-0.0418456994599967,-0.00816242619349196,0.0706501789114946,-0.122690072913945,0.0418005361982986,-0.0304711195899051,0.0649081142983082,-0.000309504349785429,-0.0135700569212514,0.115301123747365,0.19334025182544,FALSE
"P16109",-0.0482222318354288,-0.0480456044551128,0.000870424113151661,-0.182745091172964,-0.102181064047262,0.0843573285422898,-0.0219760669940289,0.0409391561387753,0.00628385516718192,-0.0197514909401051,0.134522859337535,0.267102419715253,FALSE
"P16112",-0.100415179418966,-0.0998630594746817,-0.0734608211299835,0.000357451768682885,-0.150346968947444,-0.114943243094762,-0.110124700675579,0.00568821175896816,-0.0741923703603699,-0.0868953301241635,0.106103391177934,0.156035180706412,FALSE
"P16150",-0.0773082059224375,-0.0147726898327625,-0.0352924041078247,0.0232929796075985,-0.118835251109923,-0.0196154184752309,-0.0503348030633432,0.0561365402607634,-0.0199970874762321,-0.0294391042767566,0.133444746183201,0.174971791370686,FALSE
"P16152",0.0356578177268515,0.129604645063142,0.0697915373311473,0.0325928462516044,-0.0436838155378499,0.103599012685454,0.0815676902049262,0.150897925158426,0.120717336121369,0.123828497823203,0.115240107431575,0.194581740696276,FALSE
"P16157",-0.0632508512023449,-0.125446590052544,-0.127229758020709,0.288371578887315,-0.0974554641404552,-0.181121133430083,0.00503408707080687,-0.107422067532507,0.071152595967,-0.0821792187991772,0.35162243008966,0.469492712317399,FALSE
"P16284",-0.0294057417187236,0.0813498219015052,0.0661364047564536,0.0747609993785403,-0.0177415381703918,-0.0541844533876798,0.0415091491198478,0.121770042474218,0.0775107620229965,0.0639852790145306,0.151175784192942,0.175954495861898,FALSE
"P16401",-0.0348630577397724,-0.0365132473955826,-0.107766078916645,0.107605050259185,-0.125529527155885,0.0272361717303694,-0.0297144018548399,0.043923593182731,0.00811930546799277,-0.0560924098550305,0.142468107998957,0.233134577415069,FALSE
"P16452",-0.07829931771313,-0.125495884470258,-0.149354422116105,0.20833136217675,-0.198408119198213,-0.0668717670202041,-0.0112052822983879,-0.120641727636705,0.0288228717773005,-0.140358395144687,0.28663067988988,0.406739481374964,FALSE
"P16671",0.011992647070169,0.126686337328539,0.174330804303434,0.281929796176599,-0.037676977762738,-0.0148988544715051,0.112198861490815,0.229222400833026,0.143901189858898,0.177393298278378,0.26993714910643,0.319606773939337,FALSE
"P16871",-0.0628184852645146,-0.19518295813843,-0.141011657292482,0.027776399442695,-0.233555634486015,-0.0416435336751201,-0.125733108550247,-0.101365256998038,-0.119798593171612,-0.161499276675222,0.170737149221501,0.26133203392871,FALSE
"P16949",-0.0646277220076736,-0.0280138915013268,-0.0983429940691145,0.01260610604596,-0.0263446373483172,-0.0431847148629957,-0.0709602023739073,0.0095693462952169,-0.0471289849190205,-0.0672186063114514,0.0772338280536336,0.110949100115074,FALSE
"P17301",0.0356029938500234,0.0519600837786117,0.0932949606355021,0.146879553294246,-0.0561412434151259,0.0633822824853017,0.066469531890108,0.148141556354071,0.107750940552418,0.121829007700788,0.112538562504047,0.204282799769197,FALSE
"P17655",0.109829305621735,0.0166131538089288,0.0643744923997984,0.292237390985127,-0.0979421579648051,0.0482120720553846,0.0941507727540756,0.0965249824339249,0.142151175287151,0.0771004039599039,0.20777146358654,0.390179548949932,FALSE
"P17844",-0.132239703891204,-0.328794309615584,-0.211635224374832,-0.407951959386457,-0.149349731114733,0.108275968979147,-0.331419918027062,-0.151378617919013,-0.293170161601262,-0.26366254806398,0.275712255495253,0.516227928365604,FALSE
"P17858",0.0173063047821087,0.0839123081422376,-0.004215494009101,0.205728281726636,-0.0563935930958535,0.00229093769655169,0.0567555373791897,0.0716988643169019,0.0872652007822137,0.0640288493075446,0.188421976944527,0.262121874822489,FALSE
"P17900",0.0808593518213565,0.105506060160847,0.110538336878563,0.129816685694239,-0.0320812218158131,0.164077456761308,0.0950758143585202,0.194773241198226,0.112099135362739,0.121117072979319,0.113913889376869,0.226854463014039,FALSE
"P17927",-0.0920607892450857,-0.0242095714510334,-0.0586444201547192,0.0192017337025956,-0.241656586622211,0.076430875548336,-0.0487257760631085,0.0487728068026985,-0.0490414030646849,-0.0112755047826144,0.168491664793422,0.318087462170547,FALSE
"P17931",0.151220820208127,0.211740886804619,0.256702014679428,0.272687804004496,0.130550722539906,0.187413758650856,0.211175903054408,0.293948747959163,0.247800258792215,0.253777074361489,0.142727927751036,0.163398025419257,TRUE
"P17936",0.271826935675966,0.241818257083011,0.275911296485961,0.478853084097561,0.054151726436547,0.390416186625708,0.213017721585232,0.430047095488834,0.274374186844222,0.317278674767539,0.217675209239419,0.424701357661014,TRUE
"P17980",-0.0744385615560597,-0.137507321439922,-0.164949313856841,0.180733215278577,-0.205232695088445,-0.132852758558833,-0.095644608801136,-0.0715306736812045,-0.0263265418442667,-0.107341011497396,0.255171776834637,0.385965910367022,FALSE
"P17987",0.0394668913618201,0.101325902445839,0.0620738958102006,0.185136290036458,0.114127949223746,-0.0828566844920839,0.107771333853392,0.137441593730555,0.168038102411909,0.120464315495227,0.145669398674638,0.267992974528542,FALSE
"P18065",-0.0212758189803028,-0.181267387154641,-0.116598539708074,0.12387298971948,-0.255452328270042,0.0891638371589609,-0.186885861256619,-6.58312394854387e-05,-0.166838158930872,-0.135352362211573,0.234176509289739,0.379325317989522,FALSE
"P18085",0.0640179471305412,0.161938423007187,0.117275931745954,0.13407072295423,0.0954883737029766,0.0487545527396826,0.129192547471277,0.191863318188237,0.166861740894286,0.167336103652219,0.127845371057696,0.143108765448555,TRUE
"P18124",0.0751521621055624,0.155104848129142,0.0709062212085691,0.214538107523202,-0.0938956051934405,0.196653662639137,0.117547859156271,0.231770199082005,0.116555379076083,0.0992250422300395,0.169047767299003,0.325665804275445,FALSE
"P18206",0.0273176267246699,0.233693014603761,0.124904231081892,0.133424692128062,0.139230969975596,-0.0779598705201433,0.142450777186456,0.199498845434925,0.142386266674078,0.196938632988236,0.206375387879091,0.311652885123904,FALSE
"P18428",0.143216226041643,0.136049777186194,0.176941269527289,0.225671866778369,-0.0458374679616119,0.261685140316852,0.15912769113396,0.188053927406006,0.162540806721405,0.193063715084746,0.189053694003255,0.307522608278464,FALSE
"P18564",0.0927183862976123,0.186418944461631,0.20196603291184,0.253025872991353,0.0302366296824422,0.113033007390843,0.170487948675978,0.244010538109255,0.196168261641528,0.219118955857807,0.160307486693741,0.222789243308911,TRUE
"P18577",0.0430323143588452,0.0795915950724659,0.0446898193947867,0.36896252570008,0.00701640688227767,-0.0377415018102086,0.127897146179067,0.0692722075482189,0.162552706325746,0.0903539476844524,0.325930211341235,0.406704027510289,FALSE
"P18669",-0.0165293435131534,0.0337147184428618,0.00484622777982467,0.00726173778205603,0.0243517008087785,0.0651499727326195,0.0556915026262449,0.0771130031274894,0.0705901923344453,0.0525352058457968,0.0936423466406428,0.0722667753476647,TRUE
"P18827",-0.240770927742097,-0.260248971114106,-0.228774854552536,-0.313582280005947,-0.155596687573406,-0.18357291299139,-0.214039600341755,-0.250531145637211,-0.222309483357265,-0.252990106107225,0.0851742401686905,0.157985592432541,TRUE
"P19013",-0.137686053207119,-0.257721510383167,-0.238689826341949,-0.27569682777346,-0.280029327431572,-0.0670914505503441,-0.267019580493577,-0.203384021410719,-0.282260635281897,-0.250228152072145,0.144574582074778,0.215169184731553,TRUE
"P19021",0.0980516956666443,0.0363361702883077,0.0936281947341817,0.249321654869759,-0.0805850140412164,0.220960651878611,0.0608592679319391,0.174661716248873,0.098799679185375,0.104745291679746,0.178636709707861,0.329906668910976,FALSE
"P19022",0.00566028605945664,-0.0527343024699937,-0.0100853976254475,0.125008111391333,-0.160908505179983,0.128707348925192,-0.081047679574917,0.0740766158390843,-0.0618778396482724,-0.0151348661017496,0.16656879123944,0.289615854105175,FALSE
"P19256",0.0174350372978291,0.0362880687695492,0.0114478724137631,0.0921580661855379,-0.0801543420918489,0.1260701346321,0.00750059884409344,0.0807837033145779,0.030421849143946,0.0412923823109423,0.108635097334271,0.206224476723949,FALSE
"P19320",0.069349089860336,0.102234437322037,0.1227162719776,0.165469392065317,-0.03607024429982,0.139169570718323,0.0975586431265467,0.136737713303387,0.11922262739104,0.117143297676771,0.105419334160156,0.201539636365137,FALSE
"P19338",-0.0312432270929525,0.0301710867145478,-0.0286082086176508,0.0864352520976189,-0.115459479844565,0.0231153889060948,-0.0179573259555081,0.08997050852224,0.0102472029510653,-0.0111413472445202,0.121213735615192,0.205429988366805,FALSE
"P19367",0.408827696102418,0.430223789286105,0.433785193162967,0.506953592354131,0.437784472418355,0.556680217368449,0.452745429816474,0.475393093918844,0.415421971005742,0.428053487216642,0.147852521266031,0.141258246362707,TRUE
"P19652",0.393875405154687,0.34535783930835,0.414153246575139,0.572852039479263,0.10884581959281,0.71575672855275,0.369654186218551,0.49456631232154,0.396600862747404,0.545439446125781,0.321881323398063,0.606910908959939,TRUE
"P19823",-0.0103004490323255,-0.0475284937998346,-0.0046235700594853,0.0726058008718659,-0.0391105518318158,-0.000562182510628997,-0.00368000146856647,0.050547433110095,0.0342594700308243,-0.0424907523797032,0.0829062499041914,0.120134294671701,FALSE
"P19827",0.00526393485976579,-0.0890571525422241,-0.0349568831485586,0.151729147252403,-0.175319433127388,0.056770211545017,-0.0248691116860116,0.0612891838944382,-0.00582168140894959,-0.00249074004729464,0.180583367987154,0.32704858037979,FALSE
"P19971",0.0255514005932169,0.103992903350659,0.112486548874527,0.0422808170214235,0.0962294348349432,0.0324696344988895,0.104105422781232,0.113214198993502,0.104693628157269,0.110523708947479,0.0876627984002855,0.0807445644946129,TRUE
"P20062",0.0928361259858589,0.125730551150619,0.120012624417509,0.255016934411743,-0.0803709176853234,0.187424718247932,0.0646568434235913,0.186402660871599,0.0920871239925819,0.116406447729771,0.173207043671182,0.335387852097066,FALSE
"P20073",-0.0404752356457983,0.0469835178369047,-0.0135688059788361,-0.0116545171342947,-0.0423100490643896,0.0125222438314666,0.0125058608056125,0.0539666506841382,0.0184466740351738,0.0229975258506134,0.0944418863299365,0.0962766997485279,FALSE
"P20339",0.0021470227166517,0.0968965980705021,0.0518084737217282,0.0774975975079504,0.0340127953613587,-0.024922787304278,0.0779048370220321,0.108851646785826,0.113690384737888,0.088057106745641,0.111543362021236,0.138613172042166,FALSE
"P20618",-0.00496640769635901,0.0303972076702156,-0.0335593023923141,0.137127547942533,-0.000322786881524514,-0.0264213349999494,0.0399120163380196,0.03678149699209,0.0597662510932529,0.018542144913644,0.142093955638892,0.170686850334847,FALSE
"P20701",-0.0306014242206593,-0.000586718465246246,0.00287923348104245,0.0735702426625611,-0.189410784250222,0.0522120723523384,-0.018020799398489,0.0894957068993757,0.0220307422015444,-0.00616563768121072,0.158809360029562,0.278906491149597,FALSE
"P20774",0.09034805180864,-0.0332629349434195,0.0604333529873392,0.232770835085245,-0.0755655010376284,0.199457959828604,0.0161389119075495,0.134052745523967,0.048798355726803,0.0802804278437641,0.165913552846268,0.308336336122873,FALSE
"P20810",0.280195365642161,0.338577902632187,0.283926401634112,0.493732266737433,0.15864566871392,0.334319681377502,0.330517825910806,0.338908762706223,0.397421866470161,0.327287537052586,0.213536901095272,0.335086598023514,TRUE
"P20851",0.258247905862811,0.344227056236945,0.378202222512597,0.602734278470982,0.018000461415758,0.395305227580056,0.332309351308383,0.475067911242785,0.359128378492495,0.429747012550474,0.344486372608171,0.584733817055224,TRUE
"P20908",0.00163548817718055,0.0184337101033578,0.0594158854008521,0.135247924012247,-0.050424941223731,-0.0038159071891998,0.000501504984680128,0.108446676105566,0.0304311070878664,0.0203457443824864,0.133612435835066,0.185672865235978,FALSE
"P20930",-0.0221890311057439,-0.0145960063325972,-0.0277565345421428,-0.141001424219264,0.0312204547242832,-0.0138944028390805,-0.083701652179648,0.0696178276913731,-0.0391959302386429,-0.0535617779230564,0.11881239311352,0.210619251910637,FALSE
"P21281",0.353914326474583,0.399044624585621,0.398715617075282,0.459684357419999,0.363953711957433,0.34330667686077,0.442496283371522,0.439634065510773,0.446390514211714,0.429056639515959,0.105770030945416,0.116377680559229,TRUE
"P21291",0.0326369000207825,0.0643038442914898,0.0681844237042198,0.145106041538243,0.0350551028134943,-0.01178880037739,0.0690360695395043,0.127181431733597,0.0904899901219773,0.100472436030979,0.11246914151746,0.156894841915633,FALSE
"P21333",-0.0311937245676268,0.178302784736803,0.0828477520672426,0.0506679225973273,0.138255301730341,-0.175131121069784,0.116661556696918,0.144079531456581,0.118343117316443,0.144916271192805,0.209496509304429,0.353433905806586,FALSE
"P21439",-0.0379651679144776,0.052868275608411,0.0547375188570091,0.113044835343471,-0.148174302437084,0.126477442767185,0.0173850515733822,0.155912107777597,0.0284748092983691,0.0545775308121304,0.193877275692074,0.304086410214681,FALSE
"P21589",0.0101285775451114,0.0580239589096798,0.0940438861955624,0.00781805295296454,0.0273406273671742,0.0516963992354059,0.0705352829196229,0.132431013872237,0.0920490221626162,0.0900701376679315,0.122302436327126,0.124612960919273,TRUE
"P21730",-0.0211847338506436,0.0105573682392732,0.00795847145743915,0.0164616405907206,-0.00176123122876958,0.0210854198358746,-0.0284883526427287,0.0909225109063432,0.0357493300738266,-0.000950089781019058,0.112107244756987,0.119410863549072,FALSE
"P21810",-0.0865159692048557,-0.124171857943286,-0.092242384294386,-0.0294747805681282,-0.1981364564416,-0.0491413827052131,-0.0966655724895853,-0.0392180306717442,-0.0797974412082574,-0.0951307737635128,0.111620487236745,0.168661675873472,TRUE
"P21926",-0.0306788500190117,0.0519897673681315,0.0739757090793575,0.0986026345070776,-0.0902707432056114,-0.0559014032916548,0.0156722192044981,0.117628862387412,0.0674152084760737,0.0456636272282836,0.148307712406424,0.207899605593023,FALSE
"P21980",-0.0780989679088358,0.000371465204639798,-0.0922734626008849,0.111943823090085,-0.207368665640997,-0.0503733163030177,-0.0211826690178722,-0.0344009279920503,-0.0130760746576671,-0.0266387717082724,0.190042790998921,0.319312488731082,FALSE
"P22061",-0.0212339906821258,0.0271314044233396,0.0122287648258397,0.141577497397724,-0.0665231842320306,0.0358072204325561,0.0257480768601605,0.0851545415384077,0.056980564411265,0.0430111847433736,0.16281148807985,0.208100681629755,FALSE
"P22105",0.0868067455165631,0.0659694686101945,0.110286828287524,0.235086265967586,-0.0527924965341267,0.125170601925099,0.10905487897974,0.151698488026421,0.130680463188792,0.106725342435166,0.148279520451023,0.287878762501713,FALSE
"P22223",-0.0487368727068584,-0.0323589639846316,-0.091007700038178,-0.0308407147773414,-0.23517079774917,-0.0562835961244327,-0.0447998336469838,-0.148405232455924,-0.0392683409701097,-0.153937789453866,0.186433925042311,0.204330082971828,TRUE
"P22234",-0.0485413550798369,0.00524489160102447,-0.0723782602554772,0.0976605908726948,-0.044302107316515,-0.0603581350953602,0.0148618421233947,-0.000464143795072162,0.030240138867417,0.00449032831495394,0.146201945952532,0.170038851128172,FALSE
"P22304",-0.0299943166871889,-0.0854562523252746,-0.0397539277763191,0.0611744280734164,-0.0783039733121251,-0.00536183239588465,-0.061521721668383,0.0304253101794656,-0.0319216626411623,-0.0224689792564558,0.0911687447606053,0.146630680398691,FALSE
"P22314",-0.182744111134449,-0.0730823247884369,-0.117082729376522,0.0220168479543031,-0.0182588523854524,-0.269615227572534,-0.054753970072082,-0.105487445949771,-0.0509848500601473,-0.0999558394163491,0.204760959088752,0.291632075526837,FALSE
"P22352",0.254408074582885,0.284905361449509,0.337203872160626,0.430650985030909,0.0696466544061368,0.431809658647339,0.322683095261607,0.394463235142966,0.352970592740525,0.422875446688544,0.184761420176748,0.362163004241202,TRUE
"P22392",0.0262812581582598,0.137798316290785,0.118752237745153,0.286581084884659,0.0757346100426893,-0.00924170233970009,0.177855677782354,0.19748363717653,0.151035214915867,0.158911564763424,0.260299826726399,0.295822787224359,FALSE
"P22466",-0.0362042067245323,0.0239318925404681,0.0524044717915211,0.188073728839162,-0.107000779853419,-0.0117983188459078,0.0349594388880727,0.0886906732130985,0.0795462449576944,0.0355346462198374,0.224277935563694,0.295074508692581,FALSE
"P22607",0.00224560756578385,-0.0723318321053437,0.00266476241715493,0.0981277443155466,-0.113709815275708,0.0288160416456716,-0.03526245508302,0.0617166145871727,0.00902438262245987,0.00721639208618572,0.115955422841492,0.211837559591255,FALSE
"P22626",0.249764912231248,0.265440762323869,0.186923088682987,0.37903036525337,0.278659320015201,0.285019136394386,0.30187481720278,0.312283594817967,0.324841142070758,0.266345556046353,0.129265453022122,0.192107276570383,TRUE
"P22692",-0.0957655612650343,-0.103073235732476,-0.103294699110062,0.0729557910930481,-0.232447445937585,-0.0424511021122497,-0.124850732263649,-0.0381971026984283,-0.124531730032241,-0.121499736827149,0.168721352358082,0.305403237030634,FALSE
"P22694",-0.0203187164718166,0.0176991634064938,0.0249909101246822,0.0726363568359488,0.0809428742118636,-0.11875031850474,0.0313936531733951,0.0849160114503594,0.0552541775266609,0.0724208510233954,0.105234727922176,0.2036663299551,FALSE
"P22735",-0.300117600495664,-0.428237116767619,-0.367134914609233,-0.624212170234067,-0.153271160938802,-0.200648845138484,-0.391560195597857,-0.349988282225155,-0.368565379052274,-0.433736060909555,0.324094569738403,0.470941009295265,TRUE
"P22792",0.162970634547928,0.0826715117978061,0.149655321975625,0.348244636521745,-0.0963923943423713,0.335592775602151,0.141582204467347,0.176501039164708,0.14239037940908,0.197023989523782,0.259363028890299,0.444637030864117,FALSE
"P22891",0.0497956190484979,-0.108235823459176,0.0097548213920754,0.186388664509322,-0.198389099657815,0.122763496538822,-0.00753975749572154,0.0136987412406927,0.0156434530977294,0.0190937975799943,0.248184718706313,0.384777764167137,FALSE
"P23141",0.0471688131321366,0.0796602367648158,0.112007356426841,0.0642684016124401,0.0914093086146919,0.0680004806081067,0.073252412074817,0.114029806708387,0.119265220238909,0.121394549352738,0.0742257362206017,0.0571261477402983,TRUE
"P23142",0.215884136736573,0.189691981954899,0.22963885018349,0.4593202824954,-0.0626812516260203,0.299638072308002,0.231876767062931,0.261271318736296,0.254972564551349,0.259689202812788,0.278565388362593,0.522001534121421,FALSE
"P23229",-0.0857523239614587,-0.11490739085946,-0.0817076505167439,0.00118583298555488,-0.218603511920438,0.0222301476828211,-0.0967942690579873,-0.00632524960523815,-0.0774678625681978,-0.0741674126966346,0.132851187958979,0.240833659603259,FALSE
"P23280",0.273293037882663,0.255850031491126,0.336078819411901,0.382197784161285,0.147844301647272,0.285108301369541,0.297560127809353,0.32006237252063,0.306505040977374,0.360622807293481,0.125448736235391,0.234353482514013,TRUE
"P23284",-0.0421743868052284,-0.00856504353467763,-0.0157233158929547,0.116890387404386,-0.139326211119467,0.0388151123932306,-0.0356635579940717,0.0858597653058259,-0.00610126969225255,0.00557594331219107,0.159064774209614,0.256216598523853,FALSE
"P23327",-0.020415824625878,-0.136111284322831,-0.0449352630832186,0.0399934733502006,-0.0967546591387424,0.0507346952877521,-0.0784553930707358,-0.0061660647415899,-0.0412701924215704,-0.0779942034946132,0.115695459696953,0.186845979610583,FALSE
"P23381",-0.0297985063531789,0.0399252748181082,0.0304559317416937,0.0964450710327653,-0.0478076330615432,0.02696249754797,0.0327401678410944,0.0888908219082163,0.0571004126436501,0.0426119794603081,0.126243577385944,0.144252704094308,FALSE
"P23467",-0.0105940479217183,0.0127301362512543,0.038673435947354,0.106566688171681,-0.0862019202609486,0.0316747232826845,0.00052408954940517,0.102502015479372,0.0387708216272228,0.0446063205725408,0.1171607360934,0.19276860843263,FALSE
"P23470",-0.0139498508073608,-0.0271131902553952,-0.00476798435223124,0.142479480532945,-0.168208334576196,0.0082479051926998,0.00622441244581778,0.0334774202957944,0.0425209451053657,-0.00613776118370449,0.156429331340305,0.31068781510914,FALSE
"P23471",0.0414769495325017,0.0741647491192826,0.0963635391912912,0.146110539103481,-0.0458662955587223,0.0742790550510978,0.0379540525653581,0.164945844699292,0.078825473982326,0.0776685218554167,0.123468895166791,0.210812140258015,FALSE
"P23526",0.0313583128406516,0.105927479175986,0.068045255538943,0.175645400159661,-0.0595565894180152,0.0836012692775252,0.148146086201779,0.129856366750695,0.114635116698174,0.148709455613173,0.14428708731901,0.235201989577676,FALSE
"P23528",-0.0856722402267844,0.00996220268601063,-0.0820585518806591,0.00230114284770774,-0.0767375027797956,-0.107869627973522,-0.0394257793534785,0.0254548267828132,-0.022755933133767,-0.00844960801739334,0.111127067009598,0.133324454756335,FALSE
"P23588",-0.543050366699251,-0.682132706193609,-0.682008583670379,-0.824652545871019,-0.392247723855651,-0.411013371405339,-0.669478588667666,-0.574281203104081,-0.663158519436108,-0.668576694179232,0.281602179171768,0.432404822015367,TRUE
"P23634",0.0186294470910341,0.0704363446324997,0.047782591773332,0.128653209165121,-0.000494368138571514,0.0521747090228278,0.0549132544345785,0.124454594118065,0.0813700534228108,0.0579970767830144,0.110023762074086,0.129147577303692,FALSE
"P24043",0.0262185748924572,-0.063747226600699,0.0388247033676746,0.162338738066301,-0.10389356327035,0.0685282648387195,0.0171603044785672,0.0477953633218624,0.0638106899341506,0.050578173184076,0.136120163173844,0.266232301336651,FALSE
"P24158",0.131924877514676,0.135585202135763,0.151614040301609,0.245636917817783,0.233066321819078,0.0410557673025031,0.244911364722767,0.171992228124415,0.189176100980957,0.18546260554534,0.113712040303107,0.20458115051528,TRUE
"P24592",0.0262325774662578,-0.0498533412914018,-0.00922582690757953,0.0745050173233652,-0.0656491822058577,0.141544920446346,-0.066671029069565,0.0429101916412356,-0.0585429883089599,-0.0180463936785982,0.115312342980088,0.208215949515911,FALSE
"P24593",0.0254052752522146,-0.0835961608496387,-0.0553792742327104,0.0389679224056768,-0.0655751346634038,0.132259710052653,-0.100131446776682,0.0797899158889384,-0.0649886944839758,-0.0346815284532168,0.125536722028897,0.232391156829335,FALSE
"P24666",-0.00637859121470691,0.0929212471954134,-0.0591146844053641,0.105338287601659,-0.0389009698607443,0.0513381353819292,0.0304443845618306,0.0289531250931157,0.0447793559493104,0.0227029466562518,0.111716878816366,0.164452972007023,FALSE
"P24821",-0.0543358464447475,-0.0727642051820069,-0.056836469864456,0.101866636137761,-0.309419139623842,0.00575510333714019,-0.0631839700741948,-0.00421244458668335,-0.0337810063426148,-0.0586757597062013,0.255083293179095,0.411285775761603,FALSE
"P24844",0.149164531295197,0.319964188797933,0.229933318750773,0.250402841091369,0.2966489210902,0.00339073010293456,0.234516110657635,0.302284481115638,0.239922717067882,0.282107684336823,0.170799657502736,0.316573458694998,TRUE
"P25311",0.126754578252097,0.143420120587018,0.164328760857256,0.107264917760194,0.0214454144375526,0.374073593169818,0.104972656845617,0.212806872797974,0.114097129791438,0.2154320851115,0.247319014917721,0.352628178732265,TRUE
"P25705",0.0768925503102462,0.34093651074684,0.259825185876137,0.140254148162636,0.211424619183814,0.05813232883523,0.256991770355982,0.280349550254207,0.295507810632624,0.295556711281272,0.264043960436593,0.28280418191161,TRUE
"P25774",0.0821836373966581,0.0906804320659833,0.130743978874001,0.118914066634655,-0.00601006132553161,0.247587885449975,0.0164782130967563,0.182060282373258,0.0905759990581601,0.130636736682512,0.165404248053317,0.253597946775507,FALSE
"P25786",-0.0678804165869218,-0.0649253364863152,-0.0923466844601806,0.061001340200502,-0.132519860766432,0.00576522600746013,-0.0393186254169827,0.0143347221024218,-0.034054287332803,-0.0434226903139699,0.128881756787424,0.193521200966934,FALSE
"P25787",-0.144339777602151,-0.0782034816212298,-0.122259090181798,-0.0723172541213488,-0.153845892755103,-0.0642676767604061,-0.0652220811010592,-0.0711692826866136,-0.0917832186390928,-0.0979923331656032,0.0800721008417449,0.0895782159946973,TRUE
"P25788",-0.0590759631091319,-0.0192190596524337,-0.105217862083512,0.0622456545879884,-0.138811782028224,-0.0930113399727584,-0.0303823611562758,-0.0388846251733264,0.0157387498315907,-0.0344067931728884,0.12132161769712,0.201057436616213,FALSE
"P25789",-0.0840368037768516,-0.072840874102286,-0.119709400032838,0.0397809620685166,-0.0964803205280609,-0.0778994651796496,-0.0535214872053975,-0.0365225349022679,-0.0430264099553093,-0.077039834161795,0.123817765845368,0.159490362101354,FALSE
"P25815",-0.0285001224990815,-0.0706904335258595,-0.0497427949366162,0.136598168306051,0.0241138622273292,-0.144202780607523,0.0187300522842522,0.0434869160668204,0.0226550458141072,-0.0516186384904207,0.165098290805133,0.280800948913575,FALSE
"P26022",-0.00222704583920128,0.0240291886786702,0.0556492704637531,0.118621670106615,-0.0166785185231416,0.0345526667978291,0.0320770109323978,0.109148454200476,0.0510650298054623,0.0257376385539112,0.120848715945816,0.135300188629756,FALSE
"P26038",-0.0456169013505591,0.0207476869331823,-0.00928609327996073,0.0470330629230465,-0.117071120371815,0.0516700115650265,-0.035526865931487,0.103426923619645,0.000479780865142932,0.0213632055097883,0.149043824970204,0.22049804399146,FALSE
"P26447",-0.0212727523286222,0.0153172479278957,-0.0116027921644383,0.143309640944482,-0.0723585389933877,0.0569558330039004,0.00459102271938627,0.0767372165731192,0.0390798233529129,0.0364814337543075,0.164582393273105,0.21566817993787,FALSE
"P26572",0.0772950928700879,0.183604641019045,0.194450032771388,0.37913604922375,-0.121515849037258,0.169715942456366,0.176079034948266,0.266139858571249,0.209060207960119,0.225239675231132,0.301840956353662,0.500651898261008,FALSE
"P26583",0.0545026975431629,0.0156346609656293,-0.0173506739800687,0.233455298927366,0.090237030599841,0.0682744195010255,0.0291947540682304,0.196359769703051,0.0828853215861181,0.068985163931634,0.178952601384203,0.250805972907435,FALSE
"P26599",0.0159598518126641,0.024106224673958,-0.0224212375663813,0.122383165997656,0.0784858282375315,0.0514740517034401,0.0273160014435552,0.0505420098262656,0.0480568084627386,0.0369195717899165,0.106423314184992,0.144804403564037,FALSE
"P26641",-0.134310177002029,-0.0431398857151127,-0.0698361576489873,-0.0727105264981683,-0.0970263610224432,-0.130802993273078,-0.0441069337147916,-0.036773426185346,-0.0402776022170688,-0.0706538847975038,0.097536750816683,0.0940295670877321,TRUE
"P26927",0.265849896695086,0.213839408325034,0.266288786353828,0.365005196685387,-0.0551169997168225,0.571208781649717,0.193366424356107,0.33615493623893,0.226408170394624,0.389899558213194,0.320966896411908,0.62632578136654,FALSE
"P27105",-0.0519432759093399,0.158325452611015,0.0713150132341857,-0.0156521421634598,0.16838734994625,-0.232217150265871,0.098056487861693,0.0234551264930786,0.119948228181769,0.0420491048153086,0.22033062585559,0.40060450021212,FALSE
"P27169",0.0711091785685218,0.136090854277608,0.145641154168161,0.230495074610944,-0.0388801030596234,0.106591703281568,0.127315541883875,0.176151817376315,0.152364233566822,0.171130694170599,0.159385896042422,0.269375177670568,FALSE
"P27348",0.0612024712062023,0.139389395255,0.110297826647977,0.183746803502173,0.0299785801153385,0.117553104171099,0.154446250906773,0.180751885608058,0.163698550051484,0.140402744998124,0.12254433229597,0.153768223386834,TRUE
"P27482",-0.0426655022743029,0.0258821821478234,-0.0162326055627029,0.0704573306274611,-0.127855284724806,-0.0262801110694511,0.0174046365312988,0.0337321933055975,0.0421528596634334,0.0517348839394625,0.113122832901764,0.198312615352267,FALSE
"P27797",-0.0379567100516459,-0.0530884357978154,-0.0330867851170185,0.00755513616577982,-0.113356769081983,-0.0169049195331182,-0.0425902729422657,0.0119893819490524,-0.0222690060865131,-0.0481437179908913,0.0754000590303367,0.125346151031035,FALSE
"P27824",0.0623019660737016,0.0806316017290102,0.100475920853267,0.216961276044084,-0.0366984150033387,0.0405922115790476,0.109176831640871,0.151469579432818,0.136835312483831,0.114623466082383,0.154659309970383,0.253659691047423,FALSE
"P28066",0.044914944114284,0.0858607943972767,0.0233108435456691,0.212812066607162,0.0604895595429774,0.0467749104996218,0.0629800892306927,0.111065637145968,0.10550951134039,0.0840408631255763,0.167897122492878,0.189501223061493,TRUE
"P28070",0.0341619963562582,0.0264191473488688,0.00589468595923607,0.138891895697799,0.0569328641536335,0.0599266586419423,0.0609158713359832,0.0801103363278513,0.0711364031791888,0.0371267022385553,0.104729899341541,0.132997209738563,TRUE
"P28072",-0.0375539088937965,-0.0562237513718567,-0.090719873380966,0.0412732640315467,-0.0352043534476099,-0.032661011750601,-0.0177139563518068,-0.0315609125076852,-0.000356408682119166,-0.0395477096311259,0.0788271729253432,0.131993137412513,FALSE
"P28074",-0.122428965912546,-0.145214127077117,-0.192520768809968,0.00370281656641231,-0.187578697554383,-0.0989312863200258,-0.0981367868835221,-0.116944755927798,-0.102328381126143,-0.137179275492121,0.126131782478958,0.19622358537638,FALSE
"P28289",0.144409769440038,0.144998185560144,0.0780974887369477,0.466184958150166,-0.0586384470592485,0.199386688106644,0.224802603520598,0.10489187018218,0.188182633285821,0.209497841143884,0.321775188710128,0.524823405209415,FALSE
"P28300",0.129396027439643,0.17135978860415,0.171149676142998,0.22656661561719,-0.00670715622340664,0.214087255310536,0.137549251779207,0.27598021327948,0.187812265472157,0.261972865212322,0.146584185839837,0.282687369502886,FALSE
"P28482",-0.104098268662856,-0.149575022945848,-0.0959034509777764,-0.131011087643078,0.111485754375071,-0.162254516780751,-0.169757071190859,-0.136827275909336,-0.149719537820432,-0.124595399967892,0.215584023037927,0.28124282556593,FALSE
"P28676",0.0755178709498543,0.0982007295480012,-0.0261373024492991,0.167946415254905,-0.00222074827214527,0.154532820365222,0.0918242647980679,0.0923126145686481,0.100189470517113,0.0489485734467855,0.101655173399153,0.194083717704204,FALSE
"P28838",0.0012523134963418,0.0451365053036981,0.00936938454950267,0.0111613053098146,0.0184008677647391,0.0727982215452506,0.0278651135019307,0.0259205164772875,0.0521000012646689,0.0644478395773402,0.0715459080489088,0.0634288369957479,TRUE
"P28906",0.0734051766211076,0.0208099024940718,0.0503748515624545,0.213557441897493,-0.0871310118081367,0.131791164609011,0.0440899904847605,0.131314338695283,0.0807423632507089,0.0613551519631737,0.160536188429244,0.300688453705629,FALSE
"P29122",-0.25313597797294,-0.133354407460899,-0.136638052045518,-0.155842890799784,-0.316498416246684,-0.136973767482421,-0.201475244654476,-0.0227195610619287,-0.139216523963707,-0.0987931758348144,0.230416416911011,0.293778855184755,TRUE
"P29144",-0.0178825762946252,-0.0871699971418596,-0.115063855147073,0.176177238488214,-0.0159144934126407,0.0728460865382545,-0.0475906212945399,-0.074071827935019,-0.066113502596734,-0.0981174805401524,0.194059814782839,0.291241093635287,FALSE
"P29279",-0.216660353302774,-0.0320598103640353,-0.0558266109070901,-0.223987984327202,-0.203279644020288,-0.0506439873260974,-0.19392586541319,0.0875424909672394,-0.12602437494106,-0.0248075084417386,0.304202844270013,0.311530475294441,FALSE
"P29350",-0.00455541976199066,0.0576210314101342,-0.0640819891444449,0.131751264531743,-0.121293143028702,0.0709256319514247,0.0096073107950922,0.0671065985427441,0.0401573306688348,0.0434409263102196,0.136306684293734,0.253044407560445,FALSE
"P29401",0.0747428942631111,0.101732011815563,0.0839188745720259,0.169805217058607,0.123028316954833,0.120761042299441,0.13814470963062,0.165832150355961,0.123737116262107,0.136079451398545,0.0950623227954955,0.0858863424865807,TRUE
"P29508",-0.187211859678282,-0.22995796520212,-0.219181090007937,-0.294789337118805,-0.206663683573116,-0.127874736679012,-0.22619420714704,-0.104025861106469,-0.221951964297686,-0.253181201912389,0.107577477440523,0.190763476012336,TRUE
"P29622",0.0869304556802227,0.20125990830093,0.194200858305593,0.171065779293534,0.00199507852179849,0.142817257034604,0.140854080452511,0.175201217762014,0.15046811530206,0.154592711148713,0.114329452620707,0.199264829779132,TRUE
"P29966",-0.0612350984541705,-0.0318651864953035,-0.0401428841497592,0.0226119766808365,-0.0740955753510384,-0.074849196866857,-0.0491754694665342,0.0356181490946071,-0.00630992626231099,-0.0281584639672273,0.0968532475487776,0.110467345961464,FALSE
"P29992",-0.0545221291719592,0.0754268675427242,0.0521171423941894,0.029210598400296,0.0208872103695049,-0.0188121303675524,0.0405299548001966,0.0803939004655232,0.0458341793369691,0.0625281906580778,0.134916029637482,0.0992060308330756,FALSE
"P30040",0.17555243639981,0.291487838044749,0.231876237833221,0.284588189778751,0.105372353930898,0.119120461436781,0.267444331807552,0.250568567873349,0.273823418826919,0.28737659036067,0.115935401644939,0.186115484113851,TRUE
"P30041",-0.119077256041842,0.0174180776013588,-0.0478635260367831,0.0499963099463473,-0.114716951106944,-0.00523251855009237,-0.000952242106860467,0.00562955438340508,-0.0164322727581121,-0.00729124429183472,0.169073565988189,0.164713261053292,FALSE
"P30043",-0.0443974393404471,-0.00790550791461169,-0.0643513943644693,0.158087564173731,-0.12865002534927,0.0911892710414936,-0.0145010432084107,0.0221580252502901,0.0522762973749474,-0.0190346833701573,0.202485003514178,0.286737589523001,FALSE
"P30044",-0.00718196212846755,0.0571527990697266,0.0441044527903661,0.135277291532809,0.0558797882212341,0.0186730932191622,0.0850533657833537,0.111498195405686,0.0942611745197474,0.110651923750297,0.142459253661277,0.116604198313647,TRUE
"P30048",0.132337405021219,0.189920073993429,0.268552556078078,0.152588786741826,0.349356676639077,0.168211358207386,0.260745047712755,0.23196120014221,0.252551424963435,0.235496123400255,0.217019271617858,0.196767889897251,TRUE
"P30050",0.0908152003518615,0.145819444007466,0.0981650400507696,0.109688623052031,0.104175075828973,0.16398053616367,0.114448321894426,0.177849001048511,0.153494334458661,0.11119717638672,0.0870338006966497,0.0796839609977416,TRUE
"P30085",-0.0131857631086706,-0.0363951451308557,-0.0721928906394043,0.00854609878311593,0.0200235903046057,-0.0321781520015344,0.0410698585358655,-0.01486085214168,0.00880828375254809,0.0395556468871819,0.0590071275307337,0.11326274917527,FALSE
"P30086",-0.00252205614269362,0.0593252758147535,0.00801855569009327,0.0780290917885744,-0.0868556380084923,0.144165376260653,0.0276133063696899,0.116542510329779,0.0571839225792099,0.0698231299002144,0.146687432403347,0.231021014269146,FALSE
"P30101",-0.0245909325082841,-0.117351226730777,-0.0867287670990734,0.0983203098787541,-0.195009965685642,-0.013431286539767,-0.0397737279906516,-0.0516997326718271,-0.0205821235489292,-0.0505605141047023,0.170419033177358,0.293330275564396,FALSE
"P30153",-0.0413401714561933,-0.0371046741036731,-0.0744289988606239,0.133656613802792,-0.0738463677881342,-0.0338087240566305,-0.0231106018199893,0.00222758123679928,-0.00194295152732821,-0.0396023551000945,0.174996785258985,0.208085612663416,FALSE
"P30273",0.0166192866818662,0.161978864060394,0.137249109900499,0.0578919948756628,0.0931971412577368,-0.0151980150674627,0.0999779877256306,0.170074543842207,0.148131611150079,0.135571148357917,0.153455257160341,0.18527255890967,FALSE
"P30613",0.011983227208858,0.0858875963087139,0.0271625602342534,-0.0233799023967193,0.0379390215414364,0.0168678621895168,0.0582384285514389,0.0906225170367764,0.0456302801748628,0.103110752669642,0.0911275254607839,0.126490655066361,FALSE
"P30626",-0.0792886577037012,0.0199473364087482,-0.0912376544482624,0.0708725984220773,-0.318461063934284,0.105616770103639,-0.0324956665526812,0.0377335173073291,0.0188453765657853,0.00678815930530594,0.239172406230583,0.424077834037923,FALSE
"P30740",-0.0674482454905763,0.0512303442545858,0.0262476509772668,-0.00705832064911681,-0.0209108350355864,-0.0321343775917343,0.0142168484959486,0.0331419573350657,0.0856070841989685,0.0652046152437163,0.153055329689545,0.117741461790703,FALSE
"P30990",-0.00988552762009562,-0.0498423484616647,0.0115826838563256,0.133054125409375,-0.0676359811009426,-0.0222190957856876,0.00251344714635744,0.0738940318132597,0.00787178579388073,0.0138164351512894,0.142939653029471,0.200690106510318,FALSE
"P31025",-0.0443962108512235,-0.104863955845361,-0.0985089055015831,-0.0939856071252714,-0.115938474366616,-0.0641645858952068,-0.0765911536667161,-0.0661775200822175,-0.0168522460068453,-0.0881782756615881,0.0715422635153924,0.0990862283597707,TRUE
"P31146",0.0457231623900247,0.13017733109983,0.0864738679870396,0.140832112037201,0.0280750700927187,0.0470185910239535,0.118875410686976,0.139458667136383,0.136063756922414,0.134541499517947,0.0951089496471761,0.112757041944482,TRUE
"P31151",0.00249482368093077,0.00432727205972426,0.0330015763072473,0.049933378204524,-0.129283230058508,0.0553925652720145,-0.0168065661726134,0.0490346553647593,-0.00505531272728471,-0.00377632637017139,0.131778053739439,0.184675795330523,FALSE
"P31327",0.22887440762674,0.369267978180338,0.350920785625787,0.286209101072009,0.127335118935522,0.352504917998906,0.260099201306794,0.359029372818858,0.284436785834627,0.337317529837995,0.140393570553598,0.241932859244816,TRUE
"P31431",-0.24269071590375,-0.195445411130044,-0.193257161225692,-0.192740752642688,-0.277253446893902,-0.147238214665274,-0.231415697374286,-0.0735740767706893,-0.194389314990285,-0.158240874272209,0.169116639133061,0.203679370123213,TRUE
"P31939",-0.0210475183942879,0.0689195145121036,0.0244793628755437,0.136759828299153,-0.0725617526425237,0.077705286669786,0.0786765352356067,0.0654263995621105,0.0831557011924527,0.0390013152087625,0.157807346693441,0.209321580941676,FALSE
"P31944",-0.00318197581838498,0.00436409581131559,-0.0340312321860709,-0.100854410330631,-0.0140144099816393,0.0246539568563738,-0.0684547129221975,0.0748509968310009,-0.0327308249447509,-0.0606941107087127,0.0976724345122456,0.175705407161632,FALSE
"P31946",-0.035452433959568,0.0457607130775291,0.00381772977552007,0.114778005230216,-0.0633563094034409,-0.0076362486756872,0.0471666564015206,0.084633613028287,0.0519670930241023,0.0629267940733536,0.150230439189784,0.178134314633657,FALSE
"P31948",-0.0304329080599597,0.0712783035404904,-0.0410753511111986,0.185547034760725,-0.116469203978623,-0.00482121612976232,0.0322875907078769,0.062679048289075,0.0543898360411818,0.038868194960288,0.215979942820684,0.302016238739348,FALSE
"P31949",-0.00280286788021375,0.0152770185489644,0.00928290625060336,-0.035486957667471,0.00133213716575434,0.158995717748723,0.0105020614158872,0.0697115882587359,0.0235615229426221,-0.00437817862409892,0.161798585628937,0.194482675416194,FALSE
"P32004",-0.138506701438934,-0.229792700200149,-0.215666861337888,-0.0654264672971928,-0.301020004501714,0.00753686386948575,-0.212854518755018,-0.0723873349575142,-0.164720119734896,-0.168947338630731,0.16251330306278,0.3085568683712,FALSE
"P32119",-0.116802902640081,-0.00761040933486613,-0.0478548258912407,0.196222011771752,-0.0684156858120645,-0.0501518405063965,-0.00876607042311248,0.0344133415775273,0.0462675618199262,-0.0105265780012361,0.313024914411833,0.264637697583817,FALSE
"P32942",-0.109265859246864,-0.131404297550997,-0.10087621886635,-0.0582957300824249,-0.214862640606347,-0.0407276473537609,-0.130554599195644,-0.0420818333119529,-0.115929938851192,-0.101382307820618,0.105596781359483,0.174134993252586,TRUE
"P33151",0.193855524527231,0.229871144512997,0.261095612493077,0.355086571139372,0.0323289826003679,0.277814312608466,0.227871255804538,0.314099722259935,0.272368705053601,0.257549320322709,0.161526541926863,0.322757588539004,TRUE
"P33908",0.133294166379421,0.169943746093656,0.178528302740242,0.290974969425896,-0.0433417267906091,0.236939872985236,0.150729916952146,0.219258416134745,0.178768539909283,0.217760845768654,0.17663589317003,0.334316696216505,FALSE
"P34932",0.0825144704789795,0.110955562461533,0.0749866336515168,0.237502680785955,0.0376619543489405,0.137051156758486,0.135454518978443,0.102981986192682,0.154470655953619,0.115405952221896,0.154988210306975,0.199840726437014,TRUE
"P35030",-0.00379057724455876,-0.0113686634833567,0.0337947918535721,-0.086125170970812,0.0843425965408516,0.0143148334785513,-0.0143084977430726,0.0792330341305071,-0.013800021657673,0.00133071042598083,0.0881331737854103,0.170467767511664,FALSE
"P35052",0.022376918830509,-0.021121819304738,0.019795169496435,0.110562232040668,-0.0653510884200384,0.0114020900869983,0.00843779990086347,0.0690474681260441,0.030160364221876,0.0196399038321579,0.0881853132101591,0.175913320460707,FALSE
"P35241",-0.0713588319365777,-0.0244242096754822,-0.0258452300378375,0.0188693563792211,-0.0972290435232777,-0.0152216402782275,-0.0224521574797588,0.0204074748149407,0.00459430451315659,-0.017562009839184,0.0917663067515184,0.117636518338218,FALSE
"P35251",0.288541826635379,0.0921494672920689,0.232350886744942,0.58516632457846,-0.0406500409243629,0.514797889831802,0.25650378005495,0.399245669816646,0.173919654496088,0.325531365517609,0.329191867559742,0.625816365502823,FALSE
"P35268",0.0598319800360624,0.0371784473812557,-0.0235149124507086,0.123801698193832,0.0142183675527855,0.130428065316105,0.0389596112744864,0.151465059696297,0.039365901912406,0.0334240491511247,0.0916330796602341,0.174979972147005,FALSE
"P35442",-0.103946984951006,0.0338308475623802,0.0378818082772858,0.0257635091337812,-0.185509605181305,0.0239941256983656,-0.0321356863996407,0.160330157587529,0.0108260368979725,0.0888954225904439,0.264277142538535,0.345839762768834,FALSE
"P35443",0.0643503019578809,0.0786784361657672,0.101391428471112,0.16397103424226,-0.00764817684378181,0.0965897700740125,0.0644266722039867,0.184471146986159,0.116320490058642,0.108520696062803,0.120120845028279,0.192119323829941,FALSE
"P35542",0.0941936332467349,0.0733585493763793,0.102522443996669,0.139070368331511,-0.0295145400553737,0.279874461864493,0.0533072791953592,0.131962539653937,0.0650610610319892,0.136331753034144,0.185680828617758,0.309389001919867,FALSE
"P35555",0.149071986170918,-0.12809427480324,-0.0312069699271782,0.470596821223269,-0.279168878582148,0.182227469644558,0.0299527143209724,0.0624623954906065,0.0802054628391881,0.046189017961275,0.428240864753066,0.749765699805417,FALSE
"P35579",-0.0554657704324002,0.206055745159604,0.0709213022869099,0.0282375418615369,0.17772519695243,-0.239117727320346,0.116807033358905,0.126957612435218,0.116384517157475,0.136134169090159,0.261521515592004,0.445173472479949,FALSE
"P35611",-0.00531676785478931,0.0241798010211883,-0.0373407874320798,0.220595051249191,-0.0881570265968772,-0.0479560539339107,0.0503379125944943,-0.0106013346740494,0.0794092966167908,0.038762603111377,0.22591181910398,0.308752077846068,FALSE
"P35612",0.125805533309703,0.0905546618769165,0.0500464650780499,0.473906677841159,-0.0177564808476014,0.0494288005669389,0.17525918249199,0.0257814831144588,0.220904482227337,0.148215990220524,0.348101144531456,0.49166315868876,FALSE
"P35613",-0.0243284212991747,0.0186188795281113,0.00405899560800635,0.0746705669329336,-0.0826965420576627,0.0451025128311712,-0.00524398989375928,0.0935534241406153,0.0395281538283597,0.0181064921276204,0.11788184543979,0.176249966198278,FALSE
"P35625",-0.143989393900352,-0.0250371280379023,-0.00601716179350262,0.0184731454414767,-0.234898757022451,0.0450638003077676,-0.130681806779588,0.104381026414242,-0.0845707908477596,-0.0256865281642828,0.248370420314594,0.339279783436694,FALSE
"P35749",-0.0273914695224588,0.0867215855224378,0.0415900788735166,0.0328167129302422,0.161351927752993,-0.000158213909600666,0.0645470318222365,0.119650193991033,0.078688242533713,0.146418269064767,0.188743397275452,0.161510141662594,FALSE
"P35813",0.17121190719465,0.16381831831249,0.15690094968882,0.294565480751748,0.0245946901230958,0.220379416001978,0.143708546712243,0.252665968172622,0.228045449392958,0.202059682567951,0.146617217071554,0.269970790628652,TRUE
"P35858",0.194376238348167,0.189192665476814,0.20022402609738,0.197702166681152,0.0577308088826319,0.360255396984058,0.168019233151616,0.231915057741661,0.18087529281289,0.268508555969704,0.165879158635891,0.302524588101426,TRUE
"P35916",0.0200972145147822,-0.0275930553866605,-0.00338859539098562,0.14118787588051,-0.196642595918899,0.134568739790082,-0.0212115710557556,0.0689688168270494,0.011946305123952,-0.0171023510679117,0.216739810433681,0.337830471799409,FALSE
"P35998",-0.0681827012735518,-0.302674353401011,-0.218171571418107,0.159125629537212,-0.356243834898555,-0.0619812738725115,-0.119513095351678,-0.0862710933845417,-0.0291979672328717,-0.0948151509548937,0.288061133625004,0.515369464435768,FALSE
"P36383",0.11759353428954,-0.0830636471662557,-0.0409376810273768,0.518282893475593,-0.261022268351492,0.0531489299107049,0.0398322365234989,0.00691838595022104,0.0663292527784131,-0.0144370923753712,0.400689359186053,0.779305161827085,FALSE
"P36578",0.0168032298111088,0.0832096986953013,-0.0081954457638429,0.15755154616638,-0.0798776625934142,0.0678666157494898,0.0164332265446797,0.16053324123795,0.0667461080298096,0.0340125212635287,0.143730011426841,0.240410903831364,FALSE
"P36871",0.194603226354801,0.262514362655186,0.200658261170709,0.184815014535892,0.213494340328346,0.235923756046966,0.204676945798195,0.240201493861239,0.250541122986287,0.250436679479719,0.0679111363003853,0.0776993481192944,TRUE
"P36915",0.123118260905486,0.0932930694544223,0.0384721700942002,0.36068278062047,-0.113509000642457,0.104752237109861,0.0500493491212834,0.224188431286907,0.119705004034841,0.124505926336721,0.237564519714984,0.474191781262927,FALSE
"P36955",0.125372795330615,0.00895707502717238,0.0598815455494028,0.107599786358258,-0.0438693980675698,0.332908055942518,0.0172350099031478,0.108087606296658,0.0258883644804645,0.136542042986572,0.207535260611903,0.376777454010088,FALSE
"P36980",0.0687784185742945,-0.039294801339394,-0.00138514553185355,0.196488288399768,-0.183975241121018,0.288511593479509,-0.0422974921946534,0.0817946539648828,-0.0186202508334408,0.0168050807800389,0.252753659695312,0.472486834600527,FALSE
"P37235",0.0835884363337891,0.206004042483559,0.197906634079782,0.247139139033759,0.136802041261976,-0.0489111768581791,0.188429096833479,0.254545108159202,0.198405141384131,0.234730140655304,0.170956671825413,0.303456285017381,FALSE
"P37802",-0.0476817984440753,0.144200048755116,0.0325833887945698,0.0281603094651907,0.102720914223173,-0.139352857215551,0.073117523741144,0.112076714435872,0.0742002353504547,0.116418183780979,0.191881847199191,0.283552905970666,FALSE
"P37837",-0.0355680225627711,-0.00372566167057953,-0.0287945610515417,0.0355124546697609,-0.0128263301002646,0.0331137097114618,0.0135207602705655,0.0186487094684276,0.0219612308592534,0.0117179754102239,0.071080477232532,0.0643070157213026,FALSE
"P37840",-0.144357553503431,-0.126884445514716,-0.130858652308619,0.146592296758832,-0.22644535555162,-0.0518763116855551,-0.11672957006586,0.0186706198462098,-0.0616254853111471,-0.068791589423116,0.290949850262263,0.373037652310452,FALSE
"P38571",0.131160996779642,0.185363815734299,0.157231467466133,0.146942869720181,0.0938364684972715,0.075296521091436,0.146989847509739,0.171778109776667,0.17095798762721,0.184207477230505,0.055864475688206,0.110067294642863,TRUE
"P38606",0.163307433869475,0.25558713142504,0.17446015616599,0.310494348547274,0.136034090720848,0.113981913241756,0.21901230117774,0.27857445031273,0.247662624453556,0.235299604355112,0.147186914677799,0.196512435305518,TRUE
"P38646",0.0238091101427334,0.0889944686547628,0.147677694896316,-0.03337597186669,0.321426217803389,-0.0244424435793912,0.119648998754824,0.14502009735919,0.133977141709781,0.140424442731833,0.297617107660655,0.354802189670079,FALSE
"P39059",-0.100441773897486,-0.10807560689011,-0.0902089909898601,-0.0264249636523696,-0.257091176411421,-0.0267878695146272,-0.138382589290511,-0.00342365316253496,-0.102513998597332,-0.0972739268085483,0.156649402513935,0.253667523248886,TRUE
"P39060",-0.0405580387036233,0.0234506348046521,0.0271345669788738,0.00475426902453868,-0.105763545176435,0.0215404354965601,-0.00308403085401281,0.0955290709230194,0.03802940644878,0.015736063311772,0.136087109626643,0.201292616099455,FALSE
"P39687",-0.0946450815753053,-0.0797568754014436,-0.12389480268058,0.0287873540661599,-0.116682847467353,-0.0823965331981906,-0.106954883889505,0.0317547031798662,-0.0574423785341421,-0.0979096958902431,0.126399784755171,0.155649505860447,FALSE
"P40121",-0.0701676457811823,-0.0616429613951062,-0.0950490671728112,-0.105896752192672,0.0670340275715837,-0.0226701112727358,-0.060018770919884,-0.0269650860251967,-0.00749740656391407,-0.0982216048034485,0.137201673352766,0.172930779764256,FALSE
"P40189",0.213056592889358,0.173993524100938,0.222773339795653,0.310526473755753,0.105599823324944,0.270273877255136,0.186931748494188,0.292995587564693,0.226763273146496,0.284371039360348,0.107456769564414,0.204926650430809,TRUE
"P40197",-0.107953182270716,-0.0259840824183677,-0.0422467727522245,-0.0391988531359083,-0.167027611036738,-0.0294084167002503,-0.0328632003419589,0.0358085777087805,-0.0267056100680019,0.00997981530484219,0.143761759979497,0.202836188745518,FALSE
"P40227",0.0465370817604695,0.150511870690886,0.0601262702201316,0.205898376925506,0.0453409388091675,-0.0483080707041074,0.138030988205051,0.15122115924807,0.174972954416452,0.118321827530681,0.159361295165036,0.254206447629613,FALSE
"P40925",-0.0867120128899635,-0.0199893280620562,-0.0789957668698087,-0.28276889508922,0.0129771098167738,-0.0792974227275524,-0.0473326150382121,-0.194732305914466,-0.0663255406411228,-0.123751918355476,0.196056882199256,0.295746004905994,FALSE
"P40926",0.0457574180537751,0.140550130967466,0.123487167437184,0.0805455075514335,0.131292144036234,0.0182261822288611,0.130121579883724,0.144220931958303,0.147567885786452,0.131765808200022,0.101810467732677,0.129341703557591,TRUE
"P40967",0.0512520279079758,-0.0264748140141061,0.0280178002700451,0.0793716529655468,-0.0507657355888094,0.0927214138957064,0.00396697085574969,0.0913990257063047,0.0366925814028003,0.0360059678128595,0.102017763496785,0.143487149484516,FALSE
"P41091",0.112201050733178,0.1531830642952,0.103845394910667,0.279196336574799,0.0479007894033876,0.12982789705332,0.132296329121595,0.28281026090061,0.178507817148285,0.171953233393278,0.170609210167432,0.234909471497222,TRUE
"P41218",0.293170822336368,0.285365594991547,0.207289376585049,0.411124888043276,0.266129808660954,0.291900250285178,0.29805988066271,0.357735878561157,0.375933069514887,0.299727609388578,0.117954065706908,0.203835511458227,TRUE
"P41222",0.0453267088536068,0.0457841866988301,0.0854410456984249,0.145210254592196,-0.0357427676093222,0.154120552198695,0.04874321073502,0.127566504903552,0.0740484365134073,0.10655536862831,0.108793843345088,0.189863319808017,FALSE
"P42025",-0.0337519659762433,0.0320447284498838,0.0454720901580276,0.0127513790579186,0.114394701169033,-0.0605594979737884,0.0345980306515224,0.155541660478607,0.0340717365865562,0.0244628203412404,0.18929362645485,0.216101158452395,FALSE
"P42357",0.00999168253211319,0.0360784787196632,-0.0820221558711771,-0.0562306804187737,0.027054830346749,0.0374850281146325,0.0337119048858209,0.101402982800079,-0.00151092166585457,-0.027370730075645,0.0920138384032903,0.183425138671256,FALSE
"P42566",-0.0519637304421937,0.0687635054338383,-0.0233162021058441,0.0729904873200918,-0.0737919100346401,-0.204490779824659,-0.00580536306576828,0.0716130485796258,0.100847140590593,0.0133934037829267,0.152810871032786,0.305337920415252,FALSE
"P43121",0.154447961402777,0.0651370546653559,0.122660897458277,0.244878286190503,-0.0379063991708879,0.250036033681308,0.0977200834315773,0.157160186105152,0.133532166945908,0.176834406412915,0.192354360573665,0.287942432852196,FALSE
"P43251",0.118478216894059,0.0118284264415538,0.0413871289188466,0.056290626027463,0.0309359880894156,0.208695939524085,0.048091743767684,0.0454463592104128,0.0569828454781424,0.0963378165066867,0.106649790452505,0.196867513082532,TRUE
"P43487",0.0265660689355453,0.0178923209062958,-0.042870108826707,0.223430073602719,-0.0687141177203515,0.0726281104144257,-0.0404544878485424,0.140961711007637,0.0357372047248205,0.01297771179124,0.196864004667174,0.292144191323071,FALSE
"P43652",0.397516818340666,0.358834849469685,0.411565016894571,0.389760591578013,0.190641501980491,0.750039787356278,0.37539231194711,0.448700937230661,0.37503619671369,0.538259676587087,0.352522969015612,0.559398285375788,TRUE
"P43686",-0.0509486321367312,-0.122613935711341,-0.143442032649145,0.124133099489481,-0.164105876929836,-0.0294770745848403,-0.0754391620097049,-0.0597100725438194,-0.0124429060815483,-0.079628899730638,0.175081731626213,0.288238976419318,FALSE
"P45877",0.0389414834785234,0.0721229136820109,0.0833482386481206,0.210826987885472,-0.161750914639951,0.140732073837058,0.0495748795537841,0.144493358479489,0.100754055565112,0.131535317103665,0.200692398118474,0.372577902525423,FALSE
"P45974",-0.0540617450552146,-0.00166487726655739,-0.0438056593567254,0.151703412219783,-0.0961871435811612,0.0273366076638125,-0.00325596111627502,0.0477116295769125,0.0335580517991606,0.0150601264543369,0.205765157274998,0.247890555800945,FALSE
"P46060",-0.244612061481917,-0.314995113891524,-0.341193238916528,-0.15321051150149,-0.20346366505469,-0.260675895926815,-0.329452624761128,-0.165158531444042,-0.274525614111593,-0.324732238184921,0.0965811774346109,0.187982727415038,TRUE
"P46459",0.191993579176585,0.294463232447685,0.211164118001866,0.35065715386863,0.198983356107308,0.1667353063015,0.230959094725936,0.301226203073823,0.236718077170609,0.262003828294742,0.158663574692045,0.18392184756713,TRUE
"P46783",-0.0385830040427126,0.100867114320427,0.0246579456101395,-0.0448058249252782,0.0421749436500146,0.0663437713096601,0.0608231444750764,0.13033134073429,0.0885368504770721,0.034983897694616,0.168914344777002,0.175137165659568,FALSE
"P46940",0.295853191494235,0.232240171258194,0.265771301169149,0.223843898312701,0.284902457615442,0.431034846950493,0.238998506244935,0.265404380061971,0.249065338405226,0.348042592755148,0.135181655456258,0.207190948637793,TRUE
"P47755",-0.0653526033803958,0.0460876316246002,0.0313270244546828,0.0738645694835324,-0.00263013826575617,-0.0577674057250792,0.0478988083634726,0.0695209384046903,0.0516757130081378,0.0221317416199278,0.139217172863928,0.131631975208612,FALSE
"P47756",0.157281814982284,0.168604360665369,0.188249498549,0.191843252980849,0.201990815861057,0.237818435992497,0.182564993033026,0.278138985792819,0.20579311139386,0.217433392165939,0.120857170810535,0.10953462512745,TRUE
"P47929",-0.238258054179177,-0.312088808865746,-0.267789660810358,-0.439986626823412,-0.112771668540821,-0.117952300391774,-0.252038875501585,-0.165876135539653,-0.252982347588416,-0.250086076513504,0.201728572644235,0.327214958282592,TRUE
"P48059",0.0761466161852081,0.189341941720556,0.166246041646186,0.193631024248234,0.108293815484122,0.0468442130586647,0.159614370077037,0.218389162109767,0.188898465159397,0.202339093751653,0.142242545924559,0.171544949051102,TRUE
"P48061",0.0891401776654817,0.0366777395796741,0.0933130248342237,0.320175862234892,-0.150962575118424,0.18156489896498,0.0241440041847127,0.21831514316831,0.0881638677331721,0.103605330484779,0.240102752783905,0.471138437353315,FALSE
"P48426",-0.0897717826865932,0.0178395006480945,-0.0588289367579463,0.0545076171459483,-0.110906284960551,-0.0968791526905655,-0.0351640566247088,0.0237269392694587,0.0147648108225957,-0.0134007897903819,0.144279399832542,0.165413902106499,FALSE
"P48454",-0.112461449309152,-0.304228654355608,-0.224085776140066,0.040220247395046,-0.419351131248707,-0.0259574528411587,-0.190425153409292,-0.14278085399395,-0.167516747165866,-0.204964328727696,0.306889681939555,0.459571378643753,FALSE
"P48506",-0.187338091173211,-0.163038408957466,-0.186236999532517,0.0372867884661699,-0.234356147130367,-0.0471604563759957,-0.0922619030858156,-0.121536443475892,-0.081495337812414,-0.0954303995853997,0.224624879639381,0.271642935596537,FALSE
"P48507",0.0970212445135278,0.126368835826764,0.0846642444263715,0.274441395676702,0.0121969029873619,0.125311624914768,0.117366627021927,0.204393635553838,0.170274202126559,0.173498379879495,0.177420151163174,0.26224449268934,TRUE
"P48643",0.0945339629757016,0.165479854855821,0.0899210512230449,0.203930855314163,0.0722124736436675,0.0535858908016848,0.162312608350453,0.189568116529204,0.163085678598157,0.124467726721862,0.109396892338462,0.150344964512478,TRUE
"P48723",-0.0163997314917462,0.0685605869278442,0.100026941045909,0.0198644195889024,-0.0723326562027894,0.155280960862785,0.0437490106889114,0.0698965659244139,0.0328746872469168,0.119415534158346,0.171680692354531,0.227613617065574,FALSE
"P48735",0.197860329076247,0.349215882243528,0.293407988173514,0.298917382261167,0.169397926842556,0.190712677289218,0.297632226693898,0.336866943304891,0.319744283057486,0.315176182012873,0.151355553167281,0.179817955400972,TRUE
"P48740",0.0358890194585648,0.0245213430969183,0.0643349057846119,0.239502529984775,-0.213856130397075,0.10837370119404,0.0625830460850261,0.103085231203564,0.10615076831681,0.0898320434636349,0.24974514985564,0.45335866038185,FALSE
"P48960",0.051862316865563,0.0756396552121786,0.112899676222438,0.0373642358596124,-0.000114179214698318,0.150028302907069,0.0716245890944888,0.163130318463289,0.0778272133870635,0.102173585526965,0.111268001597726,0.163244497677987,FALSE
"P49189",0.0330613878115437,0.0345728805302011,0.0124130749515966,0.0632682478254273,0.0589693762308878,0.130084490505415,0.0543659074409239,0.117185367559996,0.088691618745539,0.0433329019851426,0.0970231026938708,0.117671415553818,TRUE
"P49257",0.0858869819884299,0.123922643359198,0.13364446543613,0.262921156575356,0.0102169812155694,0.105306694913022,0.109825209076642,0.210396150412966,0.141336602822186,0.135376526963305,0.177034174586927,0.252704175359787,TRUE
"P49327",0.125804073957471,0.05827093113427,0.115871675583661,0.406517087728022,0.0737413856332082,0.212579683298545,0.174597523039615,0.244819762349147,0.148289962237716,0.188718167024004,0.280713013770551,0.348246156593752,TRUE
"P49368",-0.00625073558061794,0.0730509427568879,0.00783848573988432,0.181657375971044,0.0059403722433182,-0.0660397758799926,0.0822307974991934,0.0953566311492611,0.0842338073105568,0.0443423706403777,0.187908111551662,0.247697151851037,FALSE
"P49641",-0.0521690625907143,-0.0699564763240488,-0.0608828838265112,0.0549985022934313,-0.232631299596911,0.0386636835782163,-0.0668732635005078,0.0114383925148188,-0.0409036140121459,-0.0496835394961383,0.180462237006196,0.287629801890342,FALSE
"P49721",-0.0640488028203075,-0.0138799506376063,-0.0676112770876436,0.0492130242942088,-0.0869870363924432,-0.026110547337147,-0.00361477185045687,-0.0133136761973297,0.0236790463848229,0.00750650137739557,0.113261827114516,0.136200060686652,FALSE
"P49746",0.0421845894704435,-0.0240404321286091,0.0168473376173448,0.114554526876204,-0.0531207770477344,0.0464521592207834,0.00733310399785945,0.0916049739074728,0.0385865674528793,0.01936745048421,0.0953053665181779,0.167675303923938,FALSE
"P49747",0.0518584267409577,-0.00814123414756952,0.0401746264431514,0.109714589526403,-0.048833500010944,0.0931169413273252,0.0211456680513972,0.0902281314532475,0.0658544690293901,0.0291525483850071,0.100691926751902,0.158548089537347,FALSE
"P49773",0.0201061604686376,-0.027378834199294,-0.0271756506369486,0.250363059684191,-0.0763470974536103,0.214451461503612,0.0603954667454969,0.0499857953850504,0.0502673105591995,0.079651331833425,0.230256899215554,0.326710157137802,FALSE
"P49908",-0.0277303800286134,-0.034913262392721,-0.0169106634988248,0.0372487169324626,-0.128799208436321,0.112681554549704,-0.0907135790522958,0.0880622460202669,-0.0607514055882392,-0.0171665712179238,0.140411934578317,0.241480762986025,FALSE
"P49913",0.0910894366594002,0.133740473674123,0.143694145295155,0.0535267744189866,0.0988425866351637,0.223967897460221,0.0688365877085802,0.162562106401586,0.126853591291388,0.101208063897157,0.13287846080082,0.170441123041234,TRUE
"P50148",0.0707110866531787,0.151994307735101,0.169985496299976,0.189457514906004,0.0895560988351692,0.0364122726921114,0.161838561040694,0.19821440016864,0.200047122197784,0.158810628244617,0.129336035544606,0.163634849505673,TRUE
"P50225",0.0131823025243596,0.112459965680008,0.06435821654931,0.210812890717355,0.118104121798118,-0.0317311970301268,0.125613907864165,0.175790665725858,0.145930276535912,0.14667371348641,0.197630588192995,0.242544087747482,FALSE
"P50238",-0.0307379095075068,-0.0172933133673918,0.0392409657630004,0.152348590816945,-0.177378970098243,0.0645209151692191,-0.00987792095035819,0.115359000825517,0.028754774196824,0.039946348610203,0.183086500324452,0.329727560915189,FALSE
"P50281",0.134568897219753,0.104151179482482,0.129909189832234,0.334653980246912,-0.0752402822072536,0.293826072122474,0.084668209096993,0.224757332959492,0.120559883863967,0.164469578602418,0.209809179427007,0.409894262454165,FALSE
"P50395",-0.103004950830954,-0.00970930406697864,-0.0604296940486902,-0.00736759795799232,-0.0847962265803299,-0.0703176712094314,-0.0240635088975697,-0.00626472971293678,0.00435982775213284,-0.0280036052350406,0.107364778583087,0.0891560543324628,FALSE
"P50502",0.0266724516326746,0.0326774791016364,0.00722369243716109,0.128911015611852,-0.0359229791658504,0.0781709582995261,0.0333353636951476,0.0980214108362758,0.0786214637868758,0.0544441689909208,0.102238563979177,0.164833994777702,FALSE
"P50552",0.0157126383233766,0.116926446908447,0.118344149063646,0.131932770982009,0.109349133417081,0.000506142023564105,0.157259919259441,0.181681974423694,0.153848775685507,0.223871366753735,0.208158728430358,0.223365224730171,TRUE
"P50570",0.0792293727219864,0.133060711765072,0.0890833378539433,0.158511194944429,0.0941988182291655,0.125120060723382,0.116344537134156,0.156427648185633,0.13143387870311,0.144878179544085,0.0792818222224423,0.0694278570904854,TRUE
"P50591",-0.100465980456602,-0.206627544431061,-0.108042551160938,0.0335977147696195,-0.145923647134765,-0.0571457099417851,-0.124702022092452,-0.0722640133402747,-0.0915177422715766,-0.100345938870278,0.134063695226222,0.240225259200681,FALSE
"P50895",-0.0434483334418644,0.0800834972640622,0.0489144649848628,0.131495910646507,-0.0986145299919198,0.0161252905620028,0.0361314112617294,0.156345014730771,0.0713298466694504,0.0685723671553183,0.199793348172636,0.254959544722691,FALSE
"P50990",-0.000593824996910611,-0.00381142704024994,-0.0101128557128812,0.038039227385373,-0.0201335358224041,-0.0505847080051118,0.0331473992921643,-0.0120541421361734,0.0881998643650198,0.0627830840550949,0.0887936893619304,0.138784572370132,FALSE
"P50991",0.00408496898242346,-0.0646951039505973,-0.0270247534263498,0.051780412237886,0.0477239342936984,0.00138087658188642,0.0441545431087059,0.0198198436601382,0.037518742372723,0.00992103581857962,0.0687800729330208,0.116475516188483,FALSE
"P50995",-0.0251196792144835,0.00592297727177348,-0.0185763037113841,0.0188202160899789,0.0869300158407262,-0.0406440923181321,0.0315508904015022,0.0616804265892696,0.0633133620100829,-0.00151973361037763,0.11204969505521,0.127574108158858,FALSE
"P51148",-0.0102206597848124,0.0607978512694553,0.0318759549449622,0.0520633149284957,-0.0592058589960957,-0.0103896133534173,0.035490029000392,0.0555672624850388,0.0614862644070925,0.0545483673267792,0.0717069241919049,0.120692123403188,FALSE
"P51149",-0.0423249095381422,0.108996571160654,0.0617679687965286,0.0644577629065971,-0.0227989184318683,-0.00790807603424152,0.0471540466138645,0.173797446578682,0.0777734267108151,0.100867023699793,0.216122356116824,0.19659636501055,FALSE
"P51659",0.156329494119209,0.128389310098804,0.192280054071378,0.18853827450642,0.146178915148172,0.218792750970231,0.166188742802425,0.191917313901228,0.15852364145813,0.190808379919611,0.0624632568510222,0.0904034408714271,TRUE
"P51665",-0.0167873335265791,-0.0888567047435628,-0.142764653184239,0.18644767222732,-0.107172396073826,-0.0373623311297204,-0.0741185476185906,-0.059814965512882,-0.0644067539788822,-0.0444341369275464,0.203235005753899,0.329212325411559,FALSE
"P51693",-0.116704028148256,-0.184423219795819,-0.165993730694116,-0.0238104527628386,-0.269186623237105,-0.0551778220040603,-0.156743750354325,-0.049509945916443,-0.119391962443623,-0.116948051814656,0.152482595088849,0.245376170474266,TRUE
"P51884",0.049104769555331,-0.0107614430445414,0.024564209262945,0.139080533116549,-0.0481614839660936,0.0825865711467771,0.013912916796373,0.0848248323945406,0.0457681735809231,0.0323175978847402,0.0972662535214246,0.187242017082643,FALSE
"P51888",-0.0242834001724001,-0.0473195821572636,-0.0226641341750335,0.046268787463815,-0.208237668932269,0.116324498379168,-0.044439862382362,0.0536449954252894,-0.015038554739609,-0.0125441555761617,0.183954268759869,0.324562167311437,FALSE
"P52209",0.0487411476867894,0.00559324695873651,0.0612728035774769,0.0972531412629854,0.0530337807050854,0.233352567951921,0.0916115817439803,0.0762351101959108,0.0965263940438952,0.0813705157468175,0.184611420265132,0.227759320993185,TRUE
"P52565",0.0372244104693096,0.114998654642529,0.0779688491614463,0.0977091631238801,0.134532971045308,-0.000457491776303281,0.089902118385754,0.129847366050768,0.101125268604881,0.110108567768475,0.0973085605759986,0.134990462821612,FALSE
"P52566",-0.00616717248845181,0.0696475307078113,0.0181254362791867,0.0805191746829606,-0.000137888450535146,0.0515402411260542,0.0607884834306925,0.0978071721677714,0.08449981695878,0.0620941653120794,0.103974344656223,0.0979450606183066,FALSE
"P52907",-0.0133657482280956,0.158267610396121,0.0721180756294292,0.0931231615429037,0.0418479483903639,-0.0315093623240849,0.091129184355611,0.11640014373297,0.107498309659716,0.0870180948541332,0.171633358624216,0.189776972720206,FALSE
"P52943",0.0210211578982781,0.0467320764808873,0.0967353452651056,0.137341423828286,-0.0580018477473047,0.0757648860288984,0.0431413335271001,0.143775467392079,0.0811503013689131,0.0486807499248224,0.122754309493801,0.201777315139384,FALSE
"P53004",0.0178157941734571,0.061085212426283,0.0283819139193985,0.155418442971155,-0.0263837137452736,0.125149083548157,0.0903184291370828,0.101603675388658,0.111624017216916,0.0921870265556313,0.137602648797698,0.181802156716429,FALSE
"P53367",-0.484545706856213,-0.443180494271692,-0.550359633204445,-0.521904320967369,-0.476033698599537,-0.368733254584232,-0.478200152046865,-0.493628921959775,-0.542827425161471,-0.48594507820898,0.115812452271981,0.181626378620213,TRUE
"P53396",0.0149873318805316,0.104755266941185,0.04126535726698,0.178893446922327,-0.0588311521095436,0.0851476905746947,0.117416064612779,0.0604472993179595,0.0853312807691482,0.111079402327668,0.163906115041795,0.23772459903187,FALSE
"P53621",-0.0729595437232819,0.0508911315014452,-0.0534337507266411,-0.078453937163822,-0.132346552359702,-0.0579295795570715,-0.0830630845680717,-0.00777053644598778,-0.0489574105328752,0.0230102645703199,0.123850675224727,0.183237683861147,FALSE
"P53634",0.0122923020465779,-0.0372475236944799,-0.0105673678299415,0.156671139300321,-0.196877852013216,0.139600835321715,-0.0360573154530074,0.0867755049576919,-0.00764926264822893,0.0140926852018819,0.209170154059794,0.353548991313537,FALSE
"P53675",0.0276461152122432,0.135893907128588,0.0797156511651086,0.108386923989525,0.0425494917812906,0.00780678175472068,0.093385975460043,0.149298489028107,0.157199736805824,0.107947180462809,0.129553621593581,0.149392955051104,TRUE
"P53990",0.0362796018486301,-0.0357727825380496,0.0442244508889166,-0.0980779240256076,0.0730856264304125,0.183924995321767,0.0386567192205485,0.071236429489546,-0.0186844555393412,0.0260879900721532,0.147645393473136,0.282002919347374,FALSE
"P54105",-0.034445416115055,-0.0059399061569699,-0.0393573869937841,0.106168129325134,0.0855356250924402,-0.159891968123319,-0.0409253298480997,0.0826181689550474,0.0178045750580657,-0.022632121480126,0.140613545440189,0.266060097448452,FALSE
"P54577",-8.23118775243372e-05,-0.135667463628528,-0.104992596433577,-0.0794416654818062,-0.0534029448419167,0.185507624658707,-0.0727229385148232,-0.0665354093310422,-0.0799935759003289,-0.0344092359414506,0.185589936536231,0.321175088287235,FALSE
"P54578",-0.061945586139306,0.0247549916698722,-0.0522483565221795,0.138393903380118,-0.165672279704508,0.0440096126736563,-0.013401988435413,0.0475041266851705,0.0276772817217816,-0.000848439509106163,0.200339489519424,0.304066183084626,FALSE
"P54920",-0.0843065732529473,0.0429905926776202,-0.0525640441294489,-0.0094506119064576,-0.103016350561153,-0.0504663432502399,-0.040949423783299,0.0574817126847938,-0.0112823552021526,-0.0134804531226643,0.141788285937741,0.160498063245947,FALSE
"P55010",-0.163632819836226,-0.208210693787106,-0.243772788994714,-0.020241938262327,-0.304488129290327,-0.122013707309125,-0.183194147765914,-0.0721960539222192,-0.189120000383916,-0.112823282465416,0.143390881573899,0.284246191028,TRUE
"P55056",0.125622926711964,0.14273344749568,0.144381503573244,0.0940150008779593,0.10445629506882,0.177029177186563,0.0831576484459358,0.138564755727578,0.125842146594241,0.136083315223731,0.0514062504745989,0.0938715287406271,TRUE
"P55058",0.133365318621989,0.218079683890146,0.235019443243113,0.122890288128435,0.0453808288062381,0.338321229177135,0.18089119141441,0.232807200012665,0.192091701548154,0.224236091162272,0.204955910555146,0.292940400370897,TRUE
"P55060",0.115482154141927,0.180811446975388,0.169956425145145,0.284362993883489,0.0500978739872653,0.168551025956549,0.206368393037932,0.238356563184151,0.182225871372176,0.179961997237107,0.168880839741562,0.234265119896224,TRUE
"P55072",-0.195454535607576,-0.200348603079186,-0.210967418388765,0.00874728045343734,-0.0939397734677754,-0.245909102623014,-0.19171285293469,-0.0793630791042089,-0.140613032769819,-0.184370433569483,0.204201816061013,0.254656383076451,FALSE
"P55103",0.115016850703947,0.185096265619417,0.215776645366299,0.286972991060075,0.0232547323714157,0.182695744588349,0.191231828171067,0.232932953582525,0.202367938837734,0.227168744436513,0.171956140356128,0.263718258688659,TRUE
"P55157",0.0221728633580127,0.0351804347196666,0.0758486544545158,0.020717283883588,0.0202114207853688,0.0710408327406467,0.0289459456408622,0.0584652189073482,0.106207251319197,0.0278414975288592,0.0840343879611841,0.085995830533828,TRUE
"P55160",0.185189016456705,0.249335699238114,0.276056270697929,0.275792322178312,0.158696467861048,0.269092769941128,0.189265525105148,0.237619011298389,0.278550838962359,0.24084474663761,0.0933618225056537,0.11985437110131,TRUE
"P55209",-0.15088980204257,-0.0903379436388994,-0.108580173788914,0.0145310777742109,-0.0781441466378955,-0.181811200222387,-0.0942487304174511,0.00691392742724201,-0.0641640159326645,-0.0777328080771788,0.165420879816781,0.196342277996598,FALSE
"P55268",0.0646157265949524,0.0924837081168979,0.118197986714394,0.218268231613192,-0.0932569809569354,0.108438944104251,0.0890566492131316,0.179403570961964,0.11890114498105,0.133835546739636,0.157872707551888,0.311525212570128,FALSE
"P55285",0.244218782304653,0.210205476880056,0.268330049318138,0.470274485599588,-0.0153374227683588,0.316358448400017,0.264019318484354,0.317228955851942,0.291886199873101,0.305046623056539,0.259556205073012,0.485611908367947,FALSE
"P55287",0.125281872083696,0.167292223809351,0.162613037618171,0.238389258952602,-0.0436510068405211,0.231569684194713,0.132040845779136,0.231063121215583,0.163983385744636,0.176152916313371,0.168932878924217,0.282040265793123,FALSE
"P55290",0.102893598436632,0.101972360235895,0.15868661401304,0.231507344042603,-0.00246369723988096,0.172288313508598,0.137069570708182,0.186330364857308,0.182979615815215,0.157808644904088,0.128613745605971,0.233971041282484,FALSE
"P55291",0.0382563257462969,-0.0075797574525788,0.0252733000719506,0.165480316456475,-0.0613865697618015,-0.0171669504976901,0.0469315883439346,0.0636798257644298,0.0537157286760453,0.0203287951732648,0.127223990710178,0.226866886218276,FALSE
"P55786",0.113384391587489,0.19228662038426,0.139701922270574,0.0974460384127305,0.182114612827208,0.127007929967783,0.196576091998064,0.213676159448818,0.205925497903128,0.175489182469568,0.100291767861329,0.116230121036088,TRUE
"P56199",0.0771577055203751,-0.0324489380115742,0.0634156566924645,0.213407917834686,-0.0227409756731209,0.223975794241444,0.0609149140859176,0.127283413947408,0.0793279394439725,0.107636992568714,0.146818088721069,0.256424732253018,FALSE
"P56715",0.0496045715049577,0.120275830428145,0.113060427774239,0.158718286837743,0.0217862015102348,0.157441235296661,0.0754463596182159,0.170026262841585,0.103636273705443,0.133760265698312,0.120421691336628,0.148240061331351,TRUE
"P58166",0.104538348945152,0.0898684195927227,0.134037307505218,0.197230420120225,-0.0503636259979224,0.19524840461271,0.102870977996468,0.157130972568963,0.145611323688578,0.149278985556851,0.154901974943074,0.247594046118147,FALSE
"P58335",0.286741078910767,0.34044719781775,0.374833714414972,0.339842735284694,0.217258934374422,0.334605774690644,0.328361874610832,0.35098956868771,0.362542387154138,0.367541324456744,0.0880926355042047,0.15757478004055,TRUE
"P58546",0.000467937792466885,0.0286153937391606,0.017980175965548,0.147107673351277,0.0138488000198011,0.0173064027056381,0.068053806952392,0.103865337213634,0.103879025969935,0.110673426099805,0.14663973555881,0.133258873331476,TRUE
"P59768",0.0011836328581474,0.049324188937669,0.0483209457879318,0.0366802017188491,-0.10630552516963,0.1883706315043,0.0188334949632883,0.11420516561952,0.0439331554568283,0.0103716660614134,0.187186998646153,0.29467615667393,FALSE
"P59998",-0.0164101523114842,0.0804174578607344,0.0312678824717544,0.0496213810452237,0.0160527816403323,-0.0645507830111545,0.0509285669586763,0.0912174372472516,0.0795210307591113,0.0875630454729248,0.107627589558736,0.155768220258406,FALSE
"P60033",-0.000992129930271395,0.0342424137260107,0.0628306826294382,0.120352657203439,-0.138581511579307,0.00497782490328917,0.0116895048225284,0.111794723109533,0.0504596579923673,0.0385490425133724,0.137589381649036,0.258934168782746,FALSE
"P60174",-0.00834333777358677,0.0341551874249761,-0.000104959752196091,0.012594036713746,0.156914599999805,-0.0151651230650895,0.056685903883332,0.115969886439514,0.0509480478741113,0.0462733175987594,0.165257937773392,0.172079723064895,FALSE
"P60520",-0.157614332459774,-0.190234969433073,-0.200404683423939,-0.0598485511641798,-0.175853305071798,-0.131924661345792,-0.166363683680402,-0.114520899465549,-0.139376408836754,-0.135299319737433,0.0977657812955942,0.140556132259759,TRUE
"P60660",-0.00815455732131844,0.183561427685526,0.0717267961195016,0.0732177739036741,0.123344273472617,-0.126933535119266,0.110228677907882,0.1322527238423,0.11066479852094,0.143401890049266,0.191715985006845,0.310494962804792,FALSE
"P60709",-0.0562013333568522,0.111183278989976,0.0125362897088302,0.0251828594406211,0.0609947239089895,-0.170904124117735,0.063152397657053,0.0613698282344729,0.0691359271015872,0.0693221051307206,0.167384612346828,0.282087403107711,FALSE
"P60842",0.0267324366333423,0.110347889951019,0.0168179684531352,0.103469199110742,0.102761077460587,-0.0557107790493317,0.068035148688743,0.113407861414953,0.0941139204614225,0.0694112471707929,0.0866754247816106,0.169118640464285,FALSE
"P60891",-0.091209135635729,-0.117611545742024,-0.135903757648921,0.0882769782625255,-0.134734711637197,-0.0209639117628622,-0.122016885775527,-0.0117200504967405,-0.0665216471570018,-0.0978423717134564,0.179486113898254,0.224180735911447,FALSE
"P60900",-0.0665177439913369,-0.0677243067748666,-0.0943045629642279,0.0695099857082522,-0.091427389193251,-0.0784633086354884,0.00339078736097584,-0.013283230652924,0.0146756407946957,-0.0562701266396179,0.136027729699589,0.16381454867248,FALSE
"P60903",-0.0189218648691583,0.0812987066344249,0.0408553689754625,0.106106020710598,-0.086654562225539,0.0187583068143954,0.0158369783716901,0.112521401348208,0.0491741109263142,0.00778091120909808,0.131443266217367,0.199175963573748,FALSE
"P60953",-0.00523342969730013,0.108025988702972,0.0628178078504235,0.0867320621252145,-0.0136793702543201,0.0550621651797228,0.0578048580731652,0.129977642511242,0.092291207633756,0.079412867760665,0.135211072208542,0.143657012765562,FALSE
"P60985",0.00534800484161422,0.0350419769427457,0.133267899679982,0.17772725629937,-0.112120606335009,0.203037637260634,0.0651789646548108,0.209463747237947,0.0820115488384243,0.125772606808675,0.204115742396333,0.321584353572956,FALSE
"P61006",-0.0602994769496513,0.0609815659801813,0.0223663079905606,0.067748319351183,0.0206774057202306,-0.129492115424529,0.017607738473474,0.103252476279653,0.0425751187257799,0.0380569625015335,0.163551953229304,0.232744591704182,FALSE
"P61019",0.118609505587639,0.0998811777703238,0.145794522414469,0.139060338289475,0.21201843431703,0.082837843655829,0.134710642636728,0.174082953389916,0.156578610848346,0.152685972124065,0.0934089287293912,0.129180590661201,TRUE
"P61020",-0.0940456783498044,-0.0224965913629217,-0.0827411102637951,-0.0994908714035206,-0.0644125145537411,-0.0225271975446996,-0.0624629079819293,-0.0550344717039308,-0.0363431730295082,-0.0902863907140734,0.0715490869868827,0.0769942800405989,TRUE
"P61026",-0.060787002821476,-0.0339116559142425,-0.054212458252272,0.18478037764339,-0.101259417045029,-0.124013895602797,0.0576982562914857,0.149502700122967,0.0504551603960732,-0.00352843898085295,0.245567380464866,0.308794273246187,FALSE
"P61088",0.0487897668579762,0.131299887505458,0.0630023838580057,0.145147129875287,0.0388605475173606,0.0915837295407889,0.111055568981013,0.131148804003627,0.132264352271376,0.112933812427504,0.0963573630173107,0.106286582357926,TRUE
"P61106",0.0576995742468903,0.163813300718652,0.110909675578143,0.144207691164914,0.136508925160207,-0.0599388309328793,0.126450212967295,0.165376167882643,0.139327961290177,0.139488363866974,0.11763840517977,0.225314998815522,FALSE
"P61158",0.0417872618388462,0.105296349350859,0.0785296091078126,0.0994282019241399,0.0968745135607287,0.0638384654591863,0.088392279081119,0.137005682672761,0.105509774003012,0.140291105706622,0.0985038438677763,0.0764526402474362,TRUE
"P61160",-0.00833134574519179,-0.00366975451985668,0.00621772799226157,0.0330480092893704,0.0287921080282863,-0.0494212337753031,0.0449037120454489,0.0832875904623278,0.0722934466629527,0.0773327704199854,0.0916189362075196,0.132708824237631,FALSE
"P61224",-0.0897287104146293,0.0256577662748488,-0.023579352309136,-0.0139339074260346,-0.0400856483875554,-0.117854031904141,-0.0220160530553782,0.0514354025761147,0.00898742914356712,0.0133136041110503,0.141164112990744,0.169289434480255,FALSE
"P61225",-0.211057191025982,-0.188134947595128,-0.180492515477441,-0.0477816320043975,-0.35135195783636,-0.177760269147466,-0.165747262029243,-0.0739084568629159,-0.130706710841014,-0.133508770720403,0.163275559021584,0.303570325831963,TRUE
"P61586",0.128312752548161,0.104992031374415,0.119187459000839,0.245754028586831,0.0624513100486995,0.202683219146503,0.129582375416467,0.227879499309569,0.129694353387639,0.172915321324966,0.11744127603867,0.183302718538132,TRUE
"P61604",-0.105337850510968,-0.00904875136905411,0.0247707417406407,0.258221893013938,-0.112350011671052,-0.0618343544817848,0.0945948010789574,0.0353708178679529,-0.00611935888960038,-0.0106040334826771,0.363559743524906,0.370571904684991,FALSE
"P61626",0.0179890444362263,-0.0160643549108329,0.0173943700270679,0.10152350697442,-0.0639300813805027,0.0703847813178541,-0.0462557256824289,0.0434047893901285,0.00642999560791351,-0.00528237906154592,0.0835344625381939,0.165453588354923,FALSE
"P61769",0.0720967086455661,-0.0147727392363809,0.020307052006051,0.0536214894539669,0.00647886162851484,0.237971564694206,-0.0329241383414233,0.119550179043463,0.00942197311534119,0.0542931690811621,0.16587485604864,0.270895703035629,FALSE
"P61978",-0.0242741666717577,0.103471636886058,-0.0116483950539469,0.205211412145291,-0.0219372772827706,-0.0640436991308392,0.0677566471162743,0.120623440259216,0.0888107060623035,0.0421292452239062,0.229485578817049,0.26925511127613,FALSE
"P61981",0.0215829486052567,0.0878551863170213,0.0448521572482021,0.0860589727630646,0.0514635605135352,0.0905187020450189,0.0685997162793085,0.099926086069597,0.0661472857014941,0.100231078603228,0.078648129997971,0.0553789213550255,TRUE
"P62081",0.0433764226218846,0.119994185853766,0.0374223032625878,-0.0460539708329961,0.0580495626052441,0.123711724553216,0.0583734500267661,0.134376141503025,0.0862593973073037,0.0701845764487586,0.0909997188811405,0.180430112336021,FALSE
"P62136",0.025626636150244,0.114058136896686,0.0642365804029564,0.128901388781191,0.023342404306096,-0.0757608021950259,0.0775189185765068,0.121152866957387,0.120197388001789,0.104469653939925,0.103274752630947,0.204662190976217,FALSE
"P62191",-0.156469160266809,-0.195683882820311,-0.237759414573602,-0.0256038491804148,-0.20368790169934,-0.287515780996103,-0.168751309890465,-0.223275142709404,-0.0543566963764046,-0.170207367669278,0.131046620729294,0.261911931815688,TRUE
"P62195",-0.0999132336748561,-0.171335683043555,-0.176504152886664,0.140200854355656,-0.262436541233236,-0.134043611289069,-0.103415719979912,-0.131600590085752,-0.0623575352617684,-0.123362731333506,0.240114088030512,0.402637395588892,FALSE
"P62258",-0.111966971150698,-0.0852615115699077,-0.112352182731363,-0.0279052727927336,-0.135046909404573,-0.0862049058006438,-0.0808294920199305,-0.0230188215994901,-0.0587206945748251,-0.0630225789978863,0.0889481495512079,0.112028087805083,TRUE
"P62328",-0.0145520378280097,-0.0113120826843122,-0.0480139939439446,0.042801847387829,0.0262224941156001,-0.0523539123655261,-0.025711667003733,0.0126665218264473,0.0122515685963312,0.0238212306905447,0.0573538852158387,0.095155759753355,FALSE
"P62330",-0.139332547547019,-0.0791274276721707,-0.0920207312112776,-0.0903778539899746,-0.105488301331829,-0.153597741792448,-0.110487374221104,-0.00936371488214995,-0.0517481524666825,-0.0734132113210409,0.129968832664869,0.144234026910298,TRUE
"P62333",0.00155733901603311,-0.0315350956263651,-0.0990917252598615,0.15696086087182,-0.205972943101895,0.0598819841952677,-0.00741852614813234,-0.0359916144105639,0.0209265277187247,-0.0236231038529874,0.207530282117928,0.362933803973715,FALSE
"P62736",0.0371295361574828,0.170310867211158,0.123436553580887,0.148805910302687,0.107338509397009,-0.0603712688743991,0.169736877484906,0.161413061212213,0.174409006133236,0.168732939965011,0.137279469975753,0.234780275007635,FALSE
"P62805",-0.02580607182982,0.0537442552469948,-0.0152929529201903,0.142485661773769,-0.1189279337545,0.0333756746511147,0.0388389144170744,0.128254411677072,0.0489379236347716,0.0153283862188989,0.168291733603589,0.261413595528269,FALSE
"P62820",0.0814668902030407,0.136345870681831,0.119687852832474,0.0425960328276391,0.109416079104821,0.0676584263591506,0.0859871794951879,0.106001764296553,0.131245358235795,0.143105516575406,0.0616386263723653,0.100509483747767,TRUE
"P62826",-0.258321205257743,-0.232008649055879,-0.240072963076248,-0.0546305243091333,-0.102977721144966,-0.246047025961557,-0.267704512045766,-0.0630978691704161,-0.205770111363374,-0.22061709172055,0.20369068094861,0.213073987736632,TRUE
"P62834",0.0231665515335966,0.137526320392675,0.100321618982937,0.197776551162537,-0.0819129235768617,0.0645208070409949,0.0776260090377521,0.22377279197735,0.146410990567438,0.112169156594137,0.200606240443754,0.305685715554212,FALSE
"P62879",-0.115898799183734,-0.0306070249364074,-0.060916970587675,-0.0491211326122852,-0.121709963332491,-0.103889623385481,-0.0666880641651457,-0.00332231121863538,-0.0321458498539191,-0.0447016659019997,0.112576487965099,0.118387652113856,TRUE
"P62906",-0.0405737777532117,-0.0499410315839779,-0.128499024630398,0.147386078310087,-0.081861843500129,-0.0168023254746682,-0.0652265165990624,0.0253887300601844,-0.0495966598362393,-0.0700835281337249,0.187959856063299,0.275885102940485,FALSE
"P62937",-0.0258335021300404,0.0869003425131167,0.0342739325653021,0.0518867559995807,0.0222040047270129,-0.0228585826816288,0.0534160067673443,0.0961418522611892,0.0823955415699969,0.0737193738093033,0.12197535439123,0.119000434942818,FALSE
"P62942",-0.0218369226369573,0.0309801800830731,0.0204236652200442,-0.0111195625498042,0.0668258874313517,-0.0288231513476447,0.0301121720789156,0.0636533792130658,0.0553326116410078,0.0507187807510621,0.088662810068309,0.0956490387789964,FALSE
"P62979",-0.066135427334965,0.00992227636266269,-0.0480475787861633,0.0304667994710722,-0.0937164810693228,0.00851342644604462,-0.0309076122148433,0.0483579260030605,0.00386685754737271,-0.00870213553443939,0.114493353338025,0.142074407072383,FALSE
"P62993",-0.0224723105474084,0.113940801500241,0.0401056610058858,0.0384404510950794,-0.066734377739459,-0.103846414834649,0.01605615590304,0.0426365663202991,0.0472600132476688,0.0575453043917296,0.136413112047649,0.21778721633489,FALSE
"P63000",-0.22974329757488,-0.293775199355503,-0.251464349330327,-0.13148606779438,-0.144185536197944,-0.242057126445654,-0.238452299406286,-0.194014894015263,-0.21216631577136,-0.211256077049883,0.0982572297804999,0.162289131561123,TRUE
"P63010",0.113492395908742,0.183939892834224,0.158251111268944,0.261891521204581,0.0988709360478067,0.0713144194083629,0.164307445701589,0.219009609641683,0.197874768916469,0.196830031381712,0.148399125295839,0.190577101796218,TRUE
"P63104",-0.0897339532795165,0.00479748659520291,-0.0404502849760216,-0.00578206934405095,-0.0345244336153005,-0.125969295367301,0.000292828550828432,0.0306814493955259,0.0111227488559544,0.0160273239058361,0.120415402675042,0.156650744762827,FALSE
"P63208",0.00818683311432573,0.00496747546673814,-0.0507242512392979,0.16986002214298,0.0238364199557573,-0.0134372910461131,0.00154743247617785,0.0307059482657326,0.0616026545006411,-0.031022247269245,0.161673189028654,0.220584273382278,FALSE
"P63218",-0.0724716471526794,-0.0288801777679479,0.00209409811125664,0.0102057613453379,-0.0846059052349969,0.0688010669029841,-0.0666715047874742,0.0658853132329427,-0.027866032778554,-0.00298024592892261,0.141272714055663,0.153406972137981,FALSE
"P63241",-0.174551719452436,-0.142512564618944,-0.193310010642822,0.0416849665226459,-0.153656226199312,-0.130997896896589,-0.196044309104516,-0.023717139168333,-0.157273825724634,-0.141415218537727,0.216236685975082,0.237729275627162,FALSE
"P63313",0.0872373563894433,0.137225701966832,0.0782760359814063,0.18953718306596,0.100835443521933,0.112371103405706,0.110741670976657,0.153741759385411,0.132185161794979,0.171544275445855,0.102299826676516,0.111261147084553,TRUE
"P67775",0.0712685933170002,0.117536819209497,0.0662898636853338,0.266976756451173,-0.0136167040977083,0.109598053573356,0.107974732051632,0.183388885112015,0.148155671148238,0.133315487989104,0.195708163134173,0.280593460548882,FALSE
"P67936",-0.148950368399503,-0.0270277234308036,-0.122811635987614,-0.0430268838761707,-0.15253607796509,-0.146950844468671,-0.0550818830681607,0.011793592184042,-0.0874409884655135,-0.00778626419712998,0.160743960583545,0.164329670149132,FALSE
"P68036",-0.0992644471234942,-0.0354067519356351,-0.0601558083356809,0.0176093135573369,-0.074200365494441,0.0126622962828278,-0.0957513138118385,0.0494154471094577,-0.057984051391861,-0.0378210131626361,0.148679894232952,0.145166760921296,FALSE
"P68104;Q5VTE0",-0.0943435434900996,-0.0261331303523993,-0.118815854619907,-0.00684618679785279,-0.159636434625387,-0.0267945313460205,-0.0661045166178098,0.0381199668296317,-0.0466209303586556,-0.07216185058694,0.132463510319731,0.197756401455019,FALSE
"P68363",-0.129541963331171,-0.0037119281540833,-0.0935490585217341,-0.0623249915124649,-0.0345740810713829,-0.221195366176244,-0.0297664123159153,-0.0319567937468146,-0.0253389160985375,-0.0366035724743,0.125830035177088,0.217483438022161,TRUE
"P68366",-0.0704515626092926,0.060128955362305,-0.0345311736735052,0.0694132053888048,-0.0311320670260094,-0.191777665527607,0.0333173845957107,0.0364486420699682,0.0435785949839451,0.0428554510970161,0.139864767998097,0.261190870916412,FALSE
"P68371",-0.0503276458119769,0.0297801888819758,-0.0453690834641453,0.0905671314719312,-0.0445535710175619,-0.14249925432553,0.0133586383462531,0.0417592853394868,0.04215547610123,0.0208547672131678,0.140894777283908,0.233066385797461,FALSE
"P68402",-0.0249235361935405,0.0693982809837843,-0.0117765954721276,0.100666033278201,-0.046578563266723,0.0478596089657606,0.0525657505614627,0.0582354258110106,0.0548217437207449,0.022892457861489,0.125589569471742,0.147244596544924,FALSE
"P68431",-0.0205694837346916,0.0672090361152268,-0.00102861114949015,0.187944297768201,-0.103640057012248,0.037934554522737,0.0630214866313731,0.128767970912372,0.0727876722323245,0.0320479457255467,0.208513781502892,0.291584354780449,FALSE
"P68871",-0.134744267524023,-0.123727140785327,-0.192143717231109,0.110601629051843,-0.182854526955016,-0.102443041565837,-0.102294076864313,-0.128371150543305,-0.00965025481785529,-0.156716335979385,0.245345896575866,0.302745346282952,FALSE
"P69891",-0.0876465114616352,-0.0232180244332274,-0.0940803018203341,0.226965050114738,-0.154715665375826,-0.12191276074176,-0.00860290598312721,-0.0584193887849498,0.0946133907177762,-0.0612573886998563,0.314611561576374,0.381680715490564,FALSE
"P69892",-0.210179726682582,-0.114771897075048,-0.211570796869092,0.000947262506402994,-0.219752735271716,-0.16924248784048,-0.145171840766665,-0.13919538010068,-0.0497421199264339,-0.204330225817469,0.211126989188985,0.220699997778119,FALSE
"P69905",-0.154176376910051,-0.0999851696508509,-0.15342901702629,0.126437047689944,-0.194549713024679,-0.128588437585217,-0.0745045846749727,-0.113386536072805,0.0195783878106901,-0.136297829636106,0.280613424599995,0.320986760714624,FALSE
"P78324;Q5TFQ8",0.259389109273527,0.210175927753252,0.206512300595728,0.217283484982744,0.0199813870346969,0.598871803525293,0.18153811196704,0.289060225164702,0.178999624236546,0.383993046501809,0.339482694251766,0.578890416490596,TRUE
"P78371",0.0150378021293971,0.112961554346431,0.0658744150022203,0.170261568322254,0.00989331283924818,-0.0489421115638339,0.113683326818086,0.12567159963503,0.142705727915657,0.112224758612753,0.155223766192857,0.219203679886088,FALSE
"P78417",-0.0664916158459779,0.0413374896138912,-0.0519347640453137,0.0336713278432633,-0.0578885763990115,0.0017921933526048,0.00327238243642714,0.00374464223656029,0.0308352274989728,0.0383051853534825,0.107829105459869,0.0992260660129027,FALSE
"P78423",0.104565860575526,-0.0161924755242951,0.00355898703578065,0.272396327359034,-0.136481300930682,0.172806247358447,0.0472681306342904,0.0759575702054762,0.0582446810078087,0.0643505352809664,0.241047161506208,0.408877628289716,FALSE
"P78509",0.0534109531883334,-0.044155360209935,0.036592590834572,0.256415856348413,-0.179688881415165,0.0164300724740632,0.0703355791066828,0.0580245650360221,0.105715307261523,0.0438800857726669,0.233099834603499,0.436104737763578,FALSE
"P78527",-0.163373958472869,-0.0667988293930938,-0.0490317185642717,-0.231306396997104,0.125987628739696,-0.467776773480958,-0.0340807458741476,-0.217451559862728,-0.0484942617383183,-0.0811109142378763,0.304402815008089,0.593764402220654,FALSE
"P78539",0.0749648517861959,0.0376954630127002,0.0681518102686662,0.146531860593095,0.00485640440431277,0.0848434970151352,0.0522206661172979,0.124761763594711,0.067138718599879,0.0646528838919387,0.071567008806899,0.141675456188782,TRUE
"P80108",0.101832880053305,0.188629190563811,0.200807892527463,0.232382646561667,-0.0295306965662086,0.198453783930597,0.152014979136359,0.222362036044919,0.185262607008095,0.225565133221769,0.131363576619514,0.261913343127876,FALSE
"P80303",-0.104944213027033,-0.036905406884168,-0.0555831090217613,0.0449509058381077,-0.280506853667145,0.0287859143952535,-0.10734022113286,0.0210903408255889,-0.0814559542639712,-0.038373772457418,0.175562640640112,0.325457759505253,FALSE
"P80511",0.0560125100676678,0.0274202984577298,-0.0627414581904361,0.0926865038010161,-0.0447039466400659,0.234693288037127,0.00264366583984614,0.0817536375474154,0.0438976107738943,0.0303924550630325,0.17868077796946,0.297434746227564,FALSE
"P80723",-0.0401846651351426,-0.0868618226513684,-0.0759183784087143,-0.0195921415294695,-0.111607102401947,0.082852534376685,-0.0816849781877081,8.92927295653319e-05,-0.0434016433747583,-0.0867405668146014,0.123037199511828,0.194459636778632,FALSE
"P80748",0.527339577530681,0.425528490255383,0.539650605017969,0.587253936840724,0.424758472643472,0.797690474253697,0.498954632027073,0.588781696987656,0.506489337042351,0.670115328879231,0.270350896723016,0.372932001610225,TRUE
"P81605",-0.0452045636565309,-0.0429075296331145,-0.0558277969222654,0.0128892863664266,-0.0373589945659379,-0.075390467288989,-0.0465895865413331,0.0544658073767599,-0.0127029113454542,-0.0522702349642229,0.0996703710332908,0.129856274665749,FALSE
"P84077",0.0300276641441202,0.162054837313216,0.0855675818850847,0.163126057863107,0.0503245082010386,-0.00301945793282714,0.0928173754844706,0.194151207136897,0.135448954061194,0.14173808716719,0.164123542992776,0.197170665069724,FALSE
"P84095",-0.015343148419715,0.0545477367701874,0.0364206259321515,0.0733498587168684,0.00880581483821832,-0.0190851070092243,0.0263004169854327,0.0778629714244474,0.0669168568444447,0.0159921829541966,0.0932061198441624,0.0969480784336717,FALSE
"P98066",-0.0395788202283354,-0.137761013638638,-0.114296355463986,0.143807743406598,-0.179575094637563,0.00460435482112958,-0.114042663474545,-0.0241333660354627,-0.0612131888447752,-0.102589831728837,0.183386563634933,0.32338283804416,FALSE
"P98095",0.079129877153769,0.105174911135215,0.117326708494191,0.221853086455111,-0.0132709702217678,0.0682568474013952,0.107038769584613,0.199442475213807,0.127211055019951,0.117780375352989,0.142723209301342,0.235124056676879,FALSE
"P98160",-0.0158149438704756,-0.0458389244278719,-0.0119959135674171,0.05009549950016,-0.0965023570323305,0.00314964400635727,-0.0187469777235406,0.0447788546454541,0.0127312702650458,-0.00586962223027705,0.0806874131618549,0.14659785653249,FALSE
"P98161",0.0525041910765193,0.0236606684465257,0.0679777459572135,0.18377193139524,-0.0166647309783385,0.0588632635375788,0.0310261887908725,0.116613298169794,0.052299628817018,0.101315450570034,0.13126774031872,0.200436662373578,FALSE
"P98164",0.226656939915999,-0.026832865094563,0.054571815434545,0.453462043384822,-0.136195272232908,0.270847818915133,0.117051324645582,0.11881970936148,0.192226233854445,0.131500077877282,0.362852212148907,0.589657315617729,FALSE
"Q00013",-0.0205891705031788,0.036555007415773,-0.00833439429631264,0.224489744868088,-0.127074483312983,-0.0521905519367108,0.077154949061091,0.0161782042353438,0.107632539967125,0.0332793722968847,0.245078915371267,0.351564228181071,FALSE
"Q00610",-0.163910658866667,-0.120635430063421,-0.173687044482805,0.00914918294034792,-0.246462625812986,-0.191012313286832,-0.126153479626971,-0.0692335882094442,-0.113097769883885,-0.122324774259916,0.173059841807015,0.255611808753334,FALSE
"Q00839",-0.0541636036231147,-0.0326746724694326,-0.0487246140065934,-0.0142008281400999,-0.0346033412451214,0.00961198457247292,-0.0523241843803199,0.0454438290545244,-0.0214288431761681,-0.0489551698804495,0.0996074326776391,0.0977680134348444,FALSE
"Q01082",0.143296636123512,0.105287704413257,0.0454082814231292,0.560315301177201,-0.0930176682478929,0.146970594947133,0.211229257465004,0.0747110159959275,0.248416138891839,0.120110967963892,0.417018665053689,0.653332969425094,FALSE
"Q01469",-0.112639547166506,-0.117231513508212,-0.10699662749485,-0.228512442653778,0.00814318073930274,-0.126581595997893,-0.138862074982591,-0.0676858462768805,-0.133679011858276,-0.11803213684106,0.120782727905809,0.236655623393081,FALSE
"Q01518",-0.0221859411866694,0.051694531315872,0.0443218284005353,0.0378481835883094,0.0109195594105533,-0.0251378282219963,0.0369728120136133,0.0740012165460935,0.100947399331939,0.0791872015479445,0.123133340518609,0.126085227553936,FALSE
"Q01546",0.128263284639246,0.112695266906658,0.0963203275565481,0.0340995038078616,0.108882272025183,0.177232788624008,-0.025079812084117,0.201705189147667,0.126417244820928,0.0983115232075219,0.153343096723363,0.226785001231784,FALSE
"Q01813",0.141874309977085,0.305585003517009,0.285206812323088,0.287225804370724,0.227021421121605,0.0956167330548108,0.290692591334123,0.308468958233511,0.290121180227313,0.308101528463525,0.166594648256426,0.2128522251787,TRUE
"Q01973",0.180156528559398,0.0990875401239099,0.170039558373274,0.298443963186663,0.0208614706422207,0.406209368397974,0.109577799193742,0.271339652299154,0.1855394577329,0.237272329386844,0.226052839838576,0.385347897755753,TRUE
"Q02413",0.00192559871146203,0.0280597192127164,-0.000195928366928742,-0.107588029285035,0.12174719293207,-0.0592581347774802,-0.027808185258102,0.0874543248254257,0.0140515958082885,-0.031539347879389,0.119821594220608,0.229335222217105,FALSE
"Q02487",0.0798179257451691,0.0709817542426561,0.126150457511286,0.247662747929127,-0.0694659636440359,0.118380509085834,0.098022777169416,0.177520518694944,0.144691296589437,0.116862863291581,0.167844822183958,0.317128711573163,FALSE
"Q02817",0.153311963105776,0.179741995325699,0.24937062237185,0.125012292066226,0.0933664057274175,0.0776670052135091,0.156840193654204,0.239492742994002,0.223300255179614,0.155325939142475,0.0960586592660741,0.171703617158341,TRUE
"Q02818",-0.0320315865930437,-0.0692361854131304,-0.0346320127878997,0.0221348856107455,-0.0958241064610598,0.0150253210600776,-0.0694591324935822,0.0206993088580101,-0.0381208494104889,-0.0306768060597565,0.0637925198680161,0.117958992071805,FALSE
"Q02952",0.0898090741263599,0.104222080991014,0.115608164002163,0.234648530874987,-0.00321624145030882,0.0771346926619525,0.113213740361689,0.174900420650093,0.159406079871672,0.123596921295761,0.144839456748627,0.237864772325296,FALSE
"Q02985",0.110504281010636,-0.000301013002126749,0.038944889988,0.226855792536577,-0.155958103428124,0.359581588988046,0.0243776575009314,0.0681055205934808,0.0332503283347549,0.123682848389546,0.26646238443876,0.51553969241617,FALSE
"Q03167",0.157961614952863,0.180233444125909,0.246870697038704,0.356403891632622,-0.0223055108328513,0.254621724917338,0.207911485390388,0.280225921634122,0.234929490895668,0.231100477101106,0.198442276679759,0.378709402465473,FALSE
"Q04637",-0.0216218204393893,-0.000386861970845749,-0.02960461783635,0.108797654308797,-0.14796689201482,0.0200195198137802,0.00822383421962334,0.000719193541033574,0.0473560589549629,0.0104551680767846,0.130419474748187,0.256764546323617,FALSE
"Q04695",-0.0927704157245448,-0.15428633272362,-0.123550719834272,-0.303921451657963,-0.0129935983796729,0.00197756905389652,-0.100510829733567,-0.0290482417025753,-0.163336870778434,-0.102840060774139,0.211151035933418,0.30589902071186,FALSE
"Q04721",0.0159935813140251,-0.0878321034367405,-0.0126509194860947,0.214083117231009,-0.12609007033145,0.0589316866582075,-9.37226244416987e-05,-0.0146579481536338,0.0416922818154319,-0.000635113282785457,0.198089535916984,0.340173187562459,FALSE
"Q04756",0.143787030071846,0.0212854966678017,0.0750919479584638,0.219594679722525,-0.110810006311439,0.308235391131146,0.0343432765224413,0.123694217591824,0.0622110962219464,0.0956971725717953,0.254597036383285,0.419045397442585,FALSE
"Q04760",-0.0552911451609153,0.00111402410080837,-0.0717732681881661,0.13313008930095,-0.111683004975019,0.00828131568185052,-0.0113744648486416,0.0273985066090431,0.0228347094730585,-0.00849454403491139,0.188421234461865,0.244813094275969,FALSE
"Q04917",0.0165711415424343,0.134416903110026,0.0914171082131252,0.112826678034335,0.0882924644591476,-0.0464790827730955,0.110847109586562,0.177421206646165,0.12707553904052,0.14296503249843,0.16085006510373,0.22390028941926,FALSE
"Q05682",-0.0200313130202396,0.100899035930684,0.0780327194745253,0.0345708877649299,0.151145687034477,-0.0836070641788735,0.0769062148051113,0.104504909226399,0.0838524843169854,0.136288021299278,0.171177000054716,0.23475275121335,FALSE
"Q05707",0.031330477995957,0.0313137695473234,0.0723066007130885,0.190515303358175,-0.0933535742093398,0.0726250362949764,0.0631497905534984,0.142306650187449,0.0814342515739448,0.0727265511640339,0.159184825362218,0.283868877567514,FALSE
"Q06033",-0.0880957891728953,-0.157476758001999,-0.121197258051256,0.0177056967731035,-0.140707420876252,-0.124204462646211,-0.131884654382669,-0.0418369343668294,-0.112222028568302,-0.10730998878152,0.105801485945999,0.175182454775102,FALSE
"Q06323",-0.065308363642792,-0.0212263249493211,-0.0676087132023333,0.11605760458974,-0.14911582992758,0.0236333866875624,-0.0183853967056828,0.031609295374364,-0.000228421865977303,-0.0277448538533922,0.181365968232532,0.265173434517321,FALSE
"Q06481",-0.206338352214456,-0.117479104469991,-0.113564013873175,-0.0780335859233526,-0.325636439471649,-0.0455673129758657,-0.170186848047859,0.0431346839300094,-0.104122145552895,-0.0523589574826953,0.249473036144465,0.368771123401659,FALSE
"Q06828",0.00181615550188643,-0.00665144181758644,0.0230312747637407,0.0828291420895833,-0.0686053457299451,0.0255901481053672,0.00603687549482408,0.0812946912300002,0.0252796662060264,0.014122506170456,0.0810129865876968,0.151434487819528,FALSE
"Q06830",-0.146695457530359,-0.0790662316266035,-0.132179300174312,0.0457894425706583,-0.138177094245349,-0.0844003426529206,-0.0788194248935184,-0.0551994266849992,-0.0331070772514107,-0.0951128737933851,0.192484900101017,0.183966536816008,FALSE
"Q07020",-0.105939033509254,-0.0139443675488752,-0.0851348691412382,-0.0713637158596365,-0.0628713045842707,0.0278186642033616,-0.0819099063126332,-0.033155432323369,-0.0467747855351489,-0.125159703902219,0.133757697712616,0.152978368105581,FALSE
"Q07507",-0.0422520868909826,-0.0302402401246427,-0.0594902299041692,0.0841661499914369,-0.182427265786164,0.0152148349480007,-0.0701356910465803,0.0283510930107617,-0.0219440129789295,0.00209039011637387,0.140175178895181,0.266593415777601,FALSE
"Q07954",0.113141297702575,-0.11238594154643,-0.0184932503291681,0.359763011773924,-0.29408777475056,0.140822670056731,0.0391348562649843,0.0119400070904295,0.0998958364623659,0.0311075555244056,0.407229072453135,0.653850786524483,FALSE
"Q07960",0.170464495811626,0.216543522768631,0.216125137787459,0.207403092684744,0.217012890825705,0.196312446546323,0.213263856269896,0.251872786685454,0.226811047137223,0.216923010816847,0.0814082908738281,0.0555603401391316,TRUE
"Q08174",0.0635832371346752,0.0256222733754385,0.0724453621746766,0.204265851155177,-0.168909061464262,0.152623425295253,0.0561009747476771,0.118965207787619,0.100747422590649,0.0683376562976027,0.232492298598937,0.373174912619439,FALSE
"Q08188",-0.0452554635508184,-0.0614437967666092,-0.094121514269393,-0.187246242267678,0.0454429001364151,-0.0963834840112096,-0.108981059357556,0.0224680717590752,-0.0645032096571545,-0.102111015230797,0.14199077871686,0.232689142404093,FALSE
"Q08378",-0.0110069273690001,0.118502019066165,0.0741788681212903,0.0753060085509388,-0.0396225789784402,0.0671377658830083,0.0162190580901198,0.138386570016413,0.0370520249712715,0.056207648001152,0.149393497385413,0.178009148994854,FALSE
"Q08380",-0.080008106342765,-0.0295824744591527,-0.0104996490416784,0.0431878822709318,-0.127405578375562,-0.0135904398686071,-0.0374397718523729,0.0773085315952644,-0.00662231689467155,-0.0103460668111102,0.157316637938029,0.204714109970827,FALSE
"Q08431",0.0396723177429237,0.0757874240319183,0.128722404177881,0.102430531609149,0.150343617927578,0.054950765217007,0.0702785097078295,0.141452510048475,0.112141512330684,0.045849348947421,0.110671300184655,0.104494268980157,TRUE
"Q08495",0.0503852339531586,0.131922806861188,0.0176908517838078,0.300038225507642,-0.219090887833967,0.0785444266062912,0.139993229545759,0.095810998982701,0.157218566522001,0.110263246428875,0.269476121787126,0.519129113341609,FALSE
"Q08554",0.0311768780447335,-0.0915008997386896,-0.0267026732896143,0.0885903567926278,-0.131105444645325,0.144440432873291,-0.0874623981420136,0.0711036887050204,-0.0559632179275582,-0.0357189727808725,0.162282322690059,0.275545877518616,FALSE
"Q08629",0.0422730714679213,0.000665386094909389,0.0512467060410707,0.159385653560386,-0.0678942198823272,0.083418251949298,0.058536979942097,0.117121248293376,0.0820558162474688,0.0630079057101746,0.117112582092465,0.227279873442714,FALSE
"Q08722",0.26746602372874,0.534837569130116,0.460155450372655,0.523038970532655,0.334664131502555,0.202860113719503,0.423161084050219,0.502732164784393,0.501557220661954,0.421466751878659,0.267371545401376,0.331977455410612,TRUE
"Q08830",0.116539943025215,0.203694306555882,0.187561028718683,0.297922580123103,-0.0144367127535524,0.194275318734827,0.157833992187541,0.201828849983126,0.182431423036208,0.2214146076956,0.181382637097888,0.312359292876655,FALSE
"Q09327",-0.0656206193267022,-0.105387196063737,-0.0717784798788446,0.0914171949133058,-0.260748500284165,-0.0133564088631115,-0.079344319990387,-0.0134563935262227,-0.0588056281164464,-0.0642728226021272,0.195127880957463,0.352165695197471,FALSE
"Q09328",0.0185554245785927,0.0156747274086482,0.0669053156947717,0.0961957192159979,-0.0431346564485384,0.0418759726477228,0.059686831635789,0.09292553668458,0.0899776613249297,0.0613130207113026,0.0776402946374052,0.139330375664536,FALSE
"Q09666",0.00980499415491139,0.0218415249489493,0.0263503887277391,0.100407166641864,-0.0649379326462748,0.0629183971081354,-0.00187733569701235,0.107200635938075,0.0296747124031984,0.0272639308414902,0.0973956417831634,0.17213856858435,FALSE
"Q0VD83",-0.0380937353335904,-0.0381611337260897,-0.0374469606169443,0.0219816063736737,-0.113362034217054,0.00705990630375669,-0.0620090609699513,0.0163311066466109,-0.00990946692969815,-0.0595738907565096,0.0752682988834639,0.135343640590728,FALSE
"Q10469",-0.105812459683,-0.138604045770664,-0.0958145906010553,-0.146845528863021,-0.155689458665612,0.0499317713055467,-0.113546060198666,-0.0393200417366394,-0.100652470123292,-0.0648565233875711,0.155744230988547,0.205621229971159,FALSE
"Q10471",0.0141351298872513,0.0254661831733327,0.0500418864131535,0.129496136713019,-0.0961198008817312,0.0894481811584089,0.0157658065429182,0.134094901954285,0.0502035362229905,0.0852999762601429,0.119959772067034,0.230214702836016,FALSE
"Q10472",-0.0636704678725795,-0.0509836820009478,-0.0145618729462639,0.0216846472746579,-0.149984711964151,0.0177841934654744,-0.045001327278019,0.0479756638986575,-0.0199607741509228,-0.0279571058191789,0.111646131771237,0.197960375862809,FALSE
"Q10589",-0.134046791687312,-0.102269582113552,-0.0877747282005666,-0.172002523266057,-0.0958568626952866,-0.017403148047353,-0.120312389210639,-0.00539537410727466,-0.102998899239408,-0.0475139214655228,0.128651417580037,0.166607149158783,TRUE
"Q11201",0.059301697513914,0.00744869401969822,0.0348924397321867,0.173927156850095,-0.106471702641632,0.198701494207012,0.0390348352923336,0.11223426602212,0.0467689150788425,0.0660001252000712,0.165773400155546,0.305173196848643,FALSE
"Q12797",-0.0750316828970338,-0.0437490206110087,-0.0196666187375546,-0.0565375510555646,-0.162077989795969,0.0236203503266032,-0.0752651146073269,0.0315008579927868,-0.0390393312563096,-0.0575240106019711,0.106532540889821,0.193578847788756,FALSE
"Q12805",0.117974015833339,0.171647147788024,0.221584460414766,0.24164961487419,-0.00840443381741113,0.238553796556123,0.177085086292657,0.230298810250572,0.200068929427835,0.205900752560032,0.12637844965075,0.250054048691601,FALSE
"Q12841",-0.0561189879539452,-0.00748463397525318,0.0383936421093162,0.0990081089808598,-0.231617335145082,0.0850207027778751,-0.0142992113541104,0.188789084780991,0.0325911206227062,0.0906614105736941,0.244908072734936,0.420406419926074,FALSE
"Q12907",-0.0358602555542387,0.00756943165568872,0.0147102279855865,0.050799555832954,-0.0237696769187163,0.00777224455548876,-0.0260873918666689,0.0704646409635199,0.0156112594499083,0.0287927176888438,0.106324896517759,0.0965520328301888,FALSE
"Q12913",0.106217247862821,0.177917640979154,0.171859596928735,0.216461738240524,0.072783238251733,0.0367767027655093,0.145733767117305,0.18949625635022,0.177661546686899,0.156335190140364,0.110244490377703,0.179685035475015,TRUE
"Q13093",0.145238721278735,0.0640668088778057,0.198111811343362,0.242725179447584,0.162931210718846,0.299870519278687,0.215520112205064,0.235459487340528,0.214019388432568,0.225071040106469,0.154631797999952,0.235803710400881,TRUE
"Q13103",0.0303314530380254,0.0775297373264143,0.097685835234514,0.180875004238609,-0.0510650548483952,0.0568909613917936,0.0584321908967774,0.153024418394243,0.0862127617981667,0.0886445030059104,0.150543551200584,0.231940059087005,FALSE
"Q13177",0.0473686713750897,0.0664866688621553,0.0559371486596529,0.176562979060878,-0.0455344919906134,0.198328737462093,0.0845121666228466,0.135278010940195,0.101677053850011,0.0909327001137949,0.150960066087003,0.243863229452706,FALSE
"Q13200",-0.0618003291993158,-0.026988249679334,-0.0668040992030233,0.124787764939646,-0.118862279579073,0.0694072665814622,-0.0599823571263043,0.00928018021821279,-0.0426295528789406,0.0237232660743162,0.186588094138961,0.243650044518719,FALSE
"Q13201",-0.297898006422112,-0.0843498915182507,-0.110488625206237,-0.254114612931502,-0.275448638588739,-0.136187492464681,-0.183767518461922,0.0222642015464257,-0.129745789144516,-0.0666963427878633,0.320162207968538,0.297712840135165,FALSE
"Q13214",0.034714485673033,-0.0251131156909917,0.0386068656995559,0.167151179641298,-0.113631476927913,0.200195308817199,0.000826019674090409,0.103591079698809,0.0269799958654031,0.0270204112834405,0.165480823144166,0.313826785745112,FALSE
"Q13217",0.00225860222133362,0.0574110339781972,0.0646546863774578,0.245606456459033,-0.181743604209357,0.0912258906433798,0.0461824690817508,0.171021355783226,0.0793243885211233,0.0920882279813299,0.243347854237699,0.42735006066839,FALSE
"Q13228",-0.0998252466672191,0.00310211038512712,-0.0822871280289733,0.0764164684191232,-0.227264099764032,0.058113140196398,-0.0548833868911689,-0.0279766102702092,-0.00406741614605591,0.009285409401146,0.176241715086342,0.303680568183155,FALSE
"Q13247",0.032145112385359,0.00211775761803127,0.0427996438896484,0.0637842970769095,0.000662423950060418,0.113850943412389,0.0145821805836393,0.127928712262497,0.0369806974438255,0.0419606547311422,0.095783599877138,0.127266288312437,TRUE
"Q13316",0.0514739890901919,0.0738757668634318,0.0898813680131578,0.123958410363666,-0.0149734542326431,0.149726869612321,0.0534079888471152,0.133956287201474,0.0986673117812151,0.116168849046625,0.098252880522129,0.164700323844964,FALSE
"Q13404",0.0397299943443582,0.145184971711806,0.0753131356604452,0.0407022425133504,0.16110096374743,0.0520103621635885,0.112710726607507,0.133536014037994,0.165631981790913,0.102926201314435,0.125901987446555,0.124929739277563,TRUE
"Q13418",-0.0705863758850123,0.0749053281628166,-0.00566009293350454,0.0392427959991244,-0.00579215100878355,-0.149832628764547,0.0184392349332977,0.0759609745288944,0.047124668282503,0.0634652461600064,0.146547350413907,0.225793603293441,FALSE
"Q13421",-0.2032540110186,-0.115485994515824,-0.161398645342471,-0.19471285563609,-0.0966692249785388,-0.261658156800799,-0.191941100623102,-0.135449401925869,-0.14138155008408,-0.174307196776759,0.106584786040061,0.16498893182226,TRUE
"Q13442",-0.0514710923880283,0.0233331837623081,-0.0742250678903041,0.0695029223261918,-0.117443416541631,0.0141554917831053,-0.0468596414755608,0.086994434490235,0.0206172181694832,-0.00966523747075079,0.138465526878263,0.204437851031866,FALSE
"Q13444",0.0550132614176269,0.0669138510751659,0.123978597969098,0.258903491416252,-0.0699584456473658,0.164425509808253,0.0742531048963492,0.212925767205911,0.105653083500841,0.126676668688129,0.203890229998625,0.328861937063618,FALSE
"Q13477",-0.0803766946774531,-0.0794167814486346,-0.0607354966542866,0.0175847467130031,-0.202705306268744,-0.0163768580882753,-0.0915213794103478,-0.0424392165255993,-0.0373286196248436,-0.0790497742247074,0.122328611591291,0.220290052981747,FALSE
"Q13526",-0.159423609503441,-0.0830336748098296,-0.14005189523961,-0.0753244084779205,-0.176146067555698,-0.060005046252166,-0.197633391106844,-0.0303147429652666,-0.122800225308232,-0.15667509484966,0.129108866538174,0.167318648141577,TRUE
"Q13576",0.144611720127476,0.24020946016826,0.240601196780561,-0.0475287834212381,0.299033057960222,0.156556466997779,0.155749003519859,-0.117221278990191,0.111465531424316,0.232706621028079,0.261832999117667,0.416254336950413,FALSE
"Q13609",0.00697628900306579,-0.0323762636598743,0.00835488399848079,0.208890431036027,-0.161372208038397,0.0581868949835495,-0.0114466806394285,0.140979445570802,0.0134172952067631,0.0456682802373569,0.201914142032961,0.370262639074424,FALSE
"Q13630",0.0858383819413522,0.116547400360396,0.0686065379091503,0.208722291637389,-0.0143807265820982,0.13485221148101,0.110300260695112,0.146170425477121,0.155214119361624,0.144403460548689,0.122883909696037,0.223103018219488,FALSE
"Q13642",-0.0506492222063634,-0.00836782756250242,0.00317058199274521,0.155076248615586,-0.074598464495457,-0.151624732670419,0.00913667779424351,0.0829144210782707,0.0376976170706295,0.0632665459255778,0.205725470821949,0.306700981286005,FALSE
"Q13740",0.125791851556071,0.123789414811427,0.14903990065423,0.182883394044453,0.0991977509312142,0.138057198484602,0.126806533104939,0.189745101939381,0.147413916659696,0.12099872485098,0.0639532503833103,0.0905473510081671,TRUE
"Q13790",0.112909162318942,0.0561455279916226,0.107300484790374,0.213533151380101,-0.0318342836130311,0.16065447270701,0.0953996098980217,0.123217512936787,0.139278102405514,0.0640554297496999,0.144743445931973,0.245367434993132,FALSE
"Q13822",0.182708377225241,0.149003166561491,0.18128016122462,0.28987370029294,0.00145416800799409,0.371786197267887,0.159604302034842,0.242352767991909,0.161439828635274,0.258541973970659,0.189077820042646,0.370332029259893,TRUE
"Q13867",-0.0431047653609272,-0.00389906771885882,-0.0324869043135427,-0.067240671626855,-0.0593178466992191,-0.0477381673521368,-0.0656775815038234,0.0416692366341325,-0.0370886898345535,-0.0814758632966791,0.0847740019950597,0.123145099930812,FALSE
"Q13885",0.0764763727328924,0.138175444011692,0.0920844750919157,0.255012611614323,0.0901012678082283,-0.0150806476017801,0.134330026003837,0.158830156927226,0.171276317532651,0.148366207198183,0.178536238881431,0.270093259216103,FALSE
"Q14019",0.00383544815504571,0.142608347386,0.067677562939862,0.111451613248099,-0.0312844037219931,0.0465644548416929,0.0906353086646314,0.192315029401228,0.106486612816722,0.165510859681835,0.188479581246183,0.223599433123221,FALSE
"Q14112",-0.173567357464046,-0.128967855393851,-0.109529069733727,-0.0592856667352592,-0.237932970332569,-0.106797485466764,-0.148207978891389,0.0132203181730273,-0.101673361636648,-0.0764188857955339,0.186787675637073,0.251153288505596,FALSE
"Q14118",0.116198706077242,0.0909040209863709,0.140876723619743,0.224617901156904,-0.0207992559683668,0.229100846978953,0.10038416428549,0.217144117856199,0.144913811410682,0.169734798245474,0.136997962045609,0.24990010294732,FALSE
"Q14126",0.178987400807936,0.202488982334215,0.253864359847571,0.321253034977327,0.0158799430847335,0.27093165068216,0.221714820594797,0.277711575628027,0.235622600348845,0.249597684039041,0.163107457723202,0.305373091892594,TRUE
"Q14203",0.23653460556423,0.176314388548144,0.264994113665787,0.181927521999046,0.201768039289241,0.366187824393275,0.213672980264789,0.345027148899373,0.267362212477283,0.307603679554947,0.129653218829045,0.189873435845131,TRUE
"Q14204",0.102704047386762,0.133085377734841,0.264877832725397,0.146833495688006,0.166117223758471,0.270981157645904,0.18688873120511,0.188158284259238,0.330272454364837,0.261383638401326,0.227568406978075,0.197187076629996,TRUE
"Q14213",0.0620536328107217,0.0751663122806988,0.142706176000382,0.246683704039186,-0.0802502469852834,0.105457390698619,0.0989018446291932,0.127989115700625,0.0922336752832787,0.099284992854174,0.184630071228465,0.32693395102447,FALSE
"Q14242",-0.048257765660211,-0.0265227353963979,-0.0119356580552355,0.0591468248021865,-0.124942835199745,0.00811014943476868,-0.0294145844855435,0.0552094637779807,0.00449736495068792,-0.00447746294374134,0.107404590462398,0.184089660001932,FALSE
"Q14247",-0.136298484141019,-0.0901662066480883,-0.104437100954127,-0.0288178331032754,-0.241745087824949,-0.0012733687335547,-0.103253950245417,-0.00719216596144376,-0.0982436908845715,-0.0601363505199187,0.135025115407464,0.240471719091395,TRUE
"Q14254",0.0765041505424161,0.126128562178002,0.0677336866060887,0.228577528085947,0.0371592955697996,0.0771020387479314,0.115593550716827,0.126988003744617,0.150703828067478,0.121181173548656,0.152073377543531,0.191418232516147,TRUE
"Q14344",0.00896230606650042,0.155420101881379,0.121031844184633,0.0821434206522806,0.0382359580496061,-0.0161679438856549,0.0997359506680454,0.13528581921321,0.108905188883113,0.138578418300884,0.146457795814879,0.171588045767034,FALSE
"Q14393",0.180676853168745,0.0249073551413864,0.104309164823477,0.359170855104816,-0.144020064176751,0.199753071372522,0.109276474597625,0.138679774342787,0.175859725021904,0.115171814665292,0.324696917345496,0.503190919281567,FALSE
"Q14515",-0.0636877356890622,-0.0834294026730099,-0.0553158829137963,0.073518858690653,-0.200369597552772,0.00826770065671437,-0.0590316982605377,0.00270199197744796,-0.0239636467912961,-0.0628323411274397,0.137206594379715,0.273888456243425,FALSE
"Q14517",-0.015896666331026,-0.0685576379775633,-0.00622054615378036,0.113811612267842,-0.192390292274981,0.0506965511786983,-0.00480541677916818,0.036741838115709,0.0344162696768914,0.00293942890370038,0.176493625943955,0.306201904542823,FALSE
"Q14520",-0.0131318029859717,-0.0925793259401407,-0.0496748639393645,0.0640787211320296,-0.122083364977875,0.0303176512186344,-0.0554891431280579,0.0451480043071068,-0.0369979177518804,-0.0415154114109779,0.108951561991904,0.186162086109905,FALSE
"Q14554",-0.0456848879134042,0.0111838046201105,0.0790699862890588,-0.0227609940340714,0.0168381161438818,-0.000267189394776137,0.0231871160068236,0.155030992841773,0.106438757817306,0.0537109392142496,0.200715880755177,0.177791986875844,FALSE
"Q14574",-0.0106825955776336,-0.105273477031571,-0.0498936954643047,0.172128297933586,-0.234122643592788,0.161664071266743,-0.101223534111202,0.075963525493807,-0.0664779544201722,-0.050111345662444,0.223440048015154,0.406250941526374,FALSE
"Q14624",0.270211172142162,0.378739205166685,0.405186541973574,0.48643466838819,0.0773252270735196,0.483082581229682,0.343528636267242,0.448388899678207,0.366613219615578,0.461822416465254,0.216223496246028,0.40910944131467,TRUE
"Q14644",0.0289497821895889,0.124239239664903,0.101871993656341,0.216786434026681,0.00314159435846412,-0.0400722368678158,0.0776128687178129,0.160618695790204,0.0809016019317062,0.143923937418575,0.187836651837092,0.256858670894497,FALSE
"Q14684",-0.0154235392254473,-0.176893295133125,-0.138701567699223,0.068003832167983,-0.138624464403685,-0.0743061417840216,-0.123468679267902,-0.0387452937706821,-0.136406255852798,-0.0809262312194002,0.161469755907678,0.244897127301108,FALSE
"Q14696",-0.0256607097343571,-0.117422920070834,-0.07792751300858,0.192515986636314,-0.264215557397542,0.205670088906403,-0.106878443007357,0.139224049903715,-0.0229994750422074,-0.0012461512256401,0.238554847663185,0.469885646303945,FALSE
"Q14697",-0.123808078178117,-0.137429494011481,-0.104155246488956,-0.0722504557088249,-0.181533497120436,-0.0824759641254258,-0.130445484996557,-0.0370552716593006,-0.128013366309469,-0.0962855427777793,0.0867528065188164,0.144478225461136,TRUE
"Q14764",0.00861610001926058,0.077670591903681,0.0110345758731177,0.115977728657466,-0.0473332206201263,0.0713005833697446,0.0301244884476127,0.131286404883336,0.0950821796696065,0.0733973530788298,0.122670304864076,0.178619625503463,FALSE
"Q14766",-0.229777526092241,-0.00119000458170407,-0.0378855371667006,-0.069171415441733,-0.277789389332306,-0.0963914148406069,-0.104965337045923,0.116770861280142,-0.0497078454666736,0.0186972899289198,0.346548387372383,0.394560250612448,FALSE
"Q14767",0.033214309287209,0.0287404778995447,0.0760170085178947,0.22085661708451,-0.128208690929704,0.136635164825467,0.0493415237449584,0.192895211218142,0.0827836025359913,0.0889838485816277,0.187642307797301,0.349065308014214,FALSE
"Q14847",-0.0443531579676646,-0.0580576432226742,-0.114329217664689,0.0638867589268751,-0.0885021317196527,-0.00123487882838047,-0.0780197158611284,0.032261472316137,-0.0455780953108664,-0.0524125601096977,0.10823991689454,0.178215976591564,FALSE
"Q14956",-0.0487282262178031,-0.175518461084282,-0.0934507582919406,0.0107661522634856,-0.0939287409077952,0.0596624401408379,-0.0966782145333535,-0.0609664063027816,-0.0527176894790639,-0.0839410059295048,0.126790234866479,0.23518090122512,FALSE
"Q14974",0.0383609015784431,0.011123001874215,-0.0412629435122162,0.255535198056795,-0.134662931886752,0.0404655769102895,0.049275050355698,0.0515313664834625,0.0570588427368208,0.04070716424359,0.217174296478352,0.390198129943548,FALSE
"Q14C86",-0.0449707266035893,-0.0651020717692479,-0.0929455730082041,0.161586682120311,-0.119594474571209,-0.0617735916351168,-0.0507497804494957,0.0206020445706773,-0.00852652849552189,-0.0380265729972695,0.2065574087239,0.281181156691519,FALSE
"Q15063",0.135741321311574,0.172229677872832,0.221611376217951,0.360756622920183,-0.040844960704142,0.295638390748686,0.224488156824107,0.321677802207157,0.18436721494646,0.256633673914235,0.225015301608609,0.401601583624325,FALSE
"Q15084",-0.0563364403272573,-0.0328834558638384,0.00970982042441882,0.000876795191471877,-0.0351710826905908,-0.0677724270811752,0.0283122731785684,0.0249172181334514,0.0187650162304228,0.00315189341242441,0.0846487135058257,0.0960847002597436,FALSE
"Q15113",0.0740397917130363,0.00198923115244225,0.0495106268303572,0.186594965032274,-0.131144967111701,0.19406526146855,0.0105921900715606,0.104234245950293,0.0256671764389175,0.0559039521215897,0.205184758824738,0.325210228580252,FALSE
"Q15149",0.199985509456036,0.313215055512014,0.241427464324632,0.238783857517862,0.163897560115541,0.214360987246137,0.233999652114274,0.41316482008191,0.248042347451664,0.2759782952887,0.213179310625874,0.24926725996637,TRUE
"Q15166",0.0678899241005198,0.058346672659517,0.0796320802395134,0.130666827613607,-0.0887241308478535,0.166235137297809,0.0701959287512343,0.112322946415712,0.0815280189408235,0.10328238992886,0.156614054948373,0.254959268145662,FALSE
"Q15185",-0.0572713816362279,-0.120499360286139,-0.096519179676886,0.0766215721527163,0.0232566346785527,-0.0445369240825423,-0.0619203219966362,0.002068459135688,-0.0412872650127698,-0.0847740890981997,0.133892953788944,0.197120932438855,FALSE
"Q15293",-0.0253636953692987,-0.0637255294446022,-0.0312853056220067,0.0901745701892997,-0.137119058450546,0.0934494172419985,-0.0835737900798839,0.0667123928741426,-0.05016189278826,-0.0381223656609796,0.118813112611297,0.230568475692544,FALSE
"Q15365",0.0264696968431544,0.095396121643032,0.026905455702673,0.0574246631945625,0.0852591012885058,0.0412821218621331,0.0692247422251806,0.101832302519166,0.0853960075906852,0.0807260215560042,0.075362605676012,0.0749268468164933,TRUE
"Q15366",0.0028131178694698,0.0426326388539567,-0.00104207300809689,0.108141533814188,0.0471097111861973,0.047288157702211,0.0546477881025502,0.119126382767041,0.0315283079705069,0.083990609217739,0.116313264897571,0.120168455775138,FALSE
"Q15389",-0.150160076806289,0.00896572391115399,0.00908433368982027,-0.0554913894093498,-0.155039420112942,-0.0801655725031736,-0.0503724606464841,0.142310828169731,0.0282226715928498,0.0690186745760472,0.29247090497602,0.297350248282673,FALSE
"Q15404",-0.0606356604217078,0.156383357557058,0.0498721002169785,0.0452835796375674,0.0345759031380313,-0.156353382664444,0.0693069645875897,0.107316625657703,0.0937041735587893,0.0957394155284044,0.217019017978766,0.312736740221503,FALSE
"Q15435",0.0582392459625537,0.112873954720341,0.0392310653228184,0.203436134057027,-0.109669092189507,0.125983980265041,0.0749136952463933,0.142510837739732,0.0807455205190057,0.125738849495636,0.16790833815206,0.313105226246534,FALSE
"Q15438",0.134720539465107,0.246923966504265,0.255660222297402,0.139188320381544,0.159255671021483,0.0927281061693534,0.14783714973677,0.26169753984313,0.168388028931086,0.219494986990489,0.126977000378023,0.168969433673776,TRUE
"Q15485",0.186579565012914,0.19693838056236,0.202426695561033,0.3235806030503,-0.0301004127813864,0.464857252256499,0.190003584330869,0.290410758177612,0.190660198591284,0.296694222588601,0.278277687243585,0.494957665037886,FALSE
"Q15517",-0.189056181410112,-0.2887833821233,-0.18437592095267,-0.310624885018336,-0.373447533772694,-0.0114378362074447,-0.291620046345386,-0.0706406176010243,-0.207287847312738,-0.208259931153096,0.184391352362582,0.362009697565249,TRUE
"Q15582",-0.0231353337136375,-0.048567247701516,0.0220438600636004,0.083530785483565,-0.161940044520933,0.105418835755678,-0.015053998358635,0.0515566687813919,0.0113769150672744,0.0318037498285265,0.138804710807296,0.267358880276612,FALSE
"Q15599",-0.132919870231974,-0.0775361457459191,-0.0559272803357826,-0.037196574227112,-0.113866624476984,-0.138106629829618,-0.10269883459706,-0.0293463225235107,-0.0574631326560714,-0.0801297828100511,0.103573547708463,0.108760307306107,TRUE
"Q15691",0.0658143369651502,0.199609200767519,0.0396786400427724,0.230984642347574,0.0664054732347094,-0.122750021391888,0.117733240082242,0.137781572908942,0.129583060936112,0.121881636896504,0.188564358357038,0.353734663739462,FALSE
"Q15758",-0.00897197943268712,-0.0336361146650248,-0.0175823216486984,-0.0484130721353944,-0.139266275721256,0.239190103924549,-0.0458100042974329,0.0501907784221501,-0.0294240255828757,-0.0269936227287955,0.248162083357236,0.378456379645804,FALSE
"Q15833",0.0298364809430163,0.178517628353802,0.15482639443003,0.073485018644023,0.139217069187128,0.118988093861677,0.137901537710179,0.179352540103531,0.167625561901243,0.147371872363468,0.149516059160515,0.105867521459508,TRUE
"Q15848",0.163962175424844,0.158225363821622,0.199506021991191,0.0446249697369462,0.16244404831285,0.359502147345814,0.149059118307478,0.221193613334717,0.163529116888577,0.297348272558054,0.19553997192097,0.314877177608868,TRUE
"Q15904",0.00180121106003961,0.0251145971555673,0.040084790258795,0.127067938392429,-0.177818903891428,0.0975789995544766,0.0152904288243547,0.143023739008127,0.0578261052369139,0.0427439387210649,0.179620114951468,0.320842642899555,FALSE
"Q15907",0.0493977756632153,0.188399346231502,0.105070103173527,0.127168731821501,0.0941750816311357,-0.0082590532445229,0.115826963596281,0.192286871221828,0.135433307741385,0.149758090478323,0.142889095558613,0.200545924466351,FALSE
"Q15911",0.0574703921240343,0.0432896174899122,0.0667138448911073,0.0520960130674578,0.00252035184460638,0.119918972400879,0.0147350934954042,0.0758236756744918,0.0735974767785685,0.0499630755179629,0.0624485802768451,0.117398620556273,TRUE
"Q15942",-0.0576801356420547,0.116436532200058,0.00976524397052989,-0.00906841084005855,0.10529128829674,-0.148123110619137,0.0534756178230277,0.0884305537599367,0.0574837724072721,0.0827394484656522,0.174116667842112,0.264559642819194,FALSE
"Q16181",0.455928888577483,0.599901940803458,0.431809810642354,0.697389705989608,0.161889666084091,0.796797536788292,0.402541848052134,0.322957446652987,0.428153462354376,0.524222645947254,0.340868648210809,0.634907870704201,TRUE
"Q16270",0.0262445410241827,-0.0854698760402973,-0.04709136979984,0.15880640080668,-0.155786426417873,0.111954474031478,-0.0756692255009072,0.0432322902825858,-0.0443836568369817,-0.0501260247745613,0.182030967442056,0.314592827224553,FALSE
"Q16363",-0.149848490043521,-0.071135614450604,-0.0461350672407549,-0.0355135525962419,-0.283446705644879,-0.0677738900326213,-0.0834671470520497,0.0411040499602405,-0.0563002861271464,-0.0265225356185384,0.190952540003762,0.324550755605119,FALSE
"Q16378",0.12521425170855,-0.0107552492516915,0.0696807443385399,0.233450699046469,0.043557576690808,0.126112281902766,0.0393387798867084,0.118259993752206,0.0864788574369176,0.0985650149165537,0.135969500960242,0.244205948298161,FALSE
"Q16401",-0.116804827486711,-0.139407834077155,-0.198505278042234,-0.0240731266061056,-0.142101598570579,-0.192069012124673,-0.140293183384292,-0.134847467782141,-0.0808165078213048,-0.14397517963376,0.0927317008806054,0.174432151436128,TRUE
"Q16543",0.081502466310316,0.207847224999458,0.121308952271861,0.120464071660866,0.0548412825584436,0.141511356001593,0.139885984554927,0.199693655325658,0.165284782384706,0.145225173345876,0.126344758689142,0.153005942441014,TRUE
"Q16610",0.0988061105964573,-0.0136958088806618,0.0571044908066718,0.107654355604085,-0.0447334696731448,0.260040022685848,0.0198117942588593,0.112791038814139,0.0487516084755064,0.107370304581547,0.161233912089391,0.304773492358993,FALSE
"Q16627",-0.0902698119663247,-0.209013743295259,-0.144936481897162,0.104488128741508,-0.314168491216719,0.0546199311166504,-0.168985378390562,-0.0308626018780259,-0.169654842589749,-0.115169907828811,0.223898679250394,0.418656619958228,FALSE
"Q16643",-0.0360266124500085,0.0756118350968614,0.0712527050296256,0.0749346212717485,0.0417149549127692,0.00325669565577845,0.0973210850285215,0.120822449099775,0.118028246737994,0.140095182933869,0.176121795383878,0.136838487278091,TRUE
"Q16658",0.345326873624195,0.426808507851155,0.420653591404081,0.419285204363678,0.401862076214276,0.319911899833154,0.461148194796944,0.518156861856845,0.474402839661378,0.459205487454809,0.17282998823265,0.198244962023691,TRUE
"Q16706",0.00880918430973223,-0.0444246904900659,0.00681803198876061,0.0836370899625188,-0.110215836034274,0.0733276298531474,-0.00519126274983117,0.052466563967732,0.0189332096498439,0.031759314737087,0.119025020344006,0.193852925996792,FALSE
"Q16775",0.0121602189972156,-0.0986421121728212,-0.159218710053284,0.193584362508064,-0.216903169446962,0.164946627761077,-0.125210291588056,0.0346518650638037,-0.0534928042533229,-0.10200612616385,0.229063388444178,0.410487531955026,FALSE
"Q16851",0.0911773110992478,0.17432616383863,0.134787297131265,0.256064857216378,0.155317103612932,0.113138074098468,0.180332088014902,0.157346830488537,0.154034405853759,0.19540944805151,0.16488754611713,0.14292678311791,TRUE
"Q27J81",0.0286386614447422,0.100009381933692,0.159817968756986,0.136428258821707,0.129280245865329,0.00155463511608948,0.168247761815885,0.200545533176511,0.191108308714148,0.19673617431532,0.171906871731769,0.198990898060421,TRUE
"Q3B726",0.366340563204821,0.461004013356192,0.477279429047419,0.774305908721456,0.100414762117022,0.510430738616678,0.434773834776633,0.683497759215219,0.511984290582126,0.594450230921874,0.407965345516635,0.673891146604434,TRUE
"Q3SY84",-0.100486439677647,-0.0835224514216003,-0.128568126621256,-0.296641575259666,0.0888357141618724,-0.244661926543963,-0.176053279735113,-0.104743673052191,-0.133990946468507,-0.184220023765217,0.196155135582019,0.385477289421538,FALSE
"Q3ZCW2",0.00623495548159916,0.130467418660348,0.120635430817846,-0.143861940905485,0.367401140269468,-0.0550378593055607,0.117100764321331,0.119649567958994,0.114230947903387,0.110219021798699,0.361166184787869,0.511263081174953,FALSE
"Q4LDE5",0.184978239039309,0.0849306044259944,0.160624484403978,0.358864241548374,-0.0017109890058945,0.130969497948965,0.196327321981848,0.175594487284052,0.214685492566774,0.14784988711645,0.186689228045203,0.360575230554269,FALSE
"Q504Y2",0.0295093947002078,-0.018929132493558,0.0469414891312292,0.203998143666051,-0.145593611434933,0.119573787927143,0.0161801859151838,0.110566738083387,0.0419176558108479,0.0495591610478868,0.175103006135141,0.349591755100984,FALSE
"Q53EL9",0.10287283109981,0.138519245718532,0.126309623391212,0.179259109363742,0.0407662435087612,0.101921409079333,0.131825256878896,0.189716689178582,0.157526346311385,0.129732861423792,0.0868438580787723,0.148950445669821,TRUE
"Q53H76",0.12802977099608,0.240927821725858,0.252422072213086,0.184539803719006,0.167801166337049,0.238771130924853,0.204866914393929,0.279831681180327,0.248781468661546,0.258579028644208,0.151801910184247,0.112030514843279,TRUE
"Q53RD9",0.171506983867899,0.184578902923165,0.205348643329038,0.370669664596619,-0.0636362736004633,0.250653609700015,0.192979636843575,0.263124250868258,0.220122951023373,0.222695605568725,0.235143257468362,0.434305938197082,FALSE
"Q562R1",-0.0859508177557342,-0.000570347452795194,-0.059806886396118,0.0330721564694336,-0.0830268666758488,-0.137318220937588,-0.0235735821841183,0.0207170676316888,-0.0177920538128126,0.0302674247379467,0.119022974225168,0.170390377407021,FALSE
"Q5D862",-0.00835922394241705,-0.0239758125547257,-0.0289726404844555,-0.0780084978232976,0.0152521275189432,-0.0465919576610457,-0.0728560957823644,0.0340410938115667,-0.0502763832216943,-0.0764807300116615,0.0696492738808805,0.112049591634864,FALSE
"Q5H9R7",0.151710404805217,0.266891917525157,0.177374253407335,0.242520624068999,0.131481213112803,0.176901223901661,0.181521357961437,0.243292575581127,0.206499701670484,0.194103250976122,0.11518151271994,0.135410704412354,TRUE
"Q5HYC2",-0.079987071487213,-0.0360679119998173,0.000952422124845011,0.103346019626631,-0.059410586129105,0.0285213575186421,-0.0405902351748737,0.103798656318525,0.0123367680944427,0.0647412747678236,0.183785727805738,0.163209242447629,FALSE
"Q5JRA6",0.117823625798711,0.163285951132464,0.164876567497419,0.242560950569007,0.0986211348763914,0.0748553712752815,0.131458362753218,0.236265208230835,0.170860832711002,0.165070971685789,0.124737324770296,0.167705579293726,TRUE
"Q5JWF2",0.111459123136413,0.214748753134415,0.18587430458796,0.225901799373902,0.104636196368642,0.046834238945072,0.152846814283582,0.256084213915293,0.20714084364973,0.142958820617307,0.14462509077888,0.209249974970221,TRUE
"Q5QJ74",-0.139122166615611,-0.265660979939929,-0.182218573712582,-0.173543594511895,-0.110181141279607,0.00997750898511292,-0.246453702413791,-0.0466914916972249,-0.211921029784396,-0.258130214134723,0.149099675600724,0.275638488925042,FALSE
"Q5SYB0",0.330215719736226,0.363529662314611,0.397965921656025,0.575210582590146,0.0855621448467323,0.388000165730804,0.363443267535363,0.401651136643938,0.363793423630233,0.437846844323845,0.24499486285392,0.489648437743414,TRUE
"Q5SZK8",-0.0617672677266523,-0.0306273144954859,0.0314932264115765,0.109342213479919,-0.184653894762261,0.0218512076998166,-0.00178651364741254,0.062745298047624,0.0331607223783309,0.0446590999292497,0.171109481206571,0.29399610824218,FALSE
"Q5T4S7",-0.0263982579979689,-0.0345231660738398,-0.088484389610488,0.128408096553246,-0.172284509954649,-0.0206010119456493,-0.0460800384664868,0.0139262494066171,-0.0136610519028053,-0.0357325973010468,0.154806354551214,0.300692606507894,FALSE
"Q5TDH0",0.229350337781888,0.299216997670769,0.175095338846264,0.477518633959519,-0.102089453250581,0.297021996826629,0.261680635589492,0.25733599067229,0.312668105300746,0.233922870519552,0.331439791032469,0.579608087210099,FALSE
"Q5TEC6",0.0910152938452027,0.130193564924729,0.103555262615786,0.276900984877588,0.0579081947536522,0.111097450437821,0.147717531894167,0.222330294059758,0.141105898094923,0.134968359299751,0.185885691032386,0.218992790123936,TRUE
"Q5VU65",0.665831006297825,0.640233349895705,0.694260611258124,0.825764721243083,0.351990879155453,0.859375223714194,0.691706476046339,0.843881159804454,0.687317655847684,0.807302604838113,0.313840127142372,0.507384344558742,TRUE
"Q641Q3",-0.0175113324957618,-0.0596984095521079,-0.0585186793162031,0.0997252235597939,-0.247366356148234,0.0999674847175615,-0.110733606234078,0.0319304175212995,-0.080205940315438,-0.0501711764286203,0.229855023652472,0.347333840865796,FALSE
"Q658P3",0.0397628020450605,0.213356416903617,0.124788660231385,0.131410668979909,-0.0427719999511434,0.0675943326255533,0.094102989736253,0.20265016777318,0.159220269829207,0.141015780298911,0.173593614858556,0.25612841685476,FALSE
"Q68DL7",0.223250090878479,0.177347116018998,0.178944877099598,0.289866817565279,0.125554375950053,0.452253350293286,0.191021246027646,0.24896847479498,0.212730513643906,0.335314309811981,0.229003259414807,0.326698974343233,TRUE
"Q6AHZ1",0.315260083387621,0.225966215511881,0.318924762661515,0.534661684571542,0.0616412364481838,0.588388150377015,0.297806999341954,0.458861969865973,0.38292514437444,0.51652749528039,0.273128066989394,0.526746913928831,TRUE
"Q6E0U4",0.0168394989691795,0.0215750574693803,0.084521917024525,0.261734732816145,-0.0839714145409157,0.0825974024197094,0.0649908941910322,0.158462170626951,0.0927816426220867,0.091759449871745,0.244895233846966,0.345706147357061,FALSE
"Q6EMK4",0.204667674229306,0.202011639697133,0.24517949087782,0.304695850822072,0.0915785990243417,0.247509806382652,0.222264258734087,0.260962385500263,0.257732161615638,0.249486011824844,0.113089075204964,0.213117251797731,TRUE
"Q6IAA8",0.0830399244193983,0.200682600333323,0.138519037842044,0.160317044629375,-0.0203115608517322,0.168119976709604,0.141391685913482,0.221052944680129,0.18849745759366,0.167699354021303,0.13801302026073,0.241364505531861,FALSE
"Q6IBS0",0.0520703745804471,0.11196636221374,0.12182963639626,0.211759606600944,-0.0301785445952807,0.13334750607196,0.0961358074756918,0.256979890958521,0.0938666295958094,0.238892122800727,0.204909516378074,0.287158435553801,FALSE
"Q6KB66",-0.0597093012603933,-0.157073141019912,-0.137464578209107,-0.208005739999036,-0.0367014826084667,0.0327807284551518,-0.170417364905931,0.0453197603842507,-0.0982444118395863,-0.159974849789203,0.148296438738643,0.253325500383287,FALSE
"Q6P3X8",0.175933448130498,0.168017148199539,0.2171899610333,0.335830936467519,0.152658863732614,0.334114135419457,0.145407167351483,0.254486256815963,0.156054837696794,0.305858838671602,0.159897488337021,0.190423769116035,TRUE
"Q6P4E1",-0.0863917695086926,-0.117044835566925,-0.100251265269756,-0.0226751529463576,-0.165586009593661,-0.063907233035328,-0.108481769219639,-0.0273080592764806,-0.0875915505338267,-0.100859315591955,0.079194240084968,0.142910856647303,TRUE
"Q6P988",0.0150798653989809,-0.0172952404479271,0.0539085344715888,0.195238422964887,-0.158347900969963,0.148806073542592,0.0100036655384652,0.0991609245246482,0.026215412854137,0.0501121851338016,0.180158557565906,0.35358632393485,FALSE
"Q6PCB0",-0.0199225939748416,-0.0419899581133656,0.0224164226472737,0.0642196148002105,-0.136181711681442,-0.00427285682784797,-0.0060000042753295,0.0688147957850718,0.0138572866140289,0.0265829249010893,0.1162591177066,0.204996507466514,FALSE
"Q6Q788",-0.0101043882617124,-0.00244220861449798,0.0185355997616553,-0.0420472655263781,0.0258438881023131,-0.0372460765037199,-0.035414128682476,0.0111717231694555,0.0134700687348843,4.27830761194624e-06,0.0359482763640255,0.0678911536286913,FALSE
"Q6UVK1",0.0144792998525553,-0.0413492115086106,0.0120007811900195,0.0953708753218909,-0.0804834657042418,0.00155267024190644,-0.00648932192477457,0.034461342624962,0.0279423831614093,-0.00926346598602281,0.0949627655567971,0.175854341026133,FALSE
"Q6UW49",-0.0517028395128783,-0.0242873718613661,-0.0787182606529951,0.0716039234421938,-0.159030750762351,0.0254999559720605,-0.064622130217608,0.0502313447082341,-0.0327362800901298,-0.0273398717485206,0.123306762955072,0.230634674204545,FALSE
"Q6UWD8",0.0566314839389253,0.122542440426139,0.100093887556974,0.134235188919239,-0.00152988383750594,0.0684416139158354,0.0639117236085084,0.180894606856235,0.116788175277212,0.105285064470263,0.12426312291731,0.182424490693741,FALSE
"Q6UWP8",-0.00425317270239958,-0.0806189191107274,-0.021544967091224,0.0908696513961836,-0.0807643236872615,0.0409485365831121,-0.0508242997873338,0.0624493487080656,-0.0254117185401532,-0.0456522414806264,0.0951228240985831,0.171633975083445,FALSE
"Q6UX71",0.0595938417278176,0.0118758101373149,0.055817776237818,0.196093049341699,-0.0904181154871384,0.154035781773362,0.0455043307186867,0.0935226460355604,0.0924540502581847,0.063730181083762,0.150011957214956,0.286511164828838,FALSE
"Q6UXB8",0.045221957320627,-0.23779698826935,-0.132686918417568,0.239145288930817,-0.355137010438514,0.184882143632966,-0.0868033343571798,-0.107336986937965,-0.0686942086848534,-0.0694944413218486,0.400358967759141,0.594282299369331,FALSE
"Q6UXD5",-0.0359650648770444,-0.0868110817919693,-0.068808202443053,0.0541553939828235,-0.182119929633755,0.0038818083449371,-0.0834075237312286,0.0264803534826604,-0.0579371327623505,-0.0503102596231743,0.146154864756711,0.236275323616579,FALSE
"Q6UXH0",0.123031211300867,0.103849688949861,0.176614624184347,0.185701911344354,0.0469183996974415,0.217490585249463,0.128512194373181,0.230802247729089,0.159563415271974,0.185649153469703,0.107771036428222,0.183883848031647,TRUE
"Q6UXI9",-0.0301114593955298,-0.0309950743863939,-0.0125063713060968,0.117085041527873,-0.182034378229344,0.102132465799795,-0.0657310860236593,0.10584060577344,-0.0259049611388066,-0.00399198533829422,0.151922918833814,0.299119419757216,FALSE
"Q6UY14",0.248720256749637,0.207085628864942,0.310034756482267,0.523923900206232,-0.00215264167931464,0.391499770670333,0.26742215496473,0.333280171407201,0.313022158489462,0.352261084607925,0.275203643456595,0.526076541885546,FALSE
"Q6V0I7",-0.0126653655087911,-0.0468270062811389,0.0028378454145327,0.15546408727048,-0.168602799757128,-0.0176234961384801,0.00663477215463825,0.0592223942346966,0.0409120402203185,0.0168883155425148,0.168129452779272,0.324066887027609,FALSE
"Q6X4W1",-0.00834994944952428,-0.153848203926268,-0.129232010221925,0.180953145965325,-0.149123877590947,0.0133684703809665,-0.0425947441230454,0.0797755945181454,-0.0763052344229337,-0.0554535132425349,0.18930309541485,0.334801349891593,FALSE
"Q6YHK3",0.131561317190123,0.109860541163554,0.171883813529431,0.187162652072301,0.0495835635147905,0.185336406195562,0.113318439656932,0.2205373152009,0.145591564317262,0.162321479806598,0.0889759980107772,0.17095375168611,TRUE
"Q6ZMY3",-0.0223220310617227,-0.0189164731055623,-0.00758750989682003,0.125256923299136,-0.260109690969283,0.0313596200754994,-0.00520414088143557,0.0335169037210358,-0.00768874537643125,0.00864595493089062,0.23778765990756,0.385366614268419,FALSE
"Q6ZN30",-0.136547086809363,-0.118565106004908,-0.0938737839131764,-0.105640542644142,-0.214504133489042,0.040233912379258,-0.0887188599723001,-0.0611624402938219,-0.0858748117629045,-0.118315461998224,0.176780999188621,0.2547380458683,FALSE
"Q6ZRK6",-0.0786325569899306,-0.135500616921149,-0.111825410860283,-0.14058690955367,-0.18777055154534,0.124735340548186,-0.152169983050339,-0.0558295323893771,-0.045518201948767,-0.0676551779453093,0.203367897538116,0.312505892093526,FALSE
"Q6ZRP7",-0.000260591964437419,0.00499047827789886,0.0356766343899154,0.0978329954987513,-0.0596750886579999,-0.019262246300807,0.0156814285008685,0.106546883197182,0.036640642423997,0.074935390832511,0.10680747516162,0.166221971855182,FALSE
"Q76I76",-0.0437070514153809,-0.0641890465067151,-0.0221829890452023,0.113597956587266,-0.184660625634207,-0.00216461730142119,-0.0365786008739159,0.0186115760796381,0.00131273540012553,-0.000840495720570051,0.157305008002647,0.298258582221473,FALSE
"Q76LX8",0.179506327626247,0.205601422755976,0.216345712456109,0.383708006095274,-0.0316381486958247,0.243987178810075,0.224790186064348,0.232845353466949,0.248256289083783,0.252684675597549,0.211144476322072,0.415346154791099,FALSE
"Q7L014",0.252641428863415,0.307336718193652,0.259055606376098,0.395651176050377,-0.0124162107858382,0.36966213696422,0.245427011456138,0.441652124716297,0.310451948439804,0.319181023203912,0.265057639649253,0.454068335502135,FALSE
"Q7L576",0.0294253464750104,0.134037783897851,0.145387020309157,0.136667140110053,0.0918708573499482,0.00644385869619409,0.101985840626662,0.204414173629262,0.150705107661909,0.156858453902536,0.174988827154251,0.197970314933068,TRUE
"Q7L9L4",-0.126744330399071,0.0346382476162005,-0.00309289495258772,0.111937248412043,-0.0722806204064227,-0.120073343549897,-0.00568891831620351,0.0831329898016378,0.0571729613205054,0.069080664594927,0.238681578811114,0.232010591961939,FALSE
"Q7LDG7",0.268545707177239,0.277060420589508,0.350348717193802,0.366329959182404,0.16542898550318,0.273313667156977,0.350076168712793,0.368013038021121,0.379763138114737,0.33818485552032,0.111217430937498,0.214334152611557,TRUE
"Q7LFX5",-0.016257863685751,-0.0614150703613619,-0.0238288014050029,0.153758743194233,-0.210807085963136,0.0405175034379349,-0.0253420141220312,0.048869709318808,-0.00582110016585381,0.00165094445517743,0.194549222277385,0.364565829157369,FALSE
"Q7LGC8",0.00811672724194267,-0.0151956025362111,0.0107893928144947,0.0880898413398563,-0.0822317711453057,0.0363567174627392,-0.00279628241389095,0.0728926345558076,0.0290615271157852,0.0149642074138779,0.0903484983872484,0.170321612485162,FALSE
"Q7Z304",0.0362746773354892,-0.0287931309653806,0.014570951603676,0.113906826109895,-0.0975069360638342,0.0489068313738102,0.00715562368801837,0.088833032537812,0.0410053119874751,0.00667428133443944,0.133781613399323,0.211413762173729,FALSE
"Q7Z3Y7",0.0976783560363966,-0.00216443176427107,-0.00684839151471506,-0.00529746653166962,0.0591153545534658,0.10796520831364,0.0226073991124034,0.100274652107848,0.0348694480528325,-0.00499005193763657,0.104526747551112,0.114813599828355,FALSE
"Q7Z4R8",0.141670593715703,0.0733182349429652,0.159578781327583,0.162777571719879,0.168858578888933,0.217229430399052,0.116253655908966,0.154070999917346,0.12522956123077,0.110441670332227,0.0755588366833493,0.143911195456087,TRUE
"Q7Z5L7",-0.123733989541745,-0.171381574214942,-0.116711136966443,-0.0555021051257871,-0.170424235276078,-0.110547304248822,-0.14079939492643,-0.0820374229882324,-0.106135585442896,-0.14549779668485,0.0682318844159579,0.115879469089155,TRUE
"Q7Z6Z7",-0.266966293494468,-0.281528265040311,-0.293796396837848,-0.126707895647721,-0.201510487487098,-0.30046198163786,-0.282474163990477,-0.149946097119864,-0.245516668953083,-0.270731339286795,0.140258397846747,0.17375408599014,TRUE
"Q7Z794",0.474182174058016,0.640418086574405,0.388329799205425,0.68781589112909,0.514570270913226,0.0065702029955766,0.478931870568126,0.445012069428444,0.613576319210445,0.437700333271286,0.467611971062439,0.681245688133514,TRUE
"Q7Z7G0",0.0692981147897919,0.0498410376844566,0.0858800731047913,0.183575421352842,-0.00673246562305405,0.0721624894240413,0.0820139372854781,0.160282876133997,0.10835332872006,0.0922020175584031,0.11427730656305,0.190307886975896,FALSE
"Q7Z7M8",-0.0228295158236187,-0.100472712190438,-0.0467834516454962,0.0738547493651801,-0.202622589027185,0.0576732319021274,-0.0504398354679779,0.023516038827498,-0.023962151736556,-0.0388234690539139,0.179793073203566,0.276477338392365,FALSE
"Q7Z7M9",0.0435444591785843,0.0296671617143426,0.0465070814332834,0.107527730669391,-0.100179549667292,0.100465046285543,0.0240435105185431,0.0885441675315834,0.0516655971905712,0.0775282909263734,0.143724008845876,0.207707280336683,FALSE
"Q86SF2",-0.0974285206239387,-0.125816339896321,-0.0675488472711123,-0.0649205296220505,-0.112182144452476,-0.0321143136147239,-0.108918507116965,-0.00451474326499054,-0.0707626008390765,-0.0582318770436049,0.0929137773589482,0.121301596631331,TRUE
"Q86SG5",0.0323739716878564,0.0234938687652381,0.0881944671642181,0.185343686906069,0.00810551787383177,0.118927577584637,0.0748937685936659,0.126695234421113,0.0625116222842492,0.149826890824262,0.152969715218212,0.177238169032237,TRUE
"Q86SQ4",0.0369127448399593,0.0367716737185811,0.0806790495775406,0.136042248839072,-0.0200174909515558,0.0560142807520104,0.0645056722703891,0.0890569226731522,0.0732223909191395,0.0907426217918549,0.0991295039991123,0.156059739790627,FALSE
"Q86TH1",0.00342913887211533,-0.128961524242217,-0.061054859557085,0.160532432206787,-0.282473954448556,0.125159372115761,-0.0560638879887721,0.00408610426758199,-0.0253643562431932,-0.0194551645229523,0.285903093320671,0.443006386655343,FALSE
"Q86TY3",-0.112484244255889,-0.117844303360236,-0.0737014635364016,-0.111401327533681,-0.0467108839474408,-0.0275507616524395,-0.123562369475715,-0.00957942393891804,-0.088959331598337,-0.0816741265733672,0.102904820316971,0.113982945536797,TRUE
"Q86U17",0.247762530677796,0.276302610605712,0.340077332775731,0.382349521355671,0.154640833854545,0.325568734959879,0.287001713966378,0.338094270040108,0.29185286549354,0.342488694394285,0.134586990677875,0.227708687501126,TRUE
"Q86UD1",0.184065051873857,0.184204563665499,0.214392205160966,0.307671176559558,0.0263663133223517,0.240706122808295,0.189977131179714,0.254355641396539,0.208246301099682,0.239417135741809,0.157698738551505,0.281304863237206,TRUE
"Q86UX2",0.0339767858985643,0.0268581217550507,0.0664466460072244,0.0809832759930495,-0.0699360919045639,0.085227384734063,0.0425740986362691,0.111837801847524,0.0621189406121591,0.0718106110280007,0.103912877803128,0.181773893752088,FALSE
"Q86UX7",-0.114893692594684,0.0891440536245351,-0.0170502141087098,-0.033287100352034,-0.00172375860880105,-0.20272771681725,0.00666710355757281,0.0456169469806506,0.0259972891577263,0.0304448424912215,0.204037746219219,0.291871770441785,FALSE
"Q86VP6",-0.149981299721902,-0.125450778720806,-0.170836605095528,-0.0680450481801989,-0.169220875519323,-0.0837355385250527,-0.134098502239496,-0.146318810725295,-0.0792806771170959,-0.122079278365176,0.081936251541703,0.102791556915329,TRUE
"Q86WI1",-0.0606439745266316,-0.108145833248491,-0.0734066749205391,0.0373185795450834,-0.293641934825032,0.0749811395822684,-0.0859628852625495,0.0137804257575458,-0.0299938350041545,-0.0626923766636201,0.2329979602984,0.3686230744073,FALSE
"Q86X29",-0.0377491030626263,-0.0739572727868149,-0.0417124160066385,0.0689811800690098,-0.193300454155978,0.108763093938544,-0.124973437355618,0.0785405024705722,-0.0826305121033016,-0.0501753500743082,0.155551351093352,0.302063548094522,FALSE
"Q86Y38",-0.0816137678340045,-0.0801822819077546,-0.0725443506984279,0.00678785633738337,-0.214258335735966,0.0169448639661407,-0.0867860045556737,0.0224700218438128,-0.0564010500891097,-0.0847759378695152,0.132644567901961,0.236728357579779,FALSE
"Q86YZ3",-0.0525780253572266,-0.0526619184956595,-0.0886898046398897,-0.0778429028270755,-0.0428650081725895,-0.119678106670672,-0.109167298496862,0.0142830997417289,-0.0429938656034058,-0.0865296080674417,0.0671000813134458,0.133961206412401,FALSE
"Q8IUK5",0.0114783536956159,-0.0102401439224614,0.0279093240140646,0.0664324591402429,-0.0714171037569667,0.0514695785910778,0.012624910874741,0.0464729082562218,0.0477434742089664,0.0060296702835868,0.0828954574525826,0.13784956289721,FALSE
"Q8IUL8",0.117223803293024,0.0579534648528116,0.124326393633799,0.216525476937982,-0.0353001978056421,0.185693395276642,0.0893594802279731,0.195363014712139,0.103770137958666,0.134842072542498,0.152524001098666,0.251825674743625,FALSE
"Q8IUX7",-0.0113674583029252,-0.0618848333200085,-0.034466311774054,0.047434121522742,-0.0603033498435157,0.0240518469693505,-0.0380945599658671,0.0394428160707286,-0.0123758824874965,-0.031911249212729,0.0588015798256672,0.109318954842751,FALSE
"Q8IVW4",-0.131760262763242,-0.221845847862694,-0.198990314752578,-0.135740468584826,-0.150776437354043,-0.149661174001657,-0.267387051067311,-0.17576462954928,-0.218432360391928,-0.260166119414273,0.135626788304069,0.131646582482486,TRUE
"Q8IWE2",0.280181442172135,0.368749745553567,0.355663713404022,0.411067347339713,0.291601776596301,0.106469330717295,0.342430138285446,0.38512492053542,0.378252061317805,0.358209377182691,0.17371211145484,0.304598016622418,TRUE
"Q8IWU5",0.111665313120101,0.0153480679342409,0.0413965216824051,0.229035802336785,-0.0551412774245615,0.142086659124665,0.0688938635613131,0.113216930796295,0.105692643459632,0.0975714715460613,0.166806590544663,0.284177079761347,FALSE
"Q8IXL6",-0.0465191389527736,-0.138781087592507,-0.0881715648642938,0.0471017141446215,-0.224633427024201,0.108249644964205,-0.130097880899105,-0.072863266391969,-0.0866285557753693,-0.0966774704466575,0.178114288071427,0.332883071988406,FALSE
"Q8IYI6",0.0651669813145772,0.143587516562352,0.114941311290458,0.173573165670503,0.0584429376226733,0.0500643341502227,0.0924391795294239,0.186812769494507,0.154900352814699,0.126924615129632,0.12164578817993,0.136748435344285,TRUE
"Q8IZA0",0.0272399049020552,0.0201704956262748,0.0326077835321057,0.106351637202982,-0.0600213138609689,0.129377877757159,-0.025652132558251,0.0908358767860668,0.00462866862700182,0.0509871711903526,0.102137972855104,0.189399191618128,FALSE
"Q8IZF2",-0.0500693686719278,-0.085318844306125,-0.0587958986656384,0.00508716938823221,-0.125218213810297,0.0113511845290942,-0.0633170632418355,-0.0128472886619449,-0.0486528281568611,-0.0838778415792832,0.0751488451383687,0.136569398339391,FALSE
"Q8IZP7",-0.06360197049462,-0.040193234089695,-0.0280649046915114,0.0374642932654888,-0.167004661896991,0.00666974622954328,-0.0542016943018414,0.0603372532608527,-0.0191733591375021,-0.0216474486398165,0.123939223755473,0.227341915157844,FALSE
"Q8IZP9",0.0944222682463997,0.0631313384575236,0.105881106388028,0.187582921560704,0.0384135840319094,0.129303280910209,0.0991207809374736,0.158446030380642,0.121882822788021,0.112041939335297,0.0931606533143041,0.149169337528794,TRUE
"Q8IZS8",0.0880982675603215,0.179681259239988,0.176627185675059,0.0183427133720315,0.185566400928645,0.150866843947199,0.126815197847479,0.197932275528432,0.143040813841454,0.13665907421942,0.109834007968111,0.179589562156401,TRUE
"Q8N128",0.00537143967132038,-0.114061696234366,-0.0479359389208999,0.211629582338708,-0.206667372606443,-0.00233323866901331,-0.0230727468769361,-0.0492559682079802,-0.00831903633436165,-0.0577396777603619,0.212038812277763,0.418296954945151,FALSE
"Q8N1N4",-0.00190565842889939,-0.0252977464091219,-0.0378980425483085,-0.0695845720928989,0.00367464436061873,-0.0114031617874932,-0.0661381970157392,0.0787262003283475,-0.0309403895301307,-0.0526887848667793,0.0806318587572469,0.148310772421246,FALSE
"Q8N257",0.150740900694937,0.136311981807346,0.0991670433129459,0.271245822912107,0.203030784734982,0.11755652151191,0.197111782238303,0.292755229520304,0.181319335129925,0.159127720044617,0.142014328825367,0.193588186207358,TRUE
"Q8N307",0.0313614699809584,0.0569649034776695,0.0565469176529737,0.0404821923733217,-0.0469699153279504,0.147430408590954,0.0503948158790681,0.117824901941437,0.0649495212099686,0.026783823450211,0.116068938609995,0.194400323918904,FALSE
"Q8N3T1",0.0355309665382882,0.00527397042169844,0.0293814394689823,0.134139182900256,-0.14638404299377,0.10812442107598,0.00560646896812558,0.0923885847324937,0.0496558506307572,0.0232342340173713,0.181915009532058,0.280523225894026,FALSE
"Q8N8M0",-0.0449885972431127,-0.0487180688051225,-0.0536291183059662,0.0532141150035983,-0.123424938224072,0.0593762833268028,-0.0724378799496773,0.0718277847547188,-0.0578809000937061,-0.0208323037137537,0.116816381997831,0.195252722978791,FALSE
"Q8NBJ4",0.0344204839666433,0.0459511388506916,0.0493517345445046,0.113137790952409,-0.0126599686647743,0.0124423442055456,0.0316597700760939,0.109441938086569,0.0682552784539019,0.046931708789128,0.0787173069857653,0.125797759617183,FALSE
"Q8NBJ7",-0.101421323399632,-0.111187066574906,-0.107971081539903,0.0297100201603111,-0.132267718543282,-0.0718383919748551,-0.113114759767031,-0.00678180795587519,-0.0619296826076582,-0.0737983653551797,0.131131343559943,0.161977738703593,FALSE
"Q8NBP7",0.0934179235806693,-0.0593728679734577,0.0059361771214586,0.223450601650765,-0.228650425363099,0.1183507697902,0.0371916282743256,0.0122233918035839,0.0613004536219255,0.0258085646206565,0.322068348943769,0.452101027013864,FALSE
"Q8NBS9",0.0919344841101415,0.0889105802769482,0.144412603504272,0.221205730331727,-0.00463572686810367,0.168307975681028,0.135241418937979,0.215314430549834,0.153762364804052,0.217231940232811,0.129271246221585,0.22584145719983,FALSE
"Q8NCH0",-0.081674654372041,-0.122918205802578,-0.0525513976702908,-0.0289990613620341,-0.147439391350818,-0.00302732248740933,-0.0908926409804731,0.00664024972639162,-0.0835831817833047,-0.0677422327870617,0.0883149040984326,0.15407964107721,FALSE
"Q8NDA2",0.196936036710811,0.0732332506320292,0.180795097911629,0.371968371367963,-0.0139273094274564,0.252886311278837,0.199412296753846,0.210944662056563,0.222446484899976,0.20689111201746,0.210863346138267,0.385895680795419,FALSE
"Q8NEH6",0.0723713537457038,0.174542817217175,0.13570382661157,0.260908389789071,0.0399532682938327,-0.0209685524379135,0.116732868407513,0.234357868065297,0.150088145682753,0.143887211391527,0.188537036043368,0.281876942226985,FALSE
"Q8NFL0",0.134745534221529,0.131542842187396,0.197799682675584,0.240347659858167,0.0142574835402035,0.116989778273315,0.179347697669838,0.229855069724569,0.174014744609208,0.194030570609543,0.120488050681325,0.226090176317963,TRUE
"Q8NFU4",-0.111572778060663,-0.0320309599306369,-0.0227066537240199,0.0220626266837101,-0.237741070346241,0.0911763660621566,-0.107958040664746,0.107598898250907,-0.0663162106002224,-0.031867362735881,0.21917167631157,0.345339968597148,FALSE
"Q8NG11",-0.0157270473000819,0.116360174007294,0.113213317337851,0.00368742411825074,0.00506714986482991,-0.0210967008978252,0.0576821590831257,0.114988453573851,0.0861954337660798,0.080566466069949,0.132087221307376,0.137456874905119,FALSE
"Q8NI51",-0.105801615315892,-0.330042442873878,-0.283241829683939,0.105079768106337,-0.221720080013435,-0.0982334602338889,-0.183432946692154,-0.164534786252227,-0.153675273124814,-0.256043440676506,0.224240827557986,0.435122210980215,FALSE
"Q8NI99",0.0562266549957606,-0.0149137599375367,0.0336928113023018,0.261925179998652,-0.158049751921254,0.0318365205636323,0.0558224354749387,0.0568020605019006,0.132831320601808,0.076825622748647,0.214276406917015,0.419974931919906,FALSE
"Q8TB73",0.101407577174497,0.165165091461532,0.1466164455985,0.239947062102314,-0.0319051239199575,0.183539473027369,0.123053279182939,0.219132261600756,0.152698144723553,0.152346247148266,0.138539484927817,0.271852186022271,FALSE
"Q8TC71",-0.459766254609727,-0.579719829461407,-0.487244305429202,-0.621091579444952,-0.271533756088469,-0.240930223276142,-0.530724493818027,-0.51372429435982,-0.507595126005421,-0.519529421854464,0.218836031333585,0.38016135616881,TRUE
"Q8TD06",0.0368809744903652,0.0526089567094762,0.0781750320648872,0.0337983790870832,0.0186175369010161,0.12172019797115,-0.00613204652047955,0.0769955877436235,0.0536011246349334,0.0235616203149475,0.084839223480785,0.12785224449163,FALSE
"Q8TDL5",0.0822479063758446,0.146789640235331,0.149406401539056,0.0836591314083037,0.0727078155570651,0.0670573200016331,0.0862368375269428,0.118189601960455,0.12194921013212,0.0927926624740656,0.0671584951632111,0.0823490815374227,TRUE
"Q8TER0",0.168303022030802,0.172670681859428,0.213710765357826,0.334873871964253,-0.0198975194259219,0.264339791679193,0.190816799775888,0.263218961072145,0.218395783017194,0.239931335381235,0.188200541456724,0.354771391390174,FALSE
"Q8WUA8",0.0610377144047691,0.0402451115781956,0.0481982193860028,-0.00329645901952191,-0.0220823012814238,0.178211531577765,0.0255597269185689,0.0779578681209485,0.0842530316568277,0.0778219318436694,0.117173817172996,0.200293832859189,FALSE
"Q8WUJ3",0.0531661814504273,-0.144177303657207,-0.0436433635035057,0.327145936919411,-0.303175121257602,0.118633152875855,-0.00239069541556274,0.0412220554787698,0.0144951521358952,0.0162630228580404,0.35634130270803,0.630321058177014,FALSE
"Q8WUM4",-0.0546293105805276,-0.103182519027055,-0.095111847477232,0.169360285486871,-0.160450947140466,0.0286895783322306,-0.0909861929600089,0.0730190397686623,-0.0508770179119111,-0.0326781804338164,0.223989596067399,0.329811232627337,FALSE
"Q8WUT4",-0.0446678847836945,0.00697662596374579,0.00772489256551032,0.0321997194982095,-0.131300492158495,0.0548052931153091,-0.0334373952218258,0.104336938493367,-0.0119283960518688,0.00354497824111587,0.149004823277061,0.235637430651861,FALSE
"Q8WVN8",-0.0639241481101168,0.158230274719048,0.0104097644799828,0.288927650146913,-0.169745778145262,-0.0108765752162258,0.141730490075862,0.0948924890998965,0.17137578714497,0.0779384846021157,0.35285179825703,0.458673428292175,FALSE
"Q8WVV4",-0.0809602687291789,-0.110796729783699,-0.104469969979443,-0.170764577076752,0.0103030738560321,-0.0736732061374772,-0.0863336487709414,0.0140066388164589,-0.0795566479187211,-0.104438668921429,0.0949669075456378,0.184771215893211,FALSE
"Q8WWA0",0.0217628323450887,0.0225406312439517,0.140356054890351,0.167485577940775,-0.130855488306314,0.0739533533380119,0.0391027945172398,0.0995827965815385,0.0849542499081623,0.0671884767248942,0.152618320651402,0.298341066247088,FALSE
"Q8WWV6",0.0467672709647798,0.00562347974788042,0.024239989492162,0.154473138505314,-0.0578149766952856,0.124935936588981,0.0297454793938363,0.123430594097477,0.0651058204179522,0.0277476261579887,0.107705867540534,0.2122881152006,FALSE
"Q8WWZ8",0.243497393982728,0.155163583447002,0.224948677805568,0.75641480845412,-0.263341770539499,0.229514580499304,0.251185390781702,0.279473110840526,0.35725643093056,0.281035662665568,0.512917414471392,1.01975657899362,FALSE
"Q8WXI7",-0.0996770789599913,-0.00624423458211956,-0.0380299422022951,-0.0200648043461825,-0.15944155341324,-0.00975473827017505,-0.112644180143695,0.0855636986914505,-0.0812914569611122,-0.018276433197569,0.185240777651442,0.24500525210469,FALSE
"Q8WZ42",0.074473795638374,0.15996599756934,0.113851992174146,0.226206900795396,-0.00210885168141464,0.100926024950658,0.120827763872062,0.0634622624747864,0.185233903880875,0.139690868455029,0.151733105157022,0.228315752476811,FALSE
"Q92187",-0.0380717114337644,-0.0750809675960878,-0.057339717435182,-0.0412492725070636,-0.106291418200672,-0.0134225119564464,-0.0739138622669952,0.0249244321919147,-0.0386195817569974,-0.0721924359577426,0.0682197067669074,0.131215850392586,FALSE
"Q92496",0.145263514297109,0.0507517127566729,0.0862524875481701,0.355740987235742,-0.146410876620149,0.243985931410266,0.087314725970638,0.070296102363024,0.0810008609425624,0.139599582246017,0.291674390917258,0.502151863855891,FALSE
"Q92530",0.0761795573832632,0.0577061329341645,0.086988012556438,0.299635697610625,0.0179015587016387,0.215451255756292,0.083031971525196,0.178013537112961,0.14788939477813,0.121636712098716,0.223456140227361,0.281734138908986,TRUE
"Q92563",0.0248067614873212,0.0380840341624536,0.0231144564706659,0.103239571095229,-0.0514160287268123,0.0488415212226186,0.0146706867889028,0.129229641850945,0.0369180365308425,0.043061770693823,0.104422880363624,0.180645670577757,FALSE
"Q92614",-0.0656559570728261,-0.14850689322569,-0.159133518583211,0.0146597449950918,-0.166256633066549,-0.0981267802813204,-0.0814806612149592,-0.163028954865296,-0.0674944096764429,-0.142267732402591,0.100600675993723,0.180916378061641,FALSE
"Q92688",-0.124670175810235,-0.131973214558549,-0.16093464860474,0.00467620311139331,-0.172428798864494,-0.0994552567765178,-0.12361454586782,-0.0198410704571812,-0.0976405955331232,-0.137911567198666,0.129346378921628,0.177105001975888,FALSE
"Q92696",-0.109602875223604,-0.135468974042163,-0.101807669502977,-0.115876338120181,-0.260246400469189,0.0299208268535982,-0.124890132453976,-0.0561657932038804,-0.105985753839751,-0.0888119590778744,0.150643525245585,0.290167227322788,FALSE
"Q92743",0.0688373416626244,0.103491280732943,0.123569506965406,0.282787176655178,-0.126611308015739,0.164264665017999,0.0965896891634534,0.184020973169782,0.122345709458449,0.138948128430915,0.213949834992554,0.409398484670918,FALSE
"Q92752",0.018266208689372,-0.0631475281307594,-0.0186753363580134,0.0818355155013627,-0.107995287499854,0.0132154351883685,-0.0102748094432338,0.0173727511649649,0.0119118674707534,-0.0299865741471892,0.126261496189226,0.189830803001217,FALSE
"Q92765",0.0930125212662973,0.117148876079225,0.135723729940835,0.146897895568217,-0.0168971418759522,0.306398411101809,0.0799446761535047,0.251714579075215,0.121975842586484,0.119406111621554,0.213385889835512,0.323295552977761,FALSE
"Q92820",0.0528869072147423,0.0434100655414519,0.0797471410464402,0.0374861773315375,-0.0672833485777871,0.184786213142091,0.037177047651508,0.108699289651444,0.0547721744394532,0.11122383557142,0.131899305927348,0.252069561719878,FALSE
"Q92823",-0.0431087141293156,-0.141532467992761,-0.101902145520001,0.0575869369628161,-0.270024855800117,0.0552387891399596,-0.105797932126288,-0.00239288892285809,-0.0650523740159754,-0.0818676205824643,0.226916141670801,0.327611792762933,FALSE
"Q92859",-0.0820609769700597,-0.105471559221359,-0.0775927921025987,-0.0055395589119874,-0.191386343692735,-0.0347020618119912,-0.103018870298746,-0.00617094876671852,-0.070009137066683,-0.0872985610723798,0.109325366722676,0.185846784780748,TRUE
"Q92882",0.0912664449610719,0.109278026990298,-0.0105288761514277,0.147202980091528,0.198407132251238,0.0578231309448126,0.105459616329076,0.152023482053677,0.144555063475012,0.0572169558740642,0.107140687290166,0.208936008402665,FALSE
"Q92930",-0.0527925964240541,0.0368090115680698,-0.0178862784436634,0.064762235377236,-0.0468173522441025,-0.0752214020075475,-0.031533915585839,0.0525014629306125,0.0201236973628097,0.00676508132650107,0.11755483180129,0.139983637384783,FALSE
"Q92954",0.12942090620917,0.185656744048207,0.237757397863939,0.287817685784828,-0.0135182180198217,0.267053007403984,0.206079080353273,0.269350657424829,0.22445867133424,0.238836376551056,0.158396779575658,0.301335903804649,FALSE
"Q93008",0.00426115410492397,-0.0628961401819088,-0.115644011158029,0.174750429149863,-0.190069532419652,0.0589611396557897,-0.0150158834327228,-0.02658883055358,0.0145821666308507,0.00776119087048545,0.194330686524576,0.364819961569515,FALSE
"Q93084",-0.163021317227744,0.0457364647815827,-0.0346183240487268,-0.095973781617632,-0.212453961684634,-0.273033516897058,0.000413474605547948,0.0777512625962686,0.00342556275199237,-0.00683770927838988,0.240772579824013,0.350784779493327,FALSE
"Q93098",-0.076988882579941,-0.381632922570621,-0.293566168484584,-0.154944855696476,-0.455961943182465,0.128451282601404,-0.282037891507123,-0.168921385261955,-0.287293233235149,-0.254698671003723,0.378973060602524,0.58441322578387,FALSE
"Q969P0",-0.133723267774375,-0.132988070914675,-0.098338357811697,-0.0721208707485629,-0.200603171371539,-0.0898639564544131,-0.122148352870899,-0.00376760483913209,-0.0736517360309062,-0.0847155620830333,0.129955662935243,0.196835566532407,TRUE
"Q96AP7",-0.149424187009837,-0.0292755288447699,-0.05094251365382,-0.0653302556455122,-0.133743926879109,-0.179624767170483,-0.072979476730749,-0.0213181048139213,-0.0238448110629374,-0.0385948174316335,0.128106082195916,0.158306662356562,TRUE
"Q96AQ6",0.0178051835254035,0.00451692797141343,0.0518900348644028,0.202680631566447,-0.167324047572086,0.0864564861379815,0.0256207342197476,0.13747697740245,0.0486195217010151,0.0472989868597172,0.18512923109749,0.370004679138533,FALSE
"Q96C19",0.0077518029639094,0.0667492646338686,0.0261547037536057,0.0549673302081753,-0.00314904779061559,0.112304000508585,0.0339527006745113,0.179489737807817,0.0765803646834692,0.0347671374515026,0.171737934843908,0.182638785598433,FALSE
"Q96CW1",-0.0102351349915743,0.104335919651342,0.00372696599155523,0.128439513797467,-0.0792435342732562,-0.0297672921568302,0.0528304555742743,0.0820228182280873,0.0851053583471624,0.0553743523891446,0.138674648789041,0.207683048070723,FALSE
"Q96CX2",0.0973426977185091,0.133682782236955,0.128724959940228,0.129114114760279,0.129955227363535,0.17784072732211,0.121905897986297,0.138589969437943,0.160793299305374,0.156825355185403,0.0804980296036006,0.0559348293358128,TRUE
"Q96DA0",0.0504742832830711,0.0424966937724124,0.0420914110054615,0.174209422932123,-0.046316085822325,-0.02610311279801,0.00762455549255716,0.131210886605836,0.0841815151069594,0.090194667538194,0.123735139649052,0.220525508754448,FALSE
"Q96DR8",-0.0209193646642091,-0.148697473357829,-0.092866058540398,0.0237133373427698,-0.0790394783393477,0.0998830132079244,-0.0208008223041625,0.04479178433551,-0.0626456737612407,-0.0635385559770376,0.12777810869362,0.248580486565754,FALSE
"Q96EE4",0.0967875184361292,0.0913751542223985,0.14685480848004,0.204805128954375,0.0263849648717791,0.170350177320631,0.104482806109651,0.176092711151514,0.134682638917408,0.155634397209337,0.108017610518246,0.178420164082596,TRUE
"Q96FZ7",-0.168878819195032,-0.0236484825933793,-0.109877468342032,0.00678042012322269,-0.217146321109305,-0.120697164816868,-0.0964233574263574,-0.0473455174824732,-0.105837307821638,-0.0865141296044831,0.175659239318255,0.223926741232528,FALSE
"Q96GI7",0.05802383435464,0.0846833667172837,0.104004198981863,0.136271007614665,0.0477415894797674,0.047078135155761,0.0566622093593838,0.126280904541066,0.0848022412246472,0.146975528398302,0.0889516940436617,0.0998973932425407,TRUE
"Q96GW7",-0.0479252696051941,-0.0631915536240554,-0.0405860805313753,0.0388807052409776,-0.165462551126386,0.0054278066948245,-0.0490783023919575,0.025996936728982,-0.0509917211462508,-0.0507595646562431,0.117537281521192,0.204343256367364,FALSE
"Q96H15",0.0840260567967086,0.0296766127899379,0.10615515375907,0.208766729357239,0.0123877240486062,0.186852098015164,0.0982208653635365,0.166544540461702,0.125513775840095,0.103679002286737,0.12474067256053,0.196379005308632,TRUE
"Q96IY4",0.229306947789247,0.189698635140421,0.211678334674723,0.293282375446339,0.0411860345000903,0.343756005774077,0.199657142966439,0.218645246452811,0.211612690055486,0.222228533777816,0.188120913289157,0.302569971273986,TRUE
"Q96IZ5",-0.119650811192765,-0.199968662991509,-0.177760120205837,-0.136289174286852,0.0288190652825161,-0.296447755919791,-0.175701339202516,-0.176534793152012,-0.136995864585738,-0.204610835919072,0.176796944727026,0.325266821202307,FALSE
"Q96J42",0.0299272649386411,0.0231724541000974,0.0290284827480926,0.105941214671649,-0.0525409611787404,0.0258895783414383,0.0600774013178065,0.0338176166099872,0.0795255859682258,0.0128040367715893,0.0824682261173815,0.158482175850389,FALSE
"Q96JI7",0.225559394400725,0.319504777230612,0.349127743814376,0.421025023429523,0.101280699786471,0.378864604754273,0.283498983900053,0.392524901541685,0.311058974081296,0.431605203857,0.206045809456275,0.330324504070528,TRUE
"Q96JM4",0.119376486836332,0.230723536990067,0.178012899340905,0.194701721036414,0.0847854083017041,0.191471122746345,0.186967392474205,0.216250765819688,0.222526211832444,0.239113106558779,0.119736619722447,0.154327698257075,TRUE
"Q96JP9",-0.0565685011017474,-0.126262554251447,-0.0311788389323902,0.0136599841130061,-0.0396207121450345,-0.0394679415393483,-0.0733008283413144,-0.0599761137612018,-0.053405193774161,-0.0471487194395023,0.0702284852147535,0.139922538364454,FALSE
"Q96JQ0",0.233753192100436,0.222417790200583,0.269582281929813,0.429541439796808,-0.00988256379187152,0.279686811174932,0.276892139673751,0.289651339337863,0.298176298248524,0.280068295183178,0.243635755892308,0.43942400358868,FALSE
"Q96K76",0.120709127415501,0.0302497098004796,0.103192180387501,0.186720508417191,0.0344188206871129,0.135411058545188,0.162238343312114,0.164896587655519,0.186303932870441,0.236149621318768,0.115440493903267,0.205899911518288,TRUE
"Q96KN2",0.176529367663331,0.286773143791723,0.28778817161644,0.322585794376053,0.0762415397184113,0.293540120471156,0.284090603190295,0.306599899201678,0.297779902054208,0.322241180720676,0.146056426712722,0.246344254657642,TRUE
"Q96KP4",-0.0831570078699728,0.0191191005510273,-0.0546740510978662,-0.039284845979301,-0.182959116522901,-0.0360058914553647,-0.075665469402053,0.0400870647104857,-0.00583840186714521,0.053997622501563,0.137154630371536,0.236956739024464,FALSE
"Q96L46",0.0120819150686494,0.0530744368835121,0.039754710041064,0.233656390783419,-0.0512907172287944,0.00916368509468856,0.0410835137182781,0.102750477963158,0.0772002011874492,0.0735622422239486,0.221574475714769,0.284947108012213,FALSE
"Q96M27",0.030891304331395,0.0421078521032905,0.0582595786207588,0.0544286020875606,0.0492259260937388,0.0506540410232746,0.0727460501731002,0.0748140195409857,0.0781529985623387,0.0381155091626646,0.0472616942309437,0.0400374893996741,TRUE
"Q96MF2",-0.159063705088621,-0.263886975685258,-0.197961998448606,-0.25839326564942,-0.317874924207224,0.0822280333167288,-0.323441972168177,-0.115978057829701,-0.292756418862225,-0.229928758560536,0.24129173840535,0.405670005484906,FALSE
"Q96MT3",0.0984197941613064,0.0655648961286318,0.133508018951318,0.333679151051026,0.0075820360238487,0.020944936910069,0.137200246637675,0.138491336241762,0.229844097813606,0.208519367173395,0.23525935688972,0.326097115027177,TRUE
"Q96MY7",0.0738663166205468,0.0849553893376365,0.136103099374235,0.276218929457311,-0.167909335964946,0.132876491457791,0.135101318854407,0.164450783417905,0.180149735143725,0.217447229726762,0.241775652585492,0.444128265422256,FALSE
"Q96NZ9",-0.0200659383405281,-0.00953011448921567,-0.00118744270874939,0.0626852273131238,-0.157314698700485,0.198864976702231,-0.0768146568161701,0.0842353457656886,-0.0281164751244947,0.0145738847251098,0.21893091504276,0.356179675402716,FALSE
"Q96P63",0.0986619897026156,0.0929614867575171,0.0609337759623959,0.0306757783750803,0.128935086111145,-0.0328875696162647,0.0170584954222722,0.187149827692377,0.0485775579913709,0.0467757910154435,0.13154955931888,0.220037397308642,FALSE
"Q96P67",-0.0333164778759708,0.169860505555793,0.0809358973737884,0.027579585573246,0.128050003674394,-0.163332346242482,0.122425814888102,0.123934829670868,0.120784232249575,0.103226368251093,0.203176983431763,0.333192851798275,FALSE
"Q96P70",-0.00980386962425733,-0.160183715457274,-0.173422889934969,0.12292226035438,-0.319369172887975,0.0667763330739198,-0.104386462163808,-0.0795116019748583,-0.0622698907435621,-0.0557424728972011,0.309565303263718,0.442291433242355,FALSE
"Q96PC5",-0.0198034811313123,0.00811663662657832,0.00412736249546124,0.106454063096667,-0.157251146096695,0.000454275320469442,-0.00639861214775024,0.062719613938625,0.0191554303963066,0.011332779328747,0.137447664965383,0.263705209193362,FALSE
"Q96PD5",0.294906193888332,0.461470995647188,0.452636245844697,0.472291160532891,0.139271207434031,0.443247183292951,0.399624930216525,0.503917060736484,0.420009778646957,0.486012560596987,0.209010866848152,0.364645853302453,TRUE
"Q96PL1",0.289325795647601,0.494520752812035,0.465322353615163,0.377991042762312,0.232838538051434,0.381916017064221,0.371371194605425,0.43258517729887,0.390391082754658,0.402572572683079,0.205194957164434,0.261682214760601,TRUE
"Q96PL5",0.183262697198486,0.280982225390115,0.198802789370817,0.299404451443486,0.145951627326936,0.154842967898889,0.20454010447075,0.316220716270164,0.235935567855926,0.24859914837914,0.132958019071678,0.170269088943227,TRUE
"Q96PX8",0.051620685261566,0.0382416050562071,0.0557115331729565,0.210507598064864,-0.0820143102431573,0.0662298692521736,0.0393256573784778,0.158194906718975,0.0533917953801866,0.0828809747103098,0.158886912803298,0.292521908308021,FALSE
"Q96Q06",0.0845364848286659,0.0114007153143849,0.0640984269335295,0.145976389083048,-0.0131505808420615,0.0690506554708258,0.0395471417567105,0.0775361461161762,0.115662129883327,0.0696893600542371,0.0976870656707274,0.159126969925109,FALSE
"Q96QA5",0.00830628554481912,-0.044361337058536,0.0065696328739461,-0.0469350061620194,-0.0249082888399984,0.0335974394727992,-0.0173752264458124,0.093024096091527,0.0260985025994846,-0.0509283376746522,0.0847178105467079,0.143952433766179,FALSE
"Q96QR1",0.0271268076068089,0.0360578918705908,0.0433986082167819,0.0088127756704206,-0.0323259746230182,0.067326768514512,0.00483539250384933,0.00952651584031496,0.0176199233863166,0.0228402393919881,0.0594527822298271,0.0996527431375302,FALSE
"Q96S96",-0.0522886901818632,-0.0987901147855856,-0.0562290043,0.0758098939530133,-0.210267767311115,0.101668346155483,-0.13701623990219,0.0150320872773672,-0.102529242011303,-0.0682093068501937,0.157979077129252,0.311936113466597,FALSE
"Q96TC7",0.0271589779066333,0.0910544460874413,0.100196258598321,0.227253155850383,-0.0290814346254282,0.00992860676765758,0.066998156867798,0.197470433109048,0.0942955917283575,0.0749152218229156,0.20009417794375,0.256334590475811,FALSE
"Q99435",0.126895072739318,0.202225175927754,0.176348454049101,0.252893733460516,0.0670822071582867,0.119042294963691,0.142964413885066,0.229907334429645,0.171907691583775,0.135099538827267,0.125998660721198,0.185811526302229,TRUE
"Q99439",-0.0372028805130497,0.13221300502315,0.0015341965535669,0.0198059914544366,0.0608627461815824,-0.0595637558473895,0.0784970005074916,0.0847038838972731,0.0774957597768109,0.11330744303491,0.169415885536199,0.191776760870539,FALSE
"Q99459",0.219294174878029,0.18007337031399,0.219375235804902,0.357158225991333,0.0512053057296806,0.448843875226523,0.206007499123075,0.304400480680985,0.221647025633519,0.378558749676343,0.229549700348494,0.397638569496843,TRUE
"Q99460",0.0962369681376699,0.0461972050674571,0.0450643005639816,0.312134107687229,-0.136305532970472,0.0896751353715688,0.0907003739743824,0.0574395510302734,0.132483891306045,0.0644098927743673,0.232542501108142,0.448439640657701,FALSE
"Q99497",-0.129241105054077,0.0318205560317876,-0.079942079260346,0.010834091748031,-0.147664884489867,-0.0745187638442862,-0.0215820342798373,-0.0158045872307143,0.0127932117330443,-0.00244652857358846,0.161061661085865,0.179485440521655,FALSE
"Q99536",0.032769730932414,0.0555390050322468,0.0650395618776274,0.085180313600515,0.00671950584484186,0.0989406978890426,0.0461764228938787,0.108406992919259,0.0641774171590948,0.0581649343516566,0.075637261986845,0.101687487074417,TRUE
"Q99542",-0.000572672546234426,0.0377130277036299,0.0918186757032656,0.141774379789738,-0.16229855237516,0.0644751633068115,0.0427740535901625,0.137799589952082,0.0843920488913272,0.0606260855672487,0.161725879828925,0.304072932164898,FALSE
"Q99715",0.00156430459916942,-0.0392530763468029,0.0018160430072292,0.0846865893261217,-0.0713857785239783,0.000225938501551269,-0.0104945320883704,0.0599326362221339,-0.000202871452456127,-0.0108041362614044,0.0831222847269523,0.1560723678501,FALSE
"Q99733",-0.179057222619846,-0.158074774148936,-0.19964856858519,0.00984286515274992,-0.111680472156301,-0.262943003789599,-0.186436899332758,-0.0432236771165335,-0.13201725877312,-0.16615856388513,0.188900087772596,0.272785868942349,FALSE
"Q99784",0.190136522499655,0.167645179621936,0.218439929173751,0.306406452995517,0.0380811806637054,0.339584039639995,0.188925896528015,0.271075778405095,0.21350882327189,0.259286047481715,0.15205534183595,0.30150285897629,TRUE
"Q99832",0.0344905421971041,0.112484094271252,0.0522524864979594,0.198873973487462,-0.0632160171040091,0.0184897717761013,0.120942911690351,0.144320406864446,0.126902693215821,0.1106593569634,0.164383431290358,0.262089990591471,FALSE
"Q99895",0.096404927971463,0.0999538002461713,0.0836625464138565,0.281898461387331,0.0935497972178289,0.212904319129034,0.0997833473463962,0.208195580352085,0.0888408196117867,0.0860305928650356,0.185493533415868,0.198235914973475,TRUE
"Q99969",-0.00349015723671483,-0.106112780249797,-0.0917235124157315,0.0859822625465809,-0.193104766103833,0.0684674823483535,-0.119552041451124,-0.0402268347617094,-0.0985446523492979,-0.106891002176323,0.189614608867119,0.279087028650414,FALSE
"Q99972",0.0577158991884551,0.016963250545898,0.101972915346861,0.206336785010446,-0.0158424796671974,0.108097554752231,0.0631259267697717,0.180995486151047,0.0854029757786396,0.0970913216108505,0.148620885821991,0.222179264677644,FALSE
"Q99983",0.0466904749913265,0.0217646927966249,0.0710994154677209,0.174230537220617,-0.0650625221818774,0.0315223309595544,0.0400456409808603,0.108199801221571,0.0715054653584145,0.0599639257847045,0.12754006222929,0.239293059402494,FALSE
"Q99996",-0.0815436949301955,-0.0663204923931412,-0.0149764511199445,-0.0971403421833561,-0.0771463929330433,-0.0748542154538637,-0.00689139104379196,-0.0871278334934055,-0.029890767451393,-0.00947147158020245,0.0746523038864035,0.0902489511395642,TRUE
"Q9BQE5",0.234359274961019,0.330375086341879,0.306012905075293,0.203312207077334,0.20974510640168,0.382754358342516,0.247497919125141,0.330444948029624,0.273934778253877,0.324525520053939,0.148395083381497,0.179442151265182,TRUE
"Q9BQS7",0.0882908105328393,0.169155470205677,0.166534913050246,0.199287157413928,0.0051783441758356,0.260761904332734,0.117198955873408,0.224294330347992,0.104227684189619,0.192401122906611,0.172471093799895,0.255583560156899,TRUE
"Q9BRK5",-0.0013910920319015,-0.0128143891746645,0.00263438306346274,0.147559096019986,-0.159429829556058,0.0367861191387204,-0.0141602049268771,0.0832745914573488,0.0324431925855459,0.028599239392087,0.158038737524156,0.306988925576044,FALSE
"Q9BS26",-0.243369730774752,-0.316109005160848,-0.253976186663674,-0.127278659926629,-0.356740481358017,-0.239965857681743,-0.26299797308256,-0.186731745213117,-0.204367892901324,-0.247688969971247,0.116091070848123,0.229461821431388,TRUE
"Q9BSL1",0.0281426860905173,0.0495884537732171,-0.0131343324134123,0.217406240580476,-0.130244959377779,0.120577534110363,0.0198339593913636,0.0443574056604704,0.0733179779300807,0.075661069422325,0.189263554489959,0.347651199958256,FALSE
"Q9BTT0",0.109192651022722,0.224017852188481,0.113605018685173,0.210013908778241,0.0806950030086411,0.15575921767012,0.149120129505047,0.245006988612766,0.189802092908574,0.140473781201949,0.135814337590044,0.164311985604125,TRUE
"Q9BU40",0.200133629566417,0.15957207977198,0.203838169570092,0.402168770067366,0.0447511502387223,0.24275907684991,0.136913496111895,0.332510704797729,0.166361947379799,0.208715231576653,0.202035140500949,0.357417619828643,TRUE
"Q9BUD6",-0.0284977002804942,-0.0511363044351567,-0.00596007385961625,0.154104471303718,-0.163912833644079,-0.00327676472611055,-0.0272844262420775,0.0596874837622809,0.0169431492138844,0.00805974275541612,0.182602171584213,0.318017304947798,FALSE
"Q9BUF5",-0.0935552577496317,-0.150784428839477,-0.111052916712496,-0.0589443303888543,-0.042890200344902,-0.0533089961310483,-0.0755081129245794,-0.053977292859746,-0.0128412470984217,-0.0588942836999385,0.08071401065121,0.137943181741055,TRUE
"Q9BUL8",0.122925270768667,0.209168875334883,0.154632688090854,0.216551473140722,0.168764338143659,-0.0162142247306851,0.201144344436772,0.226722232933869,0.218407167954002,0.192352407020252,0.139139495499352,0.242936457664554,FALSE
"Q9BUN1",-0.200360815772103,-0.40103379576043,-0.309311660333699,-0.0861978421236819,-0.451700621560349,-0.0137819718371734,-0.305405241310331,-0.239940927853029,-0.270179088933567,-0.275873095489811,0.251339805788246,0.437918649723176,TRUE
"Q9BV94",-0.0411698438668479,-0.0570536846008774,-0.0325568901342592,0.0721303892813874,-0.124042578991821,-0.0508673792963055,-0.0365549849209426,0.0105562185465079,0.0131257500569834,-0.058131000761742,0.113300233148235,0.196172968273209,FALSE
"Q9BWP8",0.0448701328924756,-0.0424991887268073,0.0201390399462737,0.204874519059683,-0.138361608522253,0.0338682312445059,0.0309384220387452,0.0537513305127471,0.094521369018603,0.0410900001545656,0.183231741414729,0.343236127581936,FALSE
"Q9BWS9",0.151631121039464,0.167630974081564,0.174590220120633,0.355164141585359,-0.0139243945240684,0.26106763115851,0.128850100084119,0.244816056855965,0.157522347971813,0.193613515758087,0.203533020545895,0.369088536109427,FALSE
"Q9BX67",-0.00916070335362894,-0.0386583665894473,-0.111567751660377,-0.213719051590265,0.246791924537138,-0.142266962791105,-0.0298408366534419,0.0661936673440904,-0.0164026927708365,-0.0911083374832939,0.255952627890767,0.460510976127403,FALSE
"Q9BX97",-0.0758574363226322,-0.00175670431801237,0.0446881408439951,0.0330520556101961,-0.114718105631394,-0.0221849525985709,-0.0251275508498165,0.0727215824373786,0.0206368530149609,0.0220335297698256,0.148579018760011,0.187439688068773,FALSE
"Q9BXN1",0.0454011494907272,0.0498776808920612,0.119181863376902,0.188901581886345,-0.0863948216970547,0.109121688466312,0.0650031042213112,0.16792142306191,0.0939198273438182,0.0931174184041559,0.143500432395618,0.2752964035834,FALSE
"Q9BXR6",0.121512322656609,0.0440416587351321,0.0805904906383143,0.22365508989491,-0.0747098072164469,0.287483924232283,0.0506078219458952,0.146816129902358,0.06394836658703,0.136705125497585,0.196222129873056,0.36219373144873,FALSE
"Q9BXT2",-0.10145606517786,-0.0524217416202207,-0.0235230680056063,0.0357006340662003,-0.0816198217719648,-0.114291204969771,-0.0747131985537847,0.0624592010446698,-0.0397984862614663,-0.0220345834147708,0.16391526622253,0.176750406014441,FALSE
"Q9BXX0",-0.0620088221219889,-0.0273945030191941,-0.0193898765648646,0.0344377810100849,-0.115683002866169,-0.00953348688509201,-0.0253936446625048,0.0335913443578492,-0.0174896585354,-0.0327196458120696,0.0964466031320738,0.150120783876254,FALSE
"Q9BY67",0.0407155193400524,0.0280357590390902,0.0643213855898705,0.139722710843246,-0.0494853070583729,0.0909401504841319,0.0404885698614066,0.151666344193316,0.0768766383170033,0.0777584009765162,0.110950824853264,0.201151651251689,FALSE
"Q9BY76",0.0682307616314642,0.145228250662901,0.161178717994075,0.229794477852293,-0.119964079310292,0.262696062610676,0.103176830663619,0.223727760234872,0.149170228873229,0.160286313402578,0.194465300979212,0.382660141920968,FALSE
"Q9BYE9",0.0435339264141784,0.00459071232764746,0.0637265055843423,0.162791748662059,-0.159415856014739,0.077578004861105,0.0679847482034702,0.0556725031219341,0.106608995652286,0.0242264710917137,0.202949782428917,0.322207604676798,FALSE
"Q9BYH1",-0.00289348735049404,-0.00629646008331761,0.0137744760120301,0.0847922710834139,-0.0814447528711064,0.0364545039236484,-0.00297785802255865,0.0880044313300479,0.0240067233309478,0.0109701634366428,0.090897918680542,0.169449184201154,FALSE
"Q9BYJ0",0.217169734563405,0.163502866999514,0.210778294907928,0.401291191383833,0.012392636681614,0.25648888880695,0.206078216133042,0.287821859301865,0.232037189026662,0.246500195122252,0.204777097881791,0.388898554702219,TRUE
"Q9BZE9",0.04801741713897,-0.0234745735917043,0.0250757800663032,0.186174748703839,-0.145118468273576,0.198101898512217,0.0127444356138709,0.113515945362774,0.0581610294920202,0.051561807344997,0.193135885412546,0.343220366785794,FALSE
"Q9BZQ8",0.00661732996514625,0.0596070991370794,0.0383694394690137,0.077696260398833,-0.0791152168496755,-0.0303090501805575,0.0545585944175079,0.0448614203616183,0.107582498063946,0.0373748184163285,0.1009651680988,0.186697714913622,FALSE
"Q9C075",0.0307278420144889,0.0383371850895658,0.0283763443059558,-0.0312584604362571,0.155874204177518,-0.0574056978133196,0.00581449110774635,0.093464337094865,0.0253617484592787,-0.0128521342260702,0.125146362163029,0.213279901990837,FALSE
"Q9C0C9",-0.15738573837947,-0.212650822666673,-0.205342364022719,0.055363880285861,-0.156484913338475,-0.183910565454136,-0.179438403031853,-0.0531606952918151,-0.133487929725016,-0.145612775158183,0.212749618665331,0.268014702952534,FALSE
"Q9GZM7",0.0597639190400505,0.0323463993405885,0.105323283788475,0.164700402138022,-0.0310340988895192,0.121237496530478,0.0626272081747956,0.159565869356829,0.0975995155417981,0.0964894909569792,0.104936483097972,0.195734501027541,FALSE
"Q9H0B8",0.00558554732055423,-0.139257639711484,-0.0886463588312721,0.214975824657739,-0.210788504285199,0.0602767632207428,-0.0471139060506007,0.0217220117733213,-0.0106208323285228,-0.0180387075122394,0.216374051605753,0.425764328942938,FALSE
"Q9H0U4",-0.00483031533105537,0.144317786030717,0.071157275213584,0.0943865817878703,0.0695530683520351,-0.0743781429659268,0.0799018341354206,0.139864293103142,0.105546197265924,0.111685498908727,0.149148101361773,0.218695928996644,FALSE
"Q9H159",0.0319025434522606,-0.000626667229503686,0.0549700715450819,0.123406720877146,-0.0856563740879242,0.0417193537880104,0.0336767069561648,0.0702097352690942,0.0717391509305398,0.0503295467312188,0.117558917540185,0.20906309496507,FALSE
"Q9H173",0.0771002829825155,0.0657131046114552,0.0949391138340187,0.142631134760361,-0.0826038267863414,0.239014837985659,0.0578873106191547,0.179351511732492,0.0748812320279509,0.116581995795852,0.161914555003144,0.321618664772,FALSE
"Q9H1B5",-0.2190946543518,-0.0763744417264706,-0.098383444973902,-0.0807300169413985,-0.331155505048901,-0.0793011825079949,-0.141758252034117,0.0167215999488807,-0.0962040151076949,-0.042664846838954,0.235816254300681,0.347877104997782,FALSE
"Q9H1Z8",-0.00354860026388551,-0.0363592941916384,0.0118940982157581,0.0519982704253536,-0.0732883731305158,0.090976094377959,-0.0392165872062557,0.079263289180767,-0.00134464080062779,-0.00841717017944246,0.0945246946418445,0.164264467508475,FALSE
"Q9H251",-0.0525447565641263,-0.0507835419052663,-0.020424250969511,0.0883973149169425,-0.141894806755131,-0.0658373981028602,-0.0293288747953137,0.0305648053186217,-0.00777629735260254,-0.0440750179281761,0.140942071481069,0.230292121672073,FALSE
"Q9H299",0.0406015429416861,0.11296771787936,0.0630490226991951,0.141409121095589,0.0716562964928245,-0.0273849955787267,0.109561303135342,0.135556016880743,0.115650335576555,0.132951210004647,0.100807578153903,0.168794116674315,FALSE
"Q9H2K2",0.0295701347178137,0.0557940227303733,0.0569111687052619,0.113502652309667,-0.154529454420603,0.180404226489246,0.0320836104958679,0.113843150615345,0.0359499293287085,0.111891459707035,0.184099589138416,0.334933680909849,FALSE
"Q9H2X3",0.109278292674478,0.0711905957338365,0.133113200121803,0.164477771252189,0.00488755028450267,0.208945281737849,0.10923710249559,0.153757459974241,0.126129130428872,0.14032185709593,0.104390742389975,0.204057731453346,TRUE
"Q9H3G5",-0.0423133374139065,-0.0285898224577171,-0.00911973430682868,0.11247939969078,-0.193192215591254,-0.0362373911895424,-0.0257400990009031,0.0843128942427114,-0.00721855617652854,-0.00692485099728124,0.154792737104686,0.305671615282034,FALSE
"Q9H4A9",0.0555720421016697,0.0471434377949245,0.040225891402108,0.104108394923835,-0.0735751936868916,0.0925493855023598,0.0322355573955497,0.0858599488814504,0.103501670271307,0.0896208235532628,0.129147235788561,0.177683588610726,FALSE
"Q9H4B7",-0.0371444130027687,0.0849413601662982,0.0117913884859464,0.12403303685837,0.0455748846654394,-0.213193855281248,0.0738277439076737,0.0879995750994525,0.0779616334871855,0.0994139770829056,0.176049442278479,0.337226892139618,FALSE
"Q9H4G4",0.115322453856217,0.171068464117844,0.158177955173984,0.202465675997658,0.024749050837548,0.146851730199347,0.141506393925477,0.201344105173648,0.202909846451649,0.179841209944221,0.090573403018669,0.178160795614101,TRUE
"Q9H4M9",0.0799886340622794,0.19362057599711,0.16112563355005,0.218640448476421,0.0254526601590141,0.127887885912259,0.173816529890431,0.243732875136063,0.206847947806917,0.201549760481699,0.163744241073783,0.218280214977048,TRUE
"Q9H5I5",-0.0211262328731076,-0.0171381868147768,0.0187263455505102,0.068370163611597,-0.134601784468702,0.076758344218948,0.00220724485320306,0.071137294123798,0.0250805217684947,0.0394315225098887,0.113475551595595,0.21136012868765,FALSE
"Q9H6X2",0.256923218899487,0.283399442150933,0.319385166846361,0.287536708289902,0.146724093202602,0.397174540611415,0.25867784242633,0.323185484332035,0.27841217931159,0.306512996229222,0.140251321711928,0.250450447408813,TRUE
"Q9H8J5",0.0285659766708957,0.12927421356663,0.151533544075742,0.165115119920667,-0.0294693656412643,0.167519696318252,0.0740347713537701,0.175707237024891,0.133640344044467,0.0835269073001303,0.147141260353996,0.205176602666156,FALSE
"Q9H8L6",0.233862921359554,0.307212306043162,0.337121017202883,0.394179121339748,0.0914079124112304,0.333474855847816,0.266857227959809,0.413330104192677,0.313079705282505,0.350978350839291,0.179467182833123,0.321922191781446,TRUE
"Q9HBB8",-0.0581355767511635,-0.0120310166540571,-0.0476158409178507,-0.0382095352152769,-0.11320289019623,-0.0243145515894062,-0.0703640734235118,-0.0414073706720983,-0.0568944238941244,-0.0028454225979819,0.0552901541531816,0.110357467598248,TRUE
"Q9HBI1",-0.0496551272223612,0.150866766099633,0.0509111310977989,0.0837114926465846,0.0414438684714028,-0.17035585995933,0.083814085226906,0.100901735211768,0.0987714996825376,0.0987190136742885,0.200521893321994,0.321222626058964,FALSE
"Q9HBW9",0.18822599774571,0.242680860030347,0.269884691304227,0.368412827825184,0.11794342878668,0.140568957129742,0.208577792695612,0.316289648588139,0.251292826733291,0.254558012235722,0.180186830079474,0.250469399038504,TRUE
"Q9HC84",0.0394737586260799,0.0841397891921181,0.133079713406725,0.0988885084663017,-0.0582880498034217,0.173083459548376,0.0690559754842144,0.171250831676786,0.0895423226372809,0.138873376679653,0.133609700922296,0.231371509351798,FALSE
"Q9HCB6",0.15141415168448,0.0491119110019314,0.124709950859412,0.276047848317932,-0.0224057388675582,0.221634183902017,0.0811428237539537,0.187549325278696,0.100862096689539,0.125955524896858,0.173819890552038,0.29845358718549,FALSE
"Q9HCL0",0.0151600245386582,-0.0596022310915696,-0.00849071236268661,0.194231004258171,-0.17992980771429,0.0192965966181412,-0.00247150798062794,0.0432502360423654,0.0352261809573818,0.0157320846207659,0.195089832252948,0.374160811972461,FALSE
"Q9HCM3",-0.012862842851844,0.0150579580502017,0.0155092158650473,0.0501347586234125,-0.134099337817944,0.0363849526162199,0.0051181439383138,0.0763796320795506,0.0348497709546463,0.000692890962285293,0.1212364949661,0.210478969897495,FALSE
"Q9HCN6",-0.0279708869759394,-0.00305764484215915,-0.00700294254176139,0.107865792271943,-0.170494147965693,0.0523157754333543,-0.00611729599364059,0.0335729594075706,0.0560923311643186,0.0237399620753059,0.142523260989754,0.278359940237636,FALSE
"Q9HCU0",0.0762570318435049,0.100076781476635,0.112849030999631,0.24134029872572,-0.0137262662038978,0.0574997484836441,0.100369078857858,0.16025809511684,0.130007179966225,0.112208731704022,0.165083266882215,0.255066564929617,FALSE
"Q9HDC9",0.161860018653851,0.245329710597986,0.262547661042549,0.395417240119028,0.0457144103999868,0.255077319627817,0.237992201697227,0.329957383879423,0.244113844512444,0.292463248946786,0.233557221465177,0.349702829719041,TRUE
"Q9NP55",-0.06883274338851,-0.102999292765345,-0.141236134437759,-0.280250599653862,-0.0337537325458638,-0.0781567901431195,-0.140484899810922,-0.189121249510822,-0.131763244094155,-0.142761715702361,0.211417856265352,0.246496867107999,TRUE
"Q9NP58",-0.0715214769154085,-0.0669278369883516,-0.0684271270791224,0.0118910491893329,-0.0453705083579487,-0.0687854536372283,-0.0200486473122386,-0.0431308239174384,0.0154542756458769,-0.0221524105983146,0.0869757525612854,0.0842397292831051,FALSE
"Q9NP72",0.113611543825696,0.167637631541257,0.173794285758105,0.120322406950279,0.230516300929023,0.0855037707158882,0.161578722672044,0.20761866573305,0.158208503104892,0.192413868509887,0.116904757103327,0.145012530213135,TRUE
"Q9NP78",0.241404782039315,0.483501727627012,0.48101624535114,0.387166529589748,0.314325999177588,0.245933193290952,0.381434407413884,0.431591212296674,0.42812914475878,0.462700479646527,0.242096945587697,0.23756853433606,TRUE
"Q9NPA2",-0.102431485070156,-0.157358291946293,-0.0414285653777182,0.0846521059686698,-0.219665786935484,0.106134236900411,-0.0532252631657648,-0.00246700690597484,-0.0193077167478601,-0.0683694398142446,0.208565721970567,0.325800023835895,FALSE
"Q9NPG4",0.0537118252975921,0.0092398301439033,0.0425388022674775,0.247731440443699,-0.169690870123496,0.113694565152821,0.0441499413566442,0.120206511172567,0.0712388384562373,0.0628843648133228,0.223402695421088,0.417422310567195,FALSE
"Q9NPH3",0.165771769934527,0.157440060333939,0.186248444848086,0.191924439541474,0.0482615697390408,0.446325132815339,0.166111419984731,0.225960964832853,0.161048279899154,0.26604395986194,0.280553362880812,0.398063563076298,TRUE
"Q9NPY3",0.109582495259436,-0.0193888757818021,0.060784578626046,0.341527716340622,-0.193612249009638,0.147785529945368,0.0707374125787798,0.0818591886449248,0.112290976981705,0.0880474394213823,0.303194744269074,0.53513996535026,FALSE
"Q9NQ30",-0.0389477398662929,-0.0665016415778121,-0.036461152394716,0.0288792614713287,-0.149790584301284,0.0277028864323396,-0.047566432914963,0.0310140099545858,-0.018588486059507,-0.0482714688714278,0.110842844434991,0.18080459425587,FALSE
"Q9NQ38",0.0611515384485117,-0.0403901831462367,0.030044949229572,0.212304036077945,-0.158073410455225,0.238707497976753,-0.0242012639254876,0.115186387205133,0.00784287019116509,0.0256903559194723,0.219224948903737,0.396780908431978,FALSE
"Q9NQ76",-0.0176063596376128,-0.0961357682065888,-0.0696177847782085,0.0678505123220346,-0.134204356256755,0.115950790698272,-0.144555137061482,0.0486660818924019,-0.109417214891326,-0.0599359313858904,0.133557150335885,0.260505927759754,FALSE
"Q9NQ79",0.112639524919981,0.0506460234062645,0.0900095876155744,0.216230491738983,-0.0224318620329678,0.120539386049537,0.0745095912787071,0.141822310521033,0.125279979178697,0.115134449451926,0.135071386952949,0.23866235377195,FALSE
"Q9NQH7",0.04322661906749,0.0965014660630996,0.0607215447763033,0.227758131771222,-0.0644634315815991,0.0204534757911065,0.101977802933818,0.110235625044295,0.124438730976282,0.0847840083707678,0.184531512703732,0.292221563352821,FALSE
"Q9NR34",-0.0283263766075394,-0.159166259527085,-0.0521510437798543,-0.0434162891592719,0.0378653618208182,0.0178740212153131,-0.0742427580739693,-0.0604600033536926,-0.0475168461171986,-0.061049600390007,0.130839882919545,0.197031621347903,FALSE
"Q9NR99",-0.00212431187604665,-0.0566291557021782,-0.0199396437266792,0.0459005832402758,-0.0704403394364163,0.0194542884288814,-0.0264979664686857,0.0487898404288042,0.00357163980973099,-0.0278763088142656,0.0683160275603696,0.11923017986522,FALSE
"Q9NRA1",-6.42480884708673e-05,-0.00856064260863163,0.0413448596007594,0.107536429205437,-0.0755614142130858,0.0589053554909788,-0.00638407344806474,0.111993753509432,0.0270214641963127,0.0553682768012126,0.112058001597903,0.187555167722518,FALSE
"Q9NRB3",-0.0357109268313201,0.00396587369475272,-0.0041156181359276,0.0649344294048653,-0.148446621922266,-0.0178889075466367,0.00969322209135885,0.0640079007152329,0.031626310007227,0.0385200540788631,0.112735695090946,0.213381051327132,FALSE
"Q9NRW1",-0.0256671185308399,0.0382248420295771,-0.0613773764347231,0.165270286075309,-0.0943272757152539,-0.143112000055568,0.0314419598219181,0.0239300596699225,0.0668036631874845,0.0245205735555503,0.190937404606149,0.308382286130877,FALSE
"Q9NRY5",-0.11266342476994,-0.12300080457236,-0.149476452215824,-0.010323832218434,-0.0726042339242922,-0.224181184221039,-0.135398834859793,-0.0439157190108096,-0.0739982286677502,-0.126257111231373,0.111517759451099,0.213857352002605,TRUE
"Q9NS62",-0.0871946021683713,-0.0772484546481689,-0.0552679668306942,0.0229801208085467,-0.171071339274691,-0.0155352394826723,-0.0726553906580192,0.0238377213035043,-0.0404526575425572,-0.0689024390208578,0.111032323471876,0.194909060578195,FALSE
"Q9NS73",0.00882807177941582,0.0400634066219437,0.0524831972743699,0.129525768076437,-0.102826356649249,0.137984112883085,0.0286417274473203,0.14873391010226,0.0438360468677755,0.0698302805193595,0.139905838322844,0.251560266751509,FALSE
"Q9NSC7",-0.131624908621195,-0.20345130405594,-0.0902670376222794,-0.0545551350228571,-0.206550499465381,-0.101126872774204,-0.104775377757202,-0.0684944438167522,-0.0707231678726867,-0.0574100065249092,0.0770697735983379,0.151995364442524,TRUE
"Q9NT22",0.115392345529801,0.180702229731899,0.21902223340483,0.273760602456799,-0.0439238625850899,0.246816428365417,0.178283756588876,0.263522868275231,0.166271975316391,0.209683958059919,0.159316208114891,0.317684465041889,FALSE
"Q9NT62",-0.0832696642783262,-0.074277012227837,-0.142361069573363,0.0224975079287999,-0.141876661096509,-0.0370687181345786,-0.0868681556131695,-0.046833505130911,-0.0563078292950729,-0.0990330814817983,0.105767172207126,0.164858577502163,FALSE
"Q9NTK5",-0.118062834066426,-0.0645705970004771,-0.132097767197572,0.0405115369333636,-0.126722608381333,-0.0978541686567407,-0.115310402088168,-0.0251203349872373,-0.0726253587591052,-0.0774885634257474,0.15857437099979,0.172609304130935,FALSE
"Q9NUQ9",-0.131938410725909,-0.089805696309073,-0.0912443324244159,-0.140595000460149,-0.117741432939109,-0.0172532626479235,-0.0809934990794427,-0.0815710141288544,-0.074887644257931,-0.106826981805205,0.114685148077986,0.123341737812225,TRUE
"Q9NY65",0.109932495477722,0.328078308580946,0.234401865002124,0.231776254193926,0.158069012567957,-0.0536797170657566,0.258732273075936,0.230131244504274,0.307741167642193,0.280018944683802,0.218145813103224,0.381758025646703,FALSE
"Q9NY97",0.0515571704753934,-0.0272902999135826,0.0268854387452231,0.165612021866437,-0.183578148131562,0.194257220074325,0.00187425749857188,0.127996862737941,0.0409653737916973,0.0561168621407157,0.235135318606956,0.377835368205887,FALSE
"Q9NYQ6",-0.015719678889585,-0.0355141855099113,-0.0148520829390559,0.101609594423832,-0.229998763822925,0.110155345012613,-0.00258094306262381,0.0515894995013714,0.0122756735645763,-0.0115526140099961,0.21427908493334,0.340154108835539,FALSE
"Q9NYQ8",0.101767173915126,0.00797906353104345,0.183963327489659,0.307214374404812,-0.222662131773428,0.178318397009512,0.0992083576297818,0.237651720470486,0.169347482940075,0.236733460516978,0.324429305688554,0.52987650617824,FALSE
"Q9NYU2",-0.0371035768376499,0.0213268818372221,0.0469416685973679,0.0828700621613674,-0.112649418788864,0.0612432488097902,0.0255506213847675,0.114458057802988,0.0460349128931295,0.0588919416687106,0.151561634640638,0.227107476591853,FALSE
"Q9NZ08",0.0880279973705132,0.157677269506166,0.172812854980529,0.134806599377956,0.125670955231631,0.118814591556056,0.149147037885389,0.171921664403417,0.170169974232397,0.215172750643003,0.12714475327249,0.0963581590869471,TRUE
"Q9NZ53",0.0425732911319167,0.145408526500406,0.10498683068515,0.204482173536081,0.0233820031976978,-0.00999981404123186,0.0741184239656608,0.215616093408963,0.120879624997348,0.116080212300222,0.173042802277046,0.225615907450195,FALSE
"Q9NZD4",0.135562621539664,0.270491897747561,0.182414215211786,0.393529792633113,0.0503267412695493,0.187796590751432,0.216642622396906,0.230796770430792,0.276727944203011,0.199825876165037,0.257967171093449,0.343203051363563,TRUE
"Q9NZN3",0.00729560777775917,0.138043493538532,0.0870154735134113,0.107107933992661,0.00367212835503932,-0.0184546263247324,0.10587163806391,0.148502061607756,0.132763114702805,0.135588363739958,0.141206453829997,0.166956687932489,FALSE
"Q9NZP8",0.211966178290466,0.160999249291391,0.214211880805612,0.312143108804697,0.0451263867447664,0.362715551782944,0.186636925294359,0.264591007825432,0.207548058619149,0.28871327998641,0.1668397915457,0.317589165038178,TRUE
"Q9NZT1",-0.128331660476221,-0.0916778685848076,-0.119261824913159,-0.252854538256709,-1.34562779552807e-05,-0.167786787578391,-0.158292177835306,-0.0543310877600929,-0.143713526924658,-0.149497775747195,0.128318204198266,0.252841081978754,TRUE
"Q9UBE0",0.297834501137372,0.333845797017968,0.382936011051396,0.572070551151955,0.122406002650005,0.442948860673885,0.361943296573285,0.450425039720626,0.371809834895645,0.433404490095445,0.274236050014583,0.44966454850195,TRUE
"Q9UBP0",0.118289885462612,0.00305768062116681,0.0618697827500769,0.243189732779658,0.0109033211119232,0.154110033792698,0.0706420261766862,0.0960922586133107,0.0755090846171484,0.0765186972946298,0.124899847317046,0.240132052158491,TRUE
"Q9UBP4",-0.0336377301600241,-0.0019077756236391,-0.00449119101882005,0.0688022214627961,-0.0897070597862483,-0.0489087137993277,-0.00909348797966257,0.0627355039300898,0.0155218552555158,0.0024006644598865,0.10243995162282,0.158509281249044,FALSE
"Q9UBQ6",0.212059831285886,0.172990474007922,0.261883746439331,0.174689475627248,0.148661521695895,0.319422155313806,0.20623292347472,0.281216284127893,0.255427935795594,0.332971318047942,0.120911486762056,0.184309796352047,TRUE
"Q9UBQ7",0.0325573236935357,0.136604544515891,0.0646371534883606,0.070485829321841,0.0438056933533412,0.133319200223286,0.110097440676917,0.131279948651625,0.106335037803994,0.131800122151706,0.104047220822356,0.0927988511625503,TRUE
"Q9UBS3",0.0670582463749252,0.0873134530610847,0.139508554858421,0.256970986262349,-0.00370332258443855,0.0900676885794346,0.0847263905637011,0.203298645665203,0.114692697868794,0.155834620634928,0.189912739887424,0.260674308846788,FALSE
"Q9UBS4",-0.166004237207853,-0.141266284734245,-0.132977064808124,-0.148714420244942,-0.190633132474679,-0.0607596899188828,-0.145366960998286,-0.0166932885791491,-0.127946761782324,-0.083370238757382,0.149310948628704,0.17393984389553,TRUE
"Q9UBS9",0.022976815102918,0.00465579750779792,0.0181346645592214,0.124156330382381,-0.108279029940565,0.102690455950462,-0.00320143488202393,0.12118956451495,0.0542784251992335,0.0253454685137876,0.131255845043483,0.232435360322946,FALSE
"Q9UBU3",-0.0533889438851122,-0.0563131909962919,-0.0471528463480291,0.109662783819297,-0.113582413350812,-0.00513481481310716,-0.0620565861227016,0.026870474559276,-0.0392837494293368,-0.0545885491340872,0.163051727704409,0.223245197170109,FALSE
"Q9UBV8",0.0782325249537855,0.0917266346672073,0.0965100521605771,0.184635925911499,-0.0454412970056107,0.219814588186635,0.0884289252766716,0.138519380059086,0.148081608340415,0.150251213429619,0.141582063232849,0.265255885192245,FALSE
"Q9UBW5",0.0459680985479762,0.187337201546006,0.138289848642148,0.194629891928601,0.190037900204566,-0.0724213192478677,0.168816508931886,0.193657014612261,0.199238795223762,0.199830744680095,0.153862646132119,0.272252063927962,FALSE
"Q9UBX1",0.14912938347377,0.1624613457932,0.225952005415781,0.258673318793166,0.11493784595525,0.16181116019662,0.189171840309114,0.250917894948425,0.188466637855829,0.239642272489644,0.109543935319396,0.143735472837916,TRUE
"Q9UBX5",0.0247712152357809,-0.0359856687332482,0.0198935588734926,0.278753892178706,-0.175997324856165,0.0740315104421483,0.0250061388133675,0.0926668282399853,0.0624409813270141,0.0648858122538081,0.253982676942925,0.454751217034871,FALSE
"Q9UBX7",-0.0598708786853383,-0.114038265636124,-0.0793904613639565,0.130716186069561,-0.23442593217061,0.0159365134154454,-0.0654604290737754,0.00504868127457025,-0.0281730804454344,-0.0782990240415614,0.190587064754899,0.365142118240171,FALSE
"Q9UGM3",0.0678800735646089,0.176281603168771,0.159993123129933,0.152409540397402,0.0646659441795897,0.0188756452021193,0.133606730741721,0.170050907156423,0.159142139914996,0.112883968608137,0.108401529604162,0.157405957966652,TRUE
"Q9UGM5",0.156672934062423,0.220321192765118,0.273982571669829,0.419233712782712,0.00959389362728133,0.257848006892938,0.266965357019994,0.315836780807153,0.248452163696699,0.325167872980077,0.262560778720289,0.40963981915543,TRUE
"Q9UHC1",-0.0170885827204578,0.163852893306048,0.0783579958291636,0.139996506581532,0.0747143942951458,-0.0553377381422086,0.101456887116315,0.230562492432252,0.110394513596117,0.176416662080094,0.24765107515271,0.285900230574461,FALSE
"Q9UHF0",-0.131986689325359,-0.193889178436102,-0.0806252516795236,-0.0598513672794874,-0.135261191595163,0.0515504835247598,-0.116681705098626,-0.0965886193823614,-0.107178820806892,-0.114216071889985,0.183537172850119,0.245439661960861,FALSE
"Q9UHG3",0.15614476581349,0.130846548352816,0.150495104875041,0.139932697283516,0.103994974371155,0.23855636159999,0.116338852140382,0.150793241414828,0.160330060464729,0.154996406832775,0.0824115957865,0.134561387228835,TRUE
"Q9UI15",-0.0223562269397671,0.113232282011278,-0.00723489311253505,-0.0298537797365397,0.0939772843083744,-0.0693803950359369,0.0465966968309355,0.0658774975082946,0.068559168945068,0.0823080989700191,0.135588508951045,0.182612677047215,FALSE
"Q9UIQ6",0.107545042059496,0.20135053234953,0.122761743752173,0.179058139989834,0.118922144406492,0.0863651668053852,0.120597519645924,0.25873380982033,0.146645698406279,0.171733678044282,0.151188767760834,0.172368643014945,TRUE
"Q9UJJ9",0.175075807031111,0.15855217878966,0.21345192951629,0.341053143679465,-0.0330876674914664,0.279174581972649,0.177472425440842,0.259327079338116,0.206984183615657,0.21405081915105,0.208163474522577,0.374140811170931,FALSE
"Q9UJU6",-0.128376577201497,-0.0822003852266163,-0.162254952030766,-0.0142466805599099,-0.14608179662754,-0.0935697261133988,-0.0804295935000765,-0.0582834277395223,-0.0705602508853677,-0.0972540893324144,0.114129896641587,0.148008271470856,TRUE
"Q9UK55",0.126742703068241,0.203530488048329,0.260926816860031,0.267504292086687,-0.00404083369711624,0.202786440764714,0.198353854015392,0.218802311568362,0.216111332075909,0.232968829771758,0.140761589018446,0.271545125783803,FALSE
"Q9UKM7",-0.112422398896827,-0.123808233041691,-0.0909407267349234,-0.0780194794129452,-0.186163486526547,-0.0764063600823693,-0.0954289063072449,-0.0716780936447149,-0.0584579380402469,-0.101386171283669,0.0737410876297199,0.1277055484863,TRUE
"Q9UKN7",-0.21738479899119,-0.395456191292081,-0.279494045641149,-0.276461861127138,-0.231597228050711,-0.185741481268465,-0.281186973407853,-0.245466454088658,-0.265198316810985,-0.287556762806543,0.178071392300891,0.209714710023616,TRUE
"Q9UKU9",0.184973952598434,0.116423730027586,0.168977492290976,0.306869146206194,0.0950243671473236,0.159681936900282,0.209859604977528,0.153089732517947,0.229649856133053,0.19866406082156,0.12189519360776,0.211844779058871,TRUE
"Q9UKX5",0.214039506549462,0.225197132639491,0.269764542528581,0.290327823875815,0.0145418505270489,0.27883228922416,0.210993312133916,0.287615704105274,0.261223032445913,0.27401985089838,0.199497656022413,0.275785973348766,TRUE
"Q9UKZ9",0.0675351461666711,0.027085614295093,0.0717897751517488,0.237818354261898,-0.0992152062769403,0.127797278176176,0.0420202661768093,0.146266944110073,0.0696355729227068,0.0838430103350037,0.170283208095227,0.337033560538838,FALSE
"Q9UL25",0.0988108698305323,0.16948251571762,0.103663463322816,0.169732735971481,0.0948997565416167,-0.011137728285842,0.137962371919152,0.203035441176481,0.11665056240786,0.141543656034483,0.109948598116374,0.214173169462323,FALSE
"Q9UL46",-0.0261438507473683,0.0521638883968595,0.00694359784928769,0.110855304352734,-0.013693984323953,0.0436732633612971,0.0362329456994633,0.0842887076155858,0.0493097220034036,0.0291584357109424,0.136999155100102,0.124549288676687,FALSE
"Q9ULF5",0.0181437453919915,0.159858243734306,0.113972955302189,0.229615065422603,0.049393714039521,0.0684392036103911,0.159421110145115,0.133760103270466,0.230069010566624,0.0946922428189731,0.211925265174633,0.180675296527103,TRUE
"Q9ULI3",-0.0163634877653609,0.02917649563848,0.0366290527327498,0.00282459354560515,-0.044027022410935,0.0308231899757634,0.00896697821773091,0.0724672806579531,0.0314120742394101,0.0150297731952514,0.088830768423314,0.116494303068888,FALSE
"Q9ULV4",0.0702415174042421,0.157204850326463,0.183983573741773,0.109030147397906,0.182969914166821,0.0981710125053076,0.21209985750315,0.201466919826537,0.230370599229629,0.27955003326729,0.209308515863048,0.181379020761983,TRUE
"Q9UN70",0.119970627107727,0.0652367928789531,0.125274861450461,0.354694206438246,-0.092932987407385,0.129649126381608,0.121030671947487,0.160334147043103,0.15072973449135,0.147836337183945,0.234723579330519,0.447627193845631,FALSE
"Q9UNM6",-0.0674951804057524,-0.08195031907148,-0.14121454617363,0.142472378660868,-0.15446385101748,-0.1121033271942,-0.0799518584019272,-0.0780928503936799,-0.0240839867192095,-0.101290833594743,0.20996755906662,0.296936229678348,FALSE
"Q9UNW1",0.152571040024943,0.228128686088131,0.254462587421277,0.317182222987259,-0.0301704918250503,0.34724211348534,0.21199214280875,0.320049912741059,0.224513546068847,0.279704828102224,0.194671073460397,0.377412605310391,FALSE
"Q9UPN7",-0.198237247437443,-0.230644493530999,-0.250316464619734,-0.0750424536221003,-0.208661511448425,-0.195995798296644,-0.233187453524329,-0.119195368332828,-0.193938238638859,-0.211612998819757,0.123194793815343,0.175274010997634,TRUE
"Q9UQ16",0.216874228510397,0.314229480495092,0.28139394156596,0.418625245487921,0.248990405176767,0.154664881320015,0.288514307240496,0.352173823364037,0.312904084808799,0.308745256892614,0.201751016977524,0.263960364167906,TRUE
"Q9UQ53",-0.0546144414662,-0.0139123402546701,0.0221266948860905,-0.039020542914426,-0.140246871325352,0.0594953864491596,-0.00625519121952486,0.070478455409805,0.0187372576243699,-0.0140178883670022,0.125092896876005,0.210725326735157,FALSE
"Q9UQ80",-0.0313039157505763,-0.036702497063038,-0.116938351497268,0.154286275604041,-0.114491050983443,0.0680367220989448,-0.0815295943907241,0.083651495160892,-0.0329385788239935,-0.065372862785274,0.185590191354618,0.271224627101309,FALSE
"Q9Y240",-0.0591994974534001,-0.0444065561896075,-0.0277764933539799,0.0826775478120008,-0.175572932795906,-0.0156411430102607,-0.0392820491431954,0.0480399066289291,-0.00619323155145234,-0.00464659627908824,0.141877045265401,0.258250480607907,FALSE
"Q9Y251",-0.158368252256617,-0.0153577158978997,-0.00878888573786116,-0.0829419251881391,-0.106847324773028,-0.216984787914668,-0.0556730857155298,0.0501919649939936,-0.0206219989475005,-0.00911675209468613,0.208560217250611,0.267176752908662,FALSE
"Q9Y274",-0.100140481450869,-0.0798120052498138,-0.048076546478017,-0.00664012716508895,-0.173809068075378,-0.0277126518417226,-0.0706716531215572,0.00280522201530687,-0.0326014200154577,-0.0304319454153067,0.102945703466176,0.176614290090685,FALSE
"Q9Y2V2",-0.0771069597607461,-0.093290452446419,-0.12733226865655,0.107419046193617,-0.159603966896924,0.0446287907175404,-0.119210496449543,0.0305532090419318,-0.0468748581312726,-0.0848864049788633,0.184526005954363,0.267023013090541,FALSE
"Q9Y376",0.0109423838191788,0.0735123244129629,0.068210665467972,0.0377218594222628,-0.0331233432512194,0.080060033916946,0.0792817903464009,0.125170371555018,0.108975883465806,0.05470664833672,0.114227987735839,0.158293714806237,FALSE
"Q9Y490",-0.0632758433459593,0.130500440170637,0.0313158216960537,-0.0036348955969998,0.139029532404463,-0.250290231172246,0.0747901793895978,0.0782561083278341,0.0779668446518796,0.0991684570146601,0.202305375750422,0.389319763576708,FALSE
"Q9Y4E8",-0.0983747716424851,-0.0904964296752811,-0.114217565581274,0.124774568869702,-0.151069704600701,-0.145761493063892,-0.0742232121470536,-2.29803862016203e-05,-0.0285440849369468,-0.0838317675374198,0.223149340512187,0.275844273470403,FALSE
"Q9Y4F3",-0.0132957447729499,0.0180588897226347,0.0347898343504064,0.198979797967788,-0.212101217392066,0.157373830214585,-0.0260604562162141,0.197120942986329,0.0279381124563894,0.0639494933934377,0.212275542740738,0.411081015359854,FALSE
"Q9Y4L1",0.10326076686705,0.141056424738869,0.145522810360251,0.214241860491859,-0.0308743027955949,0.13047649790256,0.115359533078036,0.165168623285064,0.148413155511518,0.144557067161368,0.134135069662645,0.245116163287454,FALSE
"Q9Y543",0.0223320612643699,0.0344477619320294,0.0510133212655588,0.259140031746039,-0.212854643626848,0.178053369278589,0.0265504214149344,0.163468322652232,0.0421665850272484,0.0889035964665002,0.236807970481669,0.471994675372887,FALSE
"Q9Y566",-0.2402608437282,-0.384815542778666,-0.350104279322837,-0.226381622764748,-0.366335963022834,-0.117929755523343,-0.318063397891075,-0.339885578835867,-0.381198354518246,-0.33298360435084,0.144554699050466,0.266885787255322,TRUE
"Q9Y5C1",0.0917178178922169,0.0699679402907755,0.131076104337427,0.146283205714661,0.0155084115423056,0.152692729353873,0.0665507163770287,0.166601234338565,0.102966529488447,0.109911193674797,0.0762094063499113,0.151092822796259,TRUE
"Q9Y5X9",0.2564420214519,0.299093594091624,0.314451492785576,0.321466998181325,0.121659911804395,0.266830117641505,0.259849770404055,0.32392428138159,0.309680532233027,0.286597065003125,0.134782109647505,0.202264369577195,TRUE
"Q9Y5Y7",0.0920382450292102,0.0599832677707424,0.101717513761396,0.308743647207415,-0.10922135982646,0.150351889537008,0.0961074011257352,0.168050530426461,0.117713668026243,0.131821363200161,0.216705402178205,0.417965007033875,FALSE
"Q9Y624",0.0623702525769269,0.162396534306623,0.168962978564835,0.162580956493183,0.103835420774602,0.0743420213521644,0.125479675231018,0.196885997843366,0.164448971621222,0.158368630440507,0.134515745266439,0.122543976491202,TRUE
"Q9Y625",0.0218391394213996,0.081928893777836,0.100485526927603,0.166392101161896,-0.129632056628764,0.115331681057357,0.0764451901860541,0.174940225096164,0.109420472404824,0.115108006156169,0.153101085674765,0.304572281724928,FALSE
"Q9Y646",0.203589973673686,0.248716859876172,0.269207025654085,0.295463722490081,0.0499639153177596,0.284941448744886,0.231320601603116,0.29279980732124,0.256093032616718,0.301228413523064,0.153626058355926,0.251264498205304,TRUE
"Q9Y696",-0.0236305562743315,0.0789853016778204,0.0684632385644494,0.0306485116612073,-0.0208303635430801,-0.0410356748847466,0.0204078354622165,0.0939372266379154,0.0483859077794184,0.0624664281771141,0.117567782912247,0.134972901522662,FALSE
"Q9Y6B6",0.0140578446789225,0.100204442129726,0.0919125504066529,0.103197231073737,0.10238406387228,-0.049119746699676,0.0975253105878565,0.110519007696646,0.103956488434119,0.124246606957644,0.110188762278721,0.17336635365732,FALSE
"Q9Y6C2",-0.13696329874226,0.0162759520421919,0.00282625226834015,0.0189843133540109,-0.21994075254888,-0.0132827423406639,-0.0527538988489737,0.125654077060575,-0.00389340408441939,0.0571027085581797,0.262617375802835,0.345594829609455,FALSE
"Q9Y6E0",0.179929896573389,0.339827324088023,0.271588465088274,0.359300388147266,0.0875637418338595,0.169466004889137,0.291398234981721,0.33717042696376,0.309356693747874,0.331994156248931,0.179370491573877,0.271736646313406,TRUE
"Q9Y6R7",0.28747761466169,0.249467898939279,0.258738020919483,0.326159320939504,0.0967695116080722,0.375392239509132,0.310647343100315,0.294903039552507,0.277618671652829,0.428022487974528,0.190708103053618,0.331252976366456,TRUE
"Q9Y6W5",0.0589049880510291,0.200306338976944,0.107738106535017,0.0668336850029175,0.140639867267802,0.0672839717982418,0.0840698708854078,0.16242085176034,0.176257337749498,0.162188875692738,0.141401350925915,0.133472653974026,TRUE
"Q9Y6Z7",0.0499184866992888,-0.00133224397401387,0.0433990055970301,0.233478337967002,-0.139486453224406,0.0347731849044021,0.0579429584572306,0.0730100297940977,0.121021220959013,0.0805414053748868,0.189404939923694,0.372964791191408,FALSE
