"PG.ProteinGroups","Contrast","logFC","AveExpr","t","P.Value","adj.P.Val","B","Significant_FDR_0.05"
"P16112","High_vs_Low",-0.485827645913437,10.6192276016162,-4.70539976517352,3.25454826931766e-06,0.00299713719909963,4.20674729410645,TRUE
"Q08378","High_vs_Low",-0.442043249452322,10.9803317747758,-4.55852685237894,6.66366743546393e-06,0.00299713719909963,3.54678848622483,TRUE
"Q92696","High_vs_Low",-0.464069862261104,9.20255972567773,-4.54615531576916,6.93278407985571e-06,0.00299713719909963,3.51496579374864,TRUE
"P13591","High_vs_Low",-0.377030017430075,13.0415600066814,-4.51310508092232,7.91175470617674e-06,0.00299713719909963,3.40243170066598,TRUE
"P07585","High_vs_Low",-0.303334431128075,12.3218478838271,-4.47705866541863,9.31267979936705e-06,0.00299713719909963,3.25509175353174,TRUE
"Q8TB73","High_vs_Low",-0.420930130056909,8.07615447087365,-4.47506010778253,9.41918154415912e-06,0.00299713719909963,3.24476434810113,TRUE
"O14594","High_vs_Low",-0.338048803475971,11.5404132603241,-4.44320961404631,1.08423567926085e-05,0.00299713719909963,3.11772487595304,TRUE
"O14786","High_vs_Low",-0.293258576953324,14.1057122819407,-4.37948086425935,1.43988050637143e-05,0.00318476664586721,2.86171152014432,TRUE
"Q9Y240","High_vs_Low",-0.379634582288464,12.7172879304592,-4.35568660452002,1.59933967232751e-05,0.00318476664586721,2.76700099841649,TRUE
"P98160","High_vs_Low",-0.331180140853975,12.0119256250694,-4.34175394033015,1.70040570520742e-05,0.00318476664586721,2.71176516473672,TRUE
"Q99983","High_vs_Low",-0.405920109753758,14.0210376603404,-4.32745487879967,1.81046165914932e-05,0.00318476664586721,2.65524714097931,TRUE
"P05090","High_vs_Low",-0.310231470196234,12.5090928069042,-4.25114060691197,2.52271325404161e-05,0.00388658432206531,2.35653376963883,TRUE
"Q13316","High_vs_Low",-0.362469661182347,8.79183929707337,-4.24493573270975,2.61114192180098e-05,0.00388658432206531,2.32582693568305,TRUE
"O75752","High_vs_Low",-0.255696667271577,9.08650774546357,-4.22434051237171,2.83286355363402e-05,0.0039154221259156,2.25231419111829,TRUE
"Q92859","High_vs_Low",-0.335777933302136,10.3580887885757,-4.20317493161325,3.09967626217378e-05,0.00399858237820417,2.17131071447114,TRUE
"O75487","High_vs_Low",-0.342779620231813,8.63209285874185,-4.16765067103677,3.60695645120509e-05,0.00435528498903973,2.03517554428384,TRUE
"Q14520","High_vs_Low",-0.344859582489377,17.7652235911754,-4.14985627565271,3.88812897481108e-05,0.00435528498903973,1.96771272187795,TRUE
"P28482","High_vs_Low",-0.482759223999901,9.66480459812693,-4.12700809038825,4.29150923375447e-05,0.00435528498903973,1.8796516609768,TRUE
"Q06828","High_vs_Low",-0.290548621602927,11.3865768349313,-4.11651038132762,4.47462419452526e-05,0.00435528498903973,1.84161245403188,TRUE
"Q6UWP8","High_vs_Low",-0.434119086010783,8.86699732756677,-4.11507943091196,4.50158655197904e-05,0.00435528498903973,1.83622243343506,TRUE
"P22466","High_vs_Low",-0.551231399747444,8.46941183115627,-4.08650214378418,5.19632752735815e-05,0.00456733615838548,1.71170269897234,TRUE
"P49746","High_vs_Low",-0.346564228366676,12.0163436387452,-4.0592914191436,5.68180654371906e-05,0.00456733615838548,1.62744772970019,TRUE
"Q14956","High_vs_Low",-0.407432461317501,8.13264599466575,-4.05891729091382,5.72615764868177e-05,0.00456733615838548,1.62340639425581,TRUE
"O15335","High_vs_Low",-0.366008636182293,11.1646172019808,-4.05492358028737,5.78567966748273e-05,0.00456733615838548,1.61121444194838,TRUE
"Q99715","High_vs_Low",-0.320290009890424,10.7379249597153,-4.04299720038224,6.07856978278182e-05,0.00456733615838548,1.56697270611716,TRUE
"P35052","High_vs_Low",-0.290024136196072,7.97811099423777,-4.04068381874016,6.13698915338618e-05,0.00456733615838548,1.55840517092638,TRUE
"O00468","High_vs_Low",-0.276281453354587,10.1802458113195,-4.03038839479004,6.40350399283459e-05,0.00458917786153145,1.52033204078147,TRUE
"Q7LGC8","High_vs_Low",-0.278969044252412,11.0081953095231,-4.0030302998144,7.16613056638183e-05,0.00482819580830036,1.41960192501646,TRUE
"Q9NR99","High_vs_Low",-0.290871863924691,10.2462125740413,-4.00066192911744,7.23605573337004e-05,0.00482819580830036,1.41091200877018,TRUE
"P09603","High_vs_Low",-0.299395117325982,11.5767337196292,-3.97054567577004,8.18359723093605e-05,0.00521692998964193,1.30083115433956,TRUE
"Q0VD83","High_vs_Low",-0.342918078277039,10.4164400313693,-3.9632432366341,8.43046270359171e-05,0.00521692998964193,1.27425676673524,TRUE
"Q8NG11","High_vs_Low",-0.346357582439577,7.23294595188545,-3.96473346548854,8.70190317671773e-05,0.00521692998964193,1.25401293009124,TRUE
"Q9UKM7","High_vs_Low",-0.326302054051277,9.59108330370966,-3.94997726838753,8.8970899048157e-05,0.00521692998964193,1.22609783264053,TRUE
"Q6ZRP7","High_vs_Low",-0.361076103515192,8.45863801831273,-3.92449125397848,9.86304475349506e-05,0.00538691092801027,1.13400218083446,TRUE
"O60888","High_vs_Low",-0.473637768948626,8.05832847160118,-3.93265860518403,9.8953323874569e-05,0.00538691092801027,1.13917371229968,TRUE
"P78539","High_vs_Low",-0.300069477399235,9.36449724584815,-3.91535459515998,0.000102353386167211,0.00538691092801027,1.10102500000511,TRUE
"Q13103","High_vs_Low",-0.30571895391865,16.3182058800291,-3.91371739995218,0.000103005531956786,0.00538691092801027,1.09523837866406,TRUE
"P35443","High_vs_Low",-0.352856303425291,15.3802682371216,-3.90539858469085,0.000106508678703306,0.00542353403397095,1.06537617578967,TRUE
"Q14515","High_vs_Low",-0.323722684974175,14.4478341156698,-3.88245617133924,0.000116763484327568,0.00575213597957518,0.983328853664517,TRUE
"Q9BYH1","High_vs_Low",-0.310548175266486,11.0767575573965,-3.87441614594925,0.00012057315635266,0.00575213597957518,0.954683436289079,TRUE
"P28906","High_vs_Low",-0.360813359055095,10.8771231873645,-3.87188589974694,0.000121879883804952,0.00575213597957518,0.945610519318361,TRUE
"P04004","High_vs_Low",-0.272652972367123,18.311104894547,-3.86251393828628,0.000126429269456877,0.00582229346396708,0.912380189400475,TRUE
"Q6P4E1","High_vs_Low",-0.2898375651728,11.2987990677628,-3.85670451863607,0.000129384299199269,0.00582229346396708,0.891776619552447,TRUE
"Q5JRA6","High_vs_Low",-0.329167581397352,11.1089883338995,-3.84120464361562,0.000137591174098862,0.00590439479220781,0.836947915528365,TRUE
"O95196","High_vs_Low",-0.320096612381255,9.55429030817418,-3.84097008913557,0.000138222185847459,0.00590439479220781,0.835524248848105,TRUE
"P08493","High_vs_Low",-0.31932544773318,14.5087894097268,-3.8277043699042,0.000145137686762231,0.00590439479220781,0.78936193447601,TRUE
"Q9H251","High_vs_Low",-0.340042349521346,10.1743566385053,-3.82766315648646,0.000145161311971292,0.00590439479220781,0.789216906353718,TRUE
"P08294","High_vs_Low",-0.314605377643598,9.55487548000719,-3.82539762687305,0.000146465607248566,0.00590439479220781,0.781246874641924,TRUE
"Q8IUX7","High_vs_Low",-0.291694663019666,10.8583446705053,-3.80957525756484,0.000155888054326438,0.00615598745146239,0.725708443949884,TRUE
"P49747","High_vs_Low",-0.318139621116435,15.0549524769849,-3.78625043090719,0.000170827221537071,0.00661101347348465,0.644231215227954,TRUE
"Q9HC84","High_vs_Low",-0.558904752870545,8.75911052980223,-3.76854734745905,0.000183480673596941,0.00679310664406111,0.582405389896804,TRUE
"Q8IZF2","High_vs_Low",-0.285626412674647,10.4755511402166,-3.76742589251886,0.0001838584046203,0.00679310664406111,0.578818371848778,TRUE
"P01903","High_vs_Low",-0.421342495230585,6.85453720047395,-3.77969923338783,0.000186064419708134,0.00679310664406111,0.589082612450545,TRUE
"P09326","High_vs_Low",-0.382030297331022,8.27252669852262,-3.73918636781683,0.000206256745279709,0.00726612049732309,0.481691398177326,TRUE
"P07359","High_vs_Low",-0.272122274218855,17.2216117069061,-3.73748708398307,0.000206530556771457,0.00726612049732309,0.475418859303025,TRUE
"Q13444","High_vs_Low",-0.458229327159033,7.67045513309621,-3.71417343148937,0.000228597688168599,0.00789886654653998,0.393076933487648,TRUE
"P19256","High_vs_Low",-0.30410409387196,7.92849692399026,-3.67793121124447,0.000261406445437792,0.00877509072818687,0.276623218947268,TRUE
"P06734","High_vs_Low",-0.374318015664242,9.32929477376901,-3.67592355020446,0.000263025975315162,0.00877509072818687,0.269250033978358,TRUE
"Q6Q788","High_vs_Low",-0.293823111485372,12.4906748574499,-3.64817339126947,0.000290822324667886,0.00931558200792592,0.17159156189467,TRUE
"P49641","High_vs_Low",-0.288579745289779,9.51224490637486,-3.63770096348609,0.000302593332628829,0.00931558200792592,0.13642209962955,TRUE
"Q6UVK1","High_vs_Low",-0.298144912410397,10.2513471448004,-3.63721782610018,0.000303147032094696,0.00931558200792592,0.134801894889723,TRUE
"O60279","High_vs_Low",-0.260853453113453,12.8655236198375,-3.63526639193084,0.000305393170809494,0.00931558200792592,0.128259821162907,TRUE
"O75787","High_vs_Low",-0.339441208497044,9.87541007003625,-3.63474391149243,0.000305997203094739,0.00931558200792592,0.12650879932078,TRUE
"O94985","High_vs_Low",-0.266971332514078,10.9705470510569,-3.63292200420784,0.000308112273130366,0.00931558200792592,0.120404791520965,TRUE
"P14314","High_vs_Low",-0.233194681339732,12.3645363561711,-3.6249305375452,0.00031755285251691,0.00942626585467989,0.0936649260120017,TRUE
"P10451","High_vs_Low",-0.295592210078141,12.3126779788882,-3.62164198169812,0.000321516044655748,0.00942626585467989,0.0826774547006899,TRUE
"Q9HCM3","High_vs_Low",-0.261616201315963,9.58969756289802,-3.60530107419684,0.000341907209523334,0.00987448433474106,0.0282206779592578,TRUE
"O15466","High_vs_Low",-0.305638253385021,9.26655341569532,-3.59643993386356,0.000353527364755063,0.00999080450212176,-0.00119215283573304,TRUE
"Q9NQ79","High_vs_Low",-0.285547015445275,12.4205866055037,-3.59028055735539,0.00036171526392729,0.00999080450212176,-0.0216298212792951,TRUE
"P40967","High_vs_Low",-0.321025098420263,11.9632614282273,-3.58607765969832,0.000367447510058785,0.00999080450212176,-0.035543158774261,TRUE
"Q9BUD6","High_vs_Low",-0.397306702209899,8.30220130383214,-3.57854485304915,0.000379770803263562,0.00999080450212176,-0.059780354541255,TRUE
"Q9BRK5","High_vs_Low",-0.352007245233523,9.51665916467102,-3.57685064370938,0.00038033214932752,0.00999080450212176,-0.0660341696060094,TRUE
"Q12797","High_vs_Low",-0.266443501051951,9.33365917433276,-3.57675366149569,0.000380469797725506,0.00999080450212176,-0.0663542549445904,TRUE
"Q8WWA0","High_vs_Low",-0.344883563722574,11.3286383558247,-3.57109898818382,0.000388576786203815,0.00999080450212176,-0.0850030009593299,TRUE
"P09619","High_vs_Low",-0.348245667087998,10.0526943388665,-3.57020291683563,0.000389876229315072,0.00999080450212176,-0.0879556152701646,TRUE
"Q14517","High_vs_Low",-0.36159708067219,10.1621116505705,-3.56632743187586,0.000395543322048134,0.00999080450212176,-0.100717493962503,TRUE
"P55290","High_vs_Low",-0.285866949942312,10.6100003232899,-3.5630025756295,0.00040046665947392,0.00999080450212176,-0.111655677486866,TRUE
"P05154","High_vs_Low",-0.251864091241194,11.1060086987,-3.56148684593028,0.000402730103961497,0.00999080450212176,-0.116638942895666,TRUE
"P13942","High_vs_Low",-0.333771095662177,9.11401878097648,-3.53776179286923,0.00043975815077593,0.010771291414575,-0.194377323301958,TRUE
"P27797","High_vs_Low",-0.243937020258299,11.9731163602869,-3.50182118204583,0.000501967612845752,0.0120389827141323,-0.311200854778422,TRUE
"Q9BV94","High_vs_Low",-0.330906483518373,9.52629169095206,-3.50113437805558,0.000503957415940424,0.0120389827141323,-0.309371642260314,TRUE
"Q9Y5X9","High_vs_Low",-0.276639887532323,8.29807601065005,-3.49370422093516,0.000517685098659109,0.0122161056817729,-0.336248569508646,TRUE
"O43157","High_vs_Low",-0.26125899060035,12.5580045037599,-3.48743122957286,0.000529108875621095,0.0123352490882749,-0.35765674603101,TRUE
"P12109","High_vs_Low",-0.278703927251083,9.44232007752995,-3.47986586682215,0.000543922302214582,0.012529638747443,-0.382007423236828,TRUE
"P23471","High_vs_Low",-0.269196109156308,11.5453431595551,-3.47230862679223,0.000559105979963632,0.0127278831909368,-0.406281701650037,TRUE
"Q14393","High_vs_Low",-0.423813894355977,9.14485263270739,-3.449185767164,0.000608239880297217,0.0136853973066874,-0.479475320290657,TRUE
"Q9BY76","High_vs_Low",-0.392981085620209,8.04806467104058,-3.44173491010631,0.000626988123166554,0.0138881635884828,-0.499571579363288,TRUE
"Q9BXX0","High_vs_Low",-0.266991973434157,9.85025822369753,-3.436236759267,0.000637190796121136,0.0138881635884828,-0.521454029256432,TRUE
"P13611","High_vs_Low",-0.280279878285388,13.0080616075689,-3.43258232096141,0.000645645094899721,0.0138881635884828,-0.533058202911346,TRUE
"Q08431","High_vs_Low",-0.322704376708656,7.06597142600765,-3.43906385093101,0.000645961097138735,0.0138881635884828,-0.49714129732063,TRUE
"P12259","High_vs_Low",-0.218536716263515,18.0051179461592,-3.4189095921124,0.000678212894972666,0.0142850876294215,-0.576369703481901,TRUE
"O95967","High_vs_Low",-0.323758496444871,8.86334903445566,-3.41867141662455,0.000679187628892391,0.0142850876294215,-0.577049789694906,TRUE
"Q9NRA1","High_vs_Low",-0.305084814092639,9.46322529784544,-3.40800834277864,0.000705269678669966,0.0146741594432944,-0.610783813774235,TRUE
"Q9NZ53","High_vs_Low",-0.320847273575835,8.53113110112218,-3.40261083282988,0.000719137446690368,0.0148035208441049,-0.627684667845546,TRUE
"P12111","High_vs_Low",-0.235627192518967,9.63917569220986,-3.38963427533769,0.000753161926352293,0.0153407192367546,-0.668551564378523,TRUE
"O15400","High_vs_Low",-0.327481716347751,8.60855116887885,-3.38187707113948,0.000775147490962642,0.0156240666147158,-0.692220279236507,TRUE
"P14625","High_vs_Low",-0.294868761956373,14.0300943662412,-3.37333911964492,0.000798152504477405,0.0156596027000956,-0.719533902137412,TRUE
"Q6V0I7","High_vs_Low",-0.346723746392032,9.78190102316283,-3.37097244354466,0.000804891110984249,0.0156596027000956,-0.726918971895634,TRUE
"Q8NEH6","High_vs_Low",-0.345264693865811,10.1664893061128,-3.37203323637574,0.000810339907540695,0.0156596027000956,-0.713497623417052,TRUE
"P39059","High_vs_Low",-0.325688269257764,10.3370924022234,-3.36837049285792,0.00081236069428661,0.0156596027000956,-0.735032491077709,TRUE
"P56715","High_vs_Low",-0.262508048857956,10.6761899901176,-3.36710787755907,0.000817374611219458,0.0156596027000956,-0.736839832172411,TRUE
"Q02952","High_vs_Low",-0.311415554329919,10.8424876721318,-3.3608665379684,0.000834265599550738,0.0157184829189282,-0.758398155560793,TRUE
"Q13740","High_vs_Low",-0.300347397989247,10.0373851217156,-3.35939372723496,0.000838628899706745,0.0157184829189282,-0.762978322101739,TRUE
"P51888","High_vs_Low",-0.326904262930632,7.70211132190347,-3.35608720139796,0.000850510725893847,0.0157184829189282,-0.770443445587822,TRUE
"P05019","High_vs_Low",-0.251856732076652,9.16828486185053,-3.35507904082679,0.00085294093358525,0.0157184829189282,-0.770211415588285,TRUE
"Q9HCU0","High_vs_Low",-0.279272956172186,14.1819509543834,-3.35015143388585,0.000866498021862416,0.0158176761538092,-0.791676359274196,TRUE
"Q9NS73","High_vs_Low",-0.295324205111617,13.1537598581502,-3.34779686303199,0.000874923110158576,0.0158222076463256,-0.798440946943825,TRUE
"Q9Y274","High_vs_Low",-0.249521480667884,9.52568151004066,-3.32896866190984,0.000933653026798929,0.0167279500634808,-0.857165532635243,TRUE
"Q6UXD5","High_vs_Low",-0.297185062055505,9.64127741702673,-3.32048005206363,0.000961896947326341,0.0170758770007016,-0.883297696912438,TRUE
"Q6UWD8","High_vs_Low",-0.303080047197466,7.21463163009614,-3.3169679232818,0.000986269123715292,0.0173493704944463,-0.875208840307504,TRUE
"P26572","High_vs_Low",-0.363749683883542,8.8671349175869,-3.31052203946438,0.000996168630758615,0.0173656423470083,-0.913742164806881,TRUE
"Q9UGM3","High_vs_Low",-0.358368075190482,8.55711416424444,-3.29959843181694,0.00103667232759159,0.0177563740068226,-0.945449360673481,TRUE
"Q86TY3","High_vs_Low",-0.254806361703793,8.84725532054918,-3.29722902879776,0.0010433748595198,0.0177563740068226,-0.954549194059876,TRUE
"P16070","High_vs_Low",-0.250512243953107,16.2862815297193,-3.29647758979284,0.0010461119569911,0.0177563740068226,-0.956843949447432,TRUE
"Q92823","High_vs_Low",-0.311124250565447,8.66771758471406,-3.27255835384067,0.00113679853795832,0.0191278710517335,-1.02962732699229,TRUE
"Q9ULI3","High_vs_Low",-0.172724104273938,13.5651344668898,-3.26544713905525,0.0011651335521667,0.0194356329607118,-1.05116806430952,TRUE
"Q02818","High_vs_Low",-0.283677452961257,8.53375996100122,-3.25606166894905,0.00120353290852202,0.0197558778403529,-1.07952911235778,TRUE
"Q504Y2","High_vs_Low",-0.363995873900211,7.74771695121705,-3.25582833917981,0.0012096236734864,0.0197558778403529,-1.07261868952941,TRUE
"Q92187","High_vs_Low",-0.233118216179955,10.9889736113409,-3.253322010702,0.00121496096279173,0.0197558778403529,-1.08779308129865,TRUE
"P02760","High_vs_Low",-0.172662685662496,15.7761766532437,-3.24859865861215,0.00123490002305977,0.0199127628718388,-1.10202506509848,TRUE
"Q15582","High_vs_Low",-0.258773821009751,10.6948285205239,-3.23986281788044,0.00127257806264833,0.0202464903246783,-1.12829492593128,TRUE
"Q53EL9","High_vs_Low",-0.301136788267518,8.00871898914271,-3.24082529459936,0.0012765229041916,0.0202464903246783,-1.1064587518095,TRUE
"O00461","High_vs_Low",-0.282960568641922,8.94365281764459,-3.23115848143615,0.00131117639249452,0.0205653252742713,-1.15440263827734,TRUE
"P26022","High_vs_Low",-0.295036713350385,10.4315416554361,-3.22967067845857,0.0013178813095657,0.0205653252742713,-1.15885840643984,TRUE
"O60462","High_vs_Low",-0.255842940490183,12.4714194419794,-3.22596832988674,0.00133470423921562,0.0206612216230578,-1.16993790170261,TRUE
"Q8IZP7","High_vs_Low",-0.261440066503813,8.72217445323731,-3.2189354409225,0.0013672091157379,0.020996425705975,-1.19095068811822,TRUE
"Q14767","High_vs_Low",-0.368237871251832,9.5297482203054,-3.20437330230032,0.00143701709764328,0.0217422918431355,-1.23417394524534,TRUE
"P29966","High_vs_Low",-0.275976819924358,7.17387665492518,-3.20435967583959,0.00143979350913641,0.0217422918431355,-1.23114085197689,TRUE
"Q76LX8","High_vs_Low",-0.294736636685709,9.86551978752602,-3.20180203550414,0.0014494861228757,0.0217422918431355,-1.24195764417903,TRUE
"P16871","High_vs_Low",-0.300120345626206,10.2870750821815,-3.17660628387061,0.00157882042691584,0.0235001348160166,-1.31649223034945,TRUE
"Q9H159","High_vs_Low",-0.275128594243997,9.42644628681729,-3.17055770186647,0.00161141580142525,0.0238022105019684,-1.33430116172685,TRUE
"Q07507","High_vs_Low",-0.2791597989685,13.3688479173569,-3.16540019564648,0.00163969871132399,0.0239697919222437,-1.34946075128058,TRUE
"Q8NF91","High_vs_Low",-0.548162413205659,7.80067647394535,-3.17746009718513,0.00165292687411127,0.0239697919222437,-1.27641527861176,TRUE
"Q8IUK5","High_vs_Low",-0.241450435308362,11.4501229134404,-3.16011570033433,0.0016691526165419,0.0239697919222437,-1.36496902821815,TRUE
"P00966","High_vs_Low",-0.362197878692168,7.86739839602239,-3.16043290445758,0.00167231106434258,0.0239697919222437,-1.35821045331085,TRUE
"P98095","High_vs_Low",-0.289679393335529,8.73646571131464,-3.15536135681045,0.00169625074716889,0.0241225082895375,-1.37874072940025,TRUE
"Q96AQ6","High_vs_Low",-0.310011275973494,8.57699336824384,-3.1531800399401,0.00170873405428925,0.0241225082895375,-1.38517271429098,TRUE
"P24821","High_vs_Low",-0.324609108312316,13.2618975828428,-3.15112894513437,0.00172036493227709,0.0241225082895375,-1.39128510339991,TRUE
"Q658P3","High_vs_Low",-0.318889023802424,8.60031979857161,-3.14469686117281,0.00176118798555207,0.0245172572089443,-1.40739856622682,TRUE
"Q6EMK4","High_vs_Low",-0.209511215241774,10.3663343732983,-3.14045195216735,0.0017830915101773,0.0245382128168119,-1.42245717701761,TRUE
"Q86YZ3","High_vs_Low",-0.374262172725114,8.67645995600954,-3.13968511778815,0.00178805581765916,0.0245382128168119,-1.42387554507075,TRUE
"P32942","High_vs_Low",-0.245322274199392,9.77838801341332,-3.13709477769559,0.00180324618278739,0.0245446847788854,-1.43223763325903,TRUE
"Q6YHK3","High_vs_Low",-0.258776249189143,9.54395502397012,-3.13533467476342,0.00181389660123029,0.0245446847788854,-1.43736132551963,TRUE
"P20908","High_vs_Low",-0.292857084774441,7.7270153505008,-3.118474630371,0.00192387368634386,0.0258520526602456,-1.47650514619565,TRUE
"Q14242","High_vs_Low",-0.236784097470755,12.0745274897736,-3.11135852859454,0.00196486830496541,0.0259444218990483,-1.50688112950235,TRUE
"P50895","High_vs_Low",-0.312988698108146,8.56125338970368,-3.11097869051659,0.00196755186980852,0.0259444218990483,-1.50797550398204,TRUE
"Q10472","High_vs_Low",-0.222112284728084,8.97031374351362,-3.11008493307438,0.00197340431481096,0.0259444218990483,-1.50988575813613,TRUE
"Q8IZP9","High_vs_Low",-0.295922207034891,8.7888843028214,-3.10841540556938,0.00198437955610292,0.0259444218990483,-1.51520700697275,TRUE
"Q8NBJ4","High_vs_Low",-0.243269208530837,11.3961039174354,-3.10355222962144,0.00201646582569789,0.0261869890786941,-1.52940510955561,TRUE
"P21810","High_vs_Low",-0.255156077599995,10.8041489404627,-3.09993717785777,0.00204078029120867,0.0263260657565919,-1.53981740352239,TRUE
"O95715","High_vs_Low",-0.363457232280329,8.76671663485513,-3.09765806174192,0.00206745465417473,0.0264935414293251,-1.53122681403776,TRUE
"Q9BXN1","High_vs_Low",-0.26211184469213,11.3457933130182,-3.09186279660405,0.0020960649980226,0.0266834590208798,-1.5630315900195,TRUE
"Q9H2X3","High_vs_Low",-0.276762037593478,8.3005088189529,-3.08729234627875,0.00213078604133864,0.0268721658519182,-1.56904253985135,TRUE
"Q6UX71","High_vs_Low",-0.259297358490002,10.1139582367603,-3.08577381538571,0.00213866332878315,0.0268721658519182,-1.5804991535918,TRUE
"Q8NI99","High_vs_Low",-0.376744036144384,11.9412872681069,-3.07332319758137,0.00222825602514997,0.0278172607010658,-1.61611333129327,TRUE
"O94769","High_vs_Low",-0.282012511621854,9.26428866579649,-3.06721946283033,0.00227342604503559,0.0281992269047683,-1.63352205609035,TRUE
"Q9NP78","High_vs_Low",-0.336049527634415,10.6115179720627,-3.06549402835986,0.00229517754661204,0.0282876977878618,-1.63032005636304,TRUE
"Q9H8L6","High_vs_Low",-0.289188384755947,10.7485586581377,-3.06165175850422,0.00231536136848095,0.0282987926306528,-1.64937289725702,TRUE
"Q9Y4L1","High_vs_Low",-0.252866355474646,8.97105158380125,-3.0603422433568,0.00232532714639473,0.0282987926306528,-1.65309696338159,TRUE
"Q92752","High_vs_Low",-0.291769357325912,7.13519394326189,-3.04409669321168,0.00245836555178116,0.0297308583918534,-1.68448631657926,TRUE
"Q92743","High_vs_Low",-0.27432406058978,10.3821006219859,-3.03591029037888,0.00251863530288627,0.0302705547272356,-1.72229651414025,TRUE
"P51884","High_vs_Low",-0.231395482821593,16.8642744203719,-3.02640955853814,0.00259770729807148,0.0310281705047426,-1.74906154686083,TRUE
"O00339","High_vs_Low",-0.34008383057583,7.11179314684611,-3.01418486887699,0.00271406550930164,0.0321119686864977,-1.76391400736675,TRUE
"Q9BWP8","High_vs_Low",-0.316323849147013,13.8883739953902,-3.01203990764239,0.0027216345553414,0.0321119686864977,-1.7893895072238,TRUE
"Q8NBJ7","High_vs_Low",-0.329301487802988,7.97717781860112,-3.01058404422179,0.00276417421809569,0.032416224921304,-1.76763843536128,TRUE
"Q76I76","High_vs_Low",-0.305457957839197,9.18738133900111,-3.00036457837885,0.00284924216105567,0.0331151422484898,-1.78873041589561,TRUE
"P05387","High_vs_Low",-0.298449005127107,8.69342973546772,-2.99710153466188,0.00285799935684641,0.0331151422484898,-1.82911436320094,TRUE
"O43897","High_vs_Low",-0.265468965506154,9.74825856850589,-2.99396012085576,0.00290268698637591,0.0332777974017198,-1.81693584148473,TRUE
"P55287","High_vs_Low",-0.307549165527874,8.20605459663454,-2.99167286216782,0.00290761723928686,0.0332777974017198,-1.84578403714106,TRUE
"P52943","High_vs_Low",-0.249442565773917,7.95101101224923,-2.98910587413155,0.00293252554543558,0.0332777974017198,-1.85215883803783,TRUE
"Q9H8J5","High_vs_Low",-0.30196032429328,10.6626319630852,-2.98494917637625,0.00297011393204961,0.0332777974017198,-1.86491558141149,TRUE
"A1L4H1","High_vs_Low",-0.272344644166798,11.5110008924975,-2.98454854294476,0.00297393956685691,0.0332777974017198,-1.86602756802165,TRUE
"Q8TD06","High_vs_Low",-0.29970231594734,8.06156396628907,-2.98516332087933,0.00297522426382301,0.0332777974017198,-1.85482850294824,TRUE
"Q9NYQ6","High_vs_Low",-0.282068850695751,8.54993929967085,-2.98197380713457,0.00299889678247442,0.0333498004257931,-1.87296471424929,TRUE
"P00736","High_vs_Low",-0.281890875447919,15.7427185587393,-2.97415519178792,0.00307477469727748,0.0339982230813253,-1.89482474646813,TRUE
"P15502","High_vs_Low",-0.301514243906323,6.74594951422941,-2.9768041545718,0.00311000040720316,0.0341314248623973,-1.84302232144742,TRUE
"P80108","High_vs_Low",-0.222537114178104,13.9926130962551,-2.96938439801472,0.00312209932849836,0.0341314248623973,-1.90801088395839,TRUE
"Q8WWZ8","High_vs_Low",-0.605686218453402,10.3959110692191,-2.96198763556807,0.00319679066838305,0.034751628895063,-1.92841463599106,TRUE
"Q15293","High_vs_Low",-0.27650235161836,10.5406115393328,-2.95972371663998,0.00321997567565266,0.0348081169407146,-1.9346497760173,TRUE
"Q92520","High_vs_Low",-0.389383579924885,6.59875327680864,-2.96372894674858,0.00324074629331121,0.0348380226530955,-1.86662481008424,TRUE
"Q16706","High_vs_Low",-0.185318254675012,9.45858734553247,-2.94767420653087,0.0033459817164978,0.0357705780189129,-1.96775835229128,TRUE
"P15291","High_vs_Low",-0.220079850213354,8.76843422974652,-2.93364969181112,0.00349830277751438,0.0371934938158809,-2.00612948829828,TRUE
"P07942","High_vs_Low",-0.277385771508028,9.9521803158994,-2.93109976613512,0.00352666824734474,0.0372901806481534,-2.01308711431578,TRUE
"P01011","High_vs_Low",-0.266744612621203,12.4322410209453,-2.9230946211149,0.00361708683180289,0.0380383859757532,-2.03489167433379,TRUE
"Q99969","High_vs_Low",-0.2734710909269,12.6740520470718,-2.92081959269212,0.00364316651881731,0.0381055525076298,-2.04107792925288,TRUE
"Q13217","High_vs_Low",-0.336995983888675,9.75793109598678,-2.91366531492675,0.00372660189569204,0.0387686810116349,-2.06027872768146,TRUE
"Q9NS62","High_vs_Low",-0.233292211733797,9.39777268852531,-2.9113906840436,0.00375400343361247,0.0388449018397868,-2.06484834568768,TRUE
"Q14574","High_vs_Low",-0.370787890857295,11.9750992507169,-2.90407721091647,0.00384042888215195,0.0391136079121102,-2.086460682521,TRUE
"Q07954","High_vs_Low",-0.409638795159573,10.8348134453399,-2.90325376981496,0.0038503773935292,0.0391136079121102,-2.08868624090302,TRUE
"O43505","High_vs_Low",-0.291127936697015,6.92739931445802,-2.90510449494664,0.0038698354705526,0.0391136079121102,-2.04163257215413,TRUE
"Q09327","High_vs_Low",-0.311716429751576,7.51174105797776,-2.90227357314741,0.0038752135570733,0.0391136079121102,-2.0663609348752,TRUE
"Q9Y625","High_vs_Low",-0.264424592605062,8.46083034028952,-2.90114540146814,0.00388104016492256,0.0391136079121102,-2.08889479190846,TRUE
"Q8N3T1","High_vs_Low",-0.275596594748105,7.20070048461002,-2.89657766713173,0.00394075487606935,0.0395096408559285,-2.09592053503072,TRUE
"P07355","High_vs_Low",-0.259258488680407,9.09851511318522,-2.893635710886,0.00396833069297508,0.0395810303654988,-2.11463631882281,TRUE
"P19320","High_vs_Low",-0.162930886270264,10.0822398176976,-2.88743748815962,0.00404607785943839,0.0399917183525428,-2.13131538419571,TRUE
"Q6UWH4","High_vs_Low",-0.370216281142063,6.22882774063619,-2.89483775058485,0.00407526179077672,0.0399917183525428,-2.01959911762952,TRUE
"Q9UHF0","High_vs_Low",-0.357022814377159,7.85842642136385,-2.88734144006474,0.00408800402451604,0.0399917183525428,-2.10655091163786,TRUE
"Q86TH1","High_vs_Low",-0.30193394862134,9.02453794597641,-2.88381344288762,0.00409217583142299,0.0399917183525428,-2.14105146860883,TRUE
"Q08554","High_vs_Low",-0.334259103717493,10.2262778523657,-2.87872799818696,0.0041579907867042,0.0404307144335307,-2.15347214440833,TRUE
"P08833","High_vs_Low",-0.352034235171971,10.056158224592,-2.87296737978041,0.00423464753528202,0.0408303662215574,-2.16917199003627,TRUE
"P78509","High_vs_Low",-0.334544386095981,11.7936462855301,-2.87233957986121,0.00424129385557263,0.0408303662215574,-2.17179831622314,TRUE
"Q15166","High_vs_Low",-0.193904543197643,16.1902261268496,-2.86566040316814,0.00433035808089161,0.0414814004283429,-2.18964212265038,TRUE
"P35625","High_vs_Low",-0.369667180512963,8.9238477481363,-2.863836801449,0.00436007016990138,0.0415602747722126,-2.18708039051863,TRUE
"P14543","High_vs_Low",-0.280114957561084,12.1827363047751,-2.86018253175199,0.00440466897146432,0.041779580685213,-2.20424658677083,TRUE
"Q6ZN30","High_vs_Low",-0.253181013609394,15.4410483494086,-2.85606416824664,0.00446826870301269,0.0421760972699003,-2.20835574504733,TRUE
"Q08722","High_vs_Low",-0.402388829694333,8.23883829507143,-2.85497425640828,0.00451450828515155,0.0422050276709749,-2.18214513150753,TRUE
"Q6UXI9","High_vs_Low",-0.303108420719528,11.0646983569581,-2.85133527428527,0.00452713866737479,0.0422050276709749,-2.22777703563679,TRUE
"Q6E0U4","High_vs_Low",-0.329969550091183,9.8383231057984,-2.85018236239789,0.00454332387378948,0.0422050276709749,-2.23083816341452,TRUE
"P35030","High_vs_Low",-0.226757645251675,11.2633780653342,-2.8490990977413,0.00455857921614148,0.0422050276709749,-2.23371327759959,TRUE
"P16150","High_vs_Low",-0.253775326611992,11.7068321898301,-2.83666366600186,0.00473706766382963,0.0436486949024301,-2.26664265284452,TRUE
"P98164","High_vs_Low",-0.481314449975043,10.2936522238606,-2.82970351895122,0.0048735136843269,0.0446931231240405,-2.24472673502233,TRUE
"O60306","High_vs_Low",-0.431773928280602,8.87071530888343,-2.81631166550909,0.00510622029914838,0.0466063032021327,-2.28664542398168,TRUE
"Q5D862","High_vs_Low",-0.313154762533696,9.72044929392317,-2.80908581102341,0.00515832453462806,0.0468608355610578,-2.33300263999121,TRUE
"Q16270","High_vs_Low",-0.28014361831114,10.7307720236852,-2.80322464441204,0.00524892632136209,0.0474596848570596,-2.35449853823476,TRUE
"P55291","High_vs_Low",-0.349854445958238,7.85112566053338,-2.80218510212939,0.00527329831745107,0.0474596848570596,-2.34355932910432,TRUE
"Q96EE4","High_vs_Low",-0.198086430051122,8.58773230347274,-2.78909440650051,0.00547989825761913,0.0484218542136076,-2.39132031630116,TRUE
"P08195","High_vs_Low",-0.238850832608696,7.34264566609518,-2.78795768602145,0.00550078529207008,0.0484218542136076,-2.38909022143497,TRUE
"Q9H0B8","High_vs_Low",-0.453311755660997,7.3761908131981,-2.79070984358542,0.00550276328799349,0.0484218542136076,-2.3373233725481,TRUE
"Q9NPG4","High_vs_Low",-0.285387676214157,9.59185789561415,-2.78715662207948,0.00551228057600713,0.0484218542136076,-2.39635590493127,TRUE
"Q8TER0","High_vs_Low",-0.239364621682418,9.20717810656895,-2.78702882366311,0.00551442229140944,0.0484218542136076,-2.39668788680393,TRUE
"P08575","High_vs_Low",-0.207999322792395,10.3628173713372,-2.7860797295712,0.00553035130811746,0.0484218542136076,-2.39915288651046,TRUE
"Q9UBP4","High_vs_Low",-0.233401783000335,10.6168891899377,-2.78386007778822,0.00556776729838224,0.0485298636142776,-2.40491461964793,TRUE
"P41222","High_vs_Low",-0.194943625925434,9.7018591666354,-2.77237117317969,0.00576511866677394,0.0498061428046492,-2.43466619188322,TRUE
"Q13609","High_vs_Low",-0.333635306522108,7.5187821663947,-2.77273152144285,0.0057656723453444,0.0498061428046492,-2.42517367486637,TRUE
"O75339","High_vs_Low",-0.27351369897152,9.72981043169935,-2.77042844001142,0.00579910852805359,0.0498723333412609,-2.43968529154385,TRUE
"P08238","High_vs_Low",-0.234764218216146,12.9432715320142,-2.76862935611996,0.00583074660688035,0.0499225428509446,-2.44433022857909,TRUE
"Q99542","High_vs_Low",-0.241552947574224,11.0254164838195,-2.76620616178116,0.00587360672740918,0.05006796924025,-2.45058189317261,FALSE
"P04233","High_vs_Low",-0.222200729948437,9.29893092877623,-2.7628258012627,0.00593546771867913,0.0503733773493163,-2.45619487830235,FALSE
"O60245","High_vs_Low",-0.330959017285474,6.86650584901509,-2.76129674736364,0.00600114768391109,0.0506142168785226,-2.42124080113318,FALSE
"Q7Z7M9","High_vs_Low",-0.233993591837632,7.51042260469756,-2.7590102321573,0.00601616014576755,0.0506142168785226,-2.44920788851383,FALSE
"P39060","High_vs_Low",-0.215702776824871,14.1331964245221,-2.75327907806881,0.00610710309452317,0.0511452450003369,-2.48384315916881,FALSE
"Q8WWV6","High_vs_Low",-0.282427471328401,10.3210369568537,-2.75113764326566,0.00614698700168955,0.0511452450003369,-2.48907786203276,FALSE
"Q9BYE9","High_vs_Low",-0.380813061372482,9.3211487711656,-2.75048962019502,0.0061585747209708,0.0511452450003369,-2.49100059394513,FALSE
"Q9H1Z8","High_vs_Low",-0.253334564529744,7.34562600262294,-2.74333251223266,0.00631763429281175,0.0522419758828664,-2.47489670205316,FALSE
"Q9UBS9","High_vs_Low",-0.264965397549887,7.97251842963129,-2.7391748151441,0.00637646231524001,0.0523883992399452,-2.51080621289231,FALSE
"P01275","High_vs_Low",-0.355378844900882,8.5357857833907,-2.73827212505621,0.00638948951970391,0.0523883992399452,-2.51958710935706,FALSE
"P60033","High_vs_Low",-0.245966667528393,10.7007451178476,-2.73379979820752,0.0064790478283109,0.0527720814273226,-2.52910343125668,FALSE
"Q99784","High_vs_Low",-0.232311989012283,8.99926726650334,-2.73297388848508,0.00649082965359316,0.0527720814273226,-2.535783183996,FALSE
"P45880","High_vs_Low",-0.46598462950478,7.14466073319254,-2.735666427112,0.00657322996363502,0.0532184099566266,-2.45118264164196,FALSE
"O15031","High_vs_Low",-0.277159877752512,7.25153157887261,-2.72678878035959,0.00664054401502654,0.0535393861211515,-2.53183017244793,FALSE
"Q9NQ38","High_vs_Low",-0.306565365700257,8.86406303968596,-2.718853058014,0.00677208650964813,0.0542523492736422,-2.56621308534198,FALSE
"Q11201","High_vs_Low",-0.355818971416977,8.11844883503902,-2.72039726583111,0.00678504833293096,0.0542523492736422,-2.52467707126899,FALSE
"A6NDG6","High_vs_Low",-0.273731301983248,7.29856461672947,-2.71546971132191,0.00686268615833691,0.05430909575126,-2.5570870175891,FALSE
"Q08174","High_vs_Low",-0.280765091853819,9.56417662809902,-2.7131268762334,0.00688678262946588,0.05430909575126,-2.58619075247155,FALSE
"Q8TDL5","High_vs_Low",-0.262831734242852,10.8404710350567,-2.71246924473998,0.00690026732234945,0.05430909575126,-2.5878549070891,FALSE
"Q9NRB3","High_vs_Low",-0.263044446134774,9.56108809663708,-2.7116238666375,0.00691763669154845,0.05430909575126,-2.58999358455808,FALSE
"O14645","High_vs_Low",-0.314808493026346,11.3959261975532,-2.7116902352627,0.00693247888917893,0.05430909575126,-2.56821169141086,FALSE
"Q15438","High_vs_Low",-0.339959923833076,9.7178601519215,-2.7049252902146,0.00708686822412321,0.0552947177970904,-2.56945366474061,FALSE
"P48740","High_vs_Low",-0.277617067480957,13.6339737745166,-2.7000090447454,0.00716029872714853,0.0556432852892867,-2.6193117943927,FALSE
"Q9BYJ0","High_vs_Low",-0.272980237252302,10.4278262147083,-2.69511597846889,0.00726480118815636,0.0562295611963302,-2.63162633142393,FALSE
"Q15599","High_vs_Low",-0.287811132520919,6.91723309314914,-2.69000466819396,0.00740988069893973,0.0570506719455438,-2.60832967014747,FALSE
"P12830","High_vs_Low",-0.26114263492253,10.6249873131711,-2.68751528290555,0.00742985495104756,0.0570506719455438,-2.65071223796739,FALSE
"Q16822","High_vs_Low",-0.397845211561579,6.3196837530973,-2.6928466388402,0.00750024573686599,0.0573635395289948,-2.53175693310679,FALSE
"Q6UXI7","High_vs_Low",-0.448806003746086,7.74960185271614,-2.68687949228115,0.0075640248840807,0.0576148551351792,-2.54900963257309,FALSE
"P07307","High_vs_Low",-0.327651646624734,7.51681961779253,-2.68027126548721,0.00761771004696441,0.0576148551351792,-2.65037707203573,FALSE
"P27169","High_vs_Low",-0.199260730955679,16.6344859599093,-2.67781705688451,0.0076453525170752,0.0576148551351792,-2.67498919691548,FALSE
"Q7Z7G0","High_vs_Low",-0.20097481755092,13.2619748609732,-2.67751269439982,0.00765220556575765,0.0576148551351792,-2.67574970895505,FALSE
"P13569","High_vs_Low",-0.53597908185729,10.1982622294802,-2.67567382616375,0.00788700584644762,0.0591525438483571,-2.57989873157562,FALSE
"Q8NFU4","High_vs_Low",-0.316523061591061,10.7797888315624,-2.66643447108869,0.00792235010359432,0.0591882140944209,-2.68571768927644,FALSE
"Q641Q3","High_vs_Low",-0.296227815109768,8.20933482721477,-2.6626820005942,0.00800938314611502,0.059393259189289,-2.68516073217838,FALSE
"P09871","High_vs_Low",-0.220802752235368,16.6449281024388,-2.66134223473857,0.00802433677278378,0.059393259189289,-2.71603417410926,FALSE
"Q9Y6Z7","High_vs_Low",-0.286338713153581,14.4793507807971,-2.66059675127001,0.00804187798842053,0.059393259189289,-2.71788563441998,FALSE
"O14717","High_vs_Low",-0.275407300573875,8.77135676055295,-2.6659416431696,0.00810266771208339,0.0596146844976478,-2.59798871278124,FALSE
"P55157","High_vs_Low",-0.31134046985193,7.52973044151518,-2.64863142025565,0.00834073478110378,0.0611337947024084,-2.73356765901243,FALSE
"P13645","High_vs_Low",-0.318538944006621,14.3720868518528,-2.64484342277421,0.00842069491353881,0.0612580370333174,-2.75689226478414,FALSE
"P15311","High_vs_Low",-0.222941052605151,8.1655479546288,-2.64489006140271,0.00842100147331392,0.0612580370333174,-2.75415268061745,FALSE
"P51148","High_vs_Low",-0.286829540044971,7.28598695620949,-2.64435718475318,0.00846409758852296,0.0613409319617675,-2.7311539318606,FALSE
"P07333","High_vs_Low",-0.233644655041504,11.7107416919824,-2.63779490101514,0.00859531344934572,0.0620594459868805,-2.77427212606443,FALSE
"Q8NBP7","High_vs_Low",-0.234199722056703,11.9076921862924,-2.62290432045692,0.00897492285841633,0.0645593893347048,-2.81084026888521,FALSE
"Q9NQ30","High_vs_Low",-0.227516633478968,9.49458803488336,-2.61605216159249,0.00915765226658427,0.065629841243854,-2.82337269680336,FALSE
"O00592","High_vs_Low",-0.282802506058177,12.9048476261429,-2.61161253648645,0.00927272529105133,0.0662093115800159,-2.83843631946301,FALSE
"P11047","High_vs_Low",-0.261091340471138,9.26542368320038,-2.60040950123726,0.00957689553697097,0.0681297531766133,-2.86570103591478,FALSE
"P02751","High_vs_Low",-0.232958711357112,13.8064220105094,-2.59776516734722,0.00964997995300916,0.068398209557043,-2.87211989259139,FALSE
"P25445","High_vs_Low",-0.310810396179679,6.59609735933472,-2.60254321932088,0.00970172933969851,0.0684397181567288,-2.73560811609939,FALSE
"Q9NQV8","High_vs_Low",-0.409543955603763,9.46791203851241,-2.59817469948323,0.00976075952972233,0.0684397181567288,-2.78699092470944,FALSE
"Q9Y624","High_vs_Low",-0.244707399604128,8.15987962735892,-2.59393803223377,0.00976194429522332,0.0684397181567288,-2.87815830446521,FALSE
"P35908","High_vs_Low",-0.324099209395486,14.6817118010482,-2.58844711597894,0.00991150400034404,0.0689888768183007,-2.89468788870436,FALSE
"Q08830","High_vs_Low",-0.242654396206655,10.5343884455737,-2.58724075338279,0.00994582117214327,0.0689888768183007,-2.89760388766845,FALSE
"P13987","High_vs_Low",-0.231420101076369,10.2741209241963,-2.58736016446767,0.00994723340170847,0.0689888768183007,-2.8908511335444,FALSE
"Q8IVW4","High_vs_Low",-0.268157043897482,10.7039918382996,-2.58125409133819,0.0101242140475581,0.0698393715712751,-2.90033795720234,FALSE
"Q9UKU9","High_vs_Low",-0.269911449793154,10.8524297525899,-2.58041330205629,0.0101420482746916,0.0698393715712751,-2.91408215690632,FALSE
"P01040","High_vs_Low",-0.31886075860459,10.1976676246588,-2.57839914973944,0.0102049217109252,0.070023133016455,-2.90866593230421,FALSE
"P04264","High_vs_Low",-0.273907837901966,16.7632817540826,-2.56446492469414,0.0106139495534449,0.0724270218062365,-2.95240894002453,FALSE
"Q9HDC9","High_vs_Low",-0.259866593120913,13.598423170542,-2.56392985956078,0.0106301158620006,0.0724270218062365,-2.95369078611549,FALSE
"P06733","High_vs_Low",-0.249940763768622,12.3827193222578,-2.56080147949208,0.0107250761752706,0.072817622453153,-2.96118017861748,FALSE
"Q8IZS8","High_vs_Low",-0.212784488191005,9.69851791463775,-2.56114376848897,0.0107791005767616,0.0729285301259916,-2.90268523820035,FALSE
"P55268","High_vs_Low",-0.249799144312421,7.83828639508727,-2.55772774509701,0.0108196639426343,0.0729479084634052,-2.96829643521543,FALSE
"P60985","High_vs_Low",-0.285494087900537,10.9812272597266,-2.55621881103087,0.0108655463387983,0.0730028894638013,-2.97213508808713,FALSE
"P23470","High_vs_Low",-0.218256481899552,12.5096786107109,-2.55172386463985,0.0110049184175055,0.0734556153257235,-2.98286173555925,FALSE
"O43396","High_vs_Low",-0.437290300888533,8.10964613365551,-2.55223301262208,0.0110197020648475,0.0734556153257235,-2.95554363961532,FALSE
"Q9NZT1","High_vs_Low",-0.330415746044755,10.0037100961864,-2.55049030098523,0.0110468134675894,0.0734556153257235,-2.97906228552504,FALSE
"Q53RD9","High_vs_Low",-0.255863589679329,8.59774592693435,-2.54646946653761,0.011174392429713,0.0739725004169723,-2.99310772723751,FALSE
"O75309","High_vs_Low",-0.280246691408116,7.29110766952984,-2.54579518270831,0.0112010039391074,0.0739725004169723,-2.9886929505234,FALSE
"Q9UIQ6","High_vs_Low",-0.305407717022779,6.95431634648819,-2.54564613598475,0.0112576529103794,0.0740048603251406,-2.94445166021186,FALSE
"Q6P988","High_vs_Low",-0.298742511537023,8.66458723108072,-2.54340569741984,0.0112823947265718,0.0740048603251406,-2.98672209653645,FALSE
"A8MYB1","High_vs_Low",-0.368186421920864,12.1465112764336,-2.53976841900345,0.0114111868872375,0.0745967791446101,-2.9888561186703,FALSE
"P30530","High_vs_Low",-0.32062812947854,6.60618319404626,-2.54153761127242,0.0114512406334015,0.0746065677630706,-2.88803649235427,FALSE
"Q4LDE5","High_vs_Low",-0.280714616661072,10.6076096730931,-2.53241613442639,0.0116218667910726,0.0754641350359919,-3.02872818107602,FALSE
"Q14118","High_vs_Low",-0.232035367138833,9.26371366766278,-2.53025588677034,0.0116927736702106,0.0756706255914966,-3.03383884516233,FALSE
"P81605","High_vs_Low",-0.25967231261135,12.8945605089236,-2.52760738635898,0.0117802317410864,0.0759824947300075,-3.04009880802015,FALSE
"A0A1B0GTC6","High_vs_Low",-0.323372770859171,11.1880567286394,-2.5193872120841,0.0120553932279084,0.0774989564651255,-3.05948722982521,FALSE
"Q9H6X2","High_vs_Low",-0.221404637511718,8.48097339830864,-2.51734885691191,0.0121245028941649,0.0775098605347681,-3.06428545085747,FALSE
"P19823","High_vs_Low",-0.237445840503977,20.3494201718466,-2.51621082693252,0.0121632403582293,0.0775098605347681,-3.06696268963969,FALSE
"P22304","High_vs_Low",-0.242777300771449,8.61410204696353,-2.51579975889858,0.01217725974293,0.0775098605347681,-3.06792944555758,FALSE
"Q93050","High_vs_Low",-0.373402452116521,6.81951116437968,-2.517475004708,0.0122716448193094,0.0776634225371029,-2.97634892669343,FALSE
"P02671","High_vs_Low",-0.30543395946799,16.1605282045091,-2.51275182778132,0.0122816575174953,0.0776634225371029,-3.07509281322388,FALSE
"Q8IUL8","High_vs_Low",-0.224138244534007,7.80778526917754,-2.51009819859641,0.0123731964233908,0.0779874106816326,-3.08132258513429,FALSE
"P11150","High_vs_Low",-0.201714807251053,8.10982505289736,-2.50878106903321,0.0124323924194135,0.0780017260215112,-3.0667196789627,FALSE
"P10909","High_vs_Low",-0.203894887369714,18.9245639243143,-2.50771020573484,0.0124560895817297,0.0780017260215112,-3.08692325345778,FALSE
"P11049","High_vs_Low",-0.241161896159966,11.2024668889406,-2.50632112184082,0.0125057214488205,0.0780599064627987,-3.08833948507126,FALSE
"Q15758","High_vs_Low",-0.283375991615266,7.40097123466772,-2.50519010678122,0.0125920457212517,0.0783460079441225,-3.05335621344536,FALSE
"Q9NY97","High_vs_Low",-0.244136047110178,9.37285697620145,-2.50006470724816,0.0127248109780089,0.0786379244520051,-3.10481963867221,FALSE
"P22607","High_vs_Low",-0.274121017338564,6.99276615756357,-2.50091118847485,0.0127597265009767,0.0786379244520051,-3.01908018167653,FALSE
"P02649","High_vs_Low",-0.155563177495349,16.5870912448175,-2.49904934831452,0.0127608828309714,0.0786379244520051,-3.10719235758945,FALSE
"Q96BZ4","High_vs_Low",-0.23558179209048,6.92298354401941,-2.49682261378438,0.0129390976154767,0.0794830282093571,-3.04990068716046,FALSE
"P55058","High_vs_Low",-0.235294618427035,14.1603260055939,-2.48846086600216,0.0131424939992009,0.0802704764185491,-3.13187982007651,FALSE
"P04275","High_vs_Low",-0.268680644307292,16.8930241035935,-2.48824840129706,0.0131502537595246,0.0802704764185491,-3.13237414389406,FALSE
"Q8N8M0","High_vs_Low",-0.308480052149003,8.40221414328716,-2.48434225986947,0.0133471072222321,0.0812158882862236,-3.08905548402632,FALSE
"P15907","High_vs_Low",-0.254448978264032,9.24805423601795,-2.47611321309335,0.0136002609476455,0.0822486186899993,-3.16053975487962,FALSE
"Q7LFX5","High_vs_Low",-0.221985321943578,8.52295385874585,-2.47607129495166,0.0136018387497673,0.0822486186899993,-3.16063681358636,FALSE
"Q9UP79","High_vs_Low",-0.343501813648993,6.78792080515514,-2.47734464987828,0.0137313316032258,0.0827729802250528,-3.02746909650796,FALSE
"P35555","High_vs_Low",-0.406019942656906,8.03190824669307,-2.47154764323011,0.0137873122678801,0.0828523268271679,-3.15113025998906,FALSE
"Q92563","High_vs_Low",-0.231963961676314,8.24064865592277,-2.46487444598556,0.0140511944976111,0.0841766605352245,-3.15360809171757,FALSE
"Q7Z5L7","High_vs_Low",-0.275303113058599,7.23146187714848,-2.45780341459813,0.014385344071919,0.0857417839241629,-3.13013347881762,FALSE
"P51693","High_vs_Low",-0.253575521228534,12.0721161511754,-2.45537154151719,0.0144010748193038,0.0857417839241629,-3.20836990151056,FALSE
"P19021","High_vs_Low",-0.242512409729128,9.82548248787503,-2.44794241529087,0.0146978908405197,0.0872405483938825,-3.22540592837303,FALSE
"P13497","High_vs_Low",-0.210788314422082,9.69773799030464,-2.4464200024162,0.0147593792328053,0.0873376110565084,-3.22889081476789,FALSE
"P11836","High_vs_Low",-0.267379205179912,7.36629271351992,-2.43674985321395,0.015269242415875,0.0900792197399944,-3.16195023951788,FALSE
"P10645","High_vs_Low",-0.254767223072438,10.5482874704391,-2.43036010315536,0.0154219985953947,0.0907038519212422,-3.26552390269997,FALSE
"P13727","High_vs_Low",-0.265276131489939,13.7495493722786,-2.42839064023847,0.01550503833883,0.0909159066231394,-3.27000009132071,FALSE
"P01266","High_vs_Low",-0.315136455636078,7.90081172809841,-2.42701710575406,0.0155692078030756,0.091016365857859,-3.26451357418543,FALSE
"O00187","High_vs_Low",-0.22011204821402,15.9306280839167,-2.408910740747,0.0163478734519431,0.0952805274985237,-3.31408309530709,FALSE
"Q05707","High_vs_Low",-0.208549232432294,7.75126753491606,-2.40720883920451,0.0164254274523163,0.0954450514121084,-3.31715196569993,FALSE
"Q6UY14","High_vs_Low",-0.327615012098081,9.02827132250117,-2.40334676717024,0.016602817098665,0.0961869792991521,-3.32444793492201,FALSE
"Q8IWA5","High_vs_Low",-0.269248334471113,8.08443629806963,-2.40450898816033,0.0166964436760275,0.0964406522779499,-3.25417886517713,FALSE
"P04632","High_vs_Low",-0.253461913351032,9.04059286069673,-2.39285604117786,0.0170732828090762,0.0983238161772694,-3.34979493194711,FALSE
"P53634","High_vs_Low",-0.236713222315164,10.2574386809939,-2.38708228303935,0.0173400555822031,0.0991122277742773,-3.36306885847484,FALSE
"P20930","High_vs_Low",-0.290614984193228,8.55168975297521,-2.38688901551329,0.0173554079843209,0.0991122277742773,-3.35547952286881,FALSE
"Q9BZE9","High_vs_Low",-0.282971348893936,11.8006852623762,-2.38661719624695,0.0173638476565788,0.0991122277742773,-3.35930343988313,FALSE
"P14209","High_vs_Low",-0.260408314945821,8.64415663734407,-2.38503907142468,0.0174355833262277,0.0992289815772077,-3.36763178154314,FALSE
"Q96P63","High_vs_Low",-0.325242372390091,8.7873251422855,-2.38092608229089,0.0176452978908348,0.100128010025705,-3.3523699975349,FALSE
"P17655","High_vs_Low",-0.267198250203149,9.23033736729687,-2.37332477808926,0.0179929578706054,0.10162125022826,-3.39338330529807,FALSE
"P29508","High_vs_Low",-0.359964105805002,7.94705885421987,-2.37385619545265,0.0180134825986011,0.10162125022826,-3.34173461751198,FALSE
"O75340","High_vs_Low",-0.225695276948112,8.92749489220785,-2.37057316676871,0.0181252538526125,0.101954552920945,-3.39982798762333,FALSE
"Q02413","High_vs_Low",-0.2818462344841,10.0690036841247,-2.36755341178776,0.0182743458722256,0.102495244239874,-3.40224755905012,FALSE
"P10646","High_vs_Low",-0.21782490436425,11.7922847893331,-2.36480076563332,0.0184070748415742,0.102941300053312,-3.41262196219534,FALSE
"Q9HCL0","High_vs_Low",-0.237751263734335,9.72909957725949,-2.36016406548228,0.0186362269353784,0.103572459950087,-3.42287668269444,FALSE
"P12110","High_vs_Low",-0.200679868293639,8.96326542801048,-2.35958958123065,0.0186655088362609,0.103572459950087,-3.42388125137099,FALSE
"P98161","High_vs_Low",-0.260644726046387,6.76716309380277,-2.35954971883006,0.0187334687882107,0.103572459950087,-3.35973663672643,FALSE
"P27824","High_vs_Low",-0.212945843960838,10.9622146784188,-2.35820018742755,0.0187340366834783,0.103572459950087,-3.42721414638197,FALSE
"Q86X29","High_vs_Low",-0.275307620311638,9.55767542120689,-2.35078081751176,0.0191090811369465,0.10534493447291,-3.44033571987707,FALSE
"P02538","High_vs_Low",-0.260696260065316,14.7975265149345,-2.33413576140231,0.0199696185594029,0.109776170205808,-3.48007667309943,FALSE
"Q9Y4X3","High_vs_Low",-0.26016588759143,8.39288390004291,-2.33323192706207,0.0201822129706847,0.110630544187747,-3.38490781372414,FALSE
"P03951","High_vs_Low",-0.216348611451538,15.4570022484042,-2.32875194952236,0.0202556210581648,0.110719284597596,-3.49183074975733,FALSE
"Q15650","High_vs_Low",-0.22718961798383,9.50928573603829,-2.32801462731046,0.0205704378225761,0.112123372356859,-3.33763224331103,FALSE
"P03950","High_vs_Low",-0.464434089810538,9.87591082263149,-2.31948895710645,0.0207614086049136,0.112548417545112,-3.50418148729151,FALSE
"P54289","High_vs_Low",0.469896913047589,6.38116228364682,2.32492790895941,0.0207647468028965,0.112548417545112,-3.33215061714416,FALSE
"P19022","High_vs_Low",-0.232212983578352,9.03003520170015,-2.31588007388818,0.020953980353526,0.113256849117522,-3.51982533060666,FALSE
"P15090","High_vs_Low",-0.247388636414348,7.59543334074799,-2.31318693146677,0.0211549424962072,0.114024550780392,-3.48209330859686,FALSE
"P05060","High_vs_Low",-0.254183534449657,8.87073273487393,-2.30959626956874,0.0213032451676968,0.11450494277637,-3.53306211376159,FALSE
"P13647","High_vs_Low",-0.307019139804648,12.5492825171657,-2.30764167091258,0.021411916805626,0.114524837300532,-3.5376630603187,FALSE
"Q99436","High_vs_Low",-0.394239341042407,6.88381339387246,-2.31196367118253,0.0214253183993759,0.114524837300532,-3.39040350986752,FALSE
"Q9BWS9","High_vs_Low",-0.273441264300218,7.10301008932266,-2.30114733720372,0.021842028240583,0.11627769980396,-3.48595298643547,FALSE
"P08253","High_vs_Low",-0.218741910297526,10.0067525674466,-2.29949319695642,0.0218734277667397,0.11627769980396,-3.55524488490168,FALSE
"P01042","High_vs_Low",-0.346780035136995,15.4118958099664,-2.29816949321168,0.0219492132443016,0.116360897610201,-3.55809527124051,FALSE
"P18428","High_vs_Low",-0.238014928414746,12.3409508522869,-2.29605657581056,0.02207065800266,0.116685036161604,-3.56264177565265,FALSE
"Q3SY84","High_vs_Low",-0.336432145618353,9.58802080940412,-2.29523494665059,0.022131582259725,0.116688315184108,-3.54548910460739,FALSE
"Q96GW7","High_vs_Low",-0.207919381814382,7.67663917719924,-2.29412123501621,0.0222061068883593,0.116763089209172,-3.5447974802566,FALSE
"P14151","High_vs_Low",-0.170364491685845,14.5484473128604,-2.28807963289665,0.0225344504891665,0.118048439305992,-3.57976939420168,FALSE
"Q5JU69","High_vs_Low",-0.227996079140972,6.39272157110672,-2.29077980758428,0.0225725697897762,0.118048439305992,-3.48947284092768,FALSE
"P31025","High_vs_Low",-0.310305914324935,7.66912996664374,-2.28789315817031,0.0226381183750403,0.118072126834779,-3.49740431639228,FALSE
"P06858","High_vs_Low",-0.204561633469599,10.2916095332125,-2.28066390629135,0.0229732101681493,0.119473581715713,-3.59563966378695,FALSE
"P08263;P09210","High_vs_Low",-0.30930853655076,7.44960818469554,-2.28180060068224,0.0230303079999797,0.119473581715713,-3.51553115002008,FALSE
"Q9Y4F3","High_vs_Low",-0.280317259962409,12.713313291584,-2.27140384719091,0.0235404125420999,0.121793310879581,-3.6112646158789,FALSE
"Q9NT22","High_vs_Low",-0.224648855830743,7.74446129949712,-2.26589372905532,0.0239000972269211,0.122405639835139,-3.61299257529932,FALSE
"P17927","High_vs_Low",-0.22631691071011,7.51328681995119,-2.26569763693447,0.0239014419492913,0.122405639835139,-3.60844299126307,FALSE
"P42229","High_vs_Low",-0.541003293386761,6.85539332738855,-2.2687654422516,0.0239577046733607,0.122405639835139,-3.4791919983484,FALSE
"P24593","High_vs_Low",-0.260590841731815,12.2932239801639,-2.2642903346563,0.0239684044457497,0.122405639835139,-3.63050181238639,FALSE
"P05976","High_vs_Low",0.454897419161992,6.92702672526075,2.26801497684432,0.0239933690369722,0.122405639835139,-3.49195998284921,FALSE
"Q9P2T1","High_vs_Low",-0.326602518008802,7.48923805705104,-2.26595544446156,0.024038316866849,0.122405639835139,-3.50621943658585,FALSE
"Q10471","High_vs_Low",-0.173581844044384,7.63284988649175,-2.25784570473257,0.0243710809012789,0.123774387254526,-3.64248932441866,FALSE
"P18065","High_vs_Low",-0.357215175116147,11.9484702190205,-2.25648859772187,0.0244605228845226,0.123903433983118,-3.64224077387474,FALSE
"Q9H3G5","High_vs_Low",-0.200776403755912,8.69120738308076,-2.25314086813373,0.0246681545164584,0.124374810746227,-3.65374466864779,FALSE
"P04406","High_vs_Low",-0.24151835534526,12.5170949340456,-2.25290797916785,0.0246821329852978,0.124374810746227,-3.65459185616329,FALSE
"P25774","High_vs_Low",-0.249449621128174,7.74668522773546,-2.25141596257846,0.024845696296823,0.124873824245072,-3.59580944021372,FALSE
"P13612","High_vs_Low",-0.187235939416109,7.87621061934555,-2.24538172796454,0.0251732788695192,0.125822326671817,-3.6640875721485,FALSE
"P07327","High_vs_Low",-0.253572959713098,7.76743088812502,-2.24460935913236,0.0252274994782601,0.125822326671817,-3.66627482985619,FALSE
"Q9GZM7","High_vs_Low",-0.196508353014332,8.14315932998817,-2.24472915798,0.0252294897925917,0.125822326671817,-3.64812555447517,FALSE
"Q96GI7","High_vs_Low",-0.248319375652585,9.3160434184986,-2.24401737278775,0.0253182871695569,0.125940580136485,-3.6260305945961,FALSE
"O60704","High_vs_Low",-0.200252423133396,8.00567400083972,-2.24036021950394,0.0254994501154615,0.126516502495944,-3.66991093899686,FALSE
"Q969P0","High_vs_Low",-0.202342635343641,6.55218704633007,-2.23960413680932,0.025613662119906,0.126626418875429,-3.62529166889957,FALSE
"Q9HA64","High_vs_Low",0.440518534049775,6.34574862381025,2.2438278680498,0.0256524838238595,0.126626418875429,-3.49946764554269,FALSE
"P05089","High_vs_Low",-0.27982825725641,9.06051742196426,-2.23372205507585,0.0259353980131867,0.127483192978798,-3.68645775917304,FALSE
"P07477","High_vs_Low",-0.268382626977715,11.7153669213911,-2.2328930686826,0.0259870015652389,0.127483192978798,-3.69212149298301,FALSE
"P49257","High_vs_Low",-0.242599170060171,7.8521838951863,-2.23110107365939,0.0261293658432025,0.127483192978798,-3.67910445335126,FALSE
"Q99972","High_vs_Low",-0.252941876110719,7.28084850181818,-2.23078583500213,0.0261485299715222,0.127483192978798,-3.67810179395184,FALSE
"P11362","High_vs_Low",-0.253940329488305,8.7918583621456,-2.22951379529797,0.0262191185633179,0.127483192978798,-3.68992969675378,FALSE
"O75081","High_vs_Low",-0.325009402638749,13.2039206979968,-2.22944155741121,0.0262213492535203,0.127483192978798,-3.69488337765624,FALSE
"P01008","High_vs_Low",-0.232535977614111,11.5571065903026,-2.22580815089608,0.0264561514694936,0.128302388705439,-3.71146824347756,FALSE
"O94973","High_vs_Low",0.270787641934373,7.3006284861976,2.22268707256958,0.0267144639639372,0.129231219425546,-3.68192869766676,FALSE
"P00740","High_vs_Low",-0.237403537193041,14.5960564092345,-2.2172877947068,0.0270362782879353,0.130369842002847,-3.72921116294614,FALSE
"P33908","High_vs_Low",-0.174541299298347,10.7925896868047,-2.21658543887592,0.0270845873308241,0.130369842002847,-3.73067078374415,FALSE
"Q08380","High_vs_Low",-0.175319320552251,16.369462900768,-2.21195700805259,0.0274048099705284,0.131583889064448,-3.74027815351079,FALSE
"P0DJI8","High_vs_Low",-0.420730900879429,13.9628809768512,-2.20257874168513,0.0280637100570447,0.13396462378846,-3.75968453764788,FALSE
"Q96S96","High_vs_Low",-0.251978392824276,10.0620823366402,-2.20169331080965,0.0281266205482768,0.13396462378846,-3.76151257749739,FALSE
"O75882","High_vs_Low",-0.238067313526644,8.33429264489881,-2.20118778383017,0.0281651580645698,0.13396462378846,-3.75799592607738,FALSE
"Q06033","High_vs_Low",-0.167599847634119,17.8933602998174,-2.20024895515458,0.0282295046439417,0.13396462378846,-3.76449301376552,FALSE
"Q9H446","High_vs_Low",-0.311624012899513,7.39482208485484,-2.20386281291265,0.0282468043957062,0.13396462378846,-3.627250640089,FALSE
"P17813","High_vs_Low",-0.204555081564305,7.20022225885823,-2.2003826654155,0.0283572197931496,0.134159462835561,-3.71403175009112,FALSE
"P23381","High_vs_Low",-0.225700446420349,7.40481678366745,-2.1965431361856,0.0285183403650734,0.134592655137603,-3.75875109811903,FALSE
"P05155","High_vs_Low",-0.201399207136756,14.0209567069648,-2.19237767493386,0.0287959245926585,0.135572053739159,-3.78070174202427,FALSE
"P49908","High_vs_Low",-0.205567115684703,14.5925479974934,-2.19049068523962,0.0289331623483968,0.135887546466378,-3.78457901159436,FALSE
"P35527","High_vs_Low",-0.277335726611584,14.6157384664334,-2.18918555513952,0.0290284123951316,0.13600478930891,-3.78725879677,FALSE
"P14923","High_vs_Low",-0.308657391791595,9.01345856411896,-2.18782387761205,0.0291315489233258,0.136129358209874,-3.78510212772636,FALSE
"P07910","High_vs_Low",-0.231672821456245,8.38794334764666,-2.186685712487,0.029220400137682,0.136129358209874,-3.78411652624583,FALSE
"Q9UN70","High_vs_Low",-0.251426250612869,7.46155293047386,-2.18573980351114,0.0292926949623605,0.136129358209874,-3.78889056150278,FALSE
"Q9UBX7","High_vs_Low",-0.347652624485256,11.0180551557968,-2.18520887878029,0.0293364043273991,0.136129358209874,-3.78233503093201,FALSE
"Q15223","High_vs_Low",-0.240887548319206,7.76132340792376,-2.18332693335338,0.0295929625099707,0.136991345590415,-3.73004141028924,FALSE
"Q02487","High_vs_Low",-0.266487326397544,6.72112674295257,-2.18041983676174,0.0297340417901125,0.137315920916152,-3.77188790990334,FALSE
"Q08629","High_vs_Low",-0.213085502442051,7.25794963168698,-2.17889715432839,0.0298771192168166,0.137648156391762,-3.74646005733763,FALSE
"P02533","High_vs_Low",-0.268767887142292,13.6158015743628,-2.17239129525297,0.0302784351504038,0.138808024848073,-3.82160218597634,FALSE
"O43529","High_vs_Low",-0.225090325647294,7.08046953571719,-2.17229825195057,0.0303223465604216,0.138808024848073,-3.78194004389854,FALSE
"P30990","High_vs_Low",-0.194330135803011,8.86237445889297,-2.17180319867355,0.0303440798505091,0.138808024848073,-3.80619901614129,FALSE
"Q09666","High_vs_Low",-0.173371885009299,8.9200180950976,-2.16576200614294,0.0307844830145991,0.140490506210494,-3.83508732064964,FALSE
"P22105","High_vs_Low",-0.19255729867127,13.1904145222922,-2.16300226135894,0.0309972858877449,0.141128819277145,-3.84068920477488,FALSE
"P0DJI9","High_vs_Low",-0.392007898295471,11.2077247000343,-2.15805814002761,0.0313816925326173,0.142543603405198,-3.85070753431029,FALSE
"P20701","High_vs_Low",-0.17560977048981,8.57395550348174,-2.15179675038938,0.0318743976208186,0.14444252786015,-3.86336277515643,FALSE
"Q92954","High_vs_Low",-0.208556031448031,12.2104989802304,-2.1469921513362,0.0322569650919356,0.145726670385712,-3.87304914790421,FALSE
"P42025","High_vs_Low",-0.310561936500054,8.33137849152856,-2.14757914621814,0.0323320242470057,0.145726670385712,-3.8083852657897,FALSE
"P10586","High_vs_Low",-0.203418361054466,7.28704665708896,-2.14414379317164,0.0324883303458121,0.145726670385712,-3.87820405841551,FALSE
"Q9HBW9","High_vs_Low",-0.199635937101867,7.94242196286746,-2.14307582339185,0.0325884564718019,0.145726670385712,-3.86676281801069,FALSE
"Q8WUJ3","High_vs_Low",-0.329895389440945,7.7314309567969,-2.14257732638206,0.0326258417771291,0.145726670385712,-3.87551973664355,FALSE
"Q96MT3","High_vs_Low",-0.382237492651718,11.9342487165789,-2.14362129527258,0.0326267804220207,0.145726670385712,-3.8283655198268,FALSE
"O14960","High_vs_Low",-0.330381542453964,11.8546863734443,-2.14167487307924,0.0326849482932294,0.145726670385712,-3.88374434181234,FALSE
"Q9UDX3","High_vs_Low",-0.323603240956679,8.74737580426947,-2.14230611262248,0.0328029045963976,0.145841258231807,-3.75129374326556,FALSE
"Q8N307","High_vs_Low",-0.191378484406082,10.2198904475629,-2.1386276865034,0.0329333081201317,0.145841258231807,-3.8894584537916,FALSE
"P26038","High_vs_Low",-0.21905384896872,10.0554581270799,-2.13857424164258,0.0329367596110075,0.145841258231807,-3.88996894891773,FALSE
"Q86UX2","High_vs_Low",-0.177856506431843,7.58101922272637,-2.13563799962296,0.0331803967992923,0.146584629695504,-3.89227235158295,FALSE
"Q07075","High_vs_Low",-0.220890967740232,6.68437964291006,-2.13242038043335,0.0337134744437585,0.14860039418832,-3.75672484896471,FALSE
"P01591","High_vs_Low",-0.275556531943069,10.7534476961789,-2.12802877542325,0.0338056914626296,0.14866821131861,-3.91107302295319,FALSE
"P11597","High_vs_Low",-0.221605585249279,14.3690496337631,-2.12307068579979,0.0342209792600378,0.150153276345064,-3.92095998506214,FALSE
"Q14697","High_vs_Low",-0.177855938985386,9.82950310667084,-2.11878190537071,0.0345837255148427,0.151401603781042,-3.92949400833848,FALSE
"P22694","High_vs_Low",0.343557617778823,6.90782281647317,2.11824353834488,0.0347666519871757,0.151858852359334,-3.84482629322495,FALSE
"Q7Z3Y7","High_vs_Low",-0.231908696206849,15.3859550198003,-2.11556623495735,0.0348606390836218,0.151926433844162,-3.93342575946898,FALSE
"Q8TF66","High_vs_Low",-0.256272817378162,6.63441243680865,-2.11604618615207,0.0350258542486042,0.152303433642807,-3.8071631213467,FALSE
"P05186","High_vs_Low",-0.222416712154224,6.64416715983363,-2.1140572977758,0.0351113334185905,0.152332803060477,-3.8719829622602,FALSE
"Q9Y6C2","High_vs_Low",-0.249586867322796,10.4729699752306,-2.10674997746148,0.0356190210458754,0.154189721977112,-3.95334526655652,FALSE
"Q9BXT2","High_vs_Low",-0.23923387534149,8.77237096449732,-2.09949019070426,0.0364132975518497,0.157276184738458,-3.89471084312221,FALSE
"P11233","High_vs_Low",-0.257261745856029,6.75414739306379,-2.09556733135855,0.0368457755009031,0.15866760539005,-3.86801186951591,FALSE
"Q6KB66","High_vs_Low",-0.376506480607331,9.52359920940855,-2.09248231740152,0.036899443113965,0.15866760539005,-3.96033138825925,FALSE
"P00325","High_vs_Low",-0.274297036946612,8.53607392474214,-2.090134677188,0.0371200157224325,0.159262151713763,-3.97285804437692,FALSE
"P63218","High_vs_Low",-0.267843595896638,9.16578414948582,-2.08770067621703,0.0373690771313655,0.159729436041057,-3.9605071751403,FALSE
"Q16658","High_vs_Low",-0.28753643452073,6.41987347472856,-2.08833409707093,0.0373940230111621,0.159729436041057,-3.90620786292143,FALSE
"O75695","High_vs_Low",-0.260377707581092,7.512442512364,-2.0834749966205,0.0378748374275914,0.16121018191798,-3.90524936488338,FALSE
"Q15911","High_vs_Low",-0.188814144619821,10.3802555256637,-2.08207172309015,0.0379073037584914,0.16121018191798,-3.92089312580605,FALSE
"Q9NYQ8","High_vs_Low",-0.384732795302275,7.98396282762633,-2.08009606869885,0.0380417154599058,0.161427016260784,-3.98316848546629,FALSE
"P19086","High_vs_Low",0.419142474796321,6.95214470408305,2.08063854400179,0.0382390905090654,0.16190949701322,-3.87160994358541,FALSE
"P22735","High_vs_Low",-0.371949903549227,8.92787899244459,-2.07602798365943,0.0384443741544541,0.162423283818491,-3.95346141363967,FALSE
"P43686","High_vs_Low",-0.294944830554285,7.18829969733734,-2.06445348200748,0.0395245327140393,0.166623030068989,-4.00080622067682,FALSE
"P05023","High_vs_Low",-0.173427801930475,7.81301349238323,-2.06073297298802,0.0398365023256974,0.167489699945157,-4.03584062033713,FALSE
"Q9H5I5","High_vs_Low",-0.190356692367644,10.5868250915879,-2.06000622741124,0.0399032308396473,0.167489699945157,-4.03952462982686,FALSE
"Q09328","High_vs_Low",-0.142071958534959,8.89504720732085,-2.0525836971822,0.0406143138551218,0.170105405432166,-4.05906802779734,FALSE
"P21439","High_vs_Low",-0.225910986459947,9.11995590656218,-2.04991167715343,0.0409868170098322,0.171294796790551,-3.99795898720224,FALSE
"Q9NQ76","High_vs_Low",-0.2583241400972,8.79101973270035,-2.04714839967338,0.0411609450165426,0.171311273909244,-4.05256724713936,FALSE
"P23467","High_vs_Low",-0.17654625402634,8.79390050319255,-2.0469366933392,0.041167825513074,0.171311273909244,-4.06993417952059,FALSE
"Q96PX8","High_vs_Low",-0.235318437139433,6.86352433217813,-2.04308511918893,0.0416202118708545,0.172822124399364,-4.02538512910949,FALSE
"Q10589","High_vs_Low",-0.283711444692487,7.42872267096345,-2.03992129015527,0.0419447899457077,0.173796934785748,-4.03042843860697,FALSE
"P00742","High_vs_Low",-0.134452566263997,14.9378782243176,-2.03774792577626,0.042082191782932,0.173906381422461,-4.08755260253128,FALSE
"Q96Q06","High_vs_Low",-0.212845000627683,8.04826891436327,-2.03669050063744,0.0421964728857375,0.173906381422461,-4.08359594277468,FALSE
"Q9UKZ9","High_vs_Low",-0.194579229259588,8.67758135914371,-2.03623008155991,0.0422408264953781,0.173906381422461,-4.0866149920776,FALSE
"P62136","High_vs_Low",-0.300191872585164,6.65518436711675,-2.03274292400615,0.0426887642651911,0.175377407331518,-4.03600288079676,FALSE
"P11021","High_vs_Low",-0.181338927977549,10.2124101408684,-2.02984701255528,0.0428821301546975,0.175798563240126,-4.10263939012391,FALSE
"Q9BZQ8","High_vs_Low",-0.17478221131669,6.73695629140164,-2.02610968964841,0.0432975444404654,0.17712631816554,-4.08925075393963,FALSE
"Q6PCB0","High_vs_Low",-0.211427350205784,6.80868966858959,-2.02290421638336,0.04367976148982,0.178209122984635,-4.05811510516593,FALSE
"P04259","High_vs_Low",-0.17466130653977,14.4216868862115,-2.02144966779932,0.0437464255388638,0.178209122984635,-4.11861093139341,FALSE
"P07225","High_vs_Low",-0.186026225369556,14.80708803435,-2.01867007348007,0.04403574565622,0.179010856816777,-4.12388330638752,FALSE
"Q16610","High_vs_Low",-0.177243729779875,12.6541553213645,-2.01371068977083,0.0445559780216083,0.180745948578222,-4.13327261425134,FALSE
"Q8WUT4","High_vs_Low",-0.227567252410987,9.43637876328759,-2.01083405215141,0.0448651490860121,0.181582294091849,-4.1341410183231,FALSE
"Q9BUN1","High_vs_Low",-0.232759565247997,11.5226432236128,-2.0099885885375,0.0449498288733828,0.181582294091849,-4.14030452529469,FALSE
"Q9BS26","High_vs_Low",-0.251107991540271,9.66366149782884,-2.00644398705043,0.0453316672022034,0.182473986495906,-4.14407172352997,FALSE
"P13929","High_vs_Low",-0.282802931208504,8.25455558862086,-2.00573737228498,0.0454052768799503,0.182473986495906,-4.14758717735545,FALSE
"Q7Z304","High_vs_Low",-0.203377476325587,7.25033801421109,-2.00579773205753,0.0454534684708148,0.182473986495906,-4.09642586631685,FALSE
"P08319","High_vs_Low",-0.279827935157629,10.3536398454033,-2.00113930056291,0.0458980443362355,0.183877258365664,-4.1569714949622,FALSE
"Q9Y5C1","High_vs_Low",-0.162323538580672,9.13955679989305,-1.9987601444535,0.0461558382961273,0.184527989882244,-4.16144011637542,FALSE
"P45877","High_vs_Low",-0.189954338509152,7.18481915819725,-1.99654804583929,0.0465473161607464,0.185709395404215,-4.08027101489578,FALSE
"Q92765","High_vs_Low",-0.225648778627207,8.10868573676018,-1.99366845528469,0.0467947724914326,0.186312520104778,-4.10518833226959,FALSE
"P07858","High_vs_Low",-0.213739403173035,8.05039577322391,-1.98903017997415,0.0472574549928906,0.187768327333148,-4.15538571091424,FALSE
"P50238","High_vs_Low",-0.197238341986644,11.6856486064895,-1.98716322770026,0.0474456703658215,0.187948420939636,-4.17604843651176,FALSE
"P01871","High_vs_Low",-0.236783125498061,16.5502013049158,-1.98546432205967,0.0476191247872925,0.187948420939636,-4.18631654101263,FALSE
"Q03167","High_vs_Low",-0.211985048167385,7.82279798926101,-1.98501893516209,0.0476802312334644,0.187948420939636,-4.18272328129397,FALSE
"Q9GZP7","High_vs_Low",-0.349872940749094,8.41320659389685,-1.98795819236291,0.0476913047448895,0.187948420939636,-4.02467006466529,FALSE
"P05107","High_vs_Low",-0.154141803230722,9.4635606364959,-1.98262663767471,0.047936442873663,0.188530522277516,-4.19160467977032,FALSE
"P61769","High_vs_Low",-0.187769939574334,10.7897548478479,-1.98174824905669,0.0480350273004287,0.188535046300871,-4.19324008362025,FALSE
"Q9Y543","High_vs_Low",-0.233763850552524,10.5836936364859,-1.97696087857085,0.0485922028173269,0.190335855165035,-4.19057506803546,FALSE
"P30273","High_vs_Low",-0.195555490441443,8.26531640914818,-1.97613371232052,0.048699462796505,0.190370627295429,-4.18917171695864,FALSE
"P09104","High_vs_Low",-0.175863841337888,11.6577824283136,-1.97458190990871,0.0488457296454885,0.190557433193589,-4.20655588929118,FALSE
"P15924","High_vs_Low",-0.268026281329069,10.1590568985184,-1.97005588119749,0.0493636547610352,0.192190486846284,-4.21494126004653,FALSE
"P08648","High_vs_Low",-0.191180012620878,7.92067956258223,-1.96478677894994,0.0499916252663096,0.194244568052829,-4.21009822179667,FALSE
"P53675","High_vs_Low",-0.278499031402042,7.77839520202596,-1.96037095382426,0.0505001456410494,0.19532106102298,-4.22259225862587,FALSE
"P48454","High_vs_Low",-0.278384266275918,10.6864968819858,-1.96160892131538,0.0505054936476622,0.19532106102298,-4.08475018117383,FALSE
"P01344","High_vs_Low",-0.168110814176728,10.9390044867965,-1.95966284919108,0.0505714995206786,0.19532106102298,-4.23228735207142,FALSE
"Q9UBS3","High_vs_Low",-0.217824441203821,7.57599683474601,-1.95756902727021,0.0508867576820605,0.19598473271966,-4.1853921461828,FALSE
"P01893","High_vs_Low",-0.161519616180129,9.66724335282846,-1.95581415751272,0.0510246470839986,0.19598473271966,-4.24080435679059,FALSE
"P00747","High_vs_Low",-0.200532287324652,15.1152510353278,-1.95561470156122,0.0510471861967487,0.19598473271966,-4.24156978197992,FALSE
"P00746","High_vs_Low",-0.205261876366984,12.1788872745757,-1.9546589317988,0.0511602895067655,0.19603002018929,-4.24332534928561,FALSE
"Q7Z794","High_vs_Low",-0.562097280594854,11.3088899295884,-1.94703523628393,0.0520806288545941,0.198422186165849,-4.24273056094318,FALSE
"Q96RL7","High_vs_Low",-0.401635812215995,6.6239988905515,-1.94919814792517,0.0521147606647389,0.198422186165849,-4.11290951593273,FALSE
"P48061","High_vs_Low",-0.274637508305348,10.1683261660363,-1.94545057610884,0.0523011190934687,0.198422186165849,-4.22803879229999,FALSE
"P12821","High_vs_Low",-0.17088941997778,8.01600293478439,-1.94488948656376,0.0523305884245575,0.198422186165849,-4.25926177012322,FALSE
"Q9Y646","High_vs_Low",-0.141571917168431,8.41227064146051,-1.94427653000473,0.052404624850569,0.198422186165849,-4.26097485583018,FALSE
"P15941","High_vs_Low",-0.171325551316688,9.94333841747059,-1.94398619673469,0.0524397236193078,0.198422186165849,-4.25978029312992,FALSE
"P23284","High_vs_Low",-0.195131216760283,10.4278361273034,-1.94345077783185,0.0525024079157181,0.198422186165849,-4.26384953819334,FALSE
"P13686","High_vs_Low",-0.2046825287035,7.36307304179888,-1.94227956867193,0.0527535109068162,0.198982541139745,-4.17672250036032,FALSE
"O14745","High_vs_Low",-0.185245742380658,8.16868954027548,-1.93385415626911,0.0536780624942834,0.202075974565055,-4.27864415665874,FALSE
"Q7RTR0","High_vs_Low",-0.319630753647925,7.71388346444658,-1.9329968506366,0.0541484560232765,0.203115206120374,-4.09011646403669,FALSE
"Q86WI1","High_vs_Low",-0.224489977129405,9.4720873850835,-1.92990230811468,0.0541640549654331,0.203115206120374,-4.28850410560489,FALSE
"Q15063","High_vs_Low",-0.263871274845876,10.709472053943,-1.92752323927814,0.0544603307792211,0.203529861414428,-4.29281583670878,FALSE
"P08709","High_vs_Low",-0.156755765758286,9.82365052615428,-1.92732566445738,0.0544849964923378,0.203529861414428,-4.2931736779783,FALSE
"P24043","High_vs_Low",-0.212070820178297,6.67354868698089,-1.92457642546169,0.0548443712103137,0.204477568963308,-4.28383627905585,FALSE
"P0C0L5","High_vs_Low",-0.227753223529225,12.6998549130921,-1.92272675053629,0.0550617818458833,0.204822873982386,-4.30149287666268,FALSE
"Q13421","High_vs_Low",-0.213997282778672,7.37967474212312,-1.9229871131645,0.0551486911342754,0.204822873982386,-4.25460374974904,FALSE
"P03952","High_vs_Low",-0.168679153643204,13.4525817248286,-1.92017625228394,0.0553838543203884,0.20530221860144,-4.30609815727218,FALSE
"Q13795","High_vs_Low",-0.2191941305865,9.77580669332725,-1.92021387465475,0.0555961591883664,0.205695158756193,-4.17373181940101,FALSE
"Q9UBU3","High_vs_Low",-0.218441964121624,8.79786820446748,-1.91196394902356,0.0565698784226128,0.208855434819002,-4.278830437813,FALSE
"P01116","High_vs_Low",-0.224165115698829,8.09842352474422,-1.911164643349,0.0566662032454657,0.208855434819002,-4.23769707166955,FALSE
"P20963","High_vs_Low",-0.207967127940091,6.9753043677582,-1.90828944850746,0.0571751466160424,0.210330624908825,-4.20282902792317,FALSE
"Q9UJJ9","High_vs_Low",-0.162317438891375,9.88353673564591,-1.89886910560639,0.0581364843677005,0.213461285107212,-4.34433585805423,FALSE
"Q9BU40","High_vs_Low",-0.263052009387811,8.47761248635536,-1.89764379686562,0.0583286966945612,0.213761416863591,-4.31201119766983,FALSE
"Q9HBB8","High_vs_Low",-0.198994313706483,7.41852388961658,-1.89699230423314,0.0585203899460596,0.214058515209122,-4.288086254321,FALSE
"Q9UI42","High_vs_Low",-0.29434239317319,6.78516297727681,-1.89577693085651,0.0587979510466801,0.214667991085521,-4.17455472680469,FALSE
"Q86UD1","High_vs_Low",-0.136676155607089,10.3448795806351,-1.89191964458249,0.059058565136741,0.215213415328802,-4.35671639958074,FALSE
"Q53H76","High_vs_Low",-0.173242819148275,8.04355834207889,-1.890484569665,0.0593060612667447,0.215419260013196,-4.32843935405385,FALSE
"Q8TBY9","High_vs_Low",-0.314124246308142,9.07430026842065,-1.89141894706877,0.0593377083137123,0.215419260013196,-4.25937531364961,FALSE
"P35916","High_vs_Low",-0.168702283158678,9.52083692251428,-1.88898788444536,0.0594511973588938,0.215427091553295,-4.36192594530607,FALSE
"Q96JP9","High_vs_Low",-0.200411426982835,6.72370087527936,-1.88840500893583,0.0596645477727157,0.215796074654588,-4.28771697450787,FALSE
"P08254","High_vs_Low",-0.198973371562133,9.21836908683984,-1.88311428023669,0.0602443487339667,0.21748659477654,-4.37233899830681,FALSE
"Q8WUM4","High_vs_Low",-0.268042340244619,10.5002343077627,-1.879870083268,0.0606861927674079,0.218276456157107,-4.37807678852431,FALSE
"P30101","High_vs_Low",-0.182286382537095,10.8976814926054,-1.87985135607705,0.0606887511175831,0.218276456157107,-4.37810988172212,FALSE
"P05388","High_vs_Low",-0.210047336361859,8.46899758370409,-1.87629829203805,0.0611768501299464,0.219623756960012,-4.38397357901665,FALSE
"P05362","High_vs_Low",-0.139830949270737,9.51469582533687,-1.86719595830168,0.0624382367074738,0.223737014868448,-4.40039917263145,FALSE
"Q5H9R7","High_vs_Low",-0.278972306063128,6.2024474221783,-1.86190393814992,0.0633397480342106,0.226547897312749,-4.32133637604334,FALSE
"Q99435","High_vs_Low",-0.216298366211012,9.42658302999995,-1.85870708460548,0.0636439033837948,0.227215780530707,-4.4064805272729,FALSE
"P69849;Q15155;Q5JPE7","High_vs_Low",-0.203177365439082,6.56617709368706,-1.85816677467749,0.0639276581648595,0.227808505615107,-4.31345599660756,FALSE
"P31943","High_vs_Low",-0.457325381907358,7.53711735953436,-1.8563431017606,0.0643640265788571,0.228941896011192,-4.24869480674212,FALSE
"Q8WW22","High_vs_Low",-0.467151641539437,6.6477117655926,-1.85498023836262,0.0646709919991005,0.229611687189467,-4.19459115620788,FALSE
"P55103","High_vs_Low",-0.156559905665958,10.8149609178478,-1.84593634837245,0.0654712375407252,0.232027187987735,-4.43750844729242,FALSE
"Q9BY67","High_vs_Low",-0.143236328582169,10.5867555749713,-1.84371398805775,0.0657952076687224,0.232368655285262,-4.44136345003542,FALSE
"P02679","High_vs_Low",-0.169830011491786,16.7947678506265,-1.84362803764543,0.0658077638740689,0.232368655285262,-4.44151245136194,FALSE
"P31431","High_vs_Low",-0.225502045017196,8.97947961589843,-1.83896934404671,0.0664913057147952,0.233794446660393,-4.4495783880208,FALSE
"O95373","High_vs_Low",-0.243416904064288,9.14071552601856,-1.83860784844609,0.0665479178459457,0.233794446660393,-4.44892833292844,FALSE
"Q8TCZ2","High_vs_Low",-0.22550692507324,7.0820407947837,-1.84118062586811,0.0665740258965769,0.233794446660393,-4.27646573819493,FALSE
"Q16363","High_vs_Low",-0.204441545793362,7.94111359494882,-1.83081433021232,0.0677041777888439,0.237332579748937,-4.46311560786967,FALSE
"Q8IZA0","High_vs_Low",-0.166635853427616,7.43627773205715,-1.83018018545956,0.067832103468832,0.237336109623428,-4.43723250226863,FALSE
"Q9UBQ7","High_vs_Low",-0.228057288052755,6.72071701229526,-1.83010441164526,0.0679504934012296,0.237336109623428,-4.39957937165881,FALSE
"Q8WUA8","High_vs_Low",-0.179237284006623,9.59878099396833,-1.82757155601581,0.0681906129073364,0.237505195545907,-4.46690457588022,FALSE
"Q12907","High_vs_Low",-0.136787572678649,9.51970807583091,-1.82723663750754,0.0682443869372217,0.237505195545907,-4.46698697400374,FALSE
"P50281","High_vs_Low",-0.222145966492221,9.31553080600294,-1.82572208130563,0.0684772645537763,0.237611521056852,-4.46347449559605,FALSE
"O95428","High_vs_Low",-0.184212285846937,6.77974738947747,-1.82636932621907,0.0686402158197573,0.237611521056852,-4.36293371792182,FALSE
"Q9ULV4","High_vs_Low",0.358130928133821,7.96139469694375,1.82503154318703,0.0686717390969906,0.237611521056852,-4.41280122300891,FALSE
"A6NL88","High_vs_Low",-0.260952789115084,9.38920501769363,-1.82391314281898,0.0687661249570217,0.237611521056852,-4.46274120575414,FALSE
"Q04756","High_vs_Low",-0.178723179562915,10.4808548624243,-1.81334407919058,0.0703567562997226,0.242674373333268,-4.49358535653132,FALSE
"Q92734","High_vs_Low",-0.297497892042031,7.23048636930516,-1.8145460696437,0.0706178592002238,0.243141561481197,-4.29609188352391,FALSE
"Q49MG5","High_vs_Low",-0.223967250721104,11.4440940174118,-1.80592244108454,0.071886304933852,0.246963042365997,-4.35005957299548,FALSE
"Q96L46","High_vs_Low",-0.181675302978807,10.8305739398195,-1.80292276339571,0.0719830263020272,0.246963042365997,-4.5086908193842,FALSE
"A6NH11","High_vs_Low",-0.235997084033626,6.40148800882053,-1.80408732970917,0.0722121186483065,0.247310530238005,-4.32169329572664,FALSE
"P55072","High_vs_Low",-0.270414360180263,10.0739114170884,-1.79368494497189,0.0734459970987485,0.251091880540774,-4.52693347359427,FALSE
"Q14112","High_vs_Low",-0.19902032784675,10.4174647778282,-1.79232949218523,0.0736630306956934,0.251282719440619,-4.52921953030588,FALSE
"P04062","High_vs_Low",-0.171706847627012,7.18750937518443,-1.79195025653806,0.0737916186653981,0.251282719440619,-4.46699754111907,FALSE
"O60844","High_vs_Low",-0.246327605624336,7.235629263586,-1.79164190230463,0.0739785676338299,0.251282719440619,-4.37334817036431,FALSE
"P16671","High_vs_Low",-0.227183647719253,9.12073590880154,-1.79012750852225,0.0740212661918103,0.251282719440619,-4.53184248729666,FALSE
"Q9UBE0","High_vs_Low",-0.227832533363568,9.46894582074166,-1.78644577543764,0.0746383445558455,0.25293379459818,-4.52123417096852,FALSE
"P10301","High_vs_Low",-0.201577671362639,7.11940284720664,-1.78552524887217,0.0749345427640978,0.253493601833093,-4.43779455758245,FALSE
"P21926","High_vs_Low",-0.172094983962056,11.4043040518504,-1.7781184061991,0.0759771677187153,0.256572110882573,-4.54538902517217,FALSE
"P00451","High_vs_Low",-0.202024987302433,9.99236903700199,-1.77531117406541,0.0764330059594796,0.257661788382566,-4.55777682864328,FALSE
"P54920","High_vs_Low",-0.19287575078125,8.24123071567744,-1.7744625801106,0.0765825206390121,0.257716830324328,-4.55449165084987,FALSE
"Q14126","High_vs_Low",-0.161844220298981,10.1360289382692,-1.77336728733293,0.0767547526536115,0.257847997195726,-4.56102161928809,FALSE
"Q05315","High_vs_Low",0.294136400378859,8.39607422580987,1.77260974083312,0.077126182942309,0.258646731357657,-4.39862378922729,FALSE
"P04196","High_vs_Low",-0.138690288382385,16.6690913818707,-1.7667336699764,0.0778610768514075,0.260659487383172,-4.57206821565467,FALSE
"P61421","High_vs_Low",-0.270535888795417,6.59990914460175,-1.76521193837286,0.0784165278183386,0.26206559814937,-4.42872451493509,FALSE
"Q9UQ53","High_vs_Low",-0.152648943568843,7.21874821200604,-1.76083512804919,0.0788931943201489,0.263204018981876,-4.56223350087649,FALSE
"P10321","High_vs_Low",-0.206281275494185,8.15859303886515,-1.76002507308595,0.07908060172374,0.263375153761509,-4.52194259797031,FALSE
"P19338","High_vs_Low",-0.181649089573071,8.11936239349896,-1.75732214146695,0.079470578642625,0.264219191878831,-4.57746262289471,FALSE
"Q99999","High_vs_Low",-0.292011272121876,6.31416383642654,-1.7522769143391,0.0806793884053009,0.267778073009018,-4.44444860213405,FALSE
"P05556","High_vs_Low",-0.13277200350916,10.9983636869684,-1.74833352316626,0.0809980697161744,0.268375453597256,-4.60249500103579,FALSE
"O95084","High_vs_Low",-0.224906864504303,7.45843404989294,-1.74344665398611,0.0819532324290172,0.270695710612383,-4.55769022210002,FALSE
"O60240","High_vs_Low",-0.219030903706129,6.78003423531578,-1.74319835539052,0.0819781325162049,0.270695710612383,-4.53567971418552,FALSE
"Q68BL8","High_vs_Low",-0.197883377117307,6.96063411047859,-1.74334190359348,0.0821287110091944,0.270730929817362,-4.47109135901647,FALSE
"Q8IWU5","High_vs_Low",-0.194836975129443,7.55484870945816,-1.73559127167234,0.0833306414251935,0.274225835302295,-4.56177021124436,FALSE
"P01137","High_vs_Low",-0.239406408024735,8.46171516346688,-1.73381600832631,0.0836141910741557,0.274519693860889,-4.60378921673683,FALSE
"Q96PC5","High_vs_Low",-0.179107439592909,7.78206044247071,-1.73326101526268,0.0837983054921437,0.274519693860889,-4.523309605261,FALSE
"P60520","High_vs_Low",-0.196482089126331,7.11976079200681,-1.73270952164585,0.0838455499078993,0.274519693860889,-4.55256209305032,FALSE
"Q16674","High_vs_Low",-0.231255327966462,7.99040364052271,-1.73249493615841,0.0840175572603283,0.274618198139756,-4.4766541327465,FALSE
"P31944","High_vs_Low",-0.232428258949598,9.47451305658791,-1.73016552175954,0.0842208061120452,0.274818313367297,-4.60166050352389,FALSE
"P04180","High_vs_Low",-0.135646472001982,11.8711718459701,-1.71996256765127,0.0860359065386671,0.280268483421416,-4.64879307564843,FALSE
"Q15113","High_vs_Low",-0.147821304780971,11.7487329708412,-1.7184800329918,0.0863059892765199,0.280675780252212,-4.65119182522743,FALSE
"P16989","High_vs_Low",-0.289149491060669,7.10127631476791,-1.71838419813472,0.0866020384660319,0.281166014147268,-4.49445713628561,FALSE
"P62820","High_vs_Low",-0.267039976374056,7.68384207839924,-1.71671373299063,0.0867748881069618,0.281255290597942,-4.5735438119138,FALSE
"Q16378","High_vs_Low",-0.296958141814054,10.1440730591816,-1.71425091180096,0.0871511082076226,0.28167115199888,-4.5978905273756,FALSE
"Q15904","High_vs_Low",-0.18401701024524,7.95811699464039,-1.71385101068212,0.0871943256058549,0.28167115199888,-4.64079637032958,FALSE
"P06239","High_vs_Low",-0.212320553585799,6.6695479173628,-1.7085221041198,0.0885419457044734,0.285547774896927,-4.47678342878472,FALSE
"Q96M27","High_vs_Low",-0.154450411621654,6.8903260568119,-1.70440221597322,0.0890207899472912,0.286614356985039,-4.62892685365035,FALSE
"A2CJ06","High_vs_Low",-0.15879652152638,9.49209063448589,-1.69887680154681,0.0900251655694775,0.289042684492815,-4.63830002264948,FALSE
"P56199","High_vs_Low",-0.245511402418693,7.7734164138293,-1.69832048248243,0.0900737667954355,0.289042684492815,-4.66343642687728,FALSE
"P62330","High_vs_Low",-0.16571782556627,8.08857331803925,-1.69215339215551,0.0912858583468702,0.292447244869526,-4.64054956633949,FALSE
"Q8NI51","High_vs_Low",0.341452449856096,12.5696084430357,1.69068135807548,0.0915303345699385,0.292745780814597,-4.674000018218,FALSE
"P00326","High_vs_Low",-0.216740714503326,9.50723702676621,-1.68349661587885,0.0928902922322995,0.296605141038778,-4.70394826751144,FALSE
"Q8N1N4","High_vs_Low",-0.217813927302053,9.14533230381043,-1.6818798430531,0.0931953760228416,0.296904085634781,-4.70779033808707,FALSE
"Q92673","High_vs_Low",-0.307047263463075,5.73312787349013,-1.68320691197867,0.093290792798939,0.296904085634781,-4.51592744248379,FALSE
"Q5HYC2","High_vs_Low",-0.234225949740939,9.47835725320824,-1.67998940490209,0.0936093041521659,0.297428577232251,-4.67726504496708,FALSE
"P80303","High_vs_Low",-0.213260371359691,6.46652394997508,-1.67649370719098,0.0944083908981228,0.299207861697169,-4.59920733453005,FALSE
"Q08499","High_vs_Low",-0.179848168031352,11.2554991896478,-1.67737521830597,0.0944785547787959,0.299207861697169,-4.52749051110125,FALSE
"Q15485","High_vs_Low",-0.198350297153931,9.5919517337402,-1.67335581127939,0.0948615341617684,0.299929850658533,-4.72188230961445,FALSE
"P11166","High_vs_Low",-0.19981390631056,9.63053545606769,-1.6723633823059,0.0950594105817476,0.300065186746626,-4.72379167573949,FALSE
"P30050","High_vs_Low",-0.222532234073894,7.46031952050682,-1.67018041451341,0.0956610047697719,0.301472384738613,-4.6327972458119,FALSE
"P00748","High_vs_Low",-0.202399361772395,13.4292198143478,-1.66634420980457,0.0962487668877001,0.302501323705272,-4.73424771457551,FALSE
"Q9BX97","High_vs_Low",-0.17017904875331,7.5249005837609,-1.66638126689776,0.0963001629986809,0.302501323705272,-4.69835313398038,FALSE
"Q9ULZ3","High_vs_Low",0.303688687242039,6.17593803894508,1.66660221279663,0.0967095455022552,0.302986833102511,-4.49539934720076,FALSE
"Q562R1","High_vs_Low",-0.215330075605259,14.2360805312193,-1.66310104101057,0.0969083337291709,0.302986833102511,-4.73556361638248,FALSE
"P20062","High_vs_Low",-0.153658318108965,7.51364105882447,-1.66312685330356,0.0969244701242658,0.302986833102511,-4.71512453707447,FALSE
"P13646","High_vs_Low",-0.175900769776849,12.9634269236569,-1.66083446583076,0.0973511786406269,0.303829888176795,-4.74287732592893,FALSE
"Q13332","High_vs_Low",-0.287496995412431,6.40594189934864,-1.66018201020963,0.0979242683024286,0.305126343261191,-4.5071179857917,FALSE
"O00391","High_vs_Low",-0.144743792349074,10.4747569374785,-1.65607537709319,0.0983115236776897,0.305605813274814,-4.75030847822589,FALSE
"O43866","High_vs_Low",-0.154450230859609,15.9080881659121,-1.6556740813467,0.098394016367033,0.305605813274814,-4.74958610423954,FALSE
"Q9NTJ5","High_vs_Low",0.357604446711973,6.5424347255974,1.65639819930304,0.0985958937473562,0.305742074360792,-4.59657761562539,FALSE
"P48556","High_vs_Low",-0.288560681833673,7.64151734224464,-1.65529135554775,0.0989304636330774,0.305995802561361,-4.52522569053928,FALSE
"O75874","High_vs_Low",-0.183495193571828,8.12115255390187,-1.65273321414319,0.0989939909061561,0.305995802561361,-4.75117018844615,FALSE
"Q14137","High_vs_Low",-0.547674813430451,9.39912816427149,-1.65406753012292,0.0991974454686963,0.306090701913073,-4.48117954746231,FALSE
"O43399","High_vs_Low",-0.369314782086658,11.3308041015108,-1.65130307683934,0.0993410650136486,0.306090701913073,-4.71303138122646,FALSE
"Q96J42","High_vs_Low",-0.116449004053255,9.97326320443207,-1.64999415587582,0.099549690736402,0.306245868958566,-4.75977340493089,FALSE
"Q8WVV4","High_vs_Low",-0.224553568994648,7.01356387567245,-1.64869627310168,0.0999342792055175,0.306408904449139,-4.6729181193406,FALSE
"P20774","High_vs_Low",-0.174911522657597,8.57232892003858,-1.64744272979559,0.100081163555144,0.306408904449139,-4.75289704944231,FALSE
"P09237","High_vs_Low",-0.187435132983886,8.14326116262506,-1.64735083493011,0.100231129309132,0.306408904449139,-4.67532477619816,FALSE
"P07339","High_vs_Low",-0.172809915210367,9.11978319751669,-1.6466489540932,0.100236091222897,0.306408904449139,-4.76496525819134,FALSE
"P68104;Q5VTE0","High_vs_Low",-0.191774222052461,9.95519905502337,-1.64018853690776,0.101572409052129,0.310004119110205,-4.77496252160898,FALSE
"Q9HB40","High_vs_Low",-0.218228830189664,6.15842631938925,-1.6407644297571,0.101738159651544,0.310021006182265,-4.5949642734945,FALSE
"P05067","High_vs_Low",-0.217277114505567,11.1199488298907,-1.63262439248351,0.103155068440376,0.313844429924728,-4.78661836097578,FALSE
"Q9BXR6","High_vs_Low",-0.17456978114398,9.66104560175177,-1.63024650211609,0.103658991982952,0.314244868508085,-4.78625727020312,FALSE
"Q13867","High_vs_Low",-0.172194553890535,9.44588096780553,-1.62996778191322,0.103736138028855,0.314244868508085,-4.76940092457434,FALSE
"Q86SR1","High_vs_Low",-0.240479373171149,6.30704564722152,-1.6320743479741,0.103773886809647,0.314244868508085,-4.56266525176199,FALSE
"Q99733","High_vs_Low",-0.229462438895812,9.86440203814338,-1.62727494696788,0.104290888545875,0.31531698333792,-4.79335490085172,FALSE
"P19971","High_vs_Low",-0.15272665514264,7.15135146801673,-1.62243137240204,0.105333201046901,0.317469263066738,-4.79235051401229,FALSE
"P51149","High_vs_Low",-0.181487333745503,9.32379673727702,-1.62121006228484,0.105582819735671,0.317469263066738,-4.80319827507163,FALSE
"P07711","High_vs_Low",-0.171273990695813,8.22085501050504,-1.6210650871407,0.105638488018836,0.317469263066738,-4.77463410838668,FALSE
"P63000","High_vs_Low",-0.180875891146778,9.51532367929739,-1.62102398518589,0.105659020886294,0.317469263066738,-4.78334404437838,FALSE
"P32019","High_vs_Low",-0.413248427905414,8.55227805034893,-1.62093528069366,0.105935804941376,0.317807414824127,-4.66894384817622,FALSE
"P23083","High_vs_Low",0.3926657315663,8.89530223462396,1.61849310855858,0.106605294825433,0.319320813447698,-4.54837616873213,FALSE
"P18827","High_vs_Low",-0.154020464782564,12.3310194637787,-1.61358764382223,0.107227601788947,0.320688422660917,-4.81483366846043,FALSE
"O60493","High_vs_Low",-0.262104599065424,8.90108250035593,-1.61252105630517,0.107550370947307,0.321065332683568,-4.75816549133714,FALSE
"P28300","High_vs_Low",-0.220564577362587,7.44752841850495,-1.61215551427043,0.107685478507305,0.321065332683568,-4.73763291422278,FALSE
"Q13237","High_vs_Low",-0.306282310192829,9.14909266431278,-1.6117719224986,0.108078945668897,0.321651484031267,-4.60168667487163,FALSE
"P02766","High_vs_Low",-0.12509182470264,13.3302924385239,-1.60862348524341,0.108307323809038,0.321651484031267,-4.82324925782703,FALSE
"P14324","High_vs_Low",0.27840275321877,6.59473700005962,1.6106860571491,0.10838075844361,0.321651484031267,-4.56850092679066,FALSE
"P55285","High_vs_Low",-0.185728117711241,8.75208689297859,-1.60586451028157,0.108913631909862,0.322737944480219,-4.8269862445364,FALSE
"Q6P3X8","High_vs_Low",-0.200546622690842,9.4800066615268,-1.60468407526962,0.109250326343759,0.323240644457453,-4.78905200697352,FALSE
"Q15465","High_vs_Low",-0.223733464295377,6.70514225212518,-1.60439638846372,0.109573120494149,0.323700745276609,-4.68829389487048,FALSE
"Q9UBQ0","High_vs_Low",-0.445961134495494,8.68826027670882,-1.60315521489784,0.109768819200233,0.323761675362309,-4.69445869162672,FALSE
"P07093","High_vs_Low",-0.213799849261212,7.58469069019594,-1.60153391414488,0.109928382797435,0.323761675362309,-4.80197338229481,FALSE
"O75356","High_vs_Low",-0.117373985376332,6.76851993455037,-1.59988649055163,0.110290690431851,0.324175244517936,-4.79671283683267,FALSE
"P49913","High_vs_Low",-0.126863607050703,10.6461035985805,-1.59911625980571,0.110403868804816,0.324175244517936,-4.83761103490269,FALSE
"P05386","High_vs_Low",-0.170179106712309,8.52301341331791,-1.59421431581178,0.111528199145236,0.326583721035239,-4.81852230889469,FALSE
"Q9Y3D6","High_vs_Low",-0.186514144014588,6.52626792544044,-1.59486427949328,0.111715915409421,0.326583721035239,-4.7131082960689,FALSE
"P02654","High_vs_Low",-0.122405173318636,17.1817592442441,-1.59317424288081,0.111730451330919,0.326583721035239,-4.84654436344676,FALSE
"Q9Y5Y7","High_vs_Low",-0.152307017483793,11.5213894157876,-1.58902108999251,0.112665126948138,0.328819035663116,-4.85276874093302,FALSE
"P01130","High_vs_Low",-0.233370555882161,7.29354890573073,-1.58832295329902,0.113125248439199,0.329664692364232,-4.67731856608252,FALSE
"P09668","High_vs_Low",-0.166230625132929,8.82305503641306,-1.58568340121528,0.113450326983019,0.330114861221266,-4.8280674619728,FALSE
"P23142","High_vs_Low",-0.187054348833824,12.8767889188737,-1.5841895942437,0.113760231353408,0.33051959109436,-4.85998952294005,FALSE
"A6NML5","High_vs_Low",-0.320724407559359,9.49365492509924,-1.58334401196291,0.114180358160503,0.331242868126796,-4.73790043302219,FALSE
"Q96TC7","High_vs_Low",-0.194001873286222,7.97399534146207,-1.58106240553937,0.114538555467103,0.331784588067132,-4.82652068535112,FALSE
"Q76M96","High_vs_Low",-0.213791264280691,7.16646716354103,-1.57997917808928,0.114964853959817,0.332521662798575,-4.68315348562866,FALSE
"Q13790","High_vs_Low",-0.114259969953704,16.1382179947488,-1.5704706435127,0.116915623298488,0.337659300123246,-4.88037416026971,FALSE
"P08397","High_vs_Low",0.337680143730699,6.93610197694907,1.5689771948252,0.117678198231141,0.339045811960839,-4.71163676374463,FALSE
"Q9Y5S9","High_vs_Low",0.29098907462434,6.91101007808928,1.56822674153125,0.117746142448415,0.339045811960839,-4.71567941221523,FALSE
"Q06481","High_vs_Low",-0.199218849482728,9.1611703024845,-1.56602183516669,0.117954709484423,0.339141698146151,-4.88681655020455,FALSE
"P48960","High_vs_Low",-0.127285052288507,7.6216305410627,-1.56484876375355,0.118239184945385,0.339455226809079,-4.87826841511515,FALSE
"P07948","High_vs_Low",-0.284164727910374,8.1577435236341,-1.56250992010036,0.118859275925079,0.340681222112899,-4.84536457650045,FALSE
"P49767","High_vs_Low",-0.278647226844097,7.75589790218957,-1.56293775133755,0.119018349430656,0.340681222112899,-4.7288534698842,FALSE
"P01859","High_vs_Low",-0.198722324246773,17.0919342032285,-1.56071471635083,0.119201150207761,0.340700481022184,-4.89476344803653,FALSE
"P47972","High_vs_Low",-0.194741659992063,6.53454526615127,-1.55817379634765,0.119987755106132,0.34244292939582,-4.78055433826046,FALSE
"P36980","High_vs_Low",-0.180296979174241,12.9073889442323,-1.55498002106089,0.120560919433226,0.343433274528932,-4.90318027722632,FALSE
"O75578","High_vs_Low",-0.311772273707333,5.92435210133241,-1.55646569772481,0.120689729550219,0.343433274528932,-4.64663021303022,FALSE
"Q01546","High_vs_Low",-0.288464159416131,10.0824458163479,-1.55221365485215,0.121354478047962,0.344817790048174,-4.81623068784869,FALSE
"P0C0L4","High_vs_Low",-0.196417477206381,13.6922299484283,-1.55065367011546,0.121594787111847,0.344994007421442,-4.90950977148894,FALSE
"P20042","High_vs_Low",-0.258669128249847,7.32912111288179,-1.5500486165807,0.122042583879129,0.34575753997967,-4.75724066061786,FALSE
"P25685","High_vs_Low",-0.2352830234926,7.08291495553147,-1.54962852984386,0.122350057001812,0.346121871781441,-4.68066395159682,FALSE
"B2RUZ4","High_vs_Low",-0.174553171412297,8.67495919405473,-1.5463527453848,0.122723059561887,0.346670248543433,-4.87154669891135,FALSE
"Q6UXB8","High_vs_Low",-0.198411005592748,9.73609478217592,-1.54242902169799,0.123579391445633,0.347619079948754,-4.92149435672922,FALSE
"Q14764","High_vs_Low",-0.199454599372684,6.46938327748328,-1.54301338327388,0.123588696262053,0.347619079948754,-4.82003342706269,FALSE
"Q13336","High_vs_Low",-0.221378355505472,7.37504358017439,-1.54432582125013,0.12359789509289,0.347619079948754,-4.68759214402242,FALSE
"P06737","High_vs_Low",0.385251428860939,6.61142007472588,1.54223209746287,0.123973988374683,0.348170780123384,-4.75557469819923,FALSE
"Q9HCN6","High_vs_Low",-0.14161983820304,9.22838133052995,-1.53707094490104,0.124891811337564,0.350240079620559,-4.92124949638023,FALSE
"P62249","High_vs_Low",-0.206396825256228,6.79403359187315,-1.53520590157033,0.12562263411515,0.351779735184971,-4.78330967143696,FALSE
"Q96IY4","High_vs_Low",-0.110556796538242,12.6369758746046,-1.53265573719843,0.125970550456702,0.351793596387837,-4.93565347400882,FALSE
"Q9NY33","High_vs_Low",0.252387148044135,6.0960312213642,1.53420363775366,0.125991194985411,0.351793596387837,-4.73352797942971,FALSE
"P23327","High_vs_Low",-0.148976464620414,9.44593169659626,-1.53142117185647,0.126297078540262,0.352125886970673,-4.91425053819599,FALSE
"P04899","High_vs_Low",-0.129079923836947,8.5584318587257,-1.53062064997128,0.126474155785332,0.352125886970673,-4.93814381493469,FALSE
"P16109","High_vs_Low",-0.264890517725226,8.63320944319545,-1.52646742094195,0.127593621331008,0.354732266200433,-4.89613167727883,FALSE
"Q9UJC5","High_vs_Low",0.261716841129146,7.64825608053219,1.52555703401707,0.127944375280956,0.355197082021019,-4.82514934385494,FALSE
"Q8TC71","High_vs_Low",-0.205259978140054,12.7714126731029,-1.52426428952565,0.128171804797168,0.35531868521851,-4.86499963926784,FALSE
"Q86VG3","High_vs_Low",-0.191579963092714,9.59632346973502,-1.52009090508787,0.12930144963466,0.357937489331999,-4.86142772104804,FALSE
"P61018","High_vs_Low",-0.194795152912879,6.54967761971649,-1.51784931334054,0.130079651549363,0.359577322497169,-4.77189185941202,FALSE
"Q16827","High_vs_Low",-0.212056486469584,7.16689694782503,-1.5143657441749,0.130750336439164,0.360915693309249,-4.82988916863376,FALSE
"P02765","High_vs_Low",-0.154052798038563,17.0126491328544,-1.51218375966414,0.131096306099222,0.361355202709393,-4.96502343649009,FALSE
"P67775","High_vs_Low",-0.193125616331619,8.35020900472148,-1.51098997870978,0.13149359228066,0.361744076115562,-4.90449924436082,FALSE
"P31151","High_vs_Low",-0.216039311833523,9.06728508825406,-1.51037752174282,0.13161128143946,0.361744076115562,-4.90487736739129,FALSE
"Q8TD55","High_vs_Low",-0.242888910927354,6.77209184783697,-1.50893958428934,0.13230854131426,0.363144719777437,-4.81361856833156,FALSE
"P35613","High_vs_Low",-0.13754209008826,9.7854404651617,-1.50639038652275,0.132578263270339,0.363157470751147,-4.96914605182289,FALSE
"Q9UNF0","High_vs_Low",-0.276265959527839,7.0617322148022,-1.50685287961556,0.132789228133664,0.363157470751147,-4.795783646449,FALSE
"Q9H4G4","High_vs_Low",-0.100343587433441,8.31440491034392,-1.50522981165976,0.132876221856233,0.363157470751147,-4.97307245451982,FALSE
"Q8N392","High_vs_Low",0.292885964959225,6.66295298842774,1.50524415367123,0.133274475337458,0.363507310531043,-4.79937683117634,FALSE
"P16949","High_vs_Low",-0.179790944648467,8.2584548109497,-1.50346061194993,0.133379943398987,0.363507310531043,-4.92851726307686,FALSE
"P04278","High_vs_Low",-0.148477392260681,10.6527842920064,-1.49893121275167,0.134500005525193,0.366044318834387,-4.98382746324618,FALSE
"O75147","High_vs_Low",-0.241393898551236,10.2484078060832,-1.49643859927182,0.135289486561258,0.367675781595554,-4.90201055778355,FALSE
"Q9NPA2","High_vs_Low",-0.228506289540775,8.9381816023975,-1.49155455482654,0.136569259313954,0.370633263355542,-4.93183957579596,FALSE
"O14672","High_vs_Low",-0.15291641294087,8.30483304986782,-1.49019593876154,0.136784257280794,0.370696831706355,-4.9931647404561,FALSE
"Q9UK55","High_vs_Low",-0.117192823190134,13.0240269931966,-1.4891660861883,0.137051567937619,0.370901795747262,-4.99757823837482,FALSE
"P07602","High_vs_Low",-0.147469840674507,8.9549864304446,-1.48838798658025,0.137280856311256,0.371003431511563,-4.97180576162051,FALSE
"P84095","High_vs_Low",-0.128758744398874,7.78138279760692,-1.4862587341513,0.137840275140839,0.371995721614397,-4.98474538033821,FALSE
"P11279","High_vs_Low",-0.173453927637065,7.53265515658985,-1.48417983775182,0.138454313109712,0.373132445497621,-4.9342082985317,FALSE
"P21796","High_vs_Low",-0.345148757365106,7.55184447733953,-1.48274222917324,0.1391635787162,0.374522287643738,-4.83555672068423,FALSE
"Q6UXH0","High_vs_Low",-0.135976757869791,9.05634511664235,-1.47592171992235,0.140580173074355,0.377809215137328,-5.01088028929051,FALSE
"Q9Y662;Q9Y663","High_vs_Low",-0.179471663868994,6.82915318326336,-1.47451553276256,0.141185119048261,0.377932892691666,-4.87327971944533,FALSE
"P11171","High_vs_Low",-0.279992016055791,8.86811455396398,-1.47351401165424,0.141222785932631,0.377932892691666,-5.01839040845673,FALSE
"O75955","High_vs_Low",-0.186361603642995,7.34043308252422,-1.47352548570092,0.141229310991581,0.377932892691666,-5.01090275342557,FALSE
"P32004","High_vs_Low",-0.190892340831466,7.65869454910037,-1.47296858003877,0.141407449255176,0.377932892691666,-4.97449006047341,FALSE
"Q7Z7M8","High_vs_Low",-0.134156228444445,8.60201116215942,-1.4715137232145,0.14176001233077,0.378352584634537,-5.02014912286966,FALSE
"P61586","High_vs_Low",-0.172186174384594,8.596973745022,-1.47042995741239,0.142064992118921,0.378644297176464,-5.01717294681133,FALSE
"O00533","High_vs_Low",-0.133269587430954,9.02526859553548,-1.46934555700821,0.142345502967456,0.378870080112831,-5.02521465554306,FALSE
"O00560","High_vs_Low",-0.167230930368923,9.43287317694142,-1.46112248140896,0.14460062544554,0.384343695380659,-5.03080088132129,FALSE
"P02675","High_vs_Low",-0.167260016459092,18.9589394046273,-1.45910001232928,0.145143061997206,0.384670329294312,-5.03935644696436,FALSE
"Q16627","High_vs_Low",-0.190877861804074,10.7778767446211,-1.45904361130159,0.145163283312427,0.384670329294312,-5.03502980954052,FALSE
"P29144","High_vs_Low",-0.246919892952923,7.35716424315122,-1.45900244610491,0.145319902177851,0.384670329294312,-4.94309800924392,FALSE
"P07237","High_vs_Low",-0.153786784848444,10.0203056356611,-1.4563185058304,0.145909798303805,0.385318449160386,-5.04317879281159,FALSE
"Q15517","High_vs_Low",-0.375537508637258,10.6970786590595,-1.4562137278841,0.145963009423547,0.385318449160386,-5.01444904197172,FALSE
"P23634","High_vs_Low",-0.135223452188771,7.14672365009928,-1.45393321453483,0.146599134761675,0.386234724292732,-5.0295027502932,FALSE
"Q13835","High_vs_Low",-0.215815305081247,6.66678898300956,-1.45426057329723,0.146709313878635,0.386234724292732,-4.87376392857202,FALSE
"P12273","High_vs_Low",-0.161918077160884,8.39433124754456,-1.45077306697908,0.147495491546037,0.387776869757585,-5.01365851994041,FALSE
"Q9UBX5","High_vs_Low",-0.177944243710318,9.52759456112737,-1.44759224305281,0.148335421087225,0.38899679341162,-5.05512349332323,FALSE
"Q9NRY5","High_vs_Low",-0.176209653747388,7.37021666885104,-1.44765029311334,0.148361567719781,0.38899679341162,-5.02522234517331,FALSE
"P62826","High_vs_Low",-0.211827339779969,11.7218192147756,-1.44597722058645,0.148787714086197,0.389586233771029,-5.05732636603968,FALSE
"P22891","High_vs_Low",-0.157953411295225,14.7352282588151,-1.44110628363787,0.150158233979402,0.392643490202897,-5.06395550347328,FALSE
"P99999","High_vs_Low",0.29666459451626,6.62006291830208,1.43833462234307,0.151411722950787,0.39538688786744,-4.86526205358609,FALSE
"Q86SG5","High_vs_Low",-0.245067556571426,7.82883394835913,-1.43469352863664,0.15208233730148,0.396580816517718,-4.97117662774924,FALSE
"P20339","High_vs_Low",-0.133406848627104,9.18241647617759,-1.43340145315993,0.152348136151117,0.396580816517718,-5.073451559391,FALSE
"P15144","High_vs_Low",-0.194137990405274,7.58604257616504,-1.43299849907164,0.152483786816115,0.396580816517718,-5.06887266375324,FALSE
"P05121","High_vs_Low",-0.170730765864585,7.57330559321297,-1.42253984492886,0.155585382978329,0.404104316863178,-5.05004351421151,FALSE
"O43173","High_vs_Low",-0.155559258882227,6.86740681931493,-1.4218257269529,0.155818037856695,0.40416609015108,-4.98210176613532,FALSE
"P23435","High_vs_Low",-0.235424388162129,6.81471153435815,-1.42100814543085,0.156317741831496,0.404919451732187,-4.88046332641895,FALSE
"Q9UBI6","High_vs_Low",-0.154422286012085,7.39986509574851,-1.41897911759817,0.156783613075167,0.405583277139636,-4.94095961815172,FALSE
"P02100","High_vs_Low",0.295002062521545,8.94843414879048,1.41787425450578,0.15722052829635,0.405972488972865,-4.88781602866967,FALSE
"Q15286","High_vs_Low",-0.147219723672959,6.93386659962296,-1.41693015224716,0.1573573723066,0.405972488972865,-4.98126718801195,FALSE
"Q14314","High_vs_Low",-0.192375903511691,7.4280237958365,-1.41653505568829,0.157563482800321,0.405972488972865,-4.90052081820411,FALSE
"Q9NZN4","High_vs_Low",-0.158047692607513,6.5011594404947,-1.41549954158529,0.157785285811592,0.40600336176254,-4.944208443854,FALSE
"P01780","High_vs_Low",-0.204993808265646,14.6375811353363,-1.41118139663458,0.158790822269531,0.40804812893963,-5.10419520718694,FALSE
"Q92688","High_vs_Low",-0.156697242486196,9.52771836587582,-1.40827093707418,0.159676658788094,0.409780284820905,-5.09052727124717,FALSE
"P58166","High_vs_Low",-0.116977569576859,8.7222961252312,-1.40261432080297,0.161331445314398,0.413478604878623,-5.11510279239347,FALSE
"P04792","High_vs_Low",-0.14174471342997,9.00840154864953,-1.39965792878821,0.162223095943311,0.415213876521571,-5.11598589698817,FALSE
"Q13200","High_vs_Low",-0.187855583934768,7.62333599892934,-1.3987412248999,0.1625356555967,0.415280619083591,-5.08229008320693,FALSE
"P04114","High_vs_Low",0.115290238570449,16.2906814788437,1.39810781491706,0.162678402721117,0.415280619083591,-5.1215122489851,FALSE
"P11234","High_vs_Low",-0.143229152233118,9.03271745098998,-1.3965654957074,0.16314872773404,0.415444389022488,-5.11881486131243,FALSE
"Q8IWE2","High_vs_Low",-0.148078744865716,6.35918696206355,-1.39687651295015,0.163171956411933,0.415444389022488,-5.04335391128407,FALSE
"P61106","High_vs_Low",-0.164391889434327,8.12271017991692,-1.39221772656449,0.16446377429374,0.418183184307999,-5.12633438089447,FALSE
"Q96PL1","High_vs_Low",-0.186442621513056,9.92541118531435,-1.39090928138476,0.164862408109519,0.418646666262361,-5.12523122967799,FALSE
"P62879","High_vs_Low",-0.120928020748591,10.1651402543917,-1.38988354897212,0.165160619518894,0.418854257888677,-5.13232403645954,FALSE
"P01889","High_vs_Low",-0.134447435907424,9.14285685760763,-1.3856315991494,0.166457392434499,0.42157282969089,-5.13693588251114,FALSE
"Q6UW49","High_vs_Low",-0.17632898689325,7.90624448558513,-1.3850239631319,0.166668328017328,0.42157282969089,-5.1157963533278,FALSE
"P18564","High_vs_Low",-0.108203761930636,11.1390630510622,-1.38307137888913,0.167255927072593,0.422506813166406,-5.13010476538764,FALSE
"A6NM11;A6NMS7","High_vs_Low",-0.139218513000631,7.35977927389782,-1.38223594288892,0.167560638311174,0.42269137870287,-5.08430115642178,FALSE
"Q9BQE5","High_vs_Low",-0.130987808863102,11.0032117998219,-1.3815175948081,0.167765880539434,0.42269137870287,-5.10858350027784,FALSE
"P16035","High_vs_Low",-0.135355200101465,8.01747120080406,-1.37828216909834,0.168803281452927,0.424509909410005,-5.0824219555262,FALSE
"P51511","High_vs_Low",-0.183369043545066,7.81485750971681,-1.37843402203174,0.168926423899589,0.424509909410005,-5.01836588865646,FALSE
"Q8NCH0","High_vs_Low",-0.144004005168888,7.27292738089691,-1.37542966683766,0.169703642810143,0.42590992067137,-5.0919847609065,FALSE
"Q5SZK8","High_vs_Low",-0.155007562315865,6.95015730382047,-1.36954686038029,0.171430480753644,0.429354470620247,-5.15517173806793,FALSE
"B0I1T2","High_vs_Low",-0.11487168705782,7.3654303808682,-1.369271857903,0.171519899632791,0.429354470620247,-5.14704472818234,FALSE
"Q12913","High_vs_Low",-0.108402327085386,9.70641249931558,-1.36706124822325,0.172198442349906,0.430218674980665,-5.1619951756843,FALSE
"Q6ZRK6","High_vs_Low",-0.252242230457412,11.3468122252373,-1.36711876400909,0.172309805224814,0.430218674980665,-5.05500340624072,FALSE
"P05106","High_vs_Low",-0.16721966966548,10.0797960755054,-1.35153434400388,0.17711361894537,0.441130366293177,-5.18190294035299,FALSE
"Q6ZMY3","High_vs_Low",-0.128948308488084,13.259229938362,-1.35166939363105,0.177136069565787,0.441130366293177,-5.12998199817669,FALSE
"Q15185","High_vs_Low",-0.160375350046383,9.02689874653425,-1.34990775964481,0.177717413168142,0.442009247404056,-5.11842356431129,FALSE
"O00743","High_vs_Low",-0.211149676508692,7.3903600980276,-1.34929579130905,0.178154428791105,0.442527368049792,-5.01621734802304,FALSE
"P40200","High_vs_Low",-0.270383893396076,6.95444690444293,-1.34806370443943,0.178580936513371,0.443018092504325,-4.98008539077473,FALSE
"P24158","High_vs_Low",0.309977342015568,7.73847548064312,1.34052507025069,0.180864056282798,0.447078933984758,-5.06942049075295,FALSE
"P08123","High_vs_Low",-0.228817763307453,7.05964043601135,-1.33902929385715,0.181411800102236,0.447078933984758,-5.03481769250379,FALSE
"P16452","High_vs_Low",-0.261896768012431,8.99437211444583,-1.33807578054387,0.181463911472971,0.447078933984758,-5.19329839923383,FALSE
"P05062","High_vs_Low",-0.369353148021011,9.25785699932758,-1.33764302328274,0.181706113820333,0.447078933984758,-5.14562209532645,FALSE
"Q14558","High_vs_Low",-0.179074650197326,6.67979804508245,-1.33795264540914,0.181730181592507,0.447078933984758,-5.03994455509343,FALSE
"P36578","High_vs_Low",-0.203210409621006,7.42323898787372,-1.33746538281372,0.18176559387885,0.447078933984758,-5.10043717040916,FALSE
"Q9NQU5","High_vs_Low",0.307958856994635,10.19926339876,1.33768548403,0.181835204674938,0.447078933984758,-5.06992385454019,FALSE
"P98172","High_vs_Low",-0.176655209731457,6.55390912149949,-1.33546858957395,0.18257020385369,0.448316426975748,-5.02950874405705,FALSE
"P54105","High_vs_Low",-0.171201899325677,8.88345626008469,-1.33257801456833,0.183279057214419,0.449486661229279,-5.18873503851113,FALSE
"Q6Q0C1","High_vs_Low",0.289137372825845,11.3379259596721,1.32432641609095,0.18633814912409,0.4564105298166,-4.99160175803946,FALSE
"P49321","High_vs_Low",-0.178902112347787,7.03604481072827,-1.3224508765128,0.186851703920325,0.457089819324688,-5.04721049122637,FALSE
"P33151","High_vs_Low",-0.114675384271337,11.9755936829786,-1.31943487769557,0.187606042371411,0.457835236382736,-5.22234339722996,FALSE
"Q96PD5","High_vs_Low",-0.122347189868629,12.8582879207523,-1.31936422293711,0.187629634341865,0.457835236382736,-5.22243134704695,FALSE
"P19827","High_vs_Low",-0.116117938652472,19.7874187546431,-1.31749876466217,0.188253314745032,0.458586280616907,-5.22475174540164,FALSE
"P08865","High_vs_Low",-0.165291665028432,7.70062708897718,-1.31712943537215,0.188411417617799,0.458586280616907,-5.19737712978599,FALSE
"Q9NP58","High_vs_Low",0.156737709166533,8.76581546089339,1.31594474042473,0.188809729518569,0.458765353686635,-5.20962603058449,FALSE
"Q9NPQ8","High_vs_Low",-0.190503998339699,6.35920494241624,-1.31595050307028,0.189063003088236,0.458765353686635,-5.03615160645935,FALSE
"P01721","High_vs_Low",0.333171029999775,8.60735249803501,1.31628612590919,0.189196254388597,0.458765353686635,-4.92724903123559,FALSE
"P55036","High_vs_Low",-0.199559440389064,7.08979432020201,-1.31479232987869,0.189519589002001,0.458974223678187,-5.02480596865846,FALSE
"P02730","High_vs_Low",-0.228470851420678,12.6738209139273,-1.3123910436055,0.189968831467061,0.459487111110953,-5.23108843233147,FALSE
"O43242","High_vs_Low",-0.185499530244413,6.74312567089265,-1.3116612471167,0.190383899659506,0.459916162098807,-5.10936414372404,FALSE
"Q01130","High_vs_Low",-0.161981586073392,7.81367347490858,-1.30894901647501,0.19146641469759,0.461904799236434,-5.02624093565845,FALSE
"Q12805","High_vs_Low",-0.129233974816664,11.1129893101802,-1.30731676870371,0.191684523920856,0.461904799236434,-5.23735942286087,FALSE
"P18621","High_vs_Low",-0.208736293629527,6.89208041166225,-1.30783149904006,0.191926631335098,0.461912974668427,-5.03027864183725,FALSE
"P02549","High_vs_Low",-0.305341429729873,10.1123705972051,-1.30495699349339,0.192486283967579,0.462625752353571,-5.24026750849181,FALSE
"Q6AHZ1","High_vs_Low",-0.295853427191998,11.8692430998674,-1.30430424676356,0.192740264565512,0.462625752353571,-5.21488248336994,FALSE
"Q96JQ0","High_vs_Low",-0.163744315861729,6.95471834506496,-1.30371060319472,0.192940042454435,0.462625752353571,-5.2217406089894,FALSE
"Q8IXL6","High_vs_Low",-0.145632726209331,8.09675335251955,-1.2976124373074,0.195024261035796,0.466448385748227,-5.22188220825558,FALSE
"A0A0B4J1Y8","High_vs_Low",0.2502774101517,9.13237845357707,1.2975467723703,0.195085701142144,0.466448385748227,-5.20346865244172,FALSE
"P09382","High_vs_Low",-0.108073342622333,9.26284711417802,-1.29686584967785,0.195257463801583,0.466448385748227,-5.24909361910594,FALSE
"Q9H4A9","High_vs_Low",-0.162904068724574,6.75008140747201,-1.29498474985898,0.196077056593079,0.467828735521095,-5.10984888588724,FALSE
"P02656","High_vs_Low",-0.148469013056193,15.5166529124963,-1.28953496462186,0.197787037878582,0.471327485585044,-5.25914446811161,FALSE
"Q08188","High_vs_Low",-0.168765966642443,8.36275662906343,-1.28715784982775,0.198638949561442,0.472775359657307,-5.23217807668259,FALSE
"P62834","High_vs_Low",-0.145483454535926,8.96294191432856,-1.28218365081123,0.200419092402777,0.476426220883751,-5.2133818639666,FALSE
"P54709","High_vs_Low",-0.154149029142161,7.33933015608408,-1.28207782680231,0.200667455649942,0.476431321082991,-5.12221758731022,FALSE
"Q01469","High_vs_Low",-0.136301987369793,9.08241854931594,-1.27817881109414,0.20176604893584,0.478452579278003,-5.26254345402798,FALSE
"P02652","High_vs_Low",-0.0998882007135222,17.9693766328163,-1.27513424509351,0.20283274146344,0.479626703437798,-5.27657006439211,FALSE
"Q13477","High_vs_Low",-0.104483757684458,10.9696199989344,-1.27409426400524,0.20320073648214,0.479626703437798,-5.27782096770578,FALSE
"P12955","High_vs_Low",0.19914544581447,6.63270649251086,1.27362618216977,0.203581554378499,0.479626703437798,-5.11716351535965,FALSE
"Q6UWK7","High_vs_Low",-0.219482213408762,6.68272859227598,-1.27414858084133,0.203611767052353,0.479626703437798,-4.96222093247405,FALSE
"P49773","High_vs_Low",-0.198381927367107,7.47443152522566,-1.27318404148441,0.203683870803888,0.479626703437798,-5.17472809514234,FALSE
"O75170","High_vs_Low",-0.215696996328475,8.82842364059505,-1.27293783324107,0.203748398049545,0.479626703437798,-5.18252381252189,FALSE
"Q06187","High_vs_Low",-0.334080500559157,6.48940737412382,-1.27284554108217,0.204069859232606,0.479799729787475,-5.09501698880723,FALSE
"A0A075B6J9","High_vs_Low",0.243255188903007,9.23374051793308,1.27046812309895,0.204533960463145,0.480307297932263,-5.23811075631622,FALSE
"P60903","High_vs_Low",-0.136908589225587,8.08682123292207,-1.2688082438635,0.205187137634107,0.480819817789877,-5.19953406282073,FALSE
"P00734","High_vs_Low",-0.170600345248598,15.8738402308554,-1.26833019261106,0.20524918320126,0.480819817789877,-5.28473568719387,FALSE
"P35813","High_vs_Low",-0.181854546326949,6.79024765137021,-1.26353319524163,0.20709102707807,0.484547929136718,-5.21422534101149,FALSE
"Q7L014","High_vs_Low",-0.225848418139792,15.4787742494013,-1.25954895308028,0.208427434569339,0.486816854998571,-5.26993998705418,FALSE
"P29622","High_vs_Low",-0.0960179002519546,13.2159780939648,-1.25908546965481,0.208565956311899,0.486816854998571,-5.29576083649666,FALSE
"Q15389","High_vs_Low",-0.16370287115466,7.65861191198878,-1.25854320281209,0.208815498526519,0.486816854998571,-5.27372372835369,FALSE
"P02545","High_vs_Low",-0.178827386562009,8.97689336036018,-1.25645027481283,0.20954354645912,0.487926308541994,-5.26738888514762,FALSE
"P63241","High_vs_Low",-0.175017522390156,9.35695464664387,-1.25477336333516,0.210126286658163,0.48869514986003,-5.3008759976503,FALSE
"Q92993","High_vs_Low",-0.244361808598888,7.90777849662308,-1.25460297940613,0.210548483816912,0.488996955245617,-5.08282565081594,FALSE
"P04839","High_vs_Low",0.184507195201007,7.02369859089844,1.25347208899399,0.210761478384933,0.488996955245617,-5.1990044790206,FALSE
"P10599","High_vs_Low",-0.131868799353184,9.21673893968968,-1.25212610186911,0.211090567419483,0.489173949648743,-5.30325286522811,FALSE
"P50914","High_vs_Low",-0.189117122984292,7.18295234395724,-1.25032555305445,0.212163066789513,0.491071213202999,-5.06167074298931,FALSE
"P78527","High_vs_Low",-0.330113505870697,9.8700004456879,-1.24804437587968,0.212705950622618,0.491368675919314,-5.20705928042143,FALSE
"E9PAV3","High_vs_Low",-0.130401083141563,7.39353717190484,-1.247806847754,0.212799457581595,0.491368675919314,-5.22290474995292,FALSE
"O60936","High_vs_Low",-0.144525858131791,7.35426570705628,-1.24345062790627,0.214392910659178,0.494329651062408,-5.21991072568834,FALSE
"Q92616","High_vs_Low",0.260592069247599,7.88520158245804,1.24330065030344,0.21459271674027,0.494329651062408,-5.08770066450502,FALSE
"Q9UBP0","High_vs_Low",-0.19121441411561,13.8737837886197,-1.23830747769595,0.216214307607741,0.497176595944973,-5.28527160881639,FALSE
"A0A087WSX0","High_vs_Low",-0.244008997636783,12.48746123952,-1.23783308405381,0.216342477408614,0.497176595944973,-5.3172201306312,FALSE
"O00232","High_vs_Low",-0.178521797476822,7.37854505275025,-1.23666284579558,0.21686375121503,0.497783343536278,-5.24910272425828,FALSE
"Q01995","High_vs_Low",-0.197881962550221,6.31608547751514,-1.23169616821508,0.218930264691592,0.501931353291742,-5.09389263670997,FALSE
"Q99650","High_vs_Low",-0.139182892168254,6.60447419241407,-1.23015390453814,0.21950380168537,0.502650717468865,-5.11508837862768,FALSE
"Q10469","High_vs_Low",-0.189180113932164,8.39718052513125,-1.22694606433624,0.220431402620077,0.504178208120389,-5.30723282141557,FALSE
"Q14761","High_vs_Low",-0.194337002380539,7.13246407834349,-1.22678958097692,0.220948911528923,0.504765222914364,-5.02209358224694,FALSE
"Q10567","High_vs_Low",-0.280470358697711,6.90350300858402,-1.22582603739088,0.221217472603155,0.504782794206492,-5.1195497390611,FALSE
"P46940","High_vs_Low",-0.161176294838885,9.73664473237261,-1.22300447484971,0.221883529970895,0.505706278555572,-5.33802377330334,FALSE
"Q8N128","High_vs_Low",-0.139594826341277,7.48783407486613,-1.22238672450002,0.222166929523649,0.505756480739131,-5.29132792199609,FALSE
"Q5TEC6","High_vs_Low",0.185149176483359,9.2698981014316,1.22174873164408,0.222555000265149,0.506044565820286,-5.19395138725667,FALSE
"P50591","High_vs_Low",-0.134504715370223,7.07644787190519,-1.2183838119344,0.223813654648622,0.508309180451975,-5.20127964835196,FALSE
"P02748","High_vs_Low",-0.0951393580597433,15.2630173335489,-1.21612946215336,0.224488917925204,0.509245083452836,-5.34593820348256,FALSE
"Q16775","High_vs_Low",-0.203712226116511,8.15723355098679,-1.21297964275104,0.225738532916509,0.511480165331903,-5.31019299258065,FALSE
"Q08397","High_vs_Low",-0.137973964839793,7.25614601737096,-1.21254542509248,0.226113294530803,0.511730087622344,-5.22439209914677,FALSE
"O15498","High_vs_Low",-0.139158626175652,7.17229631763539,-1.21058585172941,0.226687446548409,0.512430150784079,-5.29661090184558,FALSE
"P62244","High_vs_Low",-0.215339092919709,6.39234619240779,-1.21080002726747,0.226976784477086,0.512485505207889,-5.09630676593245,FALSE
"A0A075B6I4","High_vs_Low",-0.229416545706057,9.31141320453794,-1.20888664992898,0.227481400977088,0.512996018055997,-5.22821048455829,FALSE
"Q14847","High_vs_Low",-0.143826516772448,9.02204958378558,-1.2076510122404,0.227733116025892,0.512996018055997,-5.35516399647622,FALSE
"P30825","High_vs_Low",-0.137923018106056,7.51773050950494,-1.20299204102279,0.229729276680451,0.516619849369778,-5.20077822338219,FALSE
"P01602","High_vs_Low",0.186834233477253,8.47720281618991,1.20242417109464,0.229875808944382,0.516619849369778,-5.27547977647821,FALSE
"P62979","High_vs_Low",-0.116745268915539,11.3767942276717,-1.20019832937422,0.230610352389976,0.517669410527382,-5.364107468336,FALSE
"P42357","High_vs_Low",-0.205029846112426,6.649140311098,-1.19727555231151,0.231862568186197,0.519439347960855,-5.25611000657775,FALSE
"Q9NZ08","High_vs_Low",0.194212088391357,6.71627753030919,1.19728799567067,0.23193570885694,0.519439347960855,-5.21167687881495,FALSE
"P53367","High_vs_Low",-0.326115622246503,13.5885990659273,-1.19527568815697,0.23267270001099,0.520487484995684,-5.27856564080126,FALSE
"Q9Y6W5","High_vs_Low",-0.183472038117985,7.00052953994066,-1.19227294408682,0.233876324509574,0.522575852108575,-5.24704451329735,FALSE
"P56202","High_vs_Low",0.233879497004171,8.13736387534773,1.1875238000841,0.235783810317371,0.525602607118974,-5.26360067039223,FALSE
"Q14C86","High_vs_Low",-0.164742223591733,7.71369536851275,-1.18656973896298,0.235986119267046,0.525602607118974,-5.35030215287997,FALSE
"P43490","High_vs_Low",-0.239962762440808,7.0759310252299,-1.18692346894954,0.236045822008469,0.525602607118974,-5.22719411238934,FALSE
"P60891","High_vs_Low",-0.146422796628626,8.44317812422043,-1.18360543316414,0.237115814956217,0.527248090377907,-5.38082854207468,FALSE
"P02753","High_vs_Low",-0.158016107575257,12.7428919981947,-1.18305426578071,0.237329760578376,0.527248090377907,-5.38339397892268,FALSE
"Q15149","High_vs_Low",-0.172987692717385,8.52002115946702,-1.18202716005882,0.237746245912936,0.527567644313683,-5.37600142250178,FALSE
"P46379","High_vs_Low",-0.23739964825915,5.5618330980358,-1.18040726197603,0.238813822475346,0.528860687837223,-5.14925805506713,FALSE
"P04075","High_vs_Low",0.140894262737126,9.79401082826091,1.17915909092369,0.238875576831903,0.528860687837223,-5.38773746021494,FALSE
"Q8N257","High_vs_Low",0.216220877008716,9.21162850044472,1.1750562349699,0.240646709564148,0.531757526278535,-5.29163097584823,FALSE
"P07195","High_vs_Low",0.157043330423686,9.05201633787141,1.17450324538026,0.240733639803616,0.531757526278535,-5.39253213686698,FALSE
"Q8N699","High_vs_Low",-0.152966316611618,8.54922993945724,-1.17304957712731,0.241610465621097,0.533085804990676,-5.24467689993713,FALSE
"P00491","High_vs_Low",0.164716861230598,8.51993224103917,1.17116963188496,0.242069526395106,0.533490357146391,-5.39513077259675,FALSE
"P17980","High_vs_Low",-0.171679057825473,7.51954974829819,-1.16935578951801,0.242824745759634,0.534545942030593,-5.37743706254863,FALSE
"P23229","High_vs_Low",-0.112545666455247,9.94467402587353,-1.16650357650984,0.243947101261964,0.53595232991571,-5.40175121042721,FALSE
"O00186","High_vs_Low",-0.141836296616487,6.78926712778496,-1.16656760099446,0.244017572431907,0.53595232991571,-5.3328539690913,FALSE
"P01715","High_vs_Low",0.25951545998908,8.65361780716352,1.16575359991572,0.244527525016439,0.536463447740147,-5.20004713096201,FALSE
"O75369","High_vs_Low",-0.278597940160258,5.57112373250322,-1.16463175113284,0.245136776982894,0.537191011848132,-5.12468371517993,FALSE
"P21281","High_vs_Low",0.189816381522931,6.85955223862479,1.15939076037257,0.247018213609436,0.540689616585535,-5.29524774999077,FALSE
"P14778","High_vs_Low",-0.190252150953919,6.21164127622021,-1.15884120782956,0.247292150221291,0.540689616585535,-5.23937830729037,FALSE
"O60613","High_vs_Low",-0.113106828106841,6.90530628387871,-1.15670965604153,0.248158954158302,0.541972433743019,-5.28212868684144,FALSE
"Q7Z4R8","High_vs_Low",-0.105548548379448,7.97824033717826,-1.15208741717538,0.24999718729507,0.545371541618896,-5.27414512978439,FALSE
"O76013","High_vs_Low",-0.200368746248407,7.21678737572964,-1.14928823295161,0.251398893412257,0.547760454671571,-5.14321979604258,FALSE
"O75954","High_vs_Low",-0.148834077924465,7.65198023947039,-1.14771347522185,0.251849958178848,0.547760454671571,-5.23321939293544,FALSE
"P07360","High_vs_Low",-0.128904684180993,11.6507440094732,-1.14638056697007,0.252166441945334,0.547760454671571,-5.42372421369225,FALSE
"A0A0C4DH36","High_vs_Low",0.220259244923927,9.22124572766124,1.1466291647917,0.252224581453421,0.547760454671571,-5.31003588580099,FALSE
"P16157","High_vs_Low",-0.240830312724512,9.54493432062779,-1.14292037030035,0.253599060953779,0.549594053681049,-5.42746420232673,FALSE
"Q12841","High_vs_Low",-0.136326867448435,8.81065901590332,-1.14242470831044,0.253809873915585,0.549594053681049,-5.42029396201994,FALSE
"Q12905","High_vs_Low",-0.344266637880437,7.27272480768646,-1.14174542494663,0.254398966312897,0.549594053681049,-5.20602391760247,FALSE
"O75897","High_vs_Low",-0.28503952899775,11.1202022555596,-1.14093984397587,0.254535128406745,0.549594053681049,-5.33607461459103,FALSE
"P46531","High_vs_Low",-0.187272892056476,8.12693277143651,-1.1409959474587,0.254753578239996,0.549594053681049,-5.20283732694856,FALSE
"Q9NPY3","High_vs_Low",-0.128451208589023,9.7097494404495,-1.14009742761803,0.254773057442843,0.549594053681049,-5.43002903028649,FALSE
"Q96FZ7","High_vs_Low",-0.147587655166201,7.3122441123634,-1.13311173636337,0.257845125407098,0.555601690047588,-5.32638784194461,FALSE
"P06727","High_vs_Low",-0.0789362567160552,15.9857521585886,-1.13194083826274,0.258182485068883,0.555709798229465,-5.43925708148245,FALSE
"P01699","High_vs_Low",-0.175577161317168,11.9357588006023,-1.12788377169276,0.259891608397793,0.558333836984826,-5.44140897582607,FALSE
"P35998","High_vs_Low",-0.1827019868037,8.50268188193784,-1.12730834741412,0.26016212423115,0.558333836984826,-5.41885888309096,FALSE
"Q9UPN3","High_vs_Low",0.229814394566695,6.75727857717766,1.1264117039265,0.260892894389681,0.558333836984826,-5.22698769491672,FALSE
"P29122","High_vs_Low",-0.143411781045661,8.91942889893034,-1.12479572324765,0.261209360888133,0.558333836984826,-5.44286908264262,FALSE
"Q96H15","High_vs_Low",-0.104919491058251,9.5957987701903,-1.12444391300043,0.261368029888336,0.558333836984826,-5.42489656913605,FALSE
"Q96DA0","High_vs_Low",-0.125793643903295,8.40210118876741,-1.12438470919256,0.261384500575865,0.558333836984826,-5.42748737731841,FALSE
"O43707","High_vs_Low",-0.140341157491808,6.9745932834623,-1.12430509882051,0.261421424448709,0.558333836984826,-5.43630005159436,FALSE
"Q9HCB6","High_vs_Low",-0.149175359404444,7.49377874467116,-1.12354496206926,0.261799159593252,0.558524116662561,-5.3707238151056,FALSE
"Q9UNM6","High_vs_Low",-0.1534281280848,7.05564116073867,-1.12283294696051,0.262166257676154,0.558691309034535,-5.33275590447922,FALSE
"Q96P70","High_vs_Low",-0.175492698715469,6.99636663059017,-1.12183864362403,0.262634723162525,0.559073915642998,-5.28435312930825,FALSE
"Q9UKX5","High_vs_Low",-0.104383492234128,6.82044209642383,-1.12036032573084,0.263137878798686,0.559529445577425,-5.40019839935767,FALSE
"Q96MF2","High_vs_Low",-0.145090409550468,12.3968509635338,-1.11910820548348,0.263613107333512,0.559924657179303,-5.45241738340107,FALSE
"Q96FE7","High_vs_Low",-0.151774733540436,6.81026502354857,-1.11887147158196,0.264091414578561,0.560325534220961,-5.19433829714216,FALSE
"P09493","High_vs_Low",0.183281380495037,8.78654767816927,1.11568461069889,0.265115924642483,0.561826931239923,-5.42668035962451,FALSE
"P22223","High_vs_Low",-0.259331575086998,8.65041872519632,-1.11517392136184,0.265379749433225,0.561826931239923,-5.38671858578796,FALSE
"Q13884","High_vs_Low",-0.20118681282898,7.08062161660199,-1.11251107385836,0.266731831234305,0.564072233265989,-5.23863691302153,FALSE
"O00602","High_vs_Low",-0.114008429600073,8.28377233892702,-1.11019837882198,0.267485425095487,0.565048359781405,-5.41364546890823,FALSE
"P12081","High_vs_Low",0.227996754294125,6.52034971092576,1.10928028595945,0.26818447107036,0.565907253567227,-5.21230023554659,FALSE
"O60664","High_vs_Low",-0.11653664540125,7.24963252769914,-1.10733370557867,0.268675228047424,0.566325235590159,-5.45421657625334,FALSE
"P07384","High_vs_Low",-0.103427536614911,10.3337772026497,-1.10608992226219,0.269200490260261,0.56661113031434,-5.46657575525736,FALSE
"Q5JSH3","High_vs_Low",-0.22285069530126,6.2406214296759,-1.10610058782684,0.269507295293612,0.56661113031434,-5.25927081659134,FALSE
"P68871","High_vs_Low",-0.192937100329548,17.565119952175,-1.10496005402026,0.269689328692252,0.56661113031434,-5.46775545256703,FALSE
"Q86Y38","High_vs_Low",-0.0987385622026915,7.89978191803031,-1.10427436707573,0.270015507023307,0.56668113458796,-5.4416176892419,FALSE
"Q93033","High_vs_Low",-0.162588809277623,6.46703659281879,-1.10194351620952,0.271362079097169,0.568246550451466,-5.24416013403752,FALSE
"P46776","High_vs_Low",0.158248221783129,8.28282761076269,1.10099317097863,0.271757808601009,0.568246550451466,-5.22707681194735,FALSE
"P15151","High_vs_Low",-0.112965821645913,8.24423008537336,-1.09990911022264,0.271895206622451,0.568246550451466,-5.4466171992625,FALSE
"O14656","High_vs_Low",-0.110072628885079,6.44523363381121,-1.10006161341568,0.27193607530649,0.568246550451466,-5.37888328020518,FALSE
"Q92930","High_vs_Low",-0.117008179093454,7.01645269655356,-1.0984891163429,0.272597837069306,0.569014902620397,-5.40794899855459,FALSE
"O60229","High_vs_Low",-0.272103336439926,9.11384578954039,-1.09701354177256,0.273321953484566,0.569911616371373,-5.36134212412564,FALSE
"P11215","High_vs_Low",-0.0861383479074043,8.18119304638152,-1.09564557384077,0.27374251736293,0.570174134657987,-5.47743500345983,FALSE
"P02788","High_vs_Low",-0.162745911357897,6.73759880489271,-1.09271209030058,0.275183623241489,0.572559474163744,-5.33949871764867,FALSE
"P20851","High_vs_Low",-0.142179977865426,9.7546999972539,-1.08905874719375,0.276637782294013,0.574758690811567,-5.48262595219046,FALSE
"P07988","High_vs_Low",0.116991129066298,7.98636832936133,1.08842447265052,0.276944400166043,0.574758690811567,-5.46412803985722,FALSE
"P31150","High_vs_Low",-0.225924285931343,7.31400168028046,-1.08845462394172,0.277131709833174,0.574758690811567,-5.32977432253052,FALSE
"O00429","High_vs_Low",0.197447067974171,7.1079242375936,1.08735196419011,0.277496781327323,0.574899648681339,-5.40614536746718,FALSE
"Q7Z6Z7","High_vs_Low",-0.135019609669424,7.2016888786457,-1.0849377644403,0.278464287066903,0.576287053983376,-5.4804995281082,FALSE
"Q96JI7","High_vs_Low",-0.14273891270736,10.5741203748415,-1.08113916170201,0.280150677421672,0.578497354582896,-5.47777887251402,FALSE
"P49591","High_vs_Low",0.204501935845005,6.21255275408295,1.081668145938,0.280300063922358,0.578497354582896,-5.25599552391124,FALSE
"P11142","High_vs_Low",-0.101517204438563,10.7516461618715,-1.08007638002589,0.280610265367312,0.578497354582896,-5.49343234636082,FALSE
"P49720","High_vs_Low",-0.217302818911119,7.30753944794891,-1.07945177089187,0.281079170737283,0.578497354582896,-5.33572155580302,FALSE
"P14770","High_vs_Low",-0.122034631420293,8.45709886456755,-1.07888281019429,0.281162723490202,0.578497354582896,-5.48206307346214,FALSE
"P59768","High_vs_Low",-0.104535780367362,7.92750765636845,-1.07861855727853,0.281326103701553,0.578497354582896,-5.42786274389796,FALSE
"O00264","High_vs_Low",0.123393281807054,8.16440745486271,1.07630285703439,0.282345707022032,0.579977646589843,-5.43411545004908,FALSE
"Q96HF1","High_vs_Low",-0.148328153543043,7.48719086813053,-1.07471691803093,0.283182438054703,0.580518156557901,-5.37770083062427,FALSE
"P46939","High_vs_Low",0.244046162932335,6.50012523108595,1.07520038094215,0.28320885777295,0.580518156557901,-5.23353165096773,FALSE
"Q9H444","High_vs_Low",-0.1793014551003,6.09785082139162,-1.06875655511806,0.285910622944232,0.585436037457238,-5.31076972427299,FALSE
"A0A0C4DH38","High_vs_Low",0.191637410822961,9.60975575879872,1.06483962690487,0.287477753945324,0.588022678524527,-5.47434721868907,FALSE
"P09960","High_vs_Low",-0.131447471863141,7.83696238635144,-1.05696587705921,0.291037009888684,0.594371820981791,-5.49898224274371,FALSE
"Q9Y678","High_vs_Low",0.252194698089064,5.64243894543579,1.05672649174999,0.291490774285061,0.594371820981791,-5.29015910568948,FALSE
"Q8N386","High_vs_Low",-0.100433626634149,6.4703041175211,-1.05638572711891,0.29150328584585,0.594371820981791,-5.37454733056009,FALSE
"Q9UNW1","High_vs_Low",-0.0952764281743725,10.2503186421278,-1.0530012761985,0.292830830824598,0.596450165942734,-5.52070927884143,FALSE
"P39687","High_vs_Low",-0.119587515083433,9.43858952335655,-1.05167930066244,0.293450138983626,0.597083090361006,-5.50904991634919,FALSE
"P40939","High_vs_Low",-0.229329448010828,7.04740674444667,-1.04960266099119,0.294782195794818,0.598429622081865,-5.30747818403767,FALSE
"P60953","High_vs_Low",-0.0998378486370886,8.81779652149071,-1.04858271044519,0.294859638699998,0.598429622081865,-5.52461153477365,FALSE
"O60506","High_vs_Low",0.23866030973614,7.44270459218184,1.0487978705051,0.295039720654315,0.598429622081865,-5.29076037842522,FALSE
"O95819","High_vs_Low",0.232730785484549,7.15511115791829,1.0454506782474,0.296614928083251,0.60099464485978,-5.35286151420456,FALSE
"P08571","High_vs_Low",-0.0835937980050421,12.3595402191225,-1.04228090018017,0.297767150685783,0.602202587064509,-5.53131906512583,FALSE
"O75596","High_vs_Low",-0.113562383246729,7.44773656321381,-1.04226456186541,0.297964923503189,0.602202587064509,-5.40127057620142,FALSE
"P36383","High_vs_Low",-0.165590079755606,10.3237257584624,-1.04166244368611,0.298144743363204,0.602202587064509,-5.47873801197797,FALSE
"P01700","High_vs_Low",0.167626309761522,12.3474401941656,1.03761307397317,0.299933831900006,0.604900851360277,-5.53590496067079,FALSE
"P50990","High_vs_Low",-0.183640613387723,8.21652418244508,-1.03611476663205,0.300637186740983,0.604900851360277,-5.53306575364572,FALSE
"P13667","High_vs_Low",-0.115227426862814,7.92200205303779,-1.03607116241902,0.30065655666603,0.604900851360277,-5.53160171056309,FALSE
"P55209","High_vs_Low",-0.133609838186088,10.0879312476909,-1.03590521940834,0.300731069255083,0.604900851360277,-5.53657314229484,FALSE
"P08729","High_vs_Low",-0.272660227268441,12.8888769577043,-1.03441591542202,0.301499142359469,0.605816033712952,-5.48102614986988,FALSE
"P20810","High_vs_Low",0.160226330315679,7.70905480461621,1.0334142342777,0.301987529056325,0.606167913614096,-5.45946328567653,FALSE
"A0A0B4J1Y9","High_vs_Low",-0.160567491870175,12.0075295843226,-1.0306139639812,0.303202343761724,0.607975684123249,-5.54274281709427,FALSE
"Q16629","High_vs_Low",-0.132750063379348,7.25421633597809,-1.02615403486595,0.305495690765214,0.610878090584991,-5.36304321136876,FALSE
"P42166","High_vs_Low",0.263742957397294,6.84661699000995,1.02614249085459,0.305605462040479,0.610878090584991,-5.29378941839144,FALSE
"Q04721","High_vs_Low",-0.125668440493037,8.13249704558037,-1.0253479413286,0.305780172058508,0.610878090584991,-5.47577384570512,FALSE
"P58335","High_vs_Low",-0.0805428443131699,9.06891161186794,-1.02484835724498,0.305912594199926,0.610878090584991,-5.54834097433869,FALSE
"Q9Y2Q3","High_vs_Low",0.194176063281929,6.60884884647068,1.0237931497382,0.306707409720206,0.611370713535534,-5.3462506541903,FALSE
"P04070","High_vs_Low",-0.0892625237458713,14.313624815426,-1.0229865767082,0.306791195267702,0.611370713535534,-5.55014200412985,FALSE
"Q9UL25","High_vs_Low",-0.118782769546983,6.81827425329881,-1.02152121114784,0.307644809548455,0.612441056045534,-5.43152917929343,FALSE
"Q99996","High_vs_Low",0.146339261533571,9.79577081314168,1.01921969194458,0.308659339915359,0.613829211445241,-5.48980026008636,FALSE
"O43847","High_vs_Low",-0.170292350279226,6.47587871017956,-1.01619383723552,0.310220415693234,0.616300312491179,-5.37826788452155,FALSE
"P01876","High_vs_Low",-0.141928499546886,15.9423771207632,-1.01487876057508,0.310636920463644,0.616494811381693,-5.55794723591295,FALSE
"Q9C075","High_vs_Low",-0.117544706898149,7.25786873780116,-1.01410409382373,0.311060972088512,0.616703873966467,-5.48625801313756,FALSE
"P36959","High_vs_Low",-0.148317052680355,7.20704010380373,-1.01269340546017,0.31186212953361,0.6170491284413,-5.41316976968021,FALSE
"Q96FJ2","High_vs_Low",0.225537145883459,7.04673212895742,1.01299310922265,0.311872892824595,0.6170491284413,-5.34364230641425,FALSE
"P01033","High_vs_Low",0.136158373495389,8.18482391876144,1.0106326245428,0.312781816103397,0.618215336220708,-5.47913924738307,FALSE
"Q9UHC1","High_vs_Low",0.203323779760895,9.53295375279099,1.008842545067,0.313586882308704,0.618301710145448,-5.47941394931385,FALSE
"P28066","High_vs_Low",0.121024692770785,7.44009016251131,1.00823013665691,0.313862169534712,0.618301710145448,-5.51569939412571,FALSE
"Q9UNZ2","High_vs_Low",0.137771014085229,6.75983263983015,1.00843890508506,0.31389658130912,0.618301710145448,-5.4173435895108,FALSE
"Q01518","High_vs_Low",0.160668724943353,10.0188308191564,1.00762670172377,0.314103659469238,0.618301710145448,-5.56487624622692,FALSE
"Q9Y450","High_vs_Low",-0.232866079613721,8.55922637234167,-1.00431038047917,0.31597493976328,0.621353158985718,-5.33178294370897,FALSE
"Q9NQH7","High_vs_Low",-0.103257433082588,10.8062055956534,-1.00085899815893,0.317378572464679,0.623164999544967,-5.55231858336099,FALSE
"P19652","High_vs_Low",-0.178384287254342,13.5509536726081,-1.00009100972411,0.317732920793992,0.623164999544967,-5.57202382770476,FALSE
"Q96HC4","High_vs_Low",-0.184306648974925,6.62887639005903,-0.999945137305517,0.318108134646621,0.623164999544967,-5.34874600220989,FALSE
"Q02809","High_vs_Low",-0.131716924931228,6.14072763994642,-0.999767016277436,0.318184506227611,0.623164999544967,-5.37819301318839,FALSE
"P35241","High_vs_Low",-0.0736609087782014,11.5144485471076,-0.997277238362029,0.319095099535801,0.624316499091784,-5.57467897991334,FALSE
"P10809","High_vs_Low",-0.21556713358847,7.5263128226821,-0.995026545216191,0.320235846220069,0.62567675810213,-5.53876166257431,FALSE
"P51665","High_vs_Low",-0.163657231654221,7.01936624419572,-0.994894047332931,0.320437037353597,0.62567675810213,-5.41897561037383,FALSE
"P07741","High_vs_Low",-0.12002664112739,9.24875335991482,-0.989900481250832,0.322700084741015,0.629460346747847,-5.56229173722897,FALSE
"Q96CW1","High_vs_Low",-0.119502232112212,7.08710187003821,-0.987425946137233,0.323961508441807,0.631284510407751,-5.53135202446275,FALSE
"P14868","High_vs_Low",0.156801284527943,6.4831438353614,0.986033142895961,0.324765502712679,0.632214534958786,-5.44169423709489,FALSE
"Q96JM4","High_vs_Low",0.12127827350808,9.04351359520846,0.983859543503081,0.32573204856255,0.633458808008578,-5.4849806190359,FALSE
"Q9UQP3","High_vs_Low",-0.126735997471465,6.05310537771985,-0.980984181979553,0.327284897520745,0.635427444132538,-5.40065149658359,FALSE
"Q9UBV8","High_vs_Low",-0.109029153816057,6.73329936962312,-0.980495907131341,0.327401117209375,0.635427444132538,-5.50163731085423,FALSE
"P08697","High_vs_Low",-0.0918217121857694,14.3363074833072,-0.977029967836236,0.32900989898318,0.637909974481416,-5.59356514579243,FALSE
"P22352","High_vs_Low",-0.119260019525456,11.9538249521091,-0.975504671232248,0.329764841035288,0.638733701104387,-5.5949722769429,FALSE
"Q9UBX1","High_vs_Low",-0.0818090625494641,7.91569061455499,-0.973080992939479,0.330975664741434,0.639517084939134,-5.58723700702793,FALSE
"P01111","High_vs_Low",-0.095662766619002,8.94936450537555,-0.972723372932972,0.331150535355989,0.639517084939134,-5.59214567447164,FALSE
"Q6WN34","High_vs_Low",-0.191907020913556,6.79828765529245,-0.972307103156968,0.33169558839842,0.639517084939134,-5.29323009453735,FALSE
"Q9NSC7","High_vs_Low",-0.136969804177454,7.4451060299164,-0.971508454412905,0.331834358336169,0.639517084939134,-5.50760003587586,FALSE
"Q13247","High_vs_Low",-0.10239727679425,7.94234157115541,-0.971063247083001,0.332122455671009,0.639517084939134,-5.48116141495404,FALSE
"Q93070","High_vs_Low",-0.0951395738624718,6.57593064058522,-0.971135589931176,0.332152284425752,0.639517084939134,-5.44289281636571,FALSE
"Q9UPN7","High_vs_Low",-0.124750818542513,6.77480540693753,-0.969785812013008,0.332697744092922,0.639805221180561,-5.51966420014587,FALSE
"Q99895","High_vs_Low",-0.135631038358436,9.29654255500529,-0.969364630632908,0.332963233968385,0.639805221180561,-5.47022054731689,FALSE
"Q9UHG3","High_vs_Low",-0.0685285110707898,10.6741638976403,-0.966338746708494,0.33432516824291,0.64092929201888,-5.60338198993701,FALSE
"P63316","High_vs_Low",-0.182941678026669,7.35041288265772,-0.965942280394005,0.334752544178348,0.64092929201888,-5.37025402838777,FALSE
"Q13214","High_vs_Low",-0.102228243192691,7.88766559113989,-0.965129496248426,0.334981027964741,0.64092929201888,-5.53660329980997,FALSE
"P36915","High_vs_Low",-0.165076757246534,6.89470262497097,-0.965269648156471,0.335024400033129,0.64092929201888,-5.45152626018869,FALSE
"Q9BS40","High_vs_Low",0.150556398441596,7.34147550675648,0.964545769473022,0.335431661785877,0.64092929201888,-5.44525706866765,FALSE
"P14598","High_vs_Low",0.201146090412211,6.43541707310105,0.964629082717131,0.335535593186111,0.64092929201888,-5.30907653145312,FALSE
"P23276","High_vs_Low",-0.12579972494268,7.41374664481933,-0.960673593429343,0.337412202211194,0.643673566865459,-5.42432651961327,FALSE
"P01019","High_vs_Low",-0.0699935542622949,15.1860369171155,-0.959731675209054,0.337637555745964,0.643673566865459,-5.60939490850036,FALSE
"Q5JWF2","High_vs_Low",-0.119203847416649,6.94996853826182,-0.959236654333762,0.337971721597651,0.643676457964029,-5.55726865960114,FALSE
"P29692","High_vs_Low",-0.177261460909636,7.09787406085927,-0.958494371818848,0.338436820963928,0.64392846466588,-5.45529913922211,FALSE
"A0A0J9YXX1","High_vs_Low",0.234475768224339,10.1658749920258,0.957107723859804,0.339094562960818,0.644546148653421,-5.4886401357979,FALSE
"P16402","High_vs_Low",0.297657038369184,7.92975267817561,0.955625250992044,0.339925831053879,0.645492132570417,-5.36842214274826,FALSE
"P00338","High_vs_Low",0.129665290709818,9.06440036887043,0.953639103142178,0.340710680608543,0.645603106998034,-5.61490317215753,FALSE
"P61353","High_vs_Low",-0.139471674553805,6.86532729140304,-0.953931687480079,0.340846108521475,0.645603106998034,-5.39624327906064,FALSE
"P41218","High_vs_Low",0.195538951768644,7.38365890636647,0.952987273563349,0.341099692043428,0.645603106998034,-5.56689150575511,FALSE
"P39019","High_vs_Low",0.367688150406785,11.0115428560543,0.952555452187727,0.341469837782724,0.645603106998034,-5.45144517173946,FALSE
"Q53RT3","High_vs_Low",-0.127807984539014,7.77328537122607,-0.952121870148263,0.341652496933326,0.645603106998034,-5.42228859171807,FALSE
"Q5SGD2","High_vs_Low",-0.147097309052467,6.67361754882949,-0.949162624717001,0.343239835513724,0.647356649923022,-5.4246330160358,FALSE
"Q8WZ42","High_vs_Low",0.105740241994994,9.78697953286896,0.948010063649995,0.34356762457975,0.647356649923022,-5.61548269331838,FALSE
"Q15435","High_vs_Low",-0.122309322473073,6.66332465729433,-0.948149242658771,0.343584123757594,0.647356649923022,-5.5348258959112,FALSE
"P02768","High_vs_Low",-0.188427526414079,15.624335027664,-0.946199718931347,0.34448743011799,0.648427215251276,-5.62158168907394,FALSE
"Q8N6C8","High_vs_Low",0.113785099839527,6.75991310692086,0.945345815221263,0.345127981644586,0.648442967562905,-5.44966586943762,FALSE
"Q27J81","High_vs_Low",0.164548255708588,6.898432699433,0.944757920303435,0.345353445083149,0.648442967562905,-5.51933121365591,FALSE
"P15880","High_vs_Low",-0.167150878705853,6.20621095662713,-0.944681699477602,0.345501136722148,0.648442967562905,-5.43325114357563,FALSE
"P04040","High_vs_Low",-0.114317344081881,9.6874781854886,-0.942808023681415,0.346218148129128,0.649159027742116,-5.62460920129588,FALSE
"P04439","High_vs_Low",-0.0803049975532879,10.265000122105,-0.941902520047847,0.346681147319438,0.649397889702916,-5.62541564448827,FALSE
"P05452","High_vs_Low",-0.0906783876037611,12.5226266652949,-0.939628385419109,0.347845692758288,0.650949144571844,-5.62743758833625,FALSE
"Q13423","High_vs_Low",-0.240775279418155,7.11814064122963,-0.938052640935231,0.348908538138235,0.651726550306023,-5.4590451015303,FALSE
"O43294","High_vs_Low",-0.191722820231226,6.64685127870956,-0.938227133909799,0.348934731843431,0.651726550306023,-5.3825672398462,FALSE
"P12236","High_vs_Low",0.185650193326808,7.43129215310569,0.935459203954623,0.350307749782888,0.653660073124289,-5.42089714017698,FALSE
"Q96NZ9","High_vs_Low",-0.0992854655247104,10.0565247433426,-0.932749931168236,0.351383194333952,0.654328767761551,-5.63352361130927,FALSE
"O60763","High_vs_Low",-0.150130718889907,6.16726815213793,-0.932304689219672,0.351896423621459,0.654328767761551,-5.42399682646879,FALSE
"O15143","High_vs_Low",-0.269329926150995,8.91068287210991,-0.931412380222253,0.352132556872268,0.654328767761551,-5.58724182040106,FALSE
"Q9NPC4","High_vs_Low",-0.110281798785002,6.97324013735777,-0.930734413231489,0.352590473625659,0.654328767761551,-5.44979379697465,FALSE
"Q13009","High_vs_Low",0.307266933688535,10.9899870461293,0.930006871085482,0.352996760130626,0.654328767761551,-5.34099400763693,FALSE
"P62258","High_vs_Low",-0.104333595775294,8.07808906629339,-0.929481285982845,0.353073874814438,0.654328767761551,-5.63576438769912,FALSE
"P61604","High_vs_Low",-0.227510901804322,9.19593269481792,-0.929346212652437,0.353236557492546,0.654328767761551,-5.5557424727644,FALSE
"P50502","High_vs_Low",-0.0854687236131326,9.6494178406413,-0.928906624223233,0.353371350031432,0.654328767761551,-5.6359170810876,FALSE
"Q14554","High_vs_Low",-0.149709608068845,7.84042129352215,-0.927584538059464,0.354102739281661,0.654637779438122,-5.59704125903918,FALSE
"P04003","High_vs_Low",-0.110524236828756,14.3590996404846,-0.927275579667243,0.354214860502178,0.654637779438122,-5.63833544805137,FALSE
"Q9UGM5","High_vs_Low",0.109026359339744,12.109130419024,0.926120677554072,0.354814087486343,0.655119522219536,-5.63934697672283,FALSE
"P61026","High_vs_Low",-0.186767909817897,10.9448482472608,-0.924472717040948,0.355670251031511,0.655916445072976,-5.64078817866304,FALSE
"P10412","High_vs_Low",0.157479151126386,10.4654887205023,0.92398704228283,0.355923652365181,0.655916445072976,-5.64072162515935,FALSE
"Q9NR34","High_vs_Low",-0.122727840452095,9.66656180610138,-0.923110488180933,0.356421725106162,0.656209360685466,-5.59297935649443,FALSE
"P23141","High_vs_Low",-0.0797282086108151,6.36581929569364,-0.920330406477086,0.357842565860508,0.658199016102741,-5.61845926530667,FALSE
"P08670","High_vs_Low",0.145214988714701,8.5443285117258,0.919591643851308,0.358217093112674,0.658262179651495,-5.64349243352645,FALSE
"P08727","High_vs_Low",-0.13465417965058,8.59562852535552,-0.916549165921599,0.3598514443474,0.660638088057133,-5.59247147105289,FALSE
"Q9NQ75","High_vs_Low",-0.290005986040284,7.04346742600471,-0.915081611402884,0.360969730193245,0.661498881181495,-5.38700678792072,FALSE
"Q9H173","High_vs_Low",-0.0904145977655473,7.05163453997535,-0.914318924256202,0.361004040582769,0.661498881181495,-5.61547655946251,FALSE
"P01009","High_vs_Low",-0.0829999645987591,15.066071405462,-0.910948029459416,0.362746019708593,0.663921521260941,-5.65251937228664,FALSE
"P02786","High_vs_Low",-0.0867108767410603,11.0945437943766,-0.909025482837049,0.36375897454456,0.663921521260941,-5.65417298486238,FALSE
"P54727","High_vs_Low",-0.178137271236926,7.45688718674729,-0.908104371710428,0.36442798495054,0.663921521260941,-5.49590801795217,FALSE
"P49788","High_vs_Low",-0.163558307856052,7.58614031752022,-0.908150105016731,0.364496398686672,0.663921521260941,-5.4298682065153,FALSE
"Q8N5C6","High_vs_Low",-0.179501965213312,9.82898517930698,-0.907302847646752,0.364909638064795,0.663921521260941,-5.37372658887139,FALSE
"P49327","High_vs_Low",0.192727198263408,7.08327880230474,0.906939387056426,0.364960697482475,0.663921521260941,-5.55358434021674,FALSE
"P05997","High_vs_Low",-0.118901834400564,7.77790539863726,-0.906412256910352,0.365209826774331,0.663921521260941,-5.56387011588098,FALSE
"O00154","High_vs_Low",-0.192265410844935,7.44804988195635,-0.906086735870024,0.365599276313112,0.663921521260941,-5.42561170820003,FALSE
"Q7KZF4","High_vs_Low",-0.179326856692325,6.25899190347364,-0.905667195801877,0.36575613102905,0.663921521260941,-5.46664020985699,FALSE
"Q96DT5","High_vs_Low",-0.246458902028097,9.83863498075172,-0.905891048209638,0.365757282513779,0.663921521260941,-5.40182986154934,FALSE
"Q96C19","High_vs_Low",0.117377126730824,6.99234140103155,0.904738329346911,0.366122034226073,0.663960764974181,-5.55625288120847,FALSE
"Q9Y265","High_vs_Low",0.171233161652871,6.36632144118943,0.902769258807269,0.367414646457975,0.665681030801668,-5.421437184045,FALSE
"P35754","High_vs_Low",0.125073103427663,6.80427420145846,0.899052719998153,0.369234769503854,0.668352927025218,-5.47926137158788,FALSE
"P09651","High_vs_Low",-0.148512074448457,7.55275265209385,-0.897240085929338,0.370156613341452,0.669395370855803,-5.53964377009336,FALSE
"Q15257","High_vs_Low",0.126222355299213,7.11645347368947,0.896215761091139,0.370827294979614,0.66998208756821,-5.46451254045063,FALSE
"P20338","High_vs_Low",-0.124045353132733,6.79949347915099,-0.893689055322862,0.372262567218662,0.671434022011863,-5.42211949832973,FALSE
"P04083","High_vs_Low",0.110426262984411,7.6654557926834,0.892625158376989,0.372475205548212,0.671434022011863,-5.66437385993951,FALSE
"Q96RT1","High_vs_Low",0.120063168153838,6.98270806717877,0.892497168992416,0.372671906791081,0.671434022011863,-5.55595123746649,FALSE
"P62318","High_vs_Low",-0.122623698277866,6.76480259346792,-0.886756941904065,0.375833742177086,0.676500735918754,-5.4722558597527,FALSE
"Q9BQS7","High_vs_Low",-0.103329431137343,8.93206688170446,-0.884586998957079,0.376910106278422,0.67780767253601,-5.56072294487393,FALSE
"P62736","High_vs_Low",0.119459898341317,11.2847387127707,0.882049943957847,0.3781584859099,0.679355962505126,-5.67700786212699,FALSE
"O95866","High_vs_Low",-0.152244201709699,7.29954888955738,-0.882069862910881,0.378473244227662,0.679355962505126,-5.42072686901268,FALSE
"Q15417","High_vs_Low",0.18189207140648,7.67690282860188,0.879714387006386,0.379630788706574,0.67965505718197,-5.49226415783637,FALSE
"P08637","High_vs_Low",-0.0837234997646199,8.7004582362767,-0.87874915579635,0.379945882644767,0.67965505718197,-5.67883171560133,FALSE
"P16152","High_vs_Low",0.150723778431023,7.11511163421668,0.878338832595542,0.380253205838963,0.67965505718197,-5.59418922814858,FALSE
"Q9Y2Y8","High_vs_Low",-0.168538244196082,8.8254008019978,-0.87852148165195,0.380276601809118,0.67965505718197,-5.45267075673549,FALSE
"P62191","High_vs_Low",-0.163829290101098,7.97036545737315,-0.877889308185376,0.380470658714911,0.67965505718197,-5.61728886888523,FALSE
"O60234","High_vs_Low",0.138900243442263,7.33468514488591,0.877498366265393,0.380747329191346,0.67965505718197,-5.53873492357396,FALSE
"P60981","High_vs_Low",0.127646661742488,7.59922800401798,0.873987384747053,0.382716732572039,0.681584189481231,-5.50788596174306,FALSE
"P26373","High_vs_Low",-0.118491881646128,6.54181915700708,-0.873317270192237,0.383030973868883,0.681584189481231,-5.53926156948135,FALSE
"Q14684","High_vs_Low",-0.0981521929851414,13.6030460152482,-0.873019292280635,0.383078835811864,0.681584189481231,-5.66141648841808,FALSE
"O75083","High_vs_Low",0.136397884713306,9.19857322579188,0.872409052851558,0.38338903963583,0.681584189481231,-5.68500259311476,FALSE
"Q15940","High_vs_Low",0.294723187293004,8.21738770491253,0.87251043542873,0.383589241521995,0.681584189481231,-5.39338594550943,FALSE
"P48723","High_vs_Low",-0.0956318828307428,6.86864801002019,-0.869655833055831,0.384999163971873,0.683461818610619,-5.5717547148239,FALSE
"P62495","High_vs_Low",0.148035127954538,6.31389047001615,0.867039487236597,0.386674787181073,0.685807253157999,-5.42512396270804,FALSE
"Q04637","High_vs_Low",-0.117568169095458,6.35655727958756,-0.863803402469524,0.388196621527144,0.686795399069349,-5.57498557348076,FALSE
"Q9Y6E0","High_vs_Low",0.114554594009576,7.23886312609561,0.863626062667214,0.388260108545141,0.686795399069349,-5.62466999260742,FALSE
"Q15555","High_vs_Low",-0.186323851801617,7.38488698256228,-0.863715934182845,0.388296726915694,0.686795399069349,-5.55127936768128,FALSE
"P78417","High_vs_Low",0.116789751064001,9.64712903841864,0.861058695499641,0.389605999493207,0.688481834720873,-5.68928049002509,FALSE
"Q01105","High_vs_Low",-0.111774798589104,7.52720588365799,-0.859342267189974,0.390778283479533,0.68992333807746,-5.48987774231421,FALSE
"P04156","High_vs_Low",-0.113994529459289,6.53524036560622,-0.856143631078464,0.392396788065328,0.692149302558259,-5.5802331721695,FALSE
"P41159","High_vs_Low",-0.109520616796969,6.89548545638856,-0.849992360787391,0.3958568600547,0.697616597637381,-5.55060583465975,FALSE
"P61970","High_vs_Low",-0.140867861193821,7.41729514357892,-0.849339686311532,0.396370592270866,0.697788401723906,-5.4826509370517,FALSE
"Q9NZD4","High_vs_Low",0.138072101021587,8.02305922308732,0.848483421564738,0.396675577207388,0.697788401723906,-5.58191200164242,FALSE
"Q16181","High_vs_Low",-0.409530873210414,11.5200606895582,-0.846228116489189,0.3978866643474,0.698625064560351,-5.62889236682935,FALSE
"P00739","High_vs_Low",-0.089814919898501,14.0046574050228,-0.845312375255393,0.398326320724561,0.698625064560351,-5.70700348214169,FALSE
"Q9H270","High_vs_Low",0.190205244262261,8.23941599964876,0.845610234479141,0.398525840182219,0.698625064560351,-5.38212688603862,FALSE
"Q3LXA3","High_vs_Low",0.117302065396268,6.06937190027624,0.845136014665126,0.398595385671642,0.698625064560351,-5.56191095519596,FALSE
"P16403","High_vs_Low",0.144091186785092,8.9987391312136,0.842846218860715,0.399832993702821,0.70016003874657,-5.54587324204237,FALSE
"P01024","High_vs_Low",-0.0862746827503891,12.8690672400851,-0.840191521023297,0.401188234818745,0.70140991104383,-5.71108355550434,FALSE
"P17301","High_vs_Low",-0.0752492974987309,8.34975047225922,-0.840042477296054,0.401271716550656,0.70140991104383,-5.71120193682688,FALSE
"O15084","High_vs_Low",0.121866466839713,6.39504054714793,0.839199668906993,0.401988597529505,0.702028823302882,-5.50477233044094,FALSE
"P47755","High_vs_Low",0.102485076527554,7.99623947395014,0.837216565422263,0.402899500299298,0.702774739922465,-5.67294304526092,FALSE
"P01732","High_vs_Low",-0.124767571718793,7.65808385097297,-0.836450027894235,0.403363632915692,0.702774739922465,-5.63308471668057,FALSE
"P0DTE1","High_vs_Low",0.186193027641199,7.80460311240192,0.836435374270092,0.403505289950315,0.702774739922465,-5.49989447582598,FALSE
"P61626","High_vs_Low",-0.072824204912779,10.6027256520192,-0.833443544618262,0.404978357074641,0.70405992658574,-5.71642229722938,FALSE
"Q9Y6R7","High_vs_Low",0.14682681877937,7.13559313482618,0.833147865886079,0.405248143534033,0.70405992658574,-5.56213931634119,FALSE
"Q14344","High_vs_Low",-0.110062392394262,6.67340750972121,-0.83296155634592,0.405334758768225,0.70405992658574,-5.63229672369238,FALSE
"P01743","High_vs_Low",0.140921536337874,8.57153926962721,0.831023214589799,0.406488550159232,0.704719656833638,-5.54451581411638,FALSE
"O94919","High_vs_Low",-0.133503656954532,6.89932962526167,-0.830705663413331,0.406856536957692,0.704719656833638,-5.48288276086542,FALSE
"P58546","High_vs_Low",0.116015222685553,7.85364295499805,0.829927620759578,0.40700691058056,0.704719656833638,-5.66678748415894,FALSE
"Q96C24","High_vs_Low",0.403185543963154,10.596371909687,0.829896560806559,0.407171357281657,0.704719656833638,-5.57889725478651,FALSE
"Q8NDA2","High_vs_Low",-0.112691858606246,6.05963991923394,-0.827743385443966,0.40828419540975,0.706014225306404,-5.60092047731761,FALSE
"P01034","High_vs_Low",-0.0863356297261344,11.1223200221661,-0.826126702666804,0.409112160275621,0.706814312619041,-5.72216259266818,FALSE
"P04921","High_vs_Low",-0.100399397487323,8.76917039648236,-0.821762345232228,0.411663850097862,0.710588358554293,-5.63599625222596,FALSE
"Q9H479","High_vs_Low",0.1337946812336,7.38986947456723,0.819067245126611,0.413260694446304,0.712708951652048,-5.58740926361323,FALSE
"Q13442","High_vs_Low",-0.0986292831441862,7.97367611117942,-0.814759533243111,0.415672214726807,0.716206914725017,-5.63460245858429,FALSE
"P20340","High_vs_Low",0.152146683452898,7.14174065157703,0.812467036363458,0.41710844987815,0.716206914725017,-5.53106666470243,FALSE
"O75915","High_vs_Low",0.155463686035374,7.72091740624326,0.811542387630853,0.417633012598614,0.716206914725017,-5.55215354038708,FALSE
"Q8NFL0","High_vs_Low",-0.0796692438521331,7.61704000024669,-0.810728253610179,0.417946019450204,0.716206914725017,-5.68488894835754,FALSE
"O00231","High_vs_Low",-0.11624910656678,6.97416774937196,-0.810226401467045,0.418213632036202,0.716206914725017,-5.69233316182366,FALSE
"P50552","High_vs_Low",0.13947114574079,7.43549278326897,0.809138903037922,0.418902792627242,0.716206914725017,-5.65013138371286,FALSE
"P63244","High_vs_Low",0.142624645553068,7.22679679402462,0.809161045637794,0.419009901218809,0.716206914725017,-5.51454303168822,FALSE
"P01833","High_vs_Low",-0.0861680638476159,9.01119587924755,-0.808579228263996,0.419130909668001,0.716206914725017,-5.73027676207024,FALSE
"A0A0B4J1V2","High_vs_Low",0.188910649085074,8.82062766808674,0.808800839344831,0.419160154817365,0.716206914725017,-5.57170664567158,FALSE
"P0DOX5","High_vs_Low",-0.129843177423488,9.33137425288081,-0.808642976128544,0.419200575135384,0.716206914725017,-5.62493813012516,FALSE
"Q9NZP8","High_vs_Low",-0.0834553536257765,10.0023614465442,-0.808149053877588,0.419375368947512,0.716206914725017,-5.73605224846728,FALSE
"Q9Y4E8","High_vs_Low",-0.108113568616854,8.03873243892711,-0.80699396164243,0.420050963977864,0.716206914725017,-5.72922673842043,FALSE
"P11586","High_vs_Low",-0.10220163438341,7.69129008548238,-0.80690494589689,0.420100696750849,0.716206914725017,-5.72617583225653,FALSE
"Q01844","High_vs_Low",-0.0934671513212475,6.82721201115899,-0.80131719245849,0.423532515598918,0.720832000376246,-5.52551458195344,FALSE
"Q8TAX7","High_vs_Low",0.17539524147632,9.36991058595528,0.801397640886562,0.423558648283097,0.720832000376246,-5.36641055417693,FALSE
"P46777","High_vs_Low",0.128228586793243,6.54560425229136,0.799993711431412,0.424262485627165,0.720985689541524,-5.56928084788412,FALSE
"P27348","High_vs_Low",0.10934394127863,7.13287612725435,0.799522874256977,0.42439416040713,0.720985689541524,-5.70208850752583,FALSE
"Q96QK1","High_vs_Low",0.138642091353528,6.29028371489205,0.797354329846694,0.42587686650385,0.722869944460482,-5.49553700567876,FALSE
"P00441","High_vs_Low",0.125308095699244,7.35422205566617,0.792909797325735,0.428320581023838,0.723197595814101,-5.59529546452973,FALSE
"P11217","High_vs_Low",-0.231227443211194,8.94233028754657,-0.792559526539127,0.428472007983925,0.723197595814101,-5.65960579604238,FALSE
"Q9HD67","High_vs_Low",0.1238071139692,8.26283513781445,0.792133842410547,0.42879921537687,0.723197595814101,-5.45879199345853,FALSE
"Q9NZN3","High_vs_Low",-0.0904164002216508,8.93137232727097,-0.791864139846374,0.428804089779377,0.723197595814101,-5.74507637902275,FALSE
"Q9NP79","High_vs_Low",-0.124181099621105,7.01650453232632,-0.792099341818389,0.428876042186563,0.723197595814101,-5.58476527124649,FALSE
"P22314","High_vs_Low",0.152475206154843,7.28798037388502,0.791535018173412,0.429010553599628,0.723197595814101,-5.73072276421876,FALSE
"Q13094","High_vs_Low",0.152617852395831,6.75589178334348,0.791804458398645,0.429022668233628,0.723197595814101,-5.56576907912929,FALSE
"Q96AP7","High_vs_Low",-0.146833387620529,6.7068927779864,-0.791657979519392,0.429059865630278,0.723197595814101,-5.61798726484413,FALSE
"Q9H223","High_vs_Low",-0.159934416735373,6.5615113435362,-0.788835937514762,0.430842372290893,0.725278432648945,-5.50129177344086,FALSE
"Q96QA5","High_vs_Low",-0.10630647964553,7.1422924544885,-0.788232177801369,0.431044029739683,0.725278432648945,-5.56274872032968,FALSE
"P62701","High_vs_Low",0.167097305477209,7.28972761830296,0.786476514850715,0.432088358889089,0.725878072943132,-5.59852526295247,FALSE
"A8K2U0","High_vs_Low",-0.178730396150831,5.72365827020949,-0.786502420816323,0.432150666682423,0.725878072943132,-5.48857919956359,FALSE
"P01599","High_vs_Low",0.170964544542191,8.66690916693315,0.785275953374663,0.432819201883126,0.726153337331122,-5.53076985152438,FALSE
"P53621","High_vs_Low",-0.16428124705684,6.79457521639504,-0.784738453810311,0.433065091100834,0.726153337331122,-5.63361145088862,FALSE
"P16083","High_vs_Low",0.122897054409655,7.12062030948363,0.783866270660643,0.433714128739351,0.726312440846237,-5.53278659674165,FALSE
"P0C0S5;Q71UI9","High_vs_Low",0.14238974701668,7.26424745577676,0.783434762626328,0.434003489110211,0.726312440846237,-5.50349457460628,FALSE
"Q92496","High_vs_Low",-0.104464796927399,9.63473419119567,-0.781675647904692,0.434784645378499,0.726312440846237,-5.71478806719634,FALSE
"Q14254","High_vs_Low",-0.0944483751284633,7.84812861760817,-0.781277403869258,0.435001487566051,0.726312440846237,-5.75148027952363,FALSE
"P23280","High_vs_Low",-0.083714675958146,7.38062884006955,-0.780638552837702,0.435467182937096,0.726312440846237,-5.6403993848232,FALSE
"Q86SF2","High_vs_Low",-0.0747800307137343,6.68609049859274,-0.780346769777197,0.435644265518113,0.726312440846237,-5.63747516376964,FALSE
"P69891","High_vs_Low",-0.144338821247949,17.4526143943947,-0.779774264932462,0.435879515490335,0.726312440846237,-5.75735463536612,FALSE
"Q13576","High_vs_Low",-0.232893539557073,11.1940241837744,-0.779298581216358,0.436162819774329,0.726312440846237,-5.75346948670964,FALSE
"P35442","High_vs_Low",-0.088765601161688,13.7305289299725,-0.776561794291784,0.437771425725405,0.728136590706286,-5.75971854428545,FALSE
"P24592","High_vs_Low",-0.0699736728140223,9.98929400783351,-0.776156984271066,0.438010848362851,0.728136590706286,-5.75775205889251,FALSE
"P00390","High_vs_Low",0.141220184942111,6.10353018988332,0.7750281479905,0.438940586416025,0.728791630874837,-5.50610640627218,FALSE
"P60660","High_vs_Low",0.128520755454794,9.9315981397049,0.774188163323239,0.439173040766089,0.728791630874837,-5.76096101912824,FALSE
"P25786","High_vs_Low",-0.0868597998809175,8.67566390785367,-0.773586511112375,0.439534797535367,0.728791630874837,-5.7543747398611,FALSE
"Q14204","High_vs_Low",-0.161807511711186,7.16584093064545,-0.771630861666109,0.440745850178902,0.730173989808369,-5.69735341410906,FALSE
"Q96FN4","High_vs_Low",-0.126262590243353,6.99154826495067,-0.770876334029585,0.441375925736464,0.730592315055653,-5.52373032465179,FALSE
"P46060","High_vs_Low",-0.106741060916224,8.00839425980073,-0.769336848941985,0.442064399019174,0.731106506070172,-5.73755528470349,FALSE
"P06732","High_vs_Low",0.157901685178618,6.81167966740258,0.76674682661789,0.443724262784502,0.732534649360474,-5.60411880411365,FALSE
"Q16555","High_vs_Low",0.205572843121769,6.8140034937839,0.765403744008696,0.444644036299531,0.732534649360474,-5.52304147406404,FALSE
"A0A0G2JS06","High_vs_Low",-0.17271144963722,10.5561461326539,-0.764980270162879,0.44467425773215,0.732534649360474,-5.69075613286754,FALSE
"P38646","High_vs_Low",-0.137803530642369,6.92363372813106,-0.764868427727724,0.444791480442607,0.732534649360474,-5.68173177561597,FALSE
"Q8NBZ7","High_vs_Low",-0.133014814615794,7.07151183865027,-0.764922641574967,0.444820781911399,0.732534649360474,-5.63064011072241,FALSE
"P00738","High_vs_Low",0.158400138689647,14.4818798965806,0.762620623029383,0.44603644926055,0.733684136281466,-5.76986441268195,FALSE
"P48735","High_vs_Low",-0.107037097015198,7.91816781089398,-0.762253840157049,0.446277120621853,0.733684136281466,-5.74365289143245,FALSE
"P02452","High_vs_Low",-0.123820534886326,6.16950252595369,-0.760312386353343,0.447695208164871,0.735390685737712,-5.51346735650268,FALSE
"P13671","High_vs_Low",-0.0907430161709719,12.8819134303032,-0.759067613363895,0.448157015243678,0.735524872346495,-5.77242084204505,FALSE
"P22792","High_vs_Low",-0.0862878539228351,13.3147089201418,-0.757205999507159,0.449270383380059,0.73672728122069,-5.77375553859257,FALSE
"P14317","High_vs_Low",-0.0947881456924087,8.04423335014254,-0.755511224590749,0.450292769422465,0.737778584955521,-5.76277009411612,FALSE
"Q8N9N7","High_vs_Low",-0.087162002748161,6.95110922159815,-0.753865709886183,0.451433063054435,0.739021131142413,-5.61364591273367,FALSE
"P49588","High_vs_Low",-0.110508288794507,6.23618201648348,-0.751377072481653,0.452928462393644,0.740842413129079,-5.60614339412723,FALSE
"P10768","High_vs_Low",0.106996922457687,7.51233394520057,0.749309054306333,0.454051033098005,0.741721180367768,-5.72359031128564,FALSE
"P51659","High_vs_Low",0.11174551031942,7.01317891499583,0.749103475129439,0.454232350767858,0.741721180367768,-5.65480068004787,FALSE
"Q9H4L5","High_vs_Low",-0.157947456323733,7.73652010825098,-0.748426367425813,0.454700615731895,0.741859773559205,-5.58836814021114,FALSE
"Q9NYL9","High_vs_Low",-0.141671651039522,7.40838161349694,-0.746152314331078,0.456054984146028,0.743442623692134,-5.6195067119129,FALSE
"P27482","High_vs_Low",-0.0753496979450432,10.6256611203261,-0.743168594195141,0.457716824893355,0.745523616303571,-5.78317635980431,FALSE
"P02776","High_vs_Low",-0.134110403484437,13.9082897506165,-0.742030506080738,0.458405464370812,0.745932216713501,-5.78224339608168,FALSE
"Q96KN2","High_vs_Low",-0.0678552526137448,12.246569904361,-0.741479094753529,0.458738675911662,0.745932216713501,-5.7849005534007,FALSE
"P17936","High_vs_Low",-0.111419151838408,11.3536831685522,-0.739488692024367,0.459944932295757,0.747265696047263,-5.78629443305715,FALSE
"P21333","High_vs_Low",0.124972550465579,10.0672036214897,0.736991819952596,0.461460641899161,0.749099280264158,-5.78803770703747,FALSE
"P15153","High_vs_Low",-0.0718677626828601,10.4591592368942,-0.735374153046108,0.462445414487239,0.749187677052459,-5.78635476549454,FALSE
"P67936","High_vs_Low",0.133600097174019,9.97488390188142,0.734898754567643,0.462734018088312,0.749187677052459,-5.78899496009106,FALSE
"P25815","High_vs_Low",0.144972007054776,7.70160159653353,0.734784286587927,0.46290848814951,0.749187677052459,-5.62683456889742,FALSE
"Q13618","High_vs_Low",0.102190998925557,6.22154472815235,0.734727012942298,0.463063804524414,0.749187677052459,-5.56020816191808,FALSE
"Q5T4S7","High_vs_Low",-0.0878181088399863,7.138763548167,-0.73133648567359,0.464915192848279,0.749576128540443,-5.77524361696246,FALSE
"P69905","High_vs_Low",-0.130319650261367,17.1221016525983,-0.731039192233426,0.465085408257673,0.749576128540443,-5.79216999971762,FALSE
"P61225","High_vs_Low",-0.0958699409557759,9.61389651361654,-0.730716823113231,0.465292665702191,0.749576128540443,-5.77925943083877,FALSE
"Q9Y5K6","High_vs_Low",-0.125272091297889,6.28048034582238,-0.730769767919691,0.465514815439285,0.749576128540443,-5.53255539250416,FALSE
"Q9Y3I1","High_vs_Low",0.102054739533157,7.69537072836983,0.729991911441266,0.465929938623964,0.749576128540443,-5.58391580848752,FALSE
"P51460","High_vs_Low",-0.135340591513247,8.8703229029385,-0.729408851992606,0.466274471069929,0.749576128540443,-5.53055565690266,FALSE
"P0DOX3","High_vs_Low",0.121809025558147,9.37166241430611,0.728026990742916,0.466963860489833,0.749576128540443,-5.75051021422555,FALSE
"O14618","High_vs_Low",0.11906366089912,7.37577492302501,0.728067481175511,0.467209003157489,0.749576128540443,-5.52075065589439,FALSE
"P29279","High_vs_Low",-0.0976996744852716,8.35887555666215,-0.727300095289413,0.467443013630596,0.749576128540443,-5.71637361915932,FALSE
"P12277","High_vs_Low",-0.147944486985619,7.31038113465264,-0.727177979592447,0.467668317880026,0.749576128540443,-5.56302471148664,FALSE
"P62906","High_vs_Low",-0.110145191119829,7.26724401217073,-0.726640174436519,0.467888495578805,0.749576128540443,-5.64763093317905,FALSE
"P11277","High_vs_Low",-0.157467708514158,10.0193802628686,-0.726349236112133,0.467952435801992,0.749576128540443,-5.79540219871903,FALSE
"Q8TDW7","High_vs_Low",-0.0864938585914574,6.47001001198148,-0.725219287703137,0.468883673708463,0.750446574545804,-5.53642472041858,FALSE
"Q9N2J8","High_vs_Low",-0.123281041669417,8.96790674596981,-0.723677943259623,0.469839775981583,0.750744918922536,-5.51905825644911,FALSE
"Q8TC12","High_vs_Low",-0.154059596898798,7.22495534651922,-0.72350396300964,0.469846044865732,0.750744918922536,-5.65399533150006,FALSE
"Q14677","High_vs_Low",0.145654369818629,6.59272602180678,0.721673092796612,0.470987804176272,0.751380997304163,-5.6291413879119,FALSE
"P30626","High_vs_Low",0.106433832831446,7.82879556951052,0.721481946624408,0.471020749214444,0.751380997304163,-5.71515724136985,FALSE
"Q969T9","High_vs_Low",0.154256424533189,8.60409258031228,0.717798256154581,0.473355714794567,0.75187258860422,-5.63484852703995,FALSE
"Q13630","High_vs_Low",0.0841999166468277,7.79665919865708,0.717472193961494,0.473457933864849,0.75187258860422,-5.74061390373911,FALSE
"A0A075B6R2","High_vs_Low",-0.16611154968804,9.19054150366596,-0.717574340411103,0.473525062562984,0.75187258860422,-5.58399808562232,FALSE
"Q96D15","High_vs_Low",-0.0968523008797719,6.65639315730217,-0.717512676789572,0.473552604960963,0.75187258860422,-5.59893298381482,FALSE
"Q92530","High_vs_Low",-0.103341892091196,8.05557693931165,-0.716450423757968,0.474100805462138,0.75187258860422,-5.74442105092645,FALSE
"A0A075B6R9;A0A0C4DH68","High_vs_Low",-0.105656682786693,7.98986937195485,-0.716287484946935,0.474234405985638,0.75187258860422,-5.71291676153496,FALSE
"P08514","High_vs_Low",-0.0813734551738357,12.1339082171125,-0.715467003691664,0.474642547514479,0.75187258860422,-5.80282199271787,FALSE
"P35268","High_vs_Low",-0.0906993476001441,8.02288120795457,-0.714586625614518,0.475260034858967,0.75187258860422,-5.70117421831802,FALSE
"A0A075B6K4","High_vs_Low",0.159671705606586,9.97547298687058,0.713582896398802,0.475838159362889,0.75187258860422,-5.74119945583625,FALSE
"P07900","High_vs_Low",-0.0662430776773135,10.2591200670229,-0.713490473783215,0.475863294333042,0.75187258860422,-5.80415764929065,FALSE
"P0DOX2","High_vs_Low",-0.0992284421277745,15.3709035027304,-0.71279573000536,0.476292792535995,0.75187258860422,-5.80462625237328,FALSE
"Q8WZA1","High_vs_Low",-0.0769864847364472,6.82017227991488,-0.712800383554327,0.476508003936481,0.75187258860422,-5.57662621552774,FALSE
"O75116","High_vs_Low",0.164732850538709,6.54490549881177,0.71204562362287,0.4768894814062,0.75187258860422,-5.65915088198142,FALSE
"Q3B726","High_vs_Low",-0.175335887681197,13.7559772498162,-0.711323439687569,0.477247101005289,0.75187258860422,-5.74838273600706,FALSE
"Q96IU4","High_vs_Low",0.109528204413801,6.31909406374234,0.711478917936083,0.477352513293144,0.75187258860422,-5.55065174821944,FALSE
"O15204","High_vs_Low",-0.0666139137941073,9.79362198276776,-0.710770625337986,0.47754594904113,0.75187258860422,-5.80598958143884,FALSE
"P0DOX8","High_vs_Low",-0.0894646961857148,16.3612820323272,-0.709769109033495,0.478166365966868,0.752237331825927,-5.80666238582531,FALSE
"P62899","High_vs_Low",0.168429226783609,7.75117447279648,0.708842852765007,0.479002346865725,0.752940325901851,-5.52276581296025,FALSE
"P12956","High_vs_Low",-0.191227229603413,6.94150462852522,-0.706358822072192,0.480521497969755,0.754715177411912,-5.52483672774598,FALSE
"P08581","High_vs_Low",0.097339351504381,7.14513897794442,0.703719599589034,0.481958472101683,0.756358186144977,-5.78357705966545,FALSE
"O75351","High_vs_Low",-0.0842602580084728,7.1122370299092,-0.701863195481582,0.483140224315289,0.757598325810442,-5.74413076826991,FALSE
"Q8IW75","High_vs_Low",-0.0998225921087359,6.73628459954926,-0.700987567625939,0.483824127188496,0.758056425999789,-5.5432640068408,FALSE
"P53004","High_vs_Low",0.0957665986674154,7.09591964115241,0.69866055280949,0.485119929605109,0.7594717344546,-5.75133404502901,FALSE
"P37837","High_vs_Low",0.0928301904988587,8.20036113124803,0.695329284434452,0.487166564414469,0.762059257996764,-5.80126789549405,FALSE
"Q9UQ16","High_vs_Low",0.0964208631076042,7.30226438455966,0.692465038431056,0.489018641301176,0.764338506395619,-5.74829658281866,FALSE
"Q13177","High_vs_Low",-0.0855685486885118,7.05355052394308,-0.691503562585785,0.48958873125355,0.76447453895374,-5.76947215085656,FALSE
"O00160","High_vs_Low",0.160283610129525,5.67306071509508,0.691340958768624,0.489895828580175,0.76447453895374,-5.59843665991371,FALSE
"P05164","High_vs_Low",-0.0994563450668924,6.49315639944791,-0.6893437447434,0.490980921613805,0.765550429752388,-5.73488485958409,FALSE
"O95498","High_vs_Low",-0.0809250248689546,7.71699451981414,-0.686085154222149,0.493025304578535,0.767546908300196,-5.73503710780763,FALSE
"O15144","High_vs_Low",0.1046679723383,8.186134411709,0.685382400676521,0.493423779399963,0.767546908300196,-5.80288047512688,FALSE
"Q5VVQ6","High_vs_Low",-0.0980774019202952,7.57173398415352,-0.685549970019533,0.493451345697904,0.767546908300196,-5.64296813599482,FALSE
"P40189","High_vs_Low",-0.0792950608379179,7.25429656041608,-0.682915343102543,0.494984709132772,0.768807315283495,-5.78848970871584,FALSE
"P13807","High_vs_Low",-0.112900622203467,6.06965961347345,-0.683224397134416,0.49505628674069,0.768807315283495,-5.51219158635624,FALSE
"Q06830","High_vs_Low",-0.0887068037414664,11.3367596012712,-0.680004076056421,0.49680534598541,0.77090484721874,-5.82622588733957,FALSE
"Q9H257","High_vs_Low",-0.184178626009306,8.43722520146887,-0.677986629524084,0.498325373842972,0.770981079114562,-5.52492768171469,FALSE
"P25311","High_vs_Low",-0.0824858693518742,9.7618582244991,-0.676959438179002,0.498733567277713,0.770981079114562,-5.82817986769363,FALSE
"Q6X4W1","High_vs_Low",-0.130211217283746,10.9331176444031,-0.676576347172317,0.499034759107823,0.770981079114562,-5.761132445018,FALSE
"Q9C0C9","High_vs_Low",-0.0998353772864604,8.5368587714068,-0.675538938681362,0.499636308716595,0.770981079114562,-5.82578680803538,FALSE
"P55786","High_vs_Low",0.0819298946281721,6.74050016139399,0.675578323964272,0.49964240165764,0.770981079114562,-5.78021154424489,FALSE
"P48507","High_vs_Low",-0.0896785121698001,7.71264370863107,-0.675281688708066,0.499864434624991,0.770981079114562,-5.75042252127585,FALSE
"P11940","High_vs_Low",-0.117689807490138,7.61099642323794,-0.675273468337973,0.499869651093821,0.770981079114562,-5.74519357583719,FALSE
"P28074","High_vs_Low",0.0951893228161342,7.05004282176703,0.675001910868973,0.500041991880504,0.770981079114562,-5.71027691687996,FALSE
"P47929","High_vs_Low",-0.112576017589364,8.1360520669455,-0.669965507940562,0.503232389933851,0.774346447852517,-5.72017207064584,FALSE
"P26447","High_vs_Low",-0.0701953428578559,10.5362318613705,-0.669730392089654,0.503327781810557,0.774346447852517,-5.83278424677088,FALSE
"Q9ULH1","High_vs_Low",0.128393353948138,5.91722654154772,0.669983678551535,0.503425235864841,0.774346447852517,-5.57629300471676,FALSE
"P35612","High_vs_Low",-0.138525970608423,7.88962892276645,-0.668070606985219,0.504425379442724,0.775268553790048,-5.77159144954357,FALSE
"O43681","High_vs_Low",-0.111803902849882,7.46445632411487,-0.664634901684161,0.506634168038923,0.77713129408455,-5.73538238234432,FALSE
"A0A0B4J1V6","High_vs_Low",0.147255663033777,8.62973365739127,0.66467149098108,0.506698889522211,0.77713129408455,-5.63725209214091,FALSE
"O43747","High_vs_Low",0.129152838824766,5.89190406518011,0.664631244786391,0.506842218674265,0.77713129408455,-5.57136009385872,FALSE
"Q9Y2V2","High_vs_Low",-0.0952055322892633,8.03937772624514,-0.663155657303348,0.507553545130696,0.777605787670544,-5.78536879511997,FALSE
"O75390","High_vs_Low",0.151701520545412,7.25897432547185,0.662539305704896,0.508113922871868,0.777848449966032,-5.62822285472595,FALSE
"P62195","High_vs_Low",-0.0941382381248088,7.24899209355074,-0.66077081445514,0.509076602629045,0.778706107578817,-5.80154806405136,FALSE
"P39656","High_vs_Low",0.132782679442684,7.12686495952121,0.658768247955813,0.510545638900361,0.780298526301335,-5.6146952275376,FALSE
"Q9Y6F6","High_vs_Low",0.142168719610651,5.97489675338586,0.65811868900303,0.510924151330125,0.780298526301335,-5.60365313316424,FALSE
"O95236","High_vs_Low",0.121272176129089,9.04459205449546,0.65474592127141,0.512969974166504,0.781881792459973,-5.74631884307172,FALSE
"P42892","High_vs_Low",-0.105737831129981,6.43601421029741,-0.65442784191368,0.513292665330435,0.781881792459973,-5.66437356543943,FALSE
"P04350","High_vs_Low",-0.081003097380524,9.3406841749838,-0.653107316301806,0.514001401284351,0.781881792459973,-5.79439158625587,FALSE
"P62942","High_vs_Low",0.0732159439799513,7.93440616698103,0.651768191413231,0.514855968682862,0.781881792459973,-5.81348491030748,FALSE
"Q9C0H2","High_vs_Low",-0.145126897640718,7.32109628955087,-0.65180425524468,0.514965823453214,0.781881792459973,-5.69254139403144,FALSE
"P53396","High_vs_Low",0.110414595020078,7.43840067258746,0.651526539426993,0.515020065532944,0.781881792459973,-5.8090198943184,FALSE
"Q00013","High_vs_Low",-0.0938439258504697,8.71954982252292,-0.65093489088602,0.515382520337804,0.781881792459973,-5.83584341142197,FALSE
"Q9H8W4","High_vs_Low",-0.107266126893631,7.44012502752499,-0.650787756752504,0.515666279943947,0.781881792459973,-5.59988433656342,FALSE
"P19013","High_vs_Low",-0.0770485628792521,12.9792234996586,-0.649903905038175,0.516042651841845,0.781881792459973,-5.84475920387735,FALSE
"P00488","High_vs_Low",0.0749484891167835,10.2655126239926,0.649386805324834,0.516375922560926,0.781881792459973,-5.84547681626222,FALSE
"P14735","High_vs_Low",-0.0806421031023268,6.57186604549176,-0.649386154472503,0.516421197372565,0.781881792459973,-5.76937320279718,FALSE
"Q9H0U4","High_vs_Low",-0.0707214504728881,9.08255893679801,-0.648483539250125,0.516959317745365,0.781881792459973,-5.84603131174785,FALSE
"Q9NYU2","High_vs_Low",-0.0589027674753453,8.06153766167807,-0.647579657935958,0.517544006423546,0.781881792459973,-5.84604335912918,FALSE
"Q96DR8","High_vs_Low",-0.107660958387426,9.06052548010902,-0.647547780371113,0.517617868806835,0.781881792459973,-5.72024414606882,FALSE
"P11169","High_vs_Low",0.112908498930041,7.6118824380245,0.644119196045808,0.519895572789495,0.784709776402241,-5.73265200642605,FALSE
"Q01433","High_vs_Low",0.137205262585915,6.37671179377239,0.643400789704179,0.520491524781612,0.784996960602041,-5.59109547392492,FALSE
"P54578","High_vs_Low",0.0909501066438345,8.16321289748288,0.640529413485298,0.522124544595794,0.786846568374503,-5.83449385403155,FALSE
"P25705","High_vs_Low",-0.132353833921163,7.65840412746712,-0.638107691630957,0.52372142314818,0.788638874546093,-5.79893985828062,FALSE
"P0DP23;P0DP24;P0DP25","High_vs_Low",-0.0603969451732169,9.90508370868013,-0.636755739301783,0.524565495324108,0.789295671424688,-5.852657549002,FALSE
"P18669","High_vs_Low",0.0844983456742785,7.67957005667091,0.634214857653487,0.52624557202619,0.790866940617865,-5.79754455231078,FALSE
"O60884","High_vs_Low",-0.107258789158558,6.94074786911074,-0.634162321224879,0.526427193548223,0.790866940617865,-5.65225660575733,FALSE
"Q16531","High_vs_Low",-0.102120097796563,6.30768378397294,-0.63224715216202,0.527628346646123,0.792056517269393,-5.68199372294283,FALSE
"P17987","High_vs_Low",-0.0895418327762707,7.29588099044236,-0.630710577339898,0.528528994888704,0.792793492333056,-5.82976216957643,FALSE
"P69892","High_vs_Low",-0.122760491280923,10.4876884182868,-0.629433849901606,0.529357496306693,0.793421189274556,-5.843805914044,FALSE
"O60476","High_vs_Low",-0.0558265132143605,7.90455290197019,-0.626013055316848,0.53158614119779,0.795274047317454,-5.8494663967217,FALSE
"P09486","High_vs_Low",-0.0788691698382298,10.4959586609223,-0.625943751636811,0.531627248500892,0.795274047317454,-5.8596184842149,FALSE
"P0DOX7","High_vs_Low",0.063288330349863,13.6163596429041,0.62563950665802,0.531826675570432,0.795274047317454,-5.85979860350229,FALSE
"Q13586","High_vs_Low",0.121077932738335,7.05660103197077,0.624847849473729,0.532465065761853,0.795613824130646,-5.70325487268885,FALSE
"P48357","High_vs_Low",-0.0781158827949531,6.79747225350356,-0.622804048799342,0.533874833307799,0.796061372315803,-5.66432664525917,FALSE
"Q86SQ4","High_vs_Low",-0.0453719618510213,7.91326394209216,-0.622290699952278,0.5340242668001,0.796061372315803,-5.86177538854553,FALSE
"Q9Y4C0","High_vs_Low",-0.122449620374026,7.01749812210814,-0.622392051597084,0.534204470896754,0.796061372315803,-5.50859364149167,FALSE
"Q15181","High_vs_Low",0.111918644444483,7.12767136440971,0.621225024241198,0.534848532846815,0.796061372315803,-5.69793831318941,FALSE
"P61158","High_vs_Low",-0.0783070052876349,7.72470077544232,-0.621011608755327,0.534872427495968,0.796061372315803,-5.84873467256726,FALSE
"P30613","High_vs_Low",0.0650030098815328,10.1393056742847,0.62045416288219,0.535232995029902,0.796061372315803,-5.85990515879591,FALSE
"P12429","High_vs_Low",0.167208498585786,7.17358991754891,0.618731609554926,0.536463368235326,0.796450363722614,-5.70004170286435,FALSE
"P06748","High_vs_Low",0.126249276348992,6.86879475217085,0.61865156239699,0.536614521400409,0.796450363722614,-5.57933537778007,FALSE
"O00161","High_vs_Low",-0.0953623196648552,7.30420776889931,-0.618302196408558,0.536729340720563,0.796450363722614,-5.73912671699558,FALSE
"Q99460","High_vs_Low",0.0925565532769692,7.44070286430006,0.615444894834564,0.538580928775522,0.798065745863039,-5.79228207959756,FALSE
"O75531","High_vs_Low",-0.0822816886523157,7.23702989142694,-0.615341291577584,0.538642823822806,0.798065745863039,-5.78967573721174,FALSE
"Q14644","High_vs_Low",0.0904849105493737,6.77190884778427,0.613632291275555,0.539772196615123,0.798820593464792,-5.80166688851805,FALSE
"P07437","High_vs_Low",-0.0756389495488818,10.2259459559853,-0.613253787310399,0.539977951551394,0.798820593464792,-5.86655291419176,FALSE
"Q8IUD2","High_vs_Low",0.0865264369801402,7.76491069682511,0.612514368386422,0.540659119279566,0.799217261883851,-5.593450044464,FALSE
"Q07960","High_vs_Low",0.0727063096359792,7.91996207824323,0.610043489650927,0.542105493416908,0.800743610505128,-5.85980460226192,FALSE
"P01593;P01594","High_vs_Low",0.0966549636057614,8.79704312383054,0.609234184382318,0.542741571400172,0.801071655727943,-5.7611174675765,FALSE
"P46459","High_vs_Low",0.0945725660333174,7.17099264976762,0.605166308101272,0.545355364191242,0.804316028742418,-5.8323051730153,FALSE
"Q96QR1","High_vs_Low",-0.0673710940871448,10.4275843966354,-0.603255699147475,0.546617415385491,0.805480715351439,-5.84529943515526,FALSE
"O75558","High_vs_Low",-0.103467009941462,6.54892422958396,-0.602527209917328,0.547163363955221,0.805480715351439,-5.77680175167734,FALSE
"O60256","High_vs_Low",-0.0886825519571603,6.6279478690241,-0.601370717385218,0.547959829585609,0.805480715351439,-5.73547916198001,FALSE
"Q12884","High_vs_Low",-0.0656186182516603,6.43749026457797,-0.601115853952859,0.54818503066493,0.805480715351439,-5.60039309940746,FALSE
"O43852","High_vs_Low",-0.0715932538455437,11.7898510912097,-0.600813980277614,0.548226409363228,0.805480715351439,-5.87420118078596,FALSE
"P52209","High_vs_Low",0.0838002063152867,8.29404794871757,0.597319264034572,0.550561681318985,0.807504822841664,-5.85968975340917,FALSE
"O43491","High_vs_Low",-0.0736409465976653,7.3273107517035,-0.59716799615315,0.55068933340476,0.807504822841664,-5.82185936107135,FALSE
"Q9HBR0","High_vs_Low",-0.0858876911874429,6.63249361795115,-0.596743387655897,0.551137110431077,0.807504822841664,-5.56192034500093,FALSE
"O00159","High_vs_Low",-0.0789006216270591,6.27823979099093,-0.595807528404119,0.551668545260675,0.807504822841664,-5.76024416819704,FALSE
"P24387","High_vs_Low",-0.0693251574380511,7.92401019125453,-0.595795940927757,0.551690633486656,0.807504822841664,-5.70893506747624,FALSE
"Q14166","High_vs_Low",-0.118612222292006,6.52491330051044,-0.593343464399148,0.553348678948101,0.809319496420692,-5.6769448942351,FALSE
"Q9UEY8","High_vs_Low",0.0864781726130257,5.72757615181464,0.592286643156649,0.554130668636074,0.809851090491544,-5.63251111086655,FALSE
"Q9NPH3","High_vs_Low",-0.0719572668318733,8.44718366395668,-0.591126712800493,0.554700244976839,0.80999968777635,-5.86157013689594,FALSE
"P61020","High_vs_Low",-0.0641904456848907,7.14228459781321,-0.590353672419429,0.555236972823048,0.80999968777635,-5.83188363223534,FALSE
"O00410","High_vs_Low",-0.0824614269421362,6.20982297636754,-0.590031166978745,0.555488157973755,0.80999968777635,-5.78285150893732,FALSE
"P37840","High_vs_Low",-0.097762907414058,9.39023301811042,-0.587732080420953,0.556968483773252,0.810851556262511,-5.88105154118426,FALSE
"P35749","High_vs_Low",0.117041569299843,9.52261335525981,0.587723550668903,0.557057528727945,0.810851556262511,-5.76588984854003,FALSE
"P0DOX4","High_vs_Low",0.106503219219402,8.73679865464283,0.587387270007865,0.557329493451752,0.810851556262511,-5.7150049987879,FALSE
"P16401","High_vs_Low",0.0920151377566309,9.24382771811394,0.585595791501864,0.558405427160436,0.81167425774461,-5.88095906865598,FALSE
"Q01082","High_vs_Low",-0.127291186811251,8.15928146362381,-0.5851224162895,0.558733907656755,0.81167425774461,-5.85705217187241,FALSE
"O95744","High_vs_Low",-0.101888720098081,10.5962809379502,-0.58390240939351,0.559588244358639,0.812042735780674,-5.80074870817948,FALSE
"O75367","High_vs_Low",0.12093163625029,8.04775433390786,0.583567939949603,0.559826878310811,0.812042735780674,-5.77451187541289,FALSE
"P06703","High_vs_Low",-0.0656856710146734,9.97961459786878,-0.582284784542112,0.560629428904155,0.812189313464438,-5.88301493790965,FALSE
"Q9H4B7","High_vs_Low",0.108826425521759,9.61681593635641,0.582079771066156,0.560767401957876,0.812189313464438,-5.88348824189962,FALSE
"P40926","High_vs_Low",0.0841000923521706,7.49357944528041,0.58119165756875,0.561402565499207,0.812501095169009,-5.82257777802035,FALSE
"Q99747","High_vs_Low",-0.0973898304053202,5.80841318172076,-0.580296355650302,0.562108967166877,0.812517965444704,-5.6774534770498,FALSE
"P23396","High_vs_Low",-0.0806899542621977,6.77719998723335,-0.580025134902715,0.562254033969229,0.812517965444704,-5.71888681760385,FALSE
"P55010","High_vs_Low",-0.0881469360060105,7.92805363114097,-0.578058973125687,0.563525121160794,0.812883837076911,-5.80161351361187,FALSE
"O00203","High_vs_Low",0.121733164406605,6.22120664395101,0.577615268936052,0.563969714859649,0.812883837076911,-5.64807740350661,FALSE
"Q96FW1","High_vs_Low",0.125849348269139,6.32403797927061,0.577234638267132,0.564170370305496,0.812883837076911,-5.68367153544387,FALSE
"P54725","High_vs_Low",-0.125478577553738,7.22289088514897,-0.576948349355338,0.564413543921248,0.812883837076911,-5.63400790501977,FALSE
"P35900","High_vs_Low",-0.0747742747740041,8.0228139774835,-0.576578277723756,0.564609804963893,0.812883837076911,-5.71450179655432,FALSE
"P30153","High_vs_Low",-0.0687060282511371,7.7896444349277,-0.575322021178383,0.565330519565884,0.812883837076911,-5.87387285500837,FALSE
"O14744","High_vs_Low",-0.085451047269955,7.06075688054146,-0.57534730551916,0.565447878400787,0.812883837076911,-5.63302890626467,FALSE
"O00151","High_vs_Low",0.103674750210168,9.42881383333041,0.573456604378991,0.566598373308585,0.813074354561079,-5.86671155564694,FALSE
"P52565","High_vs_Low",0.0569185979129205,7.87582076481497,0.572851865472395,0.567004827264145,0.813074354561079,-5.86808616299916,FALSE
"O15117","High_vs_Low",-0.0967540852137247,6.78928149764094,-0.572573336336012,0.567230421796519,0.813074354561079,-5.79257787449211,FALSE
"P26641","High_vs_Low",-0.089043430385658,7.35215954676175,-0.572208061944668,0.56744916998413,0.813074354561079,-5.85267515070373,FALSE
"Q9BXD5","High_vs_Low",-0.0676266191869725,6.56248598085661,-0.572003057122374,0.567681371065642,0.813074354561079,-5.72729041179452,FALSE
"A0A0C4DH31","High_vs_Low",0.115222887361556,7.9112051431412,0.569719281793467,0.569213338152613,0.814658783572655,-5.70953942799567,FALSE
"Q9NX62","High_vs_Low",0.0776886888673749,6.87922377053409,0.569225600327288,0.569629630063981,0.814658783572655,-5.61280978797874,FALSE
"P13796","High_vs_Low",0.0531471538093626,10.4338015386787,0.56689746462692,0.571029149709289,0.815051961992266,-5.89293681341623,FALSE
"P01701","High_vs_Low",0.099740833348875,12.7768259675304,0.566765980216879,0.571119849907657,0.815051961992266,-5.89089284468943,FALSE
"O60610","High_vs_Low",-0.0906478613041344,7.52951399127403,-0.566732056823445,0.571168196620937,0.815051961992266,-5.85813593871746,FALSE
"P60709","High_vs_Low",0.0805035080329777,14.174590185557,0.565840303744344,0.571747115698517,0.815276837786758,-5.89350332667382,FALSE
"P14780","High_vs_Low",-0.0746865854139127,8.19688136185422,-0.559582374756592,0.576007356816443,0.820477813922286,-5.8960283406905,FALSE
"Q6IAA8","High_vs_Low",-0.064239593927705,7.16999721651782,-0.559286979343798,0.576242557684954,0.820477813922286,-5.82977231337033,FALSE
"O75144","High_vs_Low",-0.0601890440600421,8.10358333554145,-0.556470000960281,0.578139784569825,0.82127802649161,-5.86594759926336,FALSE
"P68431","High_vs_Low",-0.0683498622067269,10.8600713555101,-0.556247767968478,0.578281435760936,0.82127802649161,-5.89859552449048,FALSE
"P02750","High_vs_Low",0.127419400851561,9.85234448009057,0.556061184983989,0.578408882261069,0.82127802649161,-5.89869370995654,FALSE
"Q9P1T7","High_vs_Low",-0.187624868131838,11.9066557687559,-0.556091165327063,0.578502299797449,0.82127802649161,-5.72219297531121,FALSE
"P06312","High_vs_Low",-0.0852358643846092,12.0200099772002,-0.554320904188984,0.57959822761033,0.821396736061659,-5.89960791256861,FALSE
"P35542","High_vs_Low",-0.04178521600811,14.933962285977,-0.554224101085115,0.579664418704329,0.821396736061659,-5.89965868105259,FALSE
"P68371","High_vs_Low",-0.0707858126324012,10.4026087253665,-0.553654140706786,0.580054212814358,0.821396736061659,-5.89995741777275,FALSE
"A0A024R1R8;Q9Y2S6","High_vs_Low",-0.0962782446439814,8.38005005730503,-0.553602853604532,0.580283895708676,0.821396736061659,-5.58902396753702,FALSE
"P34932","High_vs_Low",-0.0631866891512871,7.10778220904259,-0.551406721725985,0.581611191496417,0.822673724814011,-5.86157745543052,FALSE
"P25787","High_vs_Low",0.0692583100994915,7.30782554511457,0.547870180035759,0.584049390465156,0.824385563946204,-5.83875506418955,FALSE
"Q70J99","High_vs_Low",0.108712674955055,6.94766095044536,0.547753202661794,0.584213997389369,0.824385563946204,-5.73138842203782,FALSE
"P06331","High_vs_Low",-0.0846069511528462,11.5980292995244,-0.547227512006529,0.584458779830972,0.824385563946204,-5.89944338972047,FALSE
"Q9Y2A7","High_vs_Low",0.119125901592676,5.99801214149613,0.547345920472734,0.584525578157205,0.824385563946204,-5.68444734941246,FALSE
"P55160","High_vs_Low",-0.0727653710823377,6.81640458209073,-0.542569606990009,0.587704962358605,0.827309493539003,-5.82601938083173,FALSE
"P49593","High_vs_Low",0.0931033593103763,5.81293792723109,0.541931051818449,0.588264903843709,0.827309493539003,-5.66793888781555,FALSE
"Q5T013","High_vs_Low",0.136196177892849,9.95536805665673,0.54193296274393,0.588267581963248,0.827309493539003,-5.61591922332814,FALSE
"A0A0B4J1V0","High_vs_Low",-0.0832846633631501,10.0108307030314,-0.541515732310338,0.588392141076263,0.827309493539003,-5.88422486272244,FALSE
"Q13822","High_vs_Low",0.0739881629227215,7.4267153431575,0.540484577742774,0.589146325649229,0.827309493539003,-5.8025845313666,FALSE
"P48426","High_vs_Low",0.074473119730051,7.41857740103592,0.540414708900826,0.589164073435011,0.827309493539003,-5.87099705629496,FALSE
"Q07020","High_vs_Low",-0.0859352958864132,7.37113341741622,-0.538977916751876,0.590211569527039,0.827655198877519,-5.77399287605097,FALSE
"P30043","High_vs_Low",-0.0830427434726175,9.76574747147828,-0.538786034675438,0.590265723230479,0.827655198877519,-5.90764186572099,FALSE
"Q9UIB8","High_vs_Low",-0.0866251583112341,7.20787573734887,-0.537486481669508,0.591259559511567,0.828448405253354,-5.74098861909013,FALSE
"P31949","High_vs_Low",-0.0551985055473985,7.98522564290419,-0.535967863457432,0.592217425806134,0.828972373238949,-5.89226258511492,FALSE
"Q15102","High_vs_Low",-0.0859978893281896,7.30233368615979,-0.535798299226393,0.592490331880861,0.828972373238949,-5.66939694546422,FALSE
"P15169","High_vs_Low",-0.0755405610003628,11.7112089566281,-0.532987986152968,0.594270237931843,0.830548635013106,-5.910581913227,FALSE
"Q9BTT0","High_vs_Low",-0.0637854062447136,7.30336633838726,-0.532744620042164,0.594475379583024,0.830548635013106,-5.83405118380585,FALSE
"Q14766","High_vs_Low",-0.0776624801981249,12.3736337899634,-0.53036978203978,0.596082615841645,0.832056828613524,-5.91189912668405,FALSE
"P62805","High_vs_Low",-0.0660123293508619,12.673943238704,-0.529890159297878,0.596414894721942,0.832056828613524,-5.91213972180986,FALSE
"P62333","High_vs_Low",-0.0677715385174436,7.97530198225185,-0.527795784754418,0.597904419996681,0.833363990092977,-5.84369811661264,FALSE
"P08519","High_vs_Low",-0.073025159280574,16.033889218948,-0.527296506767179,0.598213220795424,0.833363990092977,-5.91343701939553,FALSE
"A0A0B4J1X5","High_vs_Low",-0.0970245760358992,12.4634443026714,-0.524146410352415,0.600402414974185,0.835811994946077,-5.91043844916207,FALSE
"P68036","High_vs_Low",-0.0685148599352852,7.55258159740409,-0.521662659590638,0.602175988982323,0.837481951105058,-5.81024178816153,FALSE
"Q92526","High_vs_Low",-0.0719154238260753,8.81965963508825,-0.521308387823454,0.602467636143794,0.837481951105058,-5.75473548689708,FALSE
"P49755","High_vs_Low",-0.0882523896476588,6.79098066961031,-0.519976345971353,0.603454135450888,0.837717130586038,-5.70786404722407,FALSE
"P02818","High_vs_Low",0.0974852267479491,8.30281748623353,0.519136218260021,0.604014214633462,0.837717130586038,-5.64792036424899,FALSE
"P53999","High_vs_Low",0.0686940399676743,7.93823941519382,0.518909541730067,0.604135268659845,0.837717130586038,-5.74355627767192,FALSE
"P07996","High_vs_Low",0.0631405367093905,16.5819902692783,0.51844563307343,0.604368534520987,0.837717130586038,-5.91781619327458,FALSE
"P26927","High_vs_Low",-0.0872604361687337,8.45385196556875,-0.515765941154972,0.606242931584148,0.839713724134091,-5.90633714901083,FALSE
"Q9NP72","High_vs_Low",-0.0690693579789103,6.85917119828735,-0.515116527600022,0.606768340059292,0.839840299009106,-5.78335385659426,FALSE
"P55060","High_vs_Low",0.0628824143890316,12.5386728009525,0.512365057964849,0.608613702006128,0.841564483281694,-5.92078178843358,FALSE
"Q13093","High_vs_Low",0.0715068016088178,7.44067465193673,0.512061669206577,0.60888386387306,0.841564483281694,-5.8131372716284,FALSE
"P16284","High_vs_Low",-0.0438212002016094,9.20274295933561,-0.50967026245843,0.610499747552067,0.843155051324758,-5.92157768386526,FALSE
"P68363","High_vs_Low",0.0695987175352002,10.5568844341365,0.509089364073733,0.610906140546414,0.843155051324758,-5.92236491210149,FALSE
"P40925","High_vs_Low",-0.11931147657554,9.4143977359838,-0.507167632568237,0.612265584648712,0.844429013752856,-5.89609394300154,FALSE
"P49721","High_vs_Low",0.0645457035012322,7.08669169987332,0.504995034719893,0.613823744032653,0.845975031839875,-5.82461588598823,FALSE
"O15511","High_vs_Low",-0.0673846737979638,8.30628126223007,-0.502789097497858,0.615336386979115,0.84688851802134,-5.90506742472158,FALSE
"P05543","High_vs_Low",0.0486126110001752,9.61578474060375,0.502738064752354,0.615361889580364,0.84688851802134,-5.92540555824723,FALSE
"P48444","High_vs_Low",0.099287752777939,5.99755330259027,0.501646647289168,0.616301305621054,0.847338983697432,-5.64001674372591,FALSE
"P28072","High_vs_Low",0.0521039612558596,7.45889430859989,0.501052556525751,0.616565007258907,0.847338983697432,-5.87664469969697,FALSE
"Q9NQW7","High_vs_Low",0.078540760706435,6.04431918135717,0.498736498347955,0.61829877327971,0.849024524628685,-5.70932212697844,FALSE
"Q8WZA0","High_vs_Low",-0.0855207219118697,5.94641856853859,-0.498251159994794,0.61866903345036,0.849024524628685,-5.70352532554556,FALSE
"Q8IYI6","High_vs_Low",0.0570317658311978,8.77637543573808,0.495989387203339,0.620142162186784,0.850443007676419,-5.8499620001362,FALSE
"Q16401","High_vs_Low",-0.0642728023589783,6.83479155289181,-0.494629784011089,0.621099408077695,0.851152517443584,-5.85348835898256,FALSE
"P02655","High_vs_Low",-0.0376308458367483,16.9610412985901,-0.490195847086089,0.624202658969315,0.854799819607661,-5.93129806200514,FALSE
"Q13228","High_vs_Low",0.0753894952732423,7.9599001279453,0.488805334884862,0.625192763889076,0.855550210838304,-5.91489424178018,FALSE
"P18577","High_vs_Low",-0.0789655377084717,9.71054162221855,-0.487709608532683,0.625968240131486,0.855619923468657,-5.91354906053399,FALSE
"P35858","High_vs_Low",-0.0402501881094341,12.4726178298046,-0.487196934869723,0.626324663228229,0.855619923468657,-5.93268496110416,FALSE
"Q9UBC2","High_vs_Low",-0.0885114799128122,6.14916254109631,-0.486532979948383,0.626895991217817,0.855619923468657,-5.75655029188675,FALSE
"O00487","High_vs_Low",0.0786965816188134,8.01039292476217,0.486270389083081,0.62701242970468,0.855619923468657,-5.8516225938484,FALSE
"Q16820","High_vs_Low",-0.0663879905424407,7.16290363323348,-0.483711022280444,0.628911255961164,0.85760625812886,-5.7233737356521,FALSE
"P31948","High_vs_Low",0.0702875829958316,8.38158587049783,0.482613182186767,0.629577276541687,0.857909880357862,-5.92592415987461,FALSE
"Q9NPR2","High_vs_Low",-0.0635314898091854,7.01231988982801,-0.481049766959281,0.630811382722209,0.858986647127006,-5.71623846681175,FALSE
"P04080","High_vs_Low",-0.0682085243804478,7.17973564655101,-0.479392234744222,0.631947077573084,0.859927985305146,-5.77042132383433,FALSE
"Q15365","High_vs_Low",0.0602190625818455,7.87666505052746,0.477174245677891,0.633452753637409,0.861371102100061,-5.90072369209946,FALSE
"P04211","High_vs_Low",-0.0695425585016949,11.7793256600343,-0.475407289827663,0.634698058608367,0.86245838722415,-5.93617899035201,FALSE
"P17931","High_vs_Low",0.0512523161654013,6.55829085477536,0.472324844007598,0.63694348728836,0.863973688491839,-5.84590940881204,FALSE
"Q07955","High_vs_Low",0.0695156854336396,6.81350330394375,0.472298677440747,0.637009187517322,0.863973688491839,-5.75120585845552,FALSE
"P22234","High_vs_Low",-0.0621007214678908,7.18792767955495,-0.472018544126539,0.637152689135842,0.863973688491839,-5.85430397069416,FALSE
"P08237","High_vs_Low",-0.0680658133865997,7.00716861558973,-0.470531974843314,0.638229840767584,0.864467040381539,-5.83266279729997,FALSE
"P04217","High_vs_Low",0.103325693988863,12.4061879138691,0.470199720913512,0.638410026204248,0.864467040381539,-5.94038495026158,FALSE
"P02746","High_vs_Low",0.0830010195852999,11.5328830290063,0.468598492126251,0.639553580249704,0.864775243177894,-5.94109625214783,FALSE
"P62993","High_vs_Low",0.0688733631260074,6.88449824470963,0.468490006675708,0.639692939975546,0.864775243177894,-5.81225193545897,FALSE
"P84077","High_vs_Low",0.0505075759077727,10.1061140627285,0.468003997386771,0.639978371178679,0.864775243177894,-5.94135972298433,FALSE
"P35579","High_vs_Low",0.0829667176482314,10.4092629794847,0.466316632030301,0.641184707545979,0.865156353116797,-5.9421057168135,FALSE
"P37802","High_vs_Low",0.0803263583965759,9.39007492845621,0.465035522048443,0.642101993500304,0.865156353116797,-5.94161627899163,FALSE
"P27105","High_vs_Low",-0.0650529152353041,9.47965337019592,-0.464788807611923,0.642278181742995,0.865156353116797,-5.94046557771053,FALSE
"Q9NVA2","High_vs_Low",0.0950678143142696,7.44305260783859,0.4647407301656,0.642416775101785,0.865156353116797,-5.771530286207,FALSE
"Q9UQ80","High_vs_Low",-0.0748864521809853,7.93606537660454,-0.464336232979397,0.64261120817461,0.865156353116797,-5.918790842434,FALSE
"P31939","High_vs_Low",-0.0639210535574088,6.79865240397173,-0.463574020405584,0.643176345120354,0.865156353116797,-5.87797065027152,FALSE
"P28289","High_vs_Low",-0.0905628778088525,7.65445496867532,-0.463329705642293,0.64339017681399,0.865156353116797,-5.79325218082332,FALSE
"P22692","High_vs_Low",-0.0488627854074881,13.9947803247076,-0.462324898124846,0.644044924063208,0.865435366709935,-5.93368772922141,FALSE
"P04843","High_vs_Low",0.0949567188476674,6.50005296890544,0.461082132927936,0.645053353977604,0.865891032982685,-5.7450422896764,FALSE
"Q5SSJ5","High_vs_Low",-0.0669505582882044,7.16466117614171,-0.460826289445102,0.645279002357122,0.865891032982685,-5.65944759050687,FALSE
"Q16851","High_vs_Low",-0.0653679925122521,7.15142336863919,-0.458920834648608,0.646506590962168,0.866392530261401,-5.8957003668524,FALSE
"A0A0A0MS15","High_vs_Low",0.0771501912947254,10.9331869761128,0.45765752436746,0.647391322225288,0.866392530261401,-5.94361752069734,FALSE
"P45974","High_vs_Low",-0.0632806436232762,8.16209353383466,-0.45741399556032,0.64756885523658,0.866392530261401,-5.9372222442571,FALSE
"P48729","High_vs_Low",0.0823111516244177,6.91801602503175,0.457564177200116,0.64760406676646,0.866392530261401,-5.68651370635247,FALSE
"P02647","High_vs_Low",0.0412579600790224,17.2948546553064,0.456959574578744,0.64789146836602,0.866392530261401,-5.94619366723476,FALSE
"P50995","High_vs_Low",0.0784006728019575,7.01481876405097,0.455226257468686,0.649202719026293,0.867546451184997,-5.82050829377786,FALSE
"P01742","High_vs_Low",0.0931374554511528,8.4538739425558,0.453920716931654,0.650183784181022,0.868257848440495,-5.74477689442745,FALSE
"P01703","High_vs_Low",-0.0680674395080825,10.6053858849787,-0.452768058016545,0.650907730774192,0.868625144171077,-5.94166299371267,FALSE
"Q9UKN7","High_vs_Low",-0.0417167365108657,11.8195973813472,-0.451277220985843,0.651979523800498,0.869219143639595,-5.94743105407391,FALSE
"P21291","High_vs_Low",-0.0524984897820282,8.92737837303985,-0.450901978096028,0.652251264374518,0.869219143639595,-5.94245355743111,FALSE
"P02747","High_vs_Low",0.0734507516717269,12.4027070874143,0.449802024640887,0.653041164404349,0.869423617174592,-5.94926480195993,FALSE
"P05160","High_vs_Low",-0.0634989784034534,10.9060281251502,-0.449438767347382,0.653303327840753,0.869423617174592,-5.94926863804771,FALSE
"P36955","High_vs_Low",-0.0497732828964796,12.433505351928,-0.448652938428456,0.653869460921735,0.869578973803132,-5.949753334628,FALSE
"P08779","High_vs_Low",-0.0813110462271744,10.4071294344381,-0.447096184853263,0.654995595200256,0.870143982861411,-5.93446642452495,FALSE
"Q99439","High_vs_Low",0.076778688243909,7.57163938586845,0.446501369088664,0.655450129299387,0.870143982861411,-5.89035541421553,FALSE
"P02774","High_vs_Low",-0.0731422995382918,13.6123337445535,-0.446194002692784,0.655643373132784,0.870143982861411,-5.95079455354209,FALSE
"P47914","High_vs_Low",-0.0762678625519486,6.89005173285318,-0.445254768918416,0.656433405170357,0.870595366007294,-5.66969142979785,FALSE
"P01857","High_vs_Low",0.0570752990944232,15.6503950284986,0.443107662475232,0.657872663365085,0.871906577816054,-5.95209335031162,FALSE
"O14602;P47813","High_vs_Low",-0.0620454613819632,7.68609962375143,-0.441744731348615,0.658872652117974,0.872511939751379,-5.90621725913984,FALSE
"P56537","High_vs_Low",0.122489110125435,7.66007050667829,0.441399134100291,0.659231243367708,0.872511939751379,-5.68238625537128,FALSE
"P11413","High_vs_Low",0.0687743233409437,7.27939671100416,0.439123508206405,0.660770668281804,0.873453089629645,-5.91686343136374,FALSE
"Q99941","High_vs_Low",-0.0576372100536178,6.95913347561759,-0.436653376265095,0.662707213292864,0.873453089629645,-5.62238259370506,FALSE
"P01860","High_vs_Low",0.0721897199122044,13.5268326662248,0.436155537421685,0.662905410478149,0.873453089629645,-5.95498595230028,FALSE
"Q14624","High_vs_Low",-0.0487618281641957,15.3913001162041,-0.436015276521329,0.663007105631099,0.873453089629645,-5.95504384091188,FALSE
"P61224","High_vs_Low",-0.0524843119528082,12.4679114084468,-0.435907523005574,0.663085235770589,0.873453089629645,-5.9550883004084,FALSE
"O14818","High_vs_Low",-0.0535539605347246,8.47861810806225,-0.435881183656863,0.663107176119629,0.873453089629645,-5.94530355901551,FALSE
"P05198","High_vs_Low",0.0619416532269073,6.91544542132137,0.435827096347508,0.663197554060874,0.873453089629645,-5.83467852015782,FALSE
"P30044","High_vs_Low",0.0638327511351324,7.52641254497419,0.435287858188785,0.663553509951203,0.873453089629645,-5.91870610431756,FALSE
"Q8WVM8","High_vs_Low",-0.0967482963108131,7.00495335731023,-0.432965637619443,0.665309077480118,0.874553651170102,-5.77916252381301,FALSE
"O14498","High_vs_Low",-0.0357013854611896,8.01457649874124,-0.432843103203842,0.66532376601457,0.874553651170102,-5.92649585588888,FALSE
"Q86XI8","High_vs_Low",0.0744366638543177,8.75732049671421,0.432367657020098,0.665745492596155,0.874553651170102,-5.77014570364653,FALSE
"Q8N1G4","High_vs_Low",-0.0708156797641504,5.99286683234253,-0.430818953277433,0.666902788298296,0.8747503772712,-5.69966261149549,FALSE
"O95747","High_vs_Low",-0.0544637429905439,8.25093890859041,-0.430335364216552,0.667140703230448,0.8747503772712,-5.92901395780079,FALSE
"O00139","High_vs_Low",-0.0936048756039707,6.42837088441856,-0.42871467091737,0.668454120899568,0.8747503772712,-5.72313208218374,FALSE
"Q93084","High_vs_Low",0.0924230541594291,8.0537459617487,0.428381441557299,0.668594857261714,0.8747503772712,-5.85796052160836,FALSE
"P03956","High_vs_Low",-0.0713432980048037,6.29968044662274,-0.427992368254688,0.668962191163569,0.8747503772712,-5.70531491670403,FALSE
"P10643","High_vs_Low",-0.0569198037408452,12.0970092931249,-0.427319589339178,0.669323950453908,0.8747503772712,-5.95859640171627,FALSE
"Q9NT62","High_vs_Low",-0.0463482528348864,7.65226404282489,-0.426662731633155,0.669813718958424,0.8747503772712,-5.92012592793781,FALSE
"P51858","High_vs_Low",0.0786751355275852,7.57601454822612,0.426692335773796,0.669836752517402,0.8747503772712,-5.80824929119887,FALSE
"O60814;P57053;P58876;P62807;Q5QNW6;Q93079;Q99877;Q99879","High_vs_Low",0.0527500120391657,12.3550016592123,0.425889423447665,0.670365137769205,0.8747503772712,-5.95917383795619,FALSE
"P0DOY2;P0DOY3","High_vs_Low",-0.0713167460811057,16.7476025744195,-0.425836173524869,0.670415922218703,0.8747503772712,-5.91423071386375,FALSE
"P30040","High_vs_Low",0.0689499891751968,7.2167481010568,0.420667674028841,0.674223374800073,0.879037119890902,-5.82625148270976,FALSE
"Q709C8","High_vs_Low",-0.0918242322230922,5.95513809977639,-0.418826569206336,0.67560691952702,0.879037119890902,-5.77271658418389,FALSE
"O75822","High_vs_Low",-0.0510039164768648,7.62857991580282,-0.418685561743904,0.675646801112003,0.879037119890902,-5.88388936227005,FALSE
"Q86U17","High_vs_Low",-0.0383546188959354,8.15422483046984,-0.4186095506289,0.675675502752091,0.879037119890902,-5.95995609639959,FALSE
"P07357","High_vs_Low",-0.0367199059834356,13.2653744776644,-0.418201776266183,0.675972730954864,0.879037119890902,-5.96224461586077,FALSE
"P36871","High_vs_Low",-0.0532083118118578,7.53282219298253,-0.415638026576589,0.677852665890018,0.88088979751322,-5.94395969360602,FALSE
"P41240","High_vs_Low",0.0751061472584347,7.47443573415438,0.413668416815703,0.679345781098851,0.88223764189683,-5.8345757651625,FALSE
"P18124","High_vs_Low",0.0598571035497901,6.24826602848043,0.411512812572409,0.680917203448788,0.883594423594691,-5.83091826661928,FALSE
"P49189","High_vs_Low",-0.0461026364360713,6.90590580374477,-0.410985079093658,0.681303813955183,0.883594423594691,-5.83819920598648,FALSE
"A0A0C4DH43","High_vs_Low",0.0987365492671728,9.49687330696305,0.409906856104127,0.682061225057954,0.88398424011195,-5.9083420893344,FALSE
"P36507","High_vs_Low",0.0666401565093047,6.19119040249738,0.409328930325503,0.682582293954125,0.884067428916488,-5.71837343885079,FALSE
"P13598","High_vs_Low",-0.0412592101425577,8.79102741680121,-0.408227381258643,0.683276569336323,0.884096574645612,-5.95754098088499,FALSE
"P55774","High_vs_Low",0.0886598156862437,8.5854929390311,0.408025135815688,0.683518592077434,0.884096574645612,-5.71338182385201,FALSE
"Q06323","High_vs_Low",-0.0479222047796419,9.34606970369843,-0.405321099900066,0.685408992639645,0.885163617726121,-5.96675462684673,FALSE
"Q9UP52","High_vs_Low",-0.100243939723282,7.47961518204547,-0.404616517932664,0.686059189925095,0.885163617726121,-5.74029829331502,FALSE
"P04066","High_vs_Low",0.0825007970229494,6.39337833478931,0.403761032701011,0.686684444852344,0.885163617726121,-5.65185648970003,FALSE
"Q00839","High_vs_Low",-0.0454563612442023,7.64242738189921,-0.403534143348166,0.68673044834731,0.885163617726121,-5.93960786236306,FALSE
"P08758","High_vs_Low",-0.0520615658216794,7.75782089143804,-0.403513265290205,0.686742652503107,0.885163617726121,-5.94739937790786,FALSE
"P46783","High_vs_Low",-0.0596335661560685,7.1455769501443,-0.402605558076798,0.687453202949849,0.885163617726121,-5.86298343579646,FALSE
"A0A0B4J1U7","High_vs_Low",0.0691159180831686,11.1591869462795,0.402420044847177,0.687545693768662,0.885163617726121,-5.9585205174224,FALSE
"Q9H1B5","High_vs_Low",-0.0449847277549207,8.72378670887137,-0.400659657450886,0.688835741632616,0.88569637073352,-5.96904239839681,FALSE
"P30085","High_vs_Low",-0.0664913085797627,7.35870269773279,-0.400401423133929,0.689080372555328,0.88569637073352,-5.80227724652687,FALSE
"P43251","High_vs_Low",-0.0277842100100667,10.7671646735011,-0.399984457437464,0.689332679237562,0.88569637073352,-5.96929822949956,FALSE
"Q9Y490","High_vs_Low",0.0688410843301615,10.252932011198,0.399138057135169,0.689955807695009,0.885908751088151,-5.96961831875687,FALSE
"Q01813","High_vs_Low",0.0679284140925551,6.95994896091103,0.396853778123751,0.691698932392109,0.887489495850802,-5.82437889395824,FALSE
"Q13813","High_vs_Low",-0.108117348438632,5.42233125867572,-0.396390199405966,0.692104211492951,0.887489495850802,-5.71213931427132,FALSE
"P30566","High_vs_Low",-0.0702159558131248,6.59798575842229,-0.394936287314245,0.693134999348988,0.88822266472867,-5.80078476165509,FALSE
"P02743","High_vs_Low",0.0696297751674226,11.3213624916876,0.393521388205526,0.694096181271852,0.888335564524155,-5.97172524654962,FALSE
"Q9NR46","High_vs_Low",0.0610277091611167,6.58653062672149,0.392275388048132,0.695132786535524,0.888335564524155,-5.72743910216043,FALSE
"P06753","High_vs_Low",0.0532659197085046,9.83851199696445,0.39193529515068,0.695268933623717,0.888335564524155,-5.96840572330322,FALSE
"Q15029","High_vs_Low",0.0529852723754738,7.72186642497491,0.39172243316462,0.69549931728796,0.888335564524155,-5.77966324106919,FALSE
"Q99832","High_vs_Low",0.0529032887356946,7.15199353877659,0.39095832702274,0.695998826043228,0.888335564524155,-5.94689965136543,FALSE
"O75396","High_vs_Low",-0.0757529064006901,6.69476014863038,-0.391039616402091,0.696052591550355,0.888335564524155,-5.73177579398973,FALSE
"O00585","High_vs_Low",-0.0579871787220645,7.71679913154429,-0.390533030151764,0.696436719061056,0.888335564524155,-5.67698872347446,FALSE
"Q9Y696","High_vs_Low",-0.0365652579943587,7.4557042370564,-0.38916126132716,0.697320723985446,0.888877207451803,-5.96100808392921,FALSE
"O43633","High_vs_Low",0.0849640715658291,6.87108268548852,0.388632902877406,0.697836331551932,0.888948848948643,-5.68505360293166,FALSE
"P05141","High_vs_Low",0.0706086005206537,8.3219294238034,0.384816184054933,0.70056676436295,0.890495706089046,-5.88810519199894,FALSE
"Q9BWD1","High_vs_Low",0.0563877776427599,6.86994858995846,0.384598629575205,0.700753673899912,0.890495706089046,-5.81949290498475,FALSE
"Q8WXX5","High_vs_Low",-0.107472834259745,9.22148619754402,-0.384314958206285,0.70102327810042,0.890495706089046,-5.69508601887597,FALSE
"P61201","High_vs_Low",-0.0687891233877522,6.4991999040024,-0.383465287246866,0.701621319110563,0.890495706089046,-5.77417639106763,FALSE
"O43813","High_vs_Low",0.0683529932511266,6.75548839182188,0.383417540475864,0.701692541433025,0.890495706089046,-5.71819265691027,FALSE
"P63313","High_vs_Low",0.0482389613676961,8.95094802056824,0.38210245046704,0.702552900880341,0.890495706089046,-5.93721097103865,FALSE
"Q9UHB6","High_vs_Low",-0.112638634454763,8.32023660534635,-0.381140087822631,0.703360765484543,0.890495706089046,-5.69970502183159,FALSE
"O00194","High_vs_Low",-0.113296890661555,9.5028155653184,-0.380908058631837,0.703440865235502,0.890495706089046,-5.94979179744021,FALSE
"P30041","High_vs_Low",0.0491363964497662,10.5314032298132,0.380354447606447,0.703838075235454,0.890495706089046,-5.9765474642955,FALSE
"P62277","High_vs_Low",-0.0656777533804513,6.9420367547324,-0.380511687946267,0.703845592503638,0.890495706089046,-5.66812201913862,FALSE
"P09211","High_vs_Low",0.0513582926822558,7.87489232359477,0.379988532965225,0.704112883884362,0.890495706089046,-5.96776651855001,FALSE
"O00233","High_vs_Low",0.0548687191565946,7.41954113280272,0.379050279048703,0.704859735870229,0.890857994061981,-5.83761031115108,FALSE
"Q04941","High_vs_Low",-0.0512420525068791,7.78123591239744,-0.377973163487832,0.705669916104745,0.891030742537469,-5.81051223835663,FALSE
"Q02985","High_vs_Low",-0.0468228838127356,9.58465417816836,-0.377554739321667,0.705917378971545,0.891030742537469,-5.97254553438977,FALSE
"Q00688","High_vs_Low",-0.0683064347735352,7.53945161243032,-0.37653772025252,0.706757312822345,0.891355908226565,-5.7715466855879,FALSE
"P25325","High_vs_Low",0.0588038611775916,6.6679298304464,0.375308793802806,0.707669377239996,0.891355908226565,-5.78856668178218,FALSE
"A2A3L6","High_vs_Low",-0.0902483365520386,11.137421059523,-0.375066573862648,0.707789832187553,0.891355908226565,-5.90984221907295,FALSE
"P11717","High_vs_Low",-0.0415785875331514,6.45624034908619,-0.374242278809513,0.708425119335344,0.891355908226565,-5.85039777445477,FALSE
"Q13045","High_vs_Low",0.084995471779016,6.38060758218021,0.374241750453952,0.708478236099461,0.891355908226565,-5.75328963843425,FALSE
"P35611","High_vs_Low",-0.0677810744159117,7.99141532554212,-0.372305502280224,0.709831961819599,0.892478782404759,-5.93606202533005,FALSE
"O75563","High_vs_Low",-0.0889613792975723,7.3567083393392,-0.371254643850489,0.710712085566845,0.893005120501198,-5.72863958739012,FALSE
"Q9BSJ8","High_vs_Low",-0.0691261031059645,6.54956178905713,-0.369391384881055,0.712066956651887,0.894126905335108,-5.8055899395889,FALSE
"P55854;P61956;Q6EEV6","High_vs_Low",0.0619750007393494,7.13355793826705,0.368584178948083,0.712658926097933,0.894289897535344,-5.79557466062662,FALSE
"O14950;P19105","High_vs_Low",0.0620474436409459,9.65278965517322,0.365873566439102,0.71460979321714,0.89497706586463,-5.97968528649732,FALSE
"Q9H4M9","High_vs_Low",0.0381367228622285,7.93333712304311,0.365559347881777,0.714845319985508,0.89497706586463,-5.97427035132025,FALSE
"Q99459","High_vs_Low",0.0613448122927558,11.0789659636948,0.364207111473721,0.715860934231657,0.89497706586463,-5.94782373566801,FALSE
"Q96MY7","High_vs_Low",-0.0548927359221256,13.1682044792547,-0.363193021287558,0.716612814174706,0.89497706586463,-5.97063102756269,FALSE
"P61088","High_vs_Low",0.0425988059722648,8.46165035948671,0.362859194039307,0.716869950214793,0.89497706586463,-5.9379084666873,FALSE
"A0PJW8","High_vs_Low",-0.107096089810954,9.90268443586698,-0.362690627060317,0.717081933003347,0.89497706586463,-5.65015443596716,FALSE
"P01704","High_vs_Low",0.0767542728291684,10.1696597362704,0.362389626745158,0.71723953573372,0.89497706586463,-5.88633231189939,FALSE
"P11216","High_vs_Low",-0.105722688079176,7.60689032081287,-0.362383542505864,0.717280139312548,0.89497706586463,-5.81949239472356,FALSE
"P00450","High_vs_Low",0.0602829777197122,12.0127084230485,0.36217446116084,0.71736921403413,0.89497706586463,-5.98293609875225,FALSE
"P09172","High_vs_Low",0.0598779349031622,7.24204373062721,0.359866486601801,0.719114858880335,0.896576837585984,-5.89904121372128,FALSE
"P13639","High_vs_Low",-0.0366407489330793,7.58573492878894,-0.357307743704743,0.721008220641015,0.897837071387477,-5.97869529929924,FALSE
"P11226","High_vs_Low",0.0630585033733997,9.37016905630677,0.357245504267391,0.721053648029013,0.897837071387477,-5.98228972156987,FALSE
"P22061","High_vs_Low",-0.0313824923345543,8.69819217236332,-0.355638145476387,0.722256199131901,0.898756106315259,-5.98515661141078,FALSE
"Q96IZ5","High_vs_Low",0.0446739845255717,9.77933083634285,0.354826996619681,0.722900962121995,0.898980309579731,-5.89988002486232,FALSE
"Q15084","High_vs_Low",0.0477630411099135,7.75158321354771,0.35409829102355,0.723415840672332,0.899042807771973,-5.95773105877778,FALSE
"P08567","High_vs_Low",0.0560176776682422,9.21616802320604,0.352969711454269,0.724255417848855,0.89938169579081,-5.98449815799608,FALSE
"P48506","High_vs_Low",0.051652378753257,7.25473689175764,0.351989532164248,0.725020353359433,0.89938169579081,-5.90327865107779,FALSE
"P04844","High_vs_Low",0.0889959538176788,7.13616051409954,0.351988060195871,0.725082917536777,0.89938169579081,-5.76835543390334,FALSE
"Q9HC38","High_vs_Low",0.0599997347731422,7.05092237709279,0.350329428956229,0.726306806040985,0.899863044655643,-5.77855691250903,FALSE
"P01023","High_vs_Low",0.0532968906376023,14.0829017662383,0.35010631444427,0.726401072740111,0.899863044655643,-5.98700430236892,FALSE
"P10124","High_vs_Low",-0.0393732429424389,13.0435180040798,-0.349319309720818,0.726991413852511,0.900018161103397,-5.98726481800538,FALSE
"Q14213","High_vs_Low",-0.0360021050632016,7.51480855932511,-0.348362111204426,0.727744248268126,0.90007235416158,-5.87800995617484,FALSE
"O14773","High_vs_Low",0.0477703705341437,8.02494242399888,0.348073623373799,0.727965495743087,0.90007235416158,-5.89638047804516,FALSE
"Q9BUL8","High_vs_Low",0.0546263109903844,7.75580221137465,0.345877610524893,0.729604428912192,0.90042498859754,-5.90230753149454,FALSE
"Q7Z4W1","High_vs_Low",0.0457048818450039,6.62671049506229,0.345926139172657,0.72962948237664,0.90042498859754,-5.77720187755645,FALSE
"A0A0C4DH34","High_vs_Low",0.057132295702278,9.26274418042485,0.34535750265118,0.729977375908023,0.90042498859754,-5.94066283998124,FALSE
"P29992","High_vs_Low",-0.0410615519528434,7.57597920492043,-0.345173302000773,0.73011204501785,0.90042498859754,-5.96862135495825,FALSE
"P46109","High_vs_Low",0.0555097001997336,6.99770261928952,0.343543150651263,0.731384727377986,0.900974785637974,-5.84085364096494,FALSE
"P13716","High_vs_Low",0.051702528926123,7.15001628321737,0.343349490413302,0.731562049803115,0.900974785637974,-5.74894149583849,FALSE
"P63104","High_vs_Low",-0.0457448382100036,10.7482325970314,-0.342711073157502,0.731954709572556,0.900974785637974,-5.98942917015655,FALSE
"P61952","High_vs_Low",0.0528918368868441,6.87148040562655,0.341890391185869,0.732637671548164,0.901242145229305,-5.81981961012289,FALSE
"Q99816","High_vs_Low",-0.0614922617713969,6.55561673318784,-0.340619516214488,0.733614565469569,0.901870510917164,-5.7839407937008,FALSE
"P80723","High_vs_Low",-0.031694598238162,7.06835470138775,-0.336538435783753,0.736605356322821,0.904818093335903,-5.96601999564802,FALSE
"A0A0C4DH25","High_vs_Low",0.0556213807392361,10.4729718583652,0.33519122898538,0.737625307401314,0.904818093335903,-5.96846654372476,FALSE
"A0M8Q6","High_vs_Low",-0.0493897818424589,15.2650480780964,-0.333920967884855,0.738576577614672,0.904818093335903,-5.98820998942884,FALSE
"P50570","High_vs_Low",-0.040010102130859,6.65494469450126,-0.333798972260056,0.738677173604526,0.904818093335903,-5.95823006275483,FALSE
"P29350","High_vs_Low",-0.0468065046580417,7.76326312547704,-0.333218643112352,0.7391127899869,0.904818093335903,-5.96084386060256,FALSE
"Q14974","High_vs_Low",-0.044750800790859,7.21598189421336,-0.332850298508643,0.739387209060516,0.904818093335903,-5.97418626091112,FALSE
"P09429","High_vs_Low",0.0521524552438315,8.05884471109896,0.332718739366988,0.739508922971068,0.904818093335903,-5.92002249435477,FALSE
"P62851","High_vs_Low",0.05088488219904,6.83761578206835,0.330659215173725,0.741115279938956,0.904818093335903,-5.75132364206312,FALSE
"P48643","High_vs_Low",-0.0445014417236766,7.0603706960142,-0.330568124082785,0.741119765791601,0.904818093335903,-5.94773600445055,FALSE
"Q05682","High_vs_Low",0.0554018129502758,7.03747676900579,0.330440270084975,0.741218242428067,0.904818093335903,-5.93286090633537,FALSE
"P08603","High_vs_Low",-0.0520644396127228,12.4737109225411,-0.330206229601584,0.741377503288529,0.904818093335903,-5.99341173518327,FALSE
"Q15828","High_vs_Low",-0.0547991331344981,7.7354527292003,-0.32999766189623,0.741623512160591,0.904818093335903,-5.70926390261942,FALSE
"Q96KP4","High_vs_Low",-0.0555563408382618,7.2809326091025,-0.329228527461239,0.742127305845292,0.904862216011746,-5.95024241155249,FALSE
"P30740","High_vs_Low",-0.0507636921180197,7.80272640707239,-0.328429210973858,0.74272589476054,0.905021792419172,-5.97253112370251,FALSE
"P34096","High_vs_Low",0.0596705138407394,8.30927235554918,0.325225585586284,0.745211243644314,0.906442953549846,-5.75105530161163,FALSE
"Q9NS71","High_vs_Low",-0.042924498761276,7.45450752600269,-0.324949237297437,0.745423823706469,0.906442953549846,-5.78069586789737,FALSE
"P13224","High_vs_Low",-0.0371843979406972,10.6359710853125,-0.324819541402073,0.745449417336358,0.906442953549846,-5.99382004765272,FALSE
"Q13126","High_vs_Low",0.0583774115287907,6.40237952039907,0.324009915191881,0.746152210882882,0.906442953549846,-5.75336685862502,FALSE
"P26599","High_vs_Low",0.0529051114787711,7.0134085607361,0.323583321100867,0.746425838675416,0.906442953549846,-5.85910710123676,FALSE
"P10721","High_vs_Low",-0.056004123378453,7.19360893567069,-0.323168462813144,0.746762578810719,0.906442953549846,-5.7329524690917,FALSE
"P31327","High_vs_Low",-0.0437102396352582,7.30024927825422,-0.322558590923494,0.747171323468736,0.906442953549846,-5.95867641248906,FALSE
"P35637","High_vs_Low",-0.0533034989883605,7.01593987664433,-0.321113305284742,0.748317542629422,0.906548373109137,-5.77960669599294,FALSE
"P10619","High_vs_Low",-0.0421897643351743,6.73039017605738,-0.320763637495293,0.748558490488611,0.906548373109137,-5.88152791102165,FALSE
"Q5VU65","High_vs_Low",0.0664161593961694,11.1033428096121,0.320593268619759,0.748665327677213,0.906548373109137,-5.9363142259322,FALSE
"O94966","High_vs_Low",-0.0783084480620975,10.6546776820167,-0.319974811380274,0.749132221499489,0.906548373109137,-5.93957632777634,FALSE
"P60174","High_vs_Low",-0.0380173876930767,7.09476598543861,-0.318255783718058,0.750433333161028,0.90693687167101,-5.93544284633791,FALSE
"P51991","High_vs_Low",-0.0740139521721153,6.34183441417384,-0.31677984954782,0.751593995754733,0.90693687167101,-5.80886657638403,FALSE
"A0A0A0MRZ8;P04433","High_vs_Low",0.0480827048601533,12.063645350786,0.316225541461646,0.751959561329111,0.90693687167101,-5.9931185829574,FALSE
"P61160","High_vs_Low",0.044421208771146,8.47895240766827,0.315264685812152,0.752689766884237,0.90693687167101,-5.99176302258297,FALSE
"P49368","High_vs_Low",-0.0433462921108836,7.64874279870907,-0.315105042532308,0.752815895937444,0.90693687167101,-5.96993923418015,FALSE
"Q96BY6","High_vs_Low",-0.0450354123303915,7.56079287599998,-0.314861152140321,0.753047220611404,0.90693687167101,-5.82423452822694,FALSE
"Q9BPX5","High_vs_Low",0.0456535220429553,6.84813120782296,0.314748204047352,0.75314063809704,0.90693687167101,-5.81892710198466,FALSE
"O95714","High_vs_Low",-0.12053023588599,10.0526848703015,-0.31429039213326,0.753466197960095,0.90693687167101,-5.80824212765628,FALSE
"Q15691","High_vs_Low",-0.0556602188014175,7.53935632871841,-0.313252936117679,0.754240550419571,0.90693687167101,-5.92715863423687,FALSE
"P43405","High_vs_Low",0.0653528472772535,6.47396705222616,0.313089250948444,0.754401743190463,0.90693687167101,-5.8181830313969,FALSE
"Q14011","High_vs_Low",-0.0511140504808125,7.59788704706887,-0.312327873194689,0.755026733263226,0.90693687167101,-5.67564982944173,FALSE
"O43149","High_vs_Low",-0.0562337516538847,5.75592869191844,-0.312163039742066,0.755138242360011,0.90693687167101,-5.71538145139443,FALSE
"Q15746","High_vs_Low",-0.0586784392241073,6.81787123187106,-0.311007526036459,0.755979232488233,0.90693687167101,-5.81901336111361,FALSE
"P00352","High_vs_Low",-0.0493442078599333,7.67142346273146,-0.310894134761773,0.756015077005343,0.90693687167101,-5.97728265836829,FALSE
"P01834","High_vs_Low",-0.0318926560805597,14.7461063565728,-0.30983587899697,0.75681023993258,0.907066142562179,-5.99958250639493,FALSE
"P62937","High_vs_Low",0.0341034563092304,11.0535058900831,0.309506799424198,0.757060372215979,0.907066142562179,-5.99967897148532,FALSE
"P00568","High_vs_Low",-0.0450172996061315,8.6421613641535,-0.308054196811161,0.758167475543621,0.907830485876799,-5.98904591630176,FALSE
"Q14696","High_vs_Low",-0.0608281264564177,7.77963037821342,-0.307283069931201,0.758789231824787,0.908013088176229,-5.85030043202848,FALSE
"P42566","High_vs_Low",-0.0500786109662421,6.91741173927206,-0.306283326236689,0.759534954145647,0.908343718338582,-5.92439238130533,FALSE
"Q14103","High_vs_Low",-0.0622244844065598,7.4904573548745,-0.305765199169076,0.760011819624125,0.908352607148044,-5.7237932836787,FALSE
"P01814","High_vs_Low",0.071316748241447,8.75624073512597,0.304101367646906,0.761245550133953,0.909265518215555,-5.78495130153145,FALSE
"Q9UBW5","High_vs_Low",0.0527578768673909,7.51938385184701,0.303375352000853,0.761744804259277,0.909300552894325,-5.93367690727793,FALSE
"Q9P1F3","High_vs_Low",0.0682885247719369,8.45147969913349,0.299652716590332,0.764653416984862,0.91127176130934,-5.76866767942514,FALSE
"P02042","High_vs_Low",-0.0489858830903795,13.2833962962613,-0.299140533617865,0.764952673117176,0.91127176130934,-6.00266524225871,FALSE
"P07203","High_vs_Low",-0.0376394880260928,8.65944250607567,-0.298790143821398,0.765221274789939,0.91127176130934,-5.99998425211457,FALSE
"P68366","High_vs_Low",0.0494952909706861,10.3547113227835,0.298711733805029,0.76527990290836,0.91127176130934,-6.002274763033,FALSE
"P18085","High_vs_Low",-0.0353886146540505,7.63248820760927,-0.29673973102808,0.766810341756941,0.912532602275326,-5.91908617785,FALSE
"Q14008","High_vs_Low",-0.0634753260389447,5.61052366027318,-0.294225201453013,0.768795196413916,0.914210135688867,-5.75277033616599,FALSE
"P07737","High_vs_Low",0.0364066319437022,11.2049345835876,0.293389133059484,0.769342111680807,0.914210135688867,-6.00427822279573,FALSE
"Q7L9L4","High_vs_Low",-0.0445171782482028,7.19129141736628,-0.293052373273447,0.769637370045046,0.914210135688867,-5.87140553977471,FALSE
"P07358","High_vs_Low",-0.0227024444781101,12.6829791610266,-0.292272930850879,0.770194855912552,0.914311071282692,-6.00458763481326,FALSE
"Q5QJE6","High_vs_Low",-0.0535897789779671,9.93511161542245,-0.291386487390863,0.770952820013825,0.914649728219958,-5.73455405028802,FALSE
"Q9UJU6","High_vs_Low",0.0484060579879415,6.95330189901961,0.28865254833883,0.772988162785369,0.915261672491264,-5.90922785925657,FALSE
"P01880","High_vs_Low",0.0726710203420335,9.81552604362649,0.28839698643602,0.773174627910438,0.915261672491264,-5.94187137332111,FALSE
"O94804","High_vs_Low",-0.037569628427474,6.80757742680959,-0.288297090008008,0.773289238926982,0.915261672491264,-5.85167409700213,FALSE
"P23588","High_vs_Low",-0.0728644553403512,8.92201182114604,-0.288183110795168,0.773360637996494,0.915261672491264,-5.85858587278588,FALSE
"O76003","High_vs_Low",-0.0383346284284167,6.70240612609881,-0.287029648255926,0.774256353633869,0.915761640758885,-5.8392027065389,FALSE
"Q9UI15","High_vs_Low",0.0480585915064218,8.40302724159308,0.28598686136919,0.775026698802239,0.91611280524272,-5.9140946489459,FALSE
"Q15019","High_vs_Low",-0.0558358045036069,7.2688736704836,-0.283466892485959,0.776981655768573,0.917862945001336,-5.81956990109263,FALSE
"P59998","High_vs_Low",0.0372327828563606,9.1363183887628,0.281903557624794,0.778130149462309,0.91833379399119,-6.00507493932737,FALSE
"P52272","High_vs_Low",0.0712359293473916,6.93928375860818,0.281739892767297,0.778329417129484,0.91833379399119,-5.76549006508519,FALSE
"P15170","High_vs_Low",0.0522763568365505,6.56375346382929,0.279400097373956,0.780130615197667,0.919898074593228,-5.75753364417582,FALSE
"P63208","High_vs_Low",-0.0385722649522267,7.76716078842158,-0.277248826936389,0.781728258671856,0.920329660664609,-5.91369303234622,FALSE
"Q04695","High_vs_Low",-0.0491549593240865,9.33565938997994,-0.276964039743387,0.78192092557887,0.920329660664609,-5.98750767780595,FALSE
"O14791","High_vs_Low",-0.0206619200324454,15.286307556677,-0.276956994908599,0.781923494642179,0.920329660664609,-6.00871414205643,FALSE
"Q14165","High_vs_Low",-0.044781229944066,6.9643169432695,-0.27512874915173,0.783367829848535,0.92098439665921,-5.89524703461936,FALSE
"A0A0J9YX35","High_vs_Low",0.0501180869183369,10.4077073834849,0.27500421884817,0.783431688320961,0.92098439665921,-5.96006243747521,FALSE
"P22626","High_vs_Low",-0.0500615579424606,7.53288911538323,-0.272923597890815,0.785041898711702,0.921842998406832,-5.91463973415959,FALSE
"Q96G03","High_vs_Low",-0.0480861385538462,6.48175313765157,-0.272536616509329,0.785384920499563,0.921842998406832,-5.79061485335427,FALSE
"Q8WXI7","High_vs_Low",-0.038066820949477,6.78949711173761,-0.271683444198149,0.785998436735305,0.921842998406832,-5.89783207799089,FALSE
"O95782","High_vs_Low",-0.0386913429582059,6.55989398713567,-0.271599288771716,0.78606767306009,0.921842998406832,-5.90999279247066,FALSE
"P28838","High_vs_Low",-0.0429690418189042,6.70490601472667,-0.270050851431959,0.787246170719113,0.922665863320098,-5.94939283746818,FALSE
"O95497","High_vs_Low",0.0933813989427303,9.44258023819497,0.268373258125568,0.788594317198311,0.923686442965334,-5.76680604190795,FALSE
"P01817","High_vs_Low",-0.0498198583289167,8.75514128828976,-0.266307451241642,0.790115719516141,0.924908600885501,-5.96733589516438,FALSE
"Q6IBS0","High_vs_Low",0.0492677790522933,7.38936833867464,0.26434371210695,0.791646769945746,0.925721864925577,-5.89439929430809,FALSE
"P61981","High_vs_Low",0.0371001392542567,7.59094897029432,0.263887298936704,0.791981803627763,0.925721864925577,-5.96449798598024,FALSE
"Q9GZN8","High_vs_Low",-0.0390993693412618,7.39242506367494,-0.26360006527309,0.792245689052587,0.925721864925577,-5.7864707245376,FALSE
"P06681","High_vs_Low",0.0450924300475108,10.8469637887999,0.260175637622162,0.794831571649534,0.928182915595563,-6.01298060326785,FALSE
"P02790","High_vs_Low",0.0439130187915655,15.0135403054659,0.257455059993649,0.796929636340696,0.929906945635021,-6.01364717198845,FALSE
"O95445","High_vs_Low",-0.0162735884753804,13.7308689348061,-0.257015111988428,0.797269055714987,0.929906945635021,-6.01375430567731,FALSE
"P63098","High_vs_Low",0.0310790697168368,7.05168887292532,0.254731083394734,0.799076038663653,0.930982528312569,-5.84884541908219,FALSE
"P08185","High_vs_Low",-0.035483560633601,10.3594173246589,-0.254422920828296,0.799269706847782,0.930982528312569,-6.0143818223044,FALSE
"Q13043","High_vs_Low",0.0602540038993187,6.36108149544558,0.253405602930926,0.800132183364361,0.930982528312569,-5.73862717920764,FALSE
"Q01973","High_vs_Low",-0.0454261543683732,9.27094987607461,-0.252204522126384,0.801006196077459,0.930982528312569,-5.89970239160802,FALSE
"P01031","High_vs_Low",-0.0289807502744015,11.1023038508442,-0.251863973437104,0.801245997461315,0.930982528312569,-6.01499505371545,FALSE
"Q14019","High_vs_Low",0.0432210844440952,7.91779830501664,0.251847869896497,0.801267230378063,0.930982528312569,-5.97755424245012,FALSE
"P62424","High_vs_Low",-0.0390836915414043,6.70161988483374,-0.251190133401238,0.801813044941203,0.930982528312569,-5.81273717678631,FALSE
"P00918","High_vs_Low",-0.0390312899148402,10.490286440996,-0.250836028896882,0.802040245321474,0.930982528312569,-6.01523964767162,FALSE
"P62081","High_vs_Low",-0.0316953529671151,6.82648193393613,-0.249114586168526,0.803392057248768,0.93176875438609,-5.89897364489403,FALSE
"Q96PL5","High_vs_Low",-0.0321519088548028,7.09352915068074,-0.248742732112107,0.803680646548002,0.93176875438609,-5.93002761640889,FALSE
"Q08495","High_vs_Low",-0.0407879836267107,8.89784463417336,-0.246362176619924,0.805505149037643,0.933233895908125,-5.98737723048523,FALSE
"P08754","High_vs_Low",-0.0288811579172439,7.60478556702703,-0.245853692287051,0.805908961272598,0.933233895908125,-5.93928293250072,FALSE
"P01717","High_vs_Low",0.0424609627506314,11.3416003913519,0.242423727880935,0.808547702527494,0.935729548080562,-6.01720373005543,FALSE
"P21980","High_vs_Low",0.0392254340705644,8.04439592981182,0.241593912359016,0.809201216563074,0.935926093275283,-5.98333593461341,FALSE
"P43652","High_vs_Low",0.0398255005937234,12.1597625545238,0.239619335188374,0.810720060390357,0.936086564083774,-6.01784360676954,FALSE
"P20742","High_vs_Low",-0.0495803924650335,7.05390810088178,-0.239272100523074,0.811032080585684,0.936086564083774,-5.83944588501885,FALSE
"Q9NTK5","High_vs_Low",-0.0295874859656031,7.6016897265331,-0.238840006451456,0.811326244679708,0.936086564083774,-6.00702460548839,FALSE
"Q9UBS4","High_vs_Low",0.0296916510172114,6.91900621964598,0.238609728810062,0.811533373222672,0.936086564083774,-5.91461295532811,FALSE
"Q02817","High_vs_Low",0.0364744307279725,7.84585650726423,0.238296464433384,0.811758787872131,0.936086564083774,-5.95103714560605,FALSE
"P98066","High_vs_Low",0.0308562707442226,7.79306000620868,0.235461189125527,0.8139745343897,0.938082623016123,-5.89901789078852,FALSE
"A0A075B6I0","High_vs_Low",-0.0523988674880318,12.0743134079055,-0.232439468095244,0.816297975144311,0.940200346371573,-5.96594581283701,FALSE
"Q96CX2","High_vs_Low",-0.021160483941439,6.51348152036878,-0.230787887512141,0.817594000257977,0.941132891433186,-5.92567427826014,FALSE
"P61960","High_vs_Low",0.0305060584152406,7.07728407047153,0.229252521573967,0.818818859291525,0.941982457032759,-5.79987347335707,FALSE
"P13804","High_vs_Low",0.0466734639148685,6.54770748097738,0.228620482294604,0.81931152919138,0.941989191316293,-5.82050805949602,FALSE
"P84103","High_vs_Low",-0.0364179699165694,7.55987082201204,-0.227696810023544,0.82001546253227,0.942238669833695,-5.82934720724756,FALSE
"P17844","High_vs_Low",-0.0393485425285292,11.6543248983876,-0.225300593180103,0.821839843449968,0.942471719461435,-5.97354649529497,FALSE
"P06396","High_vs_Low",0.0231992374994867,15.190367794031,0.225083351228854,0.822003105776125,0.942471719461435,-6.02104099109149,FALSE
"Q7LDG7","High_vs_Low",-0.0386158681220126,6.64280281953585,-0.224367726468989,0.822588817099291,0.942471719461435,-5.90487542194502,FALSE
"A0A087WSY6","High_vs_Low",-0.0412010006117107,11.7972508648719,-0.224128607939864,0.822775343905447,0.942471719461435,-5.87667639027603,FALSE
"P04430","High_vs_Low",0.0384073018472737,7.35564324108698,0.224029915994937,0.822895363963428,0.942471719461435,-5.75268505908818,FALSE
"Q99829","High_vs_Low",-0.0433024532894057,6.82646151260527,-0.222897933323121,0.823782520581912,0.942471719461435,-5.70693107097786,FALSE
"P24557","High_vs_Low",0.0507809378017443,7.01416227425293,0.222190135631946,0.824327536955109,0.942471719461435,-5.77379559643605,FALSE
"Q14203","High_vs_Low",0.0277293947328143,9.90182600939197,0.22199051594022,0.824410736493612,0.942471719461435,-6.01410363441762,FALSE
"Q9NRW1","High_vs_Low",-0.0376336071788295,8.79400216046024,-0.221743962290588,0.824601871342744,0.942471719461435,-6.01605779700746,FALSE
"Q86VP6","High_vs_Low",-0.0256104380445068,7.89533963043312,-0.218770878425945,0.826914610179013,0.944251946736059,-6.02236722255718,FALSE
"Q04760","High_vs_Low",0.0301455661327203,8.11450244942422,0.218498027509452,0.827135426210656,0.944251946736059,-5.97198715961548,FALSE
"P50225","High_vs_Low",0.034666578578471,7.33280831682041,0.215399073023112,0.829557486860211,0.946458571388271,-5.93634451677265,FALSE
"P06276","High_vs_Low",0.0338092930254437,8.46951436682367,0.213559364119003,0.830977303347488,0.946997708875307,-6.00102714473897,FALSE
"Q9BUF5","High_vs_Low",-0.0259997967688204,9.04100138955638,-0.21352374612715,0.831008842206858,0.946997708875307,-5.98145218985593,FALSE
"P41091","High_vs_Low",-0.0307631115142053,7.31056997367373,-0.212596010348995,0.831754150388494,0.947021896744245,-5.91105396659888,FALSE
"P01714","High_vs_Low",-0.035465545982051,9.76009229430238,-0.212235008472607,0.832008901532412,0.947021896744245,-6.01505366486245,FALSE
"P14649","High_vs_Low",0.0384337391057432,10.3756028741508,0.210878943254018,0.833067216327614,0.947669055610777,-6.00749797795564,FALSE
"O95376","High_vs_Low",0.0410055615543508,6.99677720097945,0.208986981099496,0.834600449958996,0.948855388173124,-5.73156429068433,FALSE
"P00751","High_vs_Low",-0.0258841943386905,14.527263135654,-0.206594199213802,0.836407885070739,0.949797445850896,-6.02481895834953,FALSE
"Q68DL7","High_vs_Low",0.0350919307478907,10.9679462209372,0.206601827401904,0.836410774020634,0.949797445850896,-5.96605512477957,FALSE
"Q7LBR1","High_vs_Low",-0.0338257314865178,7.08712625157392,-0.204483864876478,0.838096842445111,0.950704805640886,-5.8032783879647,FALSE
"P07108","High_vs_Low",0.035289321354151,7.22660275228001,0.204397112813545,0.838192453965556,0.950704805640886,-5.7354908940583,FALSE
"Q5QJ74","High_vs_Low",-0.0363100495021609,8.63125110941578,-0.203435779188458,0.838894259275537,0.950746657314789,-5.87484165477647,FALSE
"P48059","High_vs_Low",0.0269047697868903,8.77399241964634,0.202817277831508,0.839361606310165,0.950746657314789,-6.00394938294393,FALSE
"P30086","High_vs_Low",-0.026195517276598,7.91745905845327,-0.202380683778115,0.839703378475955,0.950746657314789,-5.99105616239339,FALSE
"Q5T749","High_vs_Low",0.0402078321601227,8.63840376096636,0.200043338648005,0.841574334344274,0.952307799389573,-5.75713192470889,FALSE
"P00387","High_vs_Low",0.0279297451454283,8.66386491759499,0.199159873170443,0.842217133243249,0.952478172311916,-6.02222444668877,FALSE
"P12814","High_vs_Low",0.031478483222088,9.12387050747892,0.197846472134368,0.843242719271728,0.952719684629759,-6.02649365776825,FALSE
"Q08209","High_vs_Low",-0.0415563025559953,7.26078444387695,-0.19768149749024,0.843415410734252,0.952719684629759,-5.80582445022622,FALSE
"P43121","High_vs_Low",-0.0216003694432594,8.31401020765541,-0.19689164341033,0.843995233619862,0.952818423018922,-5.96669290531213,FALSE
"O75636","High_vs_Low",0.0297386793252041,11.3094926594842,0.194214180179363,0.846084240503122,0.954619828206147,-6.02716775574093,FALSE
"Q9NRV9","High_vs_Low",-0.0299586232621989,6.84977099037349,-0.192793622989264,0.847245815139227,0.95492703403189,-5.80726879817194,FALSE
"Q9Y6B6","High_vs_Low",-0.0213360460593091,8.4033985635945,-0.192430892810233,0.847484658603072,0.95492703403189,-5.99930729079086,FALSE
"Q9NP55","High_vs_Low",-0.0293833247600777,7.91997547259747,-0.191520074213939,0.848209718106746,0.95492703403189,-5.90390462216897,FALSE
"Q9BT78","High_vs_Low",0.0302128587363457,6.7838995211292,0.191396312907754,0.8483305279074,0.95492703403189,-5.82833045146177,FALSE
"P11766","High_vs_Low",0.0401519214029324,8.20099014053407,0.189690735465906,0.849647570951036,0.955826609625352,-5.90628463179888,FALSE
"P0DMV8;P0DMV9","High_vs_Low",0.0197296697742502,9.49332050639304,0.189062738467202,0.850117620240429,0.955826609625352,-6.02810236907329,FALSE
"Q93008","High_vs_Low",0.0264888521561,6.39835283522996,0.187856893388818,0.851081875545102,0.956355069210088,-5.90499628315138,FALSE
"Q16543","High_vs_Low",0.0284410281048455,6.63260408707259,0.186399215929725,0.85222873932756,0.957087992222187,-5.89408586921513,FALSE
"P21589","High_vs_Low",-0.0169071031106185,7.1587932737054,-0.184365508582489,0.85381194922546,0.958134088415967,-5.97178687478708,FALSE
"Q9Y566","High_vs_Low",-0.0164080332269272,13.2234153508551,-0.183931681697546,0.854150543936715,0.958134088415967,-5.95815631906142,FALSE
"Q92614","High_vs_Low",0.0270681455448454,7.57484025169666,0.182411327430157,0.855345595342918,0.958918729425578,-5.94172905270543,FALSE
"Q00610","High_vs_Low",-0.0273810498577642,9.12320043005344,-0.181120903578585,0.856343447763108,0.959481512114426,-6.02949402144558,FALSE
"Q9ULF5","High_vs_Low",-0.0367450485231302,9.85140039964801,-0.180021320953353,0.857212194178068,0.959899071605649,-5.9818941272464,FALSE
"Q9H2K2","High_vs_Low",0.0218472880283382,8.87031005019553,0.179266756133843,0.857817778143101,0.960021631409428,-5.91497775394111,FALSE
"P33241","High_vs_Low",-0.0541984625293086,6.8490159573983,-0.176362001753295,0.860123412056271,0.962045550479124,-5.76237813577354,FALSE
"P21730","High_vs_Low",-0.0186831923183801,7.49316858795734,-0.175158003144683,0.86104100308047,0.962315199171107,-5.90010741254873,FALSE
"Q92820","High_vs_Low",-0.0184662837513709,8.06584771571878,-0.174733681134038,0.861359134348505,0.962315199171107,-6.00698028950296,FALSE
"Q9ULC4","High_vs_Low",-0.0352657888034162,7.04633564342101,-0.173721437956634,0.862204948060801,0.962704313039613,-5.74386067942312,FALSE
"Q9BSL1","High_vs_Low",0.0229587000123805,7.71913091186005,0.172780821528808,0.862908039376925,0.962820982270911,-5.93466080562644,FALSE
"P07686","High_vs_Low",-0.0287890432319804,7.17013654247965,-0.172294135483727,0.863304601674434,0.962820982270911,-5.802203909987,FALSE
"P0DP02","High_vs_Low",0.0219046215667511,12.1586038216111,0.170745965740738,0.864490120394198,0.963587778204362,-6.031222084075,FALSE
"P13489","High_vs_Low",-0.0209204813603208,8.12442097283098,-0.169995599843995,0.865088084651902,0.963699161658854,-5.98460865143478,FALSE
"P06310","High_vs_Low",-0.0220769571968162,11.3699859535672,-0.166875926620153,0.867533361117661,0.965061796910519,-6.0299545367065,FALSE
"O60488","High_vs_Low",0.0405249597093604,7.40384970317186,0.166712053031175,0.867686107685131,0.965061796910519,-5.89716490731963,FALSE
"P07951","High_vs_Low",-0.0346996505680597,8.43688952673553,-0.164476770397179,0.86945885774999,0.965061796910519,-5.84777377065071,FALSE
"Q93098","High_vs_Low",-0.0237519237691153,11.138634560808,-0.164181685458232,0.869662074881808,0.965061796910519,-5.94313375118179,FALSE
"P05156","High_vs_Low",-0.0277779175051798,11.9175031779048,-0.163360557826611,0.870298203199019,0.965061796910519,-6.03239012415128,FALSE
"Q7L576","High_vs_Low",-0.021539060798407,7.06837324067094,-0.163319156655249,0.870335246027414,0.965061796910519,-6.00205676707656,FALSE
"A0A075B6H9","High_vs_Low",-0.0308229681250989,10.7077033239488,-0.163255386959983,0.870382342025944,0.965061796910519,-6.02181168296503,FALSE
"O75223","High_vs_Low",0.017495993947275,7.46750190751441,0.162569091221321,0.870925920812595,0.965061796910519,-5.98174673902988,FALSE
"P07947","High_vs_Low",-0.0178155872255701,8.41154250434541,-0.162422622768834,0.871037700596067,0.965061796910519,-6.0183144889814,FALSE
"P50148","High_vs_Low",0.0212308565572208,7.41826653762854,0.162084168329835,0.87131081458749,0.965061796910519,-5.98764873890109,FALSE
"Q5TDH0","High_vs_Low",0.0244412104161249,7.72150725202322,0.161447523656917,0.871820166943975,0.965061796910519,-5.94818857518295,FALSE
"P43487","High_vs_Low",0.0238583884460777,8.53349385615196,0.160657471439332,0.872431411276995,0.965061796910519,-5.98941186147833,FALSE
"Q9Y613","High_vs_Low",-0.034528238641891,6.50890834178365,-0.160245144189709,0.872794906766619,0.965061796910519,-5.80090188479142,FALSE
"Q9P0L0","High_vs_Low",-0.0318683521478986,6.49569185800328,-0.158497060237345,0.874163111451811,0.965719789621923,-5.84532375726752,FALSE
"P80748","High_vs_Low",0.0339810494340202,10.6982061096295,0.157280572494166,0.875092960922188,0.965719789621923,-5.93650485358618,FALSE
"O95810","High_vs_Low",0.0290009119898063,8.6981532830752,0.156037833140247,0.876064998985611,0.965719789621923,-6.02452483278517,FALSE
"P06576","High_vs_Low",0.0293007494247615,7.44942043714986,0.154715713549371,0.877118967221133,0.965719789621923,-5.94698818229891,FALSE
"P62829","High_vs_Low",0.050650539815198,5.41533113225469,0.154650068349213,0.877199636647695,0.965719789621923,-5.76973630590569,FALSE
"P02775","High_vs_Low",0.0237844761063517,15.281641962055,0.154148239730623,0.877552827577947,0.965719789621923,-6.03377472748249,FALSE
"P13473","High_vs_Low",-0.0222105656937739,7.35724220164884,-0.153307112083846,0.878227421866231,0.965719789621923,-5.90661674900949,FALSE
"A0A0C4DH67","High_vs_Low",0.0202418468314676,8.28984084694474,0.152810620154162,0.878613972866265,0.965719789621923,-5.98369154548833,FALSE
"Q13526","High_vs_Low",-0.0216077286087053,8.50291568798007,-0.151948368628032,0.879301049601947,0.965719789621923,-5.91815497853583,FALSE
"Q5XPI4","High_vs_Low",-0.0239146554780181,6.94888700486136,-0.150777316853418,0.880243629630052,0.965719789621923,-5.81287308504147,FALSE
"Q9BTU6","High_vs_Low",-0.0190071492170567,6.23502330427685,-0.149802954713268,0.881007224735986,0.965719789621923,-5.85020231731166,FALSE
"O95466","High_vs_Low",0.0164275830051981,6.12674271442572,0.149484434311393,0.881241225565513,0.965719789621923,-5.95115447194624,FALSE
"Q07065","High_vs_Low",0.02692850224701,8.38400069694923,0.149018424362668,0.881628085557445,0.965719789621923,-5.82863852553955,FALSE
"P20073","High_vs_Low",0.0185943157358688,7.05300774943943,0.14870467793899,0.881852043423075,0.965719789621923,-5.98258201395162,FALSE
"P18206","High_vs_Low",0.0237192263112131,9.12417010865966,0.148579212202428,0.881943438511815,0.965719789621923,-6.03457278444441,FALSE
"P01706","High_vs_Low",-0.0275992868305455,11.433814067945,-0.148210623013822,0.882236594648185,0.965719789621923,-6.01601983689998,FALSE
"Q96P67","High_vs_Low",-0.0262517854021507,10.1279413159114,-0.14816688933037,0.882285996485209,0.965719789621923,-5.89853605293513,FALSE
"O75368","High_vs_Low",0.020826808778307,7.35854027388178,0.147724793871155,0.882625039316405,0.965719789621923,-5.96647305986574,FALSE
"P55056","High_vs_Low",0.0118522931528044,12.4475615596113,0.146102279179649,0.883897425771185,0.965719789621923,-6.0349183026297,FALSE
"Q12860","High_vs_Low",0.0261637067927483,6.987293961541,0.145739971665151,0.884203831561083,0.965719789621923,-5.84517222855647,FALSE
"O00299","High_vs_Low",-0.0161536094630979,10.2654260656412,-0.145637169307732,0.884264418080493,0.965719789621923,-6.03498253513858,FALSE
"P23526","High_vs_Low",-0.0204604896465508,8.03183262475543,-0.145509346420626,0.884369750496149,0.965719789621923,-5.99538966719218,FALSE
"A0A087WSY4","High_vs_Low",-0.0370030321767718,9.29091147014011,-0.144211679214017,0.885416427408023,0.966317420775254,-5.84221354338231,FALSE
"P17900","High_vs_Low",0.0143411588872526,7.53298427407839,0.14083784352152,0.888059759285238,0.968209148561606,-5.99316742937839,FALSE
"O00571","High_vs_Low",0.0250125105379224,6.24096685829931,0.140599881508591,0.888277195897508,0.968209148561606,-5.81127361354924,FALSE
"P05455","High_vs_Low",0.0204941499110634,6.5055073711904,0.14003523921855,0.888710561227132,0.968209148561606,-5.87040097990573,FALSE
"Q13617","High_vs_Low",-0.0222843663216494,5.9798987497988,-0.139493073575576,0.889151243924535,0.968209148561606,-5.78888684384341,FALSE
"P02763","High_vs_Low",-0.0310732097216331,12.0592377645924,-0.137122342351162,0.890987316366598,0.969662799307856,-6.03612225559445,FALSE
"Q5SYB0","High_vs_Low",0.0177745293647131,11.0917581825276,0.13633498802546,0.891610524787355,0.969795596100917,-6.02230669411694,FALSE
"Q9Y251","High_vs_Low",-0.0227594809233169,6.87029089089925,-0.134824874641834,0.892819091606059,0.970564574302092,-5.93903979451899,FALSE
"O43665","High_vs_Low",0.0265676167064477,7.09815455348937,0.132963268486095,0.894312307363203,0.971641951009432,-5.78343136275264,FALSE
"O75165","High_vs_Low",0.0248118098102665,7.6100268827371,0.132280943204584,0.8948268867038,0.97165545778443,-5.93669485539562,FALSE
"Q16539","High_vs_Low",-0.025253366527541,6.34811590351389,-0.131211152048431,0.895692424220073,0.971996407013964,-5.82130996862085,FALSE
"P38606","High_vs_Low",0.0205628041259427,6.60261101412467,0.129949842203939,0.896663850792098,0.971996407013964,-5.9752616415246,FALSE
"Q15907","High_vs_Low",-0.0162599582640919,8.95502711134975,-0.129175353824656,0.897269276963402,0.971996407013964,-6.03487078591619,FALSE
"P52566","High_vs_Low",0.0163212188493009,8.90501773137236,0.128234556455939,0.898013751236562,0.971996407013964,-6.02882400840582,FALSE
"P00558","High_vs_Low",0.0155752744541768,9.7820827112913,0.127773299552552,0.898377916396133,0.971996407013964,-6.03729458433666,FALSE
"Q9BX67","High_vs_Low",-0.0232551776833798,8.84899437266257,-0.127725333770472,0.898424622298476,0.971996407013964,-5.9363189905117,FALSE
"P78371","High_vs_Low",-0.0162781642294316,7.32778451365005,-0.125855744544518,0.899896649335071,0.971996407013964,-6.02269736945923,FALSE
"P07738","High_vs_Low",0.0261485150383987,8.43357348372746,0.125141099206754,0.900465406058489,0.971996407013964,-5.99779418698249,FALSE
"Q13201","High_vs_Low",0.0182162742878536,13.5818124872409,0.124809399110766,0.900722815264598,0.971996407013964,-6.03764896995328,FALSE
"Q8WVN8","High_vs_Low",0.0281006916871309,10.9107653093074,0.124339850090463,0.901100802904466,0.971996407013964,-5.98143445117169,FALSE
"P78324;Q5TFQ8","High_vs_Low",0.0272769490193596,10.7139515858816,0.124231538918253,0.90118785314201,0.971996407013964,-5.97927121394196,FALSE
"P06744","High_vs_Low",0.0215643878224832,7.33467484437811,0.123298627770788,0.901925007632362,0.971996407013964,-5.97985608864576,FALSE
"O43488","High_vs_Low",0.0173231043276472,7.07182046940648,0.122710295321212,0.9023959786896,0.971996407013964,-5.9360067693292,FALSE
"P40121","High_vs_Low",-0.0175993680140305,6.6062492039543,-0.122480648557354,0.902582857547261,0.971996407013964,-5.87150195042978,FALSE
"Q15366","High_vs_Low",-0.0168027735141143,7.52903571261691,-0.122350829394983,0.902675733025371,0.971996407013964,-5.97251870418235,FALSE
"Q13561","High_vs_Low",-0.0275934898772334,6.97075242979821,-0.121075486292095,0.903706870301625,0.972102060607488,-5.82339561962201,FALSE
"P01861","High_vs_Low",-0.0209270250650295,13.8759859550291,-0.120236682632556,0.904342231660841,0.972102060607488,-6.03817940442433,FALSE
"P60842","High_vs_Low",0.0153099877322953,7.57945332986004,0.119904507518134,0.904606428882702,0.972102060607488,-6.02062165150307,FALSE
"P28676","High_vs_Low",-0.0188051862251264,8.26663125603346,-0.119687194019801,0.904783364937512,0.972102060607488,-5.96680048091357,FALSE
"Q9UNS2","High_vs_Low",-0.0209572948571717,6.11093327891476,-0.117017933245041,0.906921485378149,0.973155911798679,-5.78074231556733,FALSE
"Q9H299","High_vs_Low",-0.0162113767342493,8.93409782314612,-0.116849217607103,0.90702603781813,0.973155911798679,-6.02509804841453,FALSE
"P06454","High_vs_Low",0.00976438336386209,10.8460514353362,0.116117437937017,0.907604861263832,0.973155911798679,-6.03323769213407,FALSE
"P15814","High_vs_Low",-0.0225750472674697,10.0688193695042,-0.114461877168933,0.908925524382213,0.973155911798679,-5.94952309673365,FALSE
"P37235","High_vs_Low",-0.0156156289833191,7.08199605951673,-0.114242554227158,0.909098774573254,0.973155911798679,-5.95837703118583,FALSE
"O15111","High_vs_Low",0.0233384193626165,7.65891913090884,0.114000725503424,0.909321152428075,0.973155911798679,-5.74911388224938,FALSE
"Q86UX7","High_vs_Low",0.0167757251077933,10.1858235340547,0.113583911675101,0.909611602971384,0.973155911798679,-6.03891577464381,FALSE
"P17858","High_vs_Low",0.0153676992060241,6.98373957697861,0.113367161448046,0.909787619867602,0.973155911798679,-6.0039989530657,FALSE
"P13797","High_vs_Low",0.0146427430945613,6.30121188898574,0.110254403891943,0.912267468191411,0.975058119479163,-5.89931129231797,FALSE
"A0A075B6P5;P01615","High_vs_Low",0.0169634108536538,9.76705372042536,0.109847025708446,0.912573774871713,0.975058119479163,-6.03726293696822,FALSE
"P10644","High_vs_Low",0.0151201600289639,7.55584653349951,0.109076894589231,0.91319006436821,0.975178131651482,-5.98651619498006,FALSE
"P53618","High_vs_Low",-0.022648125762613,6.22145221737366,-0.105752633778107,0.915840339803206,0.977468867909103,-5.83047812826481,FALSE
"P00492","High_vs_Low",0.0158987257566219,6.93625329856206,0.103207084741301,0.917852418326903,0.979076311721366,-5.91020636771648,FALSE
"P06702","High_vs_Low",0.0161941887179644,11.6268807621307,0.101431141481761,0.919247424484548,0.979635787547544,-6.04015273812342,FALSE
"P06756","High_vs_Low",-0.010061966095134,6.77845393413756,-0.101262212047374,0.919389452292682,0.979635787547544,-5.92050974463643,FALSE
"P13798","High_vs_Low",-0.0133694746309416,8.14075648618334,-0.0998488277858992,0.920503769112127,0.980017361824899,-6.03167407995604,FALSE
"P22392","High_vs_Low",0.0138943648195013,7.5784641547145,0.0990736185321384,0.921126361836132,0.980017361824899,-5.97100994220971,FALSE
"P35251","High_vs_Low",0.0217754709858919,9.23929673339768,0.0989006946528257,0.921266967007489,0.980017361824899,-5.91260618332492,FALSE
"Q9NQC3","High_vs_Low",-0.020120849818305,7.7096078775072,-0.0972229874458596,0.922607707099861,0.980904347933094,-5.85014538139171,FALSE
"P20700","High_vs_Low",-0.0206600212251518,6.16019659028988,-0.0947058739957379,0.924609140306469,0.981732228896558,-5.79410709329626,FALSE
"P40197","High_vs_Low",-0.0116377462717843,8.7162800292999,-0.0937399898555697,0.925351911025222,0.981732228896558,-6.0408633320589,FALSE
"P68402","High_vs_Low",-0.010447062679539,7.93985334999542,-0.0934006300785346,0.925624380682902,0.981732228896558,-5.99968477140807,FALSE
"P28070","High_vs_Low",-0.0134392936358596,7.12327044596719,-0.0921415111298827,0.926632020950418,0.981732228896558,-5.9001376069829,FALSE
"Q9NUQ9","High_vs_Low",-0.00937524450704696,7.29107790280348,-0.0916288177157193,0.927029982455043,0.981732228896558,-6.01605511474274,FALSE
"Q99536","High_vs_Low",0.00699042514233561,7.90859490254638,0.091222283239291,0.927351609250499,0.981732228896558,-6.03436876513585,FALSE
"P01624","High_vs_Low",-0.0113759608969239,12.7404701048851,-0.0898233996156801,0.928462236272463,0.981732228896558,-6.04120366950086,FALSE
"O76074","High_vs_Low",0.0218018208066164,6.67926928337318,0.0890294696717561,0.929125852460585,0.981732228896558,-5.75588449142142,FALSE
"A0A075B6K5","High_vs_Low",0.0157167928038753,10.4280864652592,0.0889603797581893,0.929147744887818,0.981732228896558,-6.0412767101817,FALSE
"P62328","High_vs_Low",-0.0118417198204455,11.2201941674369,-0.0883626322758974,0.929622840065117,0.981732228896558,-6.03810906138097,FALSE
"P54577","High_vs_Low",-0.0145390848296634,8.01287685759732,-0.088366738792442,0.929624286997407,0.981732228896558,-5.97393007791163,FALSE
"Q15008","High_vs_Low",0.0145707270951574,6.61558541427175,0.0875801247073208,0.930260265798228,0.981732228896558,-5.84237995005271,FALSE
"Q15404","High_vs_Low",0.0126258472835747,9.75636250570372,0.0868722816085252,0.93080663207467,0.981732228896558,-6.04093652025267,FALSE
"Q99685","High_vs_Low",-0.0183697528942783,7.57954024689446,-0.0857258066214664,0.931741090356942,0.981732228896558,-5.81021286159167,FALSE
"Q0VGL1","High_vs_Low",0.011289107801761,6.91971798700889,0.0855294312112033,0.931900228592942,0.981732228896558,-5.7782665326593,FALSE
"Q92619","High_vs_Low",-0.0288516260453857,8.03926713110375,-0.0853918374379074,0.931997811904372,0.981732228896558,-5.86233070660262,FALSE
"Q9HBI1","High_vs_Low",0.0134872387487697,9.30077354214207,0.0853562705812321,0.932011423505415,0.981732228896558,-6.03748972474636,FALSE
"Q15942","High_vs_Low",0.0152660846976911,9.18954328451678,0.0846078376016479,0.932606012519505,0.981824066499044,-6.03817957151775,FALSE
"P12931","High_vs_Low",-0.0142436265717976,7.22612233679061,-0.0836024757708714,0.933412184327242,0.982138432122465,-5.96046856801274,FALSE
"P78423","High_vs_Low",-0.00913951280968384,10.3908854548977,-0.0814058401272,0.935150676038496,0.982632195186304,-6.04133186476318,FALSE
"P40227","High_vs_Low",-0.0117009329152928,7.60400439812665,-0.0813274430836664,0.935215838808938,0.982632195186304,-6.00928131807133,FALSE
"O15145","High_vs_Low",0.0109840930707161,8.17446424303002,0.0810868496749912,0.935404911386652,0.982632195186304,-6.02608421653151,FALSE
"P16615","High_vs_Low",0.0210009532659461,7.03326453822766,0.0764858291438691,0.93908314191197,0.985334082651126,-5.84054436955574,FALSE
"P08133","High_vs_Low",-0.00755206868818448,9.34076333893893,-0.0759271145767452,0.939506368950368,0.985334082651126,-6.04229403087425,FALSE
"Q9Y4D1","High_vs_Low",-0.0175474891450529,6.17802901426807,-0.0754329571648027,0.939922510150229,0.985334082651126,-5.80881465978963,FALSE
"O14979","High_vs_Low",-0.0113085454347122,7.27652717292797,-0.0753065007869235,0.940013807014975,0.985334082651126,-5.86964846569029,FALSE
"P61978","High_vs_Low",0.0106408700889933,7.4412428072953,0.0719107754670125,0.942702404163662,0.98641309740897,-6.01672837598421,FALSE
"Q9NNX6","High_vs_Low",-0.0101936412175476,6.45396900656522,-0.0716475048999352,0.942926028388635,0.98641309740897,-5.82426712590735,FALSE
"P50991","High_vs_Low",0.0114141642278209,8.07318497551057,0.0710460963310069,0.943389559067024,0.98641309740897,-6.02416579495716,FALSE
"A2NJV5","High_vs_Low",0.00917861996403424,11.2133011808804,0.0695078831845082,0.944612153908682,0.98641309740897,-6.04273597793454,FALSE
"Q96K76","High_vs_Low",-0.0116494333621713,6.11480742205963,-0.0693007840652379,0.944786891531994,0.98641309740897,-5.88976809110342,FALSE
"Q13418","High_vs_Low",-0.0095785220461817,9.40625799848527,-0.0688508487130358,0.945134884127843,0.98641309740897,-6.04277901210846,FALSE
"P68400;Q8NEV1","High_vs_Low",-0.0099942479795887,6.58235065185491,-0.0687263580260041,0.945250557872603,0.98641309740897,-5.83324145187712,FALSE
"P25789","High_vs_Low",0.00807001934777318,8.1728785997245,0.068249368146106,0.945615052097356,0.98641309740897,-6.00782960076747,FALSE
"Q4KWH8","High_vs_Low",0.0123227272251398,11.2376480095544,0.0682373695467337,0.945631160565188,0.98641309740897,-5.96096844448128,FALSE
"Q15833","High_vs_Low",-0.0117430612056566,7.2884459124441,-0.0667316279932579,0.946824314148429,0.986832028613909,-5.98478091497516,FALSE
"P30048","High_vs_Low",0.0111049598267883,7.14800510076298,0.0664491409992807,0.947052753041876,0.986832028613909,-5.93493731275373,FALSE
"P55084","High_vs_Low",0.0138417017987749,6.88703015562302,0.0652840264094414,0.947995199675939,0.987282406551637,-5.77793428209301,FALSE
"P31146","High_vs_Low",0.00799924343874459,9.3771647002772,0.0623006130912376,0.950347539354571,0.988315030878461,-6.04211982742416,FALSE
"P02787","High_vs_Low",-0.0113618631009658,13.0689381564924,-0.061636382508476,0.950876152219133,0.988315030878461,-6.04322465955055,FALSE
"Q99497","High_vs_Low",-0.00837535086782104,8.74573045486422,-0.0606431836167179,0.951668282734784,0.988315030878461,-6.00602520813888,FALSE
"P52907","High_vs_Low",0.00679021084001086,9.00731496348031,0.0598126448221584,0.952328032579566,0.988315030878461,-6.04174506321043,FALSE
"Q9UIA9","High_vs_Low",-0.0100222020209646,6.20144874289177,-0.0596674604936627,0.952458744020087,0.988315030878461,-5.80598551791247,FALSE
"P47756","High_vs_Low",0.00857598629379019,9.01833240279725,0.0592322845450534,0.952790137193454,0.988315030878461,-6.04110190672312,FALSE
"P24844","High_vs_Low",0.00951774996087273,8.21613779895918,0.0585970688687967,0.953297660138047,0.988315030878461,-5.99356617910418,FALSE
"P62917","High_vs_Low",-0.0125197747630326,6.98300388883625,-0.0582394197091666,0.953594785496347,0.988315030878461,-5.76229688760335,FALSE
"P14618","High_vs_Low",0.00708283541630905,9.90762554767167,0.0574010817708194,0.954247813109469,0.988315030878461,-6.0434633240139,FALSE
"P26583","High_vs_Low",0.00935488800009665,7.82840264011142,0.0568585299528472,0.954683609684386,0.988315030878461,-5.95580236342587,FALSE
"Q8NBS9","High_vs_Low",-0.0067803716967223,7.95624233795867,-0.0565186947292479,0.954952594152965,0.988315030878461,-5.99170365481766,FALSE
"Q9UL46","High_vs_Low",-0.00578481437663925,7.71556122699062,-0.0563115006101639,0.955115817954896,0.988315030878461,-6.03408011369655,FALSE
"P25788","High_vs_Low",0.00668575717777564,7.65030621360933,0.0540334606731996,0.956930914683597,0.98915364748579,-5.99728829829981,FALSE
"P23219","High_vs_Low",0.0135787089596313,6.78685015243628,0.0540325834401133,0.956948645009508,0.98915364748579,-5.76793767804089,FALSE
"Q8NFP4","High_vs_Low",0.0109192805980989,13.6427133332272,0.0526990637046226,0.958007899986623,0.989234404689288,-5.71624203436937,FALSE
"P02144","High_vs_Low",0.00860368555267765,7.74751368795713,0.0526340984097749,0.958049237409677,0.989234404689288,-5.87666889512458,FALSE
"P31946","High_vs_Low",-0.00600887483545165,10.2183421075278,-0.0511882861785792,0.959195197820088,0.989853308117842,-6.04378269446262,FALSE
"O75347","High_vs_Low",-0.00795288426037821,7.5960979704737,-0.0500121500563508,0.960137573518316,0.989853308117842,-5.91852154152413,FALSE
"O75608","High_vs_Low",0.00951558480013759,6.99241013050868,0.049965090907677,0.960183286479167,0.989853308117842,-5.719522118439,FALSE
"P61019","High_vs_Low",-0.00711348306993198,7.09333030123776,-0.0482916107408026,0.961505626514968,0.99037557347202,-5.97086717965617,FALSE
"Q13404","High_vs_Low",0.00710217521234657,7.46645275315594,0.0478208336615262,0.961884385996522,0.99037557347202,-5.90382533544479,FALSE
"P15531","High_vs_Low",-0.00604622712803504,8.38759452844259,-0.047011975362457,0.962522248449943,0.99037557347202,-6.02801161201061,FALSE
"Q15848","High_vs_Low",0.00639084811706958,7.7711434570152,0.0461130444339163,0.963241139931681,0.99037557347202,-5.96786946322052,FALSE
"P32119","High_vs_Low",-0.0072808518861347,12.1770416152324,-0.0454677628314219,0.963751974068796,0.99037557347202,-6.0440444438667,FALSE
"P50395","High_vs_Low",0.00473647120884735,8.84589954259532,0.0433170724515799,0.965465456809022,0.99037557347202,-6.04413483751501,FALSE
"P24666","High_vs_Low",-0.00609565532258394,8.17394931800359,-0.0432431222579787,0.965528013625325,0.99037557347202,-5.94577064917508,FALSE
"Q13885","High_vs_Low",-0.00506948465275947,9.84143435867908,-0.043037247713878,0.965688569970863,0.99037557347202,-6.03574175422651,FALSE
"Q96AG4","High_vs_Low",0.00746135736266051,7.13357222981386,0.0427329568444522,0.965938877428617,0.99037557347202,-5.87611259494955,FALSE
"P61006","High_vs_Low",0.0045903624638548,7.8498519733006,0.0422726064573929,0.966298443985442,0.99037557347202,-6.02533344562371,FALSE
"Q9BVC6","High_vs_Low",-0.00901676636864046,7.8274023666764,-0.0415782636458908,0.966862787581181,0.99037557347202,-5.76703891688023,FALSE
"Q5SQ64","High_vs_Low",-0.00631877955598448,7.71255181279381,-0.0408034329116079,0.967479339508641,0.99037557347202,-5.82322206818889,FALSE
"Q13642","High_vs_Low",0.00600631914227989,9.01164399220687,0.0407325971069552,0.967526169792415,0.99037557347202,-6.02328463648134,FALSE
"Q9Y376","High_vs_Low",-0.0048641208927398,6.89473151519236,-0.0403218436425011,0.96785540539307,0.99037557347202,-5.95996006654807,FALSE
"Q16643","High_vs_Low",-0.00636932396079271,6.81571424336733,-0.0395441950992879,0.96847617175438,0.990486993839707,-5.92658560419016,FALSE
"P05109","High_vs_Low",0.00638884952243224,11.374811309215,0.0381118582355815,0.969613164521938,0.990877215065065,-6.04433548736519,FALSE
"P20618","High_vs_Low",0.00463497847750105,7.57510109498544,0.0368450412702536,0.970624665408956,0.990877215065065,-5.97517552061861,FALSE
"P53990","High_vs_Low",0.00604828505648847,8.00666791547254,0.0357564241121908,0.971494754864031,0.990877215065065,-5.9194127346101,FALSE
"P02749","High_vs_Low",0.00515989263516659,13.8718077363673,0.035712230564765,0.971525561298273,0.990877215065065,-6.04441934907701,FALSE
"P38571","High_vs_Low",-0.00306331637039392,7.72585907088287,-0.0352530416474151,0.971895441673797,0.990877215065065,-5.91306808619238,FALSE
"O14983","High_vs_Low",0.0075071026422755,7.71478754755593,0.035212377468882,0.971930208885527,0.990877215065065,-5.88265898314465,FALSE
"Q13185","High_vs_Low",-0.00505611038779552,7.0171528414001,-0.0335460000583551,0.973260193773984,0.991648665432959,-5.82797607868016,FALSE
"O14980","High_vs_Low",0.00564455284683518,5.95159645235825,0.0324239102128052,0.974153987762514,0.991648665432959,-5.83287672451686,FALSE
"P05546","High_vs_Low",-0.00260534506102772,16.0905144451672,-0.0322255206855807,0.974304604034075,0.991648665432959,-6.04453148607584,FALSE
"P27918","High_vs_Low",-0.00858568619143618,9.07420434979939,-0.0315708991452182,0.97483694217651,0.991648665432959,-5.72211499877208,FALSE
"Q02878","High_vs_Low",-0.00591477870109181,7.73002134741763,-0.0310474621510611,0.975249307658357,0.991648665432959,-5.85908307923461,FALSE
"P08631","High_vs_Low",-0.00374111004910027,6.94719514800377,-0.0292020467309807,0.976718961133604,0.992353591088658,-5.92445158334216,FALSE
"P02741","High_vs_Low",-0.00645540746648976,7.10262507153314,-0.0288948830598315,0.976968264095035,0.992353591088658,-5.73385272707827,FALSE
"P60900","High_vs_Low",-0.00341915989401453,7.61762097464729,-0.027185916683822,0.9783228770716,0.992902636538529,-5.99263914198182,FALSE
"P46781","High_vs_Low",-0.00400079017552635,6.99252400705428,-0.0268741230579638,0.978576700950345,0.992902636538529,-5.84010542870441,FALSE
"Q9H4A4","High_vs_Low",0.00347456404279356,6.40898834573268,0.0257228917433282,0.979492715333025,0.992902636538529,-5.87392317634901,FALSE
"P63010","High_vs_Low",0.00310399449567367,6.62330822243929,0.0247519009623502,0.980263462623628,0.992902636538529,-5.99137936405215,FALSE
"P80511","High_vs_Low",0.0038843175424299,7.94284215439257,0.0243711847242165,0.980567065865365,0.992902636538529,-5.97839046452203,FALSE
"P01619","High_vs_Low",0.00360872114751665,11.5039449401794,0.0241243744846677,0.980762699428701,0.992902636538529,-6.04315670132015,FALSE
"P04908;P0C0S8;P20671;Q16777;Q6FI13;Q7L7L0;Q93077;Q96KK5;Q99878;Q9BTM1","High_vs_Low",-0.00304354413776942,12.3520710485,-0.023700414102709,0.981100693055125,0.992902636538529,-6.04475718803759,FALSE
"P29401","High_vs_Low",-0.0030800012479677,6.6712970785812,-0.0228351930607625,0.981791477624672,0.993082336227778,-5.9841640753696,FALSE
"P01709","High_vs_Low",-0.00405955179919282,11.8409095849418,-0.021515066634727,0.982843375783597,0.993437970318689,-6.02123624018358,FALSE
"Q14247","High_vs_Low",0.00342373628435944,8.18664052884128,0.0203537900971649,0.983770097496893,0.993437970318689,-5.97942382679111,FALSE
"P09496","High_vs_Low",-0.00318252572408984,7.4934154761019,-0.0197937273765732,0.984218750921914,0.993437970318689,-5.8567958124802,FALSE
"P62241","High_vs_Low",-0.00471641899852404,7.35119442913124,-0.0194547851020293,0.984489375089199,0.993437970318689,-5.80926665935094,FALSE
"P00915","High_vs_Low",0.00338059851372208,11.9714019846895,0.017644754401686,0.985929040324309,0.993437970318689,-6.04487571272379,FALSE
"Q92882","High_vs_Low",0.00303767778575903,7.56085153810065,0.0175521525099454,0.986004696109116,0.993437970318689,-5.91308416910552,FALSE
"P19367","High_vs_Low",0.0042033955910723,7.41152132612373,0.0172023740670764,0.986284160063284,0.993437970318689,-5.90700183995933,FALSE
"Q3ZCW2","High_vs_Low",0.00318941238953929,7.55340015552602,0.0164660882084796,0.986870594322572,0.993437970318689,-5.92492501256132,FALSE
"P01597;P04432","High_vs_Low",-0.00200924358369825,8.9481176277079,-0.015271643630827,0.987821674062382,0.993437970318689,-6.02153406799054,FALSE
"Q13283","High_vs_Low",0.00447225546778984,7.17611793873505,0.0151398648217409,0.987929928605479,0.993437970318689,-5.81657450503857,FALSE
"Q9NY65","High_vs_Low",0.00261457268227439,7.66008430831414,0.0146564961308703,0.988313079478769,0.993437970318689,-5.94609773097313,FALSE
"P18433","High_vs_Low",0.00258510487610497,6.79654670284352,0.0142093223345556,0.988670885837832,0.993437970318689,-5.88793244723954,FALSE
"Q92973","High_vs_Low",0.00216809236972981,5.84447604822456,0.0137594559900939,0.989031430736117,0.993437970318689,-5.73469638567195,FALSE
"P23528","High_vs_Low",0.00166976240181604,10.7042326867001,0.0128650085102052,0.989740439567369,0.993437970318689,-6.04494474725847,FALSE
"Q9UBQ6","High_vs_Low",0.00206558282764746,7.1458009847719,0.0127370445417277,0.989844137867924,0.993437970318689,-5.88388015566686,FALSE
"Q04917","High_vs_Low",-0.00154918105035495,7.50379226446109,-0.0105919443729751,0.991553368633517,0.994637515969858,-6.01658954294338,FALSE
"P08311","High_vs_Low",-0.00104242810049904,9.27041425886932,-0.00760904360168525,0.993931852226565,0.995723235481614,-6.04484357584594,FALSE
"P02745","High_vs_Low",-0.0012008612117409,11.1660501725861,-0.00681258565509708,0.994567005205631,0.995723235481614,-6.04500112713755,FALSE
"P0DPH7;P0DPH8","High_vs_Low",0.000992791594979892,11.0208180644804,0.00680345060542616,0.994574290238376,0.995723235481614,-6.04500118601981,FALSE
"O75015","High_vs_Low",-0.000882025556855126,7.96643875848426,-0.00608354610077809,0.995149858610853,0.995723235481614,-5.81863047995113,FALSE
"P09543","High_vs_Low",0.000915578439929732,6.97470389874722,0.0060098628177642,0.995208649830202,0.995723235481614,-5.85452164836897,FALSE
"Q1KMD3","High_vs_Low",0.000109469116203798,6.52955146032641,0.000667383396201007,0.999467974426865,0.999467974426865,-5.79152460215183,FALSE
