"PG.ProteinGroups","Run","Contrast","logFC","SE_moderated","CI_low","CI_high","AveExpr","t","P.Value","adj.P.Val","B","N_observed_control","N_observed_low","N_observed_high"
"Q14520","20260527","High_vs_Low",-0.514244175403928,0.0888204073856894,-0.689813857862551,-0.338674492945304,17.3352232456515,-5.78970746183249,4.29048895916793e-08,6.15256116744681e-05,8.30425612222657,30,66,46
"P07585","20260527","High_vs_Low",-0.349945092700821,0.0637471990811662,-0.475953020717939,-0.223937164683704,12.3115400839099,-5.48957597737358,1.78454467064599e-07,0.000115025937461474,6.9688910714386,30,66,46
"Q14515","20260527","High_vs_Low",-0.426853596219075,0.0792221061091378,-0.58345049126468,-0.27025670117347,14.5932613097103,-5.38806170629994,2.86073663388975e-07,0.000115025937461474,6.52742086653836,30,66,46
"P08493","20260527","High_vs_Low",-0.384848112812968,0.0726137790995693,-0.528382448151831,-0.241313777474104,14.2058323540404,-5.29993229363888,4.29068416315152e-07,0.000115025937461474,6.14850326455774,30,66,46
"P13929","20260527","High_vs_Low",-0.964080498869784,0.182019166410256,-1.32389803586388,-0.604262961875692,8.37884135080447,-5.29658781480641,4.39585930008123e-07,0.000115025937461474,6.12652478851836,29,66,46
"Q14767","20260527","High_vs_Low",-0.499794948169619,0.0947513734302772,-0.687088263245682,-0.312501633093556,9.52594436007633,-5.27480425956457,4.8128007306056e-07,0.000115025937461474,6.04121587773084,30,66,46
"P02768","20260527","High_vs_Low",-0.660149389921738,0.12853772272321,-0.914229173686765,-0.406069606156711,14.5182462357373,-5.13584164971779,9.03406744785524e-07,0.00016589331431917,5.45337796925702,30,66,46
"O75787","20260527","High_vs_Low",-0.44572889021426,0.0869241550154798,-0.617550285130659,-0.273907495297862,10.2333027959457,-5.12779089005678,9.35906441250087e-07,0.00016589331431917,5.42034492659844,30,66,46
"P06733","20260527","High_vs_Low",-0.500943268257595,0.0983681807807812,-0.695385860585727,-0.306500675929463,12.9358038757419,-5.09253362501411,1.09583250476355e-06,0.00016589331431917,5.27320484575472,30,66,46
"P0DJI8","20260527","High_vs_Low",-0.746947649770481,0.147017160630152,-1.03755705413485,-0.45633824540611,14.9194483539973,-5.08068341524812,1.15685714309044e-06,0.00016589331431917,5.22277812707528,30,66,46
"P02760","20260527","High_vs_Low",-0.301140315505824,0.0596902645025147,-0.419128974790743,-0.183151656220906,15.5665184530544,-5.04504910500334,1.35377180199665e-06,0.000176482614914836,5.0761304823292,30,66,46
"Q13444","20260527","High_vs_Low",-0.532470348558192,0.106055606922599,-0.742173290601699,-0.322767406514685,7.76825305090445,-5.02067136296525,1.5617315023683e-06,0.000186131970006782,4.94781574842554,29,64,44
"Q9NYQ8","20260527","High_vs_Low",-0.689813326116623,0.138009180249282,-0.962646543465541,-0.416980108767706,8.22071601270757,-4.99831478507903,1.68738884943386e-06,0.000186131970006782,4.87348511805699,30,66,44
"Q08378","20260527","High_vs_Low",-0.597359409520116,0.119993620543974,-0.834897046702028,-0.359821772338205,11.1255151106057,-4.97825973424314,2.13155606308542e-06,0.00021833224246175,4.67187496768311,24,57,40
"Q96MT3","20260527","High_vs_Low",-0.871862647292755,0.178978265992157,-1.22629144509859,-0.517433849486924,12.4833408282448,-4.87133251883756,3.48253571955245e-06,0.000329058475102417,4.22126421759458,21,59,37
"P09603","20260527","High_vs_Low",-0.386022498156908,0.0801383551273667,-0.54443052595813,-0.227614470355686,11.6799322445992,-4.81695060428167,3.67150320895305e-06,0.000329058475102417,4.14735872316228,30,66,46
"P13591","20260527","High_vs_Low",-0.407191043656249,0.0848756340997317,-0.57496316456824,-0.239418922744258,12.7532648578771,-4.79750222752724,3.99198259564732e-06,0.000336735473068133,4.06956889745107,30,66,46
"P04004","20260527","High_vs_Low",-0.284835690550981,0.0595945938598374,-0.402635239418036,-0.167036141683926,18.1939064329618,-4.77955586409224,4.31162955561588e-06,0.000343493154597398,3.99798564079912,30,66,46
"P05090","20260527","High_vs_Low",-0.52807219263779,0.111181820164498,-0.747843272685749,-0.308301112589831,12.7977000422317,-4.74962715897694,4.90058153266956e-06,0.000369864943044639,3.87903443594951,30,66,46
"P07359","20260527","High_vs_Low",-0.42202622622202,0.0890930142458821,-0.598134765698853,-0.245917686745186,17.0744185640835,-4.73691713984776,5.17360273205622e-06,0.000370947315888431,3.82868060057535,30,66,46
"Q9Y240","20260527","High_vs_Low",-0.493770859157236,0.105563170334265,-0.702435656363498,-0.285106061950973,12.9029373415563,-4.67749175771922,6.65776765152914e-06,0.00044797388593543,3.59454240923665,30,66,46
"P01011","20260527","High_vs_Low",-0.382478069427773,0.0820581066558187,-0.544680835129556,-0.220275303725989,12.5326521537578,-4.66106378778667,7.13589541967926e-06,0.00044797388593543,3.53019282654627,30,66,46
"P14314","20260527","High_vs_Low",-0.335269025961475,0.07195487062275,-0.47750090890849,-0.19303714301446,12.4710696248738,-4.65943476876286,7.18507627372029e-06,0.00044797388593543,3.52382078852096,30,66,46
"Q15758","20260527","High_vs_Low",-0.827407205729436,0.177676805451141,-1.17902242416709,-0.475791987291781,7.04687286677523,-4.65681045777786,8.02362066222453e-06,0.000479411334567916,3.44435336333933,28,57,40
"O00187","20260527","High_vs_Low",-0.350332849578095,0.0760182063245173,-0.500596654240851,-0.200069044915339,16.3238035194274,-4.60853875034284,8.89772666764128e-06,0.000488789185061226,3.32555417393854,30,66,46
"Q15582","20260527","High_vs_Low",-0.357012797720749,0.0775787372493867,-0.510361275455949,-0.203664319985549,10.6154031968612,-4.60194133571788,9.14670932405761e-06,0.000488789185061226,3.29997020244828,30,66,46
"P28906","20260527","High_vs_Low",-0.491910229107107,0.106926079220155,-0.703269063498728,-0.280551394715487,10.723011303328,-4.60047008825874,9.20314365178041e-06,0.000488789185061226,3.29426854117263,30,66,46
"Q86YZ3","20260527","High_vs_Low",-1.21085476167201,0.264193336577077,-1.73311820701279,-0.688591316331228,8.50202826487924,-4.58321461608381,9.94908412067648e-06,0.000495775466019979,3.22345298852707,30,65,46
"P35443","20260527","High_vs_Low",-0.421644621305392,0.0920631378309263,-0.60362415000686,-0.239665092603923,15.4148123767856,-4.57995057782781,1.00261426182562e-05,0.000495775466019979,3.21488667349588,30,66,46
"P13611","20260527","High_vs_Low",-0.311957383306158,0.0684264951575989,-0.447214790699133,-0.176699975913183,13.0796206979684,-4.55901449559359,1.09388672382124e-05,0.000515771511398888,3.13416191803299,30,66,46
"P02671","20260527","High_vs_Low",-0.433142958908348,0.0951035904877604,-0.621132673068295,-0.245153244748402,16.7216617281362,-4.55443329412566,1.11498722826817e-05,0.000515771511398888,3.11647137365693,30,66,46
"P49746","20260527","High_vs_Low",-0.423801146279233,0.0934832315703144,-0.60858774842502,-0.239014544133447,11.7711397778529,-4.53344561543603,1.21626031153657e-05,0.000545036652107326,3.03594384756348,30,66,46
"Q6AHZ1","20260527","High_vs_Low",-0.690722029771019,0.152918631562761,-0.993231943609615,-0.388212115932423,11.3296800775484,-4.51692526091912,1.38470586259606e-05,0.000601717638473561,2.93329407854555,26,63,41
"P60985","20260527","High_vs_Low",-0.43934631726253,0.0980536692597373,-0.633167220392148,-0.245525414132911,11.0971789597104,-4.48067186653395,1.51192942768859e-05,0.000637678470383951,2.83451712008821,30,66,46
"P21810","20260527","High_vs_Low",-0.30889366380879,0.0698266242628438,-0.446918680917193,-0.170868646700388,10.6910367743563,-4.42372328706658,1.90842342012455e-05,0.000758437492196453,2.61912833089066,30,66,46
"Q92696","20260527","High_vs_Low",-0.786478617293438,0.177619660097752,-1.13782791526439,-0.435129319322486,9.04710880322414,-4.42788043204568,1.97676504757964e-05,0.000758437492196453,2.60515412984395,29,60,42
"P56715","20260527","High_vs_Low",-0.428918792428462,0.0970581107587793,-0.620831053985315,-0.237006530871609,10.8248806096438,-4.4191957691662,1.98793618329626e-05,0.000758437492196453,2.58787315443607,27,66,44
"P14209","20260527","High_vs_Low",-0.460769758269738,0.10445927929457,-0.667252514152247,-0.254287002387229,8.74945025838769,-4.41099882539291,2.00980646467679e-05,0.000758437492196453,2.57128439298836,30,66,46
"O00560","20260527","High_vs_Low",-0.50561073298357,0.115590831283465,-0.73409702505203,-0.27712444091511,8.86538401227118,-4.37414219942457,2.33355624582245e-05,0.000858030681156254,2.43328888157191,30,66,46
"O00468","20260527","High_vs_Low",-0.364209621498643,0.0834184017095517,-0.529101257671341,-0.199317985325946,10.1931763637726,-4.36605849590307,2.41098932680493e-05,0.000864339673659568,2.40313932977475,30,66,46
"Q92187","20260527","High_vs_Low",-0.329167601517184,0.0755217314783927,-0.478450033389065,-0.179885169645304,10.7329300631378,-4.3585812331562,2.4848080062315e-05,0.000869076751447798,2.37528912716714,30,66,46
"Q9UBQ7","20260527","High_vs_Low",-0.852018523535595,0.194868538392645,-1.2376576973787,-0.466379349692489,7.07616674526786,-4.37227338267834,2.54755945979479e-05,0.000869809586987079,2.38220375648345,27,60,38
"P28482","20260527","High_vs_Low",-0.932236560375683,0.214820119731943,-1.35697679263965,-0.507496328111718,9.30702308340844,-4.33961475088528,2.72928808967541e-05,0.000910185841998728,2.29071938201622,26,66,46
"Q9Y543","20260527","High_vs_Low",-0.414380845217714,0.0957237210132594,-0.603679219599599,-0.225082470835829,10.3338769728122,-4.32892537848915,2.88354410756816e-05,0.000939773238693806,2.24765097073773,27,64,44
"P27797","20260527","High_vs_Low",-0.315405085635881,0.0732776159540537,-0.460251615201011,-0.170558556070751,12.0420589764003,-4.30424873311442,3.09032112259754e-05,0.00098478233106775,2.17400725837357,30,66,46
"P01008","20260527","High_vs_Low",-0.439063172930382,0.102285163733637,-0.641248394159579,-0.236877951701185,11.2687594609865,-4.2925401583533,3.23822575835146e-05,0.000989698751578796,2.13088291662606,30,66,46
"Q6UWD8","20260527","High_vs_Low",-0.578817532369952,0.133784251678785,-0.843816226935183,-0.313818837804722,7.35161000618247,-4.32649975693468,3.24378251912158e-05,0.000989698751578796,2.17355618356606,24,52,38
"Q16610","20260527","High_vs_Low",-0.330592155679525,0.0775598625938026,-0.483903324226613,-0.177280987132438,11.9087041398547,-4.26241285922471,3.6506944932497e-05,0.00109064497985835,2.02033235871501,30,66,46
"P09326","20260527","High_vs_Low",-0.533968698948978,0.125613266456074,-0.78237512203025,-0.285562275867707,8.12197061058538,-4.25089414529081,3.92882978901137e-05,0.00114978406478414,1.96706090853616,30,62,43
"P08603","20260527","High_vs_Low",-0.384995353557057,0.0918633050185663,-0.566579876375942,-0.203410830738173,11.3455903518384,-4.19095909383237,4.84012112230406e-05,0.0013881467378768,1.7605287796342,30,66,46
"Q02952","20260527","High_vs_Low",-0.391761955562529,0.0937055805082881,-0.576988070806534,-0.206535840318525,11.1259040192559,-4.18077507697504,5.0372834435714e-05,0.00141157121781155,1.72377590568909,30,66,46
"P12109","20260527","High_vs_Low",-0.377310826114439,0.0903374509697001,-0.555879221010442,-0.198742431218435,9.61683349238289,-4.17668222939998,5.11866829331944e-05,0.00141157121781155,1.70902480801846,30,66,46
"Q9NS73","20260527","High_vs_Low",-0.330227248689935,0.0791962711401252,-0.486782472662088,-0.173672024717782,13.1596934142312,-4.16973228582506,5.27850995092515e-05,0.00142818552257107,1.68118665060239,29,66,46
"Q9NP78","20260527","High_vs_Low",-0.822847941045756,0.197621484586027,-1.21365901087441,-0.432036871217106,11.5676799753448,-4.16375751234458,5.52874321107602e-05,0.0014681884749413,1.65003686833801,27,65,43
"P08195","20260527","High_vs_Low",-0.479911150665939,0.115647692833679,-0.708580450964843,-0.251241850367035,7.45318486184393,-4.14976848138365,5.78913574476424e-05,0.00149729643631863,1.60651719881712,30,63,44
"Q6UY14","20260527","High_vs_Low",-0.550926078650868,0.133121925612154,-0.814065765755839,-0.287786391545896,9.0904203288307,-4.13850743307282,5.9408974630311e-05,0.00149729643631863,1.57197828359661,30,66,46
"Q92743","20260527","High_vs_Low",-0.33279908761776,0.0804242343592581,-0.491772207692729,-0.173825967542791,10.5269184046585,-4.1380448352313,5.95159671340041e-05,0.00149729643631863,1.57032356482684,30,66,46
"P04264","20260527","High_vs_Low",-0.862436377391601,0.20915958293597,-1.27588295433261,-0.448989800450594,16.320528557183,-4.12334144716487,6.3054659907084e-05,0.00155897210873722,1.5173009337323,30,66,46
"P49747","20260527","High_vs_Low",-0.388516595210886,0.0945388710332313,-0.575389860666944,-0.201643329754828,14.9863769264693,-4.10959630641579,6.6461952430754e-05,0.00161536338619833,1.4688397763631,30,66,46
"Q13217","20260527","High_vs_Low",-0.326394133166847,0.0795384927148753,-0.483616423856747,-0.169171842476947,9.88599380808741,-4.10359967892382,6.80219127033092e-05,0.00162572371360909,1.44751784838036,30,66,46
"Q15517","20260527","High_vs_Low",-0.984453330877923,0.240055250732394,-1.4593432507946,-0.509563410961245,9.73211384369637,-4.10094479447716,7.18258347314941e-05,0.00168849585254037,1.42842430355277,30,62,38
"Q9NQ38","20260527","High_vs_Low",-0.502728087169732,0.123425065190663,-0.746760017364588,-0.258696156974877,8.14060257577049,-4.07314418990287,7.75302369103744e-05,0.00176720560769195,1.33977642377509,30,66,42
"P09104","20260527","High_vs_Low",-0.477531445996391,0.117349697159053,-0.709494456224039,-0.245568435768743,11.82367398275,-4.0693027554145,7.76387400868848e-05,0.00176720560769195,1.32603812111399,30,66,46
"O94966","20260527","High_vs_Low",-0.530587368323216,0.12997288336197,-0.787879809967715,-0.273294926678717,9.90642761527598,-4.08229281830693,7.99912378499269e-05,0.00177995122780421,1.34860292871606,27,61,33
"P05089","20260527","High_vs_Low",-1.04115871254026,0.256086694950587,-1.5475890504773,-0.534728374603214,8.63317348906579,-4.06564937995376,8.06811923342217e-05,0.00177995122780421,1.30300256880418,28,63,44
"P39059","20260527","High_vs_Low",-0.469218479721178,0.116271987507988,-0.699051200899391,-0.239385758542965,9.97449408085648,-4.03552471904673,8.83710052211617e-05,0.00192006093162342,1.20717877694909,30,66,46
"O14594","20260527","High_vs_Low",-0.356818353952379,0.0890442706592122,-0.532830542868734,-0.180806165036024,11.5167303996018,-4.00720171338125,9.84479609668063e-05,0.0021070802392,1.1081166770531,30,66,46
"Q15166","20260527","High_vs_Low",-0.370476053728613,0.092747365444707,-0.553808082699071,-0.187144024758155,16.0842105363233,-3.99446444599527,0.000103328798325282,0.00217902201174198,1.06374675140648,30,66,46
"P02679","20260527","High_vs_Low",-0.347935693929131,0.0872133963404911,-0.520328826907545,-0.175542560950716,17.4544257323914,-3.98947533898061,0.000105302789502372,0.00218846666878842,1.04639780681576,30,66,46
"Q5JRA6","20260527","High_vs_Low",-0.578694540417661,0.145307427700426,-0.865922636663384,-0.291466444171939,11.2061003019326,-3.98255305716878,0.000108130732991026,0.00220917462375647,1.02214419946028,30,66,46
"Q96AQ6","20260527","High_vs_Low",-0.379493277147349,0.0953791080698144,-0.568038740351216,-0.190947813943481,8.55034879220808,-3.97878827792741,0.000109984436129973,0.00220917462375647,1.00695705983039,29,66,46
"O15400","20260527","High_vs_Low",-0.553524831012274,0.139225286213296,-0.828728919916483,-0.278320742108064,8.75136980172507,-3.97574927706926,0.000110920901611203,0.00220917462375647,0.998755960915222,30,66,46
"O95715","20260527","High_vs_Low",-0.525835068272077,0.132130790123097,-0.787257380858993,-0.264412755685161,8.72341444508397,-3.9796558227056,0.000114466751435098,0.00224856604873878,1.00189728778677,29,59,40
"Q658P3","20260527","High_vs_Low",-0.643674977273777,0.16279862271218,-0.965477786758843,-0.321872167788712,9.05353284015763,-3.95381095091796,0.000120529709905272,0.00233567032438055,0.922676127441092,30,66,46
"Q8NFU4","20260527","High_vs_Low",-0.461765297070516,0.116885935012042,-0.692943924055101,-0.23058667008593,10.5904169610252,-3.950563402029,0.000125440515610149,0.00239842265846604,0.911153045929253,30,63,40
"P12259","20260527","High_vs_Low",-0.217188081223917,0.0551346026121656,-0.326171646578064,-0.108204515869769,18.2064334524086,-3.93923363793309,0.000127291434237716,0.00240178837759059,0.872648975003907,30,66,46
"Q12797","20260527","High_vs_Low",-0.348060743713258,0.0886879491456033,-0.523368598379875,-0.172752889046642,9.3027490745909,-3.9245551066,0.000134499967520493,0.00250484355096606,0.822217751633946,30,66,46
"Q92765","20260527","High_vs_Low",-0.60311033021446,0.152686427236894,-0.905856347453105,-0.300364312975816,7.92060148662632,-3.94999307488367,0.000141717736777638,0.00260542608383505,0.858586351009957,22,54,28
"Q9NR99","20260527","High_vs_Low",-0.29310106012624,0.0750746508239507,-0.441499755806809,-0.144702364445671,10.1226422636059,-3.90412818320739,0.000145180698427233,0.00263530533600825,0.752286941404018,30,66,46
"P0DJI9","20260527","High_vs_Low",-0.780513172316338,0.200572596525611,-1.1769858191712,-0.384040525461472,12.0080886283721,-3.89142478003805,0.000152304384824176,0.00273005609797335,0.708545273498233,30,66,46
"P07477","20260527","High_vs_Low",-0.782241211051868,0.201448195315218,-1.1805175890081,-0.383964833095633,11.1926531831263,-3.88308870093301,0.00015843651702338,0.00280491315322872,0.679465599143168,30,64,45
"P19652","20260527","High_vs_Low",-0.461920310644322,0.119171052317109,-0.697483783551442,-0.226356837737202,12.75604314392,-3.87611170383199,0.000161155651891832,0.00281825859527911,0.656815669432854,30,66,46
"Q8IWU5","20260527","High_vs_Low",-0.52379310702906,0.135783012249276,-0.792543840454984,-0.255042373603135,7.36432901898041,-3.85757465792155,0.00018299451492754,0.00316161607718183,0.584347783355753,27,58,38
"O43897","20260527","High_vs_Low",-0.311272935495733,0.0812943849319622,-0.472126707881109,-0.150419163110357,9.85933820142623,-3.82895984459747,0.000200404285020382,0.00339144047350488,0.492893844213314,27,61,39
"P35030","20260527","High_vs_Low",-0.428215745099676,0.112249520604716,-0.650097329172188,-0.206334161027163,11.009912176165,-3.81485589241515,0.00020207058033896,0.00339144047350488,0.45010777005419,30,66,46
"Q8WUM4","20260527","High_vs_Low",-0.656069702740133,0.172053066955202,-0.996166776814797,-0.315972628665469,10.0769150011196,-3.81318226027877,0.000203391827560265,0.00339144047350488,0.444216013629251,30,66,46
"P16070","20260527","High_vs_Low",-0.268668201809755,0.0707610036271086,-0.408540189598752,-0.128796214020757,16.1069039853168,-3.79683989822365,0.00021587151599287,0.00355815809119282,0.389809152106361,30,66,46
"P14923","20260527","High_vs_Low",-1.06852932505254,0.281672752883219,-1.62541494823596,-0.511643701869117,8.43530894921746,-3.79351326713361,0.000220327474114064,0.00359033633954055,0.380138148947935,30,65,44
"Q8TB73","20260527","High_vs_Low",-0.437285317416195,0.116430852123723,-0.667432063388477,-0.207138571443912,8.17733020023787,-3.7557512415311,0.000250767211855367,0.00404045148090558,0.253153874079765,30,66,46
"P01042","20260527","High_vs_Low",-0.363758165911058,0.0973051137185691,-0.556099412928598,-0.171416918893518,13.8454352172902,-3.73832527407694,0.000267126509299491,0.00425621571483855,0.195562749289678,30,66,46
"Q8IZF2","20260527","High_vs_Low",-0.355873447406905,0.0953535098832768,-0.544356994648768,-0.167389900165042,10.483453775736,-3.73214837967195,0.000273164227644633,0.00430458793892751,0.175201122735004,30,66,46
"O00339","20260527","High_vs_Low",-0.573567022930322,0.153574570238062,-0.87750806212484,-0.269625983735805,6.87485129819327,-3.73477862930831,0.000284170014030981,0.00442934565348289,0.178732210880201,25,60,39
"P01040","20260527","High_vs_Low",-0.827698387655783,0.222569578650072,-1.26787546615844,-0.387521309153129,9.56446389746523,-3.7188298269509,0.000292550945056338,0.00451094683022353,0.13697660763746,30,63,41
"P02774","20260527","High_vs_Low",-0.297413670408243,0.0806228824006027,-0.456779454450497,-0.13804788636599,11.9947085585188,-3.68894861548661,0.000319146379707337,0.00479495581683195,0.0335661396694329,30,66,46
"Q92859","20260527","High_vs_Low",-0.324825720284569,0.0880607019609163,-0.498893706859156,-0.150757733709981,10.2015893049416,-3.68865694971106,0.000319480373950182,0.00479495581683195,0.0326144708356919,30,66,46
"P07307","20260527","High_vs_Low",-0.435077948074753,0.117699830063601,-0.667931501913469,-0.202224394236036,7.25337290174291,-3.696504471074,0.000321001226231428,0.00479495581683195,0.0545290356375387,26,61,42
"Q14393","20260527","High_vs_Low",-0.442975201319692,0.120431395557166,-0.681029748673944,-0.20492065396544,8.94481675217076,-3.67823688557542,0.000331631879952042,0.00488037584713492,-0.00134440402934644,30,66,46
"Q99542","20260527","High_vs_Low",-0.339151414511036,0.0922448098698847,-0.521490051024891,-0.156812777997181,11.3962091698751,-3.67664495150919,0.000333526382858593,0.00488037584713492,-0.00652555892757611,30,66,46
"P60033","20260527","High_vs_Low",-0.425537168495451,0.115903931165621,-0.65467005941028,-0.196404277580622,10.771762738607,-3.67146449836443,0.000341322393597141,0.00490590686951395,-0.0219099649051548,30,65,45
"Q9BXX0","20260527","High_vs_Low",-0.319441522540002,0.0870523199185151,-0.491516258687212,-0.147366786392792,10.1462183193257,-3.66953485948466,0.000342113449756901,0.00490590686951395,-0.0296437909550145,30,66,46
"P98160","20260527","High_vs_Low",-0.318600545417313,0.087006549680038,-0.490584808367293,-0.146616282467334,12.0472055387265,-3.66179956094052,0.000351692785961074,0.00499334113928891,-0.0547531027708246,30,66,46
"P00325","20260527","High_vs_Low",-0.827997603208326,0.226275494673676,-1.27535919062722,-0.380636015789431,9.28023277207644,-3.65924557761955,0.000357501870769518,0.00502605571258322,-0.065097304103543,28,66,45
"Q6P3X8","20260527","High_vs_Low",-0.816319212169716,0.222910011120996,-1.25738803381996,-0.375250390519471,9.33130221763298,-3.66210206560268,0.000364850060538492,0.0050795629787592,-0.0488872275020142,28,60,39
"P25311","20260527","High_vs_Low",-0.497980100810116,0.136704944998718,-0.768202277113886,-0.227757924506346,9.13910438304366,-3.64273655802858,0.000376393757914906,0.00518989085432669,-0.116446822123811,30,66,46
"P11021","20260527","High_vs_Low",-0.397834327997883,0.10934994922995,-0.613984382115537,-0.181684273880228,10.1965289842263,-3.63817569920663,0.000382541823411517,0.00522442833116301,-0.131167843938488,30,66,46
"Q8IUX7","20260527","High_vs_Low",-0.300113065521803,0.0825912699606029,-0.463369725422845,-0.136856405620761,10.6927118549672,-3.63371414030757,0.00038864770387684,0.00525774346565461,-0.145553646983665,30,66,46
"O75339","20260527","High_vs_Low",-0.408064635568698,0.112666023723964,-0.630769513775315,-0.18535975736208,9.56868721053708,-3.62189613231111,0.000405269039972191,0.00543136264785161,-0.183589125571414,30,66,46
"P13645","20260527","High_vs_Low",-0.845342710872195,0.234314659648654,-1.3085134276951,-0.382171994049289,13.8453749450445,-3.6077243828438,0.000426255974076574,0.00565973210023896,-0.229358204153833,30,66,46
"Q06828","20260527","High_vs_Low",-0.265184207582401,0.0736362972077913,-0.410739735852627,-0.119628679312174,11.4012788248798,-3.60127026531614,0.000435896592337927,0.00573463957259254,-0.249726848662854,30,66,46
"O00461","20260527","High_vs_Low",-0.313105533811671,0.087281943046835,-0.485634161816742,-0.1405769058066,8.77354599578135,-3.5872887665168,0.000457885697785941,0.00596916446022764,-0.294381351181223,30,66,46
"Q13316","20260527","High_vs_Low",-0.443034723775646,0.123482186119181,-0.687243047176556,-0.198826400374737,8.86051084903893,-3.58784321608985,0.000465109974924827,0.00600871805443425,-0.292017284894369,28,62,44
"Q6KB66","20260527","High_vs_Low",-1.35084758889574,0.377228279716936,-2.09720844420329,-0.604486733588198,8.5774478364047,-3.58098175966392,0.000483565071454503,0.00615904873235001,-0.304495748705572,27,63,38
"Q9BRK5","20260527","High_vs_Low",-0.354320448002458,0.0992528312940729,-0.550511712896693,-0.158129183108222,9.4497759678999,-3.56987748745075,0.000486732158509682,0.00615904873235001,-0.349788629041585,30,66,46
"P35527","20260527","High_vs_Low",-0.962797148983443,0.269820206254739,-1.49615182056782,-0.429442477399069,14.0387293180668,-3.56829150176565,0.000489631489182637,0.00615904873235001,-0.355104705713052,30,66,46
"P00966","20260527","High_vs_Low",-0.725730013185641,0.203409506367081,-1.12793377201709,-0.323526254354189,8.37405552208588,-3.56782741449634,0.000495602107523215,0.00617994280163731,-0.35744596228571,28,64,45
"P20930","20260527","High_vs_Low",-0.816967949183307,0.229560978885141,-1.27085366348272,-0.363082234883897,8.15453955989586,-3.55882760716085,0.000510351255714318,0.00630899741977872,-0.378969536475969,30,65,43
"P26572","20260527","High_vs_Low",-0.320366060976454,0.0905390508992685,-0.49933295478346,-0.141399167169448,9.43616463006933,-3.53842963665353,0.000543221765532644,0.00660316558440877,-0.449296133254063,30,66,46
"P51888","20260527","High_vs_Low",-0.403156523696459,0.113934923509957,-0.628410751204544,-0.177902296188373,7.47229644012606,-3.53848066314122,0.000546434914077304,0.00660316558440877,-0.451834316220658,28,65,46
"O95196","20260527","High_vs_Low",-0.372755849618303,0.105443900878467,-0.581210089216919,-0.164301610019686,9.53322641449489,-3.53511058025001,0.000551738960517871,0.00660316558440877,-0.460953725425626,29,65,46
"P00747","20260527","High_vs_Low",-0.263320229894919,0.0745205125718915,-0.410623570579763,-0.116016889210075,14.1363922415,-3.53352682110028,0.00055256615769111,0.00660316558440877,-0.464743611180258,30,66,46
"P00736","20260527","High_vs_Low",-0.272489843471755,0.0773763017165022,-0.425438170574088,-0.119541516369422,15.602770558382,-3.52161886038604,0.000575895663266445,0.00680035692437731,-0.502188088516086,30,66,46
"P26038","20260527","High_vs_Low",-0.452729822750264,0.128616580901082,-0.706963876976805,-0.198495768523723,9.83374170935635,-3.51999578575686,0.000579146357661582,0.00680035692437731,-0.507283666298727,30,66,46
"O75882","20260527","High_vs_Low",-0.508438978905243,0.144525253721532,-0.794171600471522,-0.222706357338964,7.82939341498439,-3.51799402397102,0.000586660901474923,0.00680035692437731,-0.509070777876603,30,65,44
"Q92954","20260527","High_vs_Low",-0.447771676394867,0.127398566180649,-0.699599241810848,-0.195944110978885,12.7454603004736,-3.51473089390924,0.000589896841243859,0.00680035692437731,-0.523905183981128,30,66,46
"P11279","20260527","High_vs_Low",-0.643597227922477,0.181585404912952,-1.00381001385662,-0.283384441988339,7.05118723680601,-3.54432245383931,0.000597740383499172,0.00680035692437731,-0.430206275929601,19,52,29
"Q0VD83","20260527","High_vs_Low",-0.32440765422534,0.0924358507162662,-0.507123917702671,-0.141691390748008,10.3232700990556,-3.50954366419059,0.000600496961404703,0.00680035692437731,-0.540050697555385,30,66,46
"Q14242","20260527","High_vs_Low",-0.298979315906122,0.0852224648333999,-0.467437010815906,-0.130521620996338,12.1947467417863,-3.50822188129142,0.000603249101841417,0.00680035692437731,-0.544188642680222,30,66,46
"Q9H2X3","20260527","High_vs_Low",-0.553002779560762,0.15749933853932,-0.864486165223508,-0.241519393898016,8.28354289778578,-3.5111435050421,0.000607005360055994,0.00680035692437731,-0.525220874244978,29,64,41
"Q8WWZ8","20260527","High_vs_Low",-0.402588036225543,0.115506624213687,-0.630907877712016,-0.17426819473907,10.9660173264091,-3.4854108062301,0.000652654261467732,0.00725508690654828,-0.615395072411054,30,66,46
"P20908","20260527","High_vs_Low",-0.391570328186724,0.112649735561329,-0.614355524315632,-0.168785132057816,7.76397098687439,-3.47599864514146,0.00068482874356228,0.00755418783283315,-0.636197732975213,29,63,42
"P55290","20260527","High_vs_Low",-0.275949039390929,0.0797105214845077,-0.433511376218277,-0.11838670256358,10.9821810871018,-3.46188977630213,0.000707562075075426,0.00774173203414845,-0.688410031319884,30,66,46
"Q6P4E1","20260527","High_vs_Low",-0.243231657208824,0.0703020913147637,-0.382196521383708,-0.10426679303394,11.1694456935724,-3.45980685154589,0.000712628053352577,0.00774173203414845,-0.694855935637055,30,66,46
"Q08380","20260527","High_vs_Low",-0.365823080931971,0.106124594717043,-0.575598766785199,-0.156047395078743,16.6898042559374,-3.44710933320739,0.000744376214311721,0.00793683332943982,-0.734196375649576,30,66,46
"Q10472","20260527","High_vs_Low",-0.274295567089213,0.07961434267295,-0.43167723505318,-0.116913899125247,9.09118990828405,-3.4453034199629,0.000750221343562831,0.00793683332943982,-0.739171960518055,30,65,46
"P53367","20260527","High_vs_Low",-1.58787222457503,0.459004321111151,-2.49675445105275,-0.6789899980973,13.7179604342209,-3.45938404399141,0.000752369344253226,0.00793683332943982,-0.679632136789456,27,54,37
"O75487","20260527","High_vs_Low",-0.326519503487772,0.0948138891132338,-0.513936392176346,-0.139102614799197,8.68259911703946,-3.44379401099999,0.000752726173503358,0.00793683332943982,-0.744301052630751,30,66,46
"Q10589","20260527","High_vs_Low",-0.601143236773172,0.174314722043387,-0.946361691350641,-0.255924782195703,7.21227871042956,-3.44860852672873,0.000783867172832046,0.00820485785285514,-0.714146042772555,23,58,35
"P13647","20260527","High_vs_Low",-0.962464571426402,0.281089086465674,-1.51809448320666,-0.406834659646147,12.0254792103462,-3.42405528271527,0.00080533635815776,0.00836849519998715,-0.805221391289234,30,66,46
"P0C0L4","20260527","High_vs_Low",-0.366157228698659,0.107383483062742,-0.578420204939682,-0.153894252457637,13.1613974212013,-3.40980957457602,0.000844944494019644,0.00871690938434654,-0.848599545589678,30,66,46
"Q13740","20260527","High_vs_Low",-0.443648526873844,0.130381392654981,-0.701371052368996,-0.185926001378692,10.1244710878402,-3.40269817525142,0.000865536121159515,0.0088655628410196,-0.870314084309566,30,66,46
"Q7Z7M9","20260527","High_vs_Low",-0.519087250591261,0.152253100145292,-0.820485287405059,-0.217689213777463,7.38588892041727,-3.40937064727028,0.000882946979999069,0.00892255904460153,-0.838702179694814,23,60,38
"P05023","20260527","High_vs_Low",-0.479665344450703,0.141218948324162,-0.758810268958318,-0.200520419943089,8.0592727701818,-3.39660753845619,0.000883544898419398,0.00892255904460153,-0.888881296579524,30,66,46
"P35908","20260527","High_vs_Low",-0.79567686612509,0.234576786454232,-1.25936573004396,-0.331988002206223,13.9118791653397,-3.39196762881878,0.000897787966943528,0.00898890670775263,-0.903233895447917,30,66,46
"P10451","20260527","High_vs_Low",-0.362999710060052,0.107070988925026,-0.574644984827463,-0.151354435292641,12.1994890740087,-3.39027138634382,0.000902651719606959,0.00898890670775263,-0.908167117620836,30,66,46
"P16949","20260527","High_vs_Low",-0.683969876635421,0.201388355214232,-1.08284496908641,-0.285094784184436,8.24462059769556,-3.3962732150418,0.000936216068548864,0.00925885408482118,-0.867746949830643,25,55,35
"Q13609","20260527","High_vs_Low",-0.47324532033139,0.140717066571886,-0.7515387323726,-0.194951908290181,7.28710970969621,-3.36309824998825,0.0010030353913952,0.00985173117301857,-0.987356193769116,27,63,44
"Q76I76","20260527","High_vs_Low",-0.361101242655483,0.107436656580265,-0.573713785133154,-0.148488700177812,9.43506183241419,-3.36106180282804,0.00102797006071418,0.010027952837171,-0.977160345049069,30,54,41
"P02675","20260527","High_vs_Low",-0.294349940965191,0.0880708976206613,-0.468439019951484,-0.120260861978897,19.4724239581898,-3.3421930389879,0.0010609057567059,0.0101471161516703,-1.05361484546329,30,66,46
"Q9UKU9","20260527","High_vs_Low",-0.565145796625853,0.169100011342964,-0.899406459556304,-0.230885133695401,11.0112036757595,-3.34208018164847,0.001061473973345,0.0101471161516703,-1.05406452962324,30,66,46
"P08575","20260527","High_vs_Low",-0.290365439366866,0.0868959706934279,-0.462131122846911,-0.118599755886821,10.7877543817268,-3.34152938335065,0.00106310322371315,0.0101471161516703,-1.05550634629425,30,66,46
"P15924","20260527","High_vs_Low",-0.997150716267939,0.298538573566459,-1.58727309839035,-0.407028334145532,9.72691803778817,-3.34010678873281,0.00106848991555245,0.0101471161516703,-1.05999193125819,30,66,46
"Q9Y274","20260527","High_vs_Low",-0.309107641541258,0.0927068562821081,-0.492359596787406,-0.125855686295111,9.64162289227981,-3.33424790719513,0.00108924596537183,0.0102761757522579,-1.07736154964714,30,66,46
"Q9NY97","20260527","High_vs_Low",-0.26067963129387,0.0785726226237367,-0.415992704156597,-0.105366558431143,8.8572774565691,-3.31769034288438,0.00115094545324405,0.0107872926794246,-1.12690773283152,30,66,46
"P19256","20260527","High_vs_Low",-0.400443630293108,0.120664318918491,-0.639348796374505,-0.161538464211712,7.82355509438068,-3.31865819060902,0.00119769457158175,0.0111381430696918,-1.10140541402485,25,57,37
"Q86TY3","20260527","High_vs_Low",-0.366522300003421,0.110993847515312,-0.585921817937448,-0.147122782069394,8.78091115148567,-3.30218573559097,0.001211666605225,0.0111381430696918,-1.17311254869652,30,66,46
"P61769","20260527","High_vs_Low",-0.36168738647542,0.109529809658926,-0.578192967428987,-0.145181805521853,9.83175950807956,-3.30218218767756,0.00121168083603342,0.0111381430696918,-1.17312310060533,30,66,46
"Q9Y625","20260527","High_vs_Low",-0.390889348959051,0.118786531301051,-0.625720912004671,-0.156057785913432,8.75216205160898,-3.29068745991401,0.00126254359185988,0.0115317675842488,-1.20368425062653,30,65,45
"Q14956","20260527","High_vs_Low",-0.660260517705373,0.2004915499572,-1.0570274680082,-0.26349356740255,7.89897146068908,-3.29320870553557,0.00128585552973914,0.0116653562229738,-1.16339887125262,30,60,35
"P32942","20260527","High_vs_Low",-0.339727398960434,0.103499250875081,-0.544312484141783,-0.135142313779086,9.55049439729602,-3.28241408597701,0.00129343907911634,0.0116653562229738,-1.23176545464346,30,66,46
"Q09666","20260527","High_vs_Low",-0.311136637150891,0.0948518627907792,-0.498628587716625,-0.123644686585158,8.77989153347128,-3.28023749873195,0.00130274901345779,0.0116758880331154,-1.23820394616416,30,66,46
"P04632","20260527","High_vs_Low",-0.380367654261482,0.116024562527851,-0.609711294985399,-0.151024013537565,9.05343823853484,-3.27833732766867,0.00131092768460744,0.011676213041783,-1.24382179489924,30,66,46
"A0A1B0GTC6","20260527","High_vs_Low",-0.408489495026982,0.124990296854883,-0.655555773576585,-0.16142321647738,11.7432343753416,-3.26816965241109,0.00135554302720515,0.0119990660556307,-1.27385153824822,30,66,46
"P36980","20260527","High_vs_Low",-0.391970890769466,0.120360742337439,-0.629885779190401,-0.154056002348531,11.8868262622746,-3.25663404160928,0.00140780135193581,0.0123851971697911,-1.30778983772393,30,66,46
"Q96P63","20260527","High_vs_Low",-0.891089208881136,0.273995473503367,-1.43336448653052,-0.348813931231755,8.02361632805002,-3.25220412398596,0.00147267956980766,0.0126338286439391,-1.29200435305074,29,57,38
"P84095","20260527","High_vs_Low",-0.381314719226368,0.117540344334934,-0.613697018248897,-0.148932420203838,8.10162572386692,-3.24411776555462,0.0014732411774618,0.0126338286439391,-1.33774576422079,30,65,44
"P05386","20260527","High_vs_Low",-0.565511273095495,0.174083680009833,-0.90988867386477,-0.22113387232622,8.69522250681159,-3.24850251938351,0.00147382244195673,0.0126338286439391,-1.30892855655617,27,65,38
"Q8NBJ4","20260527","High_vs_Low",-0.296484545860203,0.0914653221069719,-0.477282383102324,-0.115686708618082,11.4879007084822,-3.24149676653906,0.00147927153924905,0.0126338286439391,-1.35218974187296,30,66,46
"P01876","20260527","High_vs_Low",-0.443143271277545,0.136713705340999,-0.713385420013624,-0.172901122541467,15.1819220887774,-3.24139609977092,0.00148011381602634,0.0126338286439391,-1.35264837482277,30,66,46
"O15466","20260527","High_vs_Low",-0.411538582366937,0.127065096879041,-0.662705846369172,-0.160371318364702,9.18197189441796,-3.23880115370075,0.00149234786524113,0.0126628807026969,-1.36007776557636,30,66,46
"O75874","20260527","High_vs_Low",-0.637368826055706,0.197329541711286,-1.0275007656575,-0.247236886453915,8.37761849239506,-3.2299716531458,0.00154300825127598,0.0130157284254692,-1.38096953129867,29,66,44
"Q01469","20260527","High_vs_Low",-0.650559610458766,0.20195533297354,-1.04986258699444,-0.251256633923094,8.672698989775,-3.22130443836312,0.0015895096950201,0.0133295725301686,-1.40347045781161,30,64,44
"P98164","20260527","High_vs_Low",-0.748989683302806,0.232264589070717,-1.20890072800822,-0.289078638597396,9.49965174922427,-3.22472610353343,0.00162830095494399,0.0135024815670732,-1.3601267577791,29,54,35
"Q9NZP8","20260527","High_vs_Low",-0.291428553821234,0.0907344863582949,-0.470781761342536,-0.112075346299932,9.49494138402368,-3.21188299529721,0.00162896046799419,0.0135024815670732,-1.43853757706875,30,66,46
"P27169","20260527","High_vs_Low",-0.253568245812541,0.0790463592632694,-0.409817745267083,-0.0973187463579995,17.0559510974151,-3.20784218496408,0.00165044466385192,0.0136019405055382,-1.4502669278875,30,66,46
"Q6UWP8","20260527","High_vs_Low",-0.527044898832468,0.164413423789612,-0.852038329722439,-0.202051467942497,8.53664466767899,-3.20560746613298,0.00166248830278577,0.0136229041496846,-1.45676825650904,30,66,46
"Q15293","20260527","High_vs_Low",-0.27030872726494,0.0843823263399852,-0.437105735708048,-0.103511718821832,10.0951003166386,-3.20338083801859,0.00167447061912369,0.0136431299308146,-1.46320221453567,30,66,46
"P19021","20260527","High_vs_Low",-0.261764502975344,0.0818359521230189,-0.423528139856079,-0.10000086609461,9.45205881117362,-3.19864920227054,0.00170030717971482,0.0137753700322659,-1.47690423755264,30,66,46
"P41222","20260527","High_vs_Low",-0.254100450071411,0.079503041757244,-0.411252665498684,-0.0969482346441376,9.64510760600671,-3.19610978970195,0.00171432566911476,0.0138109157837672,-1.48425075447432,30,66,46
"Q02818","20260527","High_vs_Low",-0.414835694080531,0.129915407407399,-0.671637115019237,-0.158034273141825,8.17995887391728,-3.19312160396539,0.00173095908690405,0.0138543544177205,-1.49288913146782,30,66,46
"P27824","20260527","High_vs_Low",-0.292698130815825,0.0917066192622396,-0.47397293575237,-0.111423325879281,11.2446491455279,-3.19167943568872,0.00173904030347956,0.0138543544177205,-1.49705572215629,30,66,46
"Q5D862","20260527","High_vs_Low",-0.686668016113945,0.216201627980937,-1.11422269068246,-0.259113341545428,9.14852202168599,-3.1760538647493,0.00184772151937715,0.0146388544684356,-1.53301976774857,29,62,44
"P29966","20260527","High_vs_Low",-0.402309595065866,0.126874406292863,-0.65313024631233,-0.151488943819402,7.27789687976471,-3.17092790280506,0.00186436626025826,0.0146895671275293,-1.55046372391741,30,66,44
"A6NDG6","20260527","High_vs_Low",-0.39044601335116,0.123606709274149,-0.635003332350026,-0.145888694352294,7.4224299924641,-3.15877686287388,0.00197340035301201,0.0154636945695039,-1.57676395402951,25,62,41
"A1L4H1","20260527","High_vs_Low",-0.313571350262389,0.0998329521091736,-0.510909329411746,-0.116233371113032,11.3826743516332,-3.14096041074173,0.00204656282649415,0.0159498428977859,-1.6425544313401,30,66,46
"P62136","20260527","High_vs_Low",-0.844716042070091,0.268210863090273,-1.37571461159417,-0.313717472546017,6.7953099340807,-3.14944753667856,0.00206143534721083,0.0159789096643261,-1.58748593716972,26,56,38
"Q13214","20260527","High_vs_Low",-0.473333279795852,0.150288128169041,-0.771078653527163,-0.17558790606454,7.53383678172204,-3.14950545703422,0.0020924963975268,0.0160561627144381,-1.56359505980336,25,56,31
"Q14697","20260527","High_vs_Low",-0.357645164873379,0.114124876735504,-0.58323373127203,-0.132056598474727,9.45988477431289,-3.13380548661848,0.00209379527726633,0.0160561627144381,-1.66291756779486,30,66,46
"Q96JI7","20260527","High_vs_Low",-0.35327728400123,0.112750141018307,-0.576231653438441,-0.130322914564019,10.508855483587,-3.13327576188014,0.00211437619558374,0.0161277418322717,-1.6534040220297,29,64,43
"P52943","20260527","High_vs_Low",-0.354548463948669,0.113930987420915,-0.579767290495326,-0.129329637402012,8.07796222838808,-3.11195814215846,0.00224720071754904,0.0168568613895177,-1.72568658577333,29,66,46
"Q9NT22","20260527","High_vs_Low",-0.418565210364455,0.134575135713293,-0.684642688821674,-0.152487731907236,7.93469415083644,-3.11027150852139,0.00226810413212826,0.0168568613895177,-1.72474979493977,30,62,46
"P62879","20260527","High_vs_Low",-0.379814668224235,0.122211485173119,-0.621387886318913,-0.138241450129556,10.3329440042362,-3.10784757820598,0.00227376477044839,0.0168568613895177,-1.73645632687933,30,66,46
"P02533","20260527","High_vs_Low",-0.792106564213881,0.254922208154222,-1.29601230388,-0.288200824547766,13.1444212981745,-3.10724816778096,0.00227862393452999,0.0168568613895177,-1.73830417041146,30,66,46
"P06734","20260527","High_vs_Low",-0.526462893564325,0.169132227082517,-0.861143347998221,-0.191782439130429,9.08484612425715,-3.11272962371311,0.00229028489373003,0.0168568613895177,-1.68819360401244,26,64,36
"Q9UBU3","20260527","High_vs_Low",-0.403448847110253,0.129833477796482,-0.660184146175242,-0.146713548045264,8.74921439829147,-3.10743310552515,0.00229472287078902,0.0168568613895177,-1.7285220010726,29,63,44
"P01893","20260527","High_vs_Low",-0.377420695600392,0.121591971342245,-0.617769331982751,-0.137072059218033,9.90717287338174,-3.1039935567626,0.00230167463759379,0.0168568613895177,-1.74732948057776,30,66,46
"Q96GW7","20260527","High_vs_Low",-0.335946266428722,0.108060694829055,-0.549714756237671,-0.122177776619772,7.61484839389172,-3.10886642881731,0.00230400615923673,0.0168568613895177,-1.70613262062368,29,62,39
"O43396","20260527","High_vs_Low",-0.656050819988094,0.21097750752106,-1.07363554644258,-0.238466093533613,7.57200904261536,-3.10957707149235,0.0023247505338215,0.0169222957639596,-1.71026624032792,24,59,40
"P49908","20260527","High_vs_Low",-0.199215697867714,0.0643051229841026,-0.326326463907734,-0.0721049318276945,13.8805053708019,-3.09797553636534,0.00234589039886894,0.0169441443071886,-1.76428435819463,30,66,46
"Q8IZS8","20260527","High_vs_Low",-0.462051742664087,0.148369303743188,-0.756082257127139,-0.168021228201035,9.76554099494545,-3.11420038381963,0.00235138404262938,0.0169441443071886,-1.6732928450775,24,50,35
"P08253","20260527","High_vs_Low",-0.265458115738227,0.0858545189855371,-0.435165180585097,-0.0957510508913567,10.1214115109828,-3.09195274605109,0.00239092695123259,0.0171429462403377,-1.78122402281257,30,66,46
"P05387","20260527","High_vs_Low",-0.393247387590185,0.127319554555325,-0.64491763344917,-0.141577141731199,8.88181727716269,-3.08866449433976,0.00241585171098401,0.0172354793709009,-1.79046043557684,30,66,46
"Q08554","20260527","High_vs_Low",-0.537144002451834,0.174153047353817,-0.881412367808267,-0.192875637095401,9.22640364833478,-3.08432158158306,0.00245253440196246,0.0173051242718715,-1.79938277652499,30,66,45
"P81605","20260527","High_vs_Low",-0.508792922299676,0.165081872789346,-0.835110914818623,-0.182474929780729,12.8487555646251,-3.08206415218542,0.00246717605875368,0.0173051242718715,-1.80912497439659,30,66,46
"Q99972","20260527","High_vs_Low",-0.398535563471661,0.129139681289639,-0.654117258224753,-0.142953868718569,7.14862706184627,-3.08608136160574,0.00249759183984251,0.0173051242718715,-1.77440850051231,26,57,41
"Q02413","20260527","High_vs_Low",-0.723803707931239,0.235057788437525,-1.18852846976299,-0.259078946099487,9.93510575785919,-3.07925856336224,0.00249837647733984,0.0173051242718715,-1.80902517969841,30,65,44
"Q9UBS3","20260527","High_vs_Low",-0.43514130336128,0.14090251573087,-0.71421425429873,-0.156068352423829,7.70564157796742,-3.08824367758215,0.00251924147983822,0.0173051242718715,-1.74080031750193,25,57,33
"O14960","20260527","High_vs_Low",-0.409623162689373,0.133225383317434,-0.672967684128017,-0.146278641250729,11.0984227004859,-3.07466304460442,0.00252476006447156,0.0173051242718715,-1.8297102016294,30,66,46
"P08319","20260527","High_vs_Low",-0.728711078298947,0.237016451046667,-1.19722243689134,-0.26019971970655,11.3676173841078,-3.07451687459226,0.00252643122810382,0.0173051242718715,-1.83025121938811,30,66,46
"Q9HC84","20260527","High_vs_Low",-0.8362871968601,0.2721447563042,-1.37426919103274,-0.298305202687463,8.78332531296755,-3.07294988232406,0.00254199912709894,0.0173051242718715,-1.83339882187535,30,65,46
"P07355","20260527","High_vs_Low",-0.419432785667517,0.136526337055922,-0.68930191090201,-0.149563660433025,8.94897701656464,-3.0721748983547,0.00254450562358634,0.0173051242718715,-1.83664919069366,30,66,46
"P01732","20260527","High_vs_Low",-0.542118024585279,0.175634885029709,-0.890079471178099,-0.194156577992459,7.53792547092186,-3.08661929259429,0.0025462909493479,0.0173051242718715,-1.73652985957437,25,56,31
"P0C0L5","20260527","High_vs_Low",-0.407936628584894,0.132948332740679,-0.670734595051382,-0.145138662118405,12.2610003199813,-3.06838468881434,0.00257523916298149,0.0174193064137521,-1.84730645442412,30,66,46
"P08263;P09210","20260527","High_vs_Low",-0.676192874839382,0.219870234401255,-1.11159647946166,-0.240789270217105,7.7866914391562,-3.07541799225699,0.00261266220765257,0.0175894723275765,-1.78066574575583,25,58,34
"O94973","20260527","High_vs_Low",0.621304132932458,0.202956012896217,0.219628925743788,1.02297934012113,7.06001169849191,3.0612748253493,0.00269850478804415,0.0180074574099374,-1.8425238225119,27,55,42
"P30273","20260527","High_vs_Low",-0.502246369906821,0.164452434265835,-0.827357074695016,-0.177135665118626,8.83109552752085,-3.05405251159097,0.00269986286132256,0.0180074574099374,-1.8845600787585,29,66,45
"Q9NRB3","20260527","High_vs_Low",-0.322785440664143,0.106462147747874,-0.53322723015957,-0.112343651168716,9.80698120149211,-3.03192681617291,0.00288556985445838,0.0191190007785691,-1.9484812290176,30,66,46
"O14786","20260527","High_vs_Low",-0.228775941602718,0.0754767172531133,-0.377969394674894,-0.0795824885305423,13.9429074675292,-3.03107964851613,0.00289318212618515,0.0191190007785691,-1.95082129092602,30,66,46
"Q9NPG4","20260527","High_vs_Low",-0.281732917372997,0.093170256320922,-0.465900867040478,-0.0975649677055157,9.59127609332802,-3.02385040567643,0.00295889830168214,0.0193448426033216,-1.97076675881348,30,66,46
"P49641","20260527","High_vs_Low",-0.255664879489556,0.0845677746469544,-0.422828460225287,-0.0885012987538253,9.36706584439732,-3.02319507113533,0.00296492303980271,0.0193448426033216,-1.97257276478911,30,66,46
"Q3SY84","20260527","High_vs_Low",-0.932711731987178,0.307912634515186,-1.54197401766854,-0.323449446305817,9.19727294912811,-3.02914407346665,0.0029678280144566,0.0193448426033216,-1.92741086798352,27,61,39
"Q11201","20260527","High_vs_Low",-0.713827025211939,0.235340813559209,-1.18017214959816,-0.247481900825717,7.85983701996459,-3.03316290283984,0.00301383956616213,0.0194891380106148,-1.88564742292184,24,54,32
"Q96GI7","20260527","High_vs_Low",-0.435092596435148,0.143721959148607,-0.719724164236855,-0.15046102863344,9.41416776440831,-3.02732163555652,0.00303496399523439,0.0194891380106148,-1.93269309792109,22,54,40
"P35052","20260527","High_vs_Low",-0.312232193005203,0.103547760025357,-0.516913165340877,-0.107551220669528,7.83708166313707,-3.01534473491984,0.00303797871356178,0.0194891380106148,-1.99418049134427,30,66,46
"O15031","20260527","High_vs_Low",-0.407399871069702,0.134944024553145,-0.674330840303042,-0.140468901836363,7.56565954065414,-3.01902861144663,0.00304432839217414,0.0194891380106148,-1.96657488976753,26,64,41
"Q9BYH1","20260527","High_vs_Low",-0.206114204945854,0.0684155544754631,-0.341349986091606,-0.0708784238001006,11.0791165502199,-3.01268047194992,0.00306314717067464,0.0195224579677664,-2.00150257919528,30,66,46
"O14745","20260527","High_vs_Low",-0.390220810816039,0.129600751443101,-0.64641563384293,-0.134025987789149,8.34224358142334,-3.01094558843943,0.00308313341884666,0.0195353111389756,-2.00272516059394,30,66,45
"Q99715","20260527","High_vs_Low",-0.313811283131173,0.104332605749596,-0.520043645723202,-0.107578920539144,10.5703005666444,-3.00779685196724,0.00310978072614631,0.0195353111389756,-2.01490930892336,30,66,46
"P02538","20260527","High_vs_Low",-0.662011993011602,0.220159793893524,-1.09720273057002,-0.226821255453187,14.384334122542,-3.00696135885634,0.00311848182781665,0.0195353111389756,-2.0173362296617,30,66,46
"P04792","20260527","High_vs_Low",-0.567254685428862,0.188654786902641,-0.940169350745965,-0.194340020111759,9.46887860217132,-3.00683960763533,0.00311965568397867,0.0195353111389756,-2.01767011756526,30,66,46
"P05062","20260527","High_vs_Low",-1.7736464752561,0.590277216483377,-2.94179670138717,-0.60549624912503,10.1936487206421,-3.00476865060579,0.00320798902273953,0.020001114167863,-1.97859824464305,27,63,35
"P20851","20260527","High_vs_Low",-0.322325315478016,0.107656187469052,-0.535127341554885,-0.109523289401148,9.92066044804081,-2.99402498876968,0.00324483354358429,0.0201432523874453,-2.05261368452641,30,66,46
"O14645","20260527","High_vs_Low",-0.439237932211523,0.146721870454581,-0.72953079309127,-0.148945071331776,11.0348784531514,-2.99367729467089,0.00330461045324509,0.0204259111635925,-2.03214547101072,26,61,41
"P02751","20260527","High_vs_Low",-0.346973324103976,0.116305007017471,-0.576872166874258,-0.117074481333694,14.5529966134095,-2.98330513020695,0.0033538996370399,0.020603342204194,-2.0819003784719,30,66,46
"Q9BXR6","20260527","High_vs_Low",-0.286702473781869,0.0961052804847888,-0.476695000594385,-0.0967099469693531,8.92234788214543,-2.98321249712441,0.00336205165675133,0.020603342204194,-2.07479460796465,30,66,44
"Q9Y4F3","20260527","High_vs_Low",-0.245052303467331,0.0822421995072802,-0.407628719988807,-0.0824758869458546,12.4355924631237,-2.97964189838622,0.00339533847104805,0.0206567747696427,-2.09252422432084,29,66,46
"P05121","20260527","High_vs_Low",-0.518654004084987,0.17400309120557,-0.862709338126709,-0.174598670043265,8.08690870900483,-2.98071718434152,0.00339958078496212,0.0206567747696427,-2.07970049317571,29,64,44
"O75170","20260527","High_vs_Low",-0.990483028371422,0.331247968467142,-1.64715049530217,-0.333815561440675,8.34887807901703,-2.9901557825544,0.00346102408123521,0.0209413862130434,-2.00442073278123,22,51,33
"P42025","20260527","High_vs_Low",-0.629417633278294,0.211660192073516,-1.0484913059332,-0.210343960623392,8.58483712356564,-2.97371757585705,0.00355736549773995,0.021433874469576,-2.06219427561506,24,60,35
"Q99784","20260527","High_vs_Low",-0.27890744777322,0.0941814087360537,-0.465074124013425,-0.0927407715330145,8.90321811119846,-2.96138538928491,0.00358675184274589,0.0215205110564754,-2.14136664830204,30,66,46
"Q6UXI9","20260527","High_vs_Low",-0.262450236701902,0.0889557416182881,-0.438287431874579,-0.0866130415292245,10.7167263651684,-2.95034622754408,0.00370968961658728,0.022165395459109,-2.17119038179157,30,66,46
"P21589","20260527","High_vs_Low",-0.350795680801982,0.119189488520298,-0.586562813125942,-0.115028548478021,7.61016213905138,-2.94317632500151,0.00383874868330863,0.022841351086575,-2.16660499759662,27,64,40
"Q92820","20260527","High_vs_Low",-0.484026106039877,0.16465657454508,-0.809777371143768,-0.158274840935985,7.58169038276601,-2.93960995713147,0.00388994601040156,0.0228849228759066,-2.16933070575099,26,65,38
"Q99895","20260527","High_vs_Low",-0.494498958593924,0.167531132784736,-0.826642534578502,-0.162355382609347,8.95874430296567,-2.95168396687985,0.00389092356498165,0.0228849228759066,-2.1111805438737,17,56,32
"P51148","20260527","High_vs_Low",-0.475495863051386,0.161793421588349,-0.795629685718287,-0.155362040384486,7.56084211973488,-2.93890727066265,0.00390806752475978,0.0228849228759066,-2.18006242690733,26,59,42
"P16150","20260527","High_vs_Low",-0.349539760956224,0.119172089441867,-0.585105060835836,-0.113974461076613,11.9305076521781,-2.93306731964898,0.00390990662803146,0.0228849228759066,-2.21767448936602,30,66,46
"Q08431","20260527","High_vs_Low",-0.339036745507821,0.115229067203794,-0.567302746572589,-0.110770744443053,7.31281477472455,-2.94228490896486,0.00394697708208805,0.0229508849463944,-2.14204182872436,21,58,34
"Q9NPA2","20260527","High_vs_Low",-0.837806740050384,0.285352136625798,-1.40251456481156,-0.273098915289209,9.43755353077862,-2.93604509136393,0.00395318590080852,0.0229508849463944,-2.1758579550415,28,57,40
"P07942","20260527","High_vs_Low",-0.218504234286028,0.074628348480765,-0.366020732248978,-0.0709877363230786,9.77558630090047,-2.92789856313578,0.00397169822452672,0.022965384088594,-2.23153278824751,30,66,46
"Q14118","20260527","High_vs_Low",-0.312702685875346,0.107047269016601,-0.524301073931552,-0.101104297819139,9.09310033719044,-2.92116453551797,0.00405354648268829,0.0233445207075302,-2.24955546564276,30,66,46
"Q9NZT1","20260527","High_vs_Low",-0.780397204550898,0.267545455155469,-1.30941916335141,-0.251375245750384,9.72886622860796,-2.91687707457939,0.00412877983599129,0.023682681139246,-2.24680672852814,30,64,43
"P24821","20260527","High_vs_Low",-0.365221789319179,0.125442430320288,-0.61318289509015,-0.117260683548208,13.2492074531285,-2.91146933606653,0.00417448359093872,0.0238494401171559,-2.27549528901683,30,66,46
"Q6V0I7","20260527","High_vs_Low",-0.323763513140898,0.111336338731479,-0.543840027227467,-0.10368699905433,10.0464976111505,-2.90797700759455,0.00421833113412431,0.0239115165922431,-2.28474380442119,30,66,46
"Q9H8L6","20260527","High_vs_Low",-0.323024247915411,0.111083221831979,-0.542600430434291,-0.103448065396531,10.9189849939504,-2.9079481364342,0.00421869853405684,0.0239115165922431,-2.28482068705525,30,66,46
"Q5HYC2","20260527","High_vs_Low",-0.370158881492062,0.127153674501634,-0.621733912649999,-0.118583850334124,9.82842423280301,-2.91111431063917,0.00424376564589932,0.0239588973866914,-2.24306574416188,28,61,39
"Q9H0B8","20260527","High_vs_Low",-0.680999857407274,0.233722287866528,-1.14464389387062,-0.217355820943929,6.98963813476338,-2.91371380805657,0.00439821936477269,0.0247335159571923,-2.19830676898323,19,50,31
"P07339","20260527","High_vs_Low",-0.519109973684751,0.180353284165586,-0.87561295004563,-0.162606997323871,8.5904237678772,-2.87829509779343,0.00461231635672167,0.0257667513409446,-2.36348219603627,30,66,46
"Q6YHK3","20260527","High_vs_Low",-0.333420357658387,0.115856942140277,-0.562432666213423,-0.10440804910335,9.2665499464248,-2.87786257343723,0.00461789058202424,0.0257667513409446,-2.3645699284248,30,66,46
"P17927","20260527","High_vs_Low",-0.384993915662041,0.133789011152678,-0.649640168343573,-0.120347662980509,7.59728294355077,-2.87761986089194,0.004674359608782,0.0259807429418349,-2.33792719748,28,63,40
"P13646","20260527","High_vs_Low",-0.482113478728992,0.168213792137242,-0.814622348641492,-0.149604608816493,12.5430096362535,-2.8660757991571,0.00478434740298769,0.0264893983624878,-2.39572257956673,30,66,46
"P05155","20260527","High_vs_Low",-0.218930976502808,0.0764815108880291,-0.370110586862605,-0.0677513661430102,14.374673020031,-2.86253466963183,0.00483429681506117,0.0266630062799912,-2.40491761105747,30,66,46
"P13612","20260527","High_vs_Low",-0.345975003430933,0.121117472924706,-0.585429439006183,-0.106520567855683,7.94006052046293,-2.85652429064476,0.00493580412371238,0.0271185559900519,-2.41366727788475,30,64,45
"O43157","20260527","High_vs_Low",-0.166334467566564,0.0583489131692308,-0.281671702087943,-0.0509972330451855,13.0681170200744,-2.85068664576734,0.0050078828599334,0.0274095573326126,-2.43597411176038,30,66,46
"P01116","20260527","High_vs_Low",-0.484167412833894,0.169150956675966,-0.819674052957138,-0.148660772710649,7.98616012183487,-2.86233919304038,0.0051030132704268,0.02782403433381,-2.33433519821443,21,46,34
"O15335","20260527","High_vs_Low",-0.285060940921749,0.100380725106872,-0.483481692984404,-0.0866401888590944,10.904388023063,-2.83979758682013,0.00517242188142711,0.02809565521957,-2.46441598246608,30,66,46
"Q5SYB0","20260527","High_vs_Low",0.508504969139789,0.179113663569401,0.154294481210705,0.862715457068873,11.2399353132364,2.8390071366206,0.00522062261669949,0.0282504635182908,-2.45514856519308,28,63,44
"P02753","20260527","High_vs_Low",-0.274782231065917,0.097160255401807,-0.466837139285606,-0.0827273228462273,12.7684329031177,-2.82813409587647,0.00535412625350526,0.0288639738628817,-2.49477323793464,30,66,46
"P05362","20260527","High_vs_Low",-0.300835299613615,0.10658639708342,-0.511522690508872,-0.0901479087183575,9.39872822612275,-2.8224549083704,0.00544469385678512,0.0291629589515434,-2.50951453095351,30,66,46
"P22607","20260527","High_vs_Low",-0.567811944864656,0.19895965344911,-0.963528478948181,-0.17209541078113,6.50880005599729,-2.85390497531145,0.00545026011088818,0.0291629589515434,-2.29623991198273,23,36,23
"Q6E0U4","20260527","High_vs_Low",-0.347751558318965,0.123350220235002,-0.591575693281779,-0.103927423356151,10.1621387866905,-2.81922121951986,0.0054968846684215,0.0293030952212507,-2.51789632615688,30,66,46
"Q7LGC8","20260527","High_vs_Low",-0.197090408370212,0.0700614651346068,-0.33557963115496,-0.0586011855854636,10.9494545590778,-2.81310714800994,0.00559681273916567,0.029725294325791,-2.53372074140674,30,66,46
"Q92563","20260527","High_vs_Low",-0.43743294123925,0.155387437376245,-0.745139989677274,-0.129725892801227,7.99087148352356,-2.81511136695097,0.00571502394013514,0.0301937913584664,-2.45876222689225,25,60,32
"Q7Z3Y7","20260527","High_vs_Low",-0.720026518687332,0.256607301767574,-1.22732468035751,-0.212728357017155,14.8530236894235,-2.80594711735642,0.00572713476255429,0.0301937913584664,-2.54885294263472,29,66,45
"Q8NBJ7","20260527","High_vs_Low",-0.42974116729049,0.153218632364998,-0.732931165503002,-0.126551169077977,7.86393051239171,-2.80475788523395,0.00582719401604067,0.0306087773589829,-2.50613729413056,28,62,36
"P68104;Q5VTE0","20260527","High_vs_Low",-0.445960067344375,0.159653805874791,-0.761546835114469,-0.130373299574281,9.9134755121546,-2.79329430890059,0.00593266391504233,0.0310490512925938,-2.58484462104805,30,66,46
"Q14574","20260527","High_vs_Low",-0.335125323415433,0.120058145745219,-0.57244207466077,-0.0978085721700954,11.280384000923,-2.79135848163621,0.00596584127798353,0.0311091505186487,-2.58976216380816,30,66,46
"P51149","20260527","High_vs_Low",-0.505722238705335,0.181432260472979,-0.864359152429626,-0.147085324981044,9.52913644422836,-2.78738873333198,0.0060362891894288,0.0313624590494236,-2.60002295410537,30,66,46
"P11234","20260527","High_vs_Low",-0.452755447927219,0.162695653025068,-0.774354718008497,-0.131156177845941,9.48965826038873,-2.78283678456645,0.00611685386248084,0.0316663120534207,-2.61166080569985,30,66,46
"Q13103","20260527","High_vs_Low",-0.227577149487114,0.0819176649067575,-0.389502306540026,-0.065651992434203,16.5743969530622,-2.77812056466885,0.00620117200213785,0.0319873404714593,-2.6236831419528,30,66,46
"Q08188","20260527","High_vs_Low",-0.756891034031981,0.272188298028388,-1.29563219129448,-0.218149876769478,7.7914595095089,-2.7807625805906,0.00627049368458334,0.0322289890454929,-2.57681030052332,26,58,39
"P13942","20260527","High_vs_Low",-0.364718365383784,0.131690834725635,-0.625029241183888,-0.104407489583679,8.88406264303444,-2.76950454557933,0.00635884424236563,0.0325663665841154,-2.64568347692176,30,66,46
"P49257","20260527","High_vs_Low",-0.420700535975497,0.151938639110777,-0.721291047136343,-0.120110024814651,7.93386121386609,-2.76888445518304,0.00644718292729496,0.0329012822695408,-2.61466192021633,28,61,40
"P13727","20260527","High_vs_Low",-0.379589080366124,0.13771296750316,-0.651805518183292,-0.107372642548956,13.0361001036312,-2.75637862757852,0.00660664364705452,0.0335954857797028,-2.67913364930656,30,66,46
"P01275","20260527","High_vs_Low",-0.364498628701009,0.132567585025058,-0.626574243332092,-0.102423014069925,8.51026555405627,-2.74953057817348,0.00674970738362675,0.0342016974845257,-2.68809991540858,30,66,44
"O75752","20260527","High_vs_Low",-0.221371245845736,0.080659407926511,-0.380809229230169,-0.0619332624613033,9.38971263782193,-2.74451860652669,0.00683691582976014,0.0344894170764183,-2.70913717826333,30,66,46
"B0I1T2","20260527","High_vs_Low",-0.326710008658356,0.119067339337235,-0.56208237795498,-0.0913376393617318,7.61179616592603,-2.74390954292692,0.00685459125995761,0.0344894170764183,-2.70654852214088,30,66,45
"Q9H4G4","20260527","High_vs_Low",-0.269748279111791,0.0984178176546411,-0.464300664772868,-0.0751958934507145,8.50619660343309,-2.74084800435595,0.0069154864129599,0.0346438005440831,-2.7166572713308,30,65,46
"Q6PCB0","20260527","High_vs_Low",-0.412754923453281,0.150197868388983,-0.710293275690126,-0.115216571216436,6.89718128096318,-2.74807444260345,0.00697004240786797,0.0346438005440831,-2.63185335277641,24,55,34
"P07327","20260527","High_vs_Low",-0.541160646859881,0.197651026559293,-0.931880672868709,-0.150440620851053,8.59885518457608,-2.73796021341451,0.00697419617505674,0.0346438005440831,-2.72401380628376,30,65,46
"P35555","20260527","High_vs_Low",-0.350149585966634,0.127700655206173,-0.602825489021793,-0.0974736829114759,7.23368376053812,-2.74195606437035,0.00698190959361228,0.0346438005440831,-2.67302903006703,28,61,38
"O60279","20260527","High_vs_Low",-0.220967117194059,0.0808173619286839,-0.38071732537931,-0.0612169090088081,12.796045243772,-2.73415404710993,0.00704463141255061,0.0348344877434399,-2.73530753256461,30,66,46
"P02745","20260527","High_vs_Low",-0.304814570966162,0.111679270563705,-0.525568952163016,-0.0840601897693074,10.4998690390703,-2.72937465858793,0.00714233033825287,0.0351783880642286,-2.74734549253481,30,66,46
"Q9H1Z8","20260527","High_vs_Low",-0.38254546900182,0.139691937042923,-0.659271824803905,-0.105819113199735,6.97391119298419,-2.73849355302643,0.00716324219996845,0.0351783880642286,-2.66346036108942,22,56,35
"Q9NYQ6","20260527","High_vs_Low",-0.2944230448276,0.108015011796907,-0.507934352421568,-0.0809117372336314,8.68244370532916,-2.72576042838547,0.00721702580162218,0.0353215528994068,-2.75643618940657,30,66,46
"O94769","20260527","High_vs_Low",-0.231477861460053,0.0851085815387276,-0.399710445334306,-0.0632452775858011,8.97874535955687,-2.71979461148371,0.00734187271688432,0.0355180718456024,-2.77141805861012,30,66,46
"Q504Y2","20260527","High_vs_Low",-0.306770806519681,0.112689422557166,-0.529649512839371,-0.0838921001999897,7.53989887039375,-2.72226797829281,0.00734551318570192,0.0355180718456024,-2.74610713438684,27,64,42
"P39060","20260527","High_vs_Low",-0.281853614499759,0.103669048175075,-0.486774334913142,-0.0769328940863764,14.4891297784385,-2.71878269803123,0.00736324224858768,0.0355180718456024,-2.77395633802509,30,66,46
"Q8NI99","20260527","High_vs_Low",-0.302471024578796,0.111271788366273,-0.522419943133489,-0.0825221060241036,12.2414738366334,-2.71830828837903,0.00737328020536813,0.0355180718456024,-2.77514605308654,30,66,46
"O94985","20260527","High_vs_Low",-0.201373732629252,0.0740904968234416,-0.347827069011822,-0.0549203962466815,11.0083670276075,-2.71794280323328,0.00738102190375838,0.0355180718456024,-2.77606248227229,30,66,46
"Q9Y624","20260527","High_vs_Low",-0.493367721571444,0.181632659552462,-0.852399842949536,-0.134335600193351,8.56445396814841,-2.71629410034016,0.0074166228866797,0.0355700241454806,-2.78024088732588,30,66,46
"Q92823","20260527","High_vs_Low",-0.30287150177879,0.111838009568138,-0.52393965947614,-0.0818033440814395,8.18668923105906,-2.70812671781559,0.0075917219432512,0.0362884308887407,-2.80063422819515,30,66,46
"O60664","20260527","High_vs_Low",-0.482630940950203,0.178303780717334,-0.835235942634577,-0.130025939265828,7.37734978678904,-2.70679028234022,0.00766464761635082,0.0364886719396312,-2.79080535113366,27,65,43
"P40967","20260527","High_vs_Low",-0.325789890311356,0.120489673567396,-0.563959634747579,-0.0876201458751318,11.6867812298688,-2.70388225534634,0.00768450413233517,0.0364886719396312,-2.81123427072662,30,66,46
"P78539","20260527","High_vs_Low",-0.249754406282483,0.0924231421456316,-0.432445548959578,-0.0670632636053869,9.14663944104299,-2.70229295914808,0.00771950891256966,0.0365270010776534,-2.8151995027105,30,66,46
"Q8N1N4","20260527","High_vs_Low",-0.724532995647872,0.268193553022535,-1.25470416057758,-0.194361830718167,8.62626866295113,-2.70153024739932,0.00774352045160852,0.0365270010776534,-2.81297342374838,30,66,45
"P10909","20260527","High_vs_Low",-0.146249956998545,0.0543029486045335,-0.253589607014618,-0.0389103069824727,18.7660813783955,-2.69322312612571,0.00792205276359014,0.0372466349606173,-2.83778824424194,30,66,46
"P36955","20260527","High_vs_Low",-0.180021236241501,0.0669860715081382,-0.312431384426988,-0.0476110880560139,11.3120858779244,-2.68744280995236,0.00805363340819138,0.0377415369521126,-2.85214866628976,30,66,46
"O60704","20260527","High_vs_Low",-0.333623722012955,0.124189236507819,-0.579214055713012,-0.0880333883128986,7.88798914358573,-2.68641414823378,0.00812235930763114,0.037759661058473,-2.83629577903087,28,65,42
"P08294","20260527","High_vs_Low",-0.34263318182502,0.127657500509816,-0.594971439300531,-0.0902949243495092,9.53856840826006,-2.68400352863462,0.00813285880623921,0.037759661058473,-2.86067991807471,30,66,46
"Q8WUA8","20260527","High_vs_Low",-0.397020502952154,0.147914696450552,-0.689418621452531,-0.104622384451777,9.33890474666914,-2.68411802531656,0.00813649600213958,0.037759661058473,-2.85615612729106,30,66,45
"Q8NCH0","20260527","High_vs_Low",-0.334031415288835,0.124457931084708,-0.580347409214438,-0.0877154213632316,7.07200308020474,-2.68389014968832,0.00826243335288582,0.0382204175098008,-2.80500522118595,28,60,36
"P09619","20260527","High_vs_Low",-0.334124591369797,0.124898862904447,-0.581009900106964,-0.0872392826326291,10.1561913289147,-2.67516119522574,0.00833979188406566,0.0384542172403542,-2.88256844106047,30,66,46
"P80108","20260527","High_vs_Low",-0.281056713015458,0.105183472348121,-0.488970968124249,-0.073142457906667,14.2212405056098,-2.67206155816246,0.00841345038275095,0.0386695123361053,-2.89022594803879,30,66,46
"P22352","20260527","High_vs_Low",-0.322540357319042,0.121071733975343,-0.561860876619551,-0.0832198380185329,12.2183865909949,-2.6640434288711,0.00860682591337186,0.0394319116925727,-2.91000384258147,30,66,46
"Q8N8M0","20260527","High_vs_Low",-0.359218733408436,0.134739412811763,-0.626439861513368,-0.0919976053035032,8.08272553847852,-2.66602567067946,0.00891237035194569,0.0405924745611273,-2.82752003507287,20,46,36
"Q01546","20260527","High_vs_Low",-0.896477003710187,0.336899179443921,-1.5638779489209,-0.229076058499469,9.75388915944005,-2.66096523354522,0.00891675696426438,0.0405924745611273,-2.83872575772982,25,55,33
"P15090","20260527","High_vs_Low",-0.433650530745946,0.163195227136735,-0.756906232428573,-0.110394829063318,7.88420276880003,-2.6572500823361,0.00899769505693694,0.0408313123786316,-2.87469930470252,20,57,37
"Q53RD9","20260527","High_vs_Low",-0.314188199765452,0.11870713748228,-0.548834437570188,-0.0795419619607154,8.69966237679794,-2.64675070454253,0.00903727769690334,0.040881565354446,-2.95245545282642,30,66,46
"P50895","20260527","High_vs_Low",-0.386384946645776,0.14614569200469,-0.675268475703911,-0.0975014175876422,9.0450726337793,-2.64383398063747,0.00911178390831157,0.0410889878129522,-2.95959217566232,30,66,46
"P08729","20260527","High_vs_Low",-0.740861754398347,0.280050810381423,-1.29483381124738,-0.186889697549318,13.5722549446597,-2.64545477797157,0.00914957084706234,0.0411300457513711,-2.93696556775245,26,62,43
"Q9H3G5","20260527","High_vs_Low",-0.283689662194419,0.107410003553071,-0.496005061005916,-0.0713742633829228,8.71481555705964,-2.64118473894519,0.00917993715537646,0.0411375933775308,-2.96606825396284,30,66,46
"P48735","20260527","High_vs_Low",-0.670952619314819,0.255426916065712,-1.17625157588807,-0.165653662741564,8.17021818630271,-2.62678902305741,0.00964785727814593,0.0430997736350818,-2.98752427988739,24,62,44
"Q6ZRP7","20260527","High_vs_Low",-0.337329817655199,0.128685622542528,-0.591700345237603,-0.0829592900727953,8.43355537771602,-2.62134814278665,0.00970502875300398,0.0432205317758004,-3.01437230684573,30,66,46
"P00326","20260527","High_vs_Low",-0.588724464637259,0.225006282877269,-1.03349527618695,-0.143953653087565,10.1408830282786,-2.61648011383924,0.00983923664446185,0.043682555257456,-3.0262481856235,30,66,46
"P50238","20260527","High_vs_Low",-0.266464809402954,0.102639614764579,-0.469387727357097,-0.0635418914488114,11.6521168177418,-2.59612051364511,0.0104333368893446,0.0461771762324697,-3.0693964129927,29,65,45
"Q8WVV4","20260527","High_vs_Low",-0.783919496896887,0.30221767376717,-1.38366826746669,-0.184170726327089,6.82639240143335,-2.59389031463733,0.0109453057972741,0.0481578009467653,-2.96667635027401,18,51,28
"P60520","20260527","High_vs_Low",-0.518610723433022,0.200274960032567,-0.915629406059452,-0.121592040806592,6.97533567879414,-2.58949358096833,0.0109480077466147,0.0481578009467653,-2.99711115657991,23,51,32
"P14625","20260527","High_vs_Low",-0.298284088237095,0.115859441165663,-0.527301618208391,-0.0692665582657983,14.0613246758256,-2.57453415307424,0.0110531631051687,0.0484716693969785,-3.127067853604,30,66,46
"Q8IZA0","20260527","High_vs_Low",-0.341951975010844,0.132772404214099,-0.60466313402125,-0.0792408160004375,6.95231684743641,-2.57547475346937,0.0111456716957766,0.0485061533577365,-3.07632038904459,27,63,37
"P05556","20260527","High_vs_Low",-0.285344554845175,0.110969147957898,-0.504695249613674,-0.0659938600766752,11.185457767617,-2.57138637266491,0.0111494160789705,0.0485061533577365,-3.13457157637262,30,66,46
"P03950","20260527","High_vs_Low",-0.381385311860054,0.148272869010839,-0.674564123985441,-0.0882064997346677,8.33331990067628,-2.57218542005938,0.0111625039107762,0.0485061533577365,-3.11519427912802,30,64,43
"P62330","20260527","High_vs_Low",-0.488301013228781,0.18935577986354,-0.863595219122941,-0.113006807334622,8.2107827732802,-2.57874892216481,0.01124785613667,0.0487293827794101,-3.04283454179368,19,55,34
"Q16658","20260527","High_vs_Low",-0.701814793862511,0.272819826069572,-1.24259667890684,-0.161032908818182,7.11588769256878,-2.57244791910226,0.0114574281867666,0.0494878072886244,-3.032299315504,24,52,31
"Q14517","20260527","High_vs_Low",-0.311625627676275,0.121857474583169,-0.552499079481945,-0.0707521758706048,10.3303040558611,-2.55729596187869,0.011590254650751,0.0497938175770285,-3.16809094070183,30,66,46
"Q16270","20260527","High_vs_Low",-0.210401161045342,0.0823118509608985,-0.373105498496004,-0.0476968235946794,9.9999153046201,-2.55614663732068,0.0116268932497393,0.0497938175770285,-3.17081765668071,30,66,46
"P12111","20260527","High_vs_Low",-0.218525302293079,0.0854959451446973,-0.387523580755973,-0.0495270238301856,9.84632623756242,-2.55597270634574,0.0116324469235039,0.0497938175770285,-3.17123020224698,30,66,46
"Q92930","20260527","High_vs_Low",-0.462781322418907,0.181223057577125,-0.82144221725428,-0.104120427583534,7.22372533277142,-2.55365585707523,0.0118606073357327,0.0506193777364307,-3.13491676376337,23,63,38
"P61158","20260527","High_vs_Low",-0.540197043527673,0.212007302288742,-0.959455894658966,-0.12093819239638,7.64519803506811,-2.54801149628306,0.0119457241366263,0.0508313602727658,-3.17586666862139,28,63,44
"Q8WUJ3","20260527","High_vs_Low",-0.3459473620986,0.135906455893798,-0.614623659958041,-0.077271064239158,7.33742515498343,-2.54548144768734,0.0119871555578272,0.0508567487275863,-3.19440327367691,29,65,46
"P62820","20260527","High_vs_Low",-0.721087633418141,0.282782405254646,-1.28107868808305,-0.161096578753228,7.66680368083098,-2.54997347790715,0.0120552575898602,0.0509948064420635,-3.12757409143223,23,57,37
"Q9NQ79","20260527","High_vs_Low",-0.218664084919689,0.0862832439710227,-0.389218602641178,-0.0481095671982011,12.1866251470337,-2.53425896913572,0.0123447391339163,0.0519975936775072,-3.22253214065786,30,66,46
"P16671","20260527","High_vs_Low",-0.403884792283641,0.159406191498439,-0.718981808578449,-0.0887877759888329,9.54077855151083,-2.5336832182431,0.0123648392217782,0.0519975936775072,-3.22391681462308,30,66,46
"P02747","20260527","High_vs_Low",-0.212836174569157,0.0841354231141445,-0.379145133900188,-0.0465272152381251,11.6460406167389,-2.52968567449179,0.012499647106926,0.0524108010272863,-3.23328641132806,30,66,46
"O60462","20260527","High_vs_Low",-0.152319081885409,0.0602952416843599,-0.271503588553126,-0.0331345752176922,12.6790332019988,-2.52622060431875,0.0126181727525955,0.0527023760253778,-3.24142286428798,30,66,46
"Q9Y696","20260527","High_vs_Low",-0.402916842982796,0.159510117955353,-0.718255711041109,-0.0875779749244831,7.5293330319443,-2.52596417172466,0.0126426899251952,0.0527023760253778,-3.23781940040074,29,66,45
"P04406","20260527","High_vs_Low",-0.350355776194247,0.139472127815724,-0.626049536172994,-0.0746620162155002,12.6346269671527,-2.512012842144,0.0131155791036396,0.054515189665563,-3.2747118174884,30,66,46
"Q96DR8","20260527","High_vs_Low",-0.720570070621735,0.2877377349947,-1.29205030852932,-0.149089832714144,8.49485202783453,-2.50425989707261,0.0140339595220168,0.0581638669207284,-3.12131471920589,26,41,24
"Q15599","20260527","High_vs_Low",-0.574036380687254,0.230720666015031,-1.03062773324278,-0.117445028131729,7.23472590729181,-2.48801457884946,0.0141522413632385,0.0584620738564662,-3.28367281854555,28,57,40
"Q9NRA1","20260527","High_vs_Low",-0.241520454780861,0.0972738521225908,-0.433799907570694,-0.0492410019910288,9.36302178431373,-2.48289185131151,0.0141874488856696,0.0584620738564662,-3.3423050287109,30,66,46
"Q9HDC9","20260527","High_vs_Low",-0.298447584286802,0.120278124857173,-0.536200066294856,-0.0606951022787466,14.010045477242,-2.48131224727022,0.014248334647123,0.0585447331919037,-3.34597166105815,30,66,46
"P02763","20260527","High_vs_Low",-0.363900825886589,0.146728549991524,-0.653938043845251,-0.0738636079279262,10.7175738298802,-2.48009556359419,0.0142952063227181,0.0585695024765078,-3.34878773948064,30,66,46
"Q8WWV6","20260527","High_vs_Low",-0.340152840244372,0.137338165972871,-0.611626950023793,-0.0686787304649508,10.2470671796971,-2.47675391494279,0.0144234195637137,0.0588527630017792,-3.3564716846742,30,66,46
"Q99435","20260527","High_vs_Low",-0.405902461925971,0.163879758710437,-0.729901592730095,-0.0819033311218463,9.58445505768515,-2.47683097119498,0.0144464243909528,0.0588527630017792,-3.34205626513613,30,66,43
"P04259","20260527","High_vs_Low",-0.465980792714364,0.189058671721454,-0.839693818754283,-0.0922677666744439,14.539321082308,-2.46474170410394,0.0148965472158932,0.0605145855739116,-3.38414405688144,30,66,46
"O75147","20260527","High_vs_Low",0.589543806186363,0.238368521662749,0.116621669403923,1.0624659429688,10.3258695256698,2.47324521742207,0.0150766603973666,0.0610732514401802,-3.26466205107557,17,50,32
"P10586","20260527","High_vs_Low",-0.268383587247124,0.109307267968382,-0.484449274091976,-0.052317900402272,7.44324296493814,-2.45531328552421,0.0152747585517181,0.0616226612855811,-3.40568480228887,30,66,46
"Q9NPH3","20260527","High_vs_Low",-0.358117884086403,0.145761956768914,-0.646427633595175,-0.0698081345776319,8.03899964710994,-2.45686797861908,0.0153028375894923,0.0616226612855811,-3.38053690944826,27,62,43
"P31944","20260527","High_vs_Low",-0.706280171375527,0.287335619701908,-1.27495745994575,-0.137602882805303,8.85950041001921,-2.45803208146712,0.0153412064706781,0.0616226612855811,-3.34383269617603,28,58,38
"P16112","20260527","High_vs_Low",-0.353941115450631,0.14446516978418,-0.639504326826669,-0.068377904074593,10.5791729865978,-2.4500100334177,0.0154929208556121,0.0620582360529266,-3.41782352415267,30,66,46
"P30101","20260527","High_vs_Low",-0.31033910218712,0.126832742871515,-0.561047076252277,-0.0596311281219631,10.704415955045,-2.44683742668486,0.0156235077779758,0.0621136555690023,-3.42503335146382,30,66,46
"Q9NQ76","20260527","High_vs_Low",-0.313344989900894,0.127992184014329,-0.566507031151164,-0.060182948650625,7.63664439094608,-2.44815722392716,0.015661050162225,0.0621136555690023,-3.38302958355729,29,64,39
"P48061","20260527","High_vs_Low",-0.348978569701192,0.142434908281733,-0.630872987335683,-0.0670841520667004,9.52609354803538,-2.45009158155892,0.0156653005871097,0.0621136555690023,-3.356659384148,27,61,36
"P03952","20260527","High_vs_Low",-0.164486415245046,0.0672614045241386,-0.297440809191303,-0.0315320212987881,13.243236189764,-2.44547993620941,0.0156800162593995,0.0621136555690023,-3.42812651000982,30,66,46
"P19971","20260527","High_vs_Low",-0.402029390527952,0.164647456496347,-0.727585549500883,-0.0764732315550211,7.44126367891631,-2.44175888946618,0.0158806651056551,0.0627351894256458,-3.42797568973185,27,66,44
"P04233","20260527","High_vs_Low",-0.2377328837819,0.0975551096925351,-0.430603517265391,-0.0448622502984101,9.2500985929571,-2.4369085794805,0.0160676957740315,0.063266366130309,-3.43839742713142,29,66,44
"Q8NG11","20260527","High_vs_Low",-0.346785144418173,0.141898968444905,-0.627964962226101,-0.0656053266102457,7.70345064710523,-2.44388770558836,0.0161033637639908,0.063266366130309,-3.35094351481648,22,53,35
"P11142","20260527","High_vs_Low",-0.339156568599668,0.139434940511059,-0.614776563715786,-0.0635365734835501,11.2828601020511,-2.43236427940219,0.0162362028604052,0.063493140456081,-3.4579550551266,30,66,46
"P78509","20260527","High_vs_Low",-0.198008092837346,0.0814166780498486,-0.358942958289798,-0.0370732273848945,12.1678455702605,-2.43203355356888,0.0162496391543806,0.063493140456081,-3.4586802064743,30,66,46
"P01034","20260527","High_vs_Low",-0.221063590268175,0.0909374340980842,-0.400817960892409,-0.0413092196439411,10.4163792482697,-2.4309415859451,0.0162966945927267,0.0635039675162229,-3.46115465642393,30,66,46
"P31025","20260527","High_vs_Low",-0.555008245249878,0.227294679005354,-1.00589986555126,-0.104116624948498,7.4559894091322,-2.44180043139859,0.016352597031055,0.0635491169174332,-3.30842345148092,21,51,28
"P60953","20260527","High_vs_Low",-0.363562568819901,0.149749570767781,-0.659570099764097,-0.0675550378757053,9.14265631752686,-2.42780374565269,0.0164327253228051,0.0636879138186554,-3.46826373489174,30,66,46
"O60844","20260527","High_vs_Low",-0.524212579185356,0.212929897720604,-0.950424294670218,-0.0980008637004937,6.59408447247718,-2.4619021790599,0.0168093813425398,0.0649721100948843,-3.16163388544314,12,27,18
"P11717","20260527","High_vs_Low",-0.388517835603742,0.159495949775117,-0.705528777740342,-0.071506893467142,6.35114720652899,-2.43591035478666,0.0168918672238809,0.0650139370280167,-3.31609393298871,14,43,29
"P13686","20260527","High_vs_Low",-0.420506618545027,0.173107919138509,-0.764029788105143,-0.0769834489849118,6.98467210936514,-2.4291587619892,0.0169538882234158,0.0650139370280167,-3.29775239581162,22,52,23
"Q92752","20260527","High_vs_Low",-0.333401490545944,0.137925008562267,-0.606210154418539,-0.060592826673348,7.05902125207676,-2.41726641180832,0.0169922475797587,0.0650139370280167,-3.45613633162058,29,63,40
"P11277","20260527","High_vs_Low",0.621708534241487,0.257441740510829,0.112822424975714,1.13059464350726,11.4089681718772,2.41494845788356,0.0170015525700881,0.0650139370280167,-3.49732808615799,30,66,46
"Q9BWS9","20260527","High_vs_Low",-0.442687616244311,0.182523930863465,-0.805088729155152,-0.0802865033334701,6.86405746144715,-2.42536753482182,0.0172009092393869,0.0656013400246831,-3.3259001939465,19,48,26
"P0DOX5","20260527","High_vs_Low",-0.464820945150043,0.192075223439547,-0.845710205006805,-0.0839316852932817,8.55111072869252,-2.4199942961219,0.0172540430541573,0.0656294369752296,-3.36451760712841,22,52,29
"O43707","20260527","High_vs_Low",-0.485457188757783,0.201809094544,-0.884521683513028,-0.0863926940025385,7.22437162729393,-2.4055268165922,0.0174844661030799,0.066055374799746,-3.5076272723347,27,65,44
"Q15485","20260527","High_vs_Low",-0.375076654135762,0.156011841653985,-0.683482346360019,-0.0666709619115059,9.30369438654542,-2.40415503181891,0.0174993287911478,0.066055374799746,-3.51939047952896,30,65,46
"P08709","20260527","High_vs_Low",-0.213287625918626,0.0887280619837591,-0.388674770902241,-0.0379004809350118,9.58475404680664,-2.40383505680161,0.0175042136847304,0.066055374799746,-3.52225212320914,30,66,46
"P29508","20260527","High_vs_Low",-0.838218158103054,0.348809912055901,-1.5300890888461,-0.146347227360004,7.42301257164247,-2.40308009930841,0.0180661237802792,0.0679969068265626,-3.42169391147403,16,54,31
"P01889","20260527","High_vs_Low",-0.384679830652685,0.161114328911595,-0.703153309287177,-0.0662063520181925,9.51349807233711,-2.38762022752032,0.0182646814459417,0.0682240652402581,-3.55852115926353,30,66,46
"Q8IVW4","20260527","High_vs_Low",-0.41336769862404,0.173034145278776,-0.755599888191915,-0.0711355090561638,9.79690518843866,-2.38893715432905,0.0182910405912166,0.0682240652402581,-3.52126955904051,29,64,40
"Q9NS62","20260527","High_vs_Low",-0.197675642755728,0.0828388911920536,-0.361441568795727,-0.0339097167157286,9.54986750169948,-2.38626615966451,0.0183473556219718,0.0682240652402581,-3.55709892039239,30,64,46
"Q15848","20260527","High_vs_Low",-0.414415461960405,0.173052848861307,-0.75754393587038,-0.0712869880504298,7.18327154106356,-2.39473354346531,0.0184031731696486,0.0682240652402581,-3.44698910737781,19,52,33
"Q3ZCW2","20260527","High_vs_Low",-0.918794009391115,0.38383742974717,-1.67963434786531,-0.157953670916916,7.81798305757186,-2.39370613229751,0.0184050920917,0.0682240652402581,-3.44883985159142,23,50,34
"P20339","20260527","High_vs_Low",-0.319034331235224,0.133793443135778,-0.583501394805337,-0.0545672676651121,9.61692708335203,-2.38452889587017,0.0184119339246722,0.0682240652402581,-3.56538354165309,30,66,46
"Q14344","20260527","High_vs_Low",-0.515014107212719,0.216627520007484,-0.943650286997168,-0.0863779274282689,7.40834785223774,-2.37741773157412,0.0189151757291936,0.0699081494733599,-3.53930453507775,28,58,41
"P46940","20260527","High_vs_Low",-0.373760551241457,0.157655717870495,-0.685396131044952,-0.062124971437962,8.92801238399842,-2.37073895124108,0.0190857446358092,0.0702410710648688,-3.59600025836298,30,66,46
"Q9UIQ6","20260527","High_vs_Low",-0.527197315839691,0.221485716052244,-0.96636268352717,-0.0880319481522125,6.90026927646133,-2.38027681981685,0.0191032201640857,0.0702410710648688,-3.45787734659757,22,52,30
"P04114","20260527","High_vs_Low",0.36313198845972,0.153614778183263,0.0594810473174974,0.666782929601943,16.1916569001624,2.3639131127508,0.019428747804633,0.0712553052476823,-3.61113130849697,30,66,46
"P0DOX2","20260527","High_vs_Low",-0.302208110016156,0.127976488340739,-0.555178755000231,-0.0492374650320824,14.7721856731857,-2.36143461923664,0.0195534263390787,0.071529625944487,-3.61658574392014,30,66,46
"P06727","20260527","High_vs_Low",-0.217861077310609,0.0923586638833823,-0.400424766980431,-0.0352973876407868,15.2383154353252,-2.3588591275605,0.0196832131253466,0.0717517376386947,-3.62223547884059,30,66,46
"P05106","20260527","High_vs_Low",-0.525796530070842,0.222956985306092,-0.966516486985795,-0.0850765731558892,10.3034280339435,-2.35828686573327,0.019714215222905,0.0717517376386947,-3.62354016635159,30,66,46
"P04899","20260527","High_vs_Low",-0.330145306222541,0.140416263999238,-0.607703579236547,-0.0525870332085343,8.88219328004635,-2.3511899321316,0.0200777638604736,0.0728899072808078,-3.63911067476249,30,66,46
"Q9UBX7","20260527","High_vs_Low",-0.688235375878936,0.29294407129678,-1.26751588447501,-0.108954867282866,11.0539275414668,-2.34937465309441,0.0202346825595325,0.0732740777534587,-3.62427149249002,29,64,43
"Q9UGM3","20260527","High_vs_Low",-0.397418792388274,0.169538459491859,-0.73256432746142,-0.0622732573151285,9.08373150446628,-2.34412176198497,0.0204582336678999,0.0738969951631447,-3.64980699415436,30,66,45
"P36871","20260527","High_vs_Low",-0.464271712636228,0.198400893808813,-0.856701054804026,-0.071842370468431,7.33901848524236,-2.34006865454759,0.0207683790523333,0.0748287828166983,-3.63545365700926,29,60,43
"P54920","20260527","High_vs_Low",-0.410242033183907,0.175748604692135,-0.757642974363849,-0.062841092003966,8.37996075345636,-2.33425485171016,0.0209746898754263,0.0753827200034116,-3.6762146555852,30,66,46
"A0A0B4J1X5","20260527","High_vs_Low",-0.367084346751035,0.157339588144714,-0.678134589383185,-0.0560341041188857,11.0671055477153,-2.33307046929224,0.0210589702640142,0.0754964083964911,-3.67176562941836,30,65,45
"Q8IUL8","20260527","High_vs_Low",-0.262688533257294,0.113060187107636,-0.486172547049358,-0.0392045194652304,7.33264415568804,-2.32343975344043,0.0215642854257999,0.0769609758848397,-3.69974767882552,30,66,46
"P12110","20260527","High_vs_Low",-0.245983828166469,0.105870980616704,-0.455269629681964,-0.0366980266509748,8.77611989414312,-2.32343014803113,0.0215748342438672,0.0769609758848397,-3.69998581723454,29,66,46
"Q9BQE5","20260527","High_vs_Low",-0.378153819615939,0.162989625076838,-0.700541749524517,-0.0557658897073603,10.9781482529349,-2.32010975813746,0.0218578567241019,0.077639122491712,-3.66382616340952,30,63,39
"P01009","20260527","High_vs_Low",-0.215548772279984,0.0929937400066984,-0.399367805362311,-0.0317297391976568,14.687153019277,-2.31788475508629,0.0218732255834391,0.077639122491712,-3.71180598122656,30,66,46
"P55268","20260527","High_vs_Low",-0.277309299188978,0.11990492582793,-0.5143374098325,-0.0402811885454567,7.90922038443732,-2.31274317776513,0.0221727710111401,0.0785080336542589,-3.72315535218131,29,66,46
"P05186","20260527","High_vs_Low",-0.466068401735963,0.201112224515924,-0.864704915332373,-0.067431888139552,6.53369970899058,-2.31745436090614,0.0223631124523684,0.0788167549353116,-3.61847146518077,21,52,34
"P02652","20260527","High_vs_Low",-0.177043024903927,0.0766719640772036,-0.328599100615898,-0.0254869491919566,17.4917413570568,-2.30909729566412,0.0223698879070236,0.0788167549353116,-3.7308264908057,30,66,46
"P15151","20260527","High_vs_Low",-0.300572702967566,0.130478737258578,-0.558707635317342,-0.0424377706177895,7.5714844560748,-2.30361443774477,0.0228302661499701,0.0802416707329831,-3.68316099701682,29,64,36
"P05154","20260527","High_vs_Low",-0.240398714488405,0.104827062721634,-0.447608461176335,-0.0331889678004751,10.814821083553,-2.29328866274522,0.0232883671217845,0.0816516343585304,-3.76487595624592,30,66,46
"P12273","20260527","High_vs_Low",-0.475728848741008,0.207345204268785,-0.886157106851037,-0.0653005906309796,8.32752760263058,-2.29438076669627,0.0234646373996362,0.0820690000758009,-3.70834896005404,24,60,38
"Q9NZN3","20260527","High_vs_Low",-0.435103437538908,0.190687066556145,-0.812057690549462,-0.058149184528354,9.32432669739121,-2.28176690426353,0.0239907843243466,0.0837050723141435,-3.78466553635211,30,66,45
"P15311","20260527","High_vs_Low",-0.30218150015216,0.132697924904837,-0.564498817054107,-0.0398641832502128,8.18096646736532,-2.27721345581602,0.0242666243329158,0.0844619885762166,-3.79434581527513,30,66,45
"P63218","20260527","High_vs_Low",-0.280028906089465,0.123088956224175,-0.523351209434765,-0.036706602744164,9.16852871321508,-2.27501243555485,0.024401854892888,0.0844784800005833,-3.79903540135273,30,66,45
"P18065","20260527","High_vs_Low",-0.462805646417374,0.203378443186019,-0.864975137285542,-0.0606361555492068,10.446434533038,-2.27558849978054,0.0244236128426174,0.0844784800005833,-3.79392052084857,27,64,45
"Q86TH1","20260527","High_vs_Low",-0.240455258342791,0.105736864324726,-0.449463393298201,-0.0314471233873815,8.52627591009381,-2.27409106444026,0.0244480956765984,0.0844784800005833,-3.8059332487898,30,66,46
"P10809","20260527","High_vs_Low",-0.77237266025511,0.33963732100002,-1.44412065893102,-0.100624661579196,8.26141166388136,-2.27411009479451,0.0245499699477666,0.0846265790987915,-3.77924150240589,28,63,42
"A8MYB1","20260527","High_vs_Low",-0.404652150788685,0.178127451039659,-0.757008318940163,-0.0522959826372073,12.0630540296152,-2.27170011374941,0.0247237374076151,0.085021197703885,-3.77572092950314,27,64,40
"P05060","20260527","High_vs_Low",-0.37245369636066,0.16451019088046,-0.697638304022724,-0.0472690886985963,8.41655365764644,-2.26401595163974,0.0250769032916606,0.0860293763642136,-3.82735546076475,30,66,46
"A0A0B4J1Y9","20260527","High_vs_Low",-0.418358048905279,0.185744945047202,-0.785520818288745,-0.051195279521814,11.3462781767191,-2.25232535291318,0.0258258755795571,0.0883873641553338,-3.8521300878832,30,66,46
"P23229","20260527","High_vs_Low",-0.333730432784709,0.148295240430439,-0.626863303941342,-0.040597561628075,9.6178518455932,-2.25044601442386,0.0259459861813184,0.088586864768544,-3.85606578220311,30,66,46
"P61106","20260527","High_vs_Low",-0.558054820414879,0.248076756399128,-1.04842912845338,-0.0676805123763781,8.35463810463762,-2.24952481850831,0.0260077197123829,0.088586864768544,-3.85803948593607,30,66,46
"Q9HCM3","20260527","High_vs_Low",-0.18781730093832,0.0835916723607793,-0.353051438053209,-0.0225831638234314,9.77958334262399,-2.24684224676959,0.0261809224904467,0.0889655043869682,-3.86365933096514,30,66,46
"Q9HCU0","20260527","High_vs_Low",-0.198365799593233,0.0886001863399095,-0.373500175119404,-0.0232314240670628,14.4333383876908,-2.23888693452872,0.0267066447480671,0.0905374197842274,-3.88039055945597,30,66,46
"P61225","20260527","High_vs_Low",-0.37436455789722,0.167575713562031,-0.705610843000658,-0.043118272793782,9.81437886102823,-2.23400246932944,0.0270353174426746,0.0914354839924418,-3.89065766124479,30,66,46
"P48454","20260527","High_vs_Low",-0.657509252427374,0.28869522041158,-1.23768054349536,-0.0773379613593915,9.59726597061442,-2.2775203950034,0.0271609239502022,0.0916441528108,-3.52735808681285,4,28,16
"Q99969","20260527","High_vs_Low",-0.234928603937323,0.105371817349055,-0.443215157180968,-0.0266420506936782,11.9156013043531,-2.22952028206079,0.0273374237173415,0.091821069892982,-3.9000193025967,30,66,46
"P21926","20260527","High_vs_Low",-0.440077872174227,0.197330388743642,-0.830237579990692,-0.0499181643577616,11.5975696883451,-2.2301576304395,0.027341420393517,0.091821069892982,-3.88108437511316,30,65,43
"P59768","20260527","High_vs_Low",-0.362674307732092,0.163308491417162,-0.68571264931386,-0.0396359661503235,7.99726469875181,-2.22079271313371,0.0280687868757539,0.0940435522893248,-3.87384311870099,29,63,39
"Q9H251","20260527","High_vs_Low",-0.239155178763431,0.107955355277691,-0.452548564401808,-0.0257617931250541,10.4405489407594,-2.2153155639964,0.0283187945784374,0.0946600266328186,-3.92964054219845,30,66,46
"P55287","20260527","High_vs_Low",-0.3169637264591,0.143178140421681,-0.599981350322204,-0.0339461025959967,8.30856945744405,-2.21377177776995,0.0284272770859816,0.0948016635844131,-3.93284919440358,30,66,46
"Q6Q788","20260527","High_vs_Low",-0.28043902559512,0.126736499866521,-0.530957073095383,-0.0299209780948568,12.5045162230681,-2.21277237331375,0.0284979338999076,0.0948167916762588,-3.93492882447854,30,66,46
"O43399","20260527","High_vs_Low",-0.67252830007781,0.303923004158913,-1.27417917040457,-0.0708774297510537,10.4083187521802,-2.21282459989821,0.0287717650738336,0.0955062757311978,-3.87131529150385,26,57,38
"P23141","20260527","High_vs_Low",-0.291389170154528,0.131880853381999,-0.552316979977951,-0.0304613603311062,6.48404017824903,-2.20948805442218,0.0289039713642358,0.0957235448875614,-3.88920263889785,28,62,38
"A2A3L6","20260527","High_vs_Low",-0.296130326414623,0.134055226735015,-0.561548359634883,-0.0307122931943631,10.0989598681501,-2.20901738505116,0.0290708535701558,0.0960543871419432,-3.86776509626645,24,60,35
"P14543","20260527","High_vs_Low",-0.253609100177949,0.115181240839258,-0.481285762271225,-0.0259324380846721,12.1443477407031,-2.20182642876607,0.0292789785564693,0.0964041457806986,-3.95760631997928,30,66,46
"Q8TD06","20260527","High_vs_Low",-0.346828718631102,0.157443300389787,-0.658222266608305,-0.0354351706538982,7.86819449018461,-2.20288013381609,0.0293111628733505,0.0964041457806986,-3.94151584887417,25,64,44
"P05160","20260527","High_vs_Low",-0.252610871162835,0.115021316568085,-0.479971413860427,-0.0252503284652429,11.3294381761761,-2.19620917843785,0.0296870995691194,0.0973393705935981,-3.96920509485354,30,66,46
"P01591","20260527","High_vs_Low",-0.32787649492828,0.149331963360175,-0.623060135452071,-0.032692854404488,10.9035358489687,-2.1956216710114,0.0297312721896764,0.0973393705935981,-3.97043373490406,30,66,46
"P56199","20260527","High_vs_Low",-0.496048115427858,0.226011813569469,-0.943123549693097,-0.0489726811626176,7.38904282256392,-2.19478843868216,0.0299282984561721,0.0977612300367901,-3.93347351966767,28,63,40
"Q9BX67","20260527","High_vs_Low",-0.671935905802153,0.305846644602391,-1.27782144115455,-0.066050370449759,8.48489010962179,-2.19697000984166,0.0300474555394347,0.0978269775275565,-3.86649649020837,21,61,31
"P98095","20260527","High_vs_Low",-0.281465649743003,0.12847627462052,-0.535422363098789,-0.0275089363872174,8.87848570078935,-2.19079865581693,0.0300848654739557,0.0978269775275565,-3.98035088605963,30,66,46
"Q96PC5","20260527","High_vs_Low",-0.367050670900309,0.166970098097652,-0.69819311127727,-0.0359082305233471,7.92829616473629,-2.19830182219597,0.030164034536653,0.0978625011890508,-3.80033186196419,23,54,25
"Q6UX71","20260527","High_vs_Low",-0.187006188939531,0.0855059471850317,-0.356024238253484,-0.0179881396255781,10.1586295364054,-2.18705476163964,0.0303628078365713,0.0982850258186079,-3.98804837538866,30,66,46
"P19013","20260527","High_vs_Low",-0.479543003463034,0.219680469367434,-0.913812392284065,-0.0452736146420032,11.764643648823,-2.18291141148719,0.030686744620232,0.0989124473327222,-3.99674024244585,29,66,46
"P13797","20260527","High_vs_Low",-0.500087302968452,0.22799846472533,-0.952660810512735,-0.0475137954241682,6.4740695567218,-2.19338013337462,0.0306945879100846,0.0989124473327222,-3.82655981881138,20,46,29
"Q7L576","20260527","High_vs_Low",-0.533620189939538,0.244710513984079,-1.01755329047652,-0.0496870894025583,7.34977731789117,-2.18061815674277,0.030932904053466,0.0994569157234759,-3.97582837939003,29,64,42
"P40197","20260527","High_vs_Low",-0.426556624656023,0.196515300873718,-0.815008164758213,-0.0381050845538319,8.73528892015648,-2.17060260834413,0.0316124419309187,0.101307894488015,-4.02175032793021,30,66,46
"Q9BZE9","20260527","High_vs_Low",-0.267349102046058,0.123191529261958,-0.510904035902812,-0.0237941681893045,11.5217708143091,-2.17019062631782,0.0316781598535446,0.101307894488015,-4.0068787021647,30,66,43
"Q9BXN1","20260527","High_vs_Low",-0.156464747696118,0.0721338597121177,-0.299050435117902,-0.0138790602743345,11.4948317972916,-2.1690888068455,0.0317278082381303,0.101307894488015,-4.0248155982001,30,66,46
"P08238","20260527","High_vs_Low",-0.261122317829296,0.120428681784354,-0.499171726365701,-0.0230729092928905,12.9279891084057,-2.1682734873481,0.0317911802786659,0.101307894488015,-4.02647982669309,30,66,46
"Q9BYJ0","20260527","High_vs_Low",-0.33026195029203,0.152470754455246,-0.631649740499268,-0.0288741600847922,10.319167567853,-2.16606752863528,0.0319635583741103,0.101631358555375,-4.03098439703918,30,66,46
"Q8WUT4","20260527","High_vs_Low",-0.398639185047001,0.184096040779706,-0.762585676822157,-0.0346926932718448,9.41792270246368,-2.16538706296255,0.0320409373864963,0.101652000469548,-4.02205695858427,30,66,44
"Q15063","20260527","High_vs_Low",-0.321742083153319,0.149288517142703,-0.616839843786753,-0.0266443225198851,10.9351804169386,-2.15516966281988,0.0328228480103939,0.103720726271159,-4.05312178219023,30,66,46
"Q16851","20260527","High_vs_Low",-0.480708318517974,0.222903123390523,-0.921603740308182,-0.0398128967277653,7.54452754199562,-2.15657955440929,0.0328376636869637,0.103720726271159,-4.00848243881653,30,62,40
"Q5QJ74","20260527","High_vs_Low",-0.666135497847,0.308333540396909,-1.27744337418344,-0.0548276215105624,7.70916308858966,-2.16043800161832,0.032993373796776,0.103983512141927,-3.91022750781923,22,54,29
"P05107","20260527","High_vs_Low",-0.243565424669226,0.113310198775382,-0.467543631973897,-0.0195872173645555,9.51362183209658,-2.14954547164862,0.0332727281591657,0.104479098575762,-4.06448914678429,30,66,46
"Q9Y4L1","20260527","High_vs_Low",-0.231055069088592,0.107504827939509,-0.443557905538649,-0.0185522326385354,9.03686524785363,-2.1492529546543,0.0332963375516898,0.104479098575762,-4.06508041501928,30,66,46
"P33908","20260527","High_vs_Low",-0.194828489255739,0.0907040614050763,-0.374121556325847,-0.0155354221856313,10.7495185383896,-2.14795772358696,0.0334010513314834,0.104578837574994,-4.06769757731746,30,66,46
"Q96M27","20260527","High_vs_Low",-0.273996279932328,0.127942985730821,-0.527114563111319,-0.0208779967533375,7.02000091509903,-2.14154983461765,0.0340936153939456,0.106514693845137,-4.04816516974186,26,61,42
"Q53EL9","20260527","High_vs_Low",-0.309479229749273,0.14476532935858,-0.596031282411792,-0.0229271770867552,8.30994399077036,-2.13779936895458,0.0345101431584049,0.10758162019381,-4.01261003657213,28,58,36
"Q9BY76","20260527","High_vs_Low",-0.340579864325986,0.160160586747368,-0.657326348930094,-0.0238333797218774,8.22411255834621,-2.12648986397137,0.0352807596343756,0.109669997261927,-4.08513946391358,28,64,42
"Q9NZ53","20260527","High_vs_Low",-0.222784781106416,0.104856238281623,-0.430052198592686,-0.0155173636201454,8.78696511059891,-2.12466882998473,0.0353330116701605,0.109669997261927,-4.11450347913483,30,66,46
"Q9C075","20260527","High_vs_Low",-0.556371462327574,0.261773120789598,-1.07514957792548,-0.0375933467296724,7.18545443411457,-2.12539568863818,0.0357936444136772,0.110859797168927,-3.99659840321676,23,55,31
"P09382","20260527","High_vs_Low",-0.205760552170711,0.0972057420810518,-0.397905373081258,-0.0136157312601637,9.35947280043461,-2.11675306175991,0.0360112626507752,0.110895101423087,-4.1303037360496,30,66,46
"Q02487","20260527","High_vs_Low",-0.356755277725418,0.168398559906662,-0.689909566175954,-0.0236009892748831,7.00585110648891,-2.11851739066627,0.036032796651674,0.110895101423087,-4.09094329796182,26,62,41
"Q96L46","20260527","High_vs_Low",-0.289028063345182,0.136543755452802,-0.55896460135585,-0.0190915253345127,10.9665886242755,-2.11674318160297,0.0360370413271678,0.110895101423087,-4.12541582215192,30,64,46
"Q86X29","20260527","High_vs_Low",-0.318185035452874,0.150427272656819,-0.615567837827691,-0.0208022330780568,8.8001328770955,-2.11520843151077,0.0361696046077859,0.111009384671454,-4.12292599027515,30,66,44
"Q6EMK4","20260527","High_vs_Low",-0.172729139634702,0.0816980170274883,-0.334220122722969,-0.0112381565464356,10.5433661211301,-2.11423907114643,0.0362290042023993,0.111009384671454,-4.13531022042,30,66,46
"P19338","20260527","High_vs_Low",-0.323918313474856,0.153489949603925,-0.627432389996816,-0.0204042369528952,8.03267999618834,-2.11035520117581,0.0366441789600994,0.11204211647928,-4.1308136701996,28,63,45
"P01031","20260527","High_vs_Low",-0.213889146055537,0.101680898314654,-0.414879926830629,-0.012898365280446,10.8703556597158,-2.10353320634178,0.0371690024835405,0.113404999066802,-4.15656795298282,30,66,46
"P23471","20260527","High_vs_Low",-0.174082941093991,0.0829217563424483,-0.337992867410098,-0.0101730147778833,11.4724873492005,-2.09936389160725,0.0375407138586616,0.114295931365861,-4.16481922807265,30,66,46
"P53634","20260527","High_vs_Low",-0.236755247909969,0.112865599243441,-0.459854623413012,-0.0136558724069251,9.77958601309146,-2.0976741318611,0.0376922706032429,0.114317220479338,-4.16815897094953,30,66,46
"P13497","20260527","High_vs_Low",-0.169695155020584,0.0809031982314214,-0.329615034262956,-0.00977527577821213,10.0977601195366,-2.09750861189907,0.0377071445514134,0.114317220479338,-4.16848597889532,30,66,46
"O75340","20260527","High_vs_Low",-0.24275261830133,0.115820496651644,-0.471692885722411,-0.0138123508802483,8.95286433152913,-2.09593832973678,0.0378485043721224,0.114345326306775,-4.17158708764237,30,66,46
"P12821","20260527","High_vs_Low",-0.342083314741005,0.163225214299392,-0.664747300796766,-0.0194193286852447,8.37197249239199,-2.09577494634835,0.0378758926051032,0.114345326306775,-4.16673479965769,30,66,45
"Q6ZN30","20260527","High_vs_Low",-0.363152800384576,0.173417190452703,-0.70609809233737,-0.0202075084317814,15.85036725754,-2.09409920340983,0.0381083904827383,0.114805529311443,-4.16037370553048,28,62,45
"P18428","20260527","High_vs_Low",-0.31924038019261,0.152699684974589,-0.621081649232601,-0.0173991111526199,12.1905478227843,-2.09064203535021,0.0383304329076489,0.115232370628026,-4.18204831140655,30,66,46
"P14770","20260527","High_vs_Low",-0.41492725603087,0.199683506114383,-0.809642434344474,-0.0202120777172657,9.1658706509678,-2.07792453220043,0.0395053561209811,0.118516068362943,-4.20702863826827,30,66,46
"Q92688","20260527","High_vs_Low",-0.289865317944679,0.139639350075403,-0.565990943717763,-0.0137396921715959,9.53386196891077,-2.07581400076809,0.0397795349592606,0.11908946374025,-4.19048050458234,29,64,43
"P43652","20260527","High_vs_Low",-0.187950379485862,0.0908135153767783,-0.367459802229415,-0.00844095674230955,11.3911535977219,-2.06963004026516,0.0402854346666618,0.120352736066652,-4.22321829368409,30,66,46
"Q9NT62","20260527","High_vs_Low",0.287675279013161,0.138989901980563,0.012721823530751,0.562628734495571,7.66850539409188,2.06975668673679,0.0404387831796771,0.120559698710305,-4.18641973993702,27,62,41
"Q9BWP8","20260527","High_vs_Low",-0.233331095397206,0.113604260097032,-0.457890781035381,-0.00877140975903121,13.9490775737963,-2.05389388741156,0.0418066032004731,0.124378981305972,-4.25381002702309,30,66,46
"P02549","20260527","High_vs_Low",0.518418597136955,0.252544215395671,0.019213445185792,1.01762374908812,11.5419284882642,2.05278349505938,0.0419179612082584,0.124452083587252,-4.2559795349027,30,66,46
"P22105","20260527","High_vs_Low",-0.187563282293651,0.0917828293194727,-0.368988730263057,-0.00613783432424447,13.3471687243528,-2.04355524540206,0.0428321902001258,0.126903637906984,-4.27378626544192,30,66,46
"P24593","20260527","High_vs_Low",-0.251008301574918,0.123008598637074,-0.494157159343734,-0.00785944380610273,11.1590518668814,-2.0405752472272,0.0431318255735191,0.127527913139023,-4.27952709068923,30,66,46
"P02749","20260527","High_vs_Low",-0.197892517685954,0.0971832249717897,-0.389992829436507,-0.00579220593540081,12.8211369579526,-2.03628267886148,0.0435665836155641,0.128313834661914,-4.28778265644693,30,66,46
"P06312","20260527","High_vs_Low",-0.371425441058346,0.182410345715822,-0.731996694721248,-0.0108541873954433,11.3006612290047,-2.03620819641991,0.0435765951745829,0.128313834661914,-4.28794587698009,30,66,46
"P02746","20260527","High_vs_Low",-0.17909160957907,0.0880169736518402,-0.353073159201104,-0.00511005995703553,10.5235624170112,-2.03473946158935,0.0437237945246113,0.128483445385845,-4.29074660673349,30,66,46
"O75531","20260527","High_vs_Low",-0.392967017563244,0.193180889708574,-0.775690743184592,-0.0102432919418956,6.97847813248775,-2.03419198532557,0.0442724986968024,0.129605441577849,-4.20758930355158,23,51,38
"Q7Z304","20260527","High_vs_Low",-0.282313399144545,0.138872415517412,-0.557292559368118,-0.00733423892097246,7.03519622980634,-2.03289759231666,0.0442863782239511,0.129605441577849,-4.19304177725411,28,57,33
"P16157","20260527","High_vs_Low",0.488952714783577,0.241289895052875,0.0119940224792139,0.965911407087941,10.8976137019159,2.02641190040897,0.0445829726554196,0.130207704252284,-4.3067238195531,30,66,46
"P31431","20260527","High_vs_Low",-0.378176269634913,0.1867661701753,-0.747356258420484,-0.0089962808493429,8.75397078909293,-2.02486493822706,0.0447428365808572,0.130408999302742,-4.30967452137226,30,66,46
"O75558","20260527","High_vs_Low",-0.583283746196214,0.287750177429036,-1.15337419380577,-0.0131932985866531,7.14321405631627,-2.02704912785002,0.0450132618626197,0.130841769005993,-4.22750583198942,21,53,38
"P24592","20260527","High_vs_Low",-0.239994701652638,0.118708639571864,-0.474657993093728,-0.00533141021154759,9.20498080822027,-2.02171217291517,0.0450834749015167,0.130841769005993,-4.31041534953069,30,66,45
"P04439","20260527","High_vs_Low",-0.255740035066577,0.12655334669791,-0.505895731801289,-0.00558433833186456,10.627741470404,-2.02080815513353,0.0451650457865877,0.130841769005993,-4.31740768168592,30,66,46
"P15144","20260527","High_vs_Low",-0.380563891939393,0.188675613370797,-0.753517553662835,-0.00761023021595053,7.66672457525074,-2.01702745331208,0.0455642746211768,0.131680113335722,-4.32462239503021,30,66,46
"Q9BXT2","20260527","High_vs_Low",-0.30643771187912,0.151653469009994,-0.606831598376523,-0.00604382538171694,8.73781928666711,-2.02064426141763,0.0456380867000377,0.131680113335722,-4.23607060286904,23,54,37
"P07602","20260527","High_vs_Low",-0.255340055444188,0.126565531556249,-0.505769937185981,-0.0049101737023956,9.10836553239331,-2.01745334851067,0.0457379112586582,0.131703142058064,-4.26327402164851,29,60,38
"P30613","20260527","High_vs_Low",-0.376294148179444,0.18730532199197,-0.746541320856779,-0.00604697550210848,10.127802467133,-2.00898802114963,0.0464219193166266,0.133404874348783,-4.33991172323142,30,66,46
"Q9BUD6","20260527","High_vs_Low",-0.248063982882062,0.123609744752918,-0.492445746690915,-0.00368221907320945,8.31193458987551,-2.00683193204479,0.0466918932710259,0.133727370297045,-4.33083060147173,30,65,44
"Q08174","20260527","High_vs_Low",-0.214985628030373,0.107161138766204,-0.426809100347819,-0.00316215571292688,9.60875647883647,-2.00619021508733,0.0467206502920638,0.133727370297045,-4.34519715111746,30,66,46
"P15941","20260527","High_vs_Low",-0.199327272088283,0.0994155165234478,-0.395840113914023,-0.00281443026254297,10.1502303354093,-2.0049915652882,0.0468502050199106,0.133831063742135,-4.34746740603745,30,66,46
"P32119","20260527","High_vs_Low",0.457159067248316,0.228109139374492,0.00625482695723367,0.908063307539399,13.3225383543785,2.00412429112622,0.0469466236942364,0.133839877490129,-4.34912759988516,30,66,46
"Q07954","20260527","High_vs_Low",-0.228528806534618,0.114108381302668,-0.454084766711454,-0.00297284635778161,10.6293874286691,-2.00273462760333,0.0470949727326928,0.133996410513257,-4.35173859472251,30,66,46
"P08254","20260527","High_vs_Low",-0.286101787676056,0.143037492410064,-0.568841395174849,-0.00336218017726353,8.90172999689016,-2.00018738342987,0.04737252939669,0.134519222088819,-4.35655372758059,30,66,46
"P08133","20260527","High_vs_Low",-0.218527145633651,0.109605576955137,-0.435182494422425,-0.00187179684487687,9.83897118203996,-1.99375936612329,0.0480791347722395,0.136093459129284,-4.36867909002796,30,66,46
"Q8IZP7","20260527","High_vs_Low",-0.172333265653167,0.0864510716187949,-0.343219525230997,-0.0014470060753371,8.71756728814495,-1.99341965838282,0.0481167250896424,0.136093459129284,-4.36931886601366,30,66,46
"Q9UBE0","20260527","High_vs_Low",-0.253299959254232,0.127211947241249,-0.504884558852803,-0.00171535965566072,9.88168235133781,-1.99116486106345,0.048479982278427,0.136602587547691,-4.34163746097449,30,62,42
"Q76LX8","20260527","High_vs_Low",-0.163796426711587,0.0823063218030848,-0.326489834776647,-0.0011030186465262,10.2419726578244,-1.99008318101572,0.0484872503917535,0.136602587547691,-4.37559702732537,30,66,46
"Q8IUK5","20260527","High_vs_Low",-0.156244066499145,0.0789797216379051,-0.312361844572651,-0.000126288425638832,11.5539485826487,-1.97828079485352,0.0498174293845033,0.139880005851763,-4.39772555162803,30,66,46
"P11047","20260527","High_vs_Low",-0.203705381107783,0.103130143395595,-0.407560858253389,0.000150096037823316,9.31580154112137,-1.97522639260176,0.0501666677795295,0.139880005851763,-4.40343205433561,30,66,46
"P10646","20260527","High_vs_Low",-0.160347264827031,0.0811901831404036,-0.320834421914928,0.00013989226086572,11.6587377915382,-1.9749587773406,0.0501973653042895,0.139880005851763,-4.40393163967913,30,66,46
"Q96S96","20260527","High_vs_Low",-0.231185426358568,0.117073140759306,-0.462601772585064,0.000230919867927587,9.27626216969959,-1.97470935569986,0.0502259902039779,0.139880005851763,-4.40439720349745,30,66,46
"P23381","20260527","High_vs_Low",-0.300527551347731,0.152144888302783,-0.601362477663879,0.000307374968417651,7.71666957865801,-1.97527208899487,0.0502312975311424,0.139880005851763,-4.38203773701544,30,64,43
"P11940","20260527","High_vs_Low",-0.527933634867552,0.266644552304037,-1.0564198986355,0.0005526289003982,7.559640957831,-1.97991532287367,0.0502358458951589,0.139880005851763,-4.28986268164481,21,53,34
"P62834","20260527","High_vs_Low",-0.309707296491265,0.156794296123581,-0.620284089100496,0.000869496117966273,9.22807103478928,-1.97524593781882,0.0506341579391348,0.140715857528526,-4.31981190615904,22,56,36
"P16035","20260527","High_vs_Low",-0.210552414219554,0.106592670599446,-0.422026953902591,0.000922125463483719,7.61872265807941,-1.97529917428157,0.0509881839811324,0.141425639901245,-4.29058373155473,12,55,32
"P13671","20260527","High_vs_Low",-0.210973562328684,0.107503835319432,-0.423474436684702,0.00152731202733419,11.8568238569984,-1.96247474987109,0.0516471648190408,0.142976900290549,-4.42716575569103,30,66,46
"P51884","20260527","High_vs_Low",-0.155286307610101,0.0794658735635419,-0.312365053345465,0.00179243812526297,16.6285805370974,-1.95412572273471,0.0526363889284777,0.145206574378592,-4.44262643726872,30,66,46
"P62258","20260527","High_vs_Low",-0.302541592345107,0.154876879874807,-0.608683901530049,0.00360071683983482,7.99536495786299,-1.95343289837491,0.0527191917526257,0.145206574378592,-4.44390660343918,30,66,46
"Q96P67","20260527","High_vs_Low",-0.715441840460835,0.364798467479171,-1.4395706815864,0.00868700066473371,10.9000581345251,-1.96119749461855,0.052756363494593,0.145206574378592,-4.27202325813068,20,45,30
"P11150","20260527","High_vs_Low",-0.235361763379952,0.120546706361716,-0.473813590154594,0.00309006339468904,8.31092134227439,-1.95245287476971,0.0529994938270743,0.145352695969102,-4.41106463347025,28,61,42
"Q6IBS0","20260527","High_vs_Low",-0.583648847282896,0.298134779665669,-1.17507513643703,0.00777744187123597,7.41144267867682,-1.95766776334316,0.053031175367257,0.145352695969102,-4.29791647871603,20,49,31
"P15907","20260527","High_vs_Low",-0.166511270315198,0.0854110860049312,-0.335341809261228,0.00231926863083307,9.04808937081124,-1.94952760939703,0.0531879924121538,0.145352695969102,-4.45111456579931,30,66,46
"P08514","20260527","High_vs_Low",-0.380469956456901,0.195305315269199,-0.766530747566598,0.00559083465279625,12.5395065156672,-1.94807783870336,0.0533654998848515,0.145352695969102,-4.45380245491163,30,66,46
"P14618","20260527","High_vs_Low",-0.384786551827016,0.19755766787594,-0.775299577265399,0.00572647361136719,9.97714562638783,-1.9477176257651,0.0534090385096104,0.145352695969102,-4.45446612479062,30,66,46
"P05452","20260527","High_vs_Low",-0.166448695401748,0.0854623811858128,-0.335380628598088,0.00248323779459222,11.6397872533404,-1.94762529538996,0.0534176225772084,0.145352695969102,-4.4546207079396,30,66,46
"P26022","20260527","High_vs_Low",-0.260003109375299,0.133688540130308,-0.52426306335455,0.00425684460395132,10.6449551560987,-1.94484216165328,0.0537553027227226,0.145777497587162,-4.45974574412372,30,66,46
"Q99983","20260527","High_vs_Low",-0.243703027985493,0.125318339212284,-0.491418843799324,0.00401278782833758,13.9868763774854,-1.94467170182227,0.0537770545492391,0.145777497587162,-4.46006542681701,30,66,46
"P13987","20260527","High_vs_Low",-0.211185278292719,0.108846634771756,-0.426420776906941,0.00405022032150332,10.5493012570583,-1.94020953183863,0.0544070628781021,0.147004862471784,-4.44943705600504,28,65,43
"P01871","20260527","High_vs_Low",-0.340896294517492,0.175783032052714,-0.68836731098416,0.00657472194917635,16.2669743042672,-1.93930148169969,0.0544348549320203,0.147004862471784,-4.46993927715717,30,66,46
"P63000","20260527","High_vs_Low",-0.356159126301774,0.183939015439382,-0.71975133997974,0.00743308737619164,9.48890308747737,-1.93628918503779,0.05480553899742,0.147727712259963,-4.47545917463877,30,66,46
"P61160","20260527","High_vs_Low",-0.490810997828818,0.253785055577229,-0.99249911464132,0.0108771189836829,8.43179083287274,-1.93396335616563,0.0551080305748909,0.148264382447267,-4.47435261239267,30,66,45
"P68036","20260527","High_vs_Low",-0.452923110319653,0.233502670074753,-0.916243193557279,0.0103969729179728,7.47741718197142,-1.93969135417019,0.0552632853383539,0.148403653886141,-4.30333860368271,22,48,28
"Q9BQS7","20260527","High_vs_Low",-0.227736428094186,0.117634965224187,-0.460956948727725,0.00548409253935303,8.84127271401935,-1.93595864682044,0.0555338929803785,0.148851593521239,-4.33692847258965,23,52,30
"P13598","20260527","High_vs_Low",-0.286155869654833,0.148283793579493,-0.579337650097243,0.00702591078757758,8.44315690324025,-1.92978519598926,0.055669141541579,0.148935725691463,-4.4683072731095,30,65,43
"P23634","20260527","High_vs_Low",-0.27341489387236,0.141971241585779,-0.554046862776026,0.00721707503130603,7.56897731697296,-1.92584702942929,0.0561066402008396,0.149826670480454,-4.49452909522382,30,66,46
"P10321","20260527","High_vs_Low",-0.386918774390315,0.201197696487165,-0.785242755948862,0.0114052071682318,8.32337272979733,-1.92307755578602,0.0568201157276871,0.151449899541828,-4.42720383383136,26,56,38
"P29992","20260527","High_vs_Low",-0.418269545554168,0.217924598604951,-0.849093570462146,0.0125544793538106,8.00925244011083,-1.91933149461662,0.0569635725370737,0.151530585516028,-4.50390668742243,29,65,46
"P07237","20260527","High_vs_Low",-0.231006043523044,0.120420820410568,-0.469039687177517,0.0070276001314292,10.300647747146,-1.91832311667901,0.057061726763358,0.151530585516028,-4.50821773543342,30,66,46
"Q9H2K2","20260527","High_vs_Low",0.343730776040795,0.179073865264733,-0.0116771973840181,0.699138749465608,8.53317414892521,1.91949157702405,0.0578582182303002,0.153170930831076,-4.37462714241889,17,45,34
"P01859","20260527","High_vs_Low",-0.308066520002061,0.161139738235402,-0.626592079517029,0.0104590395129063,16.2848139079178,-1.91179732185006,0.0579037779681697,0.153170930831076,-4.52006315446812,30,66,46
"P35251","20260527","High_vs_Low",-0.508697617296579,0.264878995840585,-1.03501103370823,0.0176157991150737,7.98632109800992,-1.9204905835672,0.0579998712979598,0.153170930831076,-4.33478283720257,15,44,29
"Q8NEH6","20260527","High_vs_Low",-0.240720457450925,0.126794921204429,-0.491567446738819,0.0101265318369694,10.5392764246759,-1.89850236243151,0.0598449755470439,0.157753115688347,-4.50223192772821,26,63,40
"Q04756","20260527","High_vs_Low",-0.183598740474679,0.0970248118521127,-0.375385919895201,0.00818843894584353,9.56202656552359,-1.89228648806373,0.0604729153776323,0.159115891103715,-4.55519519874648,30,66,46
"P16871","20260527","High_vs_Low",-0.258455782865752,0.136949055397768,-0.529160690251046,0.0122491245195411,9.82110906061282,-1.88724034725956,0.0611535968999793,0.16061219405599,-4.5642302255571,30,66,46
"P05156","20260527","High_vs_Low",-0.205398374274813,0.10900119024414,-0.420859042853766,0.0100622943041403,10.2861010227101,-1.88436817813423,0.0615436029754754,0.161270846652841,-4.56936122635419,30,66,46
"P08637","20260527","High_vs_Low",-0.241857016028128,0.128384826679021,-0.495648198441219,0.0119341663849634,8.75860275747168,-1.8838442383289,0.061629305415451,0.161270846652841,-4.570364139738,29,66,46
"O95084","20260527","High_vs_Low",-0.303668185067985,0.161298589471915,-0.62284685347674,0.0155104833407705,7.45175739385542,-1.8826462529039,0.0620345441669755,0.162035585310461,-4.50726350974163,29,59,38
"Q96Q06","20260527","High_vs_Low",-0.366133189307043,0.194845590353461,-0.751402504963931,0.0191361263498464,7.73922190031126,-1.8790940489998,0.0623408924419557,0.162250430148008,-4.57372934962048,27,64,46
"B2RUZ4","20260527","High_vs_Low",-0.245838958938158,0.130781861319144,-0.504536808773746,0.0128588908974294,8.96537788447873,-1.87976342023641,0.0623430871768149,0.162250430148008,-4.55651689962499,25,62,44
"P23467","20260527","High_vs_Low",-0.21840819517317,0.116481763573735,-0.448655576881939,0.0118391865355983,8.83384217454669,-1.87504196770607,0.0628249559046186,0.163208309360911,-4.58597364519216,30,66,46
"Q9GZM7","20260527","High_vs_Low",-0.262291240902575,0.140064995736212,-0.539411472029055,0.0148289902239054,8.103970334953,-1.87263948086325,0.0633802515724628,0.164160329727521,-4.53263583425462,28,62,38
"Q9Y6C2","20260527","High_vs_Low",-0.289949034636093,0.155046711692007,-0.59642928868836,0.0165312194161736,10.7202882556934,-1.87007535646459,0.0635181330362243,0.164160329727521,-4.59479637090083,30,66,46
"P84077","20260527","High_vs_Low",0.312366514071952,0.167044675530631,-0.0178304791761326,0.642563507320037,10.2928066668505,1.86995792041677,0.0635348556476806,0.164160329727521,-4.59500585749525,30,66,46
"P00751","20260527","High_vs_Low",-0.123971020314114,0.0667106547733909,-0.255836757253508,0.00789471662527949,13.3831130771684,-1.85833913241042,0.0651755005127202,0.16809652470367,-4.61552993627809,30,66,46
"P26641","20260527","High_vs_Low",-0.658926430288875,0.355052741234485,-1.36136088061201,0.0435080200342596,7.61116389859212,-1.85585507098988,0.0657403634662766,0.169009989366902,-4.58458349813426,26,61,42
"P01019","20260527","High_vs_Low",-0.161276971573839,0.0869789049959309,-0.333206589779968,0.0106526466322892,14.6999037041939,-1.85420788616946,0.0657680541309209,0.169009989366902,-4.62280153123737,30,66,46
"P01860","20260527","High_vs_Low",0.41684927392528,0.225044326570337,-0.0279967387433515,0.861695286593911,12.3595843052989,1.852298523931,0.0660461431560083,0.169009989366902,-4.62616840869547,30,66,46
"P50281","20260527","High_vs_Low",-0.300866093627658,0.162383252805359,-0.621987312638981,0.0202551253836651,8.77169519500231,-1.85281479727649,0.0660752145802003,0.169009989366902,-4.6061042631952,27,65,43
"Q15907","20260527","High_vs_Low",-0.399030331986506,0.215471316684971,-0.824978971274676,0.0269183073016645,9.03285446014228,-1.85189536187736,0.066118970735587,0.169009989366902,-4.62426487909037,30,65,46
"P17301","20260527","High_vs_Low",-0.249945317549665,0.135075731377322,-0.516947056945015,0.0170564218456847,8.35386232846108,-1.85040876700098,0.0663169240463376,0.16921435779795,-4.62947494372052,30,66,46
"P07910","20260527","High_vs_Low",-0.292136436980371,0.158537997643092,-0.605592488344871,0.0213196143841289,8.40776945807499,-1.84269034126469,0.0675033535467047,0.171935717559457,-4.62677017426033,30,64,44
"Q8TER0","20260527","High_vs_Low",-0.163913307366714,0.0890283949279559,-0.339894115014085,0.0120675002806566,9.28309954245577,-1.84113515131164,0.0676727404201513,0.172061542132087,-4.64570997274447,30,66,46
"P08865","20260527","High_vs_Low",-0.358233020700357,0.19471548795206,-0.743399561151887,0.0269335197511723,7.55646275532361,-1.83977671457011,0.0680475614790964,0.172708324178804,-4.6124777513138,28,61,42
"Q641Q3","20260527","High_vs_Low",-0.23357027344887,0.12697039371031,-0.485072136780674,0.0179315898829335,7.38496689020715,-1.83956485148636,0.0684094001691143,0.173076201247977,-4.55269443477865,22,58,34
"Q9Y5X9","20260527","High_vs_Low",-0.259754905391638,0.141455939953409,-0.539419362074672,0.0199095512913954,8.36038042668783,-1.83629549580734,0.0684338954725263,0.173076201247977,-4.64615843281583,29,65,45
"P35241","20260527","High_vs_Low",-0.190161035058594,0.10373263629853,-0.395207448958099,0.014885378840911,11.7217485956839,-1.83318424985685,0.0688534477839622,0.17383071148275,-4.65956752821552,30,66,46
"P48740","20260527","High_vs_Low",-0.15354001736117,0.0839506786351549,-0.319483795643534,0.0124037609211941,13.9545262069839,-1.82893122315838,0.0694920113341433,0.17492506487247,-4.66695664056454,30,66,46
"O75081","20260527","High_vs_Low",-0.399952892769459,0.218637326521789,-0.832295971586425,0.032390186047507,12.7449423174093,-1.82929831393452,0.0695308835267138,0.17492506487247,-4.64957613652516,27,66,43
"P61586","20260527","High_vs_Low",-0.341485054566416,0.187367963550581,-0.711898731563476,0.0289286224306441,8.24949345394883,-1.82253704472926,0.0704922739117467,0.177033136233704,-4.67260919264256,29,66,45
"Q08830","20260527","High_vs_Low",-0.265277596482656,0.145855501500337,-0.553589066074407,0.0230338731090947,10.8634739824887,-1.8187699041441,0.0710389029644838,0.178094032956416,-4.68454929472372,30,66,46
"Q7LFX5","20260527","High_vs_Low",-0.143134025119718,0.0788866531275238,-0.299067836362903,0.0127997861234677,8.42303074594976,-1.81442638830595,0.0717068762338443,0.179454904920301,-4.69203400023232,30,66,46
"Q6IAA8","20260527","High_vs_Low",-0.321987653909645,0.17741621017314,-0.673169662930543,0.0291943551112537,7.37905869626729,-1.81487167150858,0.0719786096160399,0.179821125765507,-4.5985338329227,26,63,33
"P61006","20260527","High_vs_Low",-0.339342296713072,0.187340447554696,-0.709747707857964,0.0310631144318198,8.15891839818825,-1.81136695861687,0.0722431979652832,0.180168253708202,-4.68660931656983,29,64,45
"P03951","20260527","High_vs_Low",-0.175740893844869,0.0971015838204379,-0.36767982701768,0.0161980393279415,15.1097207616764,-1.80986639898534,0.0724151383466049,0.180283521508735,-4.69987842114761,30,66,46
"P22735","20260527","High_vs_Low",-0.744095452199975,0.410398446094313,-1.55803334697098,0.0698424425710349,8.39417311439541,-1.81310494540463,0.072730860556457,0.180755726235631,-4.53593857282764,21,53,28
"O60493","20260527","High_vs_Low",-0.550453935308898,0.304400229308706,-1.15309949732448,0.0521916267066889,9.30286105306477,-1.80832299817572,0.0730418423990915,0.181214536332694,-4.63261114807384,23,60,37
"Q7Z5L7","20260527","High_vs_Low",-0.319704531777873,0.176780094405678,-0.67051493171564,0.0311058681598938,7.07522127299983,-1.80848716510021,0.0735947034874454,0.182270820036264,-4.53610399231086,19,50,28
"Q93084","20260527","High_vs_Low",-0.647869896420696,0.359662981000967,-1.36023420651087,0.0644944136694773,8.48657547151892,-1.80132493652149,0.0742516808984082,0.18358088001434,-4.62682869483169,26,50,39
"Q99439","20260527","High_vs_Low",-0.547005839617217,0.304189300173232,-1.14913475983181,0.0551230805973714,7.87576054774562,-1.79824155322263,0.0745934533468447,0.184108454560026,-4.66974494333231,23,58,41
"P50225","20260527","High_vs_Low",-0.484261278407713,0.269318478420633,-1.01804723125891,0.0495246744434792,7.78661188168789,-1.79809896909997,0.0749319826818766,0.184626225370809,-4.63283474470166,19,50,39
"P00742","20260527","High_vs_Low",0.130152330886094,0.0728454529854657,-0.0138399500058013,0.27414461177799,14.8301072131692,1.78669121478403,0.0761047287737139,0.187194135611502,-4.73945493134434,30,66,46
"P10644","20260527","High_vs_Low",-0.392142964662041,0.21962190484109,-0.826548238560496,0.0422623092364147,7.9889717579266,-1.78553667015036,0.07645420384997,0.187551909698191,-4.7168900113461,27,61,44
"Q9HCN6","20260527","High_vs_Low",-0.237279531073073,0.132969195637286,-0.500165330465659,0.0256062683195142,9.51135621648029,-1.78446992881212,0.0765117623245757,0.187551909698191,-4.72944217245085,30,65,44
"P20701","20260527","High_vs_Low",-0.184127245917482,0.103436006730913,-0.388587317550303,0.0203328257153386,8.6247067359995,-1.78010783417506,0.077180653959519,0.188868699279778,-4.75060863489192,30,66,46
"A6NL88","20260527","High_vs_Low",-0.220714789117736,0.124020031231324,-0.465938650224079,0.0245090719886078,9.2039636102026,-1.77967048489171,0.077329459607995,0.188910468616465,-4.72826649854943,29,66,42
"P17655","20260527","High_vs_Low",-0.223752383041303,0.126002267272207,-0.472818771106669,0.0253140050240634,9.22895058668049,-1.77578061002603,0.0778946531286463,0.189967572425984,-4.757918490086,30,66,46
"P23284","20260527","High_vs_Low",-0.168951856647189,0.0954448596662139,-0.35761597334212,0.0197122600477427,10.3526062281079,-1.77015144909889,0.0788315990221489,0.191926168077694,-4.76740223109015,30,66,46
"Q08722","20260527","High_vs_Low",-0.324155854980177,0.183358418630159,-0.686857804392599,0.0385460944322458,9.44096181385581,-1.76788094815549,0.0793918105619868,0.192933145385689,-4.7280641618457,28,63,40
"P08758","20260527","High_vs_Low",-0.422812227283729,0.239315790457552,-0.896076863927482,0.0504524093600237,7.77534586918132,-1.76675440628196,0.0795142879518427,0.192933145385689,-4.74493760685291,29,64,42
"Q9UKM7","20260527","High_vs_Low",-0.209830990423798,0.118929898117075,-0.444917555120365,0.0252555742727685,9.85585299843908,-1.76432498258125,0.0798111232186687,0.193326268066843,-4.77718807593893,30,66,46
"P28300","20260527","High_vs_Low",-0.289878132861381,0.163963312896662,-0.615020291531862,0.0352640258090994,7.29217873588504,-1.76794508320332,0.0800001701949938,0.193457409881317,-4.63617474917658,21,50,32
"P00740","20260527","High_vs_Low",-0.163632302813232,0.0929998031161481,-0.34746332073364,0.0201987151071761,14.0613296069855,-1.75949085192009,0.0806313872684308,0.194655571284394,-4.78528383259524,30,66,46
"Q6P988","20260527","High_vs_Low",-0.240486163846876,0.136868313846946,-0.51118621744676,0.0302138897530074,8.59087831202253,-1.75706236956934,0.0811896451796095,0.195673867542118,-4.74599231176637,30,63,40
"P08648","20260527","High_vs_Low",-0.239341648759206,0.136398190237164,-0.509023609933315,0.0303403124149033,7.84576748545148,-1.75472745161096,0.0815079699128539,0.196111457810457,-4.77353642134587,30,65,43
"P62942","20260527","High_vs_Low",-0.300683861391306,0.171833503593716,-0.640585415483217,0.0392176927006045,8.12668613361317,-1.74985584942879,0.0824654508735842,0.19808284179685,-4.75896903382256,29,61,41
"Q96PL1","20260527","High_vs_Low",-0.370801876864265,0.212976711729008,-0.791819123877575,0.0502153701490453,10.3407885940028,-1.74104423837699,0.0838432324376798,0.201055510561259,-4.81602806935702,29,66,46
"P05388","20260527","High_vs_Low",-0.256091472791251,0.14738349121512,-0.547421737016667,0.0352387914341651,8.70816573373752,-1.73758587668045,0.0844353923969609,0.202137483634795,-4.821701980559,30,66,46
"Q13093","20260527","High_vs_Low",0.404716500138991,0.232846393722839,-0.0570812357844231,0.866514236062405,7.45978245244254,1.7381265548855,0.0851780139028408,0.203575453227789,-4.70126486999696,20,45,37
"Q6X4W1","20260527","High_vs_Low",-0.418523842195741,0.24146600504631,-0.896309141199464,0.0592614568079815,10.1404248478198,-1.73326196420682,0.0854591544273079,0.203907533192611,-4.77096666576854,28,60,39
"Q13867","20260527","High_vs_Low",-0.32070172727212,0.185312944732356,-0.687375988889248,0.0459725343450093,9.2804729866452,-1.73059538682148,0.0859345546349167,0.204701248083838,-4.78333979071335,25,63,39
"Q9UL25","20260527","High_vs_Low",-0.311646969200705,0.180006387391919,-0.668410538298904,0.0451165998974942,6.80847873086595,-1.73131061467375,0.0862235217334092,0.205048972082436,-4.70321992662594,25,50,33
"P14735","20260527","High_vs_Low",-0.385790372323683,0.224163815202022,-0.82958304405578,0.0580022994084134,6.61080096252773,-1.72101983531998,0.0878038838523532,0.208461538815024,-4.75541702381176,26,60,34
"O14656","20260527","High_vs_Low",-0.321479529355286,0.187401251982377,-0.692977154528689,0.0500180958181171,6.59178176798116,-1.71546094785705,0.0891527619423077,0.211314149793833,-4.72439144228327,23,51,32
"O60610","20260527","High_vs_Low",-0.420363692877386,0.245852036530332,-0.906686721801087,0.0659593360463152,7.47594708669801,-1.70982392015094,0.0896498503818154,0.212141725160929,-4.83658197436749,27,61,43
"P10645","20260527","High_vs_Low",-0.207484032358799,0.121529408576981,-0.447709002061905,0.0327409373443068,10.2210375746491,-1.70727427038676,0.0899400340618007,0.212233924232007,-4.87137597800142,30,66,46
"P02654","20260527","High_vs_Low",-0.178384168250009,0.104547719111445,-0.385042855988412,0.0282745194883942,16.9213477619963,-1.7062463893627,0.0901330711219722,0.212233924232007,-4.87304878522955,30,66,46
"O43505","20260527","High_vs_Low",-0.240820509723767,0.140704382063043,-0.520076554189489,0.0384355347419542,6.92117999985687,-1.7115352499531,0.0901752432731479,0.212233924232007,-4.72497416965578,15,49,32
"Q8TC71","20260527","High_vs_Low",-0.518427181909683,0.303540980929556,-1.11952622798257,0.0826718641632022,12.0140939116356,-1.70793143094572,0.090280818536628,0.212233924232007,-4.74282297562704,27,60,30
"P22466","20260527","High_vs_Low",-0.233700737131574,0.137384334668845,-0.505265850629181,0.0378643763660323,9.02594747147455,-1.70107267102099,0.0911014749794433,0.213812627038497,-4.88143577924684,30,66,46
"P31949","20260527","High_vs_Low",-0.244393366360677,0.143909934413907,-0.528982351761513,0.0401956190401584,7.89543171666118,-1.6982383277152,0.0917480984142613,0.214978387460867,-4.85747912550975,29,64,42
"P02787","20260527","High_vs_Low",-0.214381679104791,0.126623561703877,-0.464676483513887,0.0359131253043045,12.2261210524845,-1.69306309362982,0.092619838048979,0.216666962091739,-4.89437706402549,30,66,46
"Q9UBS9","20260527","High_vs_Low",-0.194889122439755,0.115390253002641,-0.423064101779487,0.0332858568999769,7.76827464789011,-1.68895653981532,0.0935010333434753,0.218372120219126,-4.87571318111715,30,63,43
"Q15691","20260527","High_vs_Low",-0.659941528181896,0.391736313202174,-1.43569287304753,0.115809816683735,7.68899680462354,-1.68465752584265,0.0947000895933579,0.220518020332055,-4.83791428250021,23,54,40
"Q05707","20260527","High_vs_Low",-0.176373169672648,0.104851959159591,-0.383632128696293,0.0308857893509963,7.96906753119821,-1.68211611004995,0.0947274062235326,0.220518020332055,-4.91196804599851,30,66,46
"Q9H0U4","20260527","High_vs_Low",-0.345148490045622,0.20542844826354,-0.751219718285088,0.0609227381938439,9.40254954920829,-1.68013969322709,0.0951149504126689,0.221061327215182,-4.91513799430124,30,66,46
"P30050","20260527","High_vs_Low",-0.347170332135957,0.206364361856745,-0.756304761768237,0.0619640974963229,7.64851198399137,-1.68231728100881,0.0954490996477817,0.221478978794367,-4.77493040815464,21,53,31
"P07947","20260527","High_vs_Low",-0.336889242797222,0.201979179778249,-0.736290609406589,0.0625121238121458,8.90791314090564,-1.66794044399571,0.0976125839176087,0.22613319117585,-4.9085030272869,29,65,42
"P61026","20260527","High_vs_Low",-0.403876503445412,0.242499921052823,-0.88322705894182,0.0754740520509962,11.4290113183197,-1.66547065950358,0.0980097087825054,0.226686971603408,-4.93851224458872,30,66,46
"Q96QA5","20260527","High_vs_Low",-0.480737423421921,0.286706944929392,-1.05443714151802,0.0929622946741794,6.70151489652103,-1.67675541846506,0.0988818402167389,0.228335843592276,-4.57036592199223,9,32,17
"P11597","20260527","High_vs_Low",-0.264193550596824,0.159212936451391,-0.578910393385257,0.0505232921916091,14.0959699769683,-1.65937238823231,0.0992338740915242,0.228780346378208,-4.94817154685002,30,66,46
"P07358","20260527","High_vs_Low",0.239502784858857,0.144503220776877,-0.0461365440429466,0.52514211376066,13.2925995584978,1.6574217762846,0.0996273483137685,0.229318808157214,-4.95125284249518,30,66,46
"Q15084","20260527","High_vs_Low",-0.504290319442232,0.304881771558137,-1.10742347165435,0.0988428327698836,8.02892483648908,-1.65405205061946,0.10051300058163,0.23098660710586,-4.90983612094059,28,62,40
"Q9Y646","20260527","High_vs_Low",-0.15614696568322,0.0945945242695572,-0.343141463282193,0.0308475319157531,8.49861315573958,-1.65069772155376,0.101008979108276,0.231755001666029,-4.95912612836257,30,65,46
"P01602","20260527","High_vs_Low",-0.331961421477568,0.200980667929615,-0.730848658843475,0.0669258158883387,8.03132111964208,-1.65170822098086,0.101825449914595,0.233211061455599,-4.82292844460229,16,46,34
"P16284","20260527","High_vs_Low",-0.229877641116582,0.139662597016594,-0.50594615432519,0.0461908720920257,9.49161868701313,-1.64594992522779,0.101968853230586,0.233211061455599,-4.9693073291954,30,66,46
"Q15113","20260527","High_vs_Low",-0.146721616357869,0.0891991229282128,-0.323039898935542,0.0295966662198041,11.1513848874618,-1.64487734342355,0.102190230358781,0.233345207538999,-4.9709895544727,30,66,46
"P08727","20260527","High_vs_Low",-0.541107292448201,0.328621578108297,-1.19204939716219,0.109834812265783,8.8304714380579,-1.64659696287466,0.102373415807944,0.233391857342753,-4.88064134003344,21,57,36
"Q09327","20260527","High_vs_Low",-0.217119709302039,0.132059623547791,-0.478521775453704,0.0442823568496261,7.35801459055615,-1.64410365158632,0.102706579218538,0.233779737459339,-4.89512354846516,25,61,36
"A0A075B6K5","20260527","High_vs_Low",-0.227509003234044,0.13879382037304,-0.501860221465902,0.0468422149978149,9.21714706607778,-1.63918683571474,0.103371203609781,0.234919660818426,-4.97989684385071,30,66,46
"Q8NFL0","20260527","High_vs_Low",-0.22740567156035,0.138728787246204,-0.501842583053115,0.0470312399324163,7.72585248547681,-1.63921040524032,0.103567230580925,0.234992735210516,-4.92635686106909,29,62,39
"P02788","20260527","High_vs_Low",-0.487632461806606,0.296279560376727,-1.07799560489464,0.102730681281429,6.29216183591062,-1.6458525224844,0.10404098191488,0.235694736281103,-4.72319411568576,10,39,24
"P26927","20260527","High_vs_Low",-0.221465470600386,0.135463036424008,-0.489368089168983,0.0464371479682098,7.38901514974883,-1.63487750198649,0.104402878290355,0.236038820681866,-4.96392598957424,27,64,43
"O43173","20260527","High_vs_Low",-0.384593326488866,0.234862843403712,-0.850335274184732,0.0811486212070002,6.78645980956454,-1.63752307906695,0.104543629457095,0.236038820681866,-4.78933144933693,24,54,25
"Q7Z7M8","20260527","High_vs_Low",-0.192979200330942,0.118175890947627,-0.426589354054971,0.0406309533930868,8.29443267416547,-1.63298282571414,0.104686673607857,0.236038820681866,-4.98391165035933,30,66,45
"P21980","20260527","High_vs_Low",0.509818716893328,0.312575760391019,-0.108282358348004,1.12791979213466,8.6039503260309,1.6310244794912,0.105183603267047,0.236786949897873,-4.97831505702759,29,61,46
"Q9UHF0","20260527","High_vs_Low",-0.296390132976341,0.181870580708135,-0.656096811218377,0.063316545265696,8.16543582142936,-1.62967606867648,0.105517335264163,0.237165922835124,-4.95955849308993,28,64,41
"Q15149","20260527","High_vs_Low",-0.437236047306115,0.268874660488135,-0.968886265324586,0.0944141707123559,8.36808891771366,-1.62617052314385,0.106196470051332,0.237951593619454,-4.98605254001964,28,65,44
"P54577","20260527","High_vs_Low",-0.383668625285338,0.235640708390976,-0.850387984935432,0.0830507343647556,7.15522151847381,-1.62819331135584,0.106198758658613,0.237951593619454,-4.92529924999345,22,52,41
"P27348","20260527","High_vs_Low",-0.331174513531193,0.203710500450135,-0.73410693601371,0.0717579089513247,7.37791442625116,-1.62571155045716,0.106378887198114,0.237983345151474,-4.96933264464026,27,63,42
"P18564","20260527","High_vs_Low",-0.180098632615602,0.11133350592624,-0.400169547147621,0.0399722819164173,11.4515506890861,-1.61764988102432,0.107940434809573,0.240765081557694,-5.01333945897268,30,66,46
"Q14019","20260527","High_vs_Low",-0.513264831107362,0.316978057102773,-1.14070851550493,0.114178853290207,7.89683827185964,-1.61924404420508,0.10795812234421,0.240765081557694,-4.95848565752656,24,56,42
"Q03167","20260527","High_vs_Low",-0.180798687659506,0.112034814284592,-0.402269158307918,0.0406717829889071,8.09854351934794,-1.61377236900879,0.108795483622608,0.24225578185531,-5.01657534826484,30,65,46
"Q8WWA0","20260527","High_vs_Low",-0.173381735079357,0.107897607634772,-0.38666097200317,0.0398975018444566,11.5372132198554,-1.60690991098009,0.110278634216418,0.2451776146765,-5.02985737023152,30,66,46
"Q12841","20260527","High_vs_Low",-0.22094968420795,0.137574550068431,-0.492957504880568,0.0510581364646681,8.77352193344005,-1.60603602990558,0.110533994886945,0.245283371746888,-5.01701495249202,29,65,44
"P20774","20260527","High_vs_Low",-0.162987889654632,0.101508818235082,-0.363726578810536,0.0377507995012724,7.84176496417766,-1.60565251855432,0.110668299525967,0.245283371746888,-5.00626892419258,30,61,44
"O00410","20260527","High_vs_Low",-0.330772198021242,0.206045834875297,-0.738909424351504,0.0773650283090204,6.4270676295268,-1.60533309601444,0.111163235698016,0.246000123442831,-4.93857092938868,24,53,37
"P18669","20260527","High_vs_Low",-0.365116509082831,0.227683986698464,-0.815841741938658,0.0856087237729967,8.13163826691181,-1.60361083964318,0.111386840839044,0.24611514601416,-4.95046442034496,28,56,37
"Q96EE4","20260527","High_vs_Low",-0.124656668635115,0.0780798287648158,-0.278995644847366,0.0296823075771362,8.66399698093337,-1.59652845820901,0.112577039949195,0.248036506326149,-5.04572313166352,30,66,46
"P08779","20260527","High_vs_Low",-0.663770722420155,0.415657863625633,-1.48581956295394,0.158278118113633,10.0306943639695,-1.59691607090101,0.112624308173836,0.248036506326149,-5.00976553738691,29,64,41
"P02730","20260527","High_vs_Low",0.338676749860602,0.212332590558773,-0.0810419238298882,0.758395423551091,13.8856115234474,1.59502951934671,0.112914927070848,0.248036506326149,-5.04800917063411,30,66,46
"P55058","20260527","High_vs_Low",-0.250675141205514,0.157300713213204,-0.561612084736749,0.0602618023257206,14.2889045533129,-1.5936046066476,0.113234107684291,0.248036506326149,-5.0501771050023,30,66,46
"Q96FZ7","20260527","High_vs_Low",-0.301081052286803,0.188569389410307,-0.674894351852782,0.0727322472791758,7.63626030417108,-1.59665920979191,0.11328853174236,0.248036506326149,-4.91204708001276,20,55,31
"P10301","20260527","High_vs_Low",-0.338606308791565,0.211894344523743,-0.759154254729739,0.0819416371466087,7.03122647521516,-1.59799597083453,0.113294220114106,0.248036506326149,-4.87211064904109,19,48,29
"P50148","20260527","High_vs_Low",-0.364839482038525,0.229033311771087,-0.817740039953505,0.088061075876456,7.81878164259421,-1.59295379007213,0.113476868417381,0.248057666631897,-5.02476141429554,29,65,42
"O75368","20260527","High_vs_Low",-0.356565765646254,0.223920266200808,-0.79963209035943,0.086500559066922,7.52703784845751,-1.59237826792547,0.113767377588387,0.248314184873283,-5.00267203677748,27,59,41
"P23327","20260527","High_vs_Low",-0.302585171968088,0.190251733879212,-0.678870831365937,0.0737004874297605,9.13153229962081,-1.59044633023001,0.114091349124507,0.248642849003865,-5.00623074019085,30,64,39
"P19022","20260527","High_vs_Low",-0.126043908516024,0.0794824318472067,-0.283155384709294,0.0310675676772453,8.21016971204476,-1.58580840553954,0.114990293470523,0.250221670465447,-5.06200234814813,30,66,46
"P07333","20260527","High_vs_Low",-0.206875785138905,0.131459643261205,-0.466729995958702,0.0529784256808917,11.2892099230242,-1.57368284293798,0.117769642262174,0.255786278077282,-5.08028879095478,30,66,46
"Q4LDE5","20260527","High_vs_Low",-0.153097724081034,0.0973223216549971,-0.345472985713271,0.0392775375512026,10.9222662648794,-1.57309979332139,0.117904274622792,0.255786278077282,-5.08116432196287,30,66,46
"P19320","20260527","High_vs_Low",-0.122133320196912,0.0777991891362373,-0.275917561163908,0.0316509207700831,10.2947665224579,-1.5698533821868,0.118657961280428,0.25703250222981,-5.08603539122842,30,66,46
"Q96AP7","20260527","High_vs_Low",-0.521393249016054,0.332161356099852,-1.18039997183135,0.137613473799244,6.94409339095107,-1.56969870046928,0.119647296354679,0.258784650034102,-4.94563989973557,17,50,32
"P05019","20260527","High_vs_Low",-0.198039303762263,0.126706280398325,-0.448657892951097,0.0525792854265714,9.24778963943765,-1.56297938144573,0.120432198281464,0.260061930754956,-5.05154936451099,29,63,40
"O60936","20260527","High_vs_Low",-0.238225968270713,0.152237448366124,-0.540048618536342,0.063596681994915,7.19681898346528,-1.56483158925385,0.120600546689014,0.260061930754956,-4.96695352595912,20,52,33
"Q13421","20260527","High_vs_Low",0.261841961108243,0.167723643560812,-0.0700012280100685,0.593685150226555,7.7893228667782,1.56115116240786,0.120936372026942,0.260257902264567,-5.03584203836796,27,64,37
"P07996","20260527","High_vs_Low",0.327016443192534,0.209716032893502,-0.0875300705859413,0.741562956971009,16.8826486878331,1.55932972162696,0.121130302365411,0.260257902264567,-5.10176149054301,30,66,46
"P11362","20260527","High_vs_Low",-0.301476292027035,0.193306238446199,-0.68382860170702,0.0808760176529504,8.38480866565233,-1.55957869984078,0.121235898683913,0.260257902264567,-5.06038524146099,29,62,41
"P12955","20260527","High_vs_Low",-0.64333169328088,0.411204916098314,-1.46534494154868,0.178681554986916,6.41751426867397,-1.56450389597742,0.122797701127998,0.263216597036696,-4.77070007995666,9,32,20
"Q9NP72","20260527","High_vs_Low",-0.381395435666725,0.245330274029796,-0.868310298345956,0.105519427012506,7.20247103844127,-1.55462034669396,0.123294467118306,0.263634484238158,-4.94610775189773,20,44,32
"Q8N3T1","20260527","High_vs_Low",-0.191943425422574,0.123764352331022,-0.436794834836271,0.0529079839911229,7.062648677753,-1.55087811479997,0.12336034792455,0.263634484238158,-5.08571804437669,24,62,43
"P14780","20260527","High_vs_Low",-0.289884210029149,0.187248811482026,-0.660018234077302,0.0802498140190052,8.74766442239614,-1.54812309747009,0.123803478003496,0.263862238261077,-5.11839199788873,30,66,46
"P09960","20260527","High_vs_Low",-0.252146371211333,0.162837272028732,-0.574165099250017,0.0698723568273505,8.34928512958728,-1.54845612475529,0.12383492771946,0.263862238261077,-5.08864788359305,29,64,42
"O15143","20260527","High_vs_Low",-0.659326540044502,0.42611642341938,-1.502292455497,0.183639375407992,7.87931911261789,-1.54729201647222,0.124207135769174,0.264262659781893,-5.08667781557661,24,65,41
"Q96PX8","20260527","High_vs_Low",-0.244869896287101,0.158585848921226,-0.558995381262309,0.0692555886881069,6.64443441003978,-1.54408415349049,0.125313267232258,0.266221074386753,-5.02588769911849,24,54,36
"Q15904","20260527","High_vs_Low",-0.205867936920452,0.133746233112817,-0.47030653674937,0.0585706629084665,8.04330609327539,-1.53924287906336,0.126016953695799,0.267319987573632,-5.11734953651903,30,63,45
"P05141","20260527","High_vs_Low",-0.472308317489805,0.308027852219563,-1.08198655412194,0.137369919142334,9.02147737540325,-1.53332990535266,0.12774411221833,0.270433853545721,-5.06766304463619,27,58,38
"Q9Y5Y7","20260527","High_vs_Low",-0.139718287922621,0.0912645964758465,-0.320119354463557,0.0406827786183147,11.5464168464503,-1.53091443251599,0.127998400727744,0.270433853545721,-5.14370389693074,30,66,46
"Q8IZP9","20260527","High_vs_Low",-0.210705613695996,0.137652827070278,-0.482801451236078,0.0613902238440862,8.84431002716319,-1.53070313324129,0.128050618240966,0.270433853545721,-5.14401301313347,30,66,46
"P0DP23;P0DP24;P0DP25","20260527","High_vs_Low",-0.239212656332697,0.156769056011269,-0.549097155672737,0.0706718430073431,10.3942985780129,-1.52589205050454,0.129245730945482,0.272556438493855,-5.1510412715499,30,66,46
"O75351","20260527","High_vs_Low",-0.249369200587294,0.163899416235144,-0.573795735313963,0.0750573341393744,7.37915737712441,-1.52147705169083,0.130705004363841,0.274177528903902,-5.10135752970874,24,57,41
"P61224","20260527","High_vs_Low",-0.318614588533782,0.209639847840704,-0.733010507016305,0.0957813299487408,12.5934589701471,-1.51981883127431,0.130766014095066,0.274177528903902,-5.15988210755591,30,66,46
"Q9BYE9","20260527","High_vs_Low",-0.352362160803345,0.231865449903113,-0.81069151501073,0.105967193404039,9.71594121789897,-1.51968376897283,0.130799953942718,0.274177528903902,-5.16007831178727,30,66,46
"Q15404","20260527","High_vs_Low",-0.406270443458416,0.267341429566696,-0.934725307334784,0.122184420417952,10.3040455245769,-1.51966885236192,0.130803702765848,0.274177528903902,-5.16009998002845,30,66,46
"P18577","20260527","High_vs_Low",0.331841857702491,0.218451019548003,-0.0999971265258703,0.763680841930853,10.8007093313972,1.51906756209746,0.130970437447122,0.274177528903902,-5.15819116869787,30,65,46
"Q16378","20260527","High_vs_Low",-0.388902952986317,0.256173349789686,-0.896742157193373,0.118936251220738,9.67572673611539,-1.5181241659431,0.131935026692761,0.275794210316937,-5.04083368398,19,54,33
"P04217","20260527","High_vs_Low",-0.184001860569762,0.121692658255429,-0.42454952294058,0.0565458018010571,11.0127021086328,-1.51202104718222,0.132733957423245,0.277060400210966,-5.17118051302831,30,66,46
"P63313","20260527","High_vs_Low",-0.362027436696026,0.239651779186726,-0.836052637127801,0.111997763735748,9.02306613579794,-1.51063947000348,0.133254353070433,0.277742357998549,-5.12901972559507,30,61,41
"P18206","20260527","High_vs_Low",-0.455973405665738,0.30215698814114,-1.05324832222551,0.141301510894039,9.38834562538819,-1.50906126140213,0.133490977429647,0.277831729512501,-5.1754567390835,30,66,46
"Q9NQ30","20260527","High_vs_Low",-0.185770398198173,0.123574146363264,-0.430051825625967,0.0585110292296214,9.47870958116691,-1.50331119951316,0.13497820246557,0.279872845409359,-5.17796905954936,30,66,45
"P19367","20260527","High_vs_Low",-0.675114131603324,0.448186199402968,-1.56389422012397,0.213665956917318,7.32642212980979,-1.50632512224305,0.135018063883284,0.279872845409359,-5.0454420756552,21,48,34
"Q8IXL6","20260527","High_vs_Low",-0.30976637710385,0.205914865240719,-0.717362813371124,0.0978300591634236,7.68700696227392,-1.50434198493502,0.135057188998101,0.279872845409359,-5.12211134173202,23,60,39
"Q9NPY3","20260527","High_vs_Low",0.134037875600097,0.0892888953730487,-0.0424578585351329,0.310533609735326,9.54402643416295,1.50117072274315,0.135514887375839,0.280416087297191,-5.18681089851437,30,66,46
"Q16627","20260527","High_vs_Low",-0.207864549535092,0.138692950316506,-0.482049793259699,0.0663206941895154,9.93148449280435,-1.49873911443034,0.136175736262153,0.281149286428219,-5.18177832299219,30,65,45
"P24043","20260527","High_vs_Low",-0.250573602461889,0.167191278437713,-0.581202592685789,0.0800553877620097,6.62631166460136,-1.4987241248666,0.136261334775183,0.281149286428219,-5.15441843509315,30,64,41
"Q07507","20260527","High_vs_Low",-0.148311254320081,0.0992263734477231,-0.344450220471056,0.0478277118308937,13.1788203617624,-1.4946757516863,0.137201176730218,0.282460530186886,-5.19611506856853,30,66,46
"Q86UX2","20260527","High_vs_Low",-0.16158174746047,0.108121084947415,-0.375328567897891,0.0521650729769502,7.53114177898036,-1.49445177634923,0.137290787684979,0.282460530186886,-5.18790961280398,30,65,45
"Q13642","20260527","High_vs_Low",-0.361669563393543,0.24227712700135,-0.840759024836688,0.117419898049603,9.02377012677289,-1.49279285201168,0.137792445661594,0.282745687332004,-5.19031151125345,26,65,45
"Q9H6X2","20260527","High_vs_Low",-0.208339628835843,0.139610346803516,-0.484304859999382,0.0676256023276973,8.2888965191237,-1.49229361294442,0.137823734619994,0.282745687332004,-5.19951773830025,30,66,46
"Q9H299","20260527","High_vs_Low",-0.381427262231785,0.25642107064049,-0.888452795478575,0.125598271015005,9.02246315635774,-1.48750358649956,0.139164893808016,0.285036949962244,-5.18912852771053,29,64,44
"P29350","20260527","High_vs_Low",-0.360394346997508,0.242313059402021,-0.839750782747666,0.118962088752649,7.61747899361935,-1.48730880575272,0.13933814639019,0.285036949962244,-5.17070630745253,25,64,41
"P63104","20260527","High_vs_Low",-0.346684105225899,0.23360811836312,-0.80845819908814,0.115089988636343,10.9856510745987,-1.48404134092212,0.140000331257395,0.285983582653995,-5.2112660129357,30,66,46
"O00299","20260527","High_vs_Low",-0.264637572044538,0.178526192240058,-0.617531004130602,0.0882558600415256,10.249061342177,-1.48234591643948,0.140450200975393,0.286494435560049,-5.21367158342159,30,66,46
"P0DP02","20260527","High_vs_Low",-0.220792520311761,0.149210465008217,-0.515736287412193,0.0741512467886707,11.4846073072553,-1.47973883936092,0.141143158559,0.287498990587508,-5.21736503931687,30,66,46
"P27105","20260527","High_vs_Low",-0.300228921761386,0.204309590439295,-0.704088499303214,0.103630655780442,10.693879826796,-1.4694803171787,0.143900697893299,0.292344526340606,-5.23183925387077,30,66,46
"P37802","20260527","High_vs_Low",-0.481457585152324,0.327661906713482,-1.12914817538516,0.166233005080517,9.71295282425712,-1.46937308026265,0.14392973193617,0.292344526340606,-5.23199003952246,30,66,46
"P07437","20260527","High_vs_Low",-0.32114040772934,0.218814906119962,-0.753672700293058,0.111391884834378,10.4834355589674,-1.46763496794537,0.144400953365787,0.292886799330323,-5.23443250904842,30,66,46
"P21439","20260527","High_vs_Low",-0.254567771941961,0.173887041582272,-0.599067150177756,0.0899316062938348,9.27530286103693,-1.46398357017027,0.145973168401414,0.295657519050321,-5.12925990036213,24,53,35
"Q13418","20260527","High_vs_Low",-0.371311016458149,0.254828345929403,-0.875031218292285,0.132409185375987,9.68929742968158,-1.45710248639693,0.147282024182144,0.297887761180811,-5.24917325416961,30,66,46
"P07711","20260527","High_vs_Low",0.201071834390727,0.138964933563106,-0.074021139886388,0.476164808667842,7.5807704865945,1.44692498485179,0.150480629549997,0.303928482781261,-5.19366570816634,26,55,40
"P08567","20260527","High_vs_Low",-0.396844083603387,0.275472540417917,-0.941371746540529,0.147683579333755,9.59359889305021,-1.440593980806,0.151886872695833,0.306337236913958,-5.27207056181793,30,66,46
"P45877","20260527","High_vs_Low",-0.209126776855875,0.144927889422939,-0.496841571399125,0.0785880176873751,7.12450199265778,-1.44297124375824,0.152314769020445,0.306768790414773,-5.10991375667619,15,48,31
"O60476","20260527","High_vs_Low",0.230334159959096,0.160248226801843,-0.0865234357183006,0.547191755636492,7.86971347439918,1.43735855650945,0.152878255902824,0.307471835855048,-5.25585755560535,29,65,43
"P60174","20260527","High_vs_Low",-0.336146773664622,0.233847341140666,-0.799111396437106,0.126817849107863,7.35949257342999,-1.43746245745176,0.153168838657667,0.307624810413297,-5.18627296181198,25,60,35
"Q12805","20260527","High_vs_Low",0.215632062101021,0.150324401068384,-0.081513618235702,0.512777742437743,11.5238004719702,1.43444484440638,0.153629145500009,0.307972189840288,-5.28053452076645,30,66,46
"P01857","20260527","High_vs_Low",-0.194467841987995,0.135617195620064,-0.462542176499011,0.0736064925230203,14.8670292562687,-1.43394678749149,0.153771330492082,0.307972189840288,-5.28121860783684,30,66,46
"Q5H9R7","20260527","High_vs_Low",-0.348434291071731,0.243181033605046,-0.830176545105616,0.133307962962154,6.52925314737818,-1.43281852990899,0.154647639662745,0.30929527932549,-5.16748008117426,25,54,34
"P02766","20260527","High_vs_Low",-0.126256659920676,0.0884885398025922,-0.301170345768862,0.0486570259275098,12.7966865676919,-1.4268136891211,0.155812028372531,0.311190039952938,-5.29098951420114,30,66,46
"P04275","20260527","High_vs_Low",-0.171571016715621,0.121215903485522,-0.411178335761417,0.0680363023301752,16.6000398615368,-1.41541672158648,0.159121338414047,0.317357439896723,-5.30650372423235,30,66,46
"P35613","20260527","High_vs_Low",-0.182825722032991,0.129398194319815,-0.438620130048584,0.0729686859826022,9.7843720838128,-1.41289237453443,0.15987413626348,0.318415988058098,-5.30409063784765,30,66,45
"Q13822","20260527","High_vs_Low",-0.294441182277761,0.208898332136404,-0.70932695796003,0.120444593404509,6.79297945771722,-1.40949513223255,0.162057600413606,0.322317058242872,-5.12124350604654,15,49,27
"P28072","20260527","High_vs_Low",0.281917289548407,0.20171251186693,-0.11729687435088,0.681131453447695,7.6486942898672,1.39761924998677,0.164703005374588,0.327004603887232,-5.25514624388687,27,60,37
"P61020","20260527","High_vs_Low",-0.220651079819831,0.158009038598039,-0.533142489398325,0.091840329758663,7.39716494413617,-1.39644593611602,0.164870522043563,0.327004603887232,-5.28894421632917,30,64,40
"P35813","20260527","High_vs_Low",-0.278474013740393,0.199944022244255,-0.674560797225713,0.117612769744927,6.54536918911421,-1.39275988656567,0.166402223213996,0.329302217558588,-5.23288771290197,24,53,36
"Q9Y6R7","20260527","High_vs_Low",-0.543457355669247,0.388754742267904,-1.31863118323649,0.231716471898,6.69745544809999,-1.39794399033911,0.166488220174321,0.329302217558588,-4.98429588635119,16,36,18
"P06331","20260527","High_vs_Low",-0.228551248396526,0.164554711884196,-0.553865740993299,0.0967632442002468,10.8101233820217,-1.38890734746852,0.167051648742894,0.329864165971764,-5.33347945458925,30,65,45
"P02750","20260527","High_vs_Low",-0.181331546185239,0.130623101538132,-0.439531853229826,0.0768687608593472,8.32634714064918,-1.38820426134427,0.167232390977317,0.329864165971764,-5.34305714368857,30,66,46
"P02649","20260527","High_vs_Low",-0.125237944206365,0.0905408356766332,-0.304208365950299,0.0537324775375695,16.506028237015,-1.38322054651287,0.168751704214566,0.332403769016054,-5.34967686058775,30,66,46
"Q9BS26","20260527","High_vs_Low",-0.267852526478011,0.19408123357185,-0.65154017810555,0.115835125149528,9.39113611167073,-1.38010523505278,0.169740091591122,0.333892032018751,-5.34794689061804,29,66,45
"Q8WZ42","20260527","High_vs_Low",0.315574836865752,0.229270653661989,-0.137652648158686,0.768802321890189,10.3176433619694,1.37642926307961,0.170856851357963,0.335628390201807,-5.35280235137381,30,66,45
"P48960","20260527","High_vs_Low",-0.1742227792704,0.126833912361181,-0.425010506056398,0.0765649475155992,7.6598356918539,-1.3736293080219,0.171782711109307,0.336985509891582,-5.33873536605607,30,64,43
"P04003","20260527","High_vs_Low",-0.137291097449994,0.100262174188189,-0.335477512069701,0.0608953171697127,14.4216494081629,-1.36932096836742,0.173044357003201,0.338996732162008,-5.36801686221153,30,66,46
"Q86U17","20260527","High_vs_Low",0.221038924543963,0.16213923254131,-0.0994779823728443,0.541555831460771,8.17056642854909,1.36326613293699,0.17495492556507,0.34193653967304,-5.37310751036532,30,65,46
"P31146","20260527","High_vs_Low",-0.308464124893218,0.226310284778131,-0.755812562170925,0.138884312384488,9.54499953858822,-1.36301416966369,0.175021910822881,0.34193653967304,-5.37627866332864,30,66,46
"P23528","20260527","High_vs_Low",-0.287202433803609,0.21089069375153,-0.704070904357868,0.12966603675065,10.606979000136,-1.3618544692256,0.175386870123786,0.342183362935386,-5.37779386115149,30,66,46
"Q9HBW9","20260527","High_vs_Low",-0.219834779759553,0.161619740969616,-0.539467005355115,0.0997974458360085,8.1285994691399,-1.36019757512717,0.176032923856543,0.342850011503774,-5.34714823640309,29,63,42
"Q9HCL0","20260527","High_vs_Low",-0.117714744670467,0.0866402063564336,-0.288974863441319,0.0535453741003853,9.71997339565807,-1.35866186867324,0.176391742902189,0.342850011503774,-5.38195903489532,30,66,46
"P49913","20260527","High_vs_Low",-0.172864334187667,0.127354052922624,-0.424602772341311,0.078874103965978,10.4801129821552,-1.35735243771702,0.176806298177701,0.342850011503774,-5.38366446362161,30,66,46
"P08185","20260527","High_vs_Low",-0.163280402897533,0.120309468202477,-0.401093938669245,0.0745331328741803,9.72583114607639,-1.35717001610161,0.176864109561213,0.342850011503774,-5.3839019260678,30,66,46
"Q5TDH0","20260527","High_vs_Low",0.314043053134848,0.231250504213843,-0.143668477266379,0.771754583536076,8.17179769798113,1.35802105254847,0.176923994778796,0.342850011503774,-5.30844663148511,27,58,38
"O95236","20260527","High_vs_Low",-0.366171547594536,0.269968636622456,-0.901851584061588,0.169508488872516,7.65837026133259,-1.35634847134713,0.178075295309311,0.344327687463981,-5.1822119554468,19,54,25
"P28676","20260527","High_vs_Low",-0.33396811888942,0.246549300918108,-0.822249799343486,0.154313561564646,8.11053701670292,-1.35456931999311,0.178166767153608,0.344327687463981,-5.27189794245107,29,52,35
"Q14554","20260527","High_vs_Low",-0.401172104740066,0.297057489858242,-0.98909033101955,0.186746121539417,7.84786718071429,-1.35048641571538,0.179301871782037,0.345871455311682,-5.34447185981398,23,60,41
"P53396","20260527","High_vs_Low",0.380197518491082,0.281963562643336,-0.177406234968078,0.937801271950242,8.02945469654262,1.34839237711011,0.17977515684504,0.345871455311682,-5.36874290078225,29,63,43
"Q6UVK1","20260527","High_vs_Low",-0.128642215893132,0.0954496629094357,-0.317315827071505,0.0600313952852412,10.1809908840731,-1.34774929498902,0.179869020148758,0.345871455311682,-5.39612284779455,30,66,46
"P18085","20260527","High_vs_Low",-0.295066504334779,0.218731300214913,-0.728331826931193,0.138198818261636,7.76662224608435,-1.34899076650147,0.179990571205231,0.345871455311682,-5.29184717003772,23,56,35
"Q9Y490","20260527","High_vs_Low",-0.432983883036954,0.321486998731713,-1.06846850817772,0.202500742103817,10.6979564973298,-1.34681615351508,0.180171532160269,0.345871455311682,-5.3973283260615,30,66,46
"P36578","20260527","High_vs_Low",-0.341823466158621,0.253965854449202,-0.845813983468659,0.162167051151417,7.38146286652576,-1.34594261460842,0.181428177899042,0.347729624865929,-5.2124927209522,22,46,29
"Q92882","20260527","High_vs_Low",-0.432697226264466,0.321579453974203,-1.07103586552815,0.205641412999222,7.44426763295841,-1.34553753642227,0.181624469333738,0.347729624865929,-5.19401359410964,22,46,27
"P30990","20260527","High_vs_Low",-0.191069076483487,0.142410336830882,-0.472809101227112,0.0906709482601379,8.95336364229619,-1.34167982981733,0.182037167267362,0.348055063815197,-5.36817006221963,25,62,42
"Q9HBI1","20260527","High_vs_Low",-0.392496574450202,0.294083945373065,-0.97384846061005,0.188855311709645,9.84263790526036,-1.33464128397861,0.184131337466028,0.351590330128207,-5.40710328288728,30,66,45
"Q9UJJ9","20260527","High_vs_Low",-0.11744971476068,0.088108803983055,-0.291612783726815,0.0567133542054557,9.8197350552887,-1.33300770696272,0.184647813332007,0.35210766531662,-5.41507978058485,30,66,46
"Q9NY65","20260527","High_vs_Low",-0.448680121200969,0.337770935087377,-1.11793644250671,0.220576200104768,8.46169294448724,-1.32835621598081,0.186763272252957,0.355668701740692,-5.31609904050241,23,51,37
"P08754","20260527","High_vs_Low",-0.256627382526873,0.193573200345885,-0.64002115966815,0.126766394614404,8.09444516856698,-1.32573818105151,0.187529783098191,0.356559873438524,-5.32263593542801,25,54,36
"O75165","20260527","High_vs_Low",-0.236447268675757,0.178619371192138,-0.589565575628598,0.116671038277083,8.68986030620332,-1.32374930612321,0.18772852471833,0.356559873438524,-5.41817392774784,30,65,45
"P05546","20260527","High_vs_Low",0.182403995156289,0.137949097097188,-0.0902805320661381,0.455088522378716,16.1836756437461,1.32225581025573,0.188195471227895,0.356973949392595,-5.4287772629325,30,66,46
"P04921","20260527","High_vs_Low",-0.208924833934047,0.158465992200441,-0.522240307232202,0.104390639364108,9.37585765865336,-1.31842063418743,0.189531229385089,0.3590327383596,-5.42203560120404,29,64,45
"Q9UBP4","20260527","High_vs_Low",-0.141650230511873,0.107897429455097,-0.354929115231165,0.0716286542074194,10.8351023588689,-1.31282303227458,0.191344248066295,0.361988986447318,-5.44070658031636,30,66,46
"Q9BV94","20260527","High_vs_Low",-0.176631839960306,0.134860692902473,-0.443240747223034,0.0899770673024221,9.742234549223,-1.30973552158775,0.192413979360736,0.363533130966133,-5.43261167027453,30,66,44
"Q9UJU6","20260527","High_vs_Low",-0.459791699949878,0.351316356958801,-1.15616895559199,0.236585555692234,7.0306762765301,-1.30876826780883,0.193393521890477,0.364903039988084,-5.31897202377653,23,49,35
"P53621","20260527","High_vs_Low",-0.488761311652775,0.374722559796451,-1.23230143832029,0.254778815014741,6.96782816028824,-1.30432849284086,0.195148911804241,0.36726532001066,-5.28964070593439,21,44,33
"O00602","20260527","High_vs_Low",-0.194598318867575,0.149397109110244,-0.490318630264423,0.101121992529273,8.61150685382697,-1.30255745928776,0.195157722348761,0.36726532001066,-5.36848224325364,28,57,37
"Q9BX97","20260527","High_vs_Low",-0.228132765866148,0.175492761316804,-0.575273034759946,0.11900750302765,7.81933696271522,-1.2999554178438,0.195880427857394,0.368142245802757,-5.41048785045462,28,63,40
"P02743","20260527","High_vs_Low",-0.119207982872126,0.0918934137396704,-0.30085202105194,0.0624360553076881,9.77328735141481,-1.29724185902851,0.19663568089443,0.369077966495567,-5.46022784996546,30,66,46
"Q9NZD4","20260527","High_vs_Low",0.362805245508932,0.279675494667873,-0.191624716721531,0.917235207739395,8.79063624947614,1.29723644876281,0.197342516231971,0.369920481407382,-5.30809736949848,24,51,31
"P80303","20260527","High_vs_Low",-0.368417311248501,0.283764554744558,-0.932719661098946,0.195885038601945,6.22060464697589,-1.29832040361823,0.197732903309297,0.37016838556858,-5.17939397035372,20,41,22
"Q6UXD5","20260527","High_vs_Low",-0.142214526656455,0.110361606594029,-0.360364305470225,0.0759352521573157,9.24710115336,-1.28862320009167,0.199608744854377,0.373192881513921,-5.47092824732676,30,66,46
"P52907","20260527","High_vs_Low",-0.2599508635139,0.202193374610949,-0.659627308836699,0.139725581808898,9.50499177850461,-1.28565470562073,0.200643117511568,0.374638320978632,-5.47459655609629,30,66,46
"P02042","20260527","High_vs_Low",0.331651659982754,0.258540491671091,-0.179406355058234,0.842709675023741,14.4537053958993,1.28278420853579,0.201644437862009,0.376018366572328,-5.47813691857855,30,66,46
"P55157","20260527","High_vs_Low",-0.242799779981187,0.189529227882735,-0.617681307940757,0.132081747978383,7.80695532782552,-1.28106774186518,0.202399145763565,0.376935551980458,-5.44336057469328,27,64,41
"Q96PD5","20260527","High_vs_Low",-0.125674693043571,0.098246871397481,-0.31987749532196,0.0685281092348174,13.370963211767,-1.27917246886289,0.202906834415402,0.377390921597519,-5.48258164400538,30,66,46
"Q7L9L4","20260527","High_vs_Low",-0.323249875201778,0.25321328043725,-0.825877949136334,0.179378198732778,7.64948820505877,-1.27659131718363,0.204827820329634,0.380470329472402,-5.3175657986501,16,49,30
"P01709","20260527","High_vs_Low",-0.30458009215948,0.239989655020461,-0.779340247189566,0.170180062870607,10.6910675808063,-1.26913842237705,0.206643659056516,0.383346710332528,-5.44552420501424,28,62,40
"P61019","20260527","High_vs_Low",-0.314274331430412,0.248114470134755,-0.805791800133407,0.177243137272583,6.95904063480439,-1.26665055552675,0.207864373051317,0.385040575848534,-5.39541186902157,23,54,36
"P07948","20260527","High_vs_Low",-0.362926463784543,0.286849187632766,-0.930510811137336,0.20465788356825,8.58725807082792,-1.26521698311091,0.208093756124556,0.385040575848534,-5.44605686500246,25,63,39
"P50995","20260527","High_vs_Low",-0.392787904156109,0.310561654236688,-1.0081926499505,0.222616841638283,7.22201821186734,-1.26476626717333,0.208606478908804,0.385436574151211,-5.39328329358995,20,55,35
"P16452","20260527","High_vs_Low",0.315524683059936,0.249942785195431,-0.178538211499323,0.809587577619194,10.018930100711,1.26238764128849,0.208865620040783,0.385436574151211,-5.50307067926349,30,66,46
"Q9Y5C1","20260527","High_vs_Low",-0.142198141823076,0.112704724950979,-0.364979520040647,0.0805832363944938,8.8512479792803,-1.2616874925601,0.209114124609235,0.385436574151211,-5.50392089367039,30,66,46
"O15144","20260527","High_vs_Low",-0.366844193764813,0.291429461345524,-0.943324504277399,0.209636116747773,8.17186301576813,-1.25877525240963,0.210334869892758,0.386709400186103,-5.48069173224246,26,61,44
"P06454","20260527","High_vs_Low",0.176411950354172,0.140192793980272,-0.100739635875804,0.453563536584148,11.0003376539827,1.25835248264613,0.21034402520583,0.386709400186103,-5.50201851992346,29,66,45
"Q86UX7","20260527","High_vs_Low",-0.339077277216271,0.270474797144901,-0.873725881208786,0.195571326776244,10.6404260318155,-1.25363723642842,0.212020991086147,0.389293343428341,-5.51364790275445,30,66,46
"O00186","20260527","High_vs_Low",-0.247527313150831,0.197992775585377,-0.63937965603157,0.144325029729907,7.3032276341652,-1.25018356058196,0.213567943525321,0.39163226472546,-5.43891590050885,26,62,36
"P22304","20260527","High_vs_Low",-0.133312674801799,0.107037898051745,-0.344892539442357,0.0782671898387598,8.31747453513694,-1.24547171822592,0.214994046473787,0.392902692490215,-5.52345462325459,30,66,46
"P15291","20260527","High_vs_Low",-0.108443653745855,0.0870852504613871,-0.280583483097717,0.0636961756060068,9.20549871706839,-1.24525856182659,0.215072131840152,0.392902692490215,-5.52370974921175,30,66,46
"O14791","20260527","High_vs_Low",0.12334723215927,0.0990691468776858,-0.0724809470927472,0.319175411411288,15.4558865926939,1.24506202028326,0.215144149001896,0.392902692490215,-5.5239449510853,30,66,46
"P0DMV8;P0DMV9","20260527","High_vs_Low",-0.20238891187565,0.162628474754653,-0.523855690843543,0.119077867092243,9.73760833347571,-1.24448631877647,0.215356705925599,0.392902692490215,-5.5246329151738,30,66,46
"P02765","20260527","High_vs_Low",-0.115325310463511,0.0929427223637973,-0.299043671892422,0.0683930509653998,17.1362966755253,-1.24082130940929,0.216702543343518,0.394778764660696,-5.52901086310522,30,66,46
"O75144","20260527","High_vs_Low",-0.146999101865002,0.118454087009733,-0.381432825148526,0.0874346214185221,7.60443202962235,-1.24097956918045,0.216935611264037,0.394778764660696,-5.4626166283987,29,53,42
"Q10471","20260527","High_vs_Low",-0.112163427576728,0.0905100251370319,-0.291083685476017,0.0667568303225615,7.51401040723786,-1.23923761381032,0.217300568315497,0.39494171731866,-5.5249548698997,30,66,45
"P08519","20260527","High_vs_Low",0.260762977749149,0.210900449199717,-0.156124776438223,0.677650731936521,16.4702289342856,1.23642684849008,0.218328279776867,0.39630728253168,-5.53424142977683,30,66,46
"P04062","20260527","High_vs_Low",-0.231940806257287,0.187546278806109,-0.603686629238057,0.139805016723482,7.11063016215043,-1.2367123876506,0.218874278915082,0.396796101092577,-5.36302849887295,21,59,27
"Q9UKN7","20260527","High_vs_Low",-0.174046896049488,0.141094681235197,-0.452947688135177,0.104853896036202,11.3596366042542,-1.23354682491086,0.219395549635759,0.397238911840502,-5.53766114837554,30,66,46
"P00488","20260527","High_vs_Low",-0.196688036849787,0.159613590966089,-0.51219562405135,0.118819550351775,10.6714174306455,-1.23227624702445,0.219868663917105,0.397593523401171,-5.53916677166379,30,66,46
"P02775","20260527","High_vs_Low",0.258498554038864,0.210078316276904,-0.156764086740094,0.673761194817822,14.9750681251317,1.23048660432968,0.220536591404307,0.398299083216343,-5.54128474722935,30,66,46
"Q9UBW5","20260527","High_vs_Low",-0.415088471717096,0.33763587352565,-1.08376458468979,0.253587641255595,7.97886767474552,-1.22939682736515,0.22139179918894,0.399340679291748,-5.45668261562103,22,57,37
"P00338","20260527","High_vs_Low",-0.28162593525532,0.229580879774445,-0.735439370630677,0.172187500120037,8.99119099927177,-1.22669594929686,0.221954218604523,0.399852197837796,-5.54576196325367,30,66,46
"P55209","20260527","High_vs_Low",-0.225284394455233,0.183854732889292,-0.588710773971162,0.138141985060696,10.2469857629176,-1.22533910829964,0.222463248911588,0.400266372571163,-5.54736126965017,30,66,46
"Q93008","20260527","High_vs_Low",0.238888128327219,0.194862882508129,-0.14728154454217,0.625057801196609,6.24111388056925,1.22592935736365,0.222841620306325,0.400444716189561,-5.40517503352099,25,52,32
"O75309","20260527","High_vs_Low",-0.142180898932217,0.116764697682825,-0.373015457068393,0.0886536592039585,7.67204429352391,-1.21767025268572,0.225381891804422,0.404502669396172,-5.55040509174001,29,66,45
"Q14847","20260527","High_vs_Low",-0.196994168033168,0.162252693472342,-0.517716517262944,0.123728181196608,8.62873686314633,-1.21411955522789,0.226702418447895,0.406364085067853,-5.56052073556839,30,66,46
"Q86SF2","20260527","High_vs_Low",-0.161432113314118,0.132760809927589,-0.425065477413271,0.102201250785035,6.57558335501792,-1.21596210057898,0.227073908587857,0.406521828857662,-5.35960301843637,18,46,28
"Q9H4M9","20260527","High_vs_Low",-0.175652246274883,0.145181059603083,-0.462629004024212,0.111324511474447,8.33957212838872,-1.20988403552851,0.228318410544992,0.408240150525585,-5.56545746968665,30,66,46
"P11171","20260527","High_vs_Low",0.305256520704544,0.252957399511514,-0.194765373926747,0.805278415335836,9.91649817069102,1.20675070701243,0.229522037219002,0.40952798064225,-5.56909695093805,30,66,46
"Q04917","20260527","High_vs_Low",-0.312989064471562,0.25936546264645,-0.825869753433785,0.19989162449066,7.71737025217753,-1.20674919967354,0.229609830150885,0.40952798064225,-5.53860284475251,30,64,42
"P54578","20260527","High_vs_Low",0.276544190283365,0.22968064769771,-0.177521495087507,0.730609875654238,8.50730923156767,1.20403783712476,0.230593747384502,0.410278909327581,-5.56342573310455,30,65,45
"Q14974","20260527","High_vs_Low",-0.211088205051877,0.175310404466798,-0.557706562564266,0.135530152460512,7.25049850706137,-1.20408258536563,0.230603068980495,0.410278909327581,-5.55746133554253,30,63,45
"Q04695","20260527","High_vs_Low",-0.512713026884205,0.42633615206319,-1.35599522833034,0.330569174561929,8.90168778948051,-1.20260274528211,0.231268277919414,0.410725343190787,-5.52707025506984,29,63,40
"P61604","20260527","High_vs_Low",-0.524016422389227,0.435738781186475,-1.38647236535585,0.3384395205774,10.6215858447271,-1.20259303283123,0.231427002365472,0.410725343190787,-5.49821425347047,27,58,38
"P11586","20260527","High_vs_Low",-0.233316899407363,0.194247180186971,-0.617330686239099,0.150696887424373,7.89942411987867,-1.20113403542222,0.231713251493268,0.410725343190787,-5.56678266131796,30,65,45
"A0A087WSY6","20260527","High_vs_Low",-0.441396031584441,0.366683032094336,-1.17099387426644,0.288201811097557,10.3209894295571,-1.20375363174941,0.232195246636718,0.411071584786485,-5.31585366537759,18,35,27
"Q00610","20260527","High_vs_Low",-0.287252686421541,0.239774809128195,-0.761216502371029,0.186711129527948,9.15800086664461,-1.19801028083797,0.232896240414006,0.411560530871286,-5.5792048118999,30,66,46
"Q96QR1","20260527","High_vs_Low",0.224002893145697,0.18697921585964,-0.145837299884472,0.593843086175865,10.2835392883142,1.1980095868722,0.233045433101454,0.411560530871286,-5.54199032237667,27,64,41
"Q969P0","20260527","High_vs_Low",-0.173014922040275,0.144548420014859,-0.459502590501321,0.113472746420772,6.63667898749806,-1.19693402406259,0.233926943471018,0.412179782350405,-5.43499887780692,21,57,30
"Q14764","20260527","High_vs_Low",-0.304362874160308,0.254291084296472,-0.808998804056718,0.200273055736102,6.66180609222625,-1.19690737487854,0.234231669137179,0.412179782350405,-5.39045417610097,18,52,27
"P02790","20260527","High_vs_Low",-0.13942378889627,0.116721321287023,-0.370144918483303,0.0912973406907634,13.2319510547774,-1.19450146176311,0.234258383971813,0.412179782350405,-5.58324385360379,30,66,46
"A0A0B4J1U7","20260527","High_vs_Low",0.274346920959555,0.231116621775209,-0.182614595193386,0.731308437112497,10.6877922176102,1.18704971910845,0.237234182723476,0.41662619406585,-5.57682390276333,29,65,44
"O75955","20260527","High_vs_Low",-0.22933796840378,0.193487298290822,-0.611849519145375,0.153173582337816,7.83532244210894,-1.185286943534,0.237898064649251,0.41662619406585,-5.59088366078021,29,65,46
"P02647","20260527","High_vs_Low",0.0708445019932498,0.0597776456294286,-0.0473168819746182,0.189005885961118,16.6143058160253,1.18513369416431,0.237929153624636,0.41662619406585,-5.59396650790975,30,66,46
"Q13177","20260527","High_vs_Low",-0.243271944368301,0.205228052294401,-0.649508362337849,0.162964473601247,7.20343236125909,-1.18537374227635,0.23815481195834,0.41662619406585,-5.51152579225286,25,61,36
"P22891","20260527","High_vs_Low",0.159708238585528,0.13484837222002,-0.106846033514245,0.426262510685302,14.3556250630064,1.18435421915918,0.238238130497906,0.41662619406585,-5.59485387160831,30,66,46
"P12931","20260527","High_vs_Low",-0.358100039148858,0.304262803306792,-0.960423581337434,0.244223503039718,7.61353901876902,-1.17694320586333,0.241511175956625,0.421443664614762,-5.52373396029318,23,62,36
"O15511","20260527","High_vs_Low",-0.300054996464004,0.255126793313352,-0.80452133420349,0.204411341275482,8.49605759676489,-1.17610146926227,0.241580678042772,0.421443664614762,-5.59205451152463,27,66,44
"Q8IWE2","20260527","High_vs_Low",-0.218899215848169,0.186198182096309,-0.587972901988729,0.150174470292391,6.71452122766292,-1.17562488196015,0.242327838456324,0.422233439059986,-5.48636413873403,17,57,33
"Q13630","20260527","High_vs_Low",0.234417154370477,0.199862498701777,-0.160958604842981,0.629792913583934,8.10885194913752,1.17289214281395,0.242967420353136,0.422834078624268,-5.55099194700222,29,62,39
"Q01082","20260527","High_vs_Low",0.283574591948987,0.242575753897023,-0.195983991029992,0.763133174927967,9.01907632711481,1.16901457541947,0.244371684536204,0.424762418939293,-5.60634648099935,30,64,46
"P42357","20260527","High_vs_Low",-0.531292169768183,0.454476189901067,-1.43393415773261,0.371349818196242,6.50942627323354,-1.16902091148898,0.245418529185614,0.425759938655858,-5.37750717249674,21,45,25
"Q3B726","20260527","High_vs_Low",-0.253804185629365,0.217572865373475,-0.684249182511993,0.176640811253263,13.5918078741136,-1.16652499471245,0.245539378848253,0.425759938655858,-5.57483729618544,25,63,41
"P62333","20260527","High_vs_Low",0.179790365915893,0.154342804549689,-0.125624151321533,0.485204883153319,7.86935820975757,1.16487688843318,0.246250700473242,0.426477662413804,-5.55797467951108,27,59,40
"O14672","20260527","High_vs_Low",-0.156508963103992,0.134811037949393,-0.422987487818637,0.109969561610653,8.14233806041971,-1.16095065719132,0.247595111852843,0.427789047061839,-5.62126430413934,30,66,46
"Q68DL7","20260527","High_vs_Low",0.277692491479691,0.238947525372809,-0.195665159770155,0.751050142729536,10.4236573489332,1.16214843006401,0.24760453909437,0.427789047061839,-5.52655370428702,23,51,39
"Q562R1","20260527","High_vs_Low",-0.315048658816727,0.271609087141904,-0.851939418343959,0.221842100710506,14.5743857729239,-1.15993416174669,0.248009938437151,0.427973828783243,-5.62239783244861,30,66,46
"P01717","20260527","High_vs_Low",-0.154278495985009,0.133818944570878,-0.418796185820027,0.110239193850008,10.2190714035047,-1.15288979807559,0.25087812684341,0.432402925352704,-5.63024063098495,30,66,46
"Q16363","20260527","High_vs_Low",-0.158153796893306,0.137427852007553,-0.429804930322178,0.113497336535567,8.18567840372175,-1.15081327826192,0.251728566095597,0.433347855679575,-5.63254321203117,30,66,46
"P11413","20260527","High_vs_Low",-0.306348577308049,0.266505614400519,-0.833453821756238,0.220756667140139,7.59647379348062,-1.14950140167648,0.252398334810043,0.433979870644606,-5.6069566657474,28,61,44
"P06276","20260527","High_vs_Low",-0.164782071522509,0.143529532616904,-0.448695919370952,0.119131776325935,7.88905999519145,-1.14807084310885,0.253014304642391,0.434517979469688,-5.58563912499351,29,62,40
"P01700","20260527","High_vs_Low",0.231558086069899,0.202091198815154,-0.16791638795221,0.631032560092008,11.4754813976296,1.1458098493527,0.253789022481124,0.435327103155421,-5.6380724289508,30,66,46
"A0A0C4DH34","20260527","High_vs_Low",-0.232144129627581,0.203023046871492,-0.634221274660157,0.169933015404994,8.57181500138628,-1.1434373249975,0.255191605672137,0.436822094857633,-5.54447965462738,22,59,35
"P04156","20260527","High_vs_Low",-0.242302346918495,0.211630262492976,-0.66273719155507,0.178132497718079,6.02891325675318,-1.14493241214279,0.255269815544419,0.436822094857633,-5.39542311719551,19,46,24
"Q8N257","20260527","High_vs_Low",0.391120063820852,0.342944055385299,-0.289449914194434,1.07169004183614,8.96233483835181,1.14047774754814,0.25686967184803,0.438660620854924,-5.4659044386801,20,47,30
"A6NM11;A6NMS7","20260527","High_vs_Low",-0.190223900578079,0.16699788130628,-0.520893868329589,0.14044606717343,7.63739145761934,-1.13907972418645,0.256956012216273,0.438660620854924,-5.52349090495499,27,59,32
"Q15389","20260527","High_vs_Low",-0.215560703427871,0.189797132155334,-0.590998248477652,0.159876841621911,8.1636271094521,-1.13574267945973,0.25812221056859,0.440127526700782,-5.62799615581888,25,61,45
"P07737","20260527","High_vs_Low",-0.249357368093506,0.220688255857802,-0.685592718512146,0.186877982325134,11.4210940900422,-1.1299077385168,0.260408115042759,0.442934164899811,-5.65549443983163,30,66,46
"P14151","20260527","High_vs_Low",-0.104571534205521,0.092603625203013,-0.287619434456763,0.0784763660457216,14.1791944231148,-1.12923801823385,0.260687023962332,0.442934164899811,-5.65622484254209,30,66,46
"Q9HBB8","20260527","High_vs_Low",-0.143708898365587,0.127176950437798,-0.395466551597867,0.108048754866693,7.41567967355084,-1.12999169952478,0.26069486413908,0.442934164899811,-5.57289256903799,28,54,39
"P51693","20260527","High_vs_Low",-0.127953937263451,0.113702833052531,-0.35270825759654,0.0968003830696383,11.6338953545361,-1.12533640392527,0.262330556267379,0.445185819748428,-5.6604603957254,30,66,46
"P62979","20260527","High_vs_Low",-0.179354042247189,0.1600177024428,-0.495660826915644,0.136952742421266,11.5522511284772,-1.12083875414535,0.264236001869626,0.447889393240004,-5.6653236582381,30,66,46
"Q16706","20260527","High_vs_Low",-0.0934457478932753,0.0835434621457566,-0.258584588753712,0.0716930929671613,9.29227922455425,-1.11852855379925,0.26521561437426,0.44901911571746,-5.66781645832734,30,66,46
"P01714","20260527","High_vs_Low",-0.185321300781501,0.165833624202253,-0.513245932127034,0.142603330564032,9.0637251204681,-1.11751342149696,0.265730793967166,0.449360800175608,-5.657044219025,27,64,45
"Q15942","20260527","High_vs_Low",-0.389958896025025,0.349493113772779,-1.08080331981623,0.300885527766183,9.43502570867771,-1.11578420477422,0.266387304469739,0.449940394122033,-5.670767447229,30,66,46
"Q96JM4","20260527","High_vs_Low",0.255092383323325,0.228592496230203,-0.197751842370345,0.707936609016994,9.369297995593,1.11592632098665,0.26680243435456,0.450111401016987,-5.54863656937207,24,56,33
"Q5TEC6","20260527","High_vs_Low",0.307543022065802,0.275546874755703,-0.240719067486808,0.855805111618413,9.58609229680021,1.11611870879852,0.267675503659196,0.451053668915732,-5.39087993558401,15,43,22
"Q12907","20260527","High_vs_Low",-0.141458388669781,0.12746644283049,-0.393465009892256,0.110548232552694,9.52669913265146,-1.10976964233558,0.268999678459667,0.452453055844587,-5.67427672503792,28,65,46
"P22626","20260527","High_vs_Low",-0.353649123980282,0.318366894320277,-0.984781091416461,0.277482843455897,7.81190502546855,-1.11082254558953,0.269136999048419,0.452453055844587,-5.53428628389376,25,46,35
"P35611","20260527","High_vs_Low",0.265250003681663,0.23943687086316,-0.208162227304322,0.738662234667648,8.7486785614701,1.10780767692731,0.269859529340909,0.453136493061902,-5.66720259860978,30,62,46
"P30740","20260527","High_vs_Low",-0.299697013199914,0.271184214910244,-0.836055777019173,0.236661750619344,8.18299146358924,-1.10514180664648,0.271079960705965,0.454653407780531,-5.65500484323558,28,61,44
"P59998","20260527","High_vs_Low",-0.268025853094485,0.242800355518142,-0.747999162965896,0.211947456776925,9.24423900657639,-1.10389398945694,0.271507563197496,0.454838604702348,-5.67746191235444,30,66,45
"P53675","20260527","High_vs_Low",-0.261208177089602,0.236971647940807,-0.729746193509794,0.207329839330591,8.19396536015982,-1.10227607124903,0.272247921021657,0.454846126966764,-5.67334045395255,29,64,45
"P12830","20260527","High_vs_Low",-0.100100848752257,0.0908311921865772,-0.279645212923964,0.0794435154194493,10.329479769964,-1.10205367057871,0.272288573021748,0.454846126966764,-5.68543657119195,30,66,46
"P00739","20260527","High_vs_Low",-0.155545429880716,0.141192633447368,-0.434640725106398,0.123549865344966,14.0778902064167,-1.10165400334925,0.272463614410356,0.454846126966764,-5.68585930940726,30,66,46
"P46459","20260527","High_vs_Low",0.330538938480625,0.301992532626727,-0.266753723025977,0.927831599987228,7.35262015312392,1.09452686000413,0.275688942111474,0.459325602266847,-5.65671604492615,29,62,42
"P06858","20260527","High_vs_Low",-0.116501541813991,0.106490092056427,-0.326998568315456,0.0939954846874749,10.3377032238756,-1.09401296932168,0.275787547804571,0.459325602266847,-5.69394292441142,30,66,46
"Q9HCB6","20260527","High_vs_Low",-0.284434424983315,0.260193876110231,-0.800532911450328,0.231664061483698,6.73947427625477,-1.09316341043636,0.276899254549348,0.460210492513102,-5.52943545172761,23,46,32
"P09429","20260527","High_vs_Low",0.275218652057818,0.252032014246497,-0.22405951421469,0.774496818330326,7.79301493549231,1.09199877991946,0.277138077039244,0.460210492513102,-5.59906882660606,23,52,38
"P11049","20260527","High_vs_Low",-0.112675702090684,0.103315241547737,-0.31689705938424,0.0915456552028731,11.4677956351796,-1.09060096460813,0.27728163565643,0.460210492513102,-5.69753402370598,30,66,46
"O95498","20260527","High_vs_Low",-0.233825818078006,0.21522958668945,-0.66031770510245,0.192666068946438,7.78898653518346,-1.08640183570759,0.279654921682068,0.463612899065995,-5.57194436773916,26,49,35
"O95445","20260527","High_vs_Low",0.124991577336242,0.115337043106024,-0.102993272177356,0.352976426849841,13.8249305638865,1.08370714187066,0.280317561585411,0.464169827286369,-5.70475588142027,30,66,46
"O75636","20260527","High_vs_Low",-0.329557022526142,0.30443871913142,-0.931342245781837,0.272228200729553,11.8028487469224,-1.08250692772058,0.280850592058464,0.464169827286369,-5.70600677030887,30,66,46
"P62328","20260527","High_vs_Low",-0.273387945088171,0.252723500096849,-0.772947489819046,0.226171599642704,11.0240513451819,-1.08176701012531,0.281178192000504,0.464169827286369,-5.70677839614376,30,66,46
"P29401","20260527","High_vs_Low",-0.255938622613819,0.236446840641512,-0.724211506315257,0.212334261087619,6.84949947389115,-1.08243621238255,0.281285620580094,0.464169827286369,-5.59773195133487,22,61,33
"Q96MY7","20260527","High_vs_Low",0.142640585372344,0.132078971471661,-0.11845461213301,0.403735782877699,13.5357021646021,1.0799643863289,0.281988946063015,0.464744640927812,-5.70864621919399,29,66,46
"P17931","20260527","High_vs_Low",-0.175350019710465,0.162286385627782,-0.496960678065238,0.146260638644307,6.79516249566038,-1.08049741222684,0.282282135458943,0.464744640927812,-5.57973538234008,20,57,32
"Q96DA0","20260527","High_vs_Low",-0.162519747767712,0.150904271283793,-0.461000734288831,0.135961238753407,8.26880605519955,-1.07697248318488,0.283440861609476,0.466117196729345,-5.67129405238444,28,63,41
"Q99460","20260527","High_vs_Low",0.290409825055205,0.270690233911958,-0.245452918447183,0.826272568557593,7.39640770362471,1.07284928923465,0.285458017274475,0.468896674423364,-5.63294991448276,27,56,38
"Q8NI51","20260527","High_vs_Low",0.376622831574265,0.352186239083017,-0.320041230897181,1.07328689404571,11.8736343186868,1.06938542674147,0.286849131624338,0.469745414484628,-5.67319630976484,29,61,41
"Q9NYU2","20260527","High_vs_Low",-0.149967884835775,0.140320567307011,-0.427336995940246,0.127401226268697,8.36937761937899,-1.06875198492931,0.286981124016454,0.469745414484628,-5.72026839845621,30,66,46
"Q06481","20260527","High_vs_Low",-0.16200553646579,0.151773974303249,-0.462014672817575,0.138003599885995,9.07883649758531,-1.06741315307523,0.287583111343027,0.469745414484628,-5.72164659809791,30,66,46
"Q06830","20260527","High_vs_Low",0.223133790584415,0.209052553160923,-0.190101220175868,0.636368801344698,12.1519135782384,1.06735740468404,0.287610348412052,0.469745414484628,-5.72170206631037,30,66,46
"P05067","20260527","High_vs_Low",-0.168057366855708,0.157453297206064,-0.479294709476301,0.143179975764885,10.7870645992983,-1.06734739657923,0.287614029594774,0.469745414484628,-5.72171308114298,30,66,46
"P50570","20260527","High_vs_Low",-0.200700288738264,0.188246086190368,-0.572993174339807,0.171592596863279,6.79498140059745,-1.06615915794022,0.288254752217687,0.469745414484628,-5.68244927912064,30,63,41
"P01111","20260527","High_vs_Low",-0.153827037288123,0.144403039260263,-0.43931803562585,0.131663961049605,8.98882633618329,-1.06526177063956,0.288590084743426,0.469745414484628,-5.71492210264132,29,65,45
"P31946","20260527","High_vs_Low",-0.202856817977398,0.190445434738348,-0.579311063971552,0.173597428016755,10.4547529440414,-1.06517028489605,0.288595334840277,0.469745414484628,-5.72395000698112,30,66,46
"P62191","20260527","High_vs_Low",0.354562205711197,0.333901602839858,-0.306124076484375,1.01524848790677,8.28420672335988,1.06187632133425,0.290292781995438,0.471972618346325,-5.65489119665823,28,62,37
"A0A0C4DH38","20260527","High_vs_Low",0.186114806814674,0.175680462607908,-0.161688907863188,0.533918521492535,8.50959656475335,1.05939387938688,0.29152937546184,0.473353240442006,-5.65916103322185,22,60,38
"Q9UQ53","20260527","High_vs_Low",-0.142302395937855,0.134469409264876,-0.408204878014368,0.123600086138658,7.42085994227698,-1.05825106777668,0.291802137064667,0.473353240442006,-5.70372011981551,30,63,43
"Q14112","20260527","High_vs_Low",-0.15355050865444,0.145411199935057,-0.44098373069358,0.133882713384699,10.3258377510535,-1.05597442785025,0.292760668661177,0.47364893352975,-5.73335303530293,30,66,46
"Q9ULF5","20260527","High_vs_Low",0.470933817794155,0.445800714738982,-0.41180372418905,1.35367135977736,11.6623174263789,1.05637744001799,0.292937466354456,0.47364893352975,-5.63797162648099,25,57,36
"P16109","20260527","High_vs_Low",-0.326224043039806,0.308802680840594,-0.937852206935869,0.285404120856256,8.48073595913373,-1.05641583859243,0.292975316625445,0.47364893352975,-5.6532372968405,21,55,39
"Q9NUQ9","20260527","High_vs_Low",-0.178066470213369,0.169081763797459,-0.512456193560131,0.156323253133393,7.57643391359528,-1.05313823450926,0.294157719373447,0.474962550605652,-5.70587804487564,29,62,43
"P80748","20260527","High_vs_Low",0.378999222159361,0.359479054052926,-0.334764745311902,1.09276318963062,9.5686788384758,1.05430126703171,0.294450284162081,0.474962550605652,-5.52509808622031,21,44,28
"P37840","20260527","High_vs_Low",-0.216614202997665,0.206335333460957,-0.62447807480281,0.19124966880748,9.5065258647504,-1.04981633229896,0.295574758039097,0.476240677559624,-5.73960321570038,30,66,46
"P01701","20260527","High_vs_Low",0.302075626071824,0.288369146271743,-0.26801391065756,0.872165162801208,12.2227118302341,1.04753102048984,0.296648330914154,0.477434014063857,-5.73896958889206,29,65,46
"O15117","20260527","High_vs_Low",-0.378003103258039,0.362503809244801,-1.09663228993981,0.340626083423728,6.86610128366964,-1.04275622384638,0.29941365327377,0.481344370845949,-5.58735438013912,23,53,30
"P01266","20260527","High_vs_Low",-0.211724832372862,0.203478400043237,-0.614038666084942,0.190589001339217,7.70329833103328,-1.0405273106525,0.299901927830661,0.481589433940837,-5.73090804534462,30,64,44
"Q13442","20260527","High_vs_Low",-0.212411743378,0.20409392489034,-0.617275676639341,0.192452189883342,7.97601295888772,-1.04075485584457,0.300472522157305,0.48196599191675,-5.58288176120978,19,51,30
"Q01813","20260527","High_vs_Low",-0.334433923675276,0.321618471621468,-0.972850013384116,0.303982166033565,7.46782912793226,-1.03984675379246,0.301025668395907,0.482313752491318,-5.57864999390972,17,47,31
"Q9BTT0","20260527","High_vs_Low",0.186388362243249,0.179620490323203,-0.169306357031353,0.54208308151785,7.57874348666338,1.03767872979229,0.301539787210764,0.482598275513655,-5.63486483842599,26,58,33
"P07203","20260527","High_vs_Low",-0.163534703040277,0.157932925252615,-0.475718234319426,0.148648828238873,9.03589904140011,-1.03546934737454,0.302196829503836,0.483004280604479,-5.75402953205037,30,66,46
"P61626","20260527","High_vs_Low",-0.135191598458267,0.130634049484594,-0.393413546109337,0.123030349192804,10.1115333627431,-1.0348879100943,0.302467115748133,0.483004280604479,-5.75461022550598,30,66,46
"O00592","20260527","High_vs_Low",-0.203359077733683,0.1969505773963,-0.59267206501375,0.185953909546383,13.4397787259816,-1.0325386217299,0.303564186881584,0.484216956605329,-5.75695017507838,30,66,46
"O95967","20260527","High_vs_Low",-0.127355274704113,0.123480602363628,-0.371437133647204,0.116726584238977,8.98006559701941,-1.03137879364303,0.304103367819692,0.484538032726043,-5.75810661092159,30,66,46
"P06681","20260527","High_vs_Low",-0.0870577938040498,0.0849196344735111,-0.254916889453941,0.0808013018458411,10.0165718170746,-1.02517862145539,0.307008917830748,0.488344774180157,-5.76425570192489,30,66,46
"Q15185","20260527","High_vs_Low",-0.165207229504741,0.161135150017167,-0.48453642942898,0.154121970419498,8.92025827364733,-1.02527120548893,0.30748282357954,0.488344774180157,-5.65192654796022,22,50,37
"O15145","20260527","High_vs_Low",-0.250660851224104,0.244741055765747,-0.734530071670793,0.233208369222585,8.50981122571134,-1.02418799510297,0.307514177883321,0.488344774180157,-5.75007883615127,30,65,44
"Q15366","20260527","High_vs_Low",-0.283238526973776,0.276992101859978,-0.831622019582764,0.265144965635213,7.67824221761541,-1.02255091416634,0.308561946975454,0.489044641917384,-5.68338699436887,26,56,38
"P35625","20260527","High_vs_Low",-0.143118042466531,0.140057257541087,-0.420052188742702,0.13381610380964,8.95697979805469,-1.02185381164233,0.308636960205881,0.489044641917384,-5.73938564052374,30,65,42
"Q96IZ5","20260527","High_vs_Low",-0.182207434379436,0.178488089904678,-0.535486326873641,0.17107145811477,9.63654768643909,-1.02083805410626,0.309319251771136,0.489584775982129,-5.71233716858105,24,58,41
"P30086","20260527","High_vs_Low",-0.255866472689082,0.251590364571957,-0.753760230164653,0.242027284786489,7.86381189251155,-1.01699631114411,0.311105560877168,0.491459541969325,-5.70870619514827,26,60,39
"O75223","20260527","High_vs_Low",-0.205433493463369,0.201987956062712,-0.60538989605685,0.194522909130112,7.22029540496582,-1.01705813290961,0.311189166044733,0.491459541969325,-5.66902728169267,26,57,35
"P21291","20260527","High_vs_Low",-0.192766713183282,0.190226776934317,-0.568880169204827,0.183346742838263,8.887310699953,-1.01335214889249,0.312653362259555,0.493228736501873,-5.76683193456382,29,63,46
"P21281","20260527","High_vs_Low",0.361481669408044,0.356778052561691,-0.345104863858522,1.06806820267461,7.23389661966098,1.01318359358873,0.313064941261912,0.493335303043496,-5.6727538458508,24,57,35
"P09237","20260527","High_vs_Low",-0.193433251402988,0.191514226237353,-0.573044793557296,0.18617829075132,8.48981342478977,-1.01002027475106,0.314741594453673,0.495432981829382,-5.62552443239329,24,52,31
"P69905","20260527","High_vs_Low",0.286107359784687,0.284488834921502,-0.276242848248755,0.848457567818129,18.3160153195612,1.00568923860801,0.316264976934676,0.497285062417024,-5.7833445314235,30,66,46
"Q99497","20260527","High_vs_Low",-0.251914971713742,0.250971103898173,-0.748545247197327,0.244715303769844,9.42641319042702,-1.0037608625093,0.317404043822949,0.498529462039549,-5.72859294259106,28,56,42
"P15153","20260527","High_vs_Low",-0.127178550533898,0.126880651718218,-0.377981225144236,0.123624124076439,10.9669146841701,-1.002347866374,0.317867667611429,0.498711417237188,-5.78658346534864,30,66,46
"Q8WVN8","20260527","High_vs_Low",0.348900801811105,0.348535511182608,-0.340264105625719,1.03806570924793,12.59635833205,1.00104807291302,0.318556893938216,0.498720016279338,-5.76672140584942,30,63,44
"P07738","20260527","High_vs_Low",0.376649042654652,0.376306581119713,-0.367574550269617,1.12087263557892,9.376576968366,1.00091005991423,0.318662291187189,0.498720016279338,-5.76060533200462,29,61,44
"P07858","20260527","High_vs_Low",-0.171819115038841,0.171734901831085,-0.511549584753056,0.167911354675374,8.0863997464959,-1.00049036746088,0.318916495765797,0.498720016279338,-5.73483481869631,29,61,40
"O95466","20260527","High_vs_Low",-0.185675226375435,0.186386762869218,-0.554835270432172,0.183484817681303,6.16540775806748,-0.996182473031719,0.321233706963577,0.501796444211078,-5.70147433495164,22,56,37
"Q8NBP7","20260527","High_vs_Low",-0.0948492346675831,0.0956273219283895,-0.283874021194749,0.0941755518595833,11.6327604003414,-0.991863337327495,0.322938522501855,0.503390419271309,-5.79667095971865,30,66,46
"P35612","20260527","High_vs_Low",0.274408300838292,0.276936904575044,-0.273114237668303,0.821930839344887,8.79320140235054,0.990869386871237,0.323460045483896,0.503390419271309,-5.78566822795193,30,64,45
"P24844","20260527","High_vs_Low",-0.327900564409637,0.330795890810025,-0.982696023787832,0.326894894968559,8.50945112144471,-0.991247393087931,0.323512372330732,0.503390419271309,-5.73325644404077,26,54,42
"Q96KP4","20260527","High_vs_Low",-0.224126246096572,0.226258339810979,-0.671720969952445,0.223468477759301,7.27504279504483,-0.990576728724394,0.323719216807891,0.503390419271309,-5.74431547496877,29,61,40
"P60903","20260527","High_vs_Low",-0.173960096615984,0.175607824278027,-0.522193527963946,0.174273334731979,8.47995664567302,-0.990617003149959,0.324169882978351,0.503390419271309,-5.65288605696902,19,52,32
"P67936","20260527","High_vs_Low",-0.305715426757047,0.309132089971991,-0.91677805476327,0.305347201249176,9.67223712212852,-0.988947562140011,0.32436035384009,0.503390419271309,-5.79945560293062,30,66,46
"Q9NSC7","20260527","High_vs_Low",0.291603352298975,0.295836358031855,-0.294507430590657,0.877714135188607,7.75324009123016,0.985691394522833,0.326392277227586,0.505996243831739,-5.64400451730607,26,57,29
"P47929","20260527","High_vs_Low",-0.361854391088752,0.368562324838016,-1.09326363808812,0.369554855910618,7.90448335239021,-0.981799730202448,0.328618611274555,0.508525143907912,-5.59780169340586,20,51,26
"Q05682","20260527","High_vs_Low",-0.3348518393293,0.341430282953543,-1.01098267594737,0.341278997288769,7.23462037571687,-0.98073268847937,0.328732781312855,0.508525143907912,-5.71774310948546,22,59,36
"Q14254","20260527","High_vs_Low",-0.164906171287189,0.168508062810248,-0.497993401268481,0.168181058694103,8.27892817549054,-0.978624811994217,0.329417318340583,0.509034950970255,-5.80925853026888,30,66,46
"Q99832","20260527","High_vs_Low",0.201682438320318,0.206360444397389,-0.206435958771908,0.609800835412544,7.44944129295536,0.9773308974463,0.33015390644589,0.509624006289996,-5.78296914431972,28,63,43
"Q6UXH0","20260527","High_vs_Low",-0.125949644583047,0.129167099117148,-0.38127189814606,0.129372608979967,9.08354052828386,-0.975090757970938,0.331160837750298,0.51062864659562,-5.81259089870936,30,66,46
"P13667","20260527","High_vs_Low",-0.163815692195986,0.168493556786051,-0.496914431735247,0.169283047343275,7.66647904454037,-0.972237130728952,0.332596659605517,0.512291739929443,-5.80918254232824,29,66,45
"P51659","20260527","High_vs_Low",-0.258212160830291,0.265882316965616,-0.78553309829334,0.269108776632759,6.81266195683113,-0.971152063729318,0.333749845138604,0.513516392627423,-5.64944460087856,21,51,30
"P43686","20260527","High_vs_Low",-0.160527363450682,0.165949991028449,-0.488813971472952,0.167759244571588,7.15447754089331,-0.967323724791061,0.335163499622345,0.515138755046563,-5.77657524957116,28,60,42
"P13224","20260527","High_vs_Low",-0.207390205533651,0.214739286308876,-0.631866204256305,0.217085793189003,11.2956110587355,-0.965776729067386,0.335787508150599,0.515545274826509,-5.8213136693592,30,66,46
"O60245","20260527","High_vs_Low",-0.147578013300196,0.152792166222761,-0.450343240784393,0.155187214184002,6.9805151742287,-0.965874212981813,0.336205142452302,0.515634410991017,-5.68866293740766,22,56,32
"Q10469","20260527","High_vs_Low",-0.256082869860293,0.266501029192963,-0.783251932836167,0.27108619311558,8.60956438323864,-0.960907620641395,0.338356820705317,0.518252342582481,-5.77902785500213,29,61,41
"Q04760","20260527","High_vs_Low",0.246290386583453,0.256389841410561,-0.26122167342199,0.753802446588896,8.55069173557409,0.96060898992119,0.33863489888409,0.518252342582481,-5.75622851999596,26,56,40
"P04278","20260527","High_vs_Low",-0.148402991198031,0.154854944787945,-0.454504180329577,0.157698197933514,11.0522709978025,-0.95833550166093,0.339511457953794,0.519039904803561,-5.82822559729848,30,66,46
"P06744","20260527","High_vs_Low",-0.355722311776148,0.371253187238839,-1.09097634618707,0.379531722634771,8.07128374745135,-0.958166351168053,0.339956350678487,0.51916656748983,-5.73707321546284,23,56,37
"Q9BSL1","20260527","High_vs_Low",0.243556308231241,0.25554632295861,-0.262731885722627,0.749844502185109,7.97221765123676,0.953080855992943,0.34258518467802,0.52215494790856,-5.72040779864782,24,52,36
"P07384","20260527","High_vs_Low",-0.139941719777386,0.146978689112855,-0.430473385850322,0.150589946295549,10.2814309859784,-0.952122519407793,0.342641426765659,0.52215494790856,-5.83395598177333,30,66,46
"P01137","20260527","High_vs_Low",-0.176307431308032,0.185451391389896,-0.543002378079155,0.19038751546309,9.09514483315458,-0.950693494325747,0.343422684025074,0.522789945745176,-5.82325867709148,28,64,45
"P60709","20260527","High_vs_Low",-0.250561675202663,0.264235234771423,-0.772876511510652,0.271753161105327,14.6527037977692,-0.948252323046211,0.344601860266423,0.523135489915133,-5.83750563624484,30,66,46
"P19823","20260527","High_vs_Low",-0.0491759872925961,0.0518640513141538,-0.151694713430648,0.0533427388454561,20.4490137483216,-0.948170959393909,0.344641030429321,0.523135489915133,-5.83758225309381,30,66,46
"A0A0A0MS15","20260527","High_vs_Low",-0.143363173019139,0.15122826248829,-0.44231290455338,0.155586558515102,10.2282168345047,-0.947991933916722,0.34474409900265,0.523135489915133,-5.83479074883267,30,65,46
"Q15833","20260527","High_vs_Low",-0.411718516146965,0.437148541996955,-1.2765708610114,0.453133828717472,7.91338034652537,-0.941827494759969,0.348029206042567,0.526954422440518,-5.79544807016937,26,63,40
"Q6UXB8","20260527","High_vs_Low",-0.0948658586934581,0.100805286069762,-0.294125832683065,0.104394115296149,8.75060358947512,-0.941080199185255,0.348249818911384,0.526954422440518,-5.84405016084081,30,66,46
"P68371","20260527","High_vs_Low",-0.204060748110878,0.217133119236679,-0.633268645873855,0.225147149652099,10.6066582693815,-0.939795590963939,0.348908277488763,0.526954422440518,-5.84521468406727,30,66,46
"Q96C19","20260527","High_vs_Low",-0.205169298523021,0.21795808004956,-0.638114900014037,0.227776302967995,6.77744129213607,-0.941324581664367,0.349030166153322,0.526954422440518,-5.65443584144601,15,45,30
"P22061","20260527","High_vs_Low",-0.122312802108368,0.130282355701176,-0.379839563059728,0.135213958842992,8.95593635303564,-0.938828603843432,0.349400810441469,0.526954422440518,-5.84609394940537,30,66,46
"Q9UNW1","20260527","High_vs_Low",-0.0891494140555089,0.0949709406231597,-0.276876743604905,0.0985779154938871,10.4391280226762,-0.938702022645534,0.349465589777498,0.526954422440518,-5.84620870452031,30,66,46
"P35749","20260527","High_vs_Low",-0.360010527009804,0.383714956878612,-1.12111626162289,0.401095207603287,9.49549374907084,-0.938223857465356,0.350347891009695,0.527729911457881,-5.73001529247502,16,46,39
"P30085","20260527","High_vs_Low",-0.302284655792526,0.324739701649053,-0.948076376441697,0.343507064856645,7.51183468804665,-0.93085216946835,0.354600786122319,0.533498024636401,-5.5657419589408,21,39,23
"P98161","20260527","High_vs_Low",-0.149763666653776,0.161233381819958,-0.469224198987655,0.169696865680103,6.62792836680803,-0.928862652158534,0.354956275143869,0.533498024636401,-5.74575606658325,22,53,36
"P29622","20260527","High_vs_Low",0.142510562115874,0.153670197526895,-0.161249926662655,0.446271050894402,13.5543150734144,0.927379312380538,0.355293314872917,0.533498024636401,-5.856409650814,30,66,46
"P61981","20260527","High_vs_Low",-0.232727788796035,0.251215923935547,-0.729880533571334,0.264424955979264,7.5492104490623,-0.926405401178889,0.356007784766032,0.534011677149049,-5.78886315802484,26,61,38
"P52566","20260527","High_vs_Low",-0.189514526580606,0.204850791577583,-0.594443898558438,0.215414845397226,9.14565890547187,-0.925134460653676,0.35645562835451,0.534124734650332,-5.85841799531241,30,66,46
"P47756","20260527","High_vs_Low",-0.204231118885465,0.220957915915661,-0.640999507409721,0.232537269638791,8.9462903516637,-0.924298720139177,0.356888966375247,0.534215843196352,-5.85916445803455,30,66,46
"P10124","20260527","High_vs_Low",0.169438797123698,0.18347916553458,-0.193245196912987,0.532122791160383,13.3624511914991,0.92347704236623,0.357315339552058,0.534296347150836,-5.85989771064671,30,66,46
"P43487","20260527","High_vs_Low",0.185403636818183,0.20113312418622,-0.212663846756776,0.583471120393143,8.03531809214507,0.921795639422011,0.35841093560287,0.534855909933463,-5.79106764825276,27,58,39
"Q96CW1","20260527","High_vs_Low",-0.172821368879172,0.187529830930418,-0.5437737863576,0.198131048599255,7.39782699303149,-0.921567347561341,0.35843551565276,0.534855909933463,-5.81817649491456,29,60,42
"P09668","20260527","High_vs_Low",-0.158183973662589,0.172088891272447,-0.498876817242325,0.182508869917147,7.99776586814655,-0.919199214388314,0.359818840381759,0.536361972045159,-5.79357812997943,24,56,40
"P68402","20260527","High_vs_Low",-0.155700570226713,0.169882259083608,-0.491766473153366,0.180365332699939,8.47884083815404,-0.916520483460755,0.361077208684423,0.537678834115744,-5.81939375496545,29,59,42
"Q9UK55","20260527","High_vs_Low",0.103235910494998,0.112896556201743,-0.119924657064003,0.326396478054,13.5717509061642,0.914429225905867,0.362029699029676,0.538272075914813,-5.86793133546635,30,66,46
"P10599","20260527","High_vs_Low",-0.184986598927718,0.202397315317718,-0.58511467509859,0.215141477243153,9.61053609305087,-0.913977532939759,0.362290018981695,0.538272075914813,-5.86830552505341,28,66,46
"Q13526","20260527","High_vs_Low",0.334399755786178,0.365370920006856,-0.391826257136323,1.06062576870868,8.133430194203,0.91523363649166,0.362601691306631,0.538272075914813,-5.6640252541196,13,44,29
"P17936","20260527","High_vs_Low",0.283773513021163,0.311714856916046,-0.332394480644461,0.899941506686787,10.7684763505431,0.910362489066705,0.364164379261367,0.540032802337952,-5.87151373800641,30,66,46
"P32004","20260527","High_vs_Low",-0.188218911315891,0.208298213394245,-0.600706162331089,0.224268339699307,6.87395341867374,-0.903603099848246,0.368046930798364,0.545226548310799,-5.75330279764234,28,56,33
"O43242","20260527","High_vs_Low",-0.185109657314371,0.205033077186967,-0.591478642433779,0.221259327805037,6.78761918254259,-0.902828264853926,0.368607923395035,0.545494078584602,-5.75244921479013,24,47,37
"O43866","20260527","High_vs_Low",-0.131950467913576,0.146964852254732,-0.422473957555649,0.158573021728496,16.3675969722046,-0.897836903784781,0.370793353360839,0.54804223290237,-5.87949077533879,30,65,46
"P67775","20260527","High_vs_Low",0.169574158869992,0.188985580250585,-0.204635370789125,0.543783688529108,8.57346101027743,0.897286230225319,0.371377568162757,0.54804223290237,-5.77340111053628,26,58,34
"P06756","20260527","High_vs_Low",-0.182099769628529,0.202767667937113,-0.584867576859747,0.220668037602689,7.08280834893101,-0.898071036083553,0.371515410351722,0.54804223290237,-5.66926000642584,18,44,28
"Q9Y6Z7","20260527","High_vs_Low",-0.0936576582714288,0.104550743466819,-0.300321209718277,0.113005893175419,14.6913420820906,-0.895810542955656,0.371858502520227,0.54804223290237,-5.88421283347443,30,66,46
"Q96TC7","20260527","High_vs_Low",-0.155508851334792,0.174400395065648,-0.500512658999351,0.189494956329767,8.19646321217103,-0.891677173530804,0.3741999773192,0.550926865991512,-5.8277066597264,28,64,38
"A0A0J9YXX1","20260527","High_vs_Low",-0.287671155880853,0.322610853429755,-0.928802569259582,0.353460257497876,9.26180599935125,-0.891697079693848,0.374989781084086,0.551523431871363,-5.66190362510388,18,41,28
"P14649","20260527","High_vs_Low",-0.317333720941331,0.357230816811033,-1.02351579043195,0.388848348549285,10.6509949270226,-0.888315637979223,0.375874288885611,0.551709129583329,-5.88770560449814,30,65,46
"Q9Y251","20260527","High_vs_Low",-0.256092067839585,0.28808272005818,-0.826733756087466,0.314549620408295,7.11999863004447,-0.888953241582369,0.375885508788642,0.551709129583329,-5.79295727845317,25,49,40
"Q7Z794","20260527","High_vs_Low",-0.593968972714601,0.672206257671015,-1.9234848426384,0.735546897209197,12.300163690099,-0.883611192154797,0.378489875112258,0.554963681913066,-5.84947886415854,29,64,40
"O95744","20260527","High_vs_Low",0.196365896884156,0.222423670789696,-0.244615456173881,0.637347249942194,9.42532970341755,0.882846219500724,0.379319040471529,0.555611342222852,-5.7762849659346,20,47,38
"P07988","20260527","High_vs_Low",0.165248696451384,0.187675257283248,-0.205940316940074,0.536437709842842,8.38128742219512,0.880503369722217,0.380163171729095,0.555920850821805,-5.86964681920071,27,63,43
"Q16543","20260527","High_vs_Low",-0.282699990841853,0.320658380585048,-0.919657883174752,0.354257901491046,6.55035571219293,-0.881623584345622,0.380305686650063,0.555920850821805,-5.71923949708666,14,44,32
"Q7Z6Z7","20260527","High_vs_Low",-0.136255578108891,0.154967535367123,-0.442652230318554,0.170141074100773,7.02379889063877,-0.879252404615565,0.380780957256709,0.555986956777453,-5.8863612162201,29,64,45
"Q7Z7G0","20260527","High_vs_Low",-0.06630673511075,0.0754845242951744,-0.215515620220854,0.0829021499993544,13.341361093745,-0.878414956308984,0.381191224046946,0.555986956777453,-5.89912559438217,30,66,46
"P55056","20260527","High_vs_Low",0.10297356712006,0.117333837235668,-0.128958093085736,0.334905227325855,11.983735041854,0.877611859852796,0.381625565323315,0.555986956777453,-5.8998070842942,30,66,46
"P11217","20260527","High_vs_Low",-0.401917807520737,0.457806278186008,-1.30919154742896,0.505355932387486,9.27957626628826,-0.877921135361619,0.381901779934304,0.555986956777453,-5.75072087981194,24,54,31
"P31939","20260527","High_vs_Low",-0.190237703486106,0.217066259252999,-0.619648227977452,0.239172821005239,7.26857167285554,-0.876403841577135,0.382415467386861,0.55617016250787,-5.85061725026529,29,60,41
"P62993","20260527","High_vs_Low",-0.248447283450113,0.283689839597776,-0.811021233933177,0.314126667032952,7.00922685719937,-0.875770819999647,0.38317480571542,0.556709900097176,-5.72227628061096,21,54,28
"P12814","20260527","High_vs_Low",-0.263302819948754,0.301538381586436,-0.859354934478973,0.332749294581465,9.53901031541125,-0.873198358907016,0.384019927286374,0.557373052356944,-5.90353924238634,30,66,46
"P08833","20260527","High_vs_Low",-0.145663644144157,0.167253072848515,-0.476292036040263,0.184964747751948,9.49896556810465,-0.870917596091571,0.385269486749238,0.558621278057034,-5.90545147323456,29,66,46
"Q9UGM5","20260527","High_vs_Low",0.10886858007086,0.126273826368757,-0.140734907997731,0.358472068139451,12.5936404630525,0.862162676158492,0.390040839207631,0.564968245882569,-5.91279668223667,30,66,46
"P01817","20260527","High_vs_Low",-0.16518655493469,0.191956773176193,-0.545182066846458,0.214808956977077,7.70233609176864,-0.860540382094616,0.391178304235365,0.566044085038863,-5.8228024083442,29,54,38
"P48059","20260527","High_vs_Low",-0.215061395205508,0.250884329467449,-0.711015290134478,0.280892499723462,9.08532541988169,-0.857213344739456,0.392772404528275,0.567777850900752,-5.9139367415505,30,65,46
"P62805","20260527","High_vs_Low",-0.154842335402597,0.181503041963004,-0.513620118139698,0.203935447334504,12.8563279256818,-0.853111516633196,0.39502514527359,0.570459273234973,-5.92029918157825,30,66,46
"P04075","20260527","High_vs_Low",-0.155425919212798,0.182372189448844,-0.51592174923147,0.205069910805874,10.1146259346703,-0.852245727172096,0.395503788126852,0.570575887498899,-5.9210128989181,30,66,46
"P62736","20260527","High_vs_Low",-0.222004356203401,0.260782523518436,-0.737494204487054,0.293485492080252,11.8236338220303,-0.851300743654728,0.39602661662758,0.57075594798387,-5.92179108172471,30,66,46
"Q9Y376","20260527","High_vs_Low",-0.15511671321086,0.182522011532166,-0.516435120285882,0.206201693864162,6.97770284969774,-0.849852091310772,0.397071039012951,0.571686616410213,-5.86253084169951,22,59,40
"Q86SG5","20260527","High_vs_Low",-0.340903270771554,0.401575646768953,-1.13896309812797,0.45715655658486,7.75720809083567,-0.848914204619818,0.398235054139674,0.57278742992607,-5.62602656455613,18,49,20
"Q99733","20260527","High_vs_Low",-0.151233080919244,0.179259372939418,-0.505574850676995,0.203108688838507,9.75588767716642,-0.843655081680745,0.400271765390715,0.575139991553392,-5.9280562446465,30,66,46
"Q01518","20260527","High_vs_Low",0.200851721130489,0.239051031813153,-0.271681401330462,0.67338484359144,10.2176662721565,0.840204368109477,0.402197384114051,0.577328377196746,-5.93086489351561,30,66,46
"P40926","20260527","High_vs_Low",-0.235553700217291,0.280939384167242,-0.791798839168925,0.320691438734344,7.83754891689073,-0.83845026184391,0.403446280568109,0.578541966334669,-5.84769259931981,25,56,38
"Q9UBX1","20260527","High_vs_Low",-0.110687450374124,0.132292391105585,-0.372285053480425,0.150910152732176,8.06212579931111,-0.836687956496173,0.404224112252515,0.579078298671434,-5.91187004404268,28,65,43
"P00558","20260527","High_vs_Low",-0.170796424023996,0.205871977649427,-0.577744378559209,0.236151530511218,10.2699362985044,-0.829624439295179,0.408134893369302,0.584097242606367,-5.93940664686237,30,66,46
"Q9NRY5","20260527","High_vs_Low",-0.152925201705378,0.184517991315171,-0.517869329992277,0.212018926581521,7.39202690696277,-0.828782064097859,0.408701413601941,0.584324852547541,-5.9086438816863,27,64,42
"P11766","20260527","High_vs_Low",-0.244054903294021,0.294501106259001,-0.828002663218383,0.339892856630341,7.89337066675296,-0.828706236096055,0.409152262772283,0.584386797624954,-5.75752631848833,23,53,28
"P00748","20260527","High_vs_Low",-0.0960853766006071,0.116460779768423,-0.326291280003388,0.134120526802174,12.4916697548209,-0.825044936086369,0.41071940983894,0.586041426576159,-5.94307264475117,30,66,46
"P13798","20260527","High_vs_Low",0.192735889806718,0.23424164771396,-0.270318370237813,0.655790149851249,8.53566602296879,0.822807949345003,0.411997788101461,0.587281141289757,-5.94187604976366,30,65,46
"P01023","20260527","High_vs_Low",-0.075284856641618,0.0916967134307059,-0.256540080901288,0.105970367618052,13.2347286526336,-0.8210202288058,0.413000514630973,0.588125856981942,-5.94627621478124,30,66,46
"Q9BY67","20260527","High_vs_Low",-0.0779664330690188,0.0950914831197117,-0.265932036777083,0.109999170639045,10.5319091917997,-0.819909738613142,0.413631245586663,0.588439688661979,-5.94715740745621,30,66,46
"P49773","20260527","High_vs_Low",-0.184478668137499,0.225106126904792,-0.630632511882105,0.261675175607108,7.73776870261228,-0.81951864515675,0.414279203121438,0.588777380848506,-5.81060235292257,24,50,34
"Q53H76","20260527","High_vs_Low",-0.140538737716424,0.171893241234937,-0.480657050108128,0.19957957467528,8.46230918727601,-0.817593156698588,0.415107966294063,0.589371112540283,-5.90473364648295,24,62,41
"P00746","20260527","High_vs_Low",-0.120235430262436,0.147588427873412,-0.411972922636161,0.171502062111288,11.6238286043414,-0.81466705753898,0.416617890512944,0.590736682461813,-5.95130035625479,30,66,46
"P47755","20260527","High_vs_Low",-0.189316821685557,0.232443749870203,-0.649249914594357,0.270616271223244,8.4238434871972,-0.81446294766485,0.416893669910289,0.590736682461813,-5.91086779254309,24,61,42
"P55103","20260527","High_vs_Low",-0.0961343230229872,0.118397880219051,-0.330169257624988,0.137900611579014,11.2953415039658,-0.811959832770033,0.418163397939684,0.591518661608786,-5.95343129407661,30,66,46
"P00915","20260527","High_vs_Low",0.306736393219037,0.377858578568188,-0.440178157306899,1.05365094374497,12.6355925406404,0.811775649983513,0.418270518041359,0.591518661608786,-5.95357401116056,30,66,46
"P00738","20260527","High_vs_Low",-0.124549221591318,0.153967559238122,-0.428897506443515,0.179799063260879,13.243238559352,-0.808931584079303,0.419899274761067,0.59323700493337,-5.95580328362598,30,66,46
"P55291","20260527","High_vs_Low",-0.145920455249661,0.180561636887946,-0.503038282498139,0.211197371998817,7.90808338311276,-0.808147609673129,0.420437271034658,0.593412447503641,-5.91588381352545,30,61,42
"P28074","20260527","High_vs_Low",0.188136918862727,0.233682329345145,-0.275162762256609,0.651436599982063,7.15675352534317,0.805096899666951,0.422566561621708,0.59552482117137,-5.80996869731234,24,47,34
"P49189","20260527","High_vs_Low",-0.148309643208844,0.184342442871978,-0.514035851504076,0.217416565086389,7.15155803678887,-0.804533350530902,0.422995933276658,0.59552482117137,-5.78335255967318,20,49,30
"O95747","20260527","High_vs_Low",0.136887404709235,0.170386401712166,-0.200128615775291,0.473903425193761,8.34653543513658,0.803393952414575,0.423179771808666,0.59552482117137,-5.91589023036017,29,62,41
"Q9Y6B6","20260527","High_vs_Low",-0.186640509578924,0.23328528183335,-0.648204532855368,0.274923513697521,8.70675185603842,-0.800052657039258,0.425152285689198,0.597078454285741,-5.91867909272175,27,58,43
"P30048","20260527","High_vs_Low",-0.264576483787897,0.330823204652469,-0.920197038671415,0.391044071095621,7.5569561408291,-0.799751891847597,0.425579812037957,0.597078454285741,-5.85263882116744,20,53,36
"P28066","20260527","High_vs_Low",0.142884199554695,0.17875028462908,-0.21085539079904,0.49662378990843,7.70724804021331,0.799350892510132,0.425590432670396,0.597078454285741,-5.89427871562151,26,61,38
"O43488","20260527","High_vs_Low",-0.20073044921357,0.251240442266772,-0.698348313092749,0.296887414665609,7.37602746035047,-0.798957553977038,0.425949273873301,0.597078454285741,-5.85683818763169,25,54,36
"Q96KN2","20260527","High_vs_Low",-0.114030948203684,0.143220144420465,-0.397133671043625,0.169071774636257,12.9004874755521,-0.79619350102673,0.427239669597061,0.598302427931822,-5.96569336491921,30,66,46
"P60842","20260527","High_vs_Low",-0.176443458965063,0.22256164222477,-0.616633258070263,0.263746340140137,7.65194338176492,-0.792784673950552,0.429305263413235,0.600092274623907,-5.93740243652371,28,62,43
"Q9Y6E0","20260527","High_vs_Low",-0.181740187466344,0.229211205234597,-0.635415356260881,0.271934981328193,7.65131027621143,-0.792893991724069,0.429354723684888,0.600092274623907,-5.89315474337011,26,59,38
"P30040","20260527","High_vs_Low",-0.256405181309284,0.323589993209422,-0.899282894414182,0.386472531795614,7.66320496036899,-0.792376731944682,0.430227048580579,0.600725986041431,-5.75512117789762,18,42,29
"Q07960","20260527","High_vs_Low",-0.163739093341292,0.207415490095915,-0.573786694802554,0.24630850811997,7.83163304730622,-0.789425578897572,0.431189311699347,0.601483923129245,-5.9617935754075,30,65,45
"P23588","20260527","High_vs_Low",-0.28593504769357,0.363488518092242,-1.00917669082351,0.437306595436371,7.67218301335034,-0.786641210001051,0.43379023606946,0.604524002452484,-5.7399767950145,13,38,29
"P58166","20260527","High_vs_Low",-0.104347251736719,0.134987411337126,-0.371174410516327,0.162479907042889,8.78389548482469,-0.773014688578002,0.440788771404539,0.613680677858358,-5.98329073356911,30,66,46
"O00161","20260527","High_vs_Low",-0.216195852316909,0.280475722460289,-0.771874154897398,0.339482450263579,7.7331823694083,-0.77081841672596,0.442424694700307,0.615360826576373,-5.84963877811916,22,59,31
"P60891","20260527","High_vs_Low",-0.110845386629531,0.144360819181526,-0.396200790068617,0.174510016809554,8.40305553858554,-0.767835672158032,0.443850080918769,0.616745170578987,-5.9871519382198,30,66,46
"Q02817","20260527","High_vs_Low",0.236474985362277,0.30908309713468,-0.375708583372277,0.84865855409683,7.76554978521366,0.765085465864977,0.445775758748311,0.618146812746065,-5.88408219286309,23,57,35
"P10412","20260527","High_vs_Low",0.214910286782199,0.281164867624395,-0.340869421914985,0.770689995479384,10.3901894275021,0.764356829492991,0.445914943191618,0.618146812746065,-5.98972933111638,30,66,46
"P55072","20260527","High_vs_Low",-0.128384322042294,0.168200461852001,-0.460865956611278,0.20409731252669,10.2136751009251,-0.763281626154267,0.446553338364445,0.618146812746065,-5.99052456115882,30,66,46
"Q14247","20260527","High_vs_Low",-0.263394141091113,0.344890943130898,-0.946438667266837,0.419650385084611,7.83750420785303,-0.763702690189652,0.446583053002038,0.618146812746065,-5.90844341850635,23,53,40
"Q14696","20260527","High_vs_Low",-0.227899929025993,0.303060788072848,-0.830795365502809,0.374995507450823,6.69244814822946,-0.751994114696262,0.454210336750003,0.627119455645349,-5.72336958182104,17,40,24
"O14602;P47813","20260527","High_vs_Low",0.254623903574707,0.339246506207839,-0.416845284026484,0.926093091175898,7.90208997503874,0.750557187518128,0.454342221467689,0.627119455645349,-5.91819906033856,28,57,38
"O95373","20260527","High_vs_Low",-0.120586112697861,0.160742587090459,-0.438323458375343,0.19715123297962,8.79118619979985,-0.750181485072156,0.454377346175396,0.627119455645349,-6.00012036389131,30,66,46
"Q8NBS9","20260527","High_vs_Low",-0.122163327489691,0.162977953580716,-0.444740090455171,0.200413435475789,7.92047885817892,-0.749569649180731,0.454932649810439,0.627282134450163,-5.92530886388517,26,59,38
"Q7LDG7","20260527","High_vs_Low",-0.238257801298688,0.31892090510407,-0.870164841145771,0.393649238548395,6.99651777144474,-0.747074893760696,0.45658525920413,0.628956063111164,-5.8873429177045,22,54,35
"A0A0C4DH43","20260527","High_vs_Low",-0.208795379468757,0.279839369541206,-0.763212940096909,0.345622181159394,8.60205188093683,-0.7461258214349,0.457142181082588,0.629118894119416,-5.89635329505676,23,52,37
"P62081","20260527","High_vs_Low",0.179718659097806,0.24295203689744,-0.302474019372575,0.661911337568186,6.72847926933592,0.739728966230782,0.461251054716629,0.633930819661566,-5.77403897434361,23,48,25
"P08311","20260527","High_vs_Low",-0.136121016230716,0.184362744565479,-0.500550614056017,0.228308581594586,9.32152315475668,-0.738332554939647,0.461522856155282,0.633930819661566,-6.00865557026374,30,66,46
"O75083","20260527","High_vs_Low",-0.219607551009076,0.298687470741349,-0.810024258767491,0.370809156749338,9.39959789533108,-0.73524192516012,0.463397138414364,0.635896168886314,-6.0108595805345,30,66,46
"P00352","20260527","High_vs_Low",0.170300732806773,0.232028982808579,-0.288493930375066,0.629095395988611,8.17707248539929,0.733963191776213,0.464217248105473,0.636412556198134,-5.99335803785569,30,62,45
"P17980","20260527","High_vs_Low",0.131330132167251,0.180734713674095,-0.226082165895611,0.488742430230112,7.56013288693735,0.726645863970928,0.468691156625284,0.641361380378849,-5.98594769332948,30,62,43
"Q04637","20260527","High_vs_Low",-0.170464383367132,0.234654462703876,-0.636013169763789,0.295084403029526,6.45916927064527,-0.72644850391041,0.469261178914278,0.641361380378849,-5.83735733089493,19,51,29
"P10619","20260527","High_vs_Low",-0.210226263688535,0.289513583241718,-0.784691186410148,0.364238659033079,7.01599675296126,-0.726136098122259,0.469470327503726,0.641361380378849,-5.84989853204106,18,49,31
"P98066","20260527","High_vs_Low",0.109354937686089,0.150630924842466,-0.189641581141443,0.40835145651362,7.39736708608939,0.725979328616984,0.469616073499157,0.641361380378849,-5.82726530679429,18,48,29
"P11215","20260527","High_vs_Low",-0.0748421673664641,0.103455400926362,-0.279340575152392,0.129656240419464,8.16324319477162,-0.723424458233316,0.470600101724166,0.642093763912896,-6.01920556837338,30,66,46
"O43529","20260527","High_vs_Low",-0.156667792475714,0.217383107674324,-0.587146559902637,0.273810974951209,6.9167375291196,-0.720699019127228,0.472520395973896,0.644046404102159,-5.92158819206339,26,54,37
"Q00839","20260527","High_vs_Low",-0.145159103807263,0.201682706339951,-0.544025910357075,0.25370770274255,7.52647204291229,-0.719739964033341,0.472929472468322,0.644046404102159,-5.97893591396129,29,65,40
"P09211","20260527","High_vs_Low",-0.160632740197181,0.223680580660863,-0.602891788843946,0.281626308449584,8.40870905969007,-0.718134492152127,0.473880531817334,0.644729300404229,-6.01034324022005,28,66,44
"P63241","20260527","High_vs_Low",-0.123920345584541,0.173208358164976,-0.466300319582269,0.218459628413188,9.047853039975,-0.715440911151124,0.475503306458907,0.645964538409692,-6.02476583437157,30,66,46
"Q9UBV8","20260527","High_vs_Low",-0.116565565567561,0.162852699494592,-0.439399007048561,0.206267875913438,6.75916174632439,-0.715773001794375,0.475689367197095,0.645964538409692,-5.8856517216836,21,52,33
"O15498","20260527","High_vs_Low",-0.142049491151799,0.19891237495836,-0.535752868498088,0.25165388619449,7.24955779825474,-0.714130989494927,0.476488324050273,0.6460845786804,-5.94564745254572,26,60,37
"P31948","20260527","High_vs_Low",0.154697230576396,0.21690792112354,-0.274117494802461,0.583511955955253,8.80782402089332,0.713193090298845,0.476905831685053,0.6460845786804,-6.01719374158275,30,65,45
"P23526","20260527","High_vs_Low",-0.160777709155555,0.225611229758378,-0.607093707265908,0.285538288954797,8.31795914098425,-0.71263167763299,0.477342067949075,0.6460845786804,-5.97519899342301,28,62,40
"P40189","20260527","High_vs_Low",-0.133308026871775,0.18726379648616,-0.503953559980716,0.237337506237167,6.73292654537488,-0.711872926711847,0.477879920766889,0.6460845786804,-5.95182844662011,26,59,38
"P20073","20260527","High_vs_Low",-0.173058730932398,0.243185758527383,-0.654395283340459,0.308277821475662,7.21854628372007,-0.711631848757755,0.478030500683336,0.6460845786804,-5.96651211200306,24,59,40
"P01704","20260527","High_vs_Low",-0.208526322563811,0.293889536769775,-0.791747965970382,0.37469532084276,9.58213429846789,-0.709539798033589,0.47967605511515,0.647698176115937,-5.8497018067889,20,46,31
"P22314","20260527","High_vs_Low",0.314534096609572,0.444855615941947,-0.565086112944218,1.19415430616336,8.284129963601,0.707047602273314,0.480729980367564,0.648510622621907,-6.02132257998413,28,63,46
"P31151","20260527","High_vs_Low",-0.214286452109087,0.30330070290324,-0.815616130172835,0.38704322595466,8.6120501291306,-0.706514854920892,0.48141959747167,0.648830547720277,-5.85760854979985,25,50,30
"P0DOX8","20260527","High_vs_Low",-0.10303624427684,0.147467013353877,-0.394534874303938,0.188462385750258,15.8354321494303,-0.698707066302234,0.485870686492113,0.654214614487971,-6.03622288413054,30,66,46
"Q9UBS4","20260527","High_vs_Low",0.113999031321398,0.163832169928606,-0.21057930536357,0.438577368006365,6.70385397123522,0.695828123201174,0.487964000687007,0.656416863963572,-5.91991737054567,25,51,36
"Q9UKZ9","20260527","High_vs_Low",-0.096401471716792,0.139316433617583,-0.371853286557187,0.179050343123603,8.40541151117167,-0.691960519039768,0.490115633982862,0.658693363759535,-6.03468424041712,28,64,46
"Q9NQH7","20260527","High_vs_Low",0.100316759291506,0.145162625702159,-0.186770286701585,0.387403805284596,11.1287199044518,0.691064651154307,0.490711529739156,0.658876716896956,-6.0126029631149,27,65,42
"P35916","20260527","High_vs_Low",-0.0613812788308596,0.0898086772905361,-0.238904456420663,0.116141898758944,9.26111997850475,-0.683467129042417,0.495416958973572,0.664470816772488,-6.04642505132274,30,66,46
"P02656","20260527","High_vs_Low",-0.138967172684763,0.203509322465438,-0.541244857349477,0.26331051197995,15.3086051367568,-0.682854087474859,0.495804584342093,0.664470816772488,-6.04682914023482,30,66,46
"P25788","20260527","High_vs_Low",0.148929905956654,0.218600082168818,-0.283742072151159,0.581601884064468,7.97505326276381,0.681289341152398,0.496959156179592,0.665396293148026,-5.95672407958876,28,59,36
"Q15438","20260527","High_vs_Low",-0.195049852003423,0.286888021586398,-0.76317121596957,0.373071511962724,9.8706605624767,-0.679881477535592,0.4979122821269,0.665621271679277,-5.93182633734903,25,59,33
"Q6UW49","20260527","High_vs_Low",-0.132975776795477,0.195720914364697,-0.520104222631167,0.254152669040214,7.87636658860604,-0.67941526447039,0.498055526158901,0.665621271679277,-6.00334891521138,28,64,40
"O00533","20260527","High_vs_Low",-0.0798632440600731,0.118250954992305,-0.313607754240883,0.153881266120736,8.48712721296643,-0.675370816796111,0.500530155282976,0.668305626327549,-6.05175328080767,30,66,46
"P00387","20260527","High_vs_Low",-0.170166204611444,0.254036365608702,-0.672320895805322,0.331988486582433,9.20529435795791,-0.669849783922493,0.504034510663617,0.672130966050608,-6.05534900805947,30,66,46
"P48507","20260527","High_vs_Low",-0.135843209557951,0.2028352681002,-0.537477374929935,0.265790955814033,7.82080969869739,-0.669721842903794,0.504332579825979,0.672130966050608,-5.97018787289095,25,54,39
"Q15435","20260527","High_vs_Low",-0.125855233320129,0.188915515215123,-0.50027624383366,0.248565777193402,6.65487911285586,-0.666198502419529,0.506690641304633,0.674646592043495,-5.91496058183465,24,51,33
"P80511","20260527","High_vs_Low",-0.178133826538712,0.26902558465023,-0.710882392505766,0.354614739428342,7.48078189927516,-0.662144556884098,0.509170779994508,0.677319942961155,-5.95958705325267,25,56,36
"P40925","20260527","High_vs_Low",-0.235158532211161,0.357976265068122,-0.943275918455565,0.472958854033244,9.77506089874158,-0.656910960748782,0.51238272515858,0.680940965669489,-6.0290371406543,28,59,44
"P06310","20260527","High_vs_Low",0.123108564080107,0.187849405981037,-0.248214101575796,0.494431229736011,11.1956704677278,0.655357750199832,0.513291087046394,0.680940965669489,-6.06465181369908,30,66,46
"P09871","20260527","High_vs_Low",-0.0456098071548823,0.0697334532407381,-0.183450654799905,0.0922310404901403,16.7172673007273,-0.654059207385375,0.514123479269403,0.680940965669489,-6.06547698424027,30,66,46
"P29144","20260527","High_vs_Low",-0.152704546340836,0.233365099928823,-0.614833214754207,0.309424122072536,7.19139122913388,-0.654358969646321,0.514154516078922,0.680940965669489,-5.9689236611022,25,55,37
"Q00013","20260527","High_vs_Low",0.134786846344934,0.206143612634502,-0.272722573704654,0.542296266394522,9.53733531436716,0.653849249182969,0.51426713097633,0.680940965669489,-6.06260719984447,30,65,46
"Q9BUN1","20260527","High_vs_Low",-0.112573534653976,0.173283540908616,-0.455103797065222,0.229956727757271,10.7672544234666,-0.64964932078196,0.516961671561762,0.683877340423955,-6.06826069010493,30,66,46
"P02748","20260527","High_vs_Low",0.0599552724208348,0.0925902057635959,-0.123066101868789,0.242976646710459,15.4981469922664,0.647533634107201,0.518324200750544,0.685047837673991,-6.0695917117617,30,66,46
"Q9BUL8","20260527","High_vs_Low",-0.252900601812831,0.391977310768938,-1.02912919165225,0.523327988026589,8.17884145850788,-0.645191940616967,0.52005637073626,0.68670426854125,-5.97024389930758,25,56,36
"Q8N307","20260527","High_vs_Low",-0.0839995392087811,0.130513624200417,-0.341983444392752,0.17398436597519,10.4276107348953,-0.64360743733383,0.520860232002767,0.687080508126638,-6.07204763199727,30,66,46
"P22692","20260527","High_vs_Low",0.108610450912654,0.168918316815954,-0.225373187154269,0.442594088979576,13.7512163101466,0.642976161259,0.521299576598174,0.687080508126638,-6.05039600089585,30,65,43
"Q92530","20260527","High_vs_Low",-0.111310711566585,0.173594934670917,-0.454696910792644,0.232075487659475,8.23259244549375,-0.641209444144185,0.522497764167177,0.688027358875786,-6.03577067030035,27,62,42
"P07225","20260527","High_vs_Low",-0.0533997110986686,0.0838585462987235,-0.219161373068717,0.11236195087138,14.4599056287277,-0.636783171848061,0.525283518039785,0.691061068687203,-6.07628102431347,30,66,46
"P16152","20260527","High_vs_Low",0.174737173190953,0.276601436438201,-0.372966013542252,0.722440359924159,7.37599697526866,0.63172908803745,0.528776646358975,0.694500064975238,-5.9785222842262,26,56,36
"O00264","20260527","High_vs_Low",0.168406309477778,0.266596259040291,-0.35977401001063,0.696586628966186,8.3011841993201,0.631690444884773,0.528866158265662,0.694500064975238,-5.93299692744262,23,59,30
"Q13201","20260527","High_vs_Low",0.158374768138721,0.251552147331942,-0.338869358937159,0.655618895214601,13.9865755566905,0.629590205524,0.529968040584879,0.695310311252257,-6.08069317884117,30,66,46
"O00391","20260527","High_vs_Low",0.0911500175083262,0.144970637360355,-0.195412347812672,0.377712382829324,10.8227937019811,0.628748132504609,0.530517011367297,0.695394327514354,-6.0812073335981,30,66,46
"P60660","20260527","High_vs_Low",-0.207093424146619,0.330749901323532,-0.860888065569541,0.446701217276304,10.2392524983369,-0.626132988454151,0.532226565032543,0.696998076946728,-6.082796773436,30,66,46
"P22792","20260527","High_vs_Low",0.0705515786769784,0.114467505831058,-0.155714256417891,0.296817413771847,12.8782778007457,0.616345906768555,0.538645563128162,0.703913108765953,-6.08869075933044,30,66,46
"Q8TDL5","20260527","High_vs_Low",-0.102163890142929,0.165988763422754,-0.430273663298259,0.225945883012401,10.9712678507501,-0.61548678378144,0.539211993731417,0.703913108765953,-6.08920258475253,30,66,46
"Q9UBX5","20260527","High_vs_Low",0.0662417888502507,0.107672456674888,-0.146592396269641,0.279075973970143,9.57746611200566,0.615215728292189,0.539389478145616,0.703913108765953,-6.08936527089811,30,66,46
"O60240","20260527","High_vs_Low",-0.158033558260954,0.25673943547409,-0.666835990432629,0.35076887391072,7.01962463591593,-0.615540647151198,0.53947036717837,0.703913108765953,-5.93803607690086,24,54,31
"O43852","20260527","High_vs_Low",0.103526999624473,0.168668685138173,-0.229881059086691,0.436935058335636,12.1497971263086,0.613789095110711,0.540330549892271,0.704394553223197,-6.09021361244746,30,66,46
"P58335","20260527","High_vs_Low",0.08492556270118,0.138582806027907,-0.189008547315801,0.358859672718161,9.24565913649953,0.612814570113976,0.5409717116404,0.704589858757796,-6.09079424010586,30,66,46
"P14317","20260527","High_vs_Low",-0.0835606705066105,0.136711689688542,-0.353897082451811,0.18677574143859,7.91021635928352,-0.61121818256346,0.542067331526137,0.705376182766317,-6.06670638998542,29,64,43
"O75356","20260527","High_vs_Low",-0.0683762118175277,0.11285320331939,-0.291797249989567,0.155044826354511,6.84919343823214,-0.605886317856778,0.54572430388038,0.709491071409306,-6.01138646666898,24,59,37
"Q7L014","20260527","High_vs_Low",-0.186925592159534,0.310880100296176,-0.801838622862823,0.427987438543754,15.1227181516103,-0.601278730872288,0.548678568681783,0.712286477807867,-6.05884759679932,27,64,41
"P05109","20260527","High_vs_Low",-0.140607087896683,0.234224071838706,-0.603598739436469,0.322384563643103,10.7718266029907,-0.600310150843546,0.549250390146558,0.712286477807867,-6.0981446871595,30,66,46
"P22223","20260527","High_vs_Low",-0.287272292407019,0.478399190537875,-1.23489775807126,0.660353173257217,8.67941314578477,-0.600486577086454,0.549364605617505,0.712286477807867,-5.98888018776673,23,56,35
"P46060","20260527","High_vs_Low",0.106055012840682,0.177824967354346,-0.245774173229626,0.457884198910989,7.36620993983498,0.596401137694853,0.551951841948369,0.714568452553578,-6.05261656531757,26,61,41
"Q16181","20260527","High_vs_Low",0.496793327183164,0.833211885851144,-1.15264633164181,2.14623298600814,11.1791405903166,0.596238886673681,0.552121231122291,0.714568452553578,-6.00069717308596,27,59,35
"Q9UI15","20260527","High_vs_Low",-0.194391215954406,0.326692660668339,-0.841394676194881,0.452612244286069,8.60342310138448,-0.595027802451165,0.55297494996134,0.715028023665069,-6.00963773063006,21,59,36
"P35998","20260527","High_vs_Low",-0.114394656311436,0.196598977046763,-0.503155665311279,0.274366352688406,8.13961348056,-0.581868013912535,0.561611853129126,0.725541799447898,-6.0769259555539,30,64,42
"P00451","20260527","High_vs_Low",-0.093797345467781,0.161639530574077,-0.413308986266776,0.225714295331214,9.55576252321842,-0.580287168210966,0.562634266175658,0.725875942625513,-6.10960349675794,30,66,46
"Q86VP6","20260527","High_vs_Low",0.135636558387899,0.233889040910188,-0.326692836187033,0.597965952962832,8.18840632124772,0.579918400024494,0.562882878800259,0.725875942625513,-6.10981025905405,30,66,46
"P15814","20260527","High_vs_Low",0.190163382154701,0.33052822281357,-0.465077257745671,0.845404022055072,9.64223251917053,0.575331753930011,0.566275993048344,0.729595484304875,-5.96094010736379,21,54,31
"P62906","20260527","High_vs_Low",-0.108735976672818,0.189432760875648,-0.48531033579784,0.267838382452205,7.03246032591946,-0.57400829809051,0.567458923222464,0.730463281778289,-5.87807891186741,17,40,28
"P02655","20260527","High_vs_Low",-0.0692952834209883,0.121125125551636,-0.308723161842729,0.170132595000753,16.444941513491,-0.572096690140869,0.56815508005582,0.730703484125602,-6.11417869093567,30,66,46
"P01033","20260527","High_vs_Low",0.130225412466823,0.229763579109945,-0.324979176610431,0.585430001544077,8.04030379906105,0.56678004830569,0.571988064516238,0.73473320082173,-5.99610582605695,23,55,34
"P61088","20260527","High_vs_Low",-0.113412447150392,0.200353950631044,-0.509908074323517,0.283083180022734,8.90906677224109,-0.566060448487202,0.572359744210978,0.73473320082173,-6.03844771982749,29,58,38
"P0DPH7;P0DPH8","20260527","High_vs_Low",-0.149470393295912,0.264456755538596,-0.672223110582739,0.373282323990914,11.3342043817394,-0.565197863792508,0.572825466191558,0.73473320082173,-6.11798215492396,30,66,46
"P37837","20260527","High_vs_Low",-0.138260760455962,0.24555736547519,-0.623933737537533,0.347412216625609,8.30927595073424,-0.563048720564365,0.57434329700115,0.735260276911643,-6.08323999332344,27,65,41
"Q13200","20260527","High_vs_Low",-0.116431307504261,0.20732372450562,-0.526783104666009,0.293920489657487,7.47343050842913,-0.561591818697547,0.575407778830653,0.735260276911643,-6.04086105054032,27,58,38
"P54105","20260527","High_vs_Low",-0.0964023804941458,0.171793744731306,-0.436112741884876,0.243307980896584,8.92869726317568,-0.561151866413553,0.575610731466975,0.735260276911643,-6.09540949302624,30,62,44
"P07360","20260527","High_vs_Low",-0.0635569694746465,0.113292877510085,-0.287500938149509,0.160386999200216,12.4957981037841,-0.56099704475234,0.575677014599977,0.735260276911643,-6.12027699131248,30,66,46
"Q9UN70","20260527","High_vs_Low",-0.0649421678168869,0.115793708463257,-0.293871292852968,0.163986957219194,7.55869888019687,-0.560843664813568,0.575800063439174,0.735260276911643,-6.11733590462507,28,65,46
"P69891","20260527","High_vs_Low",0.179751173259657,0.321880353380548,-0.456510997575181,0.816013344094494,18.6536635372415,0.558440959107384,0.577417270841196,0.736669365112344,-6.1216631268344,30,66,46
"Q86WI1","20260527","High_vs_Low",0.10159179503974,0.183388373581203,-0.260911764925965,0.464095355005445,9.25108776749621,0.553970751012498,0.580464426306885,0.739898655399176,-6.12407441904702,30,66,46
"P06702","20260527","High_vs_Low",-0.121766012780068,0.221106656958431,-0.558828418313349,0.315296392753213,11.1348257579259,-0.550711654072724,0.582691271808602,0.741774866525404,-6.12581979251647,30,66,46
"Q07020","20260527","High_vs_Low",0.139986552664439,0.254097208282438,-0.364395883729403,0.644368989058282,7.74284792746047,0.550917318654045,0.58297090277136,0.741774866525404,-5.91961744727018,18,50,27
"Q16643","20260527","High_vs_Low",-0.17759070811692,0.329343169114833,-0.831254224507721,0.476072808273881,7.27897108255973,-0.539226936432979,0.590967104332129,0.751282648592441,-5.96421652465116,17,47,32
"P36915","20260527","High_vs_Low",-0.131545715001497,0.244651328227283,-0.618147557257119,0.355056127254124,6.39636064860452,-0.537686494304623,0.592232322277587,0.752224225107227,-5.8656518239389,17,40,25
"Q9UHG3","20260527","High_vs_Low",0.0688475030934423,0.128606328536088,-0.185366285469841,0.323061291656725,10.3261924544347,0.535335265978947,0.593249082680175,0.752783484615786,-6.1339184655228,30,66,46
"Q5VU65","20260527","High_vs_Low",-0.160692651228716,0.300420000844619,-0.755559380555166,0.434174078097733,10.6834366323501,-0.534893318610396,0.593722539121656,0.752783484615786,-6.04843033419995,25,54,39
"P68366","20260527","High_vs_Low",-0.167719454103604,0.314335280859846,-0.789067250169342,0.453628341962133,10.6889337842908,-0.533568658423635,0.594468947555324,0.753050854025653,-6.13483310142073,30,66,46
"P28289","20260527","High_vs_Low",0.138130159132285,0.259193516049585,-0.374583819493092,0.650844137757661,8.24336753679752,0.532922895748131,0.594983694289445,0.753050854025653,-6.09556744975955,30,56,45
"Q9NRW1","20260527","High_vs_Low",-0.145884967579773,0.274765042665838,-0.689046803911713,0.397276868752166,9.00241938412936,-0.530944424968916,0.596287325916203,0.754035295735304,-6.12996783639615,30,66,45
"P35579","20260527","High_vs_Low",-0.185869883627316,0.352432952144428,-0.882525497584697,0.510785730330066,11.1487413353397,-0.527390763254014,0.598740109935365,0.756469883389704,-6.13801169306584,30,66,46
"O14773","20260527","High_vs_Low",-0.0985182960844284,0.18811746574393,-0.470975650424338,0.273939058255481,7.88729778950931,-0.52370626881894,0.601448172354658,0.759054920005533,-6.05298257904176,24,58,37
"P02545","20260527","High_vs_Low",-0.156455499440623,0.299121810133951,-0.748323507800537,0.43541250891929,9.13055012150198,-0.523049453901607,0.601844800590161,0.759054920005533,-6.05725746964577,29,62,36
"P35858","20260527","High_vs_Low",-0.0450913992093778,0.0863651350671567,-0.21580778956991,0.125624991151154,12.0113454724355,-0.522101877966324,0.602406718947171,0.759095988550301,-6.14070462364439,30,66,46
"Q27J81","20260527","High_vs_Low",-0.175101372787143,0.336279006112062,-0.841467272920659,0.491264527346373,7.50628781484347,-0.5207026594125,0.603611999001791,0.759946976794178,-6.01810781500533,23,52,35
"Q96CX2","20260527","High_vs_Low",-0.0757397383101184,0.146197748288727,-0.365300480527632,0.213821003907395,6.8833664943111,-0.518063644595534,0.605399814452594,0.760561205961534,-6.00978717383964,26,57,32
"Q13247","20260527","High_vs_Low",-0.10124476978093,0.195520322935329,-0.489100392125906,0.286610852564046,7.80434732981243,-0.51782223075817,0.605713716370294,0.760561205961534,-5.96437907014781,21,49,30
"P30044","20260527","High_vs_Low",-0.116853164651984,0.226015569858842,-0.564065422677379,0.33035909337341,7.95003641923074,-0.517013782391033,0.606039141382111,0.760561205961534,-6.09428776495689,24,63,40
"P62937","20260527","High_vs_Low",-0.0999645946093644,0.194000559023075,-0.483446268873778,0.283517079655049,11.3808017991127,-0.515279930700996,0.607153620171244,0.760561205961534,-6.144135855551,30,66,46
"Q04721","20260527","High_vs_Low",-0.0790205475683141,0.153369231611408,-0.382678680132344,0.224637584995716,8.2436804296116,-0.515230771766066,0.607338909787779,0.760561205961534,-6.05400127951134,25,57,37
"Q9H4B7","20260527","High_vs_Low",-0.180365009317871,0.350778982944989,-0.873751215800466,0.513021197164724,9.8453428131148,-0.514184195996021,0.607917462552223,0.760561205961534,-6.1446829518352,30,66,46
"Q9UQ80","20260527","High_vs_Low",0.102552776956238,0.199643152623726,-0.292417386904331,0.497522940816807,7.36404797476405,0.513680412318086,0.60834744319742,0.760561205961534,-6.10383052733712,26,61,42
"O00231","20260527","High_vs_Low",0.106407155865691,0.207339287086566,-0.303849592413532,0.516663904144914,6.83908429268789,0.513203056501612,0.608694049659329,0.760561205961534,-6.08703933206336,27,60,40
"Q5SZK8","20260527","High_vs_Low",-0.0899070636163772,0.175414041384023,-0.436645242419942,0.256831115187187,7.41606393163496,-0.512542000098781,0.60906213422903,0.760561205961534,-6.14550161391004,30,66,46
"Q92496","20260527","High_vs_Low",-0.0872253100956861,0.17117295208805,-0.426049837475045,0.251599217283672,8.96941137410372,-0.509574141426376,0.611262401604722,0.760561205961534,-6.06108591449619,25,61,36
"P35268","20260527","High_vs_Low",-0.0898356114672687,0.176353245630228,-0.439587122616512,0.259915899681975,7.66183276972198,-0.509407190926518,0.611555569042554,0.760561205961534,-5.97210935244252,22,50,30
"P25787","20260527","High_vs_Low",0.106216219731878,0.20872792789637,-0.306669247488097,0.519101686951853,7.86294406864629,0.508874019889723,0.611690281999183,0.760561205961534,-6.10955558040572,28,60,43
"Q93098","20260527","High_vs_Low",-0.100417860349689,0.197249857019147,-0.491756063859291,0.290920343159914,9.19693270515342,-0.509089648363805,0.611810907448028,0.760561205961534,-5.99530703479729,14,54,31
"Q9UPN7","20260527","High_vs_Low",-0.0873989215524027,0.171789580838854,-0.427742191331356,0.252944348226551,6.51216524540022,-0.50875565983473,0.611914634892814,0.760561205961534,-6.04328100951788,22,53,37
"Q9Y566","20260527","High_vs_Low",0.0732372398292007,0.144085387570572,-0.211645797599293,0.358120277257695,12.9167031618144,0.508290542601551,0.61205553115733,0.760561205961534,-6.13202207742941,29,65,44
"Q16775","20260527","High_vs_Low",-0.0987193201119352,0.195079595360063,-0.484806116784494,0.287367476560624,7.27794466064107,-0.506046364970805,0.613715422838971,0.761963563940333,-6.07577055738038,26,60,38
"Q08495","20260527","High_vs_Low",0.118529668533908,0.235017021993239,-0.34602941072052,0.583088747788335,9.55640115621999,0.504345036494071,0.614795698221946,0.762644490700926,-6.14954362177838,30,66,46
"P68871","20260527","High_vs_Low",0.149799465572301,0.298703398497248,-0.440648726644356,0.740247657788957,18.3675809581923,0.501499033241433,0.61679168165095,0.764459180196596,-6.15093213784937,30,66,46
"P55160","20260527","High_vs_Low",-0.109849421829024,0.219448634130972,-0.544702308803082,0.325003465145034,6.95171147722323,-0.500570086772393,0.617664958626148,0.764821130932873,-6.03005892081565,21,55,34
"P26447","20260527","High_vs_Low",-0.0796671313520516,0.159533602497683,-0.395016605647829,0.235682342943725,10.6913986147737,-0.499375241985202,0.618282674533978,0.764821130932873,-6.15196353262446,30,66,46
"P25774","20260527","High_vs_Low",-0.099750407621757,0.199953419496984,-0.496547802731682,0.297046987488168,7.27408833089255,-0.49886822577326,0.618989351860534,0.764821130932873,-5.99235327901282,18,45,34
"Q06323","20260527","High_vs_Low",-0.0909206453881666,0.182554726184117,-0.451776678702736,0.269935387926403,9.59294826460143,-0.498045968398911,0.619217108098372,0.764821130932873,-6.1526064628489,30,66,46
"P30626","20260527","High_vs_Low",-0.109349958105168,0.220181429724327,-0.545295137503531,0.326595221293194,7.89242563708107,-0.496635698306063,0.620354806188021,0.765566946707076,-6.06944021268801,23,59,37
"P25789","20260527","High_vs_Low",0.114033571259853,0.231260914333438,-0.343525162010697,0.571592304530403,8.48608645666229,0.493094873331843,0.62278454587983,0.767721653273627,-6.09089822330518,27,63,38
"P06396","20260527","High_vs_Low",0.0638830773536654,0.129730530424982,-0.192555040481652,0.320321195188983,15.1048651450643,0.492429015316533,0.623171551192818,0.767721653273627,-6.15530524846084,30,66,46
"P21333","20260527","High_vs_Low",-0.16435976339959,0.334447307544832,-0.825463082360968,0.496743555561788,10.5668343751299,-0.491436945945686,0.623871405447682,0.767924116233456,-6.15577848328994,30,66,46
"P06703","20260527","High_vs_Low",-0.0865453716149194,0.176974174638745,-0.436370924354469,0.26328018112463,10.4222834339508,-0.489028253933566,0.6255714247696,0.768946376303079,-6.15692409616976,30,66,46
"P31327","20260527","High_vs_Low",-0.119994654106304,0.245482141072448,-0.605518849417236,0.365529541204627,7.66138204503254,-0.488812153837663,0.625774352263384,0.768946376303079,-6.11814506230238,28,64,41
"Q02985","20260527","High_vs_Low",-0.0601233008503819,0.123308596308373,-0.303909681275884,0.18366307957512,8.67703899424631,-0.487584018068164,0.626606693914146,0.769309930713087,-6.14839691354585,29,65,45
"Q9UHC1","20260527","High_vs_Low",-0.210260075746522,0.43242394662587,-1.06788085895082,0.647360707457778,9.75908125550462,-0.486235966780159,0.627833797527093,0.770157113476349,-5.97653127642991,22,51,29
"P63208","20260527","High_vs_Low",0.116458763848124,0.240612595813034,-0.360195408303195,0.593112935999443,7.97098556027007,0.484009423756923,0.629308129605509,0.770859554578242,-6.03459195910949,25,54,34
"Q9UKX5","20260527","High_vs_Low",-0.0795550023479601,0.164465544778789,-0.405239035807472,0.246129031111551,6.75471158596983,-0.483718352406054,0.62948154700915,0.770859554578242,-6.07279560245205,25,52,40
"P02144","20260527","High_vs_Low",0.199918197467923,0.413004052111738,-0.625961786682903,1.02579818161875,6.93039077584432,0.484058682828215,0.630080422219366,0.770934578039736,-5.77099721839468,11,29,20
"P60900","20260527","High_vs_Low",-0.0985865137450332,0.205644702236814,-0.505520816511242,0.308347789021175,8.00043821244227,-0.47940215659679,0.632477175422213,0.77225824015499,-6.10002850352984,27,59,40
"P51665","20260527","High_vs_Low",0.112903130748403,0.235456555014177,-0.354414037279317,0.580220298776122,6.62587014278719,0.479507273609795,0.632657358086641,0.77225824015499,-5.97621463296122,20,45,31
"Q5T4S7","20260527","High_vs_Low",0.0836808362410677,0.174738086121333,-0.261850084316098,0.429211756798233,7.04798659474051,0.478892942566408,0.632777846709981,0.77225824015499,-6.13999079382747,29,63,44
"P17844","20260527","High_vs_Low",-0.14832830547752,0.310323663269633,-0.762650023591159,0.465993412636119,9.74096247379541,-0.477979358437261,0.633520932713872,0.772507667952119,-6.04290474969672,27,62,32
"P09486","20260527","High_vs_Low",-0.0894734930948218,0.188497467977059,-0.462077185467932,0.283130199278288,10.715947629028,-0.474666816775021,0.635749065217907,0.7745659809027,-6.16363819004846,30,66,46
"Q96H15","20260527","High_vs_Low",-0.0592714230510083,0.125117968100827,-0.306635009067459,0.188092162965442,9.83139370089991,-0.473724309551159,0.636433961368547,0.774742190664258,-6.148477099175,30,65,44
"P53004","20260527","High_vs_Low",0.113938264478219,0.241119310053004,-0.363233424852799,0.591109953809237,7.52609356609538,0.472538945359343,0.637360255697713,0.774967643523899,-6.08380319748485,28,60,37
"O14818","20260527","High_vs_Low",-0.0917141455469555,0.194325513957929,-0.475955922479586,0.292527631385675,8.71098764972715,-0.471961420191131,0.637700013499442,0.774967643523899,-6.14626884750149,29,64,44
"P37235","20260527","High_vs_Low",-0.11927310347876,0.254745917565706,-0.624024394804566,0.385478187847047,7.45914093934753,-0.468204180143518,0.640549279987816,0.777771098647357,-6.0483850977213,21,56,34
"P23142","20260527","High_vs_Low",0.0674388111442301,0.14454015023623,-0.218273441370105,0.353151063658565,12.9588253057716,0.466574934604752,0.641514298572295,0.778173832942751,-6.16733358200389,30,66,46
"O75367","20260527","High_vs_Low",-0.113716707604767,0.244241620096847,-0.597470434887576,0.370037019678042,7.57919814613558,-0.465591030552761,0.642381647143976,0.778173832942751,-6.03093800658596,29,53,33
"Q96P70","20260527","High_vs_Low",-0.12013778221008,0.258057863767726,-0.633595288530696,0.393319724110537,6.48017512838622,-0.465545906859919,0.642790425781642,0.778173832942751,-5.93077849919548,14,35,31
"P05164","20260527","High_vs_Low",-0.124244103613639,0.267571370949885,-0.654622531203704,0.406134323976426,6.40016203490187,-0.464340049432676,0.643339670071899,0.778173832942751,-6.03143806967863,21,53,33
"P20062","20260527","High_vs_Low",-0.0614632282263221,0.132509196790171,-0.323798203605051,0.200871747152407,7.11459041216003,-0.463841225478482,0.643594257928942,0.778173832942751,-6.1241192081342,18,60,42
"A0A0C4DH25","20260527","High_vs_Low",-0.0823988669732039,0.179849367834239,-0.438086886572288,0.27328915262588,9.99336591824312,-0.458154887979079,0.647578093313758,0.781905253453696,-6.14289566047452,28,63,43
"P18124","20260527","High_vs_Low",-0.0975763425061933,0.212915257689872,-0.520152588415944,0.324999903403558,6.19642952947976,-0.458287224527239,0.647770879430259,0.781905253453696,-5.99396188194367,18,47,31
"P48506","20260527","High_vs_Low",0.0971143799162064,0.21313509150771,-0.324707537088263,0.518936296920676,7.92148253900262,0.455647069796076,0.649434542372536,0.78276182474118,-6.09605046635747,27,59,38
"O00487","20260527","High_vs_Low",-0.109438064154117,0.240242967521712,-0.585229692330074,0.366353564021841,7.50125324675213,-0.455530770715385,0.649572225552304,0.78276182474118,-6.07165302915457,25,54,37
"P25786","20260527","High_vs_Low",-0.0812104045769839,0.179569962142434,-0.436187008622823,0.273766199468856,8.8971166809205,-0.452249382959541,0.651779609052239,0.784751686911353,-6.17371575816525,29,66,46
"P01833","20260527","High_vs_Low",-0.0724438688984606,0.160446837295861,-0.389654457135169,0.244766719338248,8.71634517222901,-0.451513224688096,0.652317999162018,0.784751686911353,-6.16137300367454,29,66,44
"Q6ZMY3","20260527","High_vs_Low",-0.0621486736067158,0.138775317403101,-0.336760028253229,0.212462681039797,13.3417927190162,-0.447836652581326,0.655034092478854,0.787358666064272,-6.11620966535606,25,62,39
"P15531","20260527","High_vs_Low",0.0872015921491194,0.198048035862195,-0.304376465711812,0.478779650010051,9.04833896312966,0.440305261142786,0.660400342601243,0.791477877422942,-6.16327754484549,29,65,44
"P25705","20260527","High_vs_Low",-0.201976510914031,0.459175673537829,-1.11082099666323,0.706867974835167,8.56501762805946,-0.439867620507539,0.66079931304892,0.791477877422942,-6.11034858845541,25,59,39
"Q13790","20260527","High_vs_Low",0.0562007120687262,0.127837628066417,-0.196496001605314,0.308897425742766,16.1207015252155,0.439625741800587,0.660872187887074,0.791477877422942,-6.17918308534763,30,66,46
"Q13228","20260527","High_vs_Low",0.145185887910984,0.33030049114553,-0.507922619266018,0.798294395087985,8.54874723754083,0.439556984633774,0.660946060907198,0.791477877422942,-6.15700212556431,29,65,43
"Q9Y2V2","20260527","High_vs_Low",0.0835276398371976,0.190478777915561,-0.29357306642739,0.460628346101786,7.80080948728901,0.43851415234418,0.661795088957087,0.791477877422942,-6.07623144998444,27,58,35
"A0A0A0MRZ8;P04433","20260527","High_vs_Low",0.073810330566495,0.168476349760915,-0.259257910009245,0.406878571142235,11.7244249140731,0.438104996168539,0.661981084869708,0.791477877422942,-6.17061007029261,30,65,45
"P07093","20260527","High_vs_Low",0.088756794494727,0.20283364830653,-0.312554611004333,0.490068199993787,7.98496171466305,0.437584174202667,0.662419506574676,0.791477877422942,-6.12492602034214,27,61,40
"O14950;P19105","20260527","High_vs_Low",-0.14581061162394,0.333769219692922,-0.805613257988844,0.513992034740964,9.8494586909999,-0.436860570181068,0.662876520770539,0.791477877422942,-6.1803549773295,29,66,46
"P06576","20260527","High_vs_Low",-0.146663792802782,0.33687707864562,-0.813606379710853,0.520278794105289,8.1214783131675,-0.435362932356302,0.664075250047951,0.792249507960701,-6.09699524041622,24,59,37
"Q9Y4E8","20260527","High_vs_Low",0.0715921026353872,0.164930080365363,-0.254442066654003,0.397626271924777,8.28890227383217,0.434075472932483,0.664892113235119,0.792564663656825,-6.17851377574971,30,65,46
"Q96NZ9","20260527","High_vs_Low",-0.054214261129454,0.1256022695195,-0.302489980918305,0.194061458659397,9.48163965560933,-0.431634407060115,0.666656809186026,0.7926266818392,-6.18256241880301,30,66,46
"Q12913","20260527","High_vs_Low",0.0540673684731594,0.12529120871833,-0.193593483092338,0.301728220038657,10.0846213647853,0.431533616973156,0.666729905594165,0.7926266818392,-6.18260463743884,30,66,46
"Q96MF2","20260527","High_vs_Low",0.0528593686980834,0.122602529805981,-0.189486820204087,0.295205557600254,10.8932955745855,0.431144192389288,0.667012359619749,0.7926266818392,-6.18276766599693,30,66,46
"Q86UD1","20260527","High_vs_Low",-0.0384609728710323,0.0892474823806117,-0.214874846697963,0.137952900955898,10.2699213643246,-0.430947426696125,0.667155094128253,0.7926266818392,-6.18284998408825,30,66,46
"Q14766","20260527","High_vs_Low",0.0938646702591335,0.218323275499117,-0.337695814106966,0.525425154625233,12.8518476664624,0.429934325804457,0.667891043233021,0.792844168870986,-6.18327248721438,30,66,46
"P27482","20260527","High_vs_Low",-0.0746354909484133,0.174320921673619,-0.419216348031221,0.269945366134395,10.8412434640295,-0.428149933076613,0.669186565908805,0.793351134011026,-6.18401554309737,30,66,46
"P13639","20260527","High_vs_Low",-0.0796657907502665,0.186487618453202,-0.448294459424683,0.28896287792415,7.77064614467967,-0.427190777656149,0.669882915320057,0.793351134011026,-6.18441406043738,30,66,46
"Q15365","20260527","High_vs_Low",-0.0952024020546531,0.22304861369732,-0.536416311434388,0.346011507325081,7.95021826919775,-0.426823554186461,0.670203477344309,0.793351134011026,-6.12036119271729,30,63,38
"Q9H1B5","20260527","High_vs_Low",0.0696066817613055,0.163281399794707,-0.253150429541085,0.392363793063696,9.02848523579196,0.42629890390958,0.670531083975846,0.793351134011026,-6.1847834692589,30,66,46
"P04211","20260527","High_vs_Low",-0.0623440748687099,0.148042726554841,-0.35499687979188,0.230308730054461,11.2358789756306,-0.421122174115155,0.674302668867725,0.797155834424005,-6.18388832589387,30,65,46
"P48643","20260527","High_vs_Low",-0.0861879262509504,0.207578105727515,-0.496798926090388,0.324423073588487,7.25868632375797,-0.415207210552774,0.678664508744073,0.801651487264415,-6.14125139618997,29,61,41
"P50552","20260527","High_vs_Low",-0.131751260275727,0.318749350187124,-0.762967281740379,0.499464761188926,7.61440427717852,-0.413338129782481,0.68010972010305,0.80269739804755,-6.11376329076833,20,59,38
"P17900","20260527","High_vs_Low",0.0588383318964443,0.143326451576519,-0.224714104760863,0.342390768553752,7.46952908810519,0.410519699952465,0.682100117019727,0.804384512998592,-6.14497816206028,25,64,40
"P30043","20260527","High_vs_Low",0.11909649506844,0.29150936774489,-0.457131228034537,0.695324218171418,10.3386736141503,0.40855117621011,0.683480640055368,0.804590398945611,-6.19197398644178,30,66,46
"P0DOY2;P0DOY3","20260527","High_vs_Low",-0.0867656638778094,0.212654783006517,-0.507542613675999,0.33401128592038,15.9465964642395,-0.40801181450572,0.683947208298963,0.804590398945611,-6.12726932798657,30,56,41
"P00918","20260527","High_vs_Low",0.125766074435106,0.308326136034482,-0.483703421227105,0.735235570097317,10.7587607788016,0.407899492571855,0.683957947220851,0.804590398945611,-6.19223222590977,30,66,46
"P40227","20260527","High_vs_Low",-0.0987697016501468,0.243947679447694,-0.581131396604997,0.383591993304703,8.13493176641897,-0.404880677175388,0.68619258389127,0.80655751254105,-6.17477734764308,29,64,44
"P00492","20260527","High_vs_Low",-0.0893592567985095,0.221274144602795,-0.527963099722684,0.349244586125665,7.20834526583853,-0.403839576281795,0.687129223386689,0.806996974886579,-6.04961223530831,23,51,33
"P68431","20260527","High_vs_Low",-0.0684096438661683,0.169849136066542,-0.404151104608116,0.26733181687578,11.2501995075793,-0.40276709938264,0.687721470075338,0.807031577813449,-6.19425164017199,30,66,46
"P08581","20260527","High_vs_Low",-0.112080825385605,0.280009711635396,-0.665933002620614,0.441771351849404,7.42382789355052,-0.400274778796054,0.68959681806259,0.808570594523103,-6.17656863020034,25,62,45
"Q5JWF2","20260527","High_vs_Low",-0.0754652737419521,0.189127459613444,-0.449476373809703,0.298545826325799,7.39605831352904,-0.399018069064084,0.690505745120552,0.808974868057902,-6.17396723556695,28,63,44
"P00491","20260527","High_vs_Low",0.104264316865663,0.262656635733874,-0.414961343013805,0.623489976745132,9.08379710855886,0.396960528236206,0.691992969073416,0.809111157203528,-6.19347978077525,30,65,46
"Q14213","20260527","High_vs_Low",0.0584789925274585,0.14725001967376,-0.233247391145329,0.350205376200246,7.84370859051259,0.397140812999697,0.692012158594892,0.809111157203528,-6.06074800919755,27,51,34
"Q14644","20260527","High_vs_Low",-0.105894256500278,0.267038726171309,-0.63427992969209,0.422491416691534,6.78890774152722,-0.396550185879577,0.692360040146761,0.809111157203528,-6.12653955860508,28,61,38
"P78417","20260527","High_vs_Low",-0.0975971182588111,0.247218139098027,-0.586333434926629,0.391139198409007,10.0536450703401,-0.394781380585151,0.693601194841187,0.809111157203528,-6.18465714729205,30,66,44
"P49368","20260527","High_vs_Low",-0.0947184735501008,0.239982170265082,-0.569269786467125,0.379832839366923,8.10768888317288,-0.394689628173109,0.693686180463925,0.809111157203528,-6.1721677353941,29,64,43
"Q9BUF5","20260527","High_vs_Low",-0.08474069829842,0.215304367256075,-0.510578110349034,0.341096713752194,9.16645118213443,-0.393585598742791,0.694513029082487,0.809111157203528,-6.16320955722537,29,61,43
"P10768","20260527","High_vs_Low",0.0775372137614543,0.19702929009336,-0.31247025426144,0.467544681784349,7.89122945602409,0.39353140705483,0.694608365898897,0.809111157203528,-6.11500216437917,27,57,38
"P07195","20260527","High_vs_Low",-0.0927361089747674,0.236154577369875,-0.559571892223996,0.374099674274461,9.0277038153925,-0.392692405150887,0.695135945379879,0.809111157203528,-6.19813811191636,29,66,46
"Q01973","20260527","High_vs_Low",-0.0920376003972851,0.236725861876299,-0.562712209838245,0.378637009043675,8.27346140181264,-0.388794023888186,0.698400760038121,0.812044326596739,-5.9676773177246,15,41,28
"A0A075B6J9","20260527","High_vs_Low",0.0973110251138865,0.251068645385738,-0.399966570310938,0.594588620538711,7.93185898832674,0.387587326822031,0.699032323047845,0.812044326596739,-6.10247873735527,20,60,35
"P13489","20260527","High_vs_Low",0.0697465456156561,0.180213941955102,-0.286685283928829,0.426178375160141,8.68315975363521,0.387020809039472,0.699354772208488,0.812044326596739,-6.15690045771701,28,65,40
"P23470","20260527","High_vs_Low",0.0255753181021134,0.0666040427003544,-0.106079680693196,0.157230316897423,12.8687531095542,0.383990476631794,0.701555514113815,0.813940620743698,-6.20142277560323,30,66,46
"A0A0G2JS06","20260527","High_vs_Low",0.155743822753411,0.406823357206417,-0.650920678929881,0.962408324436704,10.2827153212329,0.382829107509648,0.702621101955284,0.814450770814332,-6.04126011214802,23,49,32
"Q15911","20260527","High_vs_Low",-0.0758038077616821,0.198232132435632,-0.470010293077169,0.318402677553805,9.87716867367848,-0.38239919447114,0.703131139657004,0.814450770814332,-5.9622463503704,17,36,30
"A2CJ06","20260527","High_vs_Low",0.0599917169048769,0.157869185603822,-0.252473957494325,0.372457391304078,9.56012267807989,0.380009035173136,0.704588455112669,0.815233719197738,-6.12968725662582,25,60,38
"P69892","20260527","High_vs_Low",0.133183298270348,0.351014208263177,-0.560751992523954,0.82711858906465,11.438681120736,0.37942423735307,0.704944080756761,0.815233719197738,-6.19698647170728,30,64,46
"A0A0C4DH67","20260527","High_vs_Low",-0.0721911961331188,0.190821943034303,-0.450101790958759,0.305719398692521,7.87609222919067,-0.378317058222917,0.705880231742253,0.815580517605194,-6.12722699241763,22,53,41
"P04908;P0C0S8;P20671;Q16777;Q6FI13;Q7L7L0;Q93077;Q96KK5;Q99878;Q9BTM1","20260527","High_vs_Low",-0.0747227812613875,0.198208653531752,-0.466522612626877,0.317077050104102,12.5630659113384,-0.376990509394775,0.706739898982906,0.815580517605194,-6.20400796876433,30,66,46
"P09493","20260527","High_vs_Low",-0.104219404783665,0.277150949756262,-0.652417022818897,0.443978213251567,9.44107644461447,-0.376038418325175,0.707487930911959,0.815580517605194,-6.17617349549315,27,61,44
"P26583","20260527","High_vs_Low",0.0929386850741976,0.247377072591387,-0.397678515021916,0.583555885170311,7.42749635683566,0.375696438237476,0.707915635622085,0.815580517605194,-6.03997121404592,22,48,32
"O00151","20260527","High_vs_Low",-0.144285930880221,0.384507711208062,-0.904993936762275,0.616422075001833,9.77415743343348,-0.375248471420501,0.708087687878986,0.815580517605194,-6.17322731915625,24,62,43
"Q09328","20260527","High_vs_Low",-0.0321729213625552,0.0860615473464628,-0.202289215401877,0.137943372676766,9.19248994705851,-0.373836194613547,0.709079531126461,0.816067453960951,-6.20515823480912,30,66,46
"P04083","20260527","High_vs_Low",-0.0653305179326678,0.176894332835573,-0.415015759922303,0.284354724056968,7.81553256701886,-0.369319451253387,0.712439512472991,0.819276873204706,-6.20053811312192,30,66,45
"P36383","20260527","High_vs_Low",0.0465765013848181,0.127634433534644,-0.206006576730837,0.299159579500474,10.0107952818685,0.364921127433654,0.715781644906447,0.821790890689275,-6.15708842306009,25,58,42
"Q96PL5","20260527","High_vs_Low",0.0888047572294566,0.243342431300006,-0.393125881158427,0.57073539561734,7.39283823092224,0.364937412497424,0.715817436262509,0.821790890689275,-6.10317398961653,25,55,36
"O95782","20260527","High_vs_Low",-0.110054522199539,0.302103636876351,-0.708820260872668,0.48871121647359,6.66925126495682,-0.364293933490721,0.716344918662199,0.821790890689275,-6.07641193086233,22,52,34
"P02776","20260527","High_vs_Low",0.0863577150439312,0.238384448408179,-0.384886128401739,0.557601558489601,13.6149705131739,0.362262369129312,0.71769492442379,0.822681472121275,-6.20304294889544,30,66,45
"Q9ULV4","20260527","High_vs_Low",-0.137931974702699,0.381594975479804,-0.893805152346701,0.617941202941303,8.60649571527568,-0.361461716127861,0.718418139156395,0.822852724880407,-6.10277339111162,22,57,35
"P01699","20260527","High_vs_Low",0.0852334183928729,0.2400312270593,-0.389265814848737,0.559732651634482,11.7700611844568,0.355093041172579,0.723047126604373,0.827488439241011,-6.20553873836064,30,66,45
"P78324;Q5TFQ8","20260527","High_vs_Low",-0.090722504883427,0.255927625059927,-0.597624009040012,0.416178999273158,9.18886546358542,-0.354485002790081,0.723619597495277,0.827488439241011,-6.1356607055631,21,53,41
"Q86Y38","20260527","High_vs_Low",0.0542444411888896,0.155338098096984,-0.253006429643695,0.361495312021475,7.8205423966668,0.349202429110613,0.727489236665706,0.831250649704082,-6.18238182487702,27,62,43
"P78423","20260527","High_vs_Low",-0.0361851845112184,0.104771697165836,-0.243285491112837,0.1709151220904,10.0167300250212,-0.345371751055472,0.73032211288727,0.83380854742444,-6.21509685885313,30,66,46
"Q14203","20260527","High_vs_Low",-0.0648816094129501,0.188259608181959,-0.437130104959616,0.307366886133716,9.4503703292235,-0.344639033510788,0.730890756005942,0.83380854742444,-6.20907779826819,26,66,45
"Q9H173","20260527","High_vs_Low",-0.0431850968743301,0.126117691799597,-0.292728856968951,0.206358663220291,6.71006618716744,-0.342419023517748,0.73259681550429,0.835090487625717,-6.14586607397261,28,61,38
"P01780","20260527","High_vs_Low",-0.075503638546893,0.221053781473677,-0.512461524899802,0.361454247806016,14.0943469355316,-0.341562302366151,0.733182059865858,0.835093783834504,-6.21636689597465,30,66,46
"P52565","20260527","High_vs_Low",-0.0596901468602713,0.178954915677779,-0.413559638626796,0.294179344906253,8.0357306714469,-0.333548517704579,0.739229984320046,0.841314125011862,-6.20032868097665,29,62,45
"E9PAV3","20260527","High_vs_Low",0.0713207935576774,0.214412203811918,-0.354228200281177,0.496869787396531,7.15812672527142,0.332634021243679,0.740128380437949,0.841668594407627,-6.07562125089776,13,49,34
"Q9BU40","20260527","High_vs_Low",-0.0689418945136557,0.209908896633742,-0.484443758489382,0.34655996946207,7.8584490007826,-0.328437220238209,0.743139595034868,0.84442327993661,-6.11691748115938,29,58,35
"Q8IYI6","20260527","High_vs_Low",-0.0660251141538684,0.203937571897839,-0.469708831066864,0.337658602759127,9.18818419761417,-0.323751594860328,0.746676187329018,0.846791127571977,-6.11462893054145,26,63,33
"Q7Z4R8","20260527","High_vs_Low",-0.0527532386263809,0.162855027139466,-0.376493584234236,0.270987106981475,7.73189447866723,-0.323927603298386,0.746778515270249,0.846791127571977,-5.96878574722038,18,41,26
"Q9UBP0","20260527","High_vs_Low",-0.089612608722593,0.277653359996148,-0.638920535852387,0.459695318407201,13.2610219610539,-0.32274995240049,0.74740353073622,0.846791127571977,-6.17788705301628,27,60,42
"Q9H4A9","20260527","High_vs_Low",0.0912945085423198,0.282621030808501,-0.471844535900733,0.654433552985372,6.36992969097998,0.323028007792454,0.747585472458942,0.846791127571977,-5.88281241820247,14,39,20
"P02786","20260527","High_vs_Low",0.0560559445340854,0.174515757918598,-0.28891004612673,0.401021935194901,11.3174458987299,0.321208498319289,0.748521701664541,0.846792473541575,-6.22291692251516,30,66,46
"Q13885","20260527","High_vs_Low",-0.0614928312443688,0.191628237025845,-0.440354503533708,0.31736884104497,10.0992000849807,-0.320896503556911,0.748767682322675,0.846792473541575,-6.20735775713745,30,65,44
"P08670","20260527","High_vs_Low",0.0895258537192198,0.283555031387743,-0.471012233860712,0.650063941299152,8.52778337791555,0.31572655678537,0.752673955209106,0.850539363096815,-6.22461014514932,29,66,46
"P50991","20260527","High_vs_Low",-0.0719483672664563,0.228445465884004,-0.523716134858385,0.379819400325473,8.28466815442676,-0.314947670281138,0.753284442056803,0.850558968432642,-6.2030691033198,28,63,44
"Q13477","20260527","High_vs_Low",0.0406349543721394,0.130208168009259,-0.216745404874141,0.29801531361842,11.1291400918575,0.312076845818534,0.755436468887795,0.851956302379538,-6.22572540187879,30,66,46
"P10643","20260527","High_vs_Low",-0.0449960851439233,0.144502937389341,-0.330633951460194,0.240641781172348,11.2523972511404,-0.311385262866236,0.755961250991858,0.851956302379538,-6.22593461527612,30,66,46
"P18827","20260527","High_vs_Low",-0.0681321700268125,0.219547421815628,-0.502112429270697,0.365848089217072,12.7136512608888,-0.310330084787006,0.756762099739668,0.851956302379538,-6.22625296483394,30,66,46
"P04180","20260527","High_vs_Low",-0.0256930709115295,0.0828408801103448,-0.189443130651849,0.13805698882879,12.9936203066406,-0.310149661342396,0.75689841647945,0.851956302379538,-6.22630773220825,30,66,46
"P38571","20260527","High_vs_Low",-0.0469904406612223,0.152441018128648,-0.349389214709611,0.255408333387167,7.82253935016061,-0.30825325911669,0.758523924307264,0.853116319573817,-6.03645732334642,25,44,31
"A0A0J9YX35","20260527","High_vs_Low",-0.073469747933375,0.239729594239681,-0.548421850157753,0.401482354291003,9.40378021327009,-0.306469245761623,0.759811862829508,0.853895149919683,-6.1287475524261,19,57,36
"P25815","20260527","High_vs_Low",-0.137096104329847,0.4488280286501,-1.03030945461167,0.756117245951977,7.79316559268644,-0.305453526915817,0.760815117131134,0.85435307593269,-5.90694166721186,18,40,21
"P20810","20260527","High_vs_Low",0.0780711884067991,0.257584023072478,-0.431975296185035,0.588117672998633,8.18725806935304,0.303090181897002,0.762350793021905,0.854761480649583,-6.1343864932209,25,56,37
"P24158","20260527","High_vs_Low",0.129455975007945,0.426991570948869,-0.717693492181066,0.976605442196956,8.24770991507154,0.303181570353404,0.762381951628489,0.854761480649583,-6.05334789347408,23,42,34
"P01619","20260527","High_vs_Low",0.0388092463250622,0.128436612591886,-0.215084550367302,0.292703043017426,11.0423762521679,0.302166536020229,0.762967012016364,0.854761480649583,-6.22564992148273,30,65,46
"P55786","20260527","High_vs_Low",-0.0668015064804628,0.225575311754957,-0.513142635048382,0.379539622087457,7.04170677029604,-0.29613837596301,0.767604537846931,0.859285641898906,-6.16014755510498,28,61,38
"P55010","20260527","High_vs_Low",0.060530843884135,0.206624723830505,-0.348992194351924,0.470053882120194,7.34785419942368,0.29295063418349,0.770116802372222,0.86115801076135,-6.09158414861474,25,48,35
"Q9H8J5","20260527","High_vs_Low",-0.0466121531397103,0.159464759801414,-0.36182593680682,0.268601630527399,11.0863886181154,-0.292303786728541,0.7704781923339,0.86115801076135,-6.23152843447654,30,66,46
"P04070","20260527","High_vs_Low",0.0248562718369989,0.086010403022501,-0.145158926148141,0.194871469822138,14.0153357190056,0.288991458748267,0.773006180725156,0.861243686832652,-6.23246377281034,30,66,46
"P23280","20260527","High_vs_Low",0.0598444021483502,0.206912198313918,-0.351038007721154,0.470726812017854,7.44280698367623,0.289226070942211,0.773051650823,0.861243686832652,-6.03699469369595,17,45,30
"Q9UNM6","20260527","High_vs_Low",-0.0571828056577717,0.197828495973434,-0.449351696090049,0.334986084774506,7.14110283383974,-0.289052420766777,0.773100169937818,0.861243686832652,-6.08049168692067,25,47,34
"Q9C0C9","20260527","High_vs_Low",0.0470550420352893,0.163077042886464,-0.275316038424237,0.369426122494816,8.4478821085738,0.288544857095855,0.773350256980684,0.861243686832652,-6.22632879811531,30,66,45
"P07741","20260527","High_vs_Low",-0.0709459047743568,0.246081585789119,-0.557622808971836,0.415730999423122,9.30472193903995,-0.288302371536058,0.7735577884522,0.861243686832652,-6.19450355804649,30,62,42
"P28838","20260527","High_vs_Low",-0.0694070407433189,0.242929686984532,-0.550236751820077,0.41142267033344,6.56330712482588,-0.285708352918342,0.775578610290579,0.86276741022994,-6.17489886481348,23,60,40
"P34932","20260527","High_vs_Low",-0.0502081187668235,0.176189203328438,-0.398826680306445,0.298410442772798,7.48936854774941,-0.284967057108656,0.776129678658732,0.86276741022994,-6.17888999279635,27,59,41
"P50990","20260527","High_vs_Low",-0.079063590509298,0.2787055488527,-0.63004874021605,0.471921559197454,8.47011677870561,-0.283681436680273,0.77707093643813,0.86314463427752,-6.22780125057334,30,64,46
"Q96JQ0","20260527","High_vs_Low",-0.0420832587269873,0.149429521709323,-0.337511828322634,0.25334531086866,7.2657483566718,-0.281626135489141,0.778645784089902,0.864224500297926,-6.21512590499225,30,66,43
"A0M8Q6","20260527","High_vs_Low",0.0502063289654657,0.17928320297025,-0.304183489232639,0.404596147163571,15.1465075593969,0.280039223606446,0.779852378495196,0.864894285198849,-6.23493737631291,30,66,46
"P01703","20260527","High_vs_Low",-0.0457783076890017,0.164488855441941,-0.371002374622236,0.279445759244233,9.73077800004754,-0.278306439460636,0.781190757944484,0.86570907796939,-6.22308642711875,29,64,45
"Q8NDA2","20260527","High_vs_Low",-0.0607010744796943,0.220608296211717,-0.498659927561554,0.377257778602165,5.90598130813896,-0.275153181099952,0.783795682455841,0.867925103198206,-6.00296493148607,22,46,26
"P55285","20260527","High_vs_Low",0.0321385376815826,0.119046701779464,-0.203178910688221,0.267455986051386,8.91485621133174,0.269965796625932,0.787575528655317,0.870372726335599,-6.23762851377525,30,66,46
"O75822","20260527","High_vs_Low",-0.043406962973048,0.160809010853515,-0.362122301281241,0.275308375335145,7.53206318809029,-0.269928673416121,0.787725094092262,0.870372726335599,-6.1067540537751,20,55,33
"P61978","20260527","High_vs_Low",0.0633885781090271,0.235046330383867,-0.401592432188203,0.528369588406257,7.8562431183168,0.269685461608798,0.787826916864441,0.870372726335599,-6.20622942220993,25,62,43
"O43681","20260527","High_vs_Low",0.0706034027410771,0.266248461710302,-0.456938927067296,0.598145732549451,7.39015699603057,0.265178631596749,0.791359736679044,0.87298814903707,-6.09878615893743,24,55,32
"Q96JP9","20260527","High_vs_Low",-0.0349554189455219,0.131871141691035,-0.296071463228471,0.226160625337427,6.70876932264964,-0.265072543524497,0.791411850591486,0.87298814903707,-6.12936529053872,25,59,34
"Q06033","20260527","High_vs_Low",-0.0213351495464096,0.0814313590787923,-0.182299034721532,0.139628735628713,17.4709486274509,-0.262001639021717,0.793696973251385,0.874835864444647,-6.23968619646461,30,66,46
"O95714","20260527","High_vs_Low",0.254211580026526,0.983332281850828,-1.7038936568261,2.21231681687915,9.42687889218833,0.25852052731153,0.796695889236857,0.877466901048889,-5.88291910060274,21,35,20
"O00194","20260527","High_vs_Low",-0.14083378952027,0.548669488749056,-1.22601379835002,0.944346219309481,10.4328558374853,-0.256682378751123,0.7978179505819,0.878028350832268,-6.23175772636618,23,65,45
"O60234","20260527","High_vs_Low",0.0818736930086468,0.322456523281769,-0.558380154328726,0.72212754034602,7.46144203581468,0.253906145781718,0.800123210583074,0.879890095073718,-5.99645780815125,22,46,25
"P80723","20260527","High_vs_Low",0.0422592628389102,0.16747472861289,-0.289043620909669,0.373562146587489,6.75729371297628,0.252332176853922,0.801179533003172,0.880376590288543,-6.1836030017729,30,60,40
"Q9NP55","20260527","High_vs_Low",-0.054857677343958,0.219765908637314,-0.490974602647186,0.38125924795927,7.5328488537821,-0.249618686010536,0.803404589450477,0.882145621188349,-6.0388691589211,21,48,28
"P01834","20260527","High_vs_Low",-0.0272333362179378,0.110833853964439,-0.246316873488918,0.191850201053043,15.0653298405162,-0.245713157522029,0.806256428065983,0.884553114238877,-6.24370290590639,30,66,46
"Q9NTK5","20260527","High_vs_Low",-0.0437186391972508,0.178455951738417,-0.396556276347276,0.309118997952775,7.56695693904266,-0.244982802598448,0.806830874075628,0.884553114238877,-6.22840803828516,30,63,45
"P15169","20260527","High_vs_Low",0.0281866747752595,0.11665641699523,-0.202405941172516,0.258779290723035,10.7968806473488,0.241621296978563,0.80941953912698,0.88671323079304,-6.24467151878921,30,66,46
"Q9BZQ8","20260527","High_vs_Low",-0.0263286089401644,0.110212267805686,-0.244209532241295,0.191552314360966,7.14118565778496,-0.238890002577427,0.811537529654969,0.887726397398315,-6.23604965139708,30,65,45
"P48426","20260527","High_vs_Low",0.0531398340621854,0.223170685065601,-0.388346748214136,0.494626416338507,7.68855900994396,0.238112967420273,0.812165678240327,0.887726397398315,-6.21045992317693,27,59,44
"Q9UL46","20260527","High_vs_Low",0.0356884514285465,0.149929263858303,-0.26072812981668,0.332105032673773,8.11396579742272,0.238035260829903,0.812201557452293,0.887726397398315,-6.22982768799988,30,65,44
"O75347","20260527","High_vs_Low",-0.064152983520942,0.278465263558504,-0.616765269175262,0.488459302133378,7.48456115174603,-0.230380560580993,0.818276785559411,0.89306366900514,-6.08259781201039,18,46,33
"P49327","20260527","High_vs_Low",-0.0598796012543001,0.260112625227082,-0.574977926418501,0.455218723909901,6.85634186347461,-0.230206439237713,0.818330307582115,0.89306366900514,-6.17163760970028,22,55,40
"Q99536","20260527","High_vs_Low",0.0257897496600741,0.114880706976545,-0.201334332301702,0.252913831621851,7.78444543303747,0.224491564674472,0.822701931460695,0.897151764041548,-6.23622068706408,30,64,45
"P58546","20260527","High_vs_Low",-0.0593263524032022,0.265693454475432,-0.58538535598971,0.466732651183306,8.04843005828141,-0.223288723918067,0.823690778799749,0.897547550758997,-6.16229956201333,25,56,38
"Q14684","20260527","High_vs_Low",-0.0383750814915249,0.174209051735161,-0.382841459125041,0.306091296141991,12.5448078723418,-0.220281788513861,0.825977481804431,0.899074258246196,-6.2367257146206,27,66,44
"P04196","20260527","High_vs_Low",0.016617093248664,0.0757066507407835,-0.133030865163051,0.166265051660379,15.9234820124607,0.219493176439151,0.826578699952359,0.899074258246196,-6.24962786560528,30,66,46
"Q8WXI7","20260527","High_vs_Low",0.0505146782738439,0.231197467046282,-0.408119025701327,0.509148382249015,6.69836616644414,0.218491486603232,0.827487076510942,0.899074258246196,-6.05620507612749,21,51,28
"Q9Y6W5","20260527","High_vs_Low",-0.0460543647401419,0.210976896376713,-0.464161146058996,0.372052416578712,7.36201177484413,-0.21829103343102,0.82760682875882,0.899074258246196,-6.09692035069386,24,54,31
"P38646","20260527","High_vs_Low",-0.0698005354432008,0.321028115373911,-0.705110615345337,0.565509544458936,7.45716382370408,-0.217428107073743,0.828226705120798,0.899074258246196,-6.18731612047047,25,61,39
"P40121","20260527","High_vs_Low",0.0673348507441922,0.313698010435919,-0.556498874836322,0.691168576324706,6.57856752388465,0.214648638193857,0.830562132702493,0.900355387367902,-5.96213293544305,16,45,22
"Q9UQ16","20260527","High_vs_Low",-0.0561635242928995,0.262992331863787,-0.576787377011782,0.464460328425983,7.70190275385346,-0.213555748545508,0.831250279212327,0.900355387367902,-6.16437487839659,24,61,36
"P00734","20260527","High_vs_Low",0.020120450255849,0.0942691045648975,-0.166219572732882,0.20646047324458,14.9768726910886,0.213436314566852,0.831290469229499,0.900355387367902,-6.25090164254453,30,66,46
"Q9NZ08","20260527","High_vs_Low",0.101739584555748,0.484107016619542,-0.861870258792265,1.06534942790376,7.35855135171337,0.210159285164224,0.834085116541451,0.902150350647677,-5.92257654559306,16,42,20
"P52209","20260527","High_vs_Low",0.0432495070420984,0.206226398621932,-0.364631905370819,0.451130919455016,8.42092903645418,0.209718577888693,0.83420597277463,0.902150350647677,-6.22330734899098,27,63,43
"Q9NR34","20260527","High_vs_Low",-0.0598053235777876,0.291118825262985,-0.636156624174232,0.516545977018657,9.72264110545535,-0.205432690667675,0.837579577054981,0.905016570385074,-6.16003776856461,25,59,36
"Q13576","20260527","High_vs_Low",0.101885633381483,0.497783337109022,-0.882203946634368,1.08597521339734,11.7521655832668,0.204678674005452,0.83811855332732,0.905016570385074,-6.24641078129277,29,66,45
"O00429","20260527","High_vs_Low",-0.0710315840975539,0.348420775429342,-0.760828153907552,0.618764985712444,7.42844038248209,-0.203867246463777,0.838800003102956,0.905070883709284,-6.17367545344862,25,56,39
"Q86SQ4","20260527","High_vs_Low",0.0257545421355392,0.127658203117095,-0.226585104170991,0.278094188442069,8.03528161321164,0.201746080601775,0.840401769447606,0.905843572159488,-6.25325941783491,30,66,46
"Q96IY4","20260527","High_vs_Low",0.0210851031615871,0.104764425288185,-0.18600082925185,0.228171035575024,12.2498262838968,0.201262051536925,0.840779494103402,0.905843572159488,-6.25335417966862,30,66,46
"P04040","20260527","High_vs_Low",-0.0433424798756441,0.222181780300171,-0.482530085981581,0.395845126230293,10.2479214990435,-0.195076661178463,0.845610019655446,0.910363940079512,-6.25454494353442,30,66,46
"P05997","20260527","High_vs_Low",-0.0374186146289111,0.196858490559428,-0.42833567928052,0.353498450022698,7.373799879702,-0.190078743988008,0.84966131262619,0.914039251542353,-6.04393931860438,16,49,27
"A0A0B4J1Y8","20260527","High_vs_Low",-0.0358778106591959,0.191402296770898,-0.414841108213554,0.343085486895162,8.48343310180089,-0.187447127147802,0.851626656116552,0.915466735285709,-6.17678028895112,24,56,39
"P28070","20260527","High_vs_Low",-0.0435487478560379,0.233599779423167,-0.506224863186382,0.419127367474306,7.27661908943542,-0.186424610346696,0.852437583883109,0.915652056395789,-6.14754306061484,26,52,37
"Q14C86","20260527","High_vs_Low",0.0347018019857392,0.189524455695703,-0.340170286771306,0.409573890742785,7.72644934070802,0.183099335958288,0.854998908147205,0.91771589392447,-6.22524170624196,27,62,43
"P42566","20260527","High_vs_Low",-0.0584789012081526,0.325935676929875,-0.703653787693087,0.586695985276782,7.14676018134693,-0.179418533616786,0.857904545942205,0.920131603347838,-6.17605938258529,25,60,37
"P45974","20260527","High_vs_Low",0.0360840866936272,0.202076643760508,-0.363384577245724,0.435552750632979,8.53413625718367,0.178566340088231,0.858532834922878,0.920131603347838,-6.25450539902728,30,65,46
"P08571","20260527","High_vs_Low",0.0192521422137428,0.109963470678605,-0.19811064858338,0.236614933010866,12.8527814686589,0.175077615274729,0.861266145049472,0.922371659448053,-6.25814144180083,30,66,46
"P29279","20260527","High_vs_Low",-0.0325632778104055,0.187015333059949,-0.402968276153224,0.337841720532413,8.17229070490773,-0.174120898418351,0.862073773696961,0.922547605583166,-6.14928533091076,25,54,36
"P63010","20260527","High_vs_Low",-0.0370598575988357,0.214820857986147,-0.46199777181146,0.387878056613788,6.92347043892695,-0.172515173555565,0.863296832980116,0.923167530569341,-6.20177292711428,29,63,39
"O00232","20260527","High_vs_Low",-0.0454551887426309,0.268696693730635,-0.577415596173234,0.486505218687972,7.3840797114802,-0.169169140533598,0.865946318397342,0.924988638378873,-6.17993221360791,25,56,39
"P08237","20260527","High_vs_Low",0.0324723302805774,0.192421530291736,-0.348746977043825,0.41369163760498,7.02908419910388,0.168756220945469,0.866289917254412,0.924988638378873,-6.15403100975305,23,51,38
"Q6ZRK6","20260527","High_vs_Low",-0.0611070880675584,0.366650482203302,-0.788540090908535,0.666325914773418,10.7990954812789,-0.166663051144374,0.867972046802949,0.926095174937075,-6.03712470214845,26,46,27
"Q14126","20260527","High_vs_Low",-0.0164785917360888,0.100461021602016,-0.215058064419037,0.182100880946859,10.3014135324291,-0.164029704987174,0.869939230366627,0.927503982413191,-6.25996157278722,30,66,46
"P78371","20260527","High_vs_Low",0.032812183835329,0.20662735955729,-0.375702496935587,0.441326864606245,7.91810632778917,0.158798834315218,0.874056294950516,0.93120113444208,-6.25151294227668,29,65,45
"O60814;P57053;P58876;P62807;Q5QNW6;Q93079;Q99877;Q99879","20260527","High_vs_Low",0.0281135097529202,0.181528191189197,-0.330713985559318,0.386941005065158,12.6874523964008,0.154871315406977,0.877141298969745,0.933213121932008,-6.26138042996722,30,66,46
"P24666","20260527","High_vs_Low",-0.0360555829850462,0.233688012224641,-0.499470572653383,0.42735940668329,8.38816296570374,-0.154289399108699,0.877680729367261,0.933213121932008,-6.13215425862684,19,47,37
"P30041","20260527","High_vs_Low",0.0294042277943998,0.19201234661065,-0.35014733911079,0.40895579469959,11.2418257462041,0.153137172236241,0.878506131674776,0.933213121932008,-6.26163993915167,30,66,46
"P53990","20260527","High_vs_Low",0.0449343284073995,0.293369331268176,-0.536460691793498,0.626329348608297,8.01750807572926,0.153166413861863,0.878547918136827,0.933213121932008,-6.12724144350437,22,54,33
"P19827","20260527","High_vs_Low",0.00891533021589908,0.0592563666811493,-0.10821565114388,0.126046311575678,19.4154475039519,0.150453541370015,0.880618684751986,0.934720350802627,-6.26203587725847,30,66,46
"Q9NP58","20260527","High_vs_Low",-0.0282278862432381,0.189345559602175,-0.402529519077025,0.346073746590549,8.88065602104589,-0.149081321487266,0.881701062736659,0.935177014766545,-6.25596312402883,30,66,45
"P50395","20260527","High_vs_Low",-0.0295573729480445,0.204722514527903,-0.434233179173134,0.375118433277045,9.33493767615162,-0.144377734985352,0.885405616539503,0.938412161210382,-6.26290611776334,30,66,46
"P01597;P04432","20260527","High_vs_Low",-0.0216575797250282,0.153355271329275,-0.325007589838619,0.281692430388563,8.63115867827878,-0.141224879570826,0.887907447294397,0.940368744032618,-6.23171612362568,27,60,44
"P0DOX7","20260527","High_vs_Low",-0.0138733392961488,0.104886826352982,-0.221201219666272,0.193454541073974,13.267080929153,-0.132269606951973,0.894956861842714,0.946479562459947,-6.26453370179794,30,66,46
"Q99996","20260527","High_vs_Low",0.0376341825667339,0.284840939200146,-0.526061989750984,0.601330354884451,10.1375353250609,0.132123502585034,0.895097526482276,0.946479562459947,-6.19596635182792,28,57,40
"Q9UBQ6","20260527","High_vs_Low",0.0669900455991401,0.510613040747608,-0.95116824847848,1.08514833967676,6.75045123991177,0.131195328464501,0.89599235693344,0.946479562459947,-5.92952876872036,15,32,23
"P00450","20260527","High_vs_Low",-0.012652711605373,0.0969211504098031,-0.204234985339858,0.178929562129112,10.5069421400918,-0.130546444732389,0.896317465704747,0.946479562459947,-6.26475374073482,30,66,46
"P05198","20260527","High_vs_Low",0.0270255704491102,0.210186230056042,-0.389600097216719,0.443651238114939,7.00498609774817,0.128579167350327,0.897929791700254,0.946783344043598,-6.12491459705591,24,48,35
"P07357","20260527","High_vs_Low",-0.0109322347841143,0.0851793651710612,-0.179304735375908,0.157440265807679,13.5519701420839,-0.128343698760371,0.898057195773291,0.946783344043598,-6.26503081936118,30,66,46
"P01344","20260527","High_vs_Low",0.0136523307702561,0.107568100919083,-0.198988338912914,0.226293000453426,10.5737112306606,0.12691802359257,0.899184712266993,0.946783344043598,-6.25893404710235,30,66,45
"P39687","20260527","High_vs_Low",0.0170597988998491,0.134602406341233,-0.249105674238389,0.283225272038088,9.30240275841846,0.126742153900284,0.899330188406764,0.946783344043598,-6.24339628269305,29,63,44
"Q14624","20260527","High_vs_Low",-0.0101895875949189,0.0815630278681149,-0.171413740069095,0.151034564879257,15.6414464021243,-0.124929001059098,0.900755102016688,0.946783344043598,-6.26545102898022,30,66,46
"P21730","20260527","High_vs_Low",0.0214215256019097,0.171893594845178,-0.3194083842333,0.36225143543712,7.55538270925889,0.124620848270721,0.90106179474935,0.946783344043598,-6.08230539879155,24,51,29
"P01706","20260527","High_vs_Low",-0.033093429753249,0.266121691118083,-0.559587164654843,0.493400305148345,10.6270128953824,-0.124354499680993,0.901226823305098,0.946783344043598,-6.23388817738242,25,60,44
"A0A075B6P5;P01615","20260527","High_vs_Low",0.0179364655216574,0.145716006999339,-0.27011527852014,0.305988209563455,9.42149556924369,0.123091936781789,0.902208257006609,0.947120527487173,-6.26567204739089,29,66,46
"P17858","20260527","High_vs_Low",0.0258930558532517,0.214916397237972,-0.399264512058689,0.451050623765192,7.18590284039893,0.120479666447139,0.904287853050797,0.948532125113311,-6.22793770657962,27,60,43
"P00568","20260527","High_vs_Low",-0.0273788910039094,0.228682915782992,-0.479557321698729,0.42479953969091,8.57337400374088,-0.119724251853998,0.904875834836129,0.948532125113311,-6.24734016318866,29,64,44
"P01024","20260527","High_vs_Low",-0.0139750970471155,0.118322319621593,-0.247860893895846,0.219910699801615,13.2269753221562,-0.118110404628723,0.906145837818221,0.949169562769415,-6.26625621864556,30,66,46
"P49721","20260527","High_vs_Low",0.0242374447224671,0.207347622363585,-0.386367376891694,0.434842266336629,7.53628883007791,0.116892802754047,0.907143726098418,0.949521243230023,-6.15771676472374,28,52,37
"P43251","20260527","High_vs_Low",0.0095904300883678,0.0845962034310267,-0.157629345307342,0.176810205484078,10.1365693868375,0.113367145325701,0.909898389100995,0.951709912451368,-6.26678970535046,30,66,46
"P11166","20260527","High_vs_Low",-0.0187452838774593,0.174990027147255,-0.364648481792644,0.327157914037726,10.3789983923157,-0.107122012511519,0.914842415746835,0.956183691093995,-6.26745872056525,30,66,46
"P55060","20260527","High_vs_Low",-0.0217806786111829,0.207451967016284,-0.431851804392776,0.38829044717041,13.0321667132617,-0.104991429700318,0.916529834385593,0.956943690700333,-6.26767830605213,30,66,46
"P35542","20260527","High_vs_Low",-0.0103211553217371,0.0987984154152596,-0.205614184620171,0.184971873976697,14.4759720822701,-0.10446681030618,0.916945195095532,0.956943690700333,-6.26773174750201,30,66,46
"Q9H159","20260527","High_vs_Low",0.00970927399633581,0.0936500311398467,-0.17540703782225,0.194825585814921,9.58704459537661,0.103676142742943,0.917571530483235,0.956943690700333,-6.26781171202314,30,66,46
"Q13404","20260527","High_vs_Low",-0.0255551206209095,0.25209308590656,-0.525468289844784,0.474358048602965,7.99653735724732,-0.10137176324773,0.919450636219394,0.958206549664688,-6.10668527007909,22,49,32
"P22234","20260527","High_vs_Low",-0.0186604311569987,0.189651640246616,-0.394155175869232,0.356834313555234,7.64083009342594,-0.098393196772426,0.921784144766912,0.959940786925019,-6.16706000884711,28,54,37
"A0A0B4J1V0","20260527","High_vs_Low",0.0231219250462971,0.239567825204635,-0.45077022581985,0.497014075912444,9.11547505102742,0.0965151519263771,0.923257933154031,0.960459464120991,-6.22019723510305,29,61,41
"P04350","20260527","High_vs_Low",0.024709995134268,0.25719149558778,-0.484559239140222,0.533979229408758,9.53930242372614,0.0960762527462125,0.923621758035458,0.960459464120991,-6.17763174408571,24,57,37
"P13473","20260527","High_vs_Low",-0.0199337800509669,0.212799248224851,-0.44349274120571,0.403625181103776,6.51949323233134,-0.0936741093648237,0.925604942854521,0.96182426670535,-5.9606583784558,18,37,23
"P35442","20260527","High_vs_Low",-0.015312383023792,0.166039524309499,-0.343523369099869,0.312898603052285,13.8577793226706,-0.0922213134943076,0.926651363225228,0.962214377165081,-6.26890201688499,30,66,46
"A0A075B6I0","20260527","High_vs_Low",-0.0355070344841781,0.398564849338412,-0.824083124460672,0.753069055492316,11.2706521554282,-0.0890872201678528,0.929150862452541,0.963521651658178,-6.21700006256487,29,56,43
"P41091","20260527","High_vs_Low",-0.0186852186705302,0.209939480044773,-0.4350992894437,0.397728852102639,7.28931337057505,-0.0890028815282637,0.929254145218452,0.963521651658178,-6.14097247543528,16,49,36
"P13796","20260527","High_vs_Low",-0.0102761253446069,0.119352539097839,-0.246198116774407,0.225645866085194,10.4795039115872,-0.0860989252703124,0.931508139290027,0.964402335944201,-6.2694325383611,30,66,46
"P07900","20260527","High_vs_Low",0.0109681947872229,0.127555311831538,-0.241168068188104,0.26310445776255,10.5027505513775,0.0859877540945415,0.931596356769459,0.964402335944201,-6.26944183427144,30,66,46
"P43121","20260527","High_vs_Low",0.0190723642997863,0.223403823040277,-0.423661674307519,0.461806402907091,7.63845542087153,0.0853717006281839,0.932121086205483,0.964402335944201,-6.11821195920502,21,58,30
"Q14204","20260527","High_vs_Low",-0.031518120659543,0.374314549668203,-0.77206003009516,0.709023788776074,8.1951519332281,-0.084202232286939,0.933025271162621,0.964641844879018,-6.21722242389463,27,62,40
"O75897","20260527","High_vs_Low",0.039053783397403,0.472670330910025,-0.898608236836737,0.976715803631543,10.3131196170647,0.0826237249167159,0.934314424144336,0.964693440143809,-6.10899476012529,22,42,36
"P78527","20260527","High_vs_Low",0.0364779667905974,0.442416552162417,-0.839195260275208,0.912151193856403,11.0689306003764,0.082451632092657,0.934420633444735,0.964693440143809,-6.19305963558637,26,59,38
"O95810","20260527","High_vs_Low",0.0293847043796429,0.378737390198725,-0.719451146195178,0.778220554954464,8.86355869250346,0.0775859609853271,0.938269061373824,0.967896956958126,-6.25440528064135,29,65,44
"Q8N128","20260527","High_vs_Low",-0.0125994464307277,0.163944203033825,-0.33730899680616,0.312110103944705,7.14519381145032,-0.0768520398865716,0.938873547509591,0.967896956958126,-6.17641506060112,23,54,38
"Q08629","20260527","High_vs_Low",0.0102875380786136,0.136236621555798,-0.259619501786818,0.280194577944045,7.36416618088171,0.075512281214344,0.93994054737413,0.968284197064256,-6.14795107938599,23,55,34
"P38606","20260527","High_vs_Low",-0.0191655229111989,0.256949600988556,-0.52766513312362,0.489334087301222,6.9091917472431,-0.0745886463238853,0.94066039108625,0.968284197064256,-6.20283827463166,25,62,38
"P62195","20260527","High_vs_Low",-0.0131812203955937,0.178598079194822,-0.36636821262853,0.340005771837343,7.28792878242667,-0.0738038194756564,0.941274874970413,0.968284197064256,-6.248547892881,28,63,44
"Q9ULI3","20260527","High_vs_Low",-0.00490250817515836,0.0690834181239977,-0.141458443237676,0.131653426887359,13.793874109824,-0.0709650493315033,0.943524660729947,0.969902769524548,-6.27058754087017,30,66,46
"P22392","20260527","High_vs_Low",0.0136065911531933,0.20101908381671,-0.3841445385412,0.411357720847587,8.3654175104656,0.0676880567498748,0.946139590693193,0.971894106772234,-6.21219760446931,27,60,40
"P01880","20260527","High_vs_Low",0.0176982971990256,0.270823054722041,-0.518755000422653,0.554151594820705,8.57516055970448,0.0653500390400301,0.948008868218959,0.973117191858258,-6.1734880559557,23,53,38
"P09172","20260527","High_vs_Low",-0.0108603308156985,0.168969515641998,-0.346046850880587,0.32432618924919,6.43381252004918,-0.0642739062986289,0.948879059595229,0.973200298810733,-6.10172000602105,22,45,33
"A0A075B6K4","20260527","High_vs_Low",-0.0170271516168761,0.276074485260196,-0.564147500703671,0.530093197469919,8.65553566436043,-0.0616759335830265,0.950932931645299,0.973200298810733,-6.12420937964664,24,53,32
"P04839","20260527","High_vs_Low",-0.0162632226022605,0.265739024687708,-0.543009584004211,0.51048313879969,7.27321210665119,-0.0611999785179193,0.951313163004172,0.973200298810733,-6.15048567754176,21,49,37
"O14498","20260527","High_vs_Low",0.00867161769304658,0.142197223148215,-0.27266725028929,0.290010485675384,8.02744053072044,0.0609830311806301,0.951467038135733,0.973200298810733,-6.2260349846345,25,62,41
"P16401","20260527","High_vs_Low",-0.0153252545854414,0.251434317416324,-0.512336466799905,0.481685957629022,9.09766965346482,-0.0609513241586109,0.951483137330996,0.973200298810733,-6.271229408136,30,66,46
"P41218","20260527","High_vs_Low",-0.0214132163483027,0.362411858876972,-0.73873348937735,0.695907056680745,7.39667103955192,-0.059085308120593,0.952979352257696,0.97377172783995,-6.20607879038197,26,56,41
"Q16401","20260527","High_vs_Low",-0.0129526002076368,0.221176937155113,-0.450944472973564,0.425039272558291,6.79052819606093,-0.0585621646372336,0.953399934370495,0.97377172783995,-6.16225535517358,27,54,36
"P17987","20260527","High_vs_Low",0.0142291418686744,0.25674984163161,-0.493546430520336,0.522004714257684,7.77840400754236,0.055420255678641,0.955885655073492,0.974973953238029,-6.24651657405654,28,62,44
"O15204","20260527","High_vs_Low",-0.00669689602986878,0.120991704747481,-0.245858996361164,0.232465204301426,9.87875010208236,-0.0553500427475232,0.955936804918179,0.974973953238029,-6.2715459709162,30,66,46
"P20618","20260527","High_vs_Low",0.0106478754945929,0.209288084162811,-0.40369316534237,0.424988916331556,7.94129660467536,0.050876644684222,0.959507709561067,0.977920437463092,-6.18528299728334,27,54,39
"P0DOX3","20260527","High_vs_Low",-0.0111484088133782,0.22845356795082,-0.463552632278198,0.441255814651441,8.59960858626959,-0.0487994515182102,0.961161690679674,0.978496246216868,-6.20273640157504,19,59,39
"P01861","20260527","High_vs_Low",-0.0111512189575578,0.230231737520943,-0.466251207421173,0.443948769506057,13.3019936631576,-0.0484347600275718,0.961437385578499,0.978496246216868,-6.27189470788982,30,66,46
"Q96J42","20260527","High_vs_Low",-0.00464610019031575,0.100913147032987,-0.204119280982509,0.194827080601878,10.3672233929641,-0.0460405836793199,0.963342096862271,0.979739409149288,-6.27200462983019,30,66,46
"P26599","20260527","High_vs_Low",-0.0103185637709835,0.237572131401408,-0.481834574457864,0.461197446915897,7.22496056607436,-0.043433393092513,0.965445359216524,0.98118259753118,-6.07187519133427,22,44,30
"O43491","20260527","High_vs_Low",-0.00461906157032654,0.109197588463492,-0.22062135009718,0.211383226956527,7.47023417598824,-0.0423000327692295,0.966323393874315,0.981379424090488,-6.23071556491655,29,59,43
"P48723","20260527","High_vs_Low",-0.0103279628631991,0.254208388160401,-0.51486350338111,0.494207577654712,7.20149335045367,-0.0406279389045274,0.967676047123948,0.981783612759112,-6.04884624461318,21,49,26
"P30153","20260527","High_vs_Low",0.00677538302780167,0.171417717455597,-0.332167906032383,0.345718672087986,7.95150841377848,0.0395255702174235,0.968528461677956,0.981783612759112,-6.25353899788831,29,64,44
"P08697","20260527","High_vs_Low",0.00396852936584402,0.101204738678993,-0.196081035325093,0.204018094056781,14.256152251181,0.0392128809149107,0.96877532221349,0.981783612759112,-6.27228748011829,30,66,46
"A0A087WSX0","20260527","High_vs_Low",0.0130111157770418,0.341171370507624,-0.661465439959391,0.687487671513474,11.7646317858455,0.0381365990870886,0.969632751084356,0.981958591140513,-6.26617538895391,30,64,46
"P11226","20260527","High_vs_Low",0.00508245764196857,0.152755938332961,-0.296885549115315,0.307050464399253,8.21638480720402,0.0332717516414347,0.973504573218007,0.984715490934455,-6.26622017280144,30,66,45
"Q96K76","20260527","High_vs_Low",-0.00974317859637086,0.29512740612089,-0.595133863044346,0.575647505851605,6.12716132280828,-0.0330134660295827,0.973728428274099,0.984715490934455,-6.10757511534959,22,46,33
"A2NJV5","20260527","High_vs_Low",-0.00392917394766101,0.1310955325039,-0.263063572098758,0.255205224203436,10.8866893696148,-0.0299718371222461,0.976131282356253,0.986325968748206,-6.27259815249057,30,66,46
"P50502","20260527","High_vs_Low",-0.00430426514314597,0.147094980455751,-0.295064601271053,0.286456070984761,9.7304130776142,-0.0292618084574326,0.976696565984974,0.986325968748206,-6.27261858940896,30,66,46
"P50591","20260527","High_vs_Low",0.00658100636543235,0.231740145756136,-0.454098030879085,0.467260043609949,7.05085405159278,0.0283982144913193,0.977410294072942,0.986352119423363,-5.99391873531726,18,44,23
"P22694","20260527","High_vs_Low",0.0070832711551656,0.299391696804007,-0.586561733814353,0.600728276124685,7.14243297525718,0.0236588764176803,0.981169655060183,0.986596513796482,-6.08204199281854,24,52,28
"Q99459","20260527","High_vs_Low",-0.00465233327765091,0.1977112952932,-0.395641010407582,0.38633634385228,10.5247766271986,-0.0235309432915891,0.981261271755129,0.986596513796482,-6.24356928870207,28,65,42
"P01624","20260527","High_vs_Low",-0.00306418409926756,0.130609815976509,-0.261239622118028,0.255111253919493,12.4656043780275,-0.0234605957933413,0.981315575715389,0.986596513796482,-6.27276721217005,30,66,46
"P68363","20260527","High_vs_Low",0.00596487696733305,0.258734041972039,-0.505475729720996,0.517405483655663,10.949308262424,0.0230540864351266,0.981639290443793,0.986596513796482,-6.27277639927573,30,66,46
"P29122","20260527","High_vs_Low",0.00447382379531192,0.195194698898346,-0.381368311495508,0.390315959086131,9.12227870646207,0.0229198017188049,0.981746218414406,0.986596513796482,-6.2727793992384,30,66,46
"Q92614","20260527","High_vs_Low",0.00608056885055053,0.275348496275754,-0.539286766530893,0.551447904231994,7.52486378719856,0.0220831743510268,0.982419582356207,0.986596513796482,-6.18018114909263,20,59,36
"P33151","20260527","High_vs_Low",-0.00186344464499477,0.0864067578613804,-0.172662110025198,0.168935220735209,12.2746602754758,-0.0215659595512684,0.982824231911701,0.986596513796482,-6.27280866755845,30,66,46
"A0A075B6H9","20260527","High_vs_Low",-0.00707235128611572,0.334393037117658,-0.668230982191056,0.654086279618824,10.2440039842729,-0.0211498162374334,0.983156498058,0.986596513796482,-6.253388930371,29,66,43
"Q9H5I5","20260527","High_vs_Low",0.00212895943953484,0.133087323390267,-0.260990614459308,0.265248533338378,10.511827104172,0.0159967109210833,0.987259778017785,0.990021343830422,-6.26016072167966,29,66,44
"P05543","20260527","High_vs_Low",-0.000886783683125003,0.112185947003445,-0.222642702975252,0.220869135609002,9.46569573420498,-0.00790458793468822,0.993704126974092,0.99578736413756,-6.27300430744684,30,66,46
"P46783","20260527","High_vs_Low",0.00136907648470874,0.288753089274074,-0.571118229185946,0.573856382155363,7.65524222191356,0.00474133969666126,0.996225892534192,0.997617269479072,-6.13659404903476,20,51,34
"P62826","20260527","High_vs_Low",0.000500878013234285,0.150221278015548,-0.296440959371342,0.29744271539781,11.628206734316,0.00333426808672501,0.997344291923119,0.998040275378752,-6.27302926739926,30,66,46
"P06753","20260527","High_vs_Low",0.000577262334575224,0.24594201278184,-0.485606547649658,0.486761072318808,9.95603784538829,0.00234714812668984,0.998130544961458,0.998130544961458,-6.26999277900299,30,65,46
