"PG.ProteinGroups","Contrast","logFC","AveExpr","t","P.Value","adj.P.Val","B","Significant_FDR_0.05"
"Q9NP78","Low_vs_Control_in_HighStress",0.571295822352086,10.6115179720627,3.38641462585918,0.000766333056385698,0.568359393980325,-1.22020056886871,FALSE
"P05090","Low_vs_Control_in_HighStress",0.364452499734538,12.5090928069042,3.2133193022781,0.00139400745392206,0.568359393980325,-1.58185267443326,FALSE
"Q9H1B5","Low_vs_Control_in_HighStress",-0.554005581836599,8.72378670887137,-3.19923629463411,0.0014625215636178,0.568359393980325,-1.61324877718081,FALSE
"Q7Z794","Low_vs_Control_in_HighStress",1.40414405613193,11.3088899295884,3.1737774176163,0.00159613484394411,0.568359393980325,-1.6827407766932,FALSE
"Q8IWE2","Low_vs_Control_in_HighStress",0.535855333300982,6.35918696206355,3.06075583812761,0.0023469195625686,0.568359393980325,-2.13987938057728,FALSE
"Q93098","Low_vs_Control_in_HighStress",-0.706229654112414,11.138634560808,-3.04489779861172,0.0024652334022576,0.568359393980325,-2.13729355594158,FALSE
"Q13201","Low_vs_Control_in_HighStress",-0.676100687022439,13.5818124872409,-2.99493681734345,0.00287669331450409,0.568359393980325,-2.05392797305689,FALSE
"P28482","Low_vs_Control_in_HighStress",0.542905929663773,9.66480459812693,2.95978746267308,0.00322211504305589,0.568359393980325,-2.15288464929876,FALSE
"Q08722","Low_vs_Control_in_HighStress",0.602586371748179,8.23883829507143,2.88543919696864,0.00410838761327944,0.568359393980325,-2.32325500696264,FALSE
"P07996","Low_vs_Control_in_HighStress",-0.537295572356186,16.5819902692783,-2.84686280429875,0.00459089475471729,0.568359393980325,-2.35594693323553,FALSE
"P09486","Low_vs_Control_in_HighStress",-0.552548690898915,10.4959586609223,-2.84301570108965,0.00464579773673885,0.568359393980325,-2.36359795184652,FALSE
"Q9Y566","Low_vs_Control_in_HighStress",-0.389591244747084,13.2234153508551,-2.83740900714163,0.00475614555632071,0.568359393980325,-2.44703015186442,FALSE
"Q8TC71","Low_vs_Control_in_HighStress",-0.557858684742236,12.7714126731029,-2.76464036824152,0.0059427428996591,0.655530255239319,-2.58260075179217,FALSE
"Q9HBW9","Low_vs_Control_in_HighStress",0.375952298218932,7.94242196286746,2.62414531687657,0.00895304531375412,0.809734584412633,-2.79074758828934,FALSE
"P05067","Low_vs_Control_in_HighStress",-0.538953334340421,11.1199488298907,-2.62090253751439,0.00902807318677138,0.809734584412633,-2.78843447680629,FALSE
"O00194","Low_vs_Control_in_HighStress",-1.22216932106889,9.5028155653184,-2.61799192057958,0.00912692562146141,0.809734584412633,-2.83069229040804,FALSE
"Q06481","Low_vs_Control_in_HighStress",-0.509537809633978,9.1611703024845,-2.5979427534682,0.00964660337990431,0.809734584412633,-2.83047858841286,FALSE
"Q9BUN1","Low_vs_Control_in_HighStress",-0.458322022609947,11.5226432236128,-2.56464233827198,0.0106096713541152,0.809734584412633,-2.89075072709548,FALSE
"Q5JRA6","Low_vs_Control_in_HighStress",0.339332383382548,11.1089883338995,2.54854114665249,0.011105667063197,0.809734584412633,-2.91963748041137,FALSE
"O43852","Low_vs_Control_in_HighStress",-0.469022276170769,11.7898510912097,-2.54261465312586,0.0112933693781399,0.809734584412633,-2.93022572144144,FALSE
"Q6ZN30","Low_vs_Control_in_HighStress",-0.343155007044277,15.4410483494086,-2.51016851377337,0.0123842561520932,0.819527695845014,-2.99916939428626,FALSE
"Q9UBS4","Low_vs_Control_in_HighStress",-0.45899048948081,6.91900621964598,-2.50729917021876,0.0125729493086404,0.819527695845014,-3.03543484761694,FALSE
"O14602;P47813","Low_vs_Control_in_HighStress",-0.517186121460836,7.68609962375143,-2.43435377341514,0.0152830355396983,0.938297569038535,-3.13488368625432,FALSE
"Q14766","Low_vs_Control_in_HighStress",-0.545531892858413,12.3736337899634,-2.40648815513048,0.016456801758145,0.938297569038535,-3.1668482711094,FALSE
"Q9UKN7","Low_vs_Control_in_HighStress",-0.342399324630355,11.8195973813472,-2.39391485760935,0.0170273867438578,0.938297569038535,-3.18812749088678,FALSE
"P29122","Low_vs_Control_in_HighStress",-0.469651239547614,8.91942889893034,-2.39071327827333,0.0171820456976947,0.938297569038535,-3.19372017185624,FALSE
"P17927","Low_vs_Control_in_HighStress",-0.363502902810498,7.51328681995119,-2.38053876145885,0.0176666906304327,0.938297569038535,-3.22225787078435,FALSE
"O60704","Low_vs_Control_in_HighStress",-0.319944706080939,8.00567400083972,-2.32944254410809,0.0202285971825692,0.999224885424953,-3.30069046091704,FALSE
"Q86Y38","Low_vs_Control_in_HighStress",-0.317785632176731,7.89978191803031,-2.32366365780203,0.0205529489314505,0.999224885424953,-3.3150592904266,FALSE
"A0A087WSY6","Low_vs_Control_in_HighStress",-0.639325724056375,11.7972508648719,-2.27955622049076,0.0231796703012528,0.999224885424953,-3.44776606951672,FALSE
"Q86WI1","Low_vs_Control_in_HighStress",-0.397635353975554,9.4720873850835,-2.22373668698256,0.0265978371469415,0.999224885424953,-3.46460760366767,FALSE
"Q9UQ53","Low_vs_Control_in_HighStress",-0.290260522246621,7.21874821200604,-2.21505996956651,0.0272192956615176,0.999224885424953,-3.48136174787539,FALSE
"P48506","Low_vs_Control_in_HighStress",-0.494377427361432,7.25473689175764,-2.21097547031148,0.0275710612465837,0.999224885424953,-3.51041478957128,FALSE
"P07333","Low_vs_Control_in_HighStress",-0.301473343570745,11.7107416919824,-2.20375860155084,0.0279817493960537,0.999224885424953,-3.49576894794355,FALSE
"P30626","Low_vs_Control_in_HighStress",-0.487628928241836,7.82879556951052,-2.20467249981523,0.0280296597696438,0.999224885424953,-3.51690915713998,FALSE
"Q9Y5X9","Low_vs_Control_in_HighStress",0.270548427395701,8.29807601065005,2.20149135214835,0.0281487471179553,0.999224885424953,-3.50147940181628,FALSE
"Q96MF2","Low_vs_Control_in_HighStress",-0.43533451531049,12.3968509635338,-2.17363867256881,0.0301866327440715,0.999224885424953,-3.54224309493388,FALSE
"P47929","Low_vs_Control_in_HighStress",-0.560794224375776,8.1360520669455,-2.17461223596265,0.0301954414117433,0.999224885424953,-3.57956249949553,FALSE
"Q12841","Low_vs_Control_in_HighStress",-0.396202542742353,8.81065901590332,-2.15800257446316,0.0313922964284216,0.999224885424953,-3.56842391255925,FALSE
"P35442","Low_vs_Control_in_HighStress",-0.380877310200612,13.7305289299725,-2.15589088347286,0.0315532443675372,0.999224885424953,-3.56931479651926,FALSE
"Q16363","Low_vs_Control_in_HighStress",-0.369139487123999,7.94111359494882,-2.1415738936994,0.0326967228875456,0.999224885424953,-3.59102915893148,FALSE
"Q08431","Low_vs_Control_in_HighStress",0.306504660211048,7.06597142600765,2.09377603206634,0.0369208993406598,0.999224885424953,-3.70099913875876,FALSE
"P18827","Low_vs_Control_in_HighStress",-0.309018984720764,12.3310194637787,-2.08879634662497,0.0372168676598045,0.999224885424953,-3.66976533295671,FALSE
"P02775","Low_vs_Control_in_HighStress",-0.499733185190797,15.281641962055,-2.08753816592593,0.0373289277537039,0.999224885424953,-3.67159807781855,FALSE
"Q96P63","Low_vs_Control_in_HighStress",0.425896541399718,8.7873251422855,2.04317793545909,0.0415643024993243,0.999224885424953,-3.73997024543049,FALSE
"P29279","Low_vs_Control_in_HighStress",-0.406809393216182,8.35887555666215,-2.02472191884662,0.0435243140213058,0.999224885424953,-3.77181868363612,FALSE
"P00966","Low_vs_Control_in_HighStress",0.357669915065296,7.86739839602239,2.01794210046483,0.0441411545118504,0.999224885424953,-3.77460703927024,FALSE
"P11362","Low_vs_Control_in_HighStress",-0.349279982013272,8.7918583621456,-2.01009596157752,0.0449548876325203,0.999224885424953,-3.78528315492124,FALSE
"P32004","Low_vs_Control_in_HighStress",-0.39130470887975,7.65869454910037,-2.00497377736805,0.0455227126233624,0.999224885424953,-3.79499593405291,FALSE
"O60493","Low_vs_Control_in_HighStress",0.495914254535835,8.90108250035593,1.97219624373941,0.0492024265416761,0.999224885424953,-3.84624697937752,FALSE
"P04062","Low_vs_Control_in_HighStress",-0.285407999565772,7.18750937518443,-1.96077271703338,0.0505051956429069,0.999224885424953,-3.86101197866465,FALSE
"P48454","Low_vs_Control_in_HighStress",-0.457785534673446,10.6864968819858,-1.93541597726924,0.053651644535808,0.999224885424953,-3.94683580280821,FALSE
"Q9NYU2","Low_vs_Control_in_HighStress",-0.27102663786216,8.06153766167807,-1.93052571566418,0.054089788064026,0.999224885424953,-3.89433468762872,FALSE
"P00326","Low_vs_Control_in_HighStress",0.382396683906608,9.50723702676621,1.92310519476744,0.0550248660841685,0.999224885424953,-3.90448642675985,FALSE
"P10124","Low_vs_Control_in_HighStress",-0.335373847229135,13.0435180040798,-1.91755845978897,0.05571815988563,0.999224885424953,-3.91195916099798,FALSE
"P17844","Low_vs_Control_in_HighStress",-0.50371328023934,11.6543248983876,-1.90082536502214,0.057916749997843,0.999224885424953,-3.93609199844627,FALSE
"P07711","Low_vs_Control_in_HighStress",-0.30786208445141,8.22085501050504,-1.88782573874641,0.05963450227314,0.999224885424953,-3.95387377900465,FALSE
"Q969P0","Low_vs_Control_in_HighStress",-0.259247027133538,6.55218704633007,-1.88557689533263,0.0600111796484085,0.999224885424953,-3.95978366864176,FALSE
"P25787","Low_vs_Control_in_HighStress",-0.364934244899963,7.30782554511457,-1.87949947831734,0.0608171712171658,0.999224885424953,-3.96602095452939,FALSE
"P55010","Low_vs_Control_in_HighStress",-0.436368084224098,7.92805363114097,-1.87438100541517,0.0615547907655365,0.999224885424953,-3.97420024145437,FALSE
"Q14112","Low_vs_Control_in_HighStress",-0.322142897298605,10.4174647778282,-1.87285182077568,0.0616534155345672,0.999224885424953,-3.97185129903882,FALSE
"O60240","Low_vs_Control_in_HighStress",0.360281688559724,6.78003423531578,1.85312879619275,0.0645174750854245,0.999224885424953,-4.00203332838591,FALSE
"Q9C075","Low_vs_Control_in_HighStress",0.325184753291424,7.25786873780116,1.84891373451033,0.065108147967323,0.999224885424953,-4.0050064566119,FALSE
"P12955","Low_vs_Control_in_HighStress",-0.456159364348198,6.63270649251086,-1.84239414877015,0.0662076970543937,0.999224885424953,-4.03552242614519,FALSE
"P05387","Low_vs_Control_in_HighStress",0.280553343398555,8.69342973546772,1.82477430935884,0.0686204330811318,0.999224885424953,-4.03474544563359,FALSE
"Q9UGM3","Low_vs_Control_in_HighStress",0.308191692883574,8.55711416424444,1.82112510756904,0.0691822627751628,0.999224885424953,-4.0391939701044,FALSE
"Q3SY84","Low_vs_Control_in_HighStress",0.41140898539407,9.58802080940412,1.81993688657413,0.0693669100082244,0.999224885424953,-4.04052303303566,FALSE
"Q16658","Low_vs_Control_in_HighStress",0.371929929185399,6.41987347472856,1.81061463193496,0.0709477589670619,0.999224885424953,-4.05384651225704,FALSE
"Q96PL1","Low_vs_Control_in_HighStress",0.375367374230734,9.92541118531435,1.80348818457147,0.0719067767779365,0.999224885424953,-4.06184590087082,FALSE
"P31431","Low_vs_Control_in_HighStress",-0.339167464396045,8.97947961589843,-1.78482471877292,0.0748764571335928,0.999224885424953,-4.08571830608207,FALSE
"Q12913","Low_vs_Control_in_HighStress",0.219444920818352,9.70641249931558,1.78217995137892,0.075307165294886,0.999224885424953,-4.08905599498809,FALSE
"O14498","Low_vs_Control_in_HighStress",-0.225743217553649,8.01457649874124,-1.77610674642616,0.0763532900412304,0.999224885424953,-4.09517567380613,FALSE
"Q15389","Low_vs_Control_in_HighStress",-0.36057241137973,7.65861191198878,-1.7747010737193,0.0765923095311564,0.999224885424953,-4.09687465451971,FALSE
"Q86YZ3","Low_vs_Control_in_HighStress",0.32191064707043,8.67645995600954,1.76595137692499,0.0779969429360401,0.999224885424953,-4.10931261784652,FALSE
"P51693","Low_vs_Control_in_HighStress",-0.281022361800469,12.0721161511754,-1.76029230843028,0.0789500191972585,0.999224885424953,-4.11649112378778,FALSE
"P01893","Low_vs_Control_in_HighStress",-0.223284772969352,9.66724335282846,-1.75827458785603,0.0792941026566778,0.999224885424953,-4.11900749553227,FALSE
"O75752","Low_vs_Control_in_HighStress",-0.162952074533155,9.08650774546357,-1.75616182495664,0.0796556467325705,0.999224885424953,-4.12163912323228,FALSE
"Q13740","Low_vs_Control_in_HighStress",0.243168027527748,10.0373851217156,1.75006958619292,0.0807000237724732,0.999224885424953,-4.12919046259879,FALSE
"Q9UKU9","Low_vs_Control_in_HighStress",0.283795173645613,10.8524297525899,1.74749710251246,0.0811453414926336,0.999224885424953,-4.13237470024964,FALSE
"P0DOX2","Low_vs_Control_in_HighStress",-0.371876592359456,15.3709035027304,-1.74245509876078,0.082023955665967,0.999224885424953,-4.13860234475517,FALSE
"Q99435","Low_vs_Control_in_HighStress",0.307980862210147,9.42658302999995,1.72297984731998,0.0855000367864785,0.999224885424953,-4.16251986984765,FALSE
"P40197","Low_vs_Control_in_HighStress",-0.330987782518516,8.7162800292999,-1.72153040329721,0.0857533086507783,0.999224885424953,-4.16425810698873,FALSE
"P11049","Low_vs_Control_in_HighStress",-0.253266101499516,11.2024668889406,-1.70748463668391,0.088335213300223,0.999224885424953,-4.18131510376254,FALSE
"Q10469","Low_vs_Control_in_HighStress",-0.400834092599723,8.39718052513125,-1.70761476164537,0.0883431278378812,0.999224885424953,-4.17969274403311,FALSE
"P61225","Low_vs_Control_in_HighStress",-0.343442659336089,9.61389651361654,-1.70285316966562,0.089216321858471,0.999224885424953,-4.18613481828945,FALSE
"P01019","Low_vs_Control_in_HighStress",-0.188674662702025,15.1860369171155,-1.68000592124856,0.093560767509922,0.999224885424953,-4.21426665357832,FALSE
"Q9Y624","Low_vs_Control_in_HighStress",0.244482779814378,8.15987962735892,1.6795795971412,0.0936557312628019,0.999224885424953,-4.21457191207465,FALSE
"Q8NEH6","Low_vs_Control_in_HighStress",0.266599675709656,10.1664893061128,1.67984139392862,0.0936828991487181,0.999224885424953,-4.20883206578244,FALSE
"P00325","Low_vs_Control_in_HighStress",0.33987419927066,8.53607392474214,1.67907946276764,0.0937759279171649,0.999224885424953,-4.21337537253686,FALSE
"Q9NUQ9","Low_vs_Control_in_HighStress",-0.261956562426876,7.29107790280348,-1.67042540775976,0.0954691899246184,0.999224885424953,-4.22353112237376,FALSE
"P14770","Low_vs_Control_in_HighStress",0.289999123944678,8.45709886456755,1.66886207638633,0.0957763071320236,0.999224885424953,-4.22680520185275,FALSE
"Q9NYQ6","Low_vs_Control_in_HighStress",-0.242331753751888,8.54993929967085,-1.66785687738386,0.0959513476887217,0.999224885424953,-4.22867322630102,FALSE
"Q9Y6C2","Low_vs_Control_in_HighStress",-0.30368609475236,10.4729699752306,-1.658278202496,0.0978683832087582,0.999224885424953,-4.23995389991853,FALSE
"P04908;P0C0S8;P20671;Q16777;Q6FI13;Q7L7L0;Q93077;Q96KK5;Q99878;Q9BTM1","Low_vs_Control_in_HighStress",-0.328075404873791,12.3520710485,-1.64957085058563,0.0996386541511984,0.999224885424953,-4.25015545854809,FALSE
"P02776","Low_vs_Control_in_HighStress",-0.458600487325359,13.9082897506165,-1.64324321063085,0.100942292563472,0.999224885424953,-4.25753834370035,FALSE
"P16109","Low_vs_Control_in_HighStress",-0.447036732237294,8.63320944319545,-1.64171119550686,0.101349178410756,0.999224885424953,-4.24994258110864,FALSE
"P08648","Low_vs_Control_in_HighStress",-0.242628231106656,7.92067956258223,-1.63687503419737,0.102287597825951,0.999224885424953,-4.26412494526845,FALSE
"P61106","Low_vs_Control_in_HighStress",0.297668973102372,8.12271017991692,1.63002106449587,0.103717420550782,0.999224885424953,-4.27288990116631,FALSE
"Q15438","Low_vs_Control_in_HighStress",0.310139418116913,9.7178601519215,1.62727681293595,0.104369719793728,0.999224885424953,-4.26869176322185,FALSE
"Q9BS26","Low_vs_Control_in_HighStress",-0.31637471886954,9.66366149782884,-1.62667268101374,0.104421207167035,0.999224885424953,-4.27581150954072,FALSE
"P08294","Low_vs_Control_in_HighStress",0.206539077816229,9.55487548000719,1.61620751989135,0.106659967842039,0.999224885424953,-4.28875348778689,FALSE
"P23588","Low_vs_Control_in_HighStress",-0.655146643468651,8.92201182114604,-1.60514790187746,0.10927996392602,0.999224885424953,-4.28201170945733,FALSE
"P35998","Low_vs_Control_in_HighStress",-0.396405303554713,8.50268188193784,-1.59880871790301,0.110508260464881,0.999224885424953,-4.30534191851411,FALSE
"Q8TDL5","Low_vs_Control_in_HighStress",0.240632435134076,10.8404710350567,1.59795257016168,0.110665007975086,0.999224885424953,-4.30954315572647,FALSE
"Q6EMK4","Low_vs_Control_in_HighStress",0.164281915636257,10.3663343732983,1.59160989833592,0.112084115754797,0.999224885424953,-4.31671193666641,FALSE
"Q5SZK8","Low_vs_Control_in_HighStress",-0.276721046644195,6.95015730382047,-1.57684622085282,0.115452712317595,0.999224885424953,-4.33185221053832,FALSE
"P02647","Low_vs_Control_in_HighStress",-0.219038472336006,17.2948546553064,-1.57378561441453,0.116149256977254,0.999224885424953,-4.33670702684353,FALSE
"Q9UKM7","Low_vs_Control_in_HighStress",-0.199567457824807,9.59108330370966,-1.56543944806516,0.118092267758672,0.999224885424953,-4.34599321206253,FALSE
"Q13477","Low_vs_Control_in_HighStress",-0.198691746848924,10.9696199989344,-1.56509406280945,0.118173222096693,0.999224885424953,-4.34637644666713,FALSE
"Q9NSC7","Low_vs_Control_in_HighStress",-0.319217010983755,7.4451060299164,-1.55184416888793,0.121429126212658,0.999224885424953,-4.35254508378485,FALSE
"Q9UIQ6","Low_vs_Control_in_HighStress",0.281627760439308,6.95431634648819,1.54897321307801,0.122131466083158,0.999224885424953,-4.35041733271579,FALSE
"Q10472","Low_vs_Control_in_HighStress",-0.168987192269114,8.97031374351362,-1.53349437859304,0.125767475671637,0.999224885424953,-4.3806843911498,FALSE
"P07093","Low_vs_Control_in_HighStress",-0.312441356641097,7.58469069019594,-1.53241478752289,0.12609353514982,0.999224885424953,-4.37665212627893,FALSE
"Q9Y274","Low_vs_Control_in_HighStress",-0.177284110718624,9.52568151004066,-1.53146923133992,0.126265617842668,0.999224885424953,-4.38328605099225,FALSE
"Q13228","Low_vs_Control_in_HighStress",-0.369459311224192,7.9599001279453,-1.53112088822889,0.126371221999376,0.999224885424953,-4.37785561407041,FALSE
"Q6ZMY3","Low_vs_Control_in_HighStress",-0.227162874443282,13.259229938362,-1.53036268010367,0.126607596977667,0.999224885424953,-4.37057873431512,FALSE
"O14594","Low_vs_Control_in_HighStress",-0.179842236323786,11.5404132603241,-1.52935133499215,0.126789470611549,0.999224885424953,-4.38558432361617,FALSE
"P00915","Low_vs_Control_in_HighStress",-0.452998470127515,11.9714019846895,-1.52451127188376,0.127993008434042,0.999224885424953,-4.39082480232491,FALSE
"P04180","Low_vs_Control_in_HighStress",0.186102568410542,11.8711718459701,1.52044651916935,0.129010623215311,0.999224885424953,-4.39521314465815,FALSE
"Q6P3X8","Low_vs_Control_in_HighStress",0.289786116521663,9.4800066615268,1.52007252572353,0.12918342579167,0.999224885424953,-4.38817601476761,FALSE
"P19827","Low_vs_Control_in_HighStress",-0.206340563650866,19.7874187546431,-1.5175315051139,0.129744272987693,0.999224885424953,-4.39835308812124,FALSE
"Q8IZP7","Low_vs_Control_in_HighStress",-0.188605932517792,8.72217445323731,-1.50700987968701,0.132419400511938,0.999224885424953,-4.40963703053129,FALSE
"P00491","Low_vs_Control_in_HighStress",-0.327181853637249,8.51993224103917,-1.4973621063649,0.134911009041553,0.999224885424953,-4.41947460277867,FALSE
"P00558","Low_vs_Control_in_HighStress",-0.282626218782779,9.7820827112913,-1.49437848285837,0.135687306475198,0.999224885424953,-4.42308106721752,FALSE
"P01033","Low_vs_Control_in_HighStress",-0.301860809980919,8.18482391876144,-1.49388200416115,0.135970849110032,0.999224885424953,-4.40927925213801,FALSE
"P00748","Low_vs_Control_in_HighStress",-0.279784302121563,13.4292198143478,-1.4913445007291,0.136481464970899,0.999224885424953,-4.42629357350903,FALSE
"P24844","Low_vs_Control_in_HighStress",0.374330583140587,8.21613779895918,1.49027106920017,0.136818694089144,0.999224885424953,-4.41579304698087,FALSE
"Q14696","Low_vs_Control_in_HighStress",-0.455208535201312,7.77963037821342,-1.48805442379408,0.137535286150965,0.999224885424953,-4.39880747391647,FALSE
"Q9H5I5","Low_vs_Control_in_HighStress",-0.211755294168109,10.5868250915879,-1.48722917015956,0.137572792945773,0.999224885424953,-4.4292231960473,FALSE
"Q5D862","Low_vs_Control_in_HighStress",0.25713926844033,9.72044929392317,1.48531619369329,0.138078448111875,0.999224885424953,-4.42943457954262,FALSE
"P06312","Low_vs_Control_in_HighStress",0.352875494073,12.0200099772002,1.48337462436333,0.138584754797123,0.999224885424953,-4.43470165063303,FALSE
"P49641","Low_vs_Control_in_HighStress",-0.180794673167993,9.51224490637486,-1.47941016430156,0.139640279444995,0.999224885424953,-4.4388674890402,FALSE
"P04899","Low_vs_Control_in_HighStress",-0.192079396079377,8.5584318587257,-1.47447040764626,0.14096532496848,0.999224885424953,-4.44404388909347,FALSE
"Q6ZRK6","Low_vs_Control_in_HighStress",-0.406851103430775,11.3468122252373,-1.4745611895544,0.141073412011355,0.999224885424953,-4.42219619636657,FALSE
"Q16706","Low_vs_Control_in_HighStress",-0.141942417351588,9.45858734553247,-1.46963800599139,0.142268579879004,0.999224885424953,-4.44908893918436,FALSE
"P51888","Low_vs_Control_in_HighStress",-0.218267695360343,7.70211132190347,-1.45605082399068,0.14600672509709,0.999224885424953,-4.45967211408643,FALSE
"Q02413","Low_vs_Control_in_HighStress",0.266778226148217,10.0690036841247,1.45362344503005,0.146661524061664,0.999224885424953,-4.46520894857176,FALSE
"P54105","Low_vs_Control_in_HighStress",0.28533440363069,8.88345626008469,1.44968151544256,0.147778615467826,0.999224885424953,-4.46725380162215,FALSE
"P80723","Low_vs_Control_in_HighStress",-0.207250189857623,7.06835470138775,-1.44455774992054,0.149207790505919,0.999224885424953,-4.47195466208559,FALSE
"P07948","Low_vs_Control_in_HighStress",0.401932426955248,8.1577435236341,1.44328972674163,0.149626122847015,0.999224885424953,-4.46477127298278,FALSE
"O60476","Low_vs_Control_in_HighStress",-0.197832507325773,7.90455290197019,-1.4395803613954,0.150601386661241,0.999224885424953,-4.47803893530413,FALSE
"P07858","Low_vs_Control_in_HighStress",-0.234458781815476,8.05039577322391,-1.43484457795157,0.151976474250027,0.999224885424953,-4.48083161127945,FALSE
"P58335","Low_vs_Control_in_HighStress",0.173101959689102,9.06891161186794,1.42195633766644,0.155642414254625,0.999224885424953,-4.49800133315747,FALSE
"O75874","Low_vs_Control_in_HighStress",0.244673468769069,8.12115255390187,1.42000205827639,0.156213826591912,0.999224885424953,-4.49832386219841,FALSE
"Q14247","Low_vs_Control_in_HighStress",-0.36995269172812,8.18664052884128,-1.41697954221931,0.157178438352527,0.999224885424953,-4.48406900159327,FALSE
"P05386","Low_vs_Control_in_HighStress",-0.23112426912337,8.52301341331791,-1.41164337845425,0.158687642880175,0.999224885424953,-4.50110551480204,FALSE
"Q8TD06","Low_vs_Control_in_HighStress",0.221197076538791,8.06156396628907,1.40537631713199,0.160542366777951,0.999224885424953,-4.50456965360529,FALSE
"P48723","Low_vs_Control_in_HighStress",-0.234071747427922,6.86864801002019,-1.4033394491918,0.161278904737672,0.999224885424953,-4.48726608871198,FALSE
"P09619","Low_vs_Control_in_HighStress",0.212389387702071,10.0526943388665,1.40220070651453,0.161455953384415,0.999224885424953,-4.51779901697542,FALSE
"P16152","Low_vs_Control_in_HighStress",-0.36571183368814,7.11511163421668,-1.39723523036384,0.163070894472055,0.999224885424953,-4.50031257705763,FALSE
"Q92823","Low_vs_Control_in_HighStress",-0.204522170062688,8.66771758471406,-1.39560863255743,0.163431974764967,0.999224885424953,-4.52434409590356,FALSE
"Q13093","Low_vs_Control_in_HighStress",-0.301314262709786,7.44067465193673,-1.39534220062072,0.163672470833696,0.999224885424953,-4.49260335689193,FALSE
"Q96DR8","Low_vs_Control_in_HighStress",-0.33903872438044,9.06052548010902,-1.38804518601816,0.16583447440306,0.999224885424953,-4.50733262281868,FALSE
"P09237","Low_vs_Control_in_HighStress",-0.232774443274121,8.14326116262506,-1.38435628496084,0.166985213145828,0.999224885424953,-4.51624645156477,FALSE
"P54578","Low_vs_Control_in_HighStress",-0.300034248461088,8.16321289748288,-1.38149025381415,0.167753311203985,0.999224885424953,-4.53714036530346,FALSE
"P04278","Low_vs_Control_in_HighStress",0.211825753340701,10.6527842920064,1.37995023667621,0.168198919190122,0.999224885424953,-4.53976840889073,FALSE
"P01137","Low_vs_Control_in_HighStress",-0.290480773567785,8.46171516346688,-1.37690480969785,0.169207677455056,0.999224885424953,-4.53809787821757,FALSE
"Q9H173","Low_vs_Control_in_HighStress",-0.205810493812991,7.05163453997535,-1.37640537371462,0.169334478556787,0.999224885424953,-4.53688519873191,FALSE
"Q9NS62","Low_vs_Control_in_HighStress",-0.170231895883417,9.39777268852531,-1.37418453115054,0.169983799536716,0.999224885424953,-4.54425874950527,FALSE
"Q9H2K2","Low_vs_Control_in_HighStress",-0.262271254186908,8.87031005019553,-1.37266429766506,0.170619051514913,0.999224885424953,-4.50952239670348,FALSE
"O75351","Low_vs_Control_in_HighStress",0.253609338475225,7.1122370299092,1.37245901080362,0.170631786412566,0.999224885424953,-4.52744362428022,FALSE
"Q8NFU4","Low_vs_Control_in_HighStress",-0.244774869083271,10.7797888315624,-1.37096312484206,0.171023701126274,0.999224885424953,-4.54682121779947,FALSE
"P30041","Low_vs_Control_in_HighStress",-0.274820105757559,10.5314032298132,-1.36946143833045,0.171450128190654,0.999224885424953,-4.55000399353596,FALSE
"P10646","Low_vs_Control_in_HighStress",-0.193523982497684,11.7922847893331,-1.36158578730678,0.173922189843934,0.999224885424953,-4.55763865878132,FALSE
"A0A0B4J1Y8","Low_vs_Control_in_HighStress",-0.40468957244353,9.13237845357707,-1.36086283095182,0.174218255151306,0.999224885424953,-4.54115458085712,FALSE
"Q8IVW4","Low_vs_Control_in_HighStress",0.215417165761066,10.7039918382996,1.35356718165348,0.176480531178611,0.999224885424953,-4.56234952940034,FALSE
"Q9UQ16","Low_vs_Control_in_HighStress",0.284205724650112,7.30226438455966,1.35227088733324,0.177001791533525,0.999224885424953,-4.55144440144985,FALSE
"P23229","Low_vs_Control_in_HighStress",-0.201475529557662,9.94467402587353,-1.34971718665667,0.177697888612664,0.999224885424953,-4.56906167722085,FALSE
"Q8IZS8","Low_vs_Control_in_HighStress",0.173962746056777,9.69851791463775,1.34804497399436,0.178369525537315,0.999224885424953,-4.53759790069137,FALSE
"Q12797","Low_vs_Control_in_HighStress",-0.154930681368933,9.33365917433276,-1.34695667183242,0.178584786986662,0.999224885424953,-4.5717043489058,FALSE
"P08195","Low_vs_Control_in_HighStress",0.175975679381036,7.34264566609518,1.34014444904422,0.180793299533274,0.999224885424953,-4.57637112624629,FALSE
"Q15691","Low_vs_Control_in_HighStress",0.366155675597914,7.53935632871841,1.3403002884069,0.180859496559586,0.999224885424953,-4.55659780317918,FALSE
"Q13576","Low_vs_Control_in_HighStress",0.622516379000443,11.1940241837744,1.33980785508683,0.180902659974644,0.999224885424953,-4.57662051405886,FALSE
"P08319","Low_vs_Control_in_HighStress",0.290330131828537,10.3536398454033,1.33935160923715,0.181045220536242,0.999224885424953,-4.57895702689692,FALSE
"P08263;P09210","Low_vs_Control_in_HighStress",0.270634850137165,7.44960818469554,1.33626376483579,0.182233178187423,0.999224885424953,-4.55409545081938,FALSE
"Q96NZ9","Low_vs_Control_in_HighStress",-0.218820477701744,10.0565247433426,-1.32769038708354,0.184866814523451,0.999224885424953,-4.58999886812437,FALSE
"Q5JWF2","Low_vs_Control_in_HighStress",0.247462434287993,6.94996853826182,1.32737019406311,0.185084762910954,0.999224885424953,-4.58214626677532,FALSE
"Q9BUF5","Low_vs_Control_in_HighStress",-0.249440901601927,9.04100138955638,-1.32566632782527,0.185581370955023,0.999224885424953,-4.57802973564259,FALSE
"P27482","Low_vs_Control_in_HighStress",-0.207978606054835,10.6256611203261,-1.32422240176937,0.186015939635479,0.999224885424953,-4.5932644895081,FALSE
"A1L4H1","Low_vs_Control_in_HighStress",-0.18587310794242,11.5110008924975,-1.31808164320241,0.188060498784489,0.999224885424953,-4.59902532128782,FALSE
"Q9NZ53","Low_vs_Control_in_HighStress",0.192452812905595,8.53113110112218,1.31657654408014,0.18856556097958,0.999224885424953,-4.6004335909469,FALSE
"P14625","Low_vs_Control_in_HighStress",0.178452247143499,14.0300943662412,1.31463458358561,0.189216102351967,0.999224885424953,-4.60224764796584,FALSE
"P21980","Low_vs_Control_in_HighStress",-0.326960739715341,8.04439592981182,-1.31217943968703,0.190108959219445,0.999224885424953,-4.59486589145293,FALSE
"P19367","Low_vs_Control_in_HighStress",0.484157732853705,7.41152132612373,1.31063395003559,0.190773923521645,0.999224885424953,-4.56801578714341,FALSE
"O00299","Low_vs_Control_in_HighStress",-0.224187816089106,10.2654260656412,-1.30173813869304,0.193586115812176,0.999224885424953,-4.61422910024152,FALSE
"Q96K76","Low_vs_Control_in_HighStress",-0.331076027257187,6.11480742205963,-1.30111141643641,0.194017974851534,0.999224885424953,-4.56926854966696,FALSE
"P39060","Low_vs_Control_in_HighStress",-0.157334286804661,14.1331964245221,-1.29997277874933,0.194190052754394,0.999224885424953,-4.61586009607349,FALSE
"Q93008","Low_vs_Control_in_HighStress",-0.276957962360553,6.39835283522996,-1.29853018277765,0.194839451212036,0.999224885424953,-4.58164596257541,FALSE
"P28074","Low_vs_Control_in_HighStress",-0.287250286952047,7.05004282176703,-1.29782273125226,0.195056228892526,0.999224885424953,-4.57321247535893,FALSE
"P22735","Low_vs_Control_in_HighStress",-0.357287243463798,8.92787899244459,-1.29390329190848,0.196348702600355,0.999224885424953,-4.59417343966749,FALSE
"P59768","Low_vs_Control_in_HighStress",-0.184943250176437,7.92750765636845,-1.2920217862389,0.19700462488257,0.999224885424953,-4.61120585153935,FALSE
"P30086","Low_vs_Control_in_HighStress",-0.259181007691971,7.91745905845327,-1.2907299836189,0.197410281207647,0.999224885424953,-4.61024155610213,FALSE
"P10909","Low_vs_Control_in_HighStress",-0.160934790683683,18.9245639243143,-1.28522833130088,0.19928843244863,0.999224885424953,-4.62939659783332,FALSE
"P20701","Low_vs_Control_in_HighStress",-0.161667920288865,8.57395550348174,-1.28392762320135,0.199742860170235,0.999224885424953,-4.63058339447912,FALSE
"Q9ULI3","Low_vs_Control_in_HighStress",-0.104658065542395,13.5651344668898,-1.28366167062915,0.199835869277527,0.999224885424953,-4.63082590909759,FALSE
"P80303","Low_vs_Control_in_HighStress",-0.240986968384679,6.46652394997508,-1.27993393420072,0.20130000901103,0.999224885424953,-4.59682629387891,FALSE
"Q9BQE5","Low_vs_Control_in_HighStress",0.181400382781751,11.0032117998219,1.27889916010135,0.201556268966352,0.999224885424953,-4.63111010281639,FALSE
"P25786","Low_vs_Control_in_HighStress",-0.222412717485769,8.67566390785367,-1.2786240021168,0.201614969627201,0.999224885424953,-4.63267523861261,FALSE
"P53004","Low_vs_Control_in_HighStress",-0.259847360926507,7.09591964115241,-1.26896436218148,0.205103150959058,0.999224885424953,-4.6324578620776,FALSE
"Q04695","Low_vs_Control_in_HighStress",-0.344821087248681,9.33565938997994,-1.26813224316437,0.20533671016989,0.999224885424953,-4.64078424915103,FALSE
"P50395","Low_vs_Control_in_HighStress",-0.213879380314204,8.84589954259532,-1.25954795970821,0.208401270582997,0.999224885424953,-4.65260741341018,FALSE
"P07327","Low_vs_Control_in_HighStress",0.218828588378047,7.76743088812502,1.25635592135341,0.209572960812631,0.999224885424953,-4.65408692118945,FALSE
"P01876","Low_vs_Control_in_HighStress",-0.268553423675954,15.9423771207632,-1.25420951277295,0.210333098471317,0.999224885424953,-4.65737414101349,FALSE
"P21810","Low_vs_Control_in_HighStress",-0.159400970827507,10.8041489404627,-1.2512498986727,0.21140967995198,0.999224885424953,-4.66000814084197,FALSE
"P02751","Low_vs_Control_in_HighStress",0.173836677351256,13.8064220105094,1.25094286493052,0.211521594075376,0.999224885424953,-4.66028104149371,FALSE
"P62081","Low_vs_Control_in_HighStress",-0.234596641505647,6.82648193393613,-1.25032361440105,0.211870030737613,0.999224885424953,-4.6323618421935,FALSE
"Q7Z7M8","Low_vs_Control_in_HighStress",-0.175651171525375,8.60201116215942,-1.24987831996401,0.211911051621982,0.999224885424953,-4.66122673787897,FALSE
"Q96C19","Low_vs_Control_in_HighStress",-0.257137201722468,6.99234140103155,-1.2497580214584,0.212086288170375,0.999224885424953,-4.61412744558242,FALSE
"Q86VP6","Low_vs_Control_in_HighStress",-0.226536546318348,7.89533963043312,-1.24574310301166,0.213423439871082,0.999224885424953,-4.66489265082878,FALSE
"P04070","Low_vs_Control_in_HighStress",-0.167170112520546,14.313624815426,-1.24113037789235,0.215120906360171,0.999224885424953,-4.66896766951423,FALSE
"O00533","Low_vs_Control_in_HighStress",-0.173406442698523,9.02526859553548,-1.2400248903885,0.2155291673182,0.999224885424953,-4.66994206170928,FALSE
"O60844","Low_vs_Control_in_HighStress",0.265024723502304,7.235629263586,1.23943550310155,0.215946039166594,0.999224885424953,-4.60010182604998,FALSE
"Q08378","Low_vs_Control_in_HighStress",0.188004123121763,10.9803317747758,1.23864726226971,0.216131240484638,0.999224885424953,-4.6437218285022,FALSE
"P12821","Low_vs_Control_in_HighStress",0.168191509352937,8.01600293478439,1.23812358841619,0.216234819184371,0.999224885424953,-4.67161582727283,FALSE
"Q9UL25","Low_vs_Control_in_HighStress",0.212375012083116,6.81827425329881,1.22937890826271,0.219679467181162,0.999224885424953,-4.64501845336582,FALSE
"O75356","Low_vs_Control_in_HighStress",0.139083192401256,6.76851993455037,1.2255850377313,0.220966603647546,0.999224885424953,-4.6641135820512,FALSE
"P61019","Low_vs_Control_in_HighStress",0.278834757488675,7.09333030123776,1.22461172426707,0.221375934585746,0.999224885424953,-4.65474008067736,FALSE
"P11215","Low_vs_Control_in_HighStress",-0.147998960223358,8.18119304638152,-1.22359770903843,0.221661860002394,0.999224885424953,-4.68431966807197,FALSE
"P27105","Low_vs_Control_in_HighStress",0.263867860579357,9.47965337019592,1.21942447726144,0.223240696027749,0.999224885424953,-4.68794181886947,FALSE
"P01009","Low_vs_Control_in_HighStress",0.172238073352597,15.066071405462,1.21930739798306,0.22328399682095,0.999224885424953,-4.68804334726819,FALSE
"Q9Y376","Low_vs_Control_in_HighStress",-0.223177407916395,6.89473151519236,-1.21354943947316,0.225594498288507,0.999224885424953,-4.66437866974781,FALSE
"P35241","Low_vs_Control_in_HighStress",-0.138391121258588,11.5144485471076,-1.20783824431941,0.227662177122267,0.999224885424953,-4.69793399623985,FALSE
"O00232","Low_vs_Control_in_HighStress",-0.266217255016095,7.37854505275025,-1.20616362410091,0.228397348889976,0.999224885424953,-4.67224368157634,FALSE
"O00487","Low_vs_Control_in_HighStress",-0.297216817804085,8.01039292476217,-1.20598864107142,0.228459002282332,0.999224885424953,-4.67224579652947,FALSE
"Q8NBJ4","Low_vs_Control_in_HighStress",0.146349182795115,11.3961039174354,1.20170964668702,0.230026675668332,0.999224885424953,-4.70318107118049,FALSE
"O60814;P57053;P58876;P62807;Q5QNW6;Q93079;Q99877;Q99879","Low_vs_Control_in_HighStress",-0.230560766656914,12.3550016592123,-1.20008378828243,0.230656883842817,0.999224885424953,-4.70456862250499,FALSE
"Q96MY7","Low_vs_Control_in_HighStress",-0.28037022830946,13.1682044792547,-1.19870174315061,0.231208855478381,0.999224885424953,-4.70049433181726,FALSE
"P49721","Low_vs_Control_in_HighStress",-0.235119570642394,7.08669169987332,-1.19448748509637,0.232955786796681,0.999224885424953,-4.67077993630277,FALSE
"P32942","Low_vs_Control_in_HighStress",-0.144435520021769,9.77838801341332,-1.19225657529956,0.233708058653963,0.999224885424953,-4.71122247283084,FALSE
"P20908","Low_vs_Control_in_HighStress",0.171682235067835,7.7270153505008,1.19145903027335,0.234047201731072,0.999224885424953,-4.7058329866965,FALSE
"P13645","Low_vs_Control_in_HighStress",0.222125227999705,14.3720868518528,1.19092179314147,0.23423122902339,0.999224885424953,-4.71235284559336,FALSE
"P67936","Low_vs_Control_in_HighStress",-0.335909058099814,9.97488390188142,-1.18951242369927,0.234785596012568,0.999224885424953,-4.71354485098604,FALSE
"O00602","Low_vs_Control_in_HighStress",0.184359336065215,8.28377233892702,1.18925904675105,0.234945229002286,0.999224885424953,-4.70225810931755,FALSE
"Q8NCH0","Low_vs_Control_in_HighStress",-0.183737465196329,7.27292738089691,-1.18709116680345,0.235840158246055,0.999224885424953,-4.70563509006082,FALSE
"O00429","Low_vs_Control_in_HighStress",0.324510983156414,7.1079242375936,1.18514446885018,0.236624826515732,0.999224885424953,-4.69230054857945,FALSE
"Q14697","Low_vs_Control_in_HighStress",-0.154276656002352,9.82950310667084,-1.18424956122767,0.236858899362067,0.999224885424953,-4.71798443655798,FALSE
"P17900","Low_vs_Control_in_HighStress",-0.183406853137311,7.53298427407839,-1.18062485906398,0.238365131443853,0.999224885424953,-4.70747052490129,FALSE
"Q9NY97","Low_vs_Control_in_HighStress",-0.177283638486758,9.37285697620145,-1.17963882497809,0.23868687471269,0.999224885424953,-4.72185769718092,FALSE
"P06454","Low_vs_Control_in_HighStress",-0.154152555814674,10.8460514353362,-1.17960868496431,0.238704160926375,0.999224885424953,-4.71877895384649,FALSE
"Q6UWD8","Low_vs_Control_in_HighStress",0.164379424984535,7.21463163009614,1.17957385720964,0.238816579523187,0.999224885424953,-4.69284333043527,FALSE
"P55160","Low_vs_Control_in_HighStress",0.249536481782345,6.81640458209073,1.17758074274971,0.239612770609327,0.999224885424953,-4.68310890698163,FALSE
"P00742","Low_vs_Control_in_HighStress",-0.119306317526091,14.9378782243176,-1.17502024839334,0.240527945757154,0.999224885424953,-4.72572250072683,FALSE
"P01871","Low_vs_Control_in_HighStress",0.217182777229002,16.5502013049158,1.17468675654519,0.240661270642665,0.999224885424953,-4.72600098230487,FALSE
"Q8WXI7","Low_vs_Control_in_HighStress",-0.248798597679194,6.78949711173761,-1.17349975281806,0.241261183941563,0.999224885424953,-4.68907532031947,FALSE
"P02545","Low_vs_Control_in_HighStress",0.252881635749182,8.97689336036018,1.17294035680898,0.24138434066154,0.999224885424953,-4.72204265177087,FALSE
"A0A075B6H9","Low_vs_Control_in_HighStress",0.341979717031556,10.7077033239488,1.17286817884636,0.241400983551165,0.999224885424953,-4.72513006450803,FALSE
"P62136","Low_vs_Control_in_HighStress",0.259602694251011,6.65518436711675,1.17170378123153,0.241963957888439,0.999224885424953,-4.7064975741156,FALSE
"O43681","Low_vs_Control_in_HighStress",-0.300572707499438,7.46445632411487,-1.16819696236046,0.24336633674225,0.999224885424953,-4.69323862855603,FALSE
"O43529","Low_vs_Control_in_HighStress",-0.184403458152683,7.08046953571719,-1.16755815091585,0.243567631945969,0.999224885424953,-4.71301587864195,FALSE
"A0A0J9YX35","Low_vs_Control_in_HighStress",-0.337620919056363,10.4077073834849,-1.16298738747432,0.245416619285879,0.999224885424953,-4.70064955168816,FALSE
"A0A075B6J9","Low_vs_Control_in_HighStress",-0.349546775242878,9.23374051793308,-1.16099904433495,0.246222276492719,0.999224885424953,-4.70759354880645,FALSE
"Q15904","Low_vs_Control_in_HighStress",-0.189205866583873,7.95811699464039,-1.16081361003367,0.246290429774803,0.999224885424953,-4.73517863866961,FALSE
"P21439","Low_vs_Control_in_HighStress",-0.193057137056542,9.11995590656218,-1.15626436477662,0.248226320514612,0.999224885424953,-4.70993308320044,FALSE
"P18124","Low_vs_Control_in_HighStress",-0.258571046097881,6.24826602848043,-1.15355379106986,0.249376168183995,0.999224885424953,-4.68809383653605,FALSE
"P05198","Low_vs_Control_in_HighStress",-0.249966375296627,6.91544542132137,-1.15171919353821,0.250128602886815,0.999224885424953,-4.69921241935621,FALSE
"O14645","Low_vs_Control_in_HighStress",-0.205937137702835,11.3959261975532,-1.15137280097594,0.250150219367544,0.999224885424953,-4.72846472034491,FALSE
"Q86TH1","Low_vs_Control_in_HighStress",-0.185759518566551,9.02453794597641,-1.15045400715375,0.25048921174252,0.999224885424953,-4.74602634290019,FALSE
"P31949","Low_vs_Control_in_HighStress",-0.181634210428516,7.98522564290419,-1.14993318001204,0.250719386007177,0.999224885424953,-4.7424703138033,FALSE
"O14791","Low_vs_Control_in_HighStress",-0.132023076746057,15.286307556677,-1.14719072378466,0.251833853998356,0.999224885424953,-4.74869136346286,FALSE
"P52209","Low_vs_Control_in_HighStress",-0.250142238213822,8.29404794871757,-1.14509022380288,0.252715716608779,0.999224885424953,-4.74067025467837,FALSE
"Q16378","Low_vs_Control_in_HighStress",0.316606688797391,10.1440730591816,1.14245214317695,0.253858397197457,0.999224885424953,-4.70897613532588,FALSE
"Q9HCU0","Low_vs_Control_in_HighStress",0.147774224397937,14.1819509543834,1.14214556707217,0.253922641970536,0.999224885424953,-4.75279678205856,FALSE
"Q6Q788","Low_vs_Control_in_HighStress",0.142816710971612,12.4906748574499,1.14064981428502,0.254544228967107,0.999224885424953,-4.7540104729247,FALSE
"O14786","Low_vs_Control_in_HighStress",-0.117782657272803,14.1057122819407,-1.1395894982285,0.254985504891749,0.999224885424953,-4.75486988251544,FALSE
"P14543","Low_vs_Control_in_HighStress",-0.172537013218351,12.1827363047751,-1.13783909504722,0.255715143877846,0.999224885424953,-4.75628688545943,FALSE
"Q92696","Low_vs_Control_in_HighStress",-0.176541513842098,9.20255972567773,-1.12999881481211,0.25904632547979,0.999224885424953,-4.74286629990888,FALSE
"P46940","Low_vs_Control_in_HighStress",0.230842982592922,9.73664473237261,1.1296737308164,0.259138018392552,0.999224885424953,-4.76286839269306,FALSE
"P62805","Low_vs_Control_in_HighStress",-0.218104411770494,12.673943238704,-1.12914001933805,0.259362850322684,0.999224885424953,-4.7632969389153,FALSE
"P06744","Low_vs_Control_in_HighStress",0.308368478390225,7.33467484437811,1.1278763244553,0.259968418262949,0.999224885424953,-4.73516056956264,FALSE
"Q86SF2","Low_vs_Control_in_HighStress",-0.164109992383393,6.68609049859274,-1.12514836960198,0.26119820872352,0.999224885424953,-4.71776123314848,FALSE
"Q86UX2","Low_vs_Control_in_HighStress",-0.14446504260509,7.58101922272637,-1.12333234394538,0.261822229160512,0.999224885424953,-4.76464752538263,FALSE
"P46783","Low_vs_Control_in_HighStress",-0.255850881461882,7.1455769501443,-1.12365313543555,0.261836534460793,0.999224885424953,-4.72370429136305,FALSE
"Q10589","Low_vs_Control_in_HighStress",-0.241692946026069,7.42872267096345,-1.1227466689253,0.262149714943812,0.999224885424953,-4.73641647160361,FALSE
"P04075","Low_vs_Control_in_HighStress",-0.207189510642806,9.79401082826091,-1.11752588939829,0.264289009602136,0.999224885424953,-4.77257272304406,FALSE
"Q8NI51","Low_vs_Control_in_HighStress",-0.345819096822822,12.5696084430357,-1.11618665152978,0.264888671949734,0.999224885424953,-4.76704310702435,FALSE
"P01116","Low_vs_Control_in_HighStress",0.205926279471925,8.09842352474422,1.11534459124238,0.26534579556527,0.999224885424953,-4.71977973258003,FALSE
"P18669","Low_vs_Control_in_HighStress",-0.224194362004656,7.67957005667091,-1.11295519751846,0.266292282433322,0.999224885424953,-4.75914107147725,FALSE
"Q9NT62","Low_vs_Control_in_HighStress",-0.188200373470281,7.65226404282489,-1.11276800458551,0.266359800218576,0.999224885424953,-4.75624916725184,FALSE
"P62333","Low_vs_Control_in_HighStress",-0.217565204008577,7.97530198225185,-1.11113546221512,0.267113322702209,0.999224885424953,-4.75141927284503,FALSE
"Q9HCM3","Low_vs_Control_in_HighStress",-0.123661929703994,9.58969756289802,-1.10562064845736,0.269405406202826,0.999224885424953,-4.78198208423313,FALSE
"Q06830","Low_vs_Control_in_HighStress",-0.222251991985422,11.3367596012712,-1.09684313067993,0.273221019436125,0.999224885424953,-4.78885528617478,FALSE
"Q96P70","Low_vs_Control_in_HighStress",-0.28139631198203,6.99636663059017,-1.09638964774483,0.273601586418568,0.999224885424953,-4.69138773660142,FALSE
"P60985","Low_vs_Control_in_HighStress",-0.188787281918216,10.9812272597266,-1.09476106440717,0.274131511787052,0.999224885424953,-4.79047764978857,FALSE
"P11166","Low_vs_Control_in_HighStress",0.203042033171203,9.63053545606769,1.09458107289831,0.27421329827535,0.999224885424953,-4.79061665795225,FALSE
"P28072","Low_vs_Control_in_HighStress",-0.176158795064221,7.45889430859989,-1.09410931235879,0.274460887873494,0.999224885424953,-4.76783013375784,FALSE
"A0A0B4J1U7","Low_vs_Control_in_HighStress",-0.287752416145663,11.1591869462795,-1.09249415336753,0.275140420345964,0.999224885424953,-4.78883346688591,FALSE
"P08729","Low_vs_Control_in_HighStress",0.451334231850531,12.8888769577043,1.09232342066629,0.275279904066376,0.999224885424953,-4.75959070501133,FALSE
"P54577","Low_vs_Control_in_HighStress",-0.282170290886507,8.01287685759732,-1.08960525923836,0.27646947244763,0.999224885424953,-4.75623998803338,FALSE
"P78417","Low_vs_Control_in_HighStress",-0.22691650325746,9.64712903841864,-1.08302102624699,0.279307302394593,0.999224885424953,-4.799567080765,FALSE
"P09326","Low_vs_Control_in_HighStress",-0.169101999123484,8.27252669852262,-1.08203904441631,0.279765687292049,0.999224885424953,-4.79436531883259,FALSE
"P02766","Low_vs_Control_in_HighStress",-0.129718865818244,13.3302924385239,-1.08181580868934,0.279839132621116,0.999224885424953,-4.80049594589063,FALSE
"A0A0C4DH38","Low_vs_Control_in_HighStress",-0.305818786161817,9.60975575879872,-1.08182281986779,0.279870446822205,0.999224885424953,-4.77384969583575,FALSE
"Q15582","Low_vs_Control_in_HighStress",-0.132806878229625,10.6948285205239,-1.0784582480974,0.281332630931878,0.999224885424953,-4.80307500369927,FALSE
"P62258","Low_vs_Control_in_HighStress",-0.187802320550087,8.07808906629339,-1.07832511761282,0.28139391627371,0.999224885424953,-4.80317632127807,FALSE
"Q9NP72","Low_vs_Control_in_HighStress",0.219661077216744,6.85917119828735,1.0761877978797,0.282523248395474,0.999224885424953,-4.74925606238884,FALSE
"O00560","Low_vs_Control_in_HighStress",-0.189176344941522,9.43287317694142,-1.07343925929209,0.283586158859098,0.999224885424953,-4.80691095420446,FALSE
"Q7LFX5","Low_vs_Control_in_HighStress",-0.147552155137433,8.52295385874585,-1.06554907757207,0.28712530988755,0.999224885424953,-4.81291674284427,FALSE
"P35625","Low_vs_Control_in_HighStress",-0.209690369992872,8.9238477481363,-1.06409088214741,0.287799539366865,0.999224885424953,-4.81317082595929,FALSE
"P61626","Low_vs_Control_in_HighStress",0.143837482342519,10.6027256520192,1.06120755197177,0.289091481846369,0.999224885424953,-4.81620016979601,FALSE
"O95715","Low_vs_Control_in_HighStress",0.188857558044035,8.76671663485513,1.06117129077071,0.289159879910252,0.999224885424953,-4.80654773262054,FALSE
"O95498","Low_vs_Control_in_HighStress",-0.187781961374791,7.71699451981414,-1.05949520054317,0.289965554799353,0.999224885424953,-4.787295959194,FALSE
"Q9H8L6","Low_vs_Control_in_HighStress",0.154718584726632,10.7485586581377,1.05814039010595,0.290485996694363,0.999224885424953,-4.81851178030353,FALSE
"P04921","Low_vs_Control_in_HighStress",0.199706093532063,8.76917039648236,1.05378861565618,0.292569321692056,0.999224885424953,-4.77755527379935,FALSE
"Q9H6X2","Low_vs_Control_in_HighStress",0.143198363916614,8.48097339830864,1.0528602574042,0.292897277879596,0.999224885424953,-4.82247564155048,FALSE
"O43491","Low_vs_Control_in_HighStress",-0.197118467956525,7.3273107517035,-1.0527164803574,0.293026550633349,0.999224885424953,-4.8021567652884,FALSE
"P80511","Low_vs_Control_in_HighStress",-0.256622943939104,7.94284215439257,-1.05077895766084,0.293912342159637,0.999224885424953,-4.7963200926104,FALSE
"Q4LDE5","Low_vs_Control_in_HighStress",0.180745118117791,10.6076096730931,1.05062212412251,0.293923422706826,0.999224885424953,-4.82414988509673,FALSE
"Q96GI7","Low_vs_Control_in_HighStress",0.184194213493912,9.3160434184986,1.04997147333577,0.29429910178197,0.999224885424953,-4.78206762595344,FALSE
"P11717","Low_vs_Control_in_HighStress",-0.181150422129403,6.45624034908619,-1.04978237999386,0.294464004336301,0.999224885424953,-4.75823424654994,FALSE
"P00736","Low_vs_Control_in_HighStress",-0.153244349066899,15.7427185587393,-1.04876537878418,0.294776540804764,0.999224885424953,-4.82553614100759,FALSE
"P46459","Low_vs_Control_in_HighStress",0.250056597631477,7.17099264976762,1.04749398704549,0.295402759256212,0.999224885424953,-4.81406404321578,FALSE
"Q9NQ30","Low_vs_Control_in_HighStress",-0.140118484022501,9.49458803488336,-1.04549558731502,0.296288696141224,0.999224885424953,-4.82624061435445,FALSE
"P04233","Low_vs_Control_in_HighStress",-0.129379562902274,9.29893092877623,-1.04398736412962,0.296983346818787,0.999224885424953,-4.82637665220872,FALSE
"P01042","Low_vs_Control_in_HighStress",-0.243637890728175,15.4118958099664,-1.04358311941045,0.297166428337973,0.999224885424953,-4.82939234141848,FALSE
"P05154","Low_vs_Control_in_HighStress",0.114453650588661,11.1060086987,1.04183181635514,0.297977000750833,0.999224885424953,-4.83069121848683,FALSE
"Q02952","Low_vs_Control_in_HighStress",0.149540233621588,10.8424876721318,1.03894615205091,0.299315829090142,0.999224885424953,-4.83282667647798,FALSE
"P01700","Low_vs_Control_in_HighStress",-0.25839782277151,12.3474401941656,-1.0371108183361,0.300169438720159,0.999224885424953,-4.83418180067252,FALSE
"P06703","Low_vs_Control_in_HighStress",-0.180904046616543,9.97961459786878,-1.0359911213567,0.300693836005733,0.999224885424953,-4.83500603101837,FALSE
"P04350","Low_vs_Control_in_HighStress",-0.200923175188322,9.3406841749838,-1.03395991996177,0.301680394760906,0.999224885424953,-4.80734366707393,FALSE
"Q7Z3Y7","Low_vs_Control_in_HighStress",0.174773003410461,15.3859550198003,1.03335936278366,0.301922114603046,0.999224885424953,-4.83420376664925,FALSE
"Q9UNW1","Low_vs_Control_in_HighStress",-0.143316216494217,10.2503186421278,-1.03050551192006,0.303255010910488,0.999224885424953,-4.8390391255797,FALSE
"P68104;Q5VTE0","Low_vs_Control_in_HighStress",-0.186590637755387,9.95519905502337,-1.02877143636259,0.304068550690043,0.999224885424953,-4.84030919166561,FALSE
"P19013","Low_vs_Control_in_HighStress",-0.189651350858551,12.9792234996586,-1.02559542762301,0.30556326888594,0.999224885424953,-4.83987184253595,FALSE
"P68431","Low_vs_Control_in_HighStress",-0.195172283827034,10.8600713555101,-1.02455917676693,0.306050777540202,0.999224885424953,-4.84338545961615,FALSE
"P01602","Low_vs_Control_in_HighStress",-0.246894838175129,8.47720281618991,-1.01906281457219,0.308761794834062,0.999224885424953,-4.78862532589778,FALSE
"Q10471","Low_vs_Control_in_HighStress",-0.120461135416891,7.63284988649175,-1.01736284624105,0.309458020898487,0.999224885424953,-4.84861152437023,FALSE
"Q08380","Low_vs_Control_in_HighStress",-0.124765574726897,16.369462900768,-1.0162135805452,0.310003410001265,0.999224885424953,-4.84944327522386,FALSE
"Q96PL5","Low_vs_Control_in_HighStress",0.197127937605878,7.09352915068074,1.0153937386895,0.31050195602055,0.999224885424953,-4.82232474455667,FALSE
"P53634","Low_vs_Control_in_HighStress",-0.155448967174078,10.2574386809939,-1.01493433546827,0.31061225984645,0.999224885424953,-4.85036748370661,FALSE
"P11047","Low_vs_Control_in_HighStress",-0.157468340234002,9.26542368320038,-1.01330844640584,0.311387234550716,0.999224885424953,-4.85154045850264,FALSE
"Q9Y4F3","Low_vs_Control_in_HighStress",-0.191829728199737,12.713313291584,-1.00539654806327,0.315186890345172,0.999224885424953,-4.85441178579563,FALSE
"P29508","Low_vs_Control_in_HighStress",-0.243954554387916,7.94705885421987,-1.00411505225132,0.315853861161129,0.999224885424953,-4.80368520437261,FALSE
"P13797","Low_vs_Control_in_HighStress",-0.199823900279898,6.30121188898574,-1.00404702277097,0.316016459290251,0.999224885424953,-4.80191238903399,FALSE
"P11234","Low_vs_Control_in_HighStress",0.159079837576403,9.03271745098998,1.00318943260088,0.316244671369772,0.999224885424953,-4.85790624517077,FALSE
"Q09328","Low_vs_Control_in_HighStress",-0.106958233677034,8.89504720732085,-1.00092194379843,0.317333171490673,0.999224885424953,-4.86041510258919,FALSE
"P39059","Low_vs_Control_in_HighStress",-0.149774991130208,10.3370924022234,-0.999878188142024,0.317837597709079,0.999224885424953,-4.86115796822443,FALSE
"Q9BU40","Low_vs_Control_in_HighStress",0.209422436544791,8.47761248635536,0.999893421303878,0.317856037290187,0.999224885424953,-4.85094342347957,FALSE
"P14314","Low_vs_Control_in_HighStress",0.0996974075189296,12.3645363561711,0.997703914141991,0.318890072220459,0.999224885424953,-4.86270297399888,FALSE
"Q8NBS9","Low_vs_Control_in_HighStress",-0.18135785178095,7.95624233795867,-0.994445518895688,0.320519272607006,0.999224885424953,-4.84635789688004,FALSE
"P15924","Low_vs_Control_in_HighStress",0.208093277966839,10.1590568985184,0.990372628844707,0.322455684861193,0.999224885424953,-4.86788780548198,FALSE
"P16401","Low_vs_Control_in_HighStress",-0.241087644219803,9.24382771811394,-0.989606138825558,0.322836333421648,0.999224885424953,-4.86842426976584,FALSE
"P04839","Low_vs_Control_in_HighStress",-0.227715513323294,7.02369859089844,-0.989463208904545,0.323033862946278,0.999224885424953,-4.80746689690103,FALSE
"P12111","Low_vs_Control_in_HighStress",0.106414340894164,9.63917569220986,0.987400142882916,0.323908774022387,0.999224885424953,-4.86997916495533,FALSE
"Q96JM4","Low_vs_Control_in_HighStress",-0.181249737249843,9.04351359520846,-0.986199770358217,0.324586386568486,0.999224885424953,-4.83265299070848,FALSE
"A0A087WSX0","Low_vs_Control_in_HighStress",-0.300255340020337,12.48746123952,-0.985182008585565,0.324999481454819,0.999224885424953,-4.86971602714497,FALSE
"Q8N307","Low_vs_Control_in_HighStress",-0.13565429597098,10.2198904475629,-0.981977581807625,0.326571467888564,0.999224885424953,-4.87377772673394,FALSE
"Q93084","Low_vs_Control_in_HighStress",-0.317173505342796,8.0537459617487,-0.982133688690993,0.326606800194353,0.999224885424953,-4.83893614810671,FALSE
"P78539","Low_vs_Control_in_HighStress",0.116477816250013,9.36449724584815,0.981415138465512,0.326848370628293,0.999224885424953,-4.87417058271334,FALSE
"Q5H9R7","Low_vs_Control_in_HighStress",0.22043012771493,6.2024474221783,0.981507722674903,0.326930459501412,0.999224885424953,-4.8317032738472,FALSE
"Q13177","Low_vs_Control_in_HighStress",-0.185312445507012,7.05355052394308,-0.979551651395398,0.327810807767347,0.999224885424953,-4.85456650714449,FALSE
"Q04760","Low_vs_Control_in_HighStress",-0.209153033190045,8.11450244942422,-0.978443070875135,0.328357980831343,0.999224885424953,-4.85059457942695,FALSE
"P62979","Low_vs_Control_in_HighStress",-0.147013255010622,11.3767942276717,-0.973749631368749,0.330636619246434,0.999224885424953,-4.87950295520509,FALSE
"P01024","Low_vs_Control_in_HighStress",0.154948366634244,12.8690672400851,0.972003662182698,0.331503640085269,0.999224885424953,-4.88071157803516,FALSE
"P08581","Low_vs_Control_in_HighStress",0.209183138552286,7.14513897794442,0.967667868544367,0.333713755883634,0.999224885424953,-4.86528810262138,FALSE
"P01591","Low_vs_Control_in_HighStress",0.193992159336705,10.7534476961789,0.964748534921228,0.335122196149042,0.999224885424953,-4.88571071425207,FALSE
"P48960","Low_vs_Control_in_HighStress",-0.119424814828984,7.6216305410627,-0.960875497461272,0.337072281468872,0.999224885424953,-4.88650731398818,FALSE
"P22891","Low_vs_Control_in_HighStress",-0.162549795360404,14.7352282588151,-0.959842959182072,0.337583298889056,0.999224885424953,-4.8890697693527,FALSE
"P02671","Low_vs_Control_in_HighStress",0.180642118440272,16.1605282045091,0.958153598057941,0.338433532368861,0.999224885424953,-4.8902226006448,FALSE
"Q96MT3","Low_vs_Control_in_HighStress",0.272384135306121,11.9342487165789,0.957833747111114,0.338690420323997,0.999224885424953,-4.83856390871858,FALSE
"P12110","Low_vs_Control_in_HighStress",-0.12567433943723,8.96326542801048,-0.955040781349574,0.340004646134996,0.999224885424953,-4.88942299164647,FALSE
"O00468","Low_vs_Control_in_HighStress",-0.100979067629014,10.1802458113195,-0.953985915484637,0.34053696373128,0.999224885424953,-4.89305800960931,FALSE
"P00387","Low_vs_Control_in_HighStress",0.206893203122153,8.66386491759499,0.953729740865432,0.340674434350185,0.999224885424953,-4.8932272987997,FALSE
"Q99497","Low_vs_Control_in_HighStress",-0.206172580099761,8.74573045486422,-0.953588073718621,0.340767631129645,0.999224885424953,-4.8681654901052,FALSE
"Q7Z4R8","Low_vs_Control_in_HighStress",0.131888429885984,7.97824033717826,0.953450985104988,0.340960516502244,0.999224885424953,-4.82497901251925,FALSE
"P30273","Low_vs_Control_in_HighStress",0.144440758895508,8.26531640914818,0.949820613802622,0.342673009697892,0.999224885424953,-4.8901615544032,FALSE
"Q9NP58","Low_vs_Control_in_HighStress",-0.173077220109809,8.76581546089339,-0.949157732109657,0.343011580322611,0.999224885424953,-4.89338056501286,FALSE
"Q16627","Low_vs_Control_in_HighStress",-0.192015556178825,10.7778767446211,-0.948993047406082,0.343071362258663,0.999224885424953,-4.89550875458275,FALSE
"Q16851","Low_vs_Control_in_HighStress",0.200857930967145,7.15142336863919,0.948495662624395,0.343374586729759,0.999224885424953,-4.89196713674953,FALSE
"P02760","Low_vs_Control_in_HighStress",-0.077603873967016,15.7761766532437,-0.947330792491552,0.343913183312572,0.999224885424953,-4.89756019318562,FALSE
"P36871","Low_vs_Control_in_HighStress",0.187524830913207,7.53282219298253,0.947191851251962,0.343998960792099,0.999224885424953,-4.88902881119471,FALSE
"Q13214","Low_vs_Control_in_HighStress",-0.150383807742528,7.88766559113989,-0.944340879132816,0.345487401700614,0.999224885424953,-4.8752038678818,FALSE
"Q06323","Low_vs_Control_in_HighStress",-0.172678859868848,9.34606970369843,-0.941103565530482,0.347092520981766,0.999224885424953,-4.9017439820925,FALSE
"Q658P3","Low_vs_Control_in_HighStress",0.146157617411204,8.60031979857161,0.940874871102282,0.347223711444151,0.999224885424953,-4.90188873027729,FALSE
"P35916","Low_vs_Control_in_HighStress",-0.129755444220873,9.52083692251428,-0.939532095121539,0.347896727302473,0.999224885424953,-4.90279607527062,FALSE
"Q09327","Low_vs_Control_in_HighStress",-0.153403350776939,7.51174105797776,-0.938139099124861,0.348647134342227,0.999224885424953,-4.88213621647694,FALSE
"P04083","Low_vs_Control_in_HighStress",-0.179314360565214,7.6654557926834,-0.937691333196348,0.348844674662933,0.999224885424953,-4.90402359206098,FALSE
"P25789","Low_vs_Control_in_HighStress",-0.168875772767393,8.1728785997245,-0.93336503406565,0.351094459184888,0.999224885424953,-4.89512368173159,FALSE
"Q6UWP8","Low_vs_Control_in_HighStress",0.152512939209419,8.86699732756677,0.930595699480761,0.352497426739692,0.999224885424953,-4.90874280380488,FALSE
"P00751","Low_vs_Control_in_HighStress",-0.179155540200739,14.527263135654,-0.927309206513597,0.354199070573181,0.999224885424953,-4.91091556986114,FALSE
"P01860","Low_vs_Control_in_HighStress",-0.236979599119273,13.5268326662248,-0.924560570738444,0.35562621824381,0.999224885424953,-4.91272687021593,FALSE
"Q9BUL8","Low_vs_Control_in_HighStress",0.218360024079517,7.75580221137465,0.92338707127836,0.356327536079608,0.999224885424953,-4.88460918751223,FALSE
"P53396","Low_vs_Control_in_HighStress",-0.239043391983173,7.43840067258746,-0.921972409434616,0.357010452160322,0.999224885424953,-4.90168666924996,FALSE
"P35613","Low_vs_Control_in_HighStress",-0.129712056076539,9.7854404651617,-0.920996628646513,0.357483767914321,0.999224885424953,-4.91506644207662,FALSE
"Q14554","Low_vs_Control_in_HighStress",-0.233510918508697,7.84042129352215,-0.91870569311108,0.358726265791281,0.999224885424953,-4.88498778542384,FALSE
"Q9H3G5","Low_vs_Control_in_HighStress",-0.126569473703746,8.69120738308076,-0.918038552803655,0.359027945795252,0.999224885424953,-4.91700282135878,FALSE
"P05160","Low_vs_Control_in_HighStress",0.200509791795346,10.9060281251502,0.917329246076981,0.359399044247349,0.999224885424953,-4.91746609365924,FALSE
"P11766","Low_vs_Control_in_HighStress",-0.289371268965827,8.20099014053407,-0.917217051355835,0.359583580570416,0.999224885424953,-4.8697537557566,FALSE
"Q13885","Low_vs_Control_in_HighStress",0.16691512653993,9.84143435867908,0.916878190962723,0.359638505440887,0.999224885424953,-4.91584575790343,FALSE
"P01857","Low_vs_Control_in_HighStress",-0.181697308867973,15.6503950284986,-0.913011070965379,0.361662633598777,0.999224885424953,-4.92027926210139,FALSE
"P48735","Low_vs_Control_in_HighStress",0.20184625055626,7.91816781089398,0.911366049446788,0.362554750655994,0.999224885424953,-4.89800762880695,FALSE
"P20930","Low_vs_Control_in_HighStress",0.169660090679809,8.55168975297521,0.909615014756035,0.363457305189081,0.999224885424953,-4.92055493312815,FALSE
"Q8N8M0","Low_vs_Control_in_HighStress",-0.177383223460504,8.40221414328716,-0.90928665019839,0.363694865397215,0.999224885424953,-4.86721172010199,FALSE
"Q6UW49","Low_vs_Control_in_HighStress",-0.177032892205068,7.90624448558513,-0.907891102282625,0.364378819690262,0.999224885424953,-4.91563210167793,FALSE
"Q96GW7","Low_vs_Control_in_HighStress",-0.124417220894979,7.67663917719924,-0.905784733383381,0.365497189921217,0.999224885424953,-4.9180716835545,FALSE
"P00568","Low_vs_Control_in_HighStress",-0.204931668860212,8.6421613641535,-0.905191770968898,0.365794960984119,0.999224885424953,-4.92041238439532,FALSE
"Q01546","Low_vs_Control_in_HighStress",0.262904661782487,10.0824458163479,0.900112537571868,0.368571823344945,0.999224885424953,-4.86356333692385,FALSE
"P07942","Low_vs_Control_in_HighStress",-0.13176969568614,9.9521803158994,-0.899418794763693,0.368848701057648,0.999224885424953,-4.92904634800266,FALSE
"Q9BYJ0","Low_vs_Control_in_HighStress",0.141023015157632,10.4278262147083,0.898476196097595,0.369350322690337,0.999224885424953,-4.92964947288033,FALSE
"P23526","Low_vs_Control_in_HighStress",-0.192389405793413,8.03183262475543,-0.89828179220008,0.36948704516375,0.999224885424953,-4.91673514100191,FALSE
"Q9NY65","Low_vs_Control_in_HighStress",0.24361923672679,7.66008430831414,0.896473142739361,0.370508133214133,0.999224885424953,-4.88633359582848,FALSE
"P05164","Low_vs_Control_in_HighStress",0.198543640358796,6.49315639944791,0.896344763839982,0.370575401409428,0.999224885424953,-4.88681184931741,FALSE
"Q07960","Low_vs_Control_in_HighStress",0.16449072528787,7.91996207824323,0.894086682116165,0.371700099534122,0.999224885424953,-4.93050172483707,FALSE
"Q96L46","Low_vs_Control_in_HighStress",0.140027632737455,10.8305739398195,0.893765993541755,0.371864931477376,0.999224885424953,-4.93070957264275,FALSE
"Q9Y4L1","Low_vs_Control_in_HighStress",0.114425248625828,8.97105158380125,0.892662970934988,0.372453333204475,0.999224885424953,-4.9333551631934,FALSE
"P01344","Low_vs_Control_in_HighStress",0.118441437523128,10.9390044867965,0.892162078147961,0.372722263489786,0.999224885424953,-4.93367282301852,FALSE
"P08567","Low_vs_Control_in_HighStress",0.218748888009154,9.21616802320604,0.889530638078115,0.374134439162247,0.999224885424953,-4.93534040399277,FALSE
"Q02985","Low_vs_Control_in_HighStress",-0.170563824141611,9.58465417816836,-0.887524356599919,0.375213730519759,0.999224885424953,-4.93259469549916,FALSE
"O75309","Low_vs_Control_in_HighStress",0.152175057587195,7.29110766952984,0.88665316550384,0.375692287789404,0.999224885424953,-4.92593958083547,FALSE
"Q99542","Low_vs_Control_in_HighStress",-0.119695984725855,11.0254164838195,-0.886551216466548,0.375733109524726,0.999224885424953,-4.93722531758026,FALSE
"Q9ULV4","Low_vs_Control_in_HighStress",-0.267983380226097,7.96139469694375,-0.886196149623893,0.375996395157896,0.999224885424953,-4.89828420308417,FALSE
"P14151","Low_vs_Control_in_HighStress",-0.101866899276537,14.5484473128604,-0.885532269547365,0.376281645737087,0.999224885424953,-4.93786797089901,FALSE
"O75558","Low_vs_Control_in_HighStress",0.229886042127476,6.54892422958396,0.88000883665197,0.379383482390989,0.999224885424953,-4.89554339355308,FALSE
"Q12805","Low_vs_Control_in_HighStress",-0.133231679729748,11.1129893101802,-0.8754645051102,0.381728098195347,0.999224885424953,-4.94417817180284,FALSE
"O75170","Low_vs_Control_in_HighStress",-0.232251532719653,8.82842364059505,-0.874581114408679,0.382307023751458,0.999224885424953,-4.8763803760436,FALSE
"P05107","Low_vs_Control_in_HighStress",-0.104828345589683,9.4635606364959,-0.873746936385981,0.382662087657551,0.999224885424953,-4.9452475202087,FALSE
"P49773","Low_vs_Control_in_HighStress",-0.20912287108499,7.47443152522566,-0.870018820066874,0.384808580237175,0.999224885424953,-4.88483540049928,FALSE
"P10644","Low_vs_Control_in_HighStress",0.183710129672805,7.55584653349951,0.869449826478933,0.385066123934291,0.999224885424953,-4.92736595443279,FALSE
"P13612","Low_vs_Control_in_HighStress",-0.111193139275629,7.87621061934555,-0.868025772453727,0.385792060215527,0.999224885424953,-4.94681219376074,FALSE
"P60900","Low_vs_Control_in_HighStress",-0.171568530884181,7.61762097464729,-0.867394337073644,0.386166210845883,0.999224885424953,-4.91258370487425,FALSE
"P07900","Low_vs_Control_in_HighStress",-0.124604728840778,10.2591200670229,-0.866628828860987,0.386547765408359,0.999224885424953,-4.94965691200389,FALSE
"P23280","Low_vs_Control_in_HighStress",0.147515987308013,7.38062884006955,0.866281497118138,0.386846736240937,0.999224885424953,-4.87099043067086,FALSE
"P62820","Low_vs_Control_in_HighStress",0.201453000917126,7.68384207839924,0.864727324013081,0.387688545131982,0.999224885424953,-4.91434110313347,FALSE
"P98164","Low_vs_Control_in_HighStress",0.217907217006669,10.2936522238606,0.861996309387725,0.389163861747324,0.999224885424953,-4.92544698799626,FALSE
"Q08495","Low_vs_Control_in_HighStress",-0.21677237280092,8.89784463417336,-0.861037697896015,0.389640507897007,0.999224885424953,-4.9469466252071,FALSE
"P00918","Low_vs_Control_in_HighStress",-0.206523850170797,10.490286440996,-0.853827102512932,0.393596554907363,0.999224885424953,-4.95749665494388,FALSE
"Q6UY14","Low_vs_Control_in_HighStress",0.179208855089113,9.02827132250117,0.852420137885365,0.394383774955236,0.999224885424953,-4.95834593741189,FALSE
"Q14517","Low_vs_Control_in_HighStress",-0.133350692274581,10.1621116505705,-0.851356651319362,0.394965747678318,0.999224885424953,-4.95899617191566,FALSE
"Q9UBE0","Low_vs_Control_in_HighStress",0.165196557619257,9.46894582074166,0.84976419008117,0.395868199133765,0.999224885424953,-4.95589078995813,FALSE
"Q99832","Low_vs_Control_in_HighStress",-0.176684141812116,7.15199353877659,-0.849586785236606,0.395973545263566,0.999224885424953,-4.94979446678548,FALSE
"P01833","Low_vs_Control_in_HighStress",-0.140051202416414,9.01119587924755,-0.84917549790969,0.396180069444172,0.999224885424953,-4.95717702094586,FALSE
"P08637","Low_vs_Control_in_HighStress",-0.124015171690862,8.7004582362767,-0.846445207112977,0.397697894283877,0.999224885424953,-4.95882071331721,FALSE
"P49257","Low_vs_Control_in_HighStress",0.141147918809013,7.8521838951863,0.845556640774907,0.398217446762701,0.999224885424953,-4.95117941276918,FALSE
"P07988","Low_vs_Control_in_HighStress",0.141855178980638,7.98636832936133,0.845070009109981,0.398487094065989,0.999224885424953,-4.94700770838368,FALSE
"P01011","Low_vs_Control_in_HighStress",0.119351303624574,12.4322410209453,0.842661828103496,0.399807584825952,0.999224885424953,-4.96423933137153,FALSE
"P01624","Low_vs_Control_in_HighStress",-0.164717630129108,12.7404701048851,-0.841579838743315,0.400412600742809,0.999224885424953,-4.96488804125614,FALSE
"O00151","Low_vs_Control_in_HighStress",-0.240659411662646,9.42881383333041,-0.841141054588129,0.400680407717168,0.999224885424953,-4.94163084035109,FALSE
"P50591","Low_vs_Control_in_HighStress",-0.139505133319551,7.07644787190519,-0.840531391035946,0.401127417400157,0.999224885424953,-4.89333207721955,FALSE
"P35542","Low_vs_Control_in_HighStress",-0.0975293439369551,14.933962285977,-0.83764326088624,0.402618468372724,0.999224885424953,-4.96724122004059,FALSE
"Q14393","Low_vs_Control_in_HighStress",0.158922359238495,9.14485263270739,0.83683238012222,0.403075255871596,0.999224885424953,-4.96772354897533,FALSE
"P98066","Low_vs_Control_in_HighStress",-0.168059791806655,7.79306000620868,-0.835608174616899,0.403890204541162,0.999224885424953,-4.90606877662381,FALSE
"Q9NZT1","Low_vs_Control_in_HighStress",0.166325784306824,10.0037100961864,0.834206783736331,0.404554593161996,0.999224885424953,-4.96726487521074,FALSE
"Q9HCN6","Low_vs_Control_in_HighStress",-0.117637235145502,9.22838133052995,-0.833581460412331,0.404905910022348,0.999224885424953,-4.96865278841862,FALSE
"Q08629","Low_vs_Control_in_HighStress",-0.123710017177819,7.25794963168698,-0.832265919391215,0.405719156862931,0.999224885424953,-4.92639304037039,FALSE
"P05362","Low_vs_Control_in_HighStress",-0.0959865088280782,9.51469582533687,-0.831429041154662,0.406115449113086,0.999224885424953,-4.97093353398456,FALSE
"P07355","Low_vs_Control_in_HighStress",-0.115385514386828,9.09851511318522,-0.83078131219624,0.406480994946894,0.999224885424953,-4.97131681945275,FALSE
"Q16643","Low_vs_Control_in_HighStress",-0.212025826407374,6.81571424336733,-0.830807834294598,0.406578353128267,0.999224885424953,-4.89383794332118,FALSE
"P49189","Low_vs_Control_in_HighStress",-0.140906002744359,6.90590580374477,-0.827794662059227,0.4082834123979,0.999224885424953,-4.90964925180741,FALSE
"P10768","Low_vs_Control_in_HighStress",-0.179980353745153,7.51233394520057,-0.827312887465998,0.408487247327037,0.999224885424953,-4.94998800544946,FALSE
"B2RUZ4","Low_vs_Control_in_HighStress",-0.143861067386002,8.67495919405473,-0.826526753238823,0.408945748067286,0.999224885424953,-4.947136924645,FALSE
"Q8WUT4","Low_vs_Control_in_HighStress",-0.144082298495833,9.43637876328759,-0.826392492506543,0.408966736708098,0.999224885424953,-4.97390343414071,FALSE
"P15531","Low_vs_Control_in_HighStress",-0.163609620297304,8.38759452844259,-0.826158441774526,0.409105467922114,0.999224885424953,-4.96885978388335,FALSE
"Q99459","Low_vs_Control_in_HighStress",-0.214326189107197,11.0789659636948,-0.823575260943157,0.410584420628942,0.999224885424953,-4.95553659306004,FALSE
"Q86TY3","Low_vs_Control_in_HighStress",-0.0985359044948151,8.84725532054918,-0.822134975308015,0.411379391026983,0.999224885424953,-4.97640467042411,FALSE
"P02652","Low_vs_Control_in_HighStress",-0.0992195547783048,17.9693766328163,-0.821520731478111,0.411728709277252,0.999224885424953,-4.97676409792304,FALSE
"P07602","Low_vs_Control_in_HighStress",-0.123905724089933,8.9549864304446,-0.81924510336554,0.41303959793924,0.999224885424953,-4.96869653844961,FALSE
"P15169","Low_vs_Control_in_HighStress",-0.179534545762749,11.7112089566281,-0.818862090656713,0.413242702602017,0.999224885424953,-4.97831672599034,FALSE
"Q8WWZ8","Low_vs_Control_in_HighStress",0.259793057424101,10.3959110692191,0.818200241448421,0.413620113596835,0.999224885424953,-4.97870246162897,FALSE
"Q6YHK3","Low_vs_Control_in_HighStress",0.104433506761994,9.54395502397012,0.816294032009303,0.414708247836503,0.999224885424953,-4.97981169208849,FALSE
"P52566","Low_vs_Control_in_HighStress",-0.159830861650464,8.90501773137236,-0.814572520879394,0.415697560878369,0.999224885424953,-4.97979393068938,FALSE
"P53990","Low_vs_Control_in_HighStress",-0.206825601916198,8.00666791547254,-0.813690795088116,0.416317889216419,0.999224885424953,-4.92533972270783,FALSE
"P15941","Low_vs_Control_in_HighStress",-0.110569746101232,9.94333841747059,-0.812988321095844,0.416600743029845,0.999224885424953,-4.9807135229617,FALSE
"P20073","Low_vs_Control_in_HighStress",-0.1584930153301,7.05300774943943,-0.812839701805392,0.416733611878237,0.999224885424953,-4.94839928303072,FALSE
"P09104","Low_vs_Control_in_HighStress",0.112086353706008,11.6577824283136,0.811989444368959,0.417171699972336,0.999224885424953,-4.98230706131213,FALSE
"Q9BZE9","Low_vs_Control_in_HighStress",-0.147489131781724,11.8006852623762,-0.810824355579052,0.417842128324062,0.999224885424953,-4.98297867860261,FALSE
"Q6UXB8","Low_vs_Control_in_HighStress",-0.161081868452108,9.73609478217592,-0.808937703440861,0.418923395906564,0.999224885424953,-4.98406818910022,FALSE
"Q8TB73","Low_vs_Control_in_HighStress",0.117538678573466,8.07615447087365,0.808613952981173,0.419113855285171,0.999224885424953,-4.9842515743114,FALSE
"P62879","Low_vs_Control_in_HighStress",-0.108996520599584,10.1651402543917,-0.807316855039884,0.419855523123124,0.999224885424953,-4.985000876187,FALSE
"Q9BY76","Low_vs_Control_in_HighStress",-0.140684885691947,8.04806467104058,-0.806881926124951,0.420123937987859,0.999224885424953,-4.97675695280299,FALSE
"P68363","Low_vs_Control_in_HighStress",-0.170888899155079,10.5568844341365,-0.804734046301607,0.421343383640983,0.999224885424953,-4.98648325251571,FALSE
"P01732","Low_vs_Control_in_HighStress",0.179341078448797,7.65808385097297,0.804203900391669,0.421723018064898,0.999224885424953,-4.95777602698479,FALSE
"Q01813","Low_vs_Control_in_HighStress",0.213675753331702,6.95994896091103,0.802933986178075,0.422519374492958,0.999224885424953,-4.90251517874878,FALSE
"Q6UXD5","Low_vs_Control_in_HighStress",-0.110688999862916,9.64127741702673,-0.800588668598745,0.423737856755953,0.999224885424953,-4.98885255103731,FALSE
"Q96Q06","Low_vs_Control_in_HighStress",0.131484888011248,8.04826891436327,0.800253502290286,0.423937589720333,0.999224885424953,-4.97720564926443,FALSE
"P09211","Low_vs_Control_in_HighStress",-0.168020028200736,7.87489232359477,-0.799596138829306,0.424320342191935,0.999224885424953,-4.98288887703416,FALSE
"P04211","Low_vs_Control_in_HighStress",-0.180660757610546,11.7793256600343,-0.799552373737925,0.424339837367539,0.999224885424953,-4.98841893500441,FALSE
"Q9NQ79","Low_vs_Control_in_HighStress",0.0983549130353882,12.4205866055037,0.797703153822952,0.425409304620648,0.999224885424953,-4.99049457238827,FALSE
"Q99895","Low_vs_Control_in_HighStress",0.175576196558882,9.29654255500529,0.797909026980456,0.425410634985561,0.999224885424953,-4.90457011823592,FALSE
"P0DP23;P0DP24;P0DP25","Low_vs_Control_in_HighStress",0.117405487789124,9.90508370868013,0.797645355168383,0.425443534733075,0.999224885424953,-4.99052690161971,FALSE
"P04040","Low_vs_Control_in_HighStress",-0.150017906398633,9.6874781854886,-0.795905816694535,0.426452369004843,0.999224885424953,-4.99151437184354,FALSE
"Q01518","Low_vs_Control_in_HighStress",-0.197095034837657,10.0188308191564,-0.795249727160921,0.42683349552851,0.999224885424953,-4.99188606222626,FALSE
"Q9NPA2","Low_vs_Control_in_HighStress",-0.178232938635102,8.9381816023975,-0.788352600232149,0.430938880270823,0.999224885424953,-4.97529277121788,FALSE
"Q7L576","Low_vs_Control_in_HighStress",0.157468738493099,7.06837324067094,0.788207858261002,0.430962144723971,0.999224885424953,-4.98950371701994,FALSE
"P38571","Low_vs_Control_in_HighStress",0.103930276727316,7.72585907088287,0.787372407369182,0.431529523719467,0.999224885424953,-4.93108038802281,FALSE
"Q9H0U4","Low_vs_Control_in_HighStress",0.133072932787311,9.08255893679801,0.785963539550921,0.43224921804509,0.999224885424953,-4.99711413938959,FALSE
"P08779","Low_vs_Control_in_HighStress",0.219636849023253,10.4071294344381,0.78449494481736,0.433115719367757,0.999224885424953,-4.99262783862808,FALSE
"Q13526","Low_vs_Control_in_HighStress",-0.180741382053988,8.50291568798007,-0.784568065864801,0.433153859571045,0.999224885424953,-4.90834842454766,FALSE
"Q3ZCW2","Low_vs_Control_in_HighStress",0.226286043333299,7.55340015552602,0.784441194906881,0.433238079715935,0.999224885424953,-4.94865061334853,FALSE
"Q99996","Low_vs_Control_in_HighStress",-0.16874376033625,9.79577081314168,-0.783737367450219,0.433618252797806,0.999224885424953,-4.9762895195042,FALSE
"P07477","Low_vs_Control_in_HighStress",0.14503709945658,11.7153669213911,0.783088172443837,0.433938411167848,0.999224885424953,-4.99663862259527,FALSE
"P10809","Low_vs_Control_in_HighStress",0.257770937283878,7.5263128226821,0.782728984013023,0.434182520076124,0.999224885424953,-4.98716345927235,FALSE
"Q9Y625","Low_vs_Control_in_HighStress",-0.110067187188323,8.46083034028952,-0.782284462455759,0.434417305450306,0.999224885424953,-4.99055977694739,FALSE
"P10321","Low_vs_Control_in_HighStress",0.140160614639026,8.15859303886515,0.782092781512548,0.434571764120011,0.999224885424953,-4.96074245803414,FALSE
"P13987","Low_vs_Control_in_HighStress",-0.108597326542858,10.2741209241963,-0.781187293019066,0.435056549585177,0.999224885424953,-4.99218351544884,FALSE
"P0DMV8;P0DMV9","Low_vs_Control_in_HighStress",-0.126391449418804,9.49332050639304,-0.78103505785713,0.435139656165502,0.999224885424953,-4.99986398279039,FALSE
"Q99983","Low_vs_Control_in_HighStress",0.113342096178298,14.0210376603404,0.780336134833612,0.435550461860887,0.999224885424953,-5.00025255030022,FALSE
"P37837","Low_vs_Control_in_HighStress",-0.161881680540748,8.20036113124803,-0.77851381301474,0.436629655551539,0.999224885424953,-4.99027791950425,FALSE
"Q15517","Low_vs_Control_in_HighStress",-0.302996765345226,10.6970786590595,-0.777174199189985,0.437426075236836,0.999224885424953,-4.99347751506297,FALSE
"P15291","Low_vs_Control_in_HighStress",0.0900381701007831,8.76843422974652,0.776909570699613,0.437567735752267,0.999224885424953,-5.00215253655178,FALSE
"P06576","Low_vs_Control_in_HighStress",0.225435882757375,7.44942043714986,0.776656301445519,0.43779609065125,0.999224885424953,-4.95779960662476,FALSE
"Q9UHF0","Low_vs_Control_in_HighStress",-0.142534325968265,7.85842642136385,-0.775653995917426,0.438396618199072,0.999224885424953,-4.9897698029114,FALSE
"P02679","Low_vs_Control_in_HighStress",0.109853556042705,16.7947678506265,0.770642590450841,0.4412711238557,0.999224885424953,-5.00560593116269,FALSE
"P81605","Low_vs_Control_in_HighStress",0.122560555315431,12.8945605089236,0.768701518409947,0.442421816597406,0.999224885424953,-5.00666989487475,FALSE
"P55056","Low_vs_Control_in_HighStress",0.0969213543787593,12.4475615596113,0.768394594707029,0.442603922452816,0.999224885424953,-5.00683788462063,FALSE
"P23470","Low_vs_Control_in_HighStress",-0.101698369976637,12.5096786107109,-0.768129363463784,0.442761325706701,0.999224885424953,-5.00698300079225,FALSE
"A0A075B6K4","Low_vs_Control_in_HighStress",-0.262851076011104,9.97547298687058,-0.766799147353345,0.443586281653341,0.999224885424953,-4.97356307367272,FALSE
"O15144","Low_vs_Control_in_HighStress",-0.183353657719968,8.186134411709,-0.764861262266566,0.444720446072444,0.999224885424953,-4.99017312463326,FALSE
"P05060","Low_vs_Control_in_HighStress",-0.13016409259968,8.87073273487393,-0.76354005857871,0.445490633782655,0.999224885424953,-5.00948555478724,FALSE
"P11597","Low_vs_Control_in_HighStress",-0.122983444314105,14.3690496337631,-0.76191652005695,0.446457551025143,0.999224885424953,-5.01036794894154,FALSE
"P00488","Low_vs_Control_in_HighStress",0.13604324933751,10.2655126239926,0.760794879829751,0.447126723964072,0.999224885424953,-5.01097613211539,FALSE
"Q92765","Low_vs_Control_in_HighStress",-0.130406942406827,8.10868573676018,-0.759366639535169,0.448034812099927,0.999224885424953,-4.9668310298356,FALSE
"P09871","Low_vs_Control_in_HighStress",-0.0971001893033474,16.6449281024388,-0.758594301241345,0.448441254706101,0.999224885424953,-5.01216674854239,FALSE
"Q6IBS0","Low_vs_Control_in_HighStress",-0.21336533724043,7.38936833867464,-0.755747979715188,0.450232623832864,0.999224885424953,-4.95586160666429,FALSE
"O14818","Low_vs_Control_in_HighStress",-0.143741249847501,8.47861810806225,-0.754322585177365,0.451004670699915,0.999224885424953,-5.00907418219849,FALSE
"P09382","Low_vs_Control_in_HighStress",0.0969929069126874,9.26284711417802,0.751386650116043,0.452764168116126,0.999224885424953,-5.01604090382777,FALSE
"P02656","Low_vs_Control_in_HighStress",-0.1341956263283,15.5166529124963,-0.751099498622248,0.452934801640187,0.999224885424953,-5.01619598689441,FALSE
"Q96TC7","Low_vs_Control_in_HighStress",0.138783407519531,7.97399534146207,0.750439611061504,0.453368258501918,0.999224885424953,-5.00672598517707,FALSE
"P31946","Low_vs_Control_in_HighStress",-0.136765591924947,10.2183421075278,-0.749960909804412,0.453619672490685,0.999224885424953,-5.01680460661199,FALSE
"P10619","Low_vs_Control_in_HighStress",-0.152149657883253,6.73039017605738,-0.748330809788974,0.454706459924222,0.999224885424953,-4.95075061208936,FALSE
"O95236","Low_vs_Control_in_HighStress",-0.212135926384134,9.04459205449546,-0.746915447766285,0.455511214798295,0.999224885424953,-4.96354812190099,FALSE
"Q6P4E1","Low_vs_Control_in_HighStress",-0.086963249798,11.2987990677628,-0.746547835429698,0.455676172666796,0.999224885424953,-5.01862351000408,FALSE
"Q9BSL1","Low_vs_Control_in_HighStress",-0.152541898502144,7.71913091186005,-0.746588652692516,0.455737124687657,0.999224885424953,-4.96520056426721,FALSE
"Q00839","Low_vs_Control_in_HighStress",-0.12839447434905,7.64242738189921,-0.745313761339106,0.456438998255267,0.999224885424953,-5.01049320209315,FALSE
"Q9NS73","Low_vs_Control_in_HighStress",-0.102192762892789,13.1537598581502,-0.744277026909897,0.457054004533758,0.999224885424953,-5.01310164439567,FALSE
"P37840","Low_vs_Control_in_HighStress",-0.19209753151716,9.39023301811042,-0.7434627695512,0.457540209992355,0.999224885424953,-5.02026001605006,FALSE
"P14649","Low_vs_Control_in_HighStress",0.208510651791734,10.3756028741508,0.743099106411343,0.457770283112967,0.999224885424953,-5.01501703668147,FALSE
"P13224","Low_vs_Control_in_HighStress",0.131650032891431,10.6359710853125,0.741701472549824,0.458607268440885,0.999224885424953,-5.02119060196636,FALSE
"Q92820","Low_vs_Control_in_HighStress",-0.119891612865267,8.06584771571878,-0.738817306933836,0.460363525422984,0.999224885424953,-5.00796967184256,FALSE
"Q9UHG3","Low_vs_Control_in_HighStress",0.0810012453334217,10.6741638976403,0.736457867878316,0.461786409025891,0.999224885424953,-5.02395229344601,FALSE
"Q9HDC9","Low_vs_Control_in_HighStress",0.115786099764941,13.598423170542,0.736211504780458,0.461936172079025,0.999224885424953,-5.02408150004157,FALSE
"Q9UGM5","Low_vs_Control_in_HighStress",-0.134245073601315,12.109130419024,-0.7355822811921,0.462318797749577,0.999224885424953,-5.02441130442953,FALSE
"P13591","Low_vs_Control_in_HighStress",-0.0949765102831464,13.0415600066814,-0.734174418134258,0.463175549685873,0.999224885424953,-5.02514821019033,FALSE
"P16671","Low_vs_Control_in_HighStress",0.144544835669802,9.12073590880154,0.733788865458067,0.463412928559198,0.999224885424953,-5.02534788244633,FALSE
"P10645","Low_vs_Control_in_HighStress",-0.119008956384659,10.5482874704391,-0.732001652223971,0.46449952167093,0.999224885424953,-5.02628271932975,FALSE
"Q92614","Low_vs_Control_in_HighStress",-0.170996819165799,7.57484025169666,-0.731288067441062,0.465001929109691,0.999224885424953,-4.96449520229484,FALSE
"Q8WUA8","Low_vs_Control_in_HighStress",-0.110095272035005,9.59878099396833,-0.73050910345718,0.465411513285675,0.999224885424953,-5.02705917347919,FALSE
"P50552","Low_vs_Control_in_HighStress",-0.196210171477289,7.43549278326897,-0.730381899315742,0.465574349595274,0.999224885424953,-4.97098368762215,FALSE
"Q8WVN8","Low_vs_Control_in_HighStress",-0.26145985798188,10.9107653093074,-0.729858617185492,0.465851722571102,0.999224885424953,-4.98116323803285,FALSE
"Q8N1N4","Low_vs_Control_in_HighStress",0.145938425900086,9.14533230381043,0.729253724064405,0.466177629209503,0.999224885424953,-5.02771227993308,FALSE
"Q15758","Low_vs_Control_in_HighStress",-0.122971187248064,7.40097123466772,-0.729172511802185,0.466278394644446,0.999224885424953,-4.99972823089527,FALSE
"Q9UBX1","Low_vs_Control_in_HighStress",0.0952717835898937,7.91569061455499,0.72884444917968,0.466433635464851,0.999224885424953,-5.02011674996065,FALSE
"Q96IZ5","Low_vs_Control_in_HighStress",0.149443803689516,9.77933083634285,0.728880906059769,0.466491088687987,0.999224885424953,-4.94682587929223,FALSE
"P48740","Low_vs_Control_in_HighStress",-0.115707106848857,13.6339737745166,-0.727942982925655,0.466978314183921,0.999224885424953,-5.02839296936019,FALSE
"Q08188","Low_vs_Control_in_HighStress",0.147602234318699,8.36275662906343,0.726195046709412,0.468062736728756,0.999224885424953,-5.00705516046855,FALSE
"Q13442","Low_vs_Control_in_HighStress",-0.134760340265665,7.97367611117942,-0.726080716239891,0.468196061561932,0.999224885424953,-4.97383558221841,FALSE
"P11586","Low_vs_Control_in_HighStress",0.141746113986104,7.69129008548238,0.725955950408167,0.468203037161888,0.999224885424953,-5.02617897291431,FALSE
"P61020","Low_vs_Control_in_HighStress",-0.118496803881357,7.14228459781321,-0.725896848081524,0.468264418260317,0.999224885424953,-5.01840583546112,FALSE
"A2A3L6","Low_vs_Control_in_HighStress",-0.269095429113481,11.137421059523,-0.725852160479655,0.468313069918102,0.999224885424953,-4.99103478610839,FALSE
"P05141","Low_vs_Control_in_HighStress",0.199220596524537,8.3219294238034,0.725107995287438,0.468788065959302,0.999224885424953,-4.99676602901358,FALSE
"Q13247","Low_vs_Control_in_HighStress",-0.11312894321404,7.94234157115541,-0.724829596498105,0.46899620813023,0.999224885424953,-4.97843639823922,FALSE
"Q9UBW5","Low_vs_Control_in_HighStress",0.196430023230985,7.51938385184701,0.724266033080374,0.469282538834368,0.999224885424953,-4.98560908013752,FALSE
"P25788","Low_vs_Control_in_HighStress",-0.136659184025526,7.65030621360933,-0.723370433648481,0.469804997794579,0.999224885424953,-5.01189535233784,FALSE
"P46060","Low_vs_Control_in_HighStress",-0.155909602437672,8.00839425980073,-0.722734756984893,0.470189385529676,0.999224885424953,-5.0120725920087,FALSE
"P07738","Low_vs_Control_in_HighStress",-0.234163678619678,8.43357348372746,-0.721924877651724,0.470701538436384,0.999224885424953,-5.00679158708285,FALSE
"P04196","Low_vs_Control_in_HighStress",-0.0878065855864776,16.6690913818707,-0.721708384019154,0.470800327225199,0.999224885424953,-5.03161176975933,FALSE
"P22061","Low_vs_Control_in_HighStress",-0.0988255752101317,8.69819217236332,-0.721544584661887,0.470900974482408,0.999224885424953,-5.0316959638535,FALSE
"P21281","Low_vs_Control_in_HighStress",0.177994735420824,6.85955223862479,0.721647354175428,0.470953286993985,0.999224885424953,-4.97268801033662,FALSE
"Q9Y2V2","Low_vs_Control_in_HighStress",-0.156316388715394,8.03937772624514,-0.718197879425732,0.472990949339072,0.999224885424953,-5.01449785181991,FALSE
"P04156","Low_vs_Control_in_HighStress",-0.144480207410597,6.53524036560622,-0.71695437288351,0.47379462499024,0.999224885424953,-4.97129445390967,FALSE
"O43866","Low_vs_Control_in_HighStress",0.103720453141857,15.9080881659121,0.715532613990391,0.474603911952602,0.999224885424953,-5.03370389363328,FALSE
"Q9NYQ8","Low_vs_Control_in_HighStress",-0.198528816513731,7.98396282762633,-0.712717470102523,0.47636507610264,0.999224885424953,-5.03181238562726,FALSE
"P06681","Low_vs_Control_in_HighStress",-0.190193523605396,10.8469637887999,-0.712248644761646,0.476632380247927,0.999224885424953,-5.03644290828274,FALSE
"P10451","Low_vs_Control_in_HighStress",0.0903250355130538,12.3126779788882,0.711890380223106,0.476854032259357,0.999224885424953,-5.03662462630983,FALSE
"Q9UBS3","Low_vs_Control_in_HighStress",0.120042681858662,7.57599683474601,0.711066003170695,0.477406433397702,0.999224885424953,-5.00770319355308,FALSE
"A6NM11;A6NMS7","Low_vs_Control_in_HighStress",0.107010401023666,7.35977927389782,0.710153017597702,0.477965565312157,0.999224885424953,-5.01735922015537,FALSE
"Q15599","Low_vs_Control_in_HighStress",0.114222926905643,6.91723309314914,0.709885594301151,0.478143119533887,0.999224885424953,-5.01144034765117,FALSE
"P60520","Low_vs_Control_in_HighStress",-0.12280131084878,7.11976079200681,-0.70926485329467,0.47853615515077,0.999224885424953,-4.98954733208316,FALSE
"P52565","Low_vs_Control_in_HighStress",0.109464220828825,7.87582076481497,0.70768377185449,0.479475683839493,0.999224885424953,-5.02313123666294,FALSE
"P61006","Low_vs_Control_in_HighStress",0.118070424372775,7.8498519733006,0.70738414595063,0.479662325664435,0.999224885424953,-5.03118096912448,FALSE
"P48426","Low_vs_Control_in_HighStress",-0.150258100119647,7.41857740103592,-0.706415207723679,0.480277366125525,0.999224885424953,-5.02036725162415,FALSE
"P02753","Low_vs_Control_in_HighStress",0.145634525940844,12.7428919981947,0.705383111461884,0.480889800797438,0.999224885424953,-5.03990935479676,FALSE
"A0A075B6K5","Low_vs_Control_in_HighStress",-0.191725664684489,10.4280864652592,-0.704873263694496,0.481206791524693,0.999224885424953,-5.04016544386554,FALSE
"Q5T4S7","Low_vs_Control_in_HighStress",-0.130251746678563,7.138763548167,-0.703281258264598,0.482208110459671,0.999224885424953,-5.03323062013637,FALSE
"P24821","Low_vs_Control_in_HighStress",-0.111888751331382,13.2618975828428,-0.700855263882441,0.483708914522247,0.999224885424953,-5.04217716261229,FALSE
"Q5SYB0","Low_vs_Control_in_HighStress",0.141843298237468,11.0917581825276,0.700711674529416,0.483805324382458,0.999224885424953,-5.03220012519261,FALSE
"P17931","Low_vs_Control_in_HighStress",0.115606428206934,6.55829085477536,0.699953816909074,0.484350634650612,0.999224885424953,-4.993522738568,FALSE
"P02743","Low_vs_Control_in_HighStress",-0.190728220883877,11.3213624916876,-0.698863704990431,0.484951734296465,0.999224885424953,-5.04317003734449,FALSE
"P50238","Low_vs_Control_in_HighStress",-0.107178100548168,11.6856486064895,-0.698021841001977,0.485487004793746,0.999224885424953,-5.03911512806058,FALSE
"P84095","Low_vs_Control_in_HighStress",0.0917047150626669,7.78138279760692,0.693461415373404,0.488342965296903,0.999224885424953,-5.04366520000325,FALSE
"P05062","Low_vs_Control_in_HighStress",0.283124567108196,9.25785699932758,0.693244635740477,0.488524681765833,0.999224885424953,-5.03233941780415,FALSE
"P18206","Low_vs_Control_in_HighStress",0.171769072037547,9.12417010865966,0.692617489434958,0.488860873290921,0.999224885424953,-5.04626575238182,FALSE
"P63010","Low_vs_Control_in_HighStress",0.129900037839557,6.62330822243929,0.69136516241404,0.489682170274989,0.999224885424953,-5.03446662319597,FALSE
"P30740","Low_vs_Control_in_HighStress",-0.166515640198213,7.80272640707239,-0.691268889215715,0.489721577689089,0.999224885424953,-5.03116115478181,FALSE
"Q00610","Low_vs_Control_in_HighStress",-0.162074672848133,9.12320043005344,-0.689679123375428,0.490705696375315,0.999224885424953,-5.04771245980898,FALSE
"Q9UBS9","Low_vs_Control_in_HighStress",-0.101442823168783,7.97251842963129,-0.686871954477163,0.492478975532396,0.999224885424953,-5.0457856849158,FALSE
"Q9UL46","Low_vs_Control_in_HighStress",-0.108456269141472,7.71556122699062,-0.685468599736153,0.493362446411207,0.999224885424953,-5.04868603445897,FALSE
"Q92859","Low_vs_Control_in_HighStress",-0.0848286316157925,10.3580887885757,-0.685370894571386,0.493417344396517,0.999224885424953,-5.04982252672157,FALSE
"Q9NPH3","Low_vs_Control_in_HighStress",-0.128546385007002,8.44718366395668,-0.684798819745644,0.493786571813088,0.999224885424953,-5.03538556362481,FALSE
"P30101","Low_vs_Control_in_HighStress",-0.102987789565379,10.8976814926054,-0.684609492385165,0.493897414975149,0.999224885424953,-5.05019407154123,FALSE
"P00738","Low_vs_Control_in_HighStress",0.218372707115289,14.4818798965806,0.679487372931877,0.497133460211476,0.999224885424953,-5.05268282570495,FALSE
"P0DOX3","Low_vs_Control_in_HighStress",-0.181852412684858,9.37166241430611,-0.679195305389651,0.49735382113794,0.999224885424953,-5.00441541792564,FALSE
"P31327","Low_vs_Control_in_HighStress",0.140331186994151,7.30024927825422,0.67861050222263,0.497716164720152,0.999224885424953,-5.03958414257051,FALSE
"Q92187","Low_vs_Control_in_HighStress",-0.0753097157506399,10.9889736113409,-0.67842967451362,0.49780309979123,0.999224885424953,-5.05319442123281,FALSE
"Q14344","Low_vs_Control_in_HighStress",0.13380820948154,6.67340750972121,0.67810984045053,0.498073198079918,0.999224885424953,-5.01948231381821,FALSE
"P21926","Low_vs_Control_in_HighStress",0.100935156190619,11.4043040518504,0.67784176387125,0.498179085297962,0.999224885424953,-5.05238817698468,FALSE
"P30043","Low_vs_Control_in_HighStress",-0.161961083923252,9.76574747147828,-0.676576047907464,0.498977809905487,0.999224885424953,-5.05408907946829,FALSE
"Q9UPN7","Low_vs_Control_in_HighStress",-0.136254986721125,6.77480540693753,-0.675444479817122,0.499757684073559,0.999224885424953,-4.99537758077026,FALSE
"P03951","Low_vs_Control_in_HighStress",-0.0970708025707143,15.4570022484042,-0.674719814987863,0.500155650544989,0.999224885424953,-5.05498254831487,FALSE
"Q13822","Low_vs_Control_in_HighStress",-0.144893213258686,7.4267153431575,-0.674429006145347,0.500407397093273,0.999224885424953,-4.97945315902666,FALSE
"P58546","Low_vs_Control_in_HighStress",-0.145837891665552,7.85364295499805,-0.674042133179693,0.50062194262623,0.999224885424953,-5.02185096599977,FALSE
"Q9H4G4","Low_vs_Control_in_HighStress",0.0689067076584955,8.31440491034392,0.671623506899249,0.502124813099879,0.999224885424953,-5.05537590998286,FALSE
"P04114","Low_vs_Control_in_HighStress",-0.0859399846700839,16.2906814788437,-0.671227958053345,0.502375350832855,0.999224885424953,-5.05665666238695,FALSE
"P35030","Low_vs_Control_in_HighStress",0.0830034169384781,11.2633780653342,0.671206964168151,0.50238871198954,0.999224885424953,-5.05666670135365,FALSE
"P07357","Low_vs_Control_in_HighStress",0.0910341112024984,13.2653744776644,0.670106684253957,0.503089227807809,0.999224885424953,-5.05719240053137,FALSE
"P31948","Low_vs_Control_in_HighStress",-0.150327464295305,8.38158587049783,-0.669473668371449,0.503497188272938,0.999224885424953,-5.05639927180718,FALSE
"P56715","Low_vs_Control_in_HighStress",0.0814144487297188,10.6761899901176,0.667811594089753,0.504559198756756,0.999224885424953,-5.04771638579235,FALSE
"O15204","Low_vs_Control_in_HighStress",-0.0967599615902106,9.79362198276776,-0.66771530682691,0.504613530498845,0.999224885424953,-5.05833200135596,FALSE
"P45974","Low_vs_Control_in_HighStress",-0.142634504382759,8.16209353383466,-0.66750854823108,0.504751318651358,0.999224885424953,-5.05622452484518,FALSE
"P02748","Low_vs_Control_in_HighStress",0.080923576551422,15.2630173335489,0.667491377967322,0.504756391315884,0.999224885424953,-5.05843850556169,FALSE
"P28906","Low_vs_Control_in_HighStress",0.0963216036873256,10.8771231873645,0.667376928316885,0.504831155723315,0.999224885424953,-5.05739889672352,FALSE
"P22792","Low_vs_Control_in_HighStress",-0.117271199235434,13.3147089201418,-0.665811987449076,0.505828480094704,0.999224885424953,-5.05923611491329,FALSE
"P13646","Low_vs_Control_in_HighStress",0.109209024457499,12.9634269236569,0.664751097460793,0.506506349647692,0.999224885424953,-5.05973894049144,FALSE
"O75955","Low_vs_Control_in_HighStress",0.130104442953241,7.34043308252422,0.664074947230589,0.5069450787925,0.999224885424953,-5.05551759116685,FALSE
"P50502","Low_vs_Control_in_HighStress",-0.0944992360515347,9.6494178406413,-0.663072388444759,0.507581109871843,0.999224885424953,-5.06053211342585,FALSE
"Q86U17","Low_vs_Control_in_HighStress",0.0936816324641221,8.15422483046984,0.661475557224498,0.508603463980374,0.999224885424953,-5.06018995068594,FALSE
"Q68DL7","Low_vs_Control_in_HighStress",-0.177006810600274,10.9679462209372,-0.659767361444814,0.509729370768895,0.999224885424953,-5.01251627673703,FALSE
"P17655","Low_vs_Control_in_HighStress",0.115193876707298,9.23033736729687,0.659597577417412,0.50980663223727,0.999224885424953,-5.06216973150236,FALSE
"P05019","Low_vs_Control_in_HighStress",0.0757832976944144,9.16828486185053,0.658473315563021,0.51053437912889,0.999224885424953,-5.05593638304564,FALSE
"Q14242","Low_vs_Control_in_HighStress",-0.0774762256138732,12.0745274897736,-0.656754085912825,0.511631520666824,0.999224885424953,-5.06350350390281,FALSE
"P49908","Low_vs_Control_in_HighStress",-0.0953629514790375,14.5925479974934,-0.655107622615328,0.512690075669071,0.999224885424953,-5.06427292664709,FALSE
"Q15907","Low_vs_Control_in_HighStress",0.127957862370286,8.95502711134975,0.654718011657087,0.512942435956665,0.999224885424953,-5.06335465212467,FALSE
"P08254","Low_vs_Control_in_HighStress",0.107279509123849,9.21836908683984,0.653524154010507,0.513709208577864,0.999224885424953,-5.0650110927855,FALSE
"P18577","Low_vs_Control_in_HighStress",0.162440557421716,9.71054162221855,0.653335457535776,0.513840013679373,0.999224885424953,-5.05943549479652,FALSE
"Q14019","Low_vs_Control_in_HighStress",-0.17604483084196,7.91779830501664,-0.652099203300839,0.514652880698012,0.999224885424953,-5.03304876475739,FALSE
"Q14254","Low_vs_Control_in_HighStress",0.121806929627693,7.84812861760817,0.651868539297317,0.514780463910931,0.999224885424953,-5.06577764338608,FALSE
"P22692","Low_vs_Control_in_HighStress",-0.105707464748313,13.9947803247076,-0.650794201750607,0.51547268069724,0.999224885424953,-5.06517594593581,FALSE
"P12259","Low_vs_Control_in_HighStress",-0.0644910476678469,18.0051179461592,-0.650547015631618,0.515628177300653,0.999224885424953,-5.06639412003626,FALSE
"Q15435","Low_vs_Control_in_HighStress",-0.127451417291293,6.66332465729433,-0.650609727413547,0.515646277349968,0.999224885424953,-5.02026686791281,FALSE
"Q13103","Low_vs_Control_in_HighStress",0.078778777170033,16.3182058800291,0.649831119536462,0.516090176991413,0.999224885424953,-5.06672574917212,FALSE
"P02144","Low_vs_Control_in_HighStress",-0.16994697224644,7.74751368795713,-0.649932546483067,0.516103746649508,0.999224885424953,-4.94632392235958,FALSE
"P50148","Low_vs_Control_in_HighStress",0.127394431182902,7.41826653762854,0.648525692977783,0.516970325328744,0.999224885424953,-5.0582311919052,FALSE
"O95196","Low_vs_Control_in_HighStress",0.0835693646421536,9.55429030817418,0.648107846613304,0.517212365312763,0.999224885424953,-5.0607288345521,FALSE
"Q6PCB0","Low_vs_Control_in_HighStress",-0.103111341617885,6.80868966858959,-0.647738073652676,0.517489487687001,0.999224885424953,-5.02776211102796,FALSE
"B0I1T2","Low_vs_Control_in_HighStress",-0.0827177925929936,7.3654303808682,-0.647166420843745,0.517817968861964,0.999224885424953,-5.06573129874575,FALSE
"Q5TEC6","Low_vs_Control_in_HighStress",-0.149451056475741,9.2698981014316,-0.646682148940192,0.518227495580238,0.999224885424953,-4.97665755420007,FALSE
"P30085","Low_vs_Control_in_HighStress",-0.160011686625991,7.35870269773279,-0.646270085490214,0.518486951481475,0.999224885424953,-4.98574415586777,FALSE
"P01619","Low_vs_Control_in_HighStress",0.149535815190976,11.5039449401794,0.645460399452121,0.518916016282244,0.999224885424953,-5.06763893530362,FALSE
"P35443","Low_vs_Control_in_HighStress",0.0904440706953498,15.3802682371216,0.645076069177343,0.519164278782676,0.999224885424953,-5.06891921374982,FALSE
"P07195","Low_vs_Control_in_HighStress",-0.134122360049698,9.05201633787141,-0.643007572653182,0.52050505170318,0.999224885424953,-5.06637711320476,FALSE
"P78324;Q5TFQ8","Low_vs_Control_in_HighStress",-0.221361550963895,10.7139515858816,-0.641403566218327,0.521591049684395,0.999224885424953,-5.02178361665715,FALSE
"P07359","Low_vs_Control_in_HighStress",-0.0717812548627101,17.2216117069061,-0.638054194287899,0.523721142168278,0.999224885424953,-5.07212894673815,FALSE
"P35268","Low_vs_Control_in_HighStress",-0.124183723528273,8.02288120795457,-0.638038673166048,0.523796574455808,0.999224885424953,-5.01062931628601,FALSE
"Q7Z6Z7","Low_vs_Control_in_HighStress",-0.122648933451805,7.2016888786457,-0.63454384963564,0.526012987855644,0.999224885424953,-5.06801388918545,FALSE
"Q96JI7","Low_vs_Control_in_HighStress",0.12844765754105,10.5741203748415,0.633017537469807,0.527009546966846,0.999224885424953,-5.06869868539948,FALSE
"P55786","Low_vs_Control_in_HighStress",-0.116886441904411,6.74050016139399,-0.632750412639164,0.527207291406423,0.999224885424953,-5.05244124200896,FALSE
"Q04637","Low_vs_Control_in_HighStress",-0.136627486952234,6.35655727958756,-0.632802934040981,0.527213764047523,0.999224885424953,-4.98365434222061,FALSE
"Q9UJU6","Low_vs_Control_in_HighStress",-0.161264782295243,6.95330189901961,-0.632238877991163,0.527572718430237,0.999224885424953,-5.02425557052015,FALSE
"P45877","Low_vs_Control_in_HighStress",-0.0959025694503266,7.18481915819725,-0.632264533702342,0.527574744517484,0.999224885424953,-4.98306990903287,FALSE
"O00391","Low_vs_Control_in_HighStress",0.0854405047588376,10.4747569374785,0.631187096240817,0.528197376865067,0.999224885424953,-5.07523402179627,FALSE
"O95084","Low_vs_Control_in_HighStress",-0.121006086220627,7.45843404989294,-0.631137335128453,0.528279512068568,0.999224885424953,-5.0590598760108,FALSE
"A0A075B6P5;P01615","Low_vs_Control_in_HighStress",0.150550132249247,9.76705372042536,0.629065355134687,0.529588169229817,0.999224885424953,-5.07267260500966,FALSE
"P01717","Low_vs_Control_in_HighStress",-0.169455740602498,11.3416003913519,-0.628497671158332,0.529955757914847,0.999224885424953,-5.0764409530711,FALSE
"P22626","Low_vs_Control_in_HighStress",0.17844785406038,7.53288911538323,0.628513708884435,0.529999954456283,0.999224885424953,-5.01721274043847,FALSE
"P06310","Low_vs_Control_in_HighStress",-0.12842073827162,11.3699859535672,-0.62765536101577,0.530509793881526,0.999224885424953,-5.07681592032339,FALSE
"P50991","Low_vs_Control_in_HighStress",-0.156092907638669,8.07318497551057,-0.6273195211436,0.530738145972009,0.999224885424953,-5.06658256283777,FALSE
"Q08830","Low_vs_Control_in_HighStress",0.0910611047934253,10.5343884455737,0.62621905064381,0.531447880467617,0.999224885424953,-5.07745950290414,FALSE
"P36955","Low_vs_Control_in_HighStress",-0.106954266102061,12.433505351928,-0.624215043278027,0.532761939650315,0.999224885424953,-5.07835224829395,FALSE
"Q76LX8","Low_vs_Control_in_HighStress",0.0887875329902474,9.86551978752602,0.6235059372936,0.533227306217215,0.999224885424953,-5.07866745682247,FALSE
"P26038","Low_vs_Control_in_HighStress",-0.0989037892028986,10.0554581270799,-0.622813769301957,0.533681755569478,0.999224885424953,-5.0789747912771,FALSE
"P63104","Low_vs_Control_in_HighStress",-0.129146147577046,10.7482325970314,-0.622401244700785,0.533952695757594,0.999224885424953,-5.07915779723259,FALSE
"P98095","Low_vs_Control_in_HighStress",0.0884837575947319,8.73646571131464,0.622252769369632,0.534050761607392,0.999224885424953,-5.07922324684143,FALSE
"Q05707","Low_vs_Control_in_HighStress",-0.0831844551027174,7.75126753491606,-0.622123997126017,0.534136429979103,0.999224885424953,-5.07927955466271,FALSE
"P49746","Low_vs_Control_in_HighStress",0.0824433709938432,12.0163436387452,0.622063693636506,0.534174446230718,0.999224885424953,-5.07930745307422,FALSE
"P26927","Low_vs_Control_in_HighStress",-0.162478160618218,8.45385196556875,-0.618778890384051,0.536341278588093,0.999224885424953,-5.06782271342121,FALSE
"P02042","Low_vs_Control_in_HighStress",-0.157351212103872,13.2833962962613,-0.618023346101166,0.536832322758653,0.999224885424953,-5.08109248240788,FALSE
"Q9H4M9","Low_vs_Control_in_HighStress",-0.0989602110858847,7.93333712304311,-0.617120441631429,0.537431469917165,0.999224885424953,-5.08148668705628,FALSE
"Q9H4A9","Low_vs_Control_in_HighStress",-0.119997690172434,6.75008140747201,-0.6167066722033,0.537782985623923,0.999224885424953,-4.98068084435039,FALSE
"Q96H15","Low_vs_Control_in_HighStress",-0.0882156160515279,9.5957987701903,-0.615514417759645,0.538498184578196,0.999224885424953,-5.07062652907972,FALSE
"Q9UBP0","Low_vs_Control_in_HighStress",0.146762069109366,13.8737837886197,0.610921636879024,0.54154518414881,0.999224885424953,-5.05835595199215,FALSE
"P10599","Low_vs_Control_in_HighStress",-0.100380268402935,9.21673893968968,-0.607725909722012,0.543637383456136,0.999224885424953,-5.07843559625874,FALSE
"Q96KP4","Low_vs_Control_in_HighStress",-0.154537682070925,7.2809326091025,-0.607542069378936,0.543781216394686,0.999224885424953,-5.07280243956704,FALSE
"Q9NRY5","Low_vs_Control_in_HighStress",0.113321481125616,7.37021666885104,0.606823331203157,0.544253546305689,0.999224885424953,-5.07075220228034,FALSE
"Q99969","Low_vs_Control_in_HighStress",0.0882657344655655,12.6740520470718,0.606647109755879,0.544351644676804,0.999224885424953,-5.086056148558,FALSE
"Q9BWS9","Low_vs_Control_in_HighStress",0.111292588606252,7.10301008932266,0.606430203160339,0.544537955694057,0.999224885424953,-5.02380160103723,FALSE
"P32119","Low_vs_Control_in_HighStress",-0.150811577952048,12.1770416152324,-0.606215301760185,0.544638086626435,0.999224885424953,-5.08624274130411,FALSE
"O95714","Low_vs_Control_in_HighStress",0.351011489552958,10.0526848703015,0.605023199253857,0.545512259228555,0.999224885424953,-4.98159891566681,FALSE
"P05543","Low_vs_Control_in_HighStress",0.0903537183265204,9.61578474060375,0.603792967443045,0.546246345006005,0.999224885424953,-5.08728702098913,FALSE
"Q96FZ7","Low_vs_Control_in_HighStress",-0.119796564278191,7.3122441123634,-0.603267397954629,0.546673954195684,0.999224885424953,-5.02027231756124,FALSE
"P0DOX7","Low_vs_Control_in_HighStress",-0.0943766998677322,13.6163596429041,-0.603044942021321,0.546743457445308,0.999224885424953,-5.08760865486597,FALSE
"Q92688","Low_vs_Control_in_HighStress",-0.103175097578065,9.52771836587582,-0.602969429874336,0.546805420133471,0.999224885424953,-5.08071863845918,FALSE
"Q01973","Low_vs_Control_in_HighStress",-0.171628228959682,9.27094987607461,-0.600633044491767,0.548409503277566,0.999224885424953,-4.99946595309926,FALSE
"P63313","Low_vs_Control_in_HighStress",0.11440107906779,8.95094802056824,0.600338468757113,0.548562506084626,0.999224885424953,-5.07927847569885,FALSE
"Q9NRB3","Low_vs_Control_in_HighStress",-0.0900195563265633,9.56108809663708,-0.599736341920549,0.548944932330085,0.999224885424953,-5.08902650414438,FALSE
"P37235","Low_vs_Control_in_HighStress",0.127034196423478,7.08199605951673,0.599285096503674,0.549299449026781,0.999224885424953,-5.03668069000278,FALSE
"P00734","Low_vs_Control_in_HighStress",-0.124731581487515,15.8738402308554,-0.598960470339025,0.549461815708174,0.999224885424953,-5.08935786482879,FALSE
"O75083","Low_vs_Control_in_HighStress",-0.145250086707543,9.19857322579188,-0.597912279332747,0.550160499477274,0.999224885424953,-5.08980484820712,FALSE
"O75882","Low_vs_Control_in_HighStress",0.0987472154705031,8.33429264489881,0.597379897777373,0.550517061063252,0.999224885424953,-5.08890563298232,FALSE
"Q6UXI9","Low_vs_Control_in_HighStress",-0.0983983078024675,11.0646983569581,-0.597142828026341,0.550673665255949,0.999224885424953,-5.09013247032683,FALSE
"P11413","Low_vs_Control_in_HighStress",0.143426662565123,7.27939671100416,0.596117757907074,0.551380179558156,0.999224885424953,-5.07292765112507,FALSE
"P31939","Low_vs_Control_in_HighStress",-0.125306398625302,6.79865240397173,-0.59539681122698,0.551877846545165,0.999224885424953,-5.05749347352715,FALSE
"P0DOX8","Low_vs_Control_in_HighStress",-0.115568258531439,16.3612820323272,-0.595287683821754,0.551911876607553,0.999224885424953,-5.09092063432108,FALSE
"P23284","Low_vs_Control_in_HighStress",-0.0927451022508272,10.4278361273034,-0.595257549804014,0.551932000796148,0.999224885424953,-5.09093341665016,FALSE
"Q9HCB6","Low_vs_Control_in_HighStress",0.12170599256487,7.49377874467116,0.595192980933696,0.552011967352664,0.999224885424953,-5.04106229130802,FALSE
"Q16181","Low_vs_Control_in_HighStress",0.431305318222371,11.5200606895582,0.594488222766354,0.552493674827009,0.999224885424953,-5.06017091809496,FALSE
"Q9UBV8","Low_vs_Control_in_HighStress",-0.100222922794798,6.73329936962312,-0.5939497324814,0.552864307585827,0.999224885424953,-5.04045377148783,FALSE
"P00338","Low_vs_Control_in_HighStress",-0.125063047890714,9.06440036887043,-0.592974154460954,0.553457955081168,0.999224885424953,-5.09190011457924,FALSE
"P15144","Low_vs_Control_in_HighStress",0.12309951908161,7.58604257616504,0.592771701881713,0.55360325277883,0.999224885424953,-5.09197849947748,FALSE
"P29144","Low_vs_Control_in_HighStress",0.148110780047107,7.35716424315122,0.591670225790861,0.554394715462702,0.999224885424953,-5.04816722035161,FALSE
"Q53RD9","Low_vs_Control_in_HighStress",0.091632190410099,8.59774592693435,0.591518377597466,0.554435976039419,0.999224885424953,-5.09251156085973,FALSE
"P29966","Low_vs_Control_in_HighStress",0.0786046455810423,7.17387665492518,0.589282210022062,0.555938359679004,0.999224885424953,-5.08624449136535,FALSE
"Q9Y6W5","Low_vs_Control_in_HighStress",0.132904660062086,7.00052953994066,0.589204672577952,0.55606549788981,0.999224885424953,-5.03837321568821,FALSE
"Q92930","Low_vs_Control_in_HighStress",0.0963437634701911,7.01645269655356,0.587408907307258,0.557234891183325,0.999224885424953,-5.05115204573539,FALSE
"Q8IXL6","Low_vs_Control_in_HighStress",-0.103734356325453,8.09675335251955,-0.583971427958555,0.559506320061243,0.999224885424953,-5.06280002793558,FALSE
"P61160","Low_vs_Control_in_HighStress",-0.126813148981082,8.47895240766827,-0.583764528043008,0.559638067903627,0.999224885424953,-5.09575820659979,FALSE
"A2NJV5","Low_vs_Control_in_HighStress",-0.118671692033272,11.2133011808804,-0.583494824230688,0.559814907630804,0.999224885424953,-5.0958736233705,FALSE
"Q92496","Low_vs_Control_in_HighStress",0.120491270016533,9.63473419119567,0.583324367524334,0.559945789697453,0.999224885424953,-5.07082180494547,FALSE
"P01859","Low_vs_Control_in_HighStress",-0.114071846647448,17.0919342032285,-0.581338224550203,0.561266092321999,0.999224885424953,-5.09676869266867,FALSE
"Q9BY67","Low_vs_Control_in_HighStress",-0.0697942109763172,10.5867555749713,-0.580382417502735,0.561909842005601,0.999224885424953,-5.09716433006506,FALSE
"Q96P67","Low_vs_Control_in_HighStress",0.160790901333556,10.1279413159114,0.579835624512732,0.562354741155032,0.999224885424953,-5.00470559665653,FALSE
"P11217","Low_vs_Control_in_HighStress",-0.257071904563382,8.94233028754657,-0.577930269263866,0.563615433876041,0.999224885424953,-5.04923172196645,FALSE
"P00352","Low_vs_Control_in_HighStress",-0.141040671505606,7.67142346273146,-0.577794391054182,0.563673000837853,0.999224885424953,-5.090071346299,FALSE
"P53367","Low_vs_Control_in_HighStress",-0.23134259242317,13.5885990659273,-0.577865947169229,0.563674529279707,0.999224885424953,-5.06557256845988,FALSE
"P11940","Low_vs_Control_in_HighStress",0.155422348552507,7.61099642323794,0.576949341811445,0.564280901857494,0.999224885424953,-5.04439127048899,FALSE
"P60842","Low_vs_Control_in_HighStress",0.11437884260006,7.57945332986004,0.576745814706095,0.564368895407238,0.999224885424953,-5.0869235064821,FALSE
"P03950","Low_vs_Control_in_HighStress",0.177691364600564,9.87591082263149,0.57602898903444,0.564849901948767,0.999224885424953,-5.09667096809419,FALSE
"P01040","Low_vs_Control_in_HighStress",0.108637223580708,10.1976676246588,0.574547521984401,0.565851402458313,0.999224885424953,-5.09610807119213,FALSE
"P14780","Low_vs_Control_in_HighStress",0.118543772705314,8.19688136185422,0.571942003273098,0.56761151469959,0.999224885424953,-5.10062882272553,FALSE
"Q14644","Low_vs_Control_in_HighStress",0.125565629944271,6.77190884778427,0.57023381120803,0.568808495647919,0.999224885424953,-5.08115025569167,FALSE
"Q15166","Low_vs_Control_in_HighStress",-0.059255397369899,16.1902261268496,-0.569707538467572,0.569123738992692,0.999224885424953,-5.10153881997418,FALSE
"O75787","Low_vs_Control_in_HighStress",-0.0820638417196573,9.87541007003625,-0.569055257913525,0.569565972923002,0.999224885424953,-5.1018034916054,FALSE
"Q13790","Low_vs_Control_in_HighStress",0.064090642985736,16.1382179947488,0.567708806781095,0.570479361207355,0.999224885424953,-5.10234887492999,FALSE
"Q15149","Low_vs_Control_in_HighStress",0.129213366017082,8.52002115946702,0.566783396130607,0.57111189881731,0.999224885424953,-5.09435142588275,FALSE
"Q14204","Low_vs_Control_in_HighStress",-0.177571242315823,7.16584093064545,-0.566828532439398,0.571120000645784,0.999224885424953,-5.08002924842104,FALSE
"O15335","Low_vs_Control_in_HighStress",0.07928810533644,11.1646172019808,0.565673932887651,0.57186107969951,0.999224885424953,-5.10317065781835,FALSE
"P05546","Low_vs_Control_in_HighStress",-0.0701042641269538,16.0905144451672,-0.562534127661539,0.573996192687532,0.999224885424953,-5.10443288657733,FALSE
"Q9Y543","Low_vs_Control_in_HighStress",-0.103649625098944,10.5836936364859,-0.559777415133825,0.5758816666956,0.999224885424953,-5.08850862264735,FALSE
"Q8IZP9","Low_vs_Control_in_HighStress",0.0825244410119659,8.7888843028214,0.559420087553835,0.576117988264031,0.999224885424953,-5.10567749544917,FALSE
"Q9UBX5","Low_vs_Control_in_HighStress",-0.106134996049967,9.52759456112737,-0.557202314870086,0.577630553214451,0.999224885424953,-5.10656025161868,FALSE
"P20851","Low_vs_Control_in_HighStress",0.112543258362148,9.7546999972539,0.556974119681784,0.577788223536005,0.999224885424953,-5.10664951516126,FALSE
"P78527","Low_vs_Control_in_HighStress",0.240097197242504,9.8700004456879,0.555098358487455,0.57912249783405,0.999224885424953,-5.00310609405784,FALSE
"P04439","Low_vs_Control_in_HighStress",0.0732334522732074,10.265000122105,0.553077110701565,0.58044987793811,0.999224885424953,-5.10819230651719,FALSE
"P40121","Low_vs_Control_in_HighStress",-0.121329075028425,6.6062492039543,-0.55284303129988,0.580696331787871,0.999224885424953,-5.00974856596332,FALSE
"Q7LDG7","Low_vs_Control_in_HighStress",0.142099064482297,6.64280281953585,0.551448339591808,0.581644154337596,0.999224885424953,-5.05290759163325,FALSE
"O75487","Low_vs_Control_in_HighStress",0.0700597761456709,8.63209285874185,0.549436193760249,0.582944040776433,0.999224885424953,-5.10962237775874,FALSE
"P06753","Low_vs_Control_in_HighStress",-0.115686147589971,9.83851199696445,-0.549383632041967,0.582982406224559,0.999224885424953,-5.10849653248702,FALSE
"P43251","Low_vs_Control_in_HighStress",-0.0587713271527583,10.7671646735011,-0.548222427286951,0.583776014309371,0.999224885424953,-5.11009745472583,FALSE
"P0DJI9","Low_vs_Control_in_HighStress",0.154467094742527,11.2077247000343,0.548052404675493,0.58389266474636,0.999224885424953,-5.11016387360102,FALSE
"P05109","Low_vs_Control_in_HighStress",-0.142682705743995,11.374811309215,-0.548036539456166,0.583903550234826,0.999224885424953,-5.11017007025695,FALSE
"P62937","Low_vs_Control_in_HighStress",-0.0938527291732125,11.0535058900831,-0.547996160236283,0.583931255765187,0.999224885424953,-5.11018584081164,FALSE
"Q16610","Low_vs_Control_in_HighStress",-0.0741323119856041,12.6541553213645,-0.547428243909074,0.584320987131155,0.999224885424953,-5.1104075239501,FALSE
"P30613","Low_vs_Control_in_HighStress",-0.0884146095100622,10.1393056742847,-0.546715580781764,0.584811600939809,0.999224885424953,-5.11068441281129,FALSE
"P55291","Low_vs_Control_in_HighStress",0.104168370213303,7.85112566053338,0.545839932786648,0.58542109368863,0.999224885424953,-5.1026237179705,FALSE
"P0DOY2;P0DOY3","Low_vs_Control_in_HighStress",-0.137501188819297,16.7476025744195,-0.543834658873066,0.586805893316846,0.999224885424953,-5.09681040395948,FALSE
"P05997","Low_vs_Control_in_HighStress",-0.112560827265374,7.77790539863726,-0.543718607368264,0.586909525800136,0.999224885424953,-5.03627502959943,FALSE
"Q5QJ74","Low_vs_Control_in_HighStress",-0.153972864144091,8.63125110941578,-0.543114965198746,0.587343951453396,0.999224885424953,-5.00066263357793,FALSE
"P30048","Low_vs_Control_in_HighStress",0.141113303780313,7.14800510076298,0.540577341952649,0.589094954765938,0.999224885424953,-5.0383902087406,FALSE
"P35858","Low_vs_Control_in_HighStress",-0.0686348709237556,12.4726178298046,-0.540204049827968,0.589289134346784,0.999224885424953,-5.11320742048586,FALSE
"O95373","Low_vs_Control_in_HighStress",0.110633880966986,9.14071552601856,0.539628077016835,0.589687433947148,0.999224885424953,-5.11342810138477,FALSE
"O00161","Low_vs_Control_in_HighStress",0.1226982710855,7.30420776889931,0.539190328475172,0.590058107728803,0.999224885424953,-5.06019309463894,FALSE
"Q14515","Low_vs_Control_in_HighStress",-0.0696371263633875,14.4478341156698,-0.539041535291399,0.590090428533726,0.999224885424953,-5.11365450959291,FALSE
"P17301","Low_vs_Control_in_HighStress",-0.0746989627303609,8.34975047225922,-0.538673223823359,0.590344402004704,0.999224885424953,-5.11379595712736,FALSE
"P62191","Low_vs_Control_in_HighStress",-0.153903435009899,7.97036545737315,-0.538086883686257,0.590783350592699,0.999224885424953,-5.07713945908995,FALSE
"P10586","Low_vs_Control_in_HighStress",0.0787710064546312,7.28704665708896,0.536877265566626,0.591584898342147,0.999224885424953,-5.11448335559942,FALSE
"P39687","Low_vs_Control_in_HighStress",-0.0944599240061645,9.43858952335655,-0.536550055756598,0.59181587306539,0.999224885424953,-5.10752079181738,FALSE
"Q9UQ80","Low_vs_Control_in_HighStress",-0.134978566767714,7.93606537660454,-0.536013340965466,0.592191289990362,0.999224885424953,-5.09425136147223,FALSE
"O15031","Low_vs_Control_in_HighStress",-0.0829329718149623,7.25153157887261,-0.534894626579178,0.592983124385537,0.999224885424953,-5.09693583860475,FALSE
"P08865","Low_vs_Control_in_HighStress",-0.103005442758767,7.70062708897718,-0.533722556099393,0.593776731291759,0.999224885424953,-5.10014894989309,FALSE
"P02745","Low_vs_Control_in_HighStress",0.144961592823638,11.1660501725861,0.532910590181265,0.594324649072052,0.999224885424953,-5.115996485752,FALSE
"Q7L9L4","Low_vs_Control_in_HighStress",-0.12673840480331,7.19129141736628,-0.531289260636379,0.595521132025014,0.999224885424953,-5.02216254938706,FALSE
"P40189","Low_vs_Control_in_HighStress",0.0950792309596098,7.25429656041608,0.529991012008864,0.596360418047548,0.999224885424953,-5.09414023294073,FALSE
"P42025","Low_vs_Control_in_HighStress",0.116243840022268,8.33137849152856,0.529740516068058,0.596579589060085,0.999224885424953,-5.07148526536045,FALSE
"Q07507","Low_vs_Control_in_HighStress",-0.0724419745245157,13.3688479173569,-0.529610488973913,0.596609553143035,0.999224885424953,-5.11724602505428,FALSE
"Q13630","Low_vs_Control_in_HighStress",-0.0935581578447913,7.79665919865708,-0.529429364066086,0.596771897615305,0.999224885424953,-5.09312752011227,FALSE
"P00747","Low_vs_Control_in_HighStress",-0.0836057710911806,15.1152510353278,-0.527783279980247,0.59787638776484,0.999224885424953,-5.11793453944455,FALSE
"P48059","Low_vs_Control_in_HighStress",0.107543689343828,8.77399241964634,0.527152366115151,0.598326085914147,0.999224885424953,-5.10971380935699,FALSE
"O43173","Low_vs_Control_in_HighStress",-0.085018458039209,6.86740681931493,-0.526088672709408,0.59910522431511,0.999224885424953,-5.066214032536,FALSE
"P21291","Low_vs_Control_in_HighStress",0.0954000605523273,8.92737837303985,0.525096298151094,0.599744633713703,0.999224885424953,-5.11182902806927,FALSE
"P62834","Low_vs_Control_in_HighStress",-0.0927272090162568,8.96294191432856,-0.524986390977873,0.59984471711518,0.999224885424953,-5.07555423125129,FALSE
"P69905","Low_vs_Control_in_HighStress",-0.145056089536375,17.1221016525983,-0.523343795982964,0.600959450049119,0.999224885424953,-5.11959749001397,FALSE
"P29350","Low_vs_Control_in_HighStress",-0.114025133681665,7.76326312547704,-0.522719258044015,0.601408541559749,0.999224885424953,-5.09755549527077,FALSE
"P01704","Low_vs_Control_in_HighStress",-0.17331503778118,10.1696597362704,-0.522348536375283,0.601698837394771,0.999224885424953,-5.04879553249634,FALSE
"Q15485","Low_vs_Control_in_HighStress",-0.0948312094625994,9.5919517337402,-0.521041849843242,0.602561332031355,0.999224885424953,-5.11929815439709,FALSE
"Q8WUJ3","Low_vs_Control_in_HighStress",-0.12348839637029,7.7314309567969,-0.518837771464362,0.604102708675373,0.999224885424953,-5.11647046208507,FALSE
"Q86UD1","Low_vs_Control_in_HighStress",0.057874097346474,10.3448795806351,0.51826777404568,0.604493362369231,0.999224885424953,-5.12148168695888,FALSE
"P07360","Low_vs_Control_in_HighStress",0.090091927464222,11.6507440094732,0.517456342131691,0.605059144950796,0.999224885424953,-5.1217811867333,FALSE
"P16949","Low_vs_Control_in_HighStress",0.095000956658609,8.2584548109497,0.517016739122752,0.605384331379144,0.999224885424953,-5.09016294775329,FALSE
"P00450","Low_vs_Control_in_HighStress",-0.132762174399609,12.0127084230485,-0.516348462871759,0.605832013882261,0.999224885424953,-5.12218934855518,FALSE
"P62330","Low_vs_Control_in_HighStress",-0.0801099477898504,8.08857331803925,-0.516373002803809,0.605840145049464,0.999224885424953,-5.064909267239,FALSE
"P23528","Low_vs_Control_in_HighStress",-0.103742439220113,10.7042326867001,-0.514197102436084,0.607334091314675,0.999224885424953,-5.12297945134871,FALSE
"Q9Y251","Low_vs_Control_in_HighStress",-0.129818122124196,6.87029089089925,-0.51243413996346,0.608635387813131,0.999224885424953,-5.0795088534221,FALSE
"P06733","Low_vs_Control_in_HighStress",0.0775957305418018,12.3827193222578,0.511910741108394,0.608932251011892,0.999224885424953,-5.1238155231269,FALSE
"P00739","Low_vs_Control_in_HighStress",0.0840605358727711,14.0046574050228,0.509867906758057,0.610361771724168,0.999224885424953,-5.12455939487636,FALSE
"P0C0L5","Low_vs_Control_in_HighStress",0.0935309915201223,12.6998549130921,0.509451316161046,0.610653473936356,0.999224885424953,-5.12471072630349,FALSE
"Q08174","Low_vs_Control_in_HighStress",-0.0813709823219479,9.56417662809902,-0.508642136772205,0.61122024913165,0.999224885424953,-5.12500431719833,FALSE
"P15311","Low_vs_Control_in_HighStress",-0.0661557311381635,8.1655479546288,-0.50811135852243,0.611593416792795,0.999224885424953,-5.12403517408017,FALSE
"P31944","Low_vs_Control_in_HighStress",0.103719824083296,9.47451305658791,0.504488912135073,0.614142085265364,0.999224885424953,-5.10956294728723,FALSE
"P21589","Low_vs_Control_in_HighStress",-0.0694311815935826,7.1587932737054,-0.50429712818133,0.614307010494536,0.999224885424953,-5.10302265076864,FALSE
"Q8NBP7","Low_vs_Control_in_HighStress",-0.0693757013324454,11.9076921862924,-0.503242191663827,0.615008512980081,0.999224885424953,-5.12695162114677,FALSE
"O75368","Low_vs_Control_in_HighStress",-0.108639055054923,7.35854027388178,-0.502987005670214,0.615216487523233,0.999224885424953,-5.08872273733689,FALSE
"O94769","Low_vs_Control_in_HighStress",-0.0713939132595947,9.26428866579649,-0.502078943083743,0.615825929737114,0.999224885424953,-5.12736838924079,FALSE
"P20062","Low_vs_Control_in_HighStress",0.0762119028228598,7.51364105882447,0.501709888177212,0.616097150343525,0.999224885424953,-5.07100625915024,FALSE
"Q9Y6B6","Low_vs_Control_in_HighStress",0.0864913754339138,8.4033985635945,0.50123558936294,0.616432015895088,0.999224885424953,-5.10702907918928,FALSE
"Q15084","Low_vs_Control_in_HighStress",-0.103680487995813,7.75158321354771,-0.500906888799417,0.61665995747424,0.999224885424953,-5.11573439187799,FALSE
"O75636","Low_vs_Control_in_HighStress",0.117897005512562,11.3094926594842,0.500879246788464,0.616669459304912,0.999224885424953,-5.12779720679072,FALSE
"Q6IAA8","Low_vs_Control_in_HighStress",-0.0849781156886316,7.16999721651782,-0.500292653344719,0.617113288456975,0.999224885424953,-5.10949013857961,FALSE
"O15143","Low_vs_Control_in_HighStress",-0.223441353055287,8.91068287210991,-0.500250023494253,0.617141128977683,0.999224885424953,-5.09636597357935,FALSE
"P07741","Low_vs_Control_in_HighStress",-0.0926827461001007,9.24875335991482,-0.499133178597668,0.617905289376868,0.999224885424953,-5.12365313960915,FALSE
"Q9UBQ6","Low_vs_Control_in_HighStress",-0.125316115983746,7.1458009847719,-0.498875029447728,0.618151920575429,0.999224885424953,-5.01959366261118,FALSE
"Q7Z5L7","Low_vs_Control_in_HighStress",-0.0877069817001059,7.23146187714848,-0.4987893882065,0.618192312562017,0.999224885424953,-5.04011662645311,FALSE
"P20810","Low_vs_Control_in_HighStress",0.116588161464817,7.70905480461621,0.497855455648721,0.618840098744714,0.999224885424953,-5.08783368403652,FALSE
"O95466","Low_vs_Control_in_HighStress",-0.0841317340936962,6.12674271442572,-0.496200366851443,0.620006843946963,0.999224885424953,-5.07244600597872,FALSE
"P07339","Low_vs_Control_in_HighStress",-0.0807583813922612,9.11978319751669,-0.49593202851442,0.620153297976904,0.999224885424953,-5.12955470843023,FALSE
"O75822","Low_vs_Control_in_HighStress",-0.0934610293286129,7.62857991580282,-0.495742504770833,0.620320516459543,0.999224885424953,-5.07741259105009,FALSE
"P01703","Low_vs_Control_in_HighStress",-0.115351087825989,10.6053858849787,-0.495215831910993,0.62066124830698,0.999224885424953,-5.12380841522963,FALSE
"P61158","Low_vs_Control_in_HighStress",0.0967439095474507,7.72470077544232,0.493746043065501,0.621701250579129,0.999224885424953,-5.11943166224607,FALSE
"Q99536","Low_vs_Control_in_HighStress",-0.0583944837147303,7.90859490254638,-0.492729603899268,0.622415483524095,0.999224885424953,-5.12833162644709,FALSE
"P01706","Low_vs_Control_in_HighStress",-0.144585315985623,11.433814067945,-0.492171823203728,0.622815834185625,0.999224885424953,-5.10494887429662,FALSE
"Q07020","Low_vs_Control_in_HighStress",-0.121273254214646,7.37113341741622,-0.492168910796813,0.622880046580773,0.999224885424953,-5.04318580920961,FALSE
"P42357","Low_vs_Control_in_HighStress",-0.125942962707144,6.649140311098,-0.489832756219739,0.624504655951433,0.999224885424953,-5.06925529292238,FALSE
"P25311","Low_vs_Control_in_HighStress",-0.0917278860409692,9.7618582244991,-0.488953505710464,0.625082140870867,0.999224885424953,-5.13200420804312,FALSE
"P09668","Low_vs_Control_in_HighStress",-0.080661893968129,8.82305503641306,-0.488781572191831,0.625213893434227,0.999224885424953,-5.09736402592755,FALSE
"P13686","Low_vs_Control_in_HighStress",0.0765033826566386,7.36307304179888,0.4887711217237,0.62525318069359,0.999224885424953,-5.07912660617346,FALSE
"P28838","Low_vs_Control_in_HighStress",-0.122584079028922,6.70490601472667,-0.488148349093444,0.625685979332319,0.999224885424953,-5.07994651280219,FALSE
"P12830","Low_vs_Control_in_HighStress",0.0734565583980338,10.6249873131711,0.487152078069961,0.626357213637232,0.999224885424953,-5.13263088886715,FALSE
"P02549","Low_vs_Control_in_HighStress",0.176623203105917,10.1123705972051,0.486404552281871,0.626886650950615,0.999224885424953,-5.13289025993535,FALSE
"P01275","Low_vs_Control_in_HighStress",-0.0968767267241741,8.5357857833907,-0.485271698406861,0.62769016487232,0.999224885424953,-5.13328203636392,FALSE
"O14773","Low_vs_Control_in_HighStress",-0.100613980726383,8.02494242399888,-0.485279758600063,0.627741238741679,0.999224885424953,-5.08803618951234,FALSE
"Q6P988","Low_vs_Control_in_HighStress",-0.0862411910738174,8.66458723108072,-0.48509548276229,0.627825163695632,0.999224885424953,-5.1297767432092,FALSE
"P35612","Low_vs_Control_in_HighStress",0.153234617299078,7.88962892276645,0.482780421777838,0.629483558209267,0.999224885424953,-5.09941277041045,FALSE
"E9PAV3","Low_vs_Control_in_HighStress",0.0832853318268185,7.39353717190484,0.482009984937367,0.630051998114058,0.999224885424953,-5.0317780973292,FALSE
"O43897","Low_vs_Control_in_HighStress",0.0645687144920295,9.74825856850589,0.481847881101998,0.63014489802793,0.999224885424953,-5.11113206188964,FALSE
"O75531","Low_vs_Control_in_HighStress",-0.100373225216011,7.23702989142694,-0.480839550195396,0.630867086219282,0.999224885424953,-5.07639786377481,FALSE
"P06727","Low_vs_Control_in_HighStress",-0.0516117780550385,15.9857521585886,-0.480667016359751,0.630956680392874,0.999224885424953,-5.13486778302351,FALSE
"A6NDG6","Low_vs_Control_in_HighStress",-0.0738681272256105,7.29856461672947,-0.477539318648161,0.633201758435591,0.999224885424953,-5.10988008468712,FALSE
"P02787","Low_vs_Control_in_HighStress",0.13523052662098,13.0689381564924,0.474183942828023,0.635569111424237,0.999224885424953,-5.13707406196655,FALSE
"A2CJ06","Low_vs_Control_in_HighStress",0.0678270990123284,9.49209063448589,0.472808634989166,0.636577147662462,0.999224885424953,-5.10388192188917,FALSE
"P01266","Low_vs_Control_in_HighStress",0.0944905262135691,7.90081172809841,0.472763737223684,0.636584971264033,0.999224885424953,-5.13397847080089,FALSE
"P16150","Low_vs_Control_in_HighStress",-0.0653505392630382,11.7068321898301,-0.470623861595213,0.638108016835175,0.999224885424953,-5.138272877703,FALSE
"Q96EE4","Low_vs_Control_in_HighStress",0.0516580663028279,8.58773230347274,0.469754622231435,0.638728571648491,0.999224885424953,-5.13856421318951,FALSE
"Q96DA0","Low_vs_Control_in_HighStress",0.080909030059793,8.40210118876741,0.468271412947018,0.639793529520082,0.999224885424953,-5.12808242159593,FALSE
"P09429","Low_vs_Control_in_HighStress",-0.112825804753257,8.05884471109896,-0.468258341233067,0.63983846806552,0.999224885424953,-5.0950842734411,FALSE
"P43652","Low_vs_Control_in_HighStress",-0.119463624959948,12.1597625545238,-0.468074608782161,0.639928661633037,0.999224885424953,-5.13912576410227,FALSE
"P16035","Low_vs_Control_in_HighStress",-0.0761201590162415,8.01747120080406,-0.467997606582209,0.640014619956286,0.999224885424953,-5.04852816371968,FALSE
"P42566","Low_vs_Control_in_HighStress",0.115527186382591,6.91741173927206,0.467447213734174,0.64041425658759,0.999224885424953,-5.10314025067467,FALSE
"P61586","Low_vs_Control_in_HighStress",0.0848318081904917,8.596973745022,0.467168129017149,0.640580868200611,0.999224885424953,-5.13455222635749,FALSE
"P35527","Low_vs_Control_in_HighStress",0.091271383092753,14.6157384664334,0.465991530995469,0.641417986700634,0.999224885424953,-5.13981925000463,FALSE
"Q8IYI6","Low_vs_Control_in_HighStress",0.0793435875205546,8.77637543573808,0.464897756780648,0.642228764785746,0.999224885424953,-5.11402353693813,FALSE
"Q9Y490","Low_vs_Control_in_HighStress",0.12422250177946,10.252932011198,0.463804223114567,0.642983391526734,0.999224885424953,-5.14054411003118,FALSE
"P50281","Low_vs_Control_in_HighStress",0.0882095472231104,9.31553080600294,0.463770410663576,0.643011065795111,0.999224885424953,-5.12804549464765,FALSE
"P41218","Low_vs_Control_in_HighStress",0.14587524047631,7.38365890636647,0.463541576846593,0.643197603293229,0.999224885424953,-5.11341893172133,FALSE
"Q8IWU5","Low_vs_Control_in_HighStress",0.0777835131684412,7.55484870945816,0.462890368112951,0.643670986178645,0.999224885424953,-5.10968321751652,FALSE
"A0A1B0GTC6","Low_vs_Control_in_HighStress",0.0920905055324486,11.1880567286394,0.462786746800985,0.643712118041334,0.999224885424953,-5.14088013430927,FALSE
"Q9UHC1","Low_vs_Control_in_HighStress",-0.142639300030249,9.53295375279099,-0.459251159584033,0.646274320360882,0.999224885424953,-5.08594365567355,FALSE
"P07203","Low_vs_Control_in_HighStress",-0.0892976123695561,8.65944250607567,-0.458084829383434,0.647086395763297,0.999224885424953,-5.14242191179015,FALSE
"Q53EL9","Low_vs_Control_in_HighStress",0.0645181377465693,8.00871898914271,0.457863540018306,0.647263181983041,0.999224885424953,-5.11264688522858,FALSE
"P38646","Low_vs_Control_in_HighStress",0.127659119770423,6.92363372813106,0.457410372263919,0.647620435596124,0.999224885424953,-5.08307204743673,FALSE
"P62328","Low_vs_Control_in_HighStress",0.0948140340450863,11.2201941674369,0.456571258065206,0.648172650806026,0.999224885424953,-5.14173721385402,FALSE
"P28289","Low_vs_Control_in_HighStress",-0.134278780204827,7.65445496867532,-0.455507217782366,0.649002795449079,0.999224885424953,-5.05641102916318,FALSE
"P27824","Low_vs_Control_in_HighStress",0.0632121245711126,10.9622146784188,0.450687625731745,0.652403808212758,0.999224885424953,-5.14481939723531,FALSE
"P01597;P04432","Low_vs_Control_in_HighStress",0.092441140084409,8.9481176277079,0.450379071621134,0.652636918115935,0.999224885424953,-5.12138113927754,FALSE
"Q13421","Low_vs_Control_in_HighStress",-0.0740690834657887,7.37967474212312,-0.45001692473087,0.652928460088923,0.999224885424953,-5.13130679690847,FALSE
"P01780","Low_vs_Control_in_HighStress",-0.101064368034542,14.6375811353363,-0.448924904913808,0.653674097024015,0.999224885424953,-5.14538460829248,FALSE
"Q92882","Low_vs_Control_in_HighStress",0.11509812139079,7.56085153810065,0.447538730421596,0.654724479155347,0.999224885424953,-5.08399999443961,FALSE
"O95747","Low_vs_Control_in_HighStress",-0.0865774416021807,8.25093890859041,-0.447292225804911,0.654862312931321,0.999224885424953,-5.13616300444221,FALSE
"P26447","Low_vs_Control_in_HighStress",-0.0724972727825453,10.5362318613705,-0.445300459885769,0.656289181566353,0.999224885424953,-5.14653982306601,FALSE
"Q9Y696","Low_vs_Control_in_HighStress",0.0643341012294076,7.4557042370564,0.445209665956015,0.656359558313063,0.999224885424953,-5.14282734653944,FALSE
"P63000","Low_vs_Control_in_HighStress",-0.0766180623185377,9.51532367929739,-0.444631344517411,0.656784306220846,0.999224885424953,-5.1332769102057,FALSE
"P68402","Low_vs_Control_in_HighStress",-0.0757911819524502,7.93985334999542,-0.442539976267867,0.658299289044914,0.999224885424953,-5.12753533054488,FALSE
"P61026","Low_vs_Control_in_HighStress",-0.13889209686595,10.9448482472608,-0.442380305751171,0.658399189680355,0.999224885424953,-5.14746375499429,FALSE
"P49913","Low_vs_Control_in_HighStress",0.0543772258959319,10.6461035985805,0.441834933905589,0.65879356075425,0.999224885424953,-5.1476356367433,FALSE
"P18065","Low_vs_Control_in_HighStress",0.110158729700343,11.9484702190205,0.44173338600538,0.658869174642613,0.999224885424953,-5.13393310177186,FALSE
"Q15911","Low_vs_Control_in_HighStress",0.0638025488085869,10.3802555256637,0.440050350935723,0.660115464620009,0.999224885424953,-5.0531263684552,FALSE
"Q9BX97","Low_vs_Control_in_HighStress",-0.0680238492655292,7.5249005837609,-0.439565166187702,0.660453868517754,0.999224885424953,-5.13361124645026,FALSE
"O75347","Low_vs_Control_in_HighStress",-0.110664984544639,7.5960979704737,-0.439000371697352,0.660898559936325,0.999224885424953,-5.05074418894653,FALSE
"P13798","Low_vs_Control_in_HighStress",-0.0911066745615514,8.14075648618334,-0.438640142167015,0.661109687044221,0.999224885424953,-5.14372384447151,FALSE
"P09172","Low_vs_Control_in_HighStress",0.113122820379058,7.24204373062721,0.438286475740771,0.661388684163586,0.999224885424953,-5.08776743511612,FALSE
"P13929","Low_vs_Control_in_HighStress",0.0955087117608446,8.25455558862086,0.437749060423937,0.661751883392425,0.999224885424953,-5.14517036882204,FALSE
"P52943","Low_vs_Control_in_HighStress",0.0567748648469237,7.95101101224923,0.437363921823052,0.662032744314922,0.999224885424953,-5.14528898190899,FALSE
"Q01469","Low_vs_Control_in_HighStress",0.0714035767024122,9.08241854931594,0.4368028725059,0.662439346945,0.999224885424953,-5.14682216663705,FALSE
"P35052","Low_vs_Control_in_HighStress",0.0485553285344196,7.97811099423777,0.436776237668048,0.662456145708282,0.999224885424953,-5.14921986240711,FALSE
"Q641Q3","Low_vs_Control_in_HighStress",-0.0757611689367472,8.20933482721477,-0.434921053287298,0.663813760972203,0.999224885424953,-5.10873479136741,FALSE
"Q96PD5","Low_vs_Control_in_HighStress",0.0621518062285027,12.8582879207523,0.434468964600152,0.66412935094934,0.999224885424953,-5.14993637629405,FALSE
"P50895","Low_vs_Control_in_HighStress",-0.0676115408529032,8.56125338970368,-0.433536459843415,0.664806419868196,0.999224885424953,-5.15022466520026,FALSE
"P18564","Low_vs_Control_in_HighStress",0.0520323163367387,11.1390630510622,0.433173334366847,0.665075068841593,0.999224885424953,-5.14914749918735,FALSE
"P05089","Low_vs_Control_in_HighStress",0.0840184103615975,9.06051742196426,0.432832885670723,0.665320398773303,0.999224885424953,-5.13935649332936,FALSE
"Q86X29","Low_vs_Control_in_HighStress",-0.0781778567738876,9.55767542120689,-0.432282314885214,0.665717333979002,0.999224885424953,-5.15061149180257,FALSE
"P27797","Low_vs_Control_in_HighStress",-0.0467026955849441,11.9731163602869,-0.432244602328448,0.665744021662409,0.999224885424953,-5.15062355305261,FALSE
"P84077","Low_vs_Control_in_HighStress",-0.0722625541095088,10.1061140627285,-0.431866105626993,0.666018928517304,0.999224885424953,-5.15074013197971,FALSE
"Q6UXH0","Low_vs_Control_in_HighStress",-0.0611600965629258,9.05634511664235,-0.431664072811232,0.666168159275499,0.999224885424953,-5.14961412118155,FALSE
"O43396","Low_vs_Control_in_HighStress",-0.114358326597912,8.10964613365551,-0.431336862432366,0.666422678178709,0.999224885424953,-5.11927335952771,FALSE
"Q9H299","Low_vs_Control_in_HighStress",0.0923324593374844,8.93409782314612,0.429843294925303,0.667493875148403,0.999224885424953,-5.14404220594496,FALSE
"P16070","Low_vs_Control_in_HighStress",-0.0505195634555271,16.2862815297193,-0.429066844369125,0.668053462025313,0.999224885424953,-5.15159915106524,FALSE
"Q9NP55","Low_vs_Control_in_HighStress",-0.102462375986331,7.91997547259747,-0.428899924177125,0.668214619943234,0.999224885424953,-5.06544586983434,FALSE
"P54920","Low_vs_Control_in_HighStress",-0.0717731892168221,8.24123071567744,-0.427791904668204,0.66898371821085,0.999224885424953,-5.15198679757259,FALSE
"A0A0A0MS15","Low_vs_Control_in_HighStress",-0.110864341116965,10.9331869761128,-0.427307656630375,0.669334352554593,0.999224885424953,-5.15094749286231,FALSE
"P98161","Low_vs_Control_in_HighStress",0.074897717923597,6.76716309380277,0.427079625686091,0.66953139810889,0.999224885424953,-5.06757090302329,FALSE
"Q5VU65","Low_vs_Control_in_HighStress",0.136887669946425,11.1033428096121,0.425694649899405,0.670531835240753,0.999224885424953,-5.10678620438795,FALSE
"P10643","Low_vs_Control_in_HighStress",-0.0875198791297098,12.0970092931249,-0.425288537701128,0.670803457483983,0.999224885424953,-5.15274976297831,FALSE
"O15145","Low_vs_Control_in_HighStress",-0.0886437587065938,8.17446424303002,-0.425190200233841,0.670879300346969,0.999224885424953,-5.14791372155925,FALSE
"Q9BXX0","Low_vs_Control_in_HighStress",-0.0511878328402346,9.85025822369753,-0.424659662212537,0.671261607861429,0.999224885424953,-5.15294028810758,FALSE
"O75165","Low_vs_Control_in_HighStress",0.122788629926944,7.6100268827371,0.424074293953602,0.671734822041266,0.999224885424953,-5.08667430548032,FALSE
"Q96QA5","Low_vs_Control_in_HighStress",-0.0908739065125079,7.1422924544885,-0.423320569607025,0.672298028163779,0.999224885424953,-5.00502145586615,FALSE
"Q15063","Low_vs_Control_in_HighStress",-0.0896020180049728,10.709472053943,-0.42303655896457,0.672444642240575,0.999224885424953,-5.15343072436187,FALSE
"P10412","Low_vs_Control_in_HighStress",-0.111772505104501,10.4654887205023,-0.422428592030024,0.672888322756057,0.999224885424953,-5.15361373338267,FALSE
"P06858","Low_vs_Control_in_HighStress",0.058788054694288,10.2916095332125,0.422185758577878,0.67306509203691,0.999224885424953,-5.15368705229841,FALSE
"A0A0J9YXX1","Low_vs_Control_in_HighStress",-0.160148727783303,10.1658749920258,-0.42176436104353,0.673426132113498,0.999224885424953,-5.0617694204166,FALSE
"P02774","Low_vs_Control_in_HighStress",-0.106567013761408,13.6123337445535,-0.421290139560573,0.673718467211502,0.999224885424953,-5.15395632609235,FALSE
"P60033","Low_vs_Control_in_HighStress",0.0581791232628852,10.7007451178476,0.41878951869481,0.675547470357893,0.999224885424953,-5.15230392425017,FALSE
"P01889","Low_vs_Control_in_HighStress",-0.0627856205611508,9.14285685760763,-0.417787366476056,0.676276864990978,0.999224885424953,-5.15500355648965,FALSE
"P50225","Low_vs_Control_in_HighStress",0.10516308478737,7.33280831682041,0.415410608874112,0.678047798198823,0.999224885424953,-5.0864291251763,FALSE
"Q5HYC2","Low_vs_Control_in_HighStress",-0.088352370003264,9.47835725320824,-0.415029297071374,0.678306451167347,0.999224885424953,-5.13712876200102,FALSE
"O94985","Low_vs_Control_in_HighStress",-0.0471915341876432,10.9705470510569,-0.414608150479562,0.678600901023423,0.999224885424953,-5.1559472778474,FALSE
"Q9C0C9","Low_vs_Control_in_HighStress",-0.0946965424637316,8.5368587714068,-0.413932520434152,0.679096335801234,0.999224885424953,-5.15614620353162,FALSE
"P23471","Low_vs_Control_in_HighStress",0.0497394651761685,11.5453431595551,0.413787446619294,0.679201516727237,0.999224885424953,-5.15618962012645,FALSE
"P02538","Low_vs_Control_in_HighStress",-0.071546306518858,14.7975265149345,-0.41344588630677,0.679451541043355,0.999224885424953,-5.15629033668519,FALSE
"P17987","Low_vs_Control_in_HighStress",0.0908104128619946,7.29588099044236,0.413162142195967,0.679672494106042,0.999224885424953,-5.13895156102578,FALSE
"O60664","Low_vs_Control_in_HighStress",-0.0676818129214656,7.24963252769914,-0.413107539497636,0.679703323644865,0.999224885424953,-5.14370653787379,FALSE
"Q27J81","Low_vs_Control_in_HighStress",-0.10893172082849,6.898432699433,-0.41308796177152,0.679764870749248,0.999224885424953,-5.09680512331471,FALSE
"Q08554","Low_vs_Control_in_HighStress",0.0738174408515331,10.2262778523657,0.410468509138298,0.681632825238796,0.999224885424953,-5.15716456166451,FALSE
"O15117","Low_vs_Control_in_HighStress",0.103794073363325,6.78928149764094,0.408387868781651,0.683191488499911,0.999224885424953,-5.10897322190619,FALSE
"P36383","Low_vs_Control_in_HighStress",0.0987615830335393,10.3237257584624,0.406886558328021,0.684291634120194,0.999224885424953,-5.12918658900794,FALSE
"P01031","Low_vs_Control_in_HighStress",-0.0715622803107472,11.1023038508442,-0.404458825612147,0.686042760573442,0.999224885424953,-5.1589105096887,FALSE
"P05155","Low_vs_Control_in_HighStress",0.0576451517598375,14.0209567069648,0.404385699715684,0.686096491203037,0.999224885424953,-5.15893159353529,FALSE
"O43399","Low_vs_Control_in_HighStress",-0.137979585469187,11.3308041015108,-0.403560282616712,0.686719411788586,0.999224885424953,-5.13151532637182,FALSE
"Q8NG11","Low_vs_Control_in_HighStress",0.0531744567748413,7.23294595188545,0.401127705783574,0.688541065327491,0.999224885424953,-5.09729311996741,FALSE
"Q99972","Low_vs_Control_in_HighStress",0.0707456863703806,7.28084850181818,0.400059670610975,0.689288139845835,0.999224885424953,-5.13379160059551,FALSE
"O95445","Low_vs_Control_in_HighStress",0.0392626873396296,13.7308689348061,0.399710786077998,0.689534764590483,0.999224885424953,-5.16027157076199,FALSE
"Q02487","Low_vs_Control_in_HighStress",0.0749422279515413,6.72112674295257,0.398937214935387,0.690125986694381,0.999224885424953,-5.13265171811805,FALSE
"P13796","Low_vs_Control_in_HighStress",-0.0580119158650323,10.4338015386787,-0.398756502203298,0.690237408427863,0.999224885424953,-5.16054318518171,FALSE
"P02788","Low_vs_Control_in_HighStress",-0.0979591228108534,6.73759880489271,-0.398530060908352,0.690455076056245,0.999224885424953,-5.01935568308945,FALSE
"Q9HBI1","Low_vs_Control_in_HighStress",0.0972495550700696,9.30077354214207,0.397886372508031,0.690879928771343,0.999224885424953,-5.16078932462232,FALSE
"P58166","Low_vs_Control_in_HighStress",-0.0511300565848067,8.7222961252312,-0.397314197508143,0.691300210775957,0.999224885424953,-5.16095228259953,FALSE
"P01817","Low_vs_Control_in_HighStress",0.113144501052258,8.75514128828976,0.396226842147627,0.692112828274806,0.999224885424953,-5.13840645273955,FALSE
"P28300","Low_vs_Control_in_HighStress",-0.0824154718316246,7.44752841850495,-0.395978161737482,0.692324850442901,0.999224885424953,-5.10423101406587,FALSE
"Q8N257","Low_vs_Control_in_HighStress",-0.112282588061412,9.21162850044472,-0.395867263452055,0.692407587457724,0.999224885424953,-5.08891519670962,FALSE
"P06396","Low_vs_Control_in_HighStress",-0.0632125441194535,15.190367794031,-0.395712269145189,0.692480679536649,0.999224885424953,-5.16140531875729,FALSE
"P24592","Low_vs_Control_in_HighStress",0.0552356766215265,9.98929400783351,0.395242242098515,0.692827596914563,0.999224885424953,-5.16153765542125,FALSE
"P98160","Low_vs_Control_in_HighStress",-0.0466312015232635,12.0119256250694,-0.395081843914511,0.692945573962957,0.999224885424953,-5.16158303144011,FALSE
"P51149","Low_vs_Control_in_HighStress",-0.0684546173776575,9.32379673727702,-0.394536254565201,0.693348634235622,0.999224885424953,-5.16173622599367,FALSE
"Q8WVV4","Low_vs_Control_in_HighStress",-0.0830694458877748,7.01356387567245,-0.394572882461635,0.693353046204169,0.999224885424953,-5.08905836580187,FALSE
"P22234","Low_vs_Control_in_HighStress",-0.0786552997298671,7.18792767955495,-0.39415223493736,0.693664695519998,0.999224885424953,-5.11680390448378,FALSE
"Q14847","Low_vs_Control_in_HighStress",-0.0726757353464116,9.02204958378558,-0.393072163899471,0.694428660081415,0.999224885424953,-5.1621474711428,FALSE
"P60903","Low_vs_Control_in_HighStress",0.0659389743269116,8.08682123292207,0.391929582302643,0.695302815994939,0.999224885424953,-5.09412223467958,FALSE
"P19971","Low_vs_Control_in_HighStress",0.0574865162617764,7.15135146801673,0.391398412374617,0.695667997643281,0.999224885424953,-5.15100972465664,FALSE
"Q15185","Low_vs_Control_in_HighStress",0.0722608793576462,9.02689874653425,0.390643003358596,0.696244950057223,0.999224885424953,-5.10978262990617,FALSE
"Q9Y5C1","Low_vs_Control_in_HighStress",0.048933153868985,9.13955679989305,0.388532323664945,0.697782219515985,0.999224885424953,-5.16341254750109,FALSE
"Q13444","Low_vs_Control_in_HighStress",0.0725919830369541,7.67045513309621,0.3876808581326,0.698430166522463,0.999224885424953,-5.15746206250927,FALSE
"P27169","Low_vs_Control_in_HighStress",0.0445256259348561,16.6344859599093,0.385860836608623,0.699758595558771,0.999224885424953,-5.16415001509154,FALSE
"P63208","Low_vs_Control_in_HighStress",0.0796341597091788,7.76716078842158,0.385673897045213,0.69993843614481,0.999224885424953,-5.12715772483741,FALSE
"Q15848","Low_vs_Control_in_HighStress",-0.083148796842897,7.7711434570152,-0.385414251181666,0.700118244337436,0.999224885424953,-5.10229824096902,FALSE
"P13598","Low_vs_Control_in_HighStress",0.0597059324523386,8.79102741680121,0.384514938117806,0.700756304998341,0.999224885424953,-5.16331831155117,FALSE
"O75367","Low_vs_Control_in_HighStress",-0.115694937710002,8.04775433390786,-0.384552047753895,0.700766513472591,0.999224885424953,-5.12963283047136,FALSE
"P11279","Low_vs_Control_in_HighStress",-0.0695266559945296,7.53265515658985,-0.383545383562174,0.701495537005475,0.999224885424953,-5.10278551039213,FALSE
"P62993","Low_vs_Control_in_HighStress",0.08464836649779,6.88449824470963,0.383283433772297,0.701717091899165,0.999224885424953,-5.09490334224841,FALSE
"Q9Y240","Low_vs_Control_in_HighStress",-0.0516660694385553,12.7172879304592,-0.38253460801594,0.702222204052471,0.999224885424953,-5.16506111863127,FALSE
"Q14767","Low_vs_Control_in_HighStress",-0.0679832324342353,9.5297482203054,-0.382451281763564,0.702284266033803,0.999224885424953,-5.16508366473472,FALSE
"P61224","Low_vs_Control_in_HighStress",-0.0715318891646266,12.4679114084468,-0.382117038135438,0.702531704315737,0.999224885424953,-5.16517494036845,FALSE
"Q13217","Low_vs_Control_in_HighStress",-0.0684511753262225,9.75793109598678,-0.382058003061037,0.702575769421027,0.999224885424953,-5.16519084553327,FALSE
"Q15366","Low_vs_Control_in_HighStress",-0.0792373584513388,7.52903571261691,-0.381211757521961,0.703226615520057,0.999224885424953,-5.13629048493529,FALSE
"A0A0G2JS06","Low_vs_Control_in_HighStress",0.132606571524303,10.5561461326539,0.380615788357889,0.703664230271896,0.999224885424953,-5.11359104821888,FALSE
"P07737","Low_vs_Control_in_HighStress",-0.0725006403640371,11.2049345835876,-0.376237648652805,0.70689470261984,0.999224885424953,-5.16676436379352,FALSE
"P01023","Low_vs_Control_in_HighStress",-0.0884967208429863,14.0829017662383,-0.376208665795788,0.706916234399738,0.999224885424953,-5.16677213796544,FALSE
"P02746","Low_vs_Control_in_HighStress",-0.102276515288349,11.5328830290063,-0.374831506938561,0.707939616241513,0.999224885424953,-5.16714084821281,FALSE
"P31025","Low_vs_Control_in_HighStress",-0.0813699660623,7.66912996664374,-0.373293242598488,0.709118735184383,0.999224885424953,-5.0582540134225,FALSE
"Q96CX2","Low_vs_Control_in_HighStress",0.0502808373659933,6.51348152036878,0.373298318764868,0.709119091801684,0.999224885424953,-5.13574291158754,FALSE
"P55103","Low_vs_Control_in_HighStress",0.0491086705062322,10.8149609178478,0.373236303296887,0.709125691067039,0.999224885424953,-5.16756624705745,FALSE
"P35579","Low_vs_Control_in_HighStress",0.102912815964954,10.4092629794847,0.372477412555704,0.709690194332145,0.999224885424953,-5.16776798683805,FALSE
"Q9BYH1","Low_vs_Control_in_HighStress",-0.0460395616514404,11.0767575573965,-0.371662585449278,0.710296483995684,0.999224885424953,-5.16798413966026,FALSE
"Q8N3T1","Low_vs_Control_in_HighStress",-0.0560915524525223,7.20070048461002,-0.371313102549536,0.710564974436327,0.999224885424953,-5.13414181013113,FALSE
"Q9Y6E0","Low_vs_Control_in_HighStress",0.0742288453834483,7.23886312609561,0.36900120415074,0.712303693974171,0.999224885424953,-5.13422546524526,FALSE
"Q76I76","Low_vs_Control_in_HighStress",-0.0565888176666824,9.18738133900111,-0.368310281380194,0.712819191315838,0.999224885424953,-5.12708481524003,FALSE
"Q504Y2","Low_vs_Control_in_HighStress",-0.0631042196479212,7.74771695121705,-0.36721813498345,0.713616961943628,0.999224885424953,-5.15397141334762,FALSE
"P19338","Low_vs_Control_in_HighStress",-0.0590083907398551,8.11936239349896,-0.366406522183738,0.714216261418792,0.999224885424953,-5.15809930762602,FALSE
"P69892","Low_vs_Control_in_HighStress",-0.110840767954103,10.4876884182868,-0.3652321211322,0.715095877619118,0.999224885424953,-5.15840058907141,FALSE
"Q06033","Low_vs_Control_in_HighStress",-0.0430319996992417,17.8933602998174,-0.364931261649995,0.715312074650945,0.999224885424953,-5.16975169237515,FALSE
"P49747","Low_vs_Control_in_HighStress",0.0475327167120234,15.0549524769849,0.364801659541763,0.715408764623618,0.999224885424953,-5.16978540732731,FALSE
"P26641","Low_vs_Control_in_HighStress",-0.0876994710024475,7.35215954676175,-0.363922001070821,0.716077313286344,0.999224885424953,-5.14469058379939,FALSE
"P05156","Low_vs_Control_in_HighStress",-0.0953145891082485,11.9175031779048,-0.362889370969494,0.716835963736431,0.999224885424953,-5.17028148284886,FALSE
"Q9NTK5","Low_vs_Control_in_HighStress",-0.0694213697006019,7.6016897265331,-0.36287048811694,0.71685359059192,0.999224885424953,-5.166610169523,FALSE
"Q8NI99","Low_vs_Control_in_HighStress",0.0689852032928187,11.9412872681069,0.362488532442197,0.717135247682796,0.999224885424953,-5.17038513588713,FALSE
"P35251","Low_vs_Control_in_HighStress",-0.12622991986872,9.23929673339768,-0.36179353346208,0.717699506551233,0.999224885424953,-5.06723824677879,FALSE
"Q8IZF2","Low_vs_Control_in_HighStress",-0.042426776896626,10.4755511402166,-0.360854681361547,0.718355604086457,0.999224885424953,-5.17080644993029,FALSE
"P62195","Low_vs_Control_in_HighStress",-0.0794299468744448,7.24899209355074,-0.360352333660551,0.71874298794819,0.999224885424953,-5.14685764404672,FALSE
"Q96KN2","Low_vs_Control_in_HighStress",-0.0507202011554782,12.246569904361,-0.358798093436977,0.719892735687705,0.999224885424953,-5.1713340693609,FALSE
"P13611","Low_vs_Control_in_HighStress",-0.045351139327142,13.0080616075689,-0.358106944630898,0.720409568451837,0.999224885424953,-5.17151070761337,FALSE
"P55287","Low_vs_Control_in_HighStress",0.0566841793495616,8.20605459663454,0.356690631876346,0.721470206561037,0.999224885424953,-5.17187098620489,FALSE
"P01834","Low_vs_Control_in_HighStress",0.0569280827150571,14.7461063565728,0.356682857913413,0.721474887186926,0.999224885424953,-5.17187359106842,FALSE
"P55157","Low_vs_Control_in_HighStress",0.0649129919148956,7.52973044151518,0.355422920340135,0.722425239187562,0.999224885424953,-5.15413674715249,FALSE
"Q9NR34","Low_vs_Control_in_HighStress",-0.072443736352767,9.66656180610138,-0.354807558589393,0.72289306170387,0.999224885424953,-5.14297818500216,FALSE
"P30044","Low_vs_Control_in_HighStress",-0.0811167938480777,7.52641254497419,-0.354267773754223,0.723297926849045,0.999224885424953,-5.14265049119019,FALSE
"P02749","Low_vs_Control_in_HighStress",-0.0788669522569325,13.8718077363673,-0.353878223366054,0.723574538015619,0.999224885424953,-5.17258403810998,FALSE
"Q9UN70","Low_vs_Control_in_HighStress",0.0632460752636668,7.46155293047386,0.35297886500951,0.724251989260502,0.999224885424953,-5.16391125841693,FALSE
"Q96M27","Low_vs_Control_in_HighStress",0.0489655646649521,6.8903260568119,0.352519040650023,0.724620735536377,0.999224885424953,-5.14226566786952,FALSE
"Q9HBB8","Low_vs_Control_in_HighStress",-0.0552281119781357,7.41852388961658,-0.352234906337537,0.724841088823452,0.999224885424953,-5.14333208795362,FALSE
"P50570","Low_vs_Control_in_HighStress",0.0636490462018768,6.65494469450126,0.352068564535979,0.724942145426706,0.999224885424953,-5.16808519587292,FALSE
"P11171","Low_vs_Control_in_HighStress",-0.103757549097519,8.86811455396398,-0.351840559602429,0.725102155387563,0.999224885424953,-5.17309622868362,FALSE
"P30040","Low_vs_Control_in_HighStress",0.0902674895695368,7.2167481010568,0.350885593717744,0.725859568788544,0.999224885424953,-5.07206709323176,FALSE
"P28066","Low_vs_Control_in_HighStress",0.0649982959560162,7.44009016251131,0.350391711410691,0.726202204400291,0.999224885424953,-5.13997341152975,FALSE
"P00740","Low_vs_Control_in_HighStress",-0.0578560843597913,14.5960564092345,-0.349668227862201,0.72673020873622,0.999224885424953,-5.17363995832747,FALSE
"Q99715","Low_vs_Control_in_HighStress",0.0428970394658243,10.7379249597153,0.349594672787037,0.726785384675686,0.999224885424953,-5.17365829461701,FALSE
"Q8WZ42","Low_vs_Control_in_HighStress",0.0602182584680708,9.78697953286896,0.349137422300481,0.727128967117574,0.999224885424953,-5.1737718938111,FALSE
"Q96S96","Low_vs_Control_in_HighStress",-0.0619663339789227,10.0620823366402,-0.348835310741667,0.727355088685458,0.999224885424953,-5.17384736800428,FALSE
"P43121","Low_vs_Control_in_HighStress",-0.0593836368491445,8.31401020765541,-0.347687003154562,0.728227488600724,0.999224885424953,-5.12780653808126,FALSE
"Q13200","Low_vs_Control_in_HighStress",-0.0713427614445212,7.62333599892934,-0.346830652989,0.728871001256256,0.999224885424953,-5.15284508098225,FALSE
"P22304","Low_vs_Control_in_HighStress",-0.0517191435828863,8.61410204696353,-0.346268241430205,0.729282125284609,0.999224885424953,-5.17448349964687,FALSE
"P08571","Low_vs_Control_in_HighStress",0.042812511060264,12.3595402191225,0.344328068764208,0.730739705385377,0.999224885424953,-5.1749611677293,FALSE
"P06702","Low_vs_Control_in_HighStress",-0.0851709166563452,11.6268807621307,-0.343259041268586,0.731543243515371,0.999224885424953,-5.17522321480218,FALSE
"O15400","Low_vs_Control_in_HighStress",0.0508994702101599,8.60855116887885,0.34063387217286,0.733519890376921,0.999224885424953,-5.17586209499351,FALSE
"P78371","Low_vs_Control_in_HighStress",-0.0682182749766218,7.32778451365005,-0.339991828454735,0.734005870912511,0.999224885424953,-5.16590014251889,FALSE
"P05023","Low_vs_Control_in_HighStress",0.0440496534732606,7.81301349238323,0.339893535946576,0.734077588736184,0.999224885424953,-5.1723493167808,FALSE
"P68871","Low_vs_Control_in_HighStress",-0.0916916825900707,17.565119952175,-0.337737630008684,0.735698116209029,0.999224885424953,-5.17656369446738,FALSE
"Q13867","Low_vs_Control_in_HighStress",0.0556781429950135,9.44588096780553,0.33658495202162,0.736571142794264,0.999224885424953,-5.15342771885794,FALSE
"P24158","Low_vs_Control_in_HighStress",0.122837187520728,7.73847548064312,0.334717610666375,0.73802107394276,0.999224885424953,-5.06481265800351,FALSE
"O60462","Low_vs_Control_in_HighStress",0.0411088949074099,12.4714194419794,0.334074014300079,0.738459288529811,0.999224885424953,-5.17744115168836,FALSE
"P35611","Low_vs_Control_in_HighStress",-0.092903229103344,7.99141532554212,-0.334038373635313,0.738499099338205,0.999224885424953,-5.15589216430046,FALSE
"P07910","Low_vs_Control_in_HighStress",0.0543267385867754,8.38794334764666,0.3323353951755,0.739773488531409,0.999224885424953,-5.1741550934462,FALSE
"P26022","Low_vs_Control_in_HighStress",0.0470182019348044,10.4315416554361,0.331930868691333,0.740076094352894,0.999224885424953,-5.17795001332455,FALSE
"Q9Y4E8","Low_vs_Control_in_HighStress",-0.0681900782582456,8.03873243892711,-0.329908436752386,0.741606888565998,0.999224885424953,-5.17721038971988,FALSE
"P09960","Low_vs_Control_in_HighStress",0.0633010849542028,7.83696238635144,0.32964437906467,0.741807133620968,0.999224885424953,-5.16834937938888,FALSE
"Q96PC5","Low_vs_Control_in_HighStress",-0.0513709256043295,7.78206044247071,-0.32810459052445,0.743000250864201,0.999224885424953,-5.10367860570737,FALSE
"P48061","Low_vs_Control_in_HighStress",0.07060779504266,10.1683261660363,0.327899914119933,0.743130144948903,0.999224885424953,-5.1611380925739,FALSE
"P55058","Low_vs_Control_in_HighStress",-0.0476646057285617,14.1603260055939,-0.327484987085161,0.743433770073332,0.999224885424953,-5.17899519131792,FALSE
"P13942","Low_vs_Control_in_HighStress",0.047684498246193,9.11401878097648,0.325477117461598,0.744951789085322,0.999224885424953,-5.17946260213821,FALSE
"P38606","Low_vs_Control_in_HighStress",0.0776563088213438,6.60261101412467,0.324956690623235,0.745364677881408,0.999224885424953,-5.15373221529191,FALSE
"Q96AQ6","Low_vs_Control_in_HighStress",-0.0492059483580629,8.57699336824384,-0.321600146578515,0.747885973743388,0.999224885424953,-5.17650967960599,FALSE
"P23141","Low_vs_Control_in_HighStress",0.0425583650065491,6.36581929569364,0.320386738029549,0.748809142072629,0.999224885424953,-5.16802254536016,FALSE
"P51665","Low_vs_Control_in_HighStress",0.0815382356571428,7.01936624419572,0.319181048087641,0.749770049177367,0.999224885424953,-5.06337776597873,FALSE
"P17980","Low_vs_Control_in_HighStress",-0.0711280199466069,7.51954974829819,-0.317844012801164,0.750738237384386,0.999224885424953,-5.17622795767789,FALSE
"O14672","Low_vs_Control_in_HighStress",0.0502654367711965,8.30483304986782,0.316669914491544,0.751622756953817,0.999224885424953,-5.18147850789182,FALSE
"Q9Y646","Low_vs_Control_in_HighStress",0.0347032944283558,8.41227064146051,0.309538340570391,0.757037356886154,0.999224885424953,-5.18185135122905,FALSE
"Q99460","Low_vs_Control_in_HighStress",-0.0711011518386915,7.44070286430006,-0.308795751095168,0.75762454348188,0.999224885424953,-5.13878290440638,FALSE
"P16157","Low_vs_Control_in_HighStress",0.10092806672359,9.54493432062779,0.308379729350305,0.757917720816352,0.999224885424953,-5.18332629689428,FALSE
"P55072","Low_vs_Control_in_HighStress",0.0719767749747575,10.0739114170884,0.30750435275612,0.758583446210716,0.999224885424953,-5.18351850952449,FALSE
"P13727","Low_vs_Control_in_HighStress",-0.0520891790329578,13.7495493722786,-0.307068845412954,0.758914717198172,0.999224885424953,-5.18361393350905,FALSE
"P10301","Low_vs_Control_in_HighStress",0.0530544622308149,7.11940284720664,0.307062561634893,0.75895652375138,0.999224885424953,-5.10089056235989,FALSE
"O43707","Low_vs_Control_in_HighStress",0.0593819039134793,6.9745932834623,0.304645165036846,0.760763285913463,0.999224885424953,-5.17115546569273,FALSE
"O75147","Low_vs_Control_in_HighStress",-0.076292186471294,10.2484078060832,-0.304385707205879,0.760985328552857,0.999224885424953,-5.10677578915145,FALSE
"P15090","Low_vs_Control_in_HighStress",0.0508388896357062,7.59543334074799,0.30329080332898,0.761806706669983,0.999224885424953,-5.13080396201159,FALSE
"O75223","Low_vs_Control_in_HighStress",-0.0499503133645218,7.46750190751441,-0.301614636187743,0.76307659275944,0.999224885424953,-5.15252930299037,FALSE
"Q99733","Low_vs_Control_in_HighStress",0.0651832153273091,9.86440203814338,0.298526537151689,0.765422307391855,0.999224885424953,-5.18545785677294,FALSE
"Q96J42","Low_vs_Control_in_HighStress",-0.0325025604864742,9.97326320443207,-0.297140153271572,0.766478956920436,0.999224885424953,-5.18575273794005,FALSE
"P11021","Low_vs_Control_in_HighStress",0.0407598078237861,10.2124101408684,0.294140104466667,0.768768999610232,0.999224885424953,-5.18638517563654,FALSE
"Q16775","Low_vs_Control_in_HighStress",-0.0757829594291337,8.15723355098679,-0.294011984736952,0.768877292012043,0.999224885424953,-5.16327668122468,FALSE
"P22466","Low_vs_Control_in_HighStress",0.059363431167526,8.46941183115627,0.293836121650011,0.769020881700199,0.999224885424953,-5.18643950851832,FALSE
"P36915","Low_vs_Control_in_HighStress",0.0780046343940581,6.89470262497097,0.293722842905049,0.769131086782329,0.999224885424953,-5.0729721837458,FALSE
"P78423","Low_vs_Control_in_HighStress",-0.0511216379476771,10.3908854548977,-0.29357147177371,0.769203514456601,0.999224885424953,-5.18650421666086,FALSE
"Q9H8J5","Low_vs_Control_in_HighStress",0.0460980729624296,10.6626319630852,0.293487060258284,0.76926776026951,0.999224885424953,-5.18652199314089,FALSE
"O60245","Low_vs_Control_in_HighStress",-0.0531295284263642,6.86650584901509,-0.292715567362171,0.769879926973962,0.999224885424953,-5.13925478758136,FALSE
"Q7LGC8","Low_vs_Control_in_HighStress",-0.0314225337758529,11.0081953095231,-0.291650024051124,0.770671304451943,0.999224885424953,-5.18690523536071,FALSE
"P16112","Low_vs_Control_in_HighStress",0.0467038294064945,10.6192276016162,0.291408980679215,0.770855523969841,0.999224885424953,-5.18695534327977,FALSE
"P51884","Low_vs_Control_in_HighStress",0.0342375993847597,16.8642744203719,0.288675068216146,0.772945845581195,0.999224885424953,-5.18752076843858,FALSE
"P0DJI8","Low_vs_Control_in_HighStress",-0.0853039335183094,13.9628809768512,-0.288627078332699,0.772982552964274,0.999224885424953,-5.18753064608196,FALSE
"P22314","Low_vs_Control_in_HighStress",-0.0859267035508111,7.28798037388502,-0.287770741384207,0.773643026022761,0.999224885424953,-5.17501877254122,FALSE
"P40227","Low_vs_Control_in_HighStress",0.0634666844698781,7.60400439812665,0.287346224589007,0.773973189859792,0.999224885424953,-5.1725559918384,FALSE
"P60660","Low_vs_Control_in_HighStress",0.0740772259301785,9.9315981397049,0.287318907369066,0.77398359013142,0.999224885424953,-5.18779916709736,FALSE
"P0DP02","Low_vs_Control_in_HighStress",-0.0568241540921957,12.1586038216111,-0.287306159309586,0.773993121443519,0.999224885424953,-5.18780188327324,FALSE
"Q14574","Low_vs_Control_in_HighStress",-0.056833191474821,11.9750992507169,-0.286943777740619,0.774270428532978,0.999224885424953,-5.18787607722148,FALSE
"P67775","Low_vs_Control_in_HighStress",-0.0547130501318627,8.35020900472148,-0.286554286117169,0.774586220617459,0.999224885424953,-5.15960599866049,FALSE
"P21730","Low_vs_Control_in_HighStress",-0.0453743419618853,7.49316858795734,-0.283977566010718,0.776570035099666,0.999224885424953,-5.11853715920097,FALSE
"Q14203","Low_vs_Control_in_HighStress",-0.0552646585128294,9.90182600939197,-0.283075138281477,0.77723533707518,0.999224885424953,-5.1715243477797,FALSE
"Q96IY4","Low_vs_Control_in_HighStress",0.0313356645255674,12.6369758746046,0.282213803886476,0.777892607426593,0.999224885424953,-5.18883590709193,FALSE
"P02790","Low_vs_Control_in_HighStress",-0.0743430967890806,15.0135403054659,-0.281990722304784,0.778063561923596,0.999224885424953,-5.18888078212715,FALSE
"P22694","Low_vs_Control_in_HighStress",-0.0668649007044282,6.90782281647317,-0.281669643027247,0.778342288941864,0.999224885424953,-5.14160740821965,FALSE
"Q8IUK5","Low_vs_Control_in_HighStress",-0.0332411503227732,11.4501229134404,-0.280770191612581,0.778999083852618,0.999224885424953,-5.1891256758159,FALSE
"P07307","Low_vs_Control_in_HighStress",0.052865664955136,7.51681961779253,0.280561807435621,0.779171949150032,0.999224885424953,-5.16722265845453,FALSE
"Q9BX67","Low_vs_Control_in_HighStress",0.0792442677018421,8.84899437266257,0.280226865062718,0.7794355864512,0.999224885424953,-5.11741388730382,FALSE
"Q6UVK1","Low_vs_Control_in_HighStress",0.0351421085747781,10.2513471448004,0.277201781120117,0.781736064777003,0.999224885424953,-5.18983556997642,FALSE
"O95744","Low_vs_Control_in_HighStress",0.0775931083528683,10.5962809379502,0.276960859666397,0.781942152925414,0.999224885424953,-5.10801805730244,FALSE
"P55209","Low_vs_Control_in_HighStress",-0.0554444584011904,10.0879312476909,-0.276910621491414,0.781959935624747,0.999224885424953,-5.18989289715538,FALSE
"Q15365","Low_vs_Control_in_HighStress",-0.0525960862023727,7.87666505052746,-0.276852728063603,0.782011491065897,0.999224885424953,-5.18488277221857,FALSE
"A0A0A0MRZ8;P04433","Low_vs_Control_in_HighStress",-0.0649421370836283,12.063645350786,-0.276745747488584,0.782086903733077,0.999224885424953,-5.1886988165667,FALSE
"Q15113","Low_vs_Control_in_HighStress",-0.0368707565870281,11.7487329708412,-0.276595503965291,0.782201351632948,0.999224885424953,-5.18995527977432,FALSE
"P60953","Low_vs_Control_in_HighStress",-0.0407659102526701,8.81779652149071,-0.276169145129628,0.782528821342522,0.999224885424953,-5.19003921077275,FALSE
"O94973","Low_vs_Control_in_HighStress",-0.0519967672805501,7.3006284861976,-0.275570397872028,0.783000314115079,0.999224885424953,-5.15228464780412,FALSE
"P17936","Low_vs_Control_in_HighStress",0.0641098629694987,11.3536831685522,0.274318527696998,0.783949511820132,0.999224885424953,-5.19040253031101,FALSE
"P02763","Low_vs_Control_in_HighStress",0.0954061686209453,12.0592377645924,0.27237519894692,0.785442378208174,0.999224885424953,-5.19078132174814,FALSE
"P29622","Low_vs_Control_in_HighStress",0.0321677500495525,13.2159780939648,0.272299562364753,0.785500498321855,0.999224885424953,-5.19079601031863,FALSE
"Q96JQ0","Low_vs_Control_in_HighStress",0.051774393024564,6.95471834506496,0.272069098766723,0.785683124008501,0.999224885424953,-5.18961091250388,FALSE
"P08727","Low_vs_Control_in_HighStress",0.0630074523017559,8.59562852535552,0.271293719662698,0.786285383322537,0.999224885424953,-5.13582980697704,FALSE
"P47755","Low_vs_Control_in_HighStress",-0.0517560213854722,7.99623947395014,-0.270789093716837,0.78667351590391,0.999224885424953,-5.15709125269958,FALSE
"P06331","Low_vs_Control_in_HighStress",-0.0640134557750276,11.5980292995244,-0.269156352183052,0.787917255395461,0.999224885424953,-5.19017469581921,FALSE
"P16452","Low_vs_Control_in_HighStress",-0.0811376508583681,8.99437211444583,-0.268664377829284,0.78829627664245,0.999224885424953,-5.19149668934783,FALSE
"P41091","Low_vs_Control_in_HighStress",-0.0609614546161614,7.31056997367373,-0.268551362181032,0.788418946755407,0.999224885424953,-5.10395870689727,FALSE
"Q9NZD4","Low_vs_Control_in_HighStress",0.0656307104216793,8.02305922308732,0.267399579447418,0.789299835647295,0.999224885424953,-5.12016512585606,FALSE
"Q8NFL0","Low_vs_Control_in_HighStress",0.0394994331896239,7.61704000024669,0.267083764905758,0.789526328605269,0.999224885424953,-5.17520054752176,FALSE
"O60610","Low_vs_Control_in_HighStress",-0.0656521983755161,7.52951399127403,-0.266525756632651,0.789952328336872,0.999224885424953,-5.16991046744575,FALSE
"P15814","Low_vs_Control_in_HighStress",-0.0806001732733019,10.0688193695042,-0.265854441699434,0.790480361608074,0.999224885424953,-5.13430773678926,FALSE
"P25815","Low_vs_Control_in_HighStress",0.0799672739173127,7.70160159653353,0.264637594826104,0.791427897119758,0.999224885424953,-5.08270104245362,FALSE
"P22352","Low_vs_Control_in_HighStress",-0.0497214473293273,11.9538249521091,-0.264572381445334,0.791444427009655,0.999224885424953,-5.19227513383631,FALSE
"P52907","Low_vs_Control_in_HighStress",0.046547439957024,9.00731496348031,0.26431964149095,0.791639663777066,0.999224885424953,-5.19232252554554,FALSE
"P02765","Low_vs_Control_in_HighStress",0.041564719116792,17.0126491328544,0.264239416227881,0.791700827893921,0.999224885424953,-5.19233791292364,FALSE
"P02768","Low_vs_Control_in_HighStress",-0.0806134517986159,15.624335027664,-0.26323236352493,0.792476449346803,0.999224885424953,-5.1925273071807,FALSE
"P34932","Low_vs_Control_in_HighStress",0.046706793678351,7.10778220904259,0.262797657629017,0.792819636424339,0.999224885424953,-5.16415095583313,FALSE
"Q9BYE9","Low_vs_Control_in_HighStress",0.05631476080341,9.3211487711656,0.262270765816902,0.793217254117121,0.999224885424953,-5.19270747808753,FALSE
"O00410","Low_vs_Control_in_HighStress",-0.0573105897490764,6.20982297636754,-0.262257441377603,0.793252610351101,0.999224885424953,-5.11660053737379,FALSE
"P02750","Low_vs_Control_in_HighStress",0.0927830869107424,9.85234448009057,0.261934163415541,0.793476613333924,0.999224885424953,-5.19277039025066,FALSE
"P12109","Low_vs_Control_in_HighStress",0.0324078714692622,9.44232007752995,0.261743759376599,0.793623333789707,0.999224885424953,-5.19280594166467,FALSE
"Q99439","Low_vs_Control_in_HighStress",-0.0697949491392604,7.57163938586845,-0.261144808498493,0.794100958551069,0.999224885424953,-5.14816051670358,FALSE
"P19652","Low_vs_Control_in_HighStress",0.0716053411703772,13.5509536726081,0.260466221976125,0.794607960479959,0.999224885424953,-5.19304380946901,FALSE
"P0DPH7;P0DPH8","Low_vs_Control_in_HighStress",-0.0589248320878877,11.0208180644804,-0.259836744491978,0.795093233698284,0.999224885424953,-5.19316058555455,FALSE
"P68036","Low_vs_Control_in_HighStress",-0.0512421486436052,7.55258159740409,-0.259664207186811,0.795248669818461,0.999224885424953,-5.13727569285845,FALSE
"P02730","Low_vs_Control_in_HighStress",-0.069808949233563,12.6738209139273,-0.258097925489676,0.796434126875285,0.999224885424953,-5.19348169082695,FALSE
"P33151","Low_vs_Control_in_HighStress",0.0346693232043105,11.9755936829786,0.25769812121148,0.796742522011954,0.999224885424953,-5.19355521736557,FALSE
"P05556","Low_vs_Control_in_HighStress",-0.0302502693323792,10.9983636869684,-0.256898340404494,0.797359540639505,0.999224885424953,-5.19370196015924,FALSE
"Q6X4W1","Low_vs_Control_in_HighStress",-0.0743700971947554,10.9331176444031,-0.2556605136698,0.798334511443834,0.999224885424953,-5.16270040194836,FALSE
"P08514","Low_vs_Control_in_HighStress",-0.0450559730450486,12.1339082171125,-0.255038062876706,0.798795206903622,0.999224885424953,-5.19404151779466,FALSE
"P26583","Low_vs_Control_in_HighStress",-0.0637979991489743,7.82840264011142,-0.252422689525784,0.800832353563903,0.999224885424953,-5.13853528192939,FALSE
"Q02818","Low_vs_Control_in_HighStress",0.0340808576671172,8.53375996100122,0.2520721333318,0.801085568051326,0.999224885424953,-5.19457778871897,FALSE
"Q14764","Low_vs_Control_in_HighStress",-0.0499141167758461,6.46938327748328,-0.252078892710058,0.801105308853277,0.999224885424953,-5.11693308920567,FALSE
"O43505","Low_vs_Control_in_HighStress",0.0398533000084242,6.92739931445802,0.251125215639144,0.801843551352408,0.999224885424953,-5.10693588482327,FALSE
"Q15404","Low_vs_Control_in_HighStress",0.0566469710729223,9.75636250570372,0.251028306409621,0.801892238752911,0.999224885424953,-5.19476495083953,FALSE
"O95967","Low_vs_Control_in_HighStress",-0.0367022449447969,8.86334903445566,-0.250888630291531,0.802000755568837,0.999224885424953,-5.19478970328985,FALSE
"Q16543","Low_vs_Control_in_HighStress",-0.0603120806488375,6.63260408707259,-0.250097052362429,0.802644809052391,0.999224885424953,-5.08786900915176,FALSE
"Q9NR99","Low_vs_Control_in_HighStress",-0.0281104676176263,10.2462125740413,-0.249850781673759,0.802802073471508,0.999224885424953,-5.19497532505982,FALSE
"Q8IZA0","Low_vs_Control_in_HighStress",0.0346495686655484,7.43627773205715,0.248569943480178,0.803798339584801,0.999224885424953,-5.17968413333681,FALSE
"P80108","Low_vs_Control_in_HighStress",0.0286515321069825,13.9926130962551,0.247508838551416,0.804612797208845,0.999224885424953,-5.19539063334626,FALSE
"P49327","Low_vs_Control_in_HighStress",-0.0793959737415539,7.08327880230474,-0.242927823872151,0.808180880758407,0.999224885424953,-5.12577103901678,FALSE
"P23381","Low_vs_Control_in_HighStress",-0.0379289466405002,7.40481678366745,-0.241774803816956,0.809055694610739,0.999224885424953,-5.19390429762738,FALSE
"Q16401","Low_vs_Control_in_HighStress",-0.0477119223360685,6.83479155289181,-0.24070446207087,0.809892702960351,0.999224885424953,-5.15304334159745,FALSE
"Q9ULF5","Low_vs_Control_in_HighStress",-0.0755575010609348,9.85140039964801,-0.239410271083793,0.810890611872079,0.999224885424953,-5.16551255666366,FALSE
"P08603","Low_vs_Control_in_HighStress",-0.0580804148790808,12.4737109225411,-0.239280244200392,0.810983190059068,0.999224885424953,-5.19681884644788,FALSE
"O75897","Low_vs_Control_in_HighStress",-0.0925552835778642,11.1202022555596,-0.239174548175261,0.811085649777332,0.999224885424953,-5.12485929576742,FALSE
"O00592","Low_vs_Control_in_HighStress",-0.0401806027683715,12.9048476261429,-0.23875846837792,0.811387565545517,0.999224885424953,-5.19690778209167,FALSE
"Q01082","Low_vs_Control_in_HighStress",0.0795099875079828,8.15928146362381,0.237933028242505,0.812032585278618,0.999224885424953,-5.18556468303007,FALSE
"P08758","Low_vs_Control_in_HighStress",-0.0470490640427368,7.75782089143804,-0.237643526664524,0.812255018306701,0.999224885424953,-5.18949120105822,FALSE
"A0A0C4DH43","Low_vs_Control_in_HighStress",0.0888404438977553,9.49687330696305,0.236073037777703,0.813479369605324,0.999224885424953,-5.14684198711896,FALSE
"Q14C86","Low_vs_Control_in_HighStress",-0.0511944347901236,7.71369536851275,-0.235312102777067,0.814067581539709,0.999224885424953,-5.16701301835656,FALSE
"Q9UBP4","Low_vs_Control_in_HighStress",-0.0305672596238917,10.6168891899377,-0.235072785208192,0.814245395961131,0.999224885424953,-5.19753047169824,FALSE
"Q8WWV6","Low_vs_Control_in_HighStress",-0.0370928432868958,10.3210369568537,-0.233370770754555,0.815566134753499,0.999224885424953,-5.19781468507628,FALSE
"P63218","Low_vs_Control_in_HighStress",-0.044920155347576,9.16578414948582,-0.231194591807335,0.81726585881656,0.999224885424953,-5.18534469899183,FALSE
"Q16270","Low_vs_Control_in_HighStress",0.0358203330648728,10.7307720236852,0.231129157654884,0.817305980352917,0.999224885424953,-5.19818601566793,FALSE
"P19823","Low_vs_Control_in_HighStress",-0.0337671623158613,20.3494201718466,-0.230861852958807,0.817513532816413,0.999224885424953,-5.19823004813625,FALSE
"Q9BXN1","Low_vs_Control_in_HighStress",-0.0301454597055173,11.3457933130182,-0.229738540709968,0.818385884400561,0.999224885424953,-5.19841453186336,FALSE
"P62942","Low_vs_Control_in_HighStress",-0.0393215466796839,7.93440616698103,-0.229464076836926,0.818604268150193,0.999224885424953,-5.1869626386412,FALSE
"P35813","Low_vs_Control_in_HighStress",0.0496089421693782,6.79024765137021,0.228677387952656,0.819230296283634,0.999224885424953,-5.15638828767895,FALSE
"Q00013","Low_vs_Control_in_HighStress",-0.0508958814782812,8.71954982252292,-0.228499564764219,0.819350105281611,0.999224885424953,-5.19612709199325,FALSE
"P30990","Low_vs_Control_in_HighStress",-0.0318945288384356,8.86237445889297,-0.227033917666958,0.820491371844148,0.999224885424953,-5.1725845102176,FALSE
"Q9H159","Low_vs_Control_in_HighStress",-0.0304488758026569,9.42644628681729,-0.226951384260243,0.820551330514033,0.999224885424953,-5.19886838674618,FALSE
"Q15293","Low_vs_Control_in_HighStress",-0.0328192847013096,10.5406115393328,-0.226405828475703,0.820975354356114,0.999224885424953,-5.19895657581393,FALSE
"Q04721","Low_vs_Control_in_HighStress",-0.0419664821190295,8.13249704558037,-0.225900286841355,0.821387680132155,0.999224885424953,-5.15957290289985,FALSE
"P01034","Low_vs_Control_in_HighStress",0.0364600063911631,11.1223200221661,0.224895885687427,0.822149204623112,0.999224885424953,-5.19919955162207,FALSE
"P04264","Low_vs_Control_in_HighStress",-0.0365190040125789,16.7632817540826,-0.221471178510982,0.824813095357363,0.999224885424953,-5.19974462170122,FALSE
"P59998","Low_vs_Control_in_HighStress",-0.0453353812288242,9.1363183887628,-0.221446079102825,0.82483279600433,0.999224885424953,-5.19974852215276,FALSE
"P35555","Low_vs_Control_in_HighStress",0.0556443055049849,8.03190824669307,0.221287298231263,0.824960071994263,0.999224885424953,-5.18568191894099,FALSE
"Q9BV94","Low_vs_Control_in_HighStress",-0.0318959479691312,9.52629169095206,-0.221260874844767,0.824978295201437,0.999224885424953,-5.1972856699919,FALSE
"P43686","Low_vs_Control_in_HighStress",-0.0482527623576594,7.18829969733734,-0.221093396017062,0.825116435846672,0.999224885424953,-5.1761879183966,FALSE
"Q8WWA0","Low_vs_Control_in_HighStress",0.0330663475065673,11.3286383558247,0.220994005858541,0.825184423039317,0.999224885424953,-5.19981990390918,FALSE
"O00264","Low_vs_Control_in_HighStress",-0.0385072898196732,8.16440745486271,-0.220407158747891,0.825650480765163,0.999224885424953,-5.16261905635883,FALSE
"O15498","Low_vs_Control_in_HighStress",0.0378761246006674,7.17229631763539,0.218955859321201,0.82678379974804,0.999224885424953,-5.1754564934761,FALSE
"P04003","Low_vs_Control_in_HighStress",0.0403403988939619,14.3590996404846,0.218405373467805,0.827199534586965,0.999224885424953,-5.200225476175,FALSE
"O75339","Low_vs_Control_in_HighStress",0.0334533845447798,9.72981043169935,0.218244958126063,0.827324447031234,0.999224885424953,-5.20025045193884,FALSE
"Q7Z304","Low_vs_Control_in_HighStress",-0.0328318032493922,7.25033801421109,-0.216881171366266,0.828395956422845,0.999224885424953,-5.17578156733907,FALSE
"Q02817","Low_vs_Control_in_HighStress",0.0511150963589584,7.84585650726423,0.215139084794711,0.829756011554193,0.999224885424953,-5.15210405064772,FALSE
"P04004","Low_vs_Control_in_HighStress",-0.0233781704692859,18.311104894547,-0.214150078373694,0.830514528651787,0.999224885424953,-5.20088178994217,FALSE
"P08697","Low_vs_Control_in_HighStress",-0.0308448792284999,14.3363074833072,-0.212386917544325,0.831888970797295,0.999224885424953,-5.20114994752371,FALSE
"P08133","Low_vs_Control_in_HighStress",0.0326063139425035,9.34076333893893,0.211425032570655,0.83263900961577,0.999224885424953,-5.20129530534733,FALSE
"O43488","Low_vs_Control_in_HighStress",-0.0452580285903688,7.07182046940648,-0.210862746596598,0.833098482999738,0.999224885424953,-5.14210443202306,FALSE
"P22392","Low_vs_Control_in_HighStress",0.0448128236300267,7.5784641547145,0.210636023353475,0.833272354090194,0.999224885424953,-5.16733941211151,FALSE
"P01880","Low_vs_Control_in_HighStress",0.0846662457803973,9.81552604362649,0.210310997998798,0.833519812857671,0.999224885424953,-5.13399744735702,FALSE
"P14317","Low_vs_Control_in_HighStress",-0.0404885045314227,8.04423335014254,-0.208537254737034,0.834893484958755,0.999224885424953,-5.19535124692563,FALSE
"Q9H1Z8","Low_vs_Control_in_HighStress",-0.0296012448844269,7.34562600262294,-0.207323548286195,0.835848620381607,0.999224885424953,-5.15515644147968,FALSE
"P23327","Low_vs_Control_in_HighStress",-0.030334751591095,9.44593169659626,-0.205832141635476,0.837006052324571,0.999224885424953,-5.19963000504732,FALSE
"Q86SQ4","Low_vs_Control_in_HighStress",-0.0232720746633159,7.91326394209216,-0.205701094385481,0.837105442049667,0.999224885424953,-5.20214665098455,FALSE
"P08519","Low_vs_Control_in_HighStress",-0.0441632443240589,16.033889218948,-0.205387687509887,0.837350149317754,0.999224885424953,-5.202192590784,FALSE
"P27348","Low_vs_Control_in_HighStress",-0.043069452007737,7.13287612725435,-0.205238604479776,0.837475605584463,0.999224885424953,-5.17748973414045,FALSE
"P08575","Low_vs_Control_in_HighStress",-0.0236696411083148,10.3628173713372,-0.204517616508868,0.838029581127327,0.999224885424953,-5.20231976042467,FALSE
"P08493","Low_vs_Control_in_HighStress",-0.0263323816714855,14.5087894097268,-0.203467693169817,0.838849619495419,0.999224885424953,-5.20247249865447,FALSE
"P63241","Low_vs_Control_in_HighStress",-0.0439518326390065,9.35695464664387,-0.202905538328521,0.839288760460659,0.999224885424953,-5.20255395539733,FALSE
"P18085","Low_vs_Control_in_HighStress",0.036591977362038,7.63248820760927,0.202445081668995,0.83966622015179,0.999224885424953,-5.15748830412108,FALSE
"P19256","Low_vs_Control_in_HighStress",-0.0260488793460905,7.92849692399026,-0.202413737916756,0.839678420603986,0.999224885424953,-5.16701431515091,FALSE
"O15466","Low_vs_Control_in_HighStress",0.0266591692057769,9.26655341569532,0.202300604856777,0.839761529499806,0.999224885424953,-5.20264130586502,FALSE
"Q9HCL0","Low_vs_Control_in_HighStress",-0.0316001030094881,9.72909957725949,-0.202210815061656,0.839831529804523,0.999224885424953,-5.2026543101368,FALSE
"P50990","Low_vs_Control_in_HighStress",-0.0556089588402777,8.21652418244508,-0.202171828363287,0.839862926508435,0.999224885424953,-5.20016212455897,FALSE
"Q9BXT2","Low_vs_Control_in_HighStress",-0.0345397971856549,8.77237096449732,-0.201312273767547,0.840559475406161,0.999224885424953,-5.1492582857232,FALSE
"P14618","Low_vs_Control_in_HighStress",-0.0383983729512298,9.90762554767167,-0.200629975834015,0.841066882963441,0.999224885424953,-5.20288138439821,FALSE
"P14735","Low_vs_Control_in_HighStress",0.0375359094296455,6.57186604549176,0.200081962469759,0.841507561323364,0.999224885424953,-5.16336505054,FALSE
"P33908","Low_vs_Control_in_HighStress",0.0242926816482054,10.7925896868047,0.199434733435581,0.842001170727714,0.999224885424953,-5.20305188801785,FALSE
"P60891","Low_vs_Control_in_HighStress",-0.0379228260196172,8.44317812422043,-0.197676854645008,0.84337626747718,0.999224885424953,-5.20330059731427,FALSE
"P13667","Low_vs_Control_in_HighStress",0.0340409605102119,7.92200205303779,0.197497366953713,0.84351678881184,0.999224885424953,-5.19940460045717,FALSE
"O14950;P19105","Low_vs_Control_in_HighStress",0.0520763635607135,9.65278965517322,0.196841827106911,0.84402934297675,0.999224885424953,-5.19949653199205,FALSE
"O60279","Low_vs_Control_in_HighStress",0.0216770473119983,12.8655236198375,0.194849488578476,0.84558738797967,0.999224885424953,-5.20369653289904,FALSE
"P23467","Low_vs_Control_in_HighStress",-0.0260382083037616,8.79390050319255,-0.194572676394081,0.845803992178603,0.999224885424953,-5.20373497043277,FALSE
"P23634","Low_vs_Control_in_HighStress",0.0277572571876803,7.14672365009928,0.194181031545799,0.846114190862848,0.999224885424953,-5.19614111056007,FALSE
"Q05682","Low_vs_Control_in_HighStress",0.0505868498087798,7.03747676900579,0.193294882074162,0.846813993059287,0.999224885424953,-5.15637111215955,FALSE
"O60234","Low_vs_Control_in_HighStress",-0.0452026667520613,7.33468514488591,-0.191082121490351,0.848559538567409,0.999224885424953,-5.12275025473839,FALSE
"O95782","Low_vs_Control_in_HighStress",0.0413829846087843,6.55989398713567,0.190862409394202,0.848728897178771,0.999224885424953,-5.14494818960839,FALSE
"A0A0C4DH34","Low_vs_Control_in_HighStress",-0.0490737476979604,9.26274418042485,-0.190689643589329,0.848849957715465,0.999224885424953,-5.16242607626969,FALSE
"P07384","Low_vs_Control_in_HighStress",-0.0276115787570905,10.3337772026497,-0.190018513729257,0.849369268676396,0.999224885424953,-5.20435950793489,FALSE
"Q53H76","Low_vs_Control_in_HighStress",0.0271509540894002,8.04355834207889,0.189991820173503,0.849397643514559,0.999224885424953,-5.1705363347063,FALSE
"P02649","Low_vs_Control_in_HighStress",-0.0183007947392895,16.5870912448175,-0.189159724790727,0.850041929790843,0.999224885424953,-5.20447562114264,FALSE
"P20618","Low_vs_Control_in_HighStress",-0.035853745935019,7.57510109498544,-0.187926330294278,0.851018261048329,0.999224885424953,-5.17028135490925,FALSE
"P55290","Low_vs_Control_in_HighStress",0.0232702458801803,10.6100003232899,0.187627644960916,0.85124222908117,0.999224885424953,-5.20468146124864,FALSE
"P04217","Low_vs_Control_in_HighStress",-0.063069910928256,12.4061879138691,-0.186009307537499,0.852510481818922,0.999224885424953,-5.20489707269035,FALSE
"O14960","Low_vs_Control_in_HighStress",-0.0442172694557517,11.8546863734443,-0.1844999834585,0.853693648206068,0.999224885424953,-5.20509647727495,FALSE
"P22223","Low_vs_Control_in_HighStress",-0.0675992328974431,8.65041872519632,-0.18394031536657,0.85414471516101,0.999224885424953,-5.13828635271762,FALSE
"P62736","Low_vs_Control_in_HighStress",0.0385979098449436,11.2847387127707,0.183356028045555,0.854590620417716,0.999224885424953,-5.20524652900999,FALSE
"Q6V0I7","Low_vs_Control_in_HighStress",-0.029148092534891,9.78190102316283,-0.182736567125924,0.855076416728907,0.999224885424953,-5.20532739376488,FALSE
"Q9H4B7","Low_vs_Control_in_HighStress",0.0528416274254191,9.61681593635641,0.182117457939335,0.855562409487013,0.999224885424953,-5.20540780859417,FALSE
"P49368","Low_vs_Control_in_HighStress",0.03828189374478,7.64874279870907,0.181837767522426,0.855785462062371,0.999224885424953,-5.19520295742374,FALSE
"Q13609","Low_vs_Control_in_HighStress",-0.0338395518603409,7.5187821663947,-0.180410281841119,0.856903643764132,0.999224885424953,-5.1899760318917,FALSE
"P61604","Low_vs_Control_in_HighStress",0.0659681990157139,9.19593269481792,0.179091780053908,0.857951270480191,0.999224885424953,-5.16597393546677,FALSE
"Q9NT22","Low_vs_Control_in_HighStress",0.0269548625350282,7.74446129949712,0.178268606531828,0.858587154855018,0.999224885424953,-5.20081577422505,FALSE
"P26599","Low_vs_Control_in_HighStress",0.0437386631127836,7.0134085607361,0.177088490151003,0.859530680358738,0.999224885424953,-5.12595410325679,FALSE
"P08311","Low_vs_Control_in_HighStress",-0.0376315032765628,9.27041425886932,-0.176832861502859,0.859709119557442,0.999224885424953,-5.20608429576129,FALSE
"P01714","Low_vs_Control_in_HighStress",0.0461618721468771,9.76009229430238,0.176684873920341,0.859826678539824,0.999224885424953,-5.19167002212389,FALSE
"P05452","Low_vs_Control_in_HighStress",0.026376943466051,12.5226266652949,0.176133521619622,0.860258073144432,0.999224885424953,-5.20617235614817,FALSE
"P08670","Low_vs_Control_in_HighStress",0.0431259196079523,8.5443285117258,0.175021473914268,0.861131873921621,0.999224885424953,-5.20238057721923,FALSE
"P23142","Low_vs_Control_in_HighStress",0.0319709883387773,12.8767889188737,0.174942598831268,0.86119328416501,0.999224885424953,-5.20632144399013,FALSE
"P15153","Low_vs_Control_in_HighStress",0.0263271609265558,10.4591592368942,0.173876234601577,0.862031111905229,0.999224885424953,-5.20645400116996,FALSE
"P04275","Low_vs_Control_in_HighStress",-0.0290433188385819,16.8930241035935,-0.173385457085633,0.862416374899089,0.999224885424953,-5.20651485199996,FALSE
"P80748","Low_vs_Control_in_HighStress",-0.0570567711818111,10.6982061096295,-0.171707440558375,0.86374361404457,0.999224885424953,-5.13992021296954,FALSE
"P00492","Low_vs_Control_in_HighStress",0.0398631124211235,6.93625329856206,0.171333414575483,0.864052193531389,0.999224885424953,-5.13131299900418,FALSE
"P56199","Low_vs_Control_in_HighStress",-0.0379569563420459,7.7734164138293,-0.170895869670927,0.864375537433663,0.999224885424953,-5.19519456503953,FALSE
"P36980","Low_vs_Control_in_HighStress",-0.030392796559461,12.9073889442323,-0.1690632447926,0.865813075174688,0.999224885424953,-5.20704264128109,FALSE
"Q9H2X3","Low_vs_Control_in_HighStress",0.023028084860135,8.3005088189529,0.167776904856733,0.866826149971348,0.999224885424953,-5.20079201506153,FALSE
"P61978","Low_vs_Control_in_HighStress",-0.039106633144268,7.4412428072953,-0.167685888111558,0.866900213820807,0.999224885424953,-5.17768737515411,FALSE
"P69891","Low_vs_Control_in_HighStress",0.0478167212046117,17.4526143943947,0.16618539749031,0.868076074633872,0.999224885424953,-5.20738667027514,FALSE
"Q9BWP8","Low_vs_Control_in_HighStress",0.0268828124419009,13.8883739953902,0.164943895172568,0.869052667746266,0.999224885424953,-5.20753326088529,FALSE
"P55060","Low_vs_Control_in_HighStress",-0.0314404030812501,12.5386728009525,-0.164855895362421,0.869121897960664,0.999224885424953,-5.20754360976562,FALSE
"P29401","Low_vs_Control_in_HighStress",-0.0345890319759992,6.6712970785812,-0.164657123325432,0.869285331171648,0.999224885424953,-5.16108066887382,FALSE
"Q92752","Low_vs_Control_in_HighStress",0.0237360816333112,7.13519394326189,0.162066338599017,0.871320207316311,0.999224885424953,-5.1923774254309,FALSE
"O14745","Low_vs_Control_in_HighStress",0.0239992885107103,8.16868954027548,0.161921964333136,0.871430989521625,0.999224885424953,-5.20788537864343,FALSE
"Q6E0U4","Low_vs_Control_in_HighStress",0.0290847000784904,9.8383231057984,0.161802186632559,0.871524896792046,0.999224885424953,-5.20789930891681,FALSE
"P24043","Low_vs_Control_in_HighStress",-0.0271971110018834,6.67354868698089,-0.161696262422964,0.8716100320195,0.999224885424953,-5.2054027760666,FALSE
"Q14118","Low_vs_Control_in_HighStress",-0.0227046215116022,9.26371366766278,-0.16029653809714,0.872710148412833,0.999224885424953,-5.20807224086128,FALSE
"A0M8Q6","Low_vs_Control_in_HighStress",-0.0362850081558417,15.2650480780964,-0.159221223804181,0.873557918269579,0.999224885424953,-5.20819445240528,FALSE
"P01111","Low_vs_Control_in_HighStress",-0.0242898739381214,8.94936450537555,-0.158733091597764,0.873942054094811,0.999224885424953,-5.20308552524703,FALSE
"Q9NZP8","Low_vs_Control_in_HighStress",0.02521833130948,10.0023614465442,0.158313760531882,0.874271434473043,0.999224885424953,-5.20829750757515,FALSE
"Q9NQH7","Low_vs_Control_in_HighStress",-0.0255103080786174,10.8062055956534,-0.158071738568274,0.874464271667751,0.999224885424953,-5.18727596652551,FALSE
"P53621","Low_vs_Control_in_HighStress",-0.0505721867840228,6.79457521639504,-0.158031404327455,0.874511094879503,0.999224885424953,-5.12918472614625,FALSE
"Q8NDA2","Low_vs_Control_in_HighStress",-0.0317141672799277,6.05963991923394,-0.156659772413328,0.87558834612024,0.999224885424953,-5.14311067941911,FALSE
"P20339","Low_vs_Control_in_HighStress",0.0224993153253177,9.18241647617759,0.155920945812928,0.876156483577997,0.999224885424953,-5.20856556224423,FALSE
"P30050","Low_vs_Control_in_HighStress",0.0313835049892894,7.46031952050682,0.155446530655522,0.876547605148173,0.999224885424953,-5.14041172547989,FALSE
"O15511","Low_vs_Control_in_HighStress",-0.0322969652986735,8.30628126223007,-0.155033419024671,0.876858478433665,0.999224885424953,-5.19297193918833,FALSE
"P40925","Low_vs_Control_in_HighStress",-0.0561497492209213,9.4143977359838,-0.154061184533001,0.877625239899382,0.999224885424953,-5.19059340208967,FALSE
"P50995","Low_vs_Control_in_HighStress",-0.0398325298778186,7.01481876405097,-0.152310909518021,0.879021805037205,0.999224885424953,-5.13175072596626,FALSE
"P61981","Low_vs_Control_in_HighStress",-0.0326873318705605,7.59094897029432,-0.151623398580014,0.879548958295152,0.999224885424953,-5.18286377851219,FALSE
"Q9UJJ9","Low_vs_Control_in_HighStress",0.0200049030528415,9.88353673564591,0.151401583092466,0.87971804807274,0.999224885424953,-5.20906089028399,FALSE
"O43157","Low_vs_Control_in_HighStress",0.0175229253369871,12.5580045037599,0.150831891911345,0.880167208045927,0.999224885424953,-5.20912228740862,FALSE
"P04792","Low_vs_Control_in_HighStress",0.0233611550559925,9.00840154864953,0.149156632637292,0.881489166871683,0.999224885424953,-5.20930125593904,FALSE
"P28070","Low_vs_Control_in_HighStress",0.032773419295653,7.12327044596719,0.147105416824014,0.883123760147176,0.999224885424953,-5.11919661428158,FALSE
"P14923","Low_vs_Control_in_HighStress",0.0317531268318128,9.01345856411896,0.146415941986813,0.883650609068253,0.999224885424953,-5.20834381692972,FALSE
"P24666","Low_vs_Control_in_HighStress",-0.0326287207642633,8.17394931800359,-0.144308776105971,0.885325284025187,0.999224885424953,-5.11744132989277,FALSE
"P68366","Low_vs_Control_in_HighStress",-0.037145156407048,10.3547113227835,-0.144286601927508,0.885330539810865,0.999224885424953,-5.20981105883561,FALSE
"P48643","Low_vs_Control_in_HighStress",0.029308254848381,7.0603706960142,0.144208301372866,0.885398791593718,0.999224885424953,-5.19549778377035,FALSE
"Q86SG5","Low_vs_Control_in_HighStress",-0.0374078631082586,7.82883394835913,-0.14343391417252,0.886013229290353,0.999224885424953,-5.13675747194194,FALSE
"Q3B726","Low_vs_Control_in_HighStress",0.0545570812660028,13.7559772498162,0.143049388753052,0.886314562625218,0.999224885424953,-5.16852311712643,FALSE
"Q8TER0","Low_vs_Control_in_HighStress",0.0189116370062123,9.20717810656895,0.14272963896265,0.886559361673804,0.999224885424953,-5.20997043668134,FALSE
"P02747","Low_vs_Control_in_HighStress",-0.0357291619934372,12.4027070874143,-0.142334066175783,0.886871636095278,0.999224885424953,-5.21001064695553,FALSE
"Q9NRA1","Low_vs_Control_in_HighStress",-0.0197286728186352,9.46322529784544,-0.142179049894348,0.88699401438495,0.999224885424953,-5.21002637404634,FALSE
"P16871","Low_vs_Control_in_HighStress",-0.0204612271091786,10.2870750821815,-0.139486741356295,0.889119897811724,0.999224885424953,-5.21029678741226,FALSE
"P08754","Low_vs_Control_in_HighStress",0.0249868230077768,7.60478556702703,0.139192356387245,0.889361465057148,0.999224885424953,-5.16483193528324,FALSE
"A0A0B4J1X5","Low_vs_Control_in_HighStress",-0.039567412201956,12.4634443026714,-0.139125381277628,0.889405716905844,0.999224885424953,-5.209085405621,FALSE
"P55285","Low_vs_Control_in_HighStress",0.0248223944983792,8.75208689297859,0.138934664640574,0.889556029429881,0.999224885424953,-5.21035157344802,FALSE
"P01008","Low_vs_Control_in_HighStress",0.0224032647182248,11.5571065903026,0.138652693915869,0.889778636025094,0.999224885424953,-5.21037950980351,FALSE
"A0A075B6I0","Low_vs_Control_in_HighStress",0.047312261949612,12.0743134079055,0.137864263202002,0.890407044271124,0.999224885424953,-5.18516729022902,FALSE
"Q7L014","Low_vs_Control_in_HighStress",-0.0379814526983981,15.4787742494013,-0.13700201042138,0.891085299412003,0.999224885424953,-5.19101891049291,FALSE
"O75144","Low_vs_Control_in_HighStress",0.022740578985454,8.10358333554145,0.136664548026706,0.891351454354324,0.999224885424953,-5.18905621316852,FALSE
"Q9NPY3","Low_vs_Control_in_HighStress",-0.02376063346499,9.7097494404495,-0.136037914062209,0.891844408236433,0.999224885424953,-5.21063560874054,FALSE
"P62826","Low_vs_Control_in_HighStress",-0.0309282186374098,11.7218192147756,-0.136029737058461,0.89185076644263,0.999224885424953,-5.21063642648437,FALSE
"Q96PX8","Low_vs_Control_in_HighStress",0.0241382904221421,6.86352433217813,0.136025756351525,0.891861403558327,0.999224885424953,-5.16381962286118,FALSE
"Q6UX71","Low_vs_Control_in_HighStress",-0.0175060546348753,10.1139582367603,-0.134618120611868,0.892966248021033,0.999224885424953,-5.21077266257522,FALSE
"O60936","Low_vs_Control_in_HighStress",0.0242608741994967,7.35426570705628,0.134292211141815,0.893235905833526,0.999224885424953,-5.13346921223787,FALSE
"P37802","Low_vs_Control_in_HighStress",0.0354580890869602,9.39007492845621,0.132261511332802,0.894829150143283,0.999224885424953,-5.21099688793568,FALSE
"P12814","Low_vs_Control_in_HighStress",0.032630208001402,9.12387050747892,0.131945014392744,0.895079158848233,0.999224885424953,-5.21102675268837,FALSE
"A8MYB1","Low_vs_Control_in_HighStress",-0.0290227039193969,12.1465112764336,-0.131929163965633,0.895096590429481,0.999224885424953,-5.19530508097263,FALSE
"P51148","Low_vs_Control_in_HighStress",0.0218603115221949,7.28598695620949,0.130689501505996,0.896078249416794,0.999224885424953,-5.17948027259163,FALSE
"A0A0B4J1Y9","Low_vs_Control_in_HighStress",-0.0307219557779259,12.0075295843226,-0.128007355625224,0.898192969465297,0.999224885424953,-5.21139176226769,FALSE
"P60174","Low_vs_Control_in_HighStress",0.0231892313248947,7.09476598543861,0.126907748589757,0.8990683225948,0.999224885424953,-5.17561325589583,FALSE
"P06756","Low_vs_Control_in_HighStress",0.0194410158539116,6.77845393413756,0.125587565978778,0.900117297127282,0.999224885424953,-5.1207176560998,FALSE
"Q5TDH0","Low_vs_Control_in_HighStress",-0.0278825351158645,7.72150725202322,-0.123772206048325,0.901556357192597,0.999224885424953,-5.17740118223897,FALSE
"P02533","Low_vs_Control_in_HighStress",0.0236248226270348,13.6158015743628,0.123345096320525,0.901881807552743,0.999224885424953,-5.21180964376501,FALSE
"P02654","Low_vs_Control_in_HighStress",0.0146590994581111,17.1817592442441,0.123078235986878,0.902093015877551,0.999224885424953,-5.21183309361742,FALSE
"Q92530","Low_vs_Control_in_HighStress",-0.026929580059182,8.05557693931165,-0.123058865847413,0.902118037526906,0.999224885424953,-5.18402527882649,FALSE
"Q9UBU3","Low_vs_Control_in_HighStress",0.0207844867799327,8.79786820446748,0.12264474447318,0.902448140689552,0.999224885424953,-5.20417059847729,FALSE
"Q92954","Low_vs_Control_in_HighStress",-0.0182251674061646,12.2104989802304,-0.121612558581348,0.903253159194094,0.999224885424953,-5.21196098182953,FALSE
"Q9HC84","Low_vs_Control_in_HighStress",0.027743568400858,8.75911052980223,0.121185965787761,0.903591888842837,0.999224885424953,-5.20948105635153,FALSE
"A0A0B4J1V0","Low_vs_Control_in_HighStress",-0.0284807639556259,10.0108307030314,-0.120660529291149,0.90400833953388,0.999224885424953,-5.2017470834171,FALSE
"P30153","Low_vs_Control_in_HighStress",-0.0220127516753879,7.7896444349277,-0.119436363390789,0.904977476055658,0.999224885424953,-5.20571705699311,FALSE
"P21333","Low_vs_Control_in_HighStress",0.0311359868725525,10.0672036214897,0.118150053286245,0.905994691547736,0.999224885424953,-5.21225701954389,FALSE
"Q9NZN3","Low_vs_Control_in_HighStress",-0.0207499555639785,8.93137232727097,-0.117505464539287,0.906505453945467,0.999224885424953,-5.21231113161886,FALSE
"P05186","Low_vs_Control_in_HighStress",-0.0186578576518164,6.64416715983363,-0.11690348826764,0.906993836580851,0.999224885424953,-5.1540561350124,FALSE
"P11226","Low_vs_Control_in_HighStress",-0.0313504215610241,9.37016905630677,-0.115341629396063,0.908219251151061,0.999224885424953,-5.21249083718574,FALSE
"P18428","Low_vs_Control_in_HighStress",-0.0184322926878959,12.3409508522869,-0.114977972521721,0.908507259674922,0.999224885424953,-5.21252072232364,FALSE
"P08185","Low_vs_Control_in_HighStress",-0.0246387028554444,10.3594173246589,-0.114568845794369,0.908831391563948,0.999224885424953,-5.21255421158482,FALSE
"Q9UKX5","Low_vs_Control_in_HighStress",0.0165068148832361,6.82044209642383,0.114506144523452,0.908886153633821,0.999224885424953,-5.1698597885522,FALSE
"P09603","Low_vs_Control_in_HighStress",-0.0133249878853743,11.5767337196292,-0.113843741390823,0.909405895087554,0.999224885424953,-5.21261327208936,FALSE
"Q92563","Low_vs_Control_in_HighStress",-0.0164542692281291,8.24064865592277,-0.113660349989435,0.909554217253746,0.999224885424953,-5.17927913716609,FALSE
"P61088","Low_vs_Control_in_HighStress",-0.0200774712586771,8.46165035948671,-0.112876633066502,0.910175793434672,0.999224885424953,-5.19552615355132,FALSE
"Q9BTT0","Low_vs_Control_in_HighStress",0.0200736377867665,7.30336633838726,0.112610545530165,0.910390153726761,0.999224885424953,-5.18377023688297,FALSE
"Q14684","Low_vs_Control_in_HighStress",-0.0199233227893494,13.6030460152482,-0.1124952464031,0.910476849473097,0.999224885424953,-5.18306523568841,FALSE
"P0DOX5","Low_vs_Control_in_HighStress",-0.0269258648086605,9.33137425288081,-0.111829433177366,0.911014945692775,0.999224885424953,-5.15000182535954,FALSE
"Q96CW1","Low_vs_Control_in_HighStress",-0.0202527789982412,7.08710187003821,-0.110505785702883,0.912057465922684,0.999224885424953,-5.18932028973782,FALSE
"Q15833","Low_vs_Control_in_HighStress",-0.0296497984467381,7.2884459124441,-0.110434543418038,0.912113073549375,0.999224885424953,-5.18248911449456,FALSE
"Q14624","Low_vs_Control_in_HighStress",-0.0189359673947997,15.3913001162041,-0.109610278303162,0.912761026137332,0.999224885424953,-5.21295060687549,FALSE
"P13639","Low_vs_Control_in_HighStress",-0.0172308749412826,7.58573492878894,-0.108959129604243,0.91327763201826,0.999224885424953,-5.21300127885686,FALSE
"Q9BZQ8","Low_vs_Control_in_HighStress",-0.0147295939947991,6.73695629140164,-0.108511216120333,0.913635008733861,0.999224885424953,-5.18263598119943,FALSE
"P25705","Low_vs_Control_in_HighStress",0.0345631685010925,7.65840412746712,0.107485640324864,0.914450829091221,0.999224885424953,-5.17453836419759,FALSE
"P07437","Low_vs_Control_in_HighStress",0.0205561927094866,10.2259459559853,0.107266464808376,0.914619315678901,0.999224885424953,-5.21313185663161,FALSE
"P35749","Low_vs_Control_in_HighStress",-0.0338550988976092,9.52261335525981,-0.107234627113605,0.914658190004235,0.999224885424953,-5.11436723897516,FALSE
"P47756","Low_vs_Control_in_HighStress",-0.0240377161185172,9.01833240279725,-0.107174722300663,0.914692385873091,0.999224885424953,-5.2131388105905,FALSE
"Q9NZ08","Low_vs_Control_in_HighStress",-0.0263147737856944,6.71627753030919,-0.106897321362783,0.914926766218404,0.999224885424953,-5.10488882182069,FALSE
"Q86UX7","Low_vs_Control_in_HighStress",-0.0242635911185172,10.1858235340547,-0.105707088442298,0.915855790714216,0.999224885424953,-5.21325030007159,FALSE
"Q99784","Low_vs_Control_in_HighStress",0.0137089241805004,8.99926726650334,0.104781592652355,0.916589788039334,0.999224885424953,-5.21331976760866,FALSE
"Q9NPG4","Low_vs_Control_in_HighStress",-0.0163571998972163,9.59185789561415,-0.103091815299583,0.917930109556469,0.999224885424953,-5.21344502617128,FALSE
"Q7Z7G0","Low_vs_Control_in_HighStress",0.0119166954745165,13.2619748609732,0.102478023476562,0.918417023766246,0.999224885424953,-5.21349002070496,FALSE
"Q9UNM6","Low_vs_Control_in_HighStress",0.0212994685651049,7.05564116073867,0.101484163518683,0.919216034894892,0.999224885424953,-5.12923563768061,FALSE
"P06276","Low_vs_Control_in_HighStress",-0.0238113026228035,8.46951436682367,-0.0984062765624483,0.921649083369953,0.999224885424953,-5.2047812663826,FALSE
"P00746","Low_vs_Control_in_HighStress",0.0157175151493902,12.1788872745757,0.0963620502623222,0.923270403693817,0.999224885424953,-5.2139236808176,FALSE
"P02786","Low_vs_Control_in_HighStress",-0.0141747084041697,11.0945437943766,-0.0962743139683237,0.923340048825853,0.999224885424953,-5.21392970777633,FALSE
"P22105","Low_vs_Control_in_HighStress",0.0132372580759377,13.1904145222922,0.095876506180248,0.923655836315462,0.999224885424953,-5.21395696591702,FALSE
"P26572","Low_vs_Control_in_HighStress",-0.0161901475259967,8.8671349175869,-0.0952941275223758,0.924118233129833,0.999224885424953,-5.2139966554003,FALSE
"Q12907","Low_vs_Control_in_HighStress",-0.0109927182621306,9.51970807583091,-0.0936519731840734,0.925422289326164,0.999224885424953,-5.20489827775063,FALSE
"P08253","Low_vs_Control_in_HighStress",0.0137616928338993,10.0067525674466,0.0936415936170986,0.925430175905914,0.999224885424953,-5.2141080059971,FALSE
"P41222","Low_vs_Control_in_HighStress",-0.0101832890075855,9.7018591666354,-0.0936229312879136,0.925444993862749,0.999224885424953,-5.21410925223965,FALSE
"Q9NQ76","Low_vs_Control_in_HighStress",-0.0180375822055119,8.79101973270035,-0.093473617588466,0.925564559761798,0.999224885424953,-5.2076779818718,FALSE
"P29992","Low_vs_Control_in_HighStress",-0.0170511469038779,7.57597920492043,-0.0933888146993845,0.925632960110303,0.999224885424953,-5.20768342822389,FALSE
"Q06828","Low_vs_Control_in_HighStress",-0.00983162531144544,11.3865768349313,-0.0899861847416724,0.928333072503042,0.999224885424953,-5.21434736838661,FALSE
"A0A0C4DH25","Low_vs_Control_in_HighStress",0.0227841291157063,10.4729718583652,0.0897799892744992,0.928499146334169,0.999224885424953,-5.20266274965902,FALSE
"O00231","Low_vs_Control_in_HighStress",0.0193397680971135,6.97416774937196,0.0881554072166787,0.929790267894904,0.999224885424953,-5.19222942944304,FALSE
"Q14520","Low_vs_Control_in_HighStress",-0.0112943913779375,17.7652235911754,-0.0876769731882171,0.930167399175176,0.999224885424953,-5.21449366802558,FALSE
"P31151","Low_vs_Control_in_HighStress",0.0192017719826527,9.06728508825406,0.0873846768299119,0.930402686050823,0.999224885424953,-5.16885706770913,FALSE
"P08833","Low_vs_Control_in_HighStress",-0.0160986724874466,10.056158224592,-0.0847759499955433,0.932472679752959,0.999224885424953,-5.21071420751599,FALSE
"Q09666","Low_vs_Control_in_HighStress",0.0104609311771675,8.9200180950976,0.0842101728178562,0.932921954434458,0.999224885424953,-5.21470616606882,FALSE
"Q9H251","Low_vs_Control_in_HighStress",0.0114383469097081,10.1743566385053,0.0830170928672148,0.933870107260443,0.999224885424953,-5.21477731358899,FALSE
"P13671","Low_vs_Control_in_HighStress",0.0152299449689473,12.8819134303032,0.0822899959701029,0.934447984824924,0.999224885424953,-5.21482017506011,FALSE
"P05388","Low_vs_Control_in_HighStress",-0.0142654193430829,8.46899758370409,-0.0821296823350061,0.934575464263238,0.999224885424953,-5.21482956564748,FALSE
"P13647","Low_vs_Control_in_HighStress",0.0165723922205085,12.5492825171657,0.0804554632577671,0.935906176650129,0.999224885424953,-5.21492664275987,FALSE
"Q14213","Low_vs_Control_in_HighStress",0.012768814145633,7.51480855932511,0.0803432823038574,0.936003005084359,0.999224885424953,-5.14042952115625,FALSE
"P24593","Low_vs_Control_in_HighStress",-0.0143355768414573,12.2932239801639,-0.0802307538538125,0.936084803497069,0.999224885424953,-5.21493951883749,FALSE
"Q07954","Low_vs_Control_in_HighStress",-0.0173921772412502,10.8348134453399,-0.0795961115430888,0.936589313152015,0.999224885424953,-5.21497569001034,FALSE
"P19320","Low_vs_Control_in_HighStress",-0.00690328163010534,10.0822398176976,-0.0791983582327873,0.936905520645853,0.999224885424953,-5.2149982133638,FALSE
"Q96JP9","Low_vs_Control_in_HighStress",0.0125386430528289,6.72370087527936,0.0784380170725853,0.937517387268587,0.999224885424953,-5.163748558119,FALSE
"P01699","Low_vs_Control_in_HighStress",-0.0185048103639662,11.9357588006023,-0.076735829036989,0.938863469668823,0.999224885424953,-5.21513513812224,FALSE
"P13489","Low_vs_Control_in_HighStress",0.0142438910258846,8.12442097283098,0.0763300499087925,0.93918973656293,0.999224885424953,-5.19685346338208,FALSE
"O00187","Low_vs_Control_in_HighStress",0.0107933166234773,15.9306280839167,0.076136245362071,0.939340181645971,0.999224885424953,-5.21516783200344,FALSE
"Q7Z7M9","Low_vs_Control_in_HighStress",-0.0101009196173321,7.51042260469756,-0.0761325299964712,0.939345082090732,0.999224885424953,-5.17862553888807,FALSE
"P07358","Low_vs_Control_in_HighStress",-0.00907401028159782,12.6829791610266,-0.0756325865842771,0.939740691713665,0.999224885424953,-5.21519509059839,FALSE
"P40926","Low_vs_Control_in_HighStress",0.0166489152577132,7.49357944528041,0.0752463808699428,0.94005230308565,0.999224885424953,-5.17936527689886,FALSE
"Q14974","Low_vs_Control_in_HighStress",-0.0156061646833292,7.21598189421336,-0.0751009519625925,0.940164635504094,0.999224885424953,-5.20490077775503,FALSE
"O00461","Low_vs_Control_in_HighStress",0.0100991716636312,8.94365281764459,0.0743379149470215,0.940770286068411,0.999224885424953,-5.21526432948739,FALSE
"Q8IUX7","Low_vs_Control_in_HighStress",-0.00865752091990402,10.8583446705053,-0.0729404412281588,0.941881745687933,0.999224885424953,-5.21533772464485,FALSE
"O00186","Low_vs_Control_in_HighStress",0.0130413681529706,6.78926712778496,0.0718238308311316,0.942774924092359,0.999224885424953,-5.18623002306885,FALSE
"P05106","Low_vs_Control_in_HighStress",-0.0137853721345209,10.0797960755054,-0.0717734355590415,0.942809993095185,0.999224885424953,-5.2153979484478,FALSE
"O43242","Low_vs_Control_in_HighStress",0.015880121926946,6.74312567089265,0.0717333997789128,0.942849966482078,0.999224885424953,-5.11062971808784,FALSE
"P01861","Low_vs_Control_in_HighStress",-0.0192758236699095,13.8759859550291,-0.0716433999000278,0.942913429541952,0.999224885424953,-5.21540459884731,FALSE
"Q11201","Low_vs_Control_in_HighStress",-0.014079168049058,8.11844883503902,-0.0715092787756297,0.943025876092814,0.999224885424953,-5.17115016446897,FALSE
"Q9UBX7","Low_vs_Control_in_HighStress",-0.0173711070304723,11.0180551557968,-0.0707876483324353,0.943595147217053,0.999224885424953,-5.20643542882982,FALSE
"P03952","Low_vs_Control_in_HighStress",-0.0095486683007735,13.4525817248286,-0.0703875254611651,0.943912460257315,0.999224885424953,-5.21546820723373,FALSE
"P55268","Low_vs_Control_in_HighStress",-0.0106633502485245,7.83828639508727,-0.0701038786985961,0.944138162241366,0.999224885424953,-5.21152198246967,FALSE
"Q8IUL8","Low_vs_Control_in_HighStress",0.00956055240554399,7.80778526917754,0.0692046978113737,0.944853464207749,0.999224885424953,-5.2155270872767,FALSE
"Q9Y5Y7","Low_vs_Control_in_HighStress",0.0100909760667118,11.5213894157876,0.067846561846814,0.945934030595891,0.999224885424953,-5.21559346340226,FALSE
"P60709","Low_vs_Control_in_HighStress",0.0143756412171854,14.174590185557,0.0650087015597431,0.948192221754606,0.999224885424953,-5.21572791182043,FALSE
"Q9NRW1","Low_vs_Control_in_HighStress",0.016770245820716,8.79400216046024,0.0639497264219113,0.949035384696613,0.999224885424953,-5.21577656679845,FALSE
"P08709","Low_vs_Control_in_HighStress",0.00795183098778907,9.82365052615428,0.0631992131716948,0.949632318170113,0.999224885424953,-5.2158106406517,FALSE
"Q8WUM4","Low_vs_Control_in_HighStress",-0.0139876551602356,10.5002343077627,-0.0631416733593006,0.94967811444137,0.999224885424953,-5.21581323303214,FALSE
"P06734","Low_vs_Control_in_HighStress",-0.00935065925594358,9.32929477376901,-0.0599204422335774,0.952243400398113,0.999224885424953,-5.19722479835754,FALSE
"Q9GZM7","Low_vs_Control_in_HighStress",0.00793009371253284,8.14315932998817,0.059406393647085,0.95265266178662,0.999224885424953,-5.20169579707284,FALSE
"P07237","Low_vs_Control_in_HighStress",-0.00933610887278391,10.0203056356611,-0.0569277792066676,0.954624738267134,0.999224885424953,-5.21607929522783,FALSE
"P15907","Low_vs_Control_in_HighStress",0.00897912892887831,9.24805423601795,0.0563956349096701,0.955048440523304,0.999224885424953,-5.21610080007145,FALSE
"P19022","Low_vs_Control_in_HighStress",-0.00866354821750193,9.03003520170015,-0.0557021893227945,0.955600592684566,0.999224885424953,-5.21612852030414,FALSE
"P19021","Low_vs_Control_in_HighStress",-0.00828511504809093,9.82548248787503,-0.0540034794504587,0.95695327064704,0.999224885424953,-5.21619497653766,FALSE
"P15151","Low_vs_Control_in_HighStress",-0.00825720128223217,8.24423008537336,-0.0531990215791814,0.957594432653588,0.999224885424953,-5.20977352893522,FALSE
"Q9NQ38","Low_vs_Control_in_HighStress",0.00916773606262389,8.86406303968596,0.0529871245682953,0.957762810740517,0.999224885424953,-5.21623373886277,FALSE
"Q562R1","Low_vs_Control_in_HighStress",-0.0106128014347515,14.2360805312193,-0.0528830759010969,0.957845916659276,0.999224885424953,-5.21498446007374,FALSE
"Q04917","Low_vs_Control_in_HighStress",0.0117661733848244,7.50379226446109,0.0527529000746196,0.957950619711044,0.999224885424953,-5.20851696545368,FALSE
"Q9UBQ7","Low_vs_Control_in_HighStress",0.00976663662999666,6.72071701229526,0.052489712797785,0.958163835876532,0.999224885424953,-5.17891326428626,FALSE
"P07585","Low_vs_Control_in_HighStress",0.00537157067172522,12.3218478838271,0.0511122839677432,0.959255805391321,0.999224885424953,-5.21630335251192,FALSE
"P0C0L4","Low_vs_Control_in_HighStress",0.00986370332441133,13.6922299484283,0.0503031309600516,0.959900273002095,0.999224885424953,-5.21633261576088,FALSE
"P20774","Low_vs_Control_in_HighStress",0.00824578405414478,8.57232892003858,0.0502936800707803,0.959908067517271,0.999224885424953,-5.2098723369575,FALSE
"Q14126","Low_vs_Control_in_HighStress",-0.00707959375961842,10.1360289382692,-0.0502601956147682,0.959934470534961,0.999224885424953,-5.21633415548373,FALSE
"Q04756","Low_vs_Control_in_HighStress",0.00762467876326767,10.4808548624243,0.0499764516713279,0.960160471338107,0.999224885424953,-5.21634429789262,FALSE
"P40967","Low_vs_Control_in_HighStress",0.00682164137989183,11.9632614282273,0.0491884114515493,0.960788158693976,0.999224885424953,-5.21637216515076,FALSE
"A0A0C4DH67","Low_vs_Control_in_HighStress",-0.0102863489868792,8.28984084694474,-0.0488860265387331,0.961031225092643,0.999224885424953,-5.16062667768722,FALSE
"P16284","Low_vs_Control_in_HighStress",0.00645661876127157,9.20274295933561,0.0483850678976839,0.961428096768282,0.999224885424953,-5.21640011456371,FALSE
"Q9BXR6","Low_vs_Control_in_HighStress",-0.00748833568190399,9.66104560175177,-0.045376450435446,0.963824855359389,0.999224885424953,-5.21650070799826,FALSE
"Q92743","Low_vs_Control_in_HighStress",0.00628579755614034,10.3821006219859,0.0449087659199608,0.964197384340543,0.999224885424953,-5.21651577118726,FALSE
"Q9BUD6","Low_vs_Control_in_HighStress",-0.00761856238707459,8.30220130383214,-0.0448746674306181,0.964225506541301,0.999224885424953,-5.21526331857213,FALSE
"O00339","Low_vs_Control_in_HighStress",0.00746984020177877,7.11179314684611,0.0426603492219439,0.965990230138997,0.999224885424953,-5.17923665710148,FALSE
"P22607","Low_vs_Control_in_HighStress",-0.00699539953819173,6.99276615756357,-0.0425802639682287,0.966056051795236,0.999224885424953,-5.13391126238357,FALSE
"P25774","Low_vs_Control_in_HighStress",-0.00737075609495008,7.74668522773546,-0.0421487255255351,0.966399102918204,0.999224885424953,-5.13743696373955,FALSE
"A6NL88","Low_vs_Control_in_HighStress",-0.00916390507373066,9.38920501769363,-0.0418342055443136,0.966647750003759,0.999224885424953,-5.21264675652921,FALSE
"P13497","Low_vs_Control_in_HighStress",0.00546516636796035,9.69773799030464,0.040945148384044,0.96735544464964,0.999224885424953,-5.21663712140075,FALSE
"P11150","Low_vs_Control_in_HighStress",0.00506849939515419,8.10982505289736,0.0407388216190381,0.967520552498814,0.999224885424953,-5.19436907980908,FALSE
"P01709","Low_vs_Control_in_HighStress",0.0117278575717705,11.8409095849418,0.0406897223676191,0.96755957675026,0.999224885424953,-5.20365055228342,FALSE
"Q9BRK5","Low_vs_Control_in_HighStress",0.00607223868553497,9.51665916467102,0.03978338441268,0.968281193713852,0.999224885424953,-5.21667056660877,FALSE
"Q9H0B8","Low_vs_Control_in_HighStress",-0.00997402665034652,7.3761908131981,-0.0392496805338258,0.968710356444392,0.999224885424953,-5.13344300976024,FALSE
"O75081","Low_vs_Control_in_HighStress",-0.0088124299796899,13.2039206979968,-0.0384498848640802,0.969344165787513,0.999224885424953,-5.19796642906146,FALSE
"P48507","Low_vs_Control_in_HighStress",0.00784011758550029,7.71264370863107,0.0384228551271256,0.969368683997087,0.999224885424953,-5.16395708822829,FALSE
"Q13642","Low_vs_Control_in_HighStress",0.00880547404044663,9.01164399220687,0.0383177665304175,0.969450472906515,0.999224885424953,-5.19916891322716,FALSE
"Q9BQS7","Low_vs_Control_in_HighStress",0.00668839720025538,8.93206688170446,0.0381244374964949,0.96960755514232,0.999224885424953,-5.15093207495985,FALSE
"P36578","Low_vs_Control_in_HighStress",0.00866266909175373,7.42323898787372,0.0374811584501612,0.970118534814978,0.999224885424953,-5.14866921323025,FALSE
"P01701","Low_vs_Control_in_HighStress",-0.0102451774319778,12.7768259675304,-0.0373108703584151,0.970251636420575,0.999224885424953,-5.2115382538699,FALSE
"P68371","Low_vs_Control_in_HighStress",-0.00719928646281254,10.4026087253665,-0.036227041354698,0.971115318997104,0.999224885424953,-5.21676696414818,FALSE
"Q13418","Low_vs_Control_in_HighStress",0.00769966884964468,9.40625799848527,0.0356231758832666,0.97159658953329,0.999224885424953,-5.21678243654468,FALSE
"P12931","Low_vs_Control_in_HighStress",-0.00900041318805478,7.22612233679061,-0.0345139109608218,0.972483763097939,0.999224885424953,-5.16751314960053,FALSE
"P02675","Low_vs_Control_in_HighStress",-0.00608894013215533,18.9589394046273,-0.0343816056111036,0.972586132371396,0.999224885424953,-5.21681343131239,FALSE
"O75340","Low_vs_Control_in_HighStress",0.00491397113898273,8.92749489220785,0.0333841324204946,0.973381158340169,0.999224885424953,-5.21683753596423,FALSE
"Q9Y6R7","Low_vs_Control_in_HighStress",-0.00865001044628855,7.13559313482618,-0.0327783012824599,0.973867467413566,0.999224885424953,-5.11449506881,FALSE
"Q9UK55","Low_vs_Control_in_HighStress",-0.00392881185180016,13.0240269931966,-0.0322779865853472,0.9742628317312,0.999224885424953,-5.21686343698129,FALSE
"Q96AP7","Low_vs_Control_in_HighStress",-0.00904484087359148,6.7068927779864,-0.0320523215653225,0.974447443506438,0.999224885424953,-5.13157963975481,FALSE
"P62906","Low_vs_Control_in_HighStress",-0.00741925683543787,7.26724401217073,-0.0317379667711851,0.974697568127526,0.999224885424953,-5.11149025481667,FALSE
"O94966","Low_vs_Control_in_HighStress",0.0105679572415642,10.6546776820167,0.028761967759883,0.977066919275365,0.999224885424953,-5.19448448451591,FALSE
"Q03167","Low_vs_Control_in_HighStress",0.00460755972006588,7.82279798926101,0.0280155727336991,0.977660785882669,0.999224885424953,-5.21570115825173,FALSE
"P05121","Low_vs_Control_in_HighStress",-0.00485395754389373,7.57330559321297,-0.027088253301558,0.978401807268117,0.999224885424953,-5.20924311338955,FALSE
"P04406","Low_vs_Control_in_HighStress",-0.00442291295930985,12.5170949340456,-0.0265345695836525,0.978841208126544,0.999224885424953,-5.21698389345978,FALSE
"O14656","Low_vs_Control_in_HighStress",-0.00392475645806556,6.44523363381121,-0.0259123668840548,0.979339614727787,0.999224885424953,-5.15843447941943,FALSE
"Q15942","Low_vs_Control_in_HighStress",-0.00707575168791763,9.18954328451678,-0.0253193810979085,0.979810049875534,0.999224885424953,-5.21700636152217,FALSE
"Q6AHZ1","Low_vs_Control_in_HighStress",0.00839676460742034,11.8692430998674,0.0241286656567689,0.980759809497721,0.999224885424953,-5.19582647430406,FALSE
"P11277","Low_vs_Control_in_HighStress",0.00808507591454699,10.0193802628686,0.0240101684967067,0.980853769638952,0.999224885424953,-5.21702939481351,FALSE
"P61769","Low_vs_Control_in_HighStress",-0.00344696786007503,10.7897548478479,-0.0235213431570371,0.981243496824031,0.999224885424953,-5.21703768044152,FALSE
"P14209","Low_vs_Control_in_HighStress",-0.00393931395577951,8.64415663734407,-0.0233124915544959,0.98141000991646,0.999224885424953,-5.21704116853116,FALSE
"P43487","Low_vs_Control_in_HighStress",0.00513756516873975,8.53349385615196,0.0225783803282275,0.98199609956161,0.999224885424953,-5.1947715834444,FALSE
"P08237","Low_vs_Control_in_HighStress",-0.00484250430652367,7.00716861558973,-0.0221556747696573,0.982334807451387,0.999224885424953,-5.15420837612098,FALSE
"Q9UI15","Low_vs_Control_in_HighStress",-0.0056921331437767,8.40302724159308,-0.0217672817153015,0.982643795531521,0.999224885424953,-5.14812628177959,FALSE
"P08238","Low_vs_Control_in_HighStress",0.00283197092937826,12.9432715320142,0.0215113851416018,0.982846028001942,0.999224885424953,-5.21706995835081,FALSE
"Q14956","Low_vs_Control_in_HighStress",-0.00298169810429094,8.13264599466575,-0.0197652076020997,0.984238644094307,0.999224885424953,-5.20790267125859,FALSE
"P11142","Low_vs_Control_in_HighStress",-0.00277905319305738,10.7516461618715,-0.0190352655495771,0.984820322622874,0.999224885424953,-5.21710576113978,FALSE
"P00451","Low_vs_Control_in_HighStress",0.00278942133541804,9.99236903700199,0.0158059654257714,0.987395292021154,0.999224885424953,-5.21714588403572,FALSE
"Q0VD83","Low_vs_Control_in_HighStress",0.00200633655524562,10.4164400313693,0.0149486996460691,0.988078879197273,0.999224885424953,-5.2171552859641,FALSE
"P28676","Low_vs_Control_in_HighStress",0.00327837694604227,8.26663125603346,0.0138987628997624,0.988916819887556,0.999224885424953,-5.18716729547978,FALSE
"P04259","Low_vs_Control_in_HighStress",0.00185844059265783,14.4216868862115,0.0138788632928601,0.988931983255849,0.999224885424953,-5.21716628401579,FALSE
"Q6ZRP7","Low_vs_Control_in_HighStress",-0.00192290741147794,8.45863801831273,-0.01349999801498,0.989234099383117,0.999224885424953,-5.21716998306989,FALSE
"P13473","Low_vs_Control_in_HighStress",-0.00288163399784658,7.35724220164884,-0.0127748405426164,0.989813332512133,0.999224885424953,-5.1209927931901,FALSE
"Q13316","Low_vs_Control_in_HighStress",-0.00163834229084614,8.79183929707337,-0.01233839841116,0.990160617752996,0.999224885424953,-5.19344457773909,FALSE
"P02655","Low_vs_Control_in_HighStress",-0.00146557407764902,16.9610412985901,-0.0122817622605904,0.990205559642845,0.999224885424953,-5.21718118349305,FALSE
"Q8N128","Low_vs_Control_in_HighStress",0.0020918864585342,7.48783407486613,0.0116796147179391,0.990686146205562,0.999224885424953,-5.17149573897583,FALSE
"P07947","Low_vs_Control_in_HighStress",0.00184271002738257,8.41154250434541,0.010914610768073,0.9912958790218,0.999224885424953,-5.21199028649819,FALSE
"Q13404","Low_vs_Control_in_HighStress",0.00240815221034119,7.46645275315594,0.0104751779561597,0.99164774694582,0.999224885424953,-5.11807057935559,FALSE
"P07225","Low_vs_Control_in_HighStress",-0.0014849850296379,14.80708803435,-0.010419134430565,0.991690906472852,0.999224885424953,-5.21719626204586,FALSE
"Q9Y6Z7","Low_vs_Control_in_HighStress",-0.00140645275278217,14.4793507807971,-0.00842381307287615,0.993282101253846,0.999224885424953,-5.21720966968448,FALSE
"O95810","Low_vs_Control_in_HighStress",0.00239049523860047,8.6981532830752,0.00830398824751336,0.993377714855948,0.999224885424953,-5.21200810358101,FALSE
"P09493","Low_vs_Control_in_HighStress",-0.00211703469325286,8.78654767816927,-0.00828018333514078,0.993396902738814,0.999224885424953,-5.19217724078058,FALSE
"Q96QR1","Low_vs_Control_in_HighStress",-0.00134772635115077,10.4275843966354,-0.00779851699469564,0.99378093000119,0.999224885424953,-5.1988788551429,FALSE
"P31146","Low_vs_Control_in_HighStress",-0.001148842826316,9.3771647002772,-0.00576839460659756,0.99539974812661,0.999224885424953,-5.21722310880025,FALSE
"Q8NBJ7","Low_vs_Control_in_HighStress",-0.000874113326595705,7.97717781860112,-0.00544832734095875,0.995655474751441,0.999224885424953,-5.20422423956254,FALSE
"Q6KB66","Low_vs_Control_in_HighStress",0.00129152942767519,9.52359920940855,0.00467940351545663,0.996268265292934,0.999224885424953,-5.20142454028196,FALSE
"P17858","Low_vs_Control_in_HighStress",0.000881919626875671,6.98373957697861,0.0042089073314725,0.99664357141175,0.999224885424953,-5.19494385117455,FALSE
"P35908","Low_vs_Control_in_HighStress",-0.000729772624728398,14.6817118010482,-0.00376209368446611,0.996999742993429,0.999224885424953,-5.21722992759441,FALSE
"Q9UKZ9","Low_vs_Control_in_HighStress",-0.000560668200133563,8.67758135914371,-0.00375086279472547,0.997008716560601,0.999224885424953,-5.20676066261749,FALSE
"P12273","Low_vs_Control_in_HighStress",0.000521127019867507,8.39433124754456,0.002982978473963,0.997621174071398,0.999224885424953,-5.18062610184321,FALSE
"P04632","Low_vs_Control_in_HighStress",-0.0004886457397415,9.04059286069673,-0.0029747468588381,0.997627649553167,0.999224885424953,-5.21723181911169,FALSE
"P78509","Low_vs_Control_in_HighStress",0.000379077666105232,11.7936462855301,0.00209852392975067,0.998326431529285,0.999224885424953,-5.21723340435741,FALSE
"P53675","Low_vs_Control_in_HighStress",-0.000405767166336446,7.77839520202596,-0.00184569862442809,0.998528075881421,0.999224885424953,-5.20950202058386,FALSE
"P51659","Low_vs_Control_in_HighStress",-0.000135691651031777,7.01317891499583,-0.000594707447208195,0.999525788192185,0.999525788192185,-5.13319200631639,FALSE
