"PG.ProteinGroups","Contrast","logFC","AveExpr","t","P.Value","adj.P.Val","B","Significant_FDR_0.05"
"Q93098","Interaction_Low",1.07978182281229,11.138634560808,3.59047163746352,0.000366687796335637,0.166079605997525,-0.147418590818433,FALSE
"O75752","Interaction_Low",0.431666324395859,9.08650774546357,3.43180447046538,0.00064783676155537,0.166079605997525,-0.545243847400997,FALSE
"Q86WI1","Interaction_Low",0.824780341008475,9.4720873850835,3.40256475304616,0.000719355780268715,0.166079605997525,-0.630066616084494,FALSE
"Q16706","Interaction_Low",0.441792765538485,9.45858734553247,3.37432185752981,0.000795586215597963,0.166079605997525,-0.711544994587809,FALSE
"P07711","Interaction_Low",0.730501223417948,8.22085501050504,3.368735203001,0.000814095359412928,0.166079605997525,-0.740080283060063,FALSE
"Q9NYQ6","Interaction_Low",0.66152868333738,8.54993929967085,3.358666342265,0.000841131131544553,0.166079605997525,-0.756527622473727,FALSE
"P17927","Interaction_Low",0.679747411939498,7.51328681995119,3.30758848402682,0.00100982730549317,0.166079605997525,-0.910076902773087,FALSE
"O00194","Interaction_Low",2.04583995387889,9.5028155653184,3.24362159331079,0.00126324555479985,0.166079605997525,-1.09993321853631,FALSE
"Q9UNW1","Interaction_Low",0.608816216982381,10.2503186421278,3.22931882761464,0.00131977743856485,0.166079605997525,-1.11967486729199,FALSE
"Q9UQ53","Interaction_Low",0.578963746146004,7.21874821200604,3.21390286773156,0.00139655308630784,0.166079605997525,-1.1718418543874,FALSE
"P51888","Interaction_Low",0.646703503417497,7.70211132190347,3.17731094527412,0.00157848538215062,0.166079605997525,-1.2672434744949,FALSE
"Q6ZN30","Interaction_Low",0.591026745410288,15.4410483494086,3.174605375899,0.00159354732988542,0.166079605997525,-1.27725177749879,FALSE
"A0A0B4J1U7","Interaction_Low",1.13310562811848,11.1591869462795,3.15315122245662,0.0017119335414303,0.166079605997525,-1.33186630204374,FALSE
"Q9BY76","Interaction_Low",0.746872713815703,8.04806467104058,3.15141185025895,0.0017237653181999,0.166079605997525,-1.33824815650222,FALSE
"Q96IY4","Interaction_Low",0.473876374449333,12.6369758746046,3.14828563887415,0.00173723437235904,0.166079605997525,-1.34029508988644,FALSE
"P0DOX2","Interaction_Low",0.89831846053532,15.3709035027304,3.10500858469742,0.00200714948215855,0.17341193712091,-1.45592192001713,FALSE
"O14498","Interaction_Low",0.535896567039855,8.01457649874124,3.09752004980768,0.00206664688836262,0.17341193712091,-1.48845112146894,FALSE
"P10909","Interaction_Low",0.522216649840516,18.9245639243143,3.07645660200672,0.00220581812627057,0.17341193712091,-1.5313665656039,FALSE
"P11362","Interaction_Low",0.718644683740042,8.7918583621456,3.05448079622564,0.00237415521155974,0.17341193712091,-1.59204058343916,FALSE
"Q9NY97","Interaction_Low",0.620198229244219,9.37285697620145,3.04425235862235,0.00245149226936855,0.17341193712091,-1.61565926704695,FALSE
"P28482","Interaction_Low",-0.747334884667985,9.66480459812693,-3.03366764680942,0.00253950535532714,0.17341193712091,-1.64608208835892,FALSE
"P49641","Interaction_Low",0.496609974912023,9.51224490637486,2.99769976597685,0.00285119106369547,0.180293330555352,-1.7360019573973,FALSE
"P01876","Interaction_Low",0.863481898188919,15.9423771207632,2.97483143754467,0.00306864830040826,0.180293330555352,-1.79446570121464,FALSE
"P05546","Interaction_Low",0.499111274557016,16.0905144451672,2.95441533209578,0.00327549334317792,0.180293330555352,-1.84629634475034,FALSE
"P02766","Interaction_Low",0.478178534149725,13.3302924385239,2.94177860347414,0.00340982472477818,0.180293330555352,-1.87820525723623,FALSE
"Q9H173","Interaction_Low",0.600831217273692,7.05163453997535,2.94115911193868,0.00342699668810147,0.180293330555352,-1.88516258748046,FALSE
"Q9ULI3","Interaction_Low",0.324418866864438,13.5651344668898,2.93530815604404,0.00348053703141194,0.180293330555352,-1.89449276395374,FALSE
"Q12805","Interaction_Low",0.603140719589375,11.1129893101802,2.92360985379086,0.00361178844175436,0.180293330555352,-1.92385223827755,FALSE
"P00742","Interaction_Low",0.399880715108395,14.9378782243176,2.90524055102094,0.00382701897818852,0.180293330555352,-1.96972614354221,FALSE
"Q86Y38","Interaction_Low",0.538357014814392,7.89978191803031,2.90510183383577,0.0038378069269222,0.180293330555352,-1.97383765093404,FALSE
"Q9HCM3","Interaction_Low",0.43791526043637,9.58969756289802,2.88821772686172,0.00403684034649868,0.180293330555352,-2.01198870577719,FALSE
"Q99784","Interaction_Low",0.511918438653705,8.99926726650334,2.8863707922878,0.00406022420216857,0.180293330555352,-2.01655969287717,FALSE
"Q92823","Interaction_Low",0.565758035303759,8.66771758471406,2.84789329838267,0.00457628872608718,0.180293330555352,-2.11114640315229,FALSE
"P35858","Interaction_Low",0.489319587272632,12.4726178298046,2.84102688129494,0.00467441386806871,0.180293330555352,-2.12789688017307,FALSE
"Q86UX2","Interaction_Low",0.492943193225774,7.58101922272637,2.83697930487245,0.00473455652119318,0.180293330555352,-2.13807798458274,FALSE
"Q12841","Interaction_Low",0.702347235159452,8.81065901590332,2.83366135872574,0.00478356771181236,0.180293330555352,-2.14621977908054,FALSE
"P09871","Interaction_Low",0.490110148680603,16.6449281024388,2.82457377498772,0.00491735804335495,0.180293330555352,-2.16787505165669,FALSE
"P10646","Interaction_Low",0.541504563355229,11.7922847893331,2.81049013590619,0.00513435240932267,0.180293330555352,-2.20191771802244,FALSE
"Q8IZP7","Interaction_Low",0.475371088882893,8.72217445323731,2.80196846634211,0.00526982880436508,0.180293330555352,-2.22243629379452,FALSE
"P11215","Interaction_Low",0.4593408187946,8.18119304638152,2.80146214843759,0.00527797919498773,0.180293330555352,-2.22365351741941,FALSE
"P00736","Interaction_Low",0.554696387279979,15.7427185587393,2.80039271135787,0.0052952318722552,0.180293330555352,-2.22622382035421,FALSE
"Q9BUN1","Interaction_Low",0.677668045538809,11.5226432236128,2.79732429397469,0.00534501700305952,0.180293330555352,-2.23359324259342,FALSE
"O14791","Interaction_Low",0.435617804970143,15.286307556677,2.79229389720658,0.00542755311135799,0.180293330555352,-2.24565786286193,FALSE
"P04233","Interaction_Low",0.465711195459468,9.29893092877623,2.77918437783227,0.00564965937199236,0.180293330555352,-2.27716232313993,FALSE
"Q9Y646","Interaction_Low",0.422438927007196,8.41227064146051,2.77866718626495,0.00565774049859892,0.180293330555352,-2.27831139448338,FALSE
"Q86TH1","Interaction_Low",0.605049308569118,9.02453794597641,2.76425867408034,0.00590904126878707,0.183137681852445,-2.31251146658809,FALSE
"P02786","Interaction_Low",0.550675093535521,11.0945437943766,2.75906200819947,0.00600242053491278,0.183137681852445,-2.32483192361137,FALSE
"P19827","Interaction_Low",0.505211503124727,19.7874187546431,2.74091811880772,0.00633899628709545,0.189294694221041,-2.36767231749896,FALSE
"Q9H1B5","Interaction_Low",0.639523300180191,8.72378670887137,2.72432099630207,0.00666169827556352,0.189294694221041,-2.40662103337403,FALSE
"P04070","Interaction_Low",0.496425154632625,14.313624815426,2.71883140823443,0.00677164927128106,0.189294694221041,-2.41945313877723,FALSE
"Q8NBP7","Interaction_Low",0.50694682045661,11.9076921862924,2.71270014039252,0.00689638395663961,0.189294694221041,-2.43375556986191,FALSE
"Q9H5I5","Interaction_Low",0.522216445020268,10.5868250915879,2.70139507846085,0.00713495345571968,0.189294694221041,-2.45997044122151,FALSE
"Q15166","Interaction_Low",0.378368614738434,16.1902261268496,2.6835450106944,0.00751830210042615,0.189294694221041,-2.50133791273532,FALSE
"Q8TER0","Interaction_Low",0.480069571602318,9.20717810656895,2.67275377426628,0.00776098995584221,0.189294694221041,-2.52617286971545,FALSE
"P02765","Interaction_Low",0.569533785969387,17.0126491328544,2.67092671172434,0.00780276926872499,0.189294694221041,-2.53036807263948,FALSE
"Q96PD5","Interaction_Low",0.517572770477386,12.8582879207523,2.66898511865649,0.00784738893075283,0.189294694221041,-2.53482320704962,FALSE
"Q06481","Interaction_Low",0.709624442105014,9.1611703024845,2.66600530250276,0.00791678347645717,0.189294694221041,-2.54160721681775,FALSE
"Q9UKM7","Interaction_Low",0.459130308189247,9.59108330370966,2.65675947830708,0.00813365019943354,0.189294694221041,-2.56280373104501,FALSE
"P12110","Interaction_Low",0.471465193728196,8.96326542801048,2.64969606491873,0.00830376079842643,0.189294694221041,-2.57870057531299,FALSE
"O00533","Interaction_Low",0.5021907114002,9.02526859553548,2.64913186742192,0.00831696407808996,0.189294694221041,-2.58019776316507,FALSE
"P00748","Interaction_Low",0.672741466216934,13.4292198143478,2.6452855431381,0.00841080124031437,0.189294694221041,-2.58895054251045,FALSE
"A0A075B6J9","Interaction_Low",1.05400637307521,9.23374051793308,2.64395081775658,0.00846407139551844,0.189294694221041,-2.59084644643865,FALSE
"Q13093","Interaction_Low",0.779481888192739,7.44067465193673,2.64309197885582,0.00853200076850384,0.189294694221041,-2.59913163085931,FALSE
"P02647","Interaction_Low",0.498094901240766,17.2948546553064,2.64001863996528,0.00854083610691338,0.189294694221041,-2.60091601423809,FALSE
"A2NJV5","Interaction_Low",0.727422417625512,11.2133011808804,2.63843428773484,0.00858030343400813,0.189294694221041,-2.6045108567432,FALSE
"P16109","Interaction_Low",0.972484465260584,8.63320944319545,2.63376007264267,0.00873570070370496,0.189802951653226,-2.61467294066677,FALSE
"Q14126","Interaction_Low",0.499393323814374,10.1360289382692,2.61534084666144,0.00917443148552283,0.193482144878425,-2.6566714374797,FALSE
"P01893","Interaction_Low",0.448924254153116,9.66724335282846,2.60777663461646,0.00937740941805029,0.193482144878425,-2.67369076960896,FALSE
"P07333","Interaction_Low",0.483070713065935,11.7107416919824,2.60492689108937,0.00945420185103198,0.193482144878425,-2.68004759752161,FALSE
"Q10472","Interaction_Low",0.387500097000171,8.97031374351362,2.59608301804509,0.00969828201334218,0.193482144878425,-2.69974951241188,FALSE
"A0A0B4J1Y8","Interaction_Low",1.04597874935025,9.13237845357707,2.59541698864426,0.00974724482536531,0.193482144878425,-2.69886213816924,FALSE
"A0A087WSY6","Interaction_Low",0.977430384875648,11.7972508648719,2.58670935975332,0.0100552282560481,0.193482144878425,-2.72345020279591,FALSE
"Q15485","Interaction_Low",0.636130143917365,9.5919517337402,2.5803918163043,0.0101442597930638,0.193482144878425,-2.7346749935118,FALSE
"P01700","Interaction_Low",0.869284863522312,12.3474401941656,2.57376066822558,0.0103376317951673,0.193482144878425,-2.74946522334296,FALSE
"P55058","Interaction_Low",0.506024355075406,14.1603260055939,2.56469980180628,0.0106079371611445,0.193482144878425,-2.76949454184471,FALSE
"P03952","Interaction_Low",0.471495228777552,13.4525817248286,2.5638931400625,0.0106323045712096,0.193482144878425,-2.77127436519484,FALSE
"O14786","Interaction_Low",0.357421335335239,14.1057122819407,2.55104013342351,0.0110273564317296,0.193482144878425,-2.79955991989321,FALSE
"P53634","Interaction_Low",0.528569782919959,10.2574386809939,2.54578758286279,0.0111925287460476,0.193482144878425,-2.81107941909328,FALSE
"P00740","Interaction_Low",0.569067470212589,14.5960564092345,2.53711774704791,0.0114699858084811,0.193482144878425,-2.83004296463057,FALSE
"P60985","Interaction_Low",0.59164427140162,10.9812272597266,2.53091174402381,0.011672336901333,0.193482144878425,-2.84357874193837,FALSE
"Q08629","Interaction_Low",0.506733636907097,7.25794963168698,2.51973664557159,0.0121042545111023,0.193482144878425,-2.86218960503595,FALSE
"Q9NYU2","Interaction_Low",0.479385500593092,8.06153766167807,2.51521409981544,0.0121990045262787,0.193482144878425,-2.87746219454043,FALSE
"Q8N307","Interaction_Low",0.471105864211975,10.2198904475629,2.51196152305271,0.0123106107568577,0.193482144878425,-2.88449782187313,FALSE
"P14151","Interaction_Low",0.391389856740224,14.5484473128604,2.50986636783145,0.0123823878564021,0.193482144878425,-2.88924031918417,FALSE
"P48454","Interaction_Low",0.728419680307201,10.6864968819858,2.50878285379223,0.0125138894193945,0.193482144878425,-2.88880010437858,FALSE
"P01019","Interaction_Low",0.38078183306291,15.1860369171155,2.50116981107549,0.0126868334947712,0.193482144878425,-2.90800070458053,FALSE
"P22792","Interaction_Low",0.596543919626654,13.3147089201418,2.49845996597512,0.0127830471799643,0.193482144878425,-2.91383349014863,FALSE
"Q14517","Interaction_Low",0.527937011984337,10.1621116505705,2.48638339408722,0.0132197472996617,0.193482144878425,-2.93975280433583,FALSE
"Q10471","Interaction_Low",0.398786414065715,7.63284988649175,2.48450001099892,0.0132896466830891,0.193482144878425,-2.94380864472252,FALSE
"P07358","Interaction_Low",0.403262633288154,12.6829791610266,2.47951874407109,0.0134738324201853,0.193482144878425,-2.9544315566585,FALSE
"O14594","Interaction_Low",0.394905896457214,11.5404132603241,2.4773018007163,0.0135568089609871,0.193482144878425,-2.95916363082319,FALSE
"O00468","Interaction_Low",0.355122574094388,10.1802458113195,2.47490546277707,0.0136470088700349,0.193482144878425,-2.96427398920674,FALSE
"Q6ZMY3","Interaction_Low",0.492062387521528,13.259229938362,2.4749247334671,0.0136822583173654,0.193482144878425,-2.95725201488447,FALSE
"Q09328","Interaction_Low",0.357695731596673,8.89504720732085,2.46927508181564,0.0138610357034117,0.193482144878425,-2.97626222362112,FALSE
"Q9NS73","Interaction_Low",0.459886282052706,13.1537598581502,2.46774173435992,0.0139262394622594,0.193482144878425,-2.9775178998541,FALSE
"P0DOX8","Interaction_Low",0.649230353637375,16.3612820323272,2.4669302610955,0.0139510421565605,0.193482144878425,-2.9812469863478,FALSE
"Q9BZE9","Interaction_Low",0.608179178550881,11.8006852623762,2.466425727772,0.0139723746243832,0.193482144878425,-2.98239064167603,FALSE
"P00747","Interaction_Low",0.528477356342977,15.1152510353278,2.46102192438039,0.0141801333738989,0.193482144878425,-2.99378683976696,FALSE
"P51693","Interaction_Low",0.532470715859452,12.0721161511754,2.46042067472509,0.0142036319653509,0.193482144878425,-2.99506129053415,FALSE
"P05067","Interaction_Low",0.684437267428015,11.1199488298907,2.45529163776322,0.0144054944990026,0.193482144878425,-3.00592082767539,FALSE
"Q16363","Interaction_Low",0.572394430491616,7.94111359494882,2.44690574597116,0.0147423020220387,0.193482144878425,-3.02345078379653,FALSE
"A0A0C4DH38","Interaction_Low",0.921062304839811,9.60975575879872,2.44632776524491,0.0147871663312202,0.193482144878425,-3.01852050230875,FALSE
"Q92765","Interaction_Low",0.560658981872235,8.10868573676018,2.44638014877061,0.0148154787757109,0.193482144878425,-3.01659740911978,FALSE
"Q15582","Interaction_Low",0.407917568973387,10.6948285205239,2.44357068624686,0.0148763461373618,0.193482144878425,-3.03065434820183,FALSE
"P08253","Interaction_Low",0.486525745784208,10.0067525674466,2.44215087437461,0.0149342961363997,0.193482144878425,-3.03364260264342,FALSE
"A0A0C4DH34","Interaction_Low",0.839750699941796,9.26274418042485,2.43740046815973,0.0151579916790357,0.193482144878425,-3.03623512995011,FALSE
"P48960","Interaction_Low",0.411387815122894,7.6216305410627,2.43564965875694,0.0152082022627075,0.193482144878425,-3.04629412785986,FALSE
"P04062","Interaction_Low",0.472267682238191,7.18750937518443,2.43623224669804,0.0152175220947978,0.193482144878425,-3.03857426064224,FALSE
"O43491","Interaction_Low",0.622347037965453,7.3273107517035,2.43381123645113,0.0153224943297644,0.193482144878425,-3.04379509549909,FALSE
"O14645","Interaction_Low",0.583787820074997,11.3959261975532,2.4332100918601,0.0153285055346774,0.193482144878425,-3.0478225502923,FALSE
"P15151","Interaction_Low",0.50797780773088,8.24423008537336,2.42424709504653,0.0156912113547124,0.193482144878425,-3.07043669725049,FALSE
"Q96MF2","Interaction_Low",0.654238809625323,12.3968509635338,2.40974052719934,0.0163131751060576,0.193482144878425,-3.10141710299486,FALSE
"A2CJ06","Interaction_Low",0.473790753590778,9.49209063448589,2.41058920490997,0.0163236026066877,0.193482144878425,-3.08994606901419,FALSE
"P02760","Interaction_Low",0.267309594069784,15.7761766532437,2.40714652284879,0.0164275000053466,0.193482144878425,-3.10678040469483,FALSE
"P22891","Interaction_Low",0.551114683146221,14.7352282588151,2.40063131057882,0.016719503678025,0.193482144878425,-3.12027961806552,FALSE
"Q96K76","Interaction_Low",0.833076296725041,6.11480742205963,2.4018652819907,0.0167967178292537,0.193482144878425,-3.10222819950307,FALSE
"Q12797","Interaction_Low",0.374050752997825,9.33365917433276,2.39892381615279,0.0167967833167762,0.193482144878425,-3.12381156643765,FALSE
"Q7LFX5","Interaction_Low",0.449925167757531,8.52295385874585,2.39683377175587,0.0168918047443358,0.193482144878425,-3.12813148302916,FALSE
"Q96KN2","Interaction_Low",0.459200971970114,12.246569904361,2.39630274802407,0.016916022373389,0.193482144878425,-3.1292284720019,FALSE
"O75787","Interaction_Low",0.467616132429116,9.87541007003625,2.39200349442304,0.0171132201208544,0.193482144878425,-3.13810114310167,FALSE
"P43652","Interaction_Low",0.826497194114525,12.1597625545238,2.38885893893424,0.0172587323051301,0.193482144878425,-3.14458094377897,FALSE
"A1L4H1","Interaction_Low",0.45651260077833,11.5110008924975,2.38807657340299,0.017295104389104,0.193482144878425,-3.14619182694697,FALSE
"A0A0B4J1X5","Interaction_Low",0.921122122160765,12.4634443026714,2.3849220476671,0.0174452597710161,0.193482144878425,-3.15194323665213,FALSE
"P48740","Interaction_Low",0.513790701825288,13.6339737745166,2.38447787820264,0.0174632770237303,0.193482144878425,-3.15359487791979,FALSE
"P39060","Interaction_Low",0.391098997243768,14.1331964245221,2.38378626301927,0.0174957615032686,0.193482144878425,-3.15501638565455,FALSE
"P02652","Interaction_Low",0.389986667125587,17.9693766328163,2.38199442677029,0.0175801695374163,0.193482144878425,-3.15869735614908,FALSE
"P35442","Interaction_Low",0.570351040684967,13.7305289299725,2.38151675166218,0.0176027317335647,0.193482144878425,-3.159678188645,FALSE
"P19320","Interaction_Low",0.281332732354706,10.0822398176976,2.38095166675213,0.0176294554528865,0.193482144878425,-3.16083825598327,FALSE
"P55285","Interaction_Low",0.576309656021953,8.75208689297859,2.37953757783885,0.0176971909861048,0.193482144878425,-3.16376008819423,FALSE
"P22352","Interaction_Low",0.605509206877827,11.9538249521091,2.37679225379947,0.0178272601298472,0.193482144878425,-3.16936888483474,FALSE
"Q9UJJ9","Interaction_Low",0.425717601811526,9.88353673564591,2.37675983663557,0.0178288093859227,0.193482144878425,-3.16943531274491,FALSE
"Q16610","Interaction_Low",0.436139313954426,12.6541553213645,2.37582593923265,0.017873492318339,0.193482144878425,-3.17134863712552,FALSE
"P11049","Interaction_Low",0.478124880495891,11.2024668889406,2.37436528835352,0.0179449967007186,0.193482144878425,-3.17402826284758,FALSE
"P01275","Interaction_Low",0.639524053059167,8.5357857833907,2.36315451098027,0.0184910021181291,0.194480724280131,-3.19727551590598,FALSE
"Q86UD1","Interaction_Low",0.356587392123258,10.3448795806351,2.3556224586966,0.0188645261872569,0.194480724280131,-3.21256093069553,FALSE
"P35542","Interaction_Low",0.371241122142244,14.933962285977,2.3520665223693,0.0190438558546322,0.194480724280131,-3.21977899944982,FALSE
"Q08174","Interaction_Low",0.509537266047182,9.56417662809902,2.3495703682997,0.0191706308526272,0.194480724280131,-3.22483949599628,FALSE
"Q9UBS9","Interaction_Low",0.470499972853226,7.97251842963129,2.34973560896923,0.019171174507148,0.194480724280131,-3.22336663741693,FALSE
"P07225","Interaction_Low",0.453828691832562,14.80708803435,2.34893631926787,0.0192029506117347,0.194480724280131,-3.22612407928861,FALSE
"Q14624","Interaction_Low",0.549923071378926,15.3913001162041,2.34820198845484,0.0192404417779942,0.194480724280131,-3.22761141052059,FALSE
"P55290","Interaction_Low",0.394250802219648,10.6100003232899,2.3449747395088,0.0194059701735479,0.194480724280131,-3.23414257639716,FALSE
"P08697","Interaction_Low",0.461588927751331,14.3363074833072,2.34460560178278,0.0194249828694498,0.194480724280131,-3.23488906242562,FALSE
"Q6UXH0","Interaction_Low",0.452632604769793,9.05634511664235,2.34257861211145,0.0195348939592649,0.194480724280131,-3.23717820124946,FALSE
"P17900","Interaction_Low",0.507440261645812,7.53298427407839,2.33682657788446,0.0198787916017611,0.194480724280131,-3.23780930472982,FALSE
"O15204","Interaction_Low",0.458728032338769,9.79362198276776,2.33518156171108,0.0199159334720739,0.194480724280131,-3.2539079031244,FALSE
"P32004","Interaction_Low",0.613641986062246,7.65869454910037,2.33407848895804,0.0200002902030091,0.194480724280131,-3.2509757887893,FALSE
"O75147","Interaction_Low",0.785031616268535,10.2484078060832,2.33214941946643,0.0201662797399758,0.194480724280131,-3.24110134350393,FALSE
"P06681","Interaction_Low",0.842648618660867,10.8469637887999,2.32783475554611,0.0203061717441691,0.194480724280131,-3.2686827560647,FALSE
"P15291","Interaction_Low",0.365638943351753,8.76843422974652,2.3273729614228,0.0203309226991036,0.194480724280131,-3.26960993217065,FALSE
"Q9Y625","Interaction_Low",0.443356337509174,8.46083034028952,2.32707949317813,0.020359029791874,0.194480724280131,-3.26700961068922,FALSE
"P01709","Interaction_Low",0.906083829040286,11.8409095849418,2.32489873888552,0.0204787931424684,0.194480724280131,-3.27088958081195,FALSE
"Q14118","Interaction_Low",0.445333842196836,9.26371366766278,2.31934473126783,0.0207654523655296,0.195905649290588,-3.28570005708723,FALSE
"Q99542","Interaction_Low",0.423498302885191,11.0254164838195,2.313905669293,0.0210644367175952,0.197225749143076,-3.29657013052588,FALSE
"Q9NYQ8","Interaction_Low",0.890512170832226,7.98396282762633,2.31231239031011,0.0211804500474433,0.197225749143076,-3.29350439004607,FALSE
"Q15904","Interaction_Low",0.515115634927116,7.95811699464039,2.29427117999594,0.0222026619591768,0.205062580530341,-3.33045740569909,FALSE
"Q13316","Interaction_Low",0.40822911116611,8.79183929707337,2.2923041585556,0.0223080631539283,0.205062580530341,-3.333733058079,FALSE
"O14602;P47813","Interaction_Low",0.656941599385441,7.68609962375143,2.28751082890785,0.0226015040324325,0.206436667404511,-3.3428917130189,FALSE
"Q92696","Interaction_Low",0.480530623451443,9.20255972567773,2.28287507497856,0.0228782126552219,0.206687129475994,-3.34848387847579,FALSE
"P18428","Interaction_Low",0.495550316348851,12.3409508522869,2.28030412930867,0.0229962366783476,0.206687129475994,-3.36317057686642,FALSE
"Q7LGC8","Interaction_Low",0.332480238481732,11.0081953095231,2.27644090108795,0.0232279381849062,0.206687129475994,-3.37076671923984,FALSE
"Q5SZK8","Interaction_Low",0.541833448639538,6.95015730382047,2.2740762817046,0.0233772158159563,0.206687129475994,-3.37300453824085,FALSE
"P43251","Interaction_Low",0.330222636134765,10.7671646735011,2.27231150857807,0.0234778483754096,0.206687129475994,-3.3788722895928,FALSE
"P35916","Interaction_Low",0.425243083040387,9.52083692251428,2.27139684190998,0.0235335194122694,0.206687129475994,-3.38066573930685,FALSE
"P10643","Interaction_Low",0.632178434179778,12.0970092931249,2.26613810179212,0.023855826129402,0.206687129475994,-3.3909632149305,FALSE
"O75340","Interaction_Low",0.45210519361647,8.92749489220785,2.26577466720013,0.0238782421225437,0.206687129475994,-3.39167401732439,FALSE
"Q05707","Interaction_Low",0.411240509188584,7.75126753491606,2.26291436927385,0.0240577269432135,0.206687129475994,-3.39654353732733,FALSE
"P01042","Interaction_Low",0.715038441973551,15.4118958099664,2.25933865813103,0.0242782495851123,0.206687129475994,-3.40424304430885,FALSE
"P13612","Interaction_Low",0.394289640081874,7.87621061934555,2.25891505598241,0.0243138565148348,0.206687129475994,-3.40268826803026,FALSE
"Q9UKX5","Interaction_Low",0.439606804260539,6.82044209642383,2.25881874065892,0.0243585250219268,0.206687129475994,-3.39091222526571,FALSE
"Q6UXD5","Interaction_Low",0.422435325739571,9.64127741702673,2.25390149584923,0.024620703972908,0.207682879395001,-3.41483415557702,FALSE
"P08648","Interaction_Low",0.455660737812558,7.92067956258223,2.24915828248224,0.0249380874623215,0.208916199790944,-3.42031980330048,FALSE
"A0A087WSX0","Interaction_Low",0.929292898436502,12.48746123952,2.24709999226372,0.0250582889567939,0.208916199790944,-3.42674143779515,FALSE
"Q15063","Interaction_Low",0.643836211811943,10.709472053943,2.24235948088259,0.0253616032683584,0.210222769288011,-3.43723425211456,FALSE
"P26927","Interaction_Low",0.791405484242352,8.45385196556875,2.23256797387765,0.0260154269487966,0.211925287269581,-3.45135192951882,FALSE
"Q76LX8","Interaction_Low",0.430404419673504,9.86551978752602,2.22964157787816,0.026200319264239,0.211925287269581,-3.46178616416543,FALSE
"Q9BYH1","Interaction_Low",0.374391323188066,11.0767575573965,2.22952920982125,0.0262078355604066,0.211925287269581,-3.46200248177881,FALSE
"P98160","Interaction_Low",0.35654308449408,12.0119256250694,2.22839518432294,0.0262837951633676,0.211925287269581,-3.46418497567618,FALSE
"Q10469","Interaction_Low",0.716469267864118,8.39718052513125,2.22830597496383,0.0263144606735083,0.211925287269581,-3.45728487920017,FALSE
"Q504Y2","Interaction_Low",0.524677304677253,7.74771695121705,2.22421708893932,0.0265948154994952,0.211925287269581,-3.46236155033994,FALSE
"P15941","Interaction_Low",0.409648427534968,9.94333841747059,2.22370744066682,0.0266015004940896,0.211925287269581,-3.47292136368775,FALSE
"P01703","Interaction_Low",0.699583689474343,10.6053858849787,2.21711809021215,0.027055584861821,0.214038608873219,-3.48329033656637,FALSE
"Q9Y274","Interaction_Low",0.347591143978811,9.52568151004066,2.21501613047287,0.0271944582003973,0.214038608873219,-3.48985166101824,FALSE
"A8MYB1","Interaction_Low",0.668501069009242,12.1465112764336,2.21292286809704,0.0273811242305473,0.214038608873219,-3.4838766800454,FALSE
"O43529","Interaction_Low",0.467984662917041,7.08046953571719,2.21164697322079,0.0274638103435651,0.214038608873219,-3.48667109988959,FALSE
"P35998","Interaction_Low",0.743295344615968,8.50268188193784,2.20819247563859,0.0276935825686852,0.214662688667538,-3.49706059429421,FALSE
"P80748","Interaction_Low",0.958389489541208,10.6982061096295,2.20564573024764,0.027906320220332,0.214942576880141,-3.49070289544255,FALSE
"Q96MY7","Interaction_Low",0.700863320588246,13.1682044792547,2.20325858223771,0.0280294713225846,0.214942576880141,-3.50740263179162,FALSE
"Q9Y4F3","Interaction_Low",0.570735148137311,12.713313291584,2.19880434010059,0.0283440702221312,0.215699871667727,-3.51795162548122,FALSE
"P11717","Interaction_Low",0.507627010156432,6.45624034908619,2.19908388560805,0.0284545509645356,0.215699871667727,-3.48744111371391,FALSE
"A0M8Q6","Interaction_Low",0.68287916976948,15.2650480780964,2.19550248881522,0.0285794809043711,0.215699871667727,-3.52492055726772,FALSE
"Q8NFU4","Interaction_Low",0.539427875271889,10.7797888315624,2.19333241138209,0.0287598169465522,0.215924489535894,-3.52477452356974,FALSE
"P20701","Interaction_Low",0.373761730435936,8.57395550348174,2.18968302018293,0.0289937782484171,0.216152294608389,-3.53803679932664,FALSE
"Q9UBS4","Interaction_Low",0.581212572113658,6.91900621964598,2.18939880740445,0.0291620561590766,0.216152294608389,-3.5067426430784,FALSE
"P11226","Interaction_Low",0.80542243161387,9.37016905630677,2.1859294736678,0.0292698066410002,0.216152294608389,-3.54514319563656,FALSE
"Q9H6X2","Interaction_Low",0.402632762935127,8.48097339830864,2.18379323147132,0.0294265389496022,0.216152294608389,-3.54916178509595,FALSE
"P15169","Interaction_Low",0.648580728522267,11.7112089566281,2.18220982414465,0.0295438282728342,0.216152294608389,-3.55214761482471,FALSE
"Q9UK55","Interaction_Low",0.358894384066518,13.0240269931966,2.17511185741907,0.0300745715984093,0.218902653897051,-3.56550617786622,FALSE
"Q9NS62","Interaction_Low",0.364291021271733,9.39777268852531,2.17282395628338,0.030250045369574,0.218902653897051,-3.56918303749679,FALSE
"P11597","Interaction_Low",0.474650694105813,14.3690496337631,2.16922492704886,0.0305209758957157,0.218902653897051,-3.57655319786494,FALSE
"A0A0J9YX35","Interaction_Low",0.82889009785063,10.4077073834849,2.16932301895625,0.0305517836489993,0.218902653897051,-3.55911404935876,FALSE
"Q03167","Interaction_Low",0.485170022140634,7.82279798926101,2.16723621959136,0.0306830079730176,0.218902653897051,-3.57841851123846,FALSE
"P26572","Interaction_Low",0.499181950617809,8.8671349175869,2.1642162671764,0.0309061527331276,0.219403084253985,-3.58543167631384,FALSE
"P62081","Interaction_Low",0.55205580631852,6.82648193393613,2.16320541277169,0.0310827718680794,0.219558875286809,-3.56446872875106,FALSE
"P01861","Interaction_Low",0.787797754621973,13.8759859550291,2.15996994949891,0.0312343169864079,0.219558875286809,-3.59386116881015,FALSE
"O60704","Interaction_Low",0.400368757842584,8.00567400083972,2.1574946567749,0.0314375531989704,0.219661900853588,-3.59528617108154,FALSE
"P00751","Interaction_Low",0.564342305936327,14.527263135654,2.15479850182711,0.0316391277855279,0.219661900853588,-3.60350084940373,FALSE
"P06727","Interaction_Low",0.313519019370075,15.9857521585886,2.15391777606374,0.0317085170688233,0.219661900853588,-3.60514028327236,FALSE
"P05107","Interaction_Low",0.348969185036525,9.4635606364959,2.14567401241007,0.0323643842695287,0.22040167593733,-3.6204538562852,FALSE
"P33151","Interaction_Low",0.389732515414629,11.9755936829786,2.13698885353588,0.0330679445120251,0.22040167593733,-3.6365251052168,FALSE
"O94769","Interaction_Low",0.411927180397434,9.26428866579649,2.13698265593208,0.0330684512133391,0.22040167593733,-3.63653655061565,FALSE
"P01031","Interaction_Low",0.512258131913331,11.1023038508442,2.13574173757022,0.0331700400997126,0.22040167593733,-3.63882755592717,FALSE
"Q9BXN1","Interaction_Low",0.379883929753703,11.3457933130182,2.13566237628812,0.0331765461852622,0.22040167593733,-3.63897402974378,FALSE
"O60476","Interaction_Low",0.397433786241426,7.90455290197019,2.1349787904771,0.0332400360380437,0.22040167593733,-3.63798656604,FALSE
"Q8IUL8","Interaction_Low",0.399587838742311,7.80778526917754,2.13370600861993,0.033337277033491,0.22040167593733,-3.64258312927775,FALSE
"Q8WUA8","Interaction_Low",0.435897849451903,9.59878099396833,2.13359221315992,0.0333484783047975,0.22040167593733,-3.64281606703454,FALSE
"Q3SY84","Interaction_Low",-0.646939888279169,9.58802080940412,-2.13282974187856,0.033425532848705,0.22040167593733,-3.63885979743091,FALSE
"P04211","Interaction_Low",0.653367247121361,11.7793256600343,2.12995490933341,0.0336500900661625,0.22040167593733,-3.64836412344721,FALSE
"P48723","Interaction_Low",0.485787618531158,6.86864801002019,2.13088405567092,0.0336981530965471,0.22040167593733,-3.61361757846532,FALSE
"Q9NQ30","Interaction_Low",0.386658058727456,9.49458803488336,2.12855561417937,0.033769183098098,0.22040167593733,-3.65090809566537,FALSE
"Q6ZRK6","Interaction_Low",0.786528354575799,11.3468122252373,2.12718256527879,0.0339821514847596,0.22040167593733,-3.62880749076981,FALSE
"P02768","Interaction_Low",0.881523417614368,15.624335027664,2.12341727960651,0.0341936172765534,0.22040167593733,-3.66151036817843,FALSE
"Q13201","Interaction_Low",0.649730517034428,13.5818124872409,2.12314316919776,0.0342166872309669,0.22040167593733,-3.66201339751696,FALSE
"P09486","Interaction_Low",0.559054961075551,10.4959586609223,2.12193920744544,0.0343181743135505,0.22040167593733,-3.66422207470053,FALSE
"P21810","Interaction_Low",0.366221385176331,10.8041489404627,2.12063791505368,0.0344281557949525,0.22040167593733,-3.66660792436346,FALSE
"P21439","Interaction_Low",0.482330210163441,9.11995590656218,2.11868526466272,0.0346999888841321,0.221083543316365,-3.64485107752582,FALSE
"P06331","Interaction_Low",0.680884366555702,11.5980292995244,2.11361112313382,0.0350291362489844,0.221083543316365,-3.6791343598575,FALSE
"Q14767","Interaction_Low",0.508163451834351,9.5297482203054,2.10885861756146,0.0354384549366817,0.221083543316365,-3.68815018235514,FALSE
"P09326","Interaction_Low",0.44925120485418,8.27252669852262,2.10912730291404,0.0354386993826903,0.221083543316365,-3.68135897576199,FALSE
"P59768","Interaction_Low",0.409331563102866,7.92750765636845,2.10925368378801,0.0354677168981457,0.221083543316365,-3.67622866756482,FALSE
"P0DJI8","Interaction_Low",0.8444615181985,13.9628809768512,2.10774276369255,0.035534438386472,0.221083543316365,-3.690172913063,FALSE
"P58166","Interaction_Low",0.367416108567973,8.7222961252312,2.10613270354692,0.0356756154355743,0.221083543316365,-3.69311605659978,FALSE
"Q969P0","Interaction_Low",0.393914353648801,6.55218704633007,2.10603172270396,0.0357680488489516,0.221083543316365,-3.66763573461116,FALSE
"P00734","Interaction_Low",0.593149045484902,15.8738402308554,2.10114147713379,0.0361124431809232,0.221211133818343,-3.70218175247514,FALSE
"P23142","Interaction_Low",0.520097154474364,12.8767889188737,2.09939286664861,0.0362668904810279,0.221211133818343,-3.70535657630241,FALSE
"P11150","Interaction_Low",0.350763170911777,8.10982505289736,2.09939722120788,0.0362880937684995,0.221211133818343,-3.69748526600797,FALSE
"P02776","Interaction_Low",0.793660309230086,13.9082897506165,2.09783692017057,0.036405737504274,0.221211133818343,-3.70818996001073,FALSE
"Q9NPH3","Interaction_Low",0.527067007228037,8.44718366395668,2.08857896876303,0.0372482738859141,0.22537563186667,-3.71917462569852,FALSE
"Q6UX71","Interaction_Low",0.367012919966735,10.1139582367603,2.0819309640217,0.0378404435212982,0.226813253706025,-3.73691862775219,FALSE
"P14543","Interaction_Low",0.427601860868473,12.1827363047751,2.08021340293153,0.0379983191337725,0.226813253706025,-3.74000911491451,FALSE
"Q9H2X3","Interaction_Low",0.386550014318182,8.3005088189529,2.07598296809093,0.0384023430055747,0.226813253706025,-3.74397972581417,FALSE
"P33908","Interaction_Low",0.342539502077393,10.7925896868047,2.0744631666137,0.0385309673666115,0.226813253706025,-3.75033756474345,FALSE
"P02774","Interaction_Low",0.711002004696368,13.6123337445535,2.0734761838742,0.0386230292334717,0.226813253706025,-3.75210754069708,FALSE
"Q9H159","Interaction_Low",0.377083022932995,9.42644628681729,2.07332928049267,0.038636747818034,0.226813253706025,-3.7523709148071,FALSE
"Q92954","Interaction_Low",0.420101665764493,12.2104989802304,2.06790713067676,0.0391460090366966,0.226813253706025,-3.76207914412741,FALSE
"A0A075B6K5","Interaction_Low",0.762383749577104,10.4280864652592,2.0676362808329,0.0391715971235133,0.226813253706025,-3.7625634399992,FALSE
"A6NDG6","Interaction_Low",0.435168298430994,7.29856461672947,2.06783074054953,0.0392065890539431,0.226813253706025,-3.74673065513587,FALSE
"O95967","Interaction_Low",0.411261970077035,8.86334903445566,2.06607450554991,0.0393233122322774,0.226813253706025,-3.76393051917984,FALSE
"Q09327","Interaction_Low",0.45249538277443,7.51174105797776,2.06371535692682,0.03958441472474,0.226813253706025,-3.75838960161492,FALSE
"P13591","Interaction_Low",0.361503338570738,13.0415600066814,2.06141332816191,0.0397634356012266,0.226813253706025,-3.77367330605988,FALSE
"Q14766","Interaction_Low",0.63282549712291,12.3736337899634,2.05928890577062,0.0399672151552309,0.226813253706025,-3.77745852108024,FALSE
"Q9NR99","Interaction_Low",0.31389685130409,10.2462125740413,2.05811353821617,0.0400803404700936,0.226813253706025,-3.77955110011942,FALSE
"P11047","Interaction_Low",0.433410046686154,9.26542368320038,2.05739232258893,0.0401498898992389,0.226813253706025,-3.78083454400581,FALSE
"P07357","Interaction_Low",0.378859030753079,13.2653744776644,2.05725044648719,0.0401635836016191,0.226813253706025,-3.78108696855474,FALSE
"O43852","Interaction_Low",0.514405949523038,11.7898510912097,2.05713496641356,0.0401747325253349,0.226813253706025,-3.78129241693821,FALSE
"P23470","Interaction_Low",0.368183760467556,12.5096786107109,2.05142069346085,0.0407297095736029,0.228782007833377,-3.79144442945102,FALSE
"P03951","Interaction_Low",0.399650685734011,15.4570022484042,2.04920371489488,0.0409467730215224,0.228782007833377,-3.79537566274436,FALSE
"P07942","Interaction_Low",0.406864320686148,9.9521803158994,2.0486404813832,0.0410020753229972,0.228782007833377,-3.79637374567747,FALSE
"P02675","Interaction_Low",0.490926049651367,18.9589394046273,2.0448914326883,0.0413718033956812,0.229950256082972,-3.80301041653419,FALSE
"Q96H15","Interaction_Low",0.396803966855385,9.5957987701903,2.04337004967065,0.0415452181722144,0.230022559300986,-3.79887092994351,FALSE
"P30626","Interaction_Low",0.633406383022236,7.82879556951052,2.04145406074395,0.041842948503643,0.230151774598652,-3.77525581357117,FALSE
"Q02985","Interaction_Low",0.530995284250215,9.58465417816836,2.03973873164476,0.0418895489332274,0.230151774598652,-3.80952000416863,FALSE
"A6NL88","Interaction_Low",0.60835602100725,9.38920501769363,2.02864406600725,0.0430298206980154,0.232245662450031,-3.82564307872797,FALSE
"Q96DR8","Interaction_Low",0.660382299352433,9.06052548010902,2.02927076310312,0.0430396962113608,0.232245662450031,-3.80541319302269,FALSE
"P02743","Interaction_Low",0.750228558062416,11.3213624916876,2.02787344547428,0.0430859010342485,0.232245662450031,-3.83298605441209,FALSE
"P04004","Interaction_Low",0.299952167951361,18.311104894547,2.02688659090911,0.0431871196856555,0.232245662450031,-3.834716762223,FALSE
"O43396","Interaction_Low",0.728081111327726,8.10964613365551,2.02344447951318,0.0435969335020733,0.232245662450031,-3.82224291846366,FALSE
"O60245","Interaction_Low",0.503021354116473,6.86650584901509,2.02207257415764,0.0437838844120712,0.232245662450031,-3.81378910681988,FALSE
"P28300","Interaction_Low",0.579513359488885,7.44752841850495,2.02068811430722,0.0439544730060863,0.232245662450031,-3.80923526406357,FALSE
"P08185","Interaction_Low",0.588453379745312,10.3594173246589,2.01850805693512,0.0440546267032557,0.232245662450031,-3.84937737854097,FALSE
"O15031","Interaction_Low",0.435538154421866,7.25153157887261,2.01903935615994,0.0440670750757372,0.232245662450031,-3.82796565712846,FALSE
"Q07954","Interaction_Low",0.597793199715255,10.8348134453399,2.01817395631616,0.0440895229238043,0.232245662450031,-3.84996074535952,FALSE
"A0A0B4J1Y9","Interaction_Low",0.656597521528703,12.0075295843226,2.0181573929786,0.0440912535438651,0.232245662450031,-3.84998966382434,FALSE
"P01859","Interaction_Low",0.53614806230792,17.0919342032285,2.01560244403097,0.0443588968593125,0.232245662450031,-3.85444763978424,FALSE
"P01706","Interaction_Low",0.795110137709935,11.433814067945,2.01564769218689,0.04437608892002,0.232245662450031,-3.84244835774301,FALSE
"P17844","Interaction_Low",0.718264246863786,11.6543248983876,2.00797499813629,0.0451993431617136,0.235496101958814,-3.85751175263693,FALSE
"P08637","Interaction_Low",0.398092020364686,8.7004582362767,2.00650037586663,0.0453256095820311,0.235496101958814,-3.86841862528201,FALSE
"Q9Y6C2","Interaction_Low",0.49729756846728,10.4729699752306,2.00317341965611,0.0456805912830887,0.236467331843294,-3.87605514748776,FALSE
"Q6UXB8","Interaction_Low",0.53939827683624,9.73609478217592,1.99824024599349,0.0462143301068452,0.236467331843294,-3.88459492481229,FALSE
"Q96NZ9","Interaction_Low",0.446087078864569,10.0565247433426,1.99663288923589,0.046389369723482,0.236467331843294,-3.88737293793058,FALSE
"P04908;P0C0S8;P20671;Q16777;Q6FI13;Q7L7L0;Q93077;Q96KK5;Q99878;Q9BTM1","Interaction_Low",0.537931844161863,12.3520710485,1.9952360456106,0.0465419389347227,0.236467331843294,-3.88978533469589,FALSE
"P00450","Interaction_Low",0.695400628277914,12.0127084230485,1.99513982776591,0.0465524638331618,0.236467331843294,-3.88995144512976,FALSE
"Q99459","Interaction_Low",0.699367222643975,11.0789659636948,1.99423072363408,0.0466844161492893,0.236467331843294,-3.87960565021793,FALSE
"Q8N8M0","Interaction_Low",0.514972715207135,8.40221414328716,1.99376772382251,0.0467920897636841,0.236467331843294,-3.86031235248902,FALSE
"P06734","Interaction_Low",0.419742236950331,9.32929477376901,1.99252904772438,0.0468667062694838,0.236467331843294,-3.88539599624686,FALSE
"Q8NBS9","Interaction_Low",0.494296975330084,7.95624233795867,1.99158522153482,0.0469966454500272,0.236467331843294,-3.87968027100807,FALSE
"P02746","Interaction_Low",0.7357046059133,11.5328830290063,1.98899352413098,0.0472289599749269,0.236805344769389,-3.90054610652272,FALSE
"Q7Z7M8","Interaction_Low",0.377550903138586,8.60201116215942,1.98180958949895,0.0480311832690268,0.239988560305869,-3.91289638280571,FALSE
"Q06828","Interaction_Low",0.29269074251371,11.3865768349313,1.97619244229115,0.0486645646947688,0.242110616387632,-3.92250876468313,FALSE
"Q9BY67","Interaction_Low",0.321695320896385,10.5867555749713,1.97337361466803,0.0489855774425032,0.242110616387632,-3.92732626485356,FALSE
"Q8N3T1","Interaction_Low",0.39798674041499,7.20070048461002,1.97033017669114,0.0493636224599224,0.242110616387632,-3.91735065813691,FALSE
"Q9H8L6","Interaction_Low",0.390195919895346,10.7485586581377,1.96858086627041,0.0495354751219576,0.242110616387632,-3.93550176303643,FALSE
"P01860","Interaction_Low",0.683793481249868,13.5268326662248,1.96797280143981,0.0496056114643873,0.242110616387632,-3.93653760639535,FALSE
"P12109","Interaction_Low",0.329591599786582,9.44232007752995,1.9636844012207,0.0501026263665708,0.242110616387632,-3.94383399664618,FALSE
"P11279","Interaction_Low",0.471601249984078,7.53265515658985,1.96316279992458,0.0502392407430723,0.242110616387632,-3.9163389475141,FALSE
"P01624","Interaction_Low",0.520377115427873,12.7404701048851,1.96129605462389,0.050381240325949,0.242110616387632,-3.94789080336099,FALSE
"O00339","Interaction_Low",0.45922859028325,7.11179314684611,1.96165431915375,0.0503868938129302,0.242110616387632,-3.9309765501527,FALSE
"Q7Z794","Interaction_Low",-1.17139317818073,11.3088899295884,-1.96123150495666,0.0503993925111821,0.242110616387632,-3.94590391468371,FALSE
"P19021","Interaction_Low",0.407799055589804,9.82548248787503,1.96082638584723,0.0504361827431926,0.242110616387632,-3.94868800391138,FALSE
"Q13214","Interaction_Low",0.420774709432456,7.88766559113989,1.96048716654723,0.0505373442608525,0.242110616387632,-3.9322431182181,FALSE
"P80108","Interaction_Low",0.307412138238526,13.9926130962551,1.95899623540741,0.0506507565664502,0.242110616387632,-3.95179265077349,FALSE
"P08709","Interaction_Low",0.333655882700949,9.82365052615428,1.95619905464136,0.0509801903704659,0.242875724223415,-3.95653224880028,FALSE
"Q5VU65","Interaction_Low",0.845560700885407,11.1033428096121,1.94729299878386,0.0521150080878133,0.24746000529114,-3.94473965396881,FALSE
"Q6P988","Interaction_Low",0.474254364173097,8.66458723108072,1.94396659401625,0.0524708440919209,0.24814467056665,-3.96965034343937,FALSE
"P02749","Interaction_Low",0.586893158097636,13.8718077363673,1.9426186525609,0.0526052858105032,0.24814467056665,-3.97944848173972,FALSE
"Q96AQ6","Interaction_Low",0.400801717030518,8.57699336824384,1.9373109084782,0.0532531905735373,0.249786458286658,-3.98700496725172,FALSE
"P40967","Interaction_Low",0.364137137716963,11.9632614282273,1.93690631311006,0.0533017128561489,0.249786458286658,-3.98904084542492,FALSE
"A0A075B6K4","Interaction_Low",0.888102152764191,9.97547298687058,1.93553642603627,0.0535244922714282,0.250013426440482,-3.97164161617092,FALSE
"P29122","Interaction_Low",0.519201738934735,8.91942889893034,1.92769502962808,0.0544551322273989,0.252847303012066,-3.99945492157496,FALSE
"P19256","Interaction_Low",0.331074413812793,7.92849692399026,1.92759698255868,0.0544906310588518,0.252847303012066,-3.98914344592838,FALSE
"Q8WUJ3","Interaction_Low",0.624404491082986,7.7314309567969,1.92478003490169,0.0548221503287778,0.252847303012066,-4.00367898415817,FALSE
"Q13177","Interaction_Low",0.49343107022251,7.05355052394308,1.92493266668839,0.0548402591610706,0.252847303012066,-3.99142665116526,FALSE
"P07360","Interaction_Low",0.453891037351331,11.6507440094732,1.92313233756294,0.0550128023289851,0.252847303012066,-4.01205629986262,FALSE
"Q14112","Interaction_Low",0.446306153045935,10.4174647778282,1.91406842606901,0.0561636482028664,0.256246585099508,-4.02711336186692,FALSE
"P01714","Interaction_Low",0.674083118982555,9.76009229430238,1.91396618360782,0.0561887665372389,0.256246585099508,-4.02056631315348,FALSE
"O94966","Interaction_Low",0.965425074652027,10.6546776820167,1.91228895690836,0.0564605367084376,0.256246585099508,-4.01046883196911,FALSE
"Q9H2K2","Interaction_Low",0.491936034156209,8.87031005019553,1.91290874724182,0.0564671693803657,0.256246585099508,-3.97786869585405,FALSE
"O75882","Interaction_Low",0.427620525961256,8.33429264489881,1.90986492196888,0.0567073881523613,0.256524904134026,-4.03364891084567,FALSE
"Q9C075","Interaction_Low",-0.446771235472632,7.25786873780116,-1.9006483952513,0.0579694466799835,0.260989661718903,-4.02774754758769,FALSE
"Q04756","Interaction_Low",0.392712644556198,10.4808548624243,1.89884047143805,0.0581423802052455,0.260989661718903,-4.05225258439277,FALSE
"P05156","Interaction_Low",0.675824536768003,11.9175031779048,1.89809764820083,0.0582403708159338,0.260989661718903,-4.05347382588003,FALSE
"Q8WWV6","Interaction_Low",0.408646098484734,10.3210369568537,1.89658984356828,0.0584407802941707,0.26107189701508,-4.05595728698687,FALSE
"P0DP02","Interaction_Low",0.508056205984024,12.1586038216111,1.89493119649766,0.0586596226773892,0.261235710929739,-4.05867436726518,FALSE
"A0A0A0MS15","Interaction_Low",0.667109761388756,10.9331869761128,1.89336500372391,0.0588711851238835,0.261291450035101,-4.05959854158426,FALSE
"Q13477","Interaction_Low",0.32562206499966,10.9696199989344,1.89210036668596,0.059036561932617,0.261291450035101,-4.06331645076473,FALSE
"Q14696","Interaction_Low",0.762534794457862,7.77963037821342,1.88953478698187,0.0595530886882762,0.262042754047676,-4.01348195424465,FALSE
"Q96JQ0","Interaction_Low",0.493346379545199,6.95471834506496,1.88831846291186,0.0595717836956362,0.262042754047676,-4.06294871519935,FALSE
"O00391","Interaction_Low",0.346015263561057,10.4747569374785,1.88564220928355,0.0599040501295042,0.262538061973328,-4.07388116637374,FALSE
"P07093","Interaction_Low",0.52803953318644,7.58469069019594,1.88484507683068,0.0600680446508235,0.262538061973328,-4.05750428689837,FALSE
"P10586","Interaction_Low",0.375418825111649,7.28704665708896,1.8832331721777,0.0602336278864888,0.262538061973328,-4.07675481536261,FALSE
"P45877","Interaction_Low",0.382723634860249,7.18481915819725,1.88233256700798,0.0605155001474705,0.262967355186281,-4.0210266388209,FALSE
"Q53EL9","Interaction_Low",0.356521832362734,8.00871898914271,1.87928373012534,0.0608274802315283,0.263361030482659,-4.06693564332796,FALSE
"Q8IUK5","Interaction_Low",0.301236303488375,11.4501229134404,1.8769469225137,0.061088762302302,0.263361030482659,-4.08804935945478,FALSE
"Q7L014","Interaction_Low",0.700849316700495,15.4787742494013,1.87656107283854,0.0611704521799076,0.263361030482659,-4.0787675667526,FALSE
"P39059","Interaction_Low",0.380759346011347,10.3370924022234,1.87511579459124,0.061340714212837,0.263361030482659,-4.09102479951188,FALSE
"P16070","Interaction_Low",0.297922540168372,16.2862815297193,1.86654496761304,0.0625315066063613,0.267024088597836,-4.10491370219533,FALSE
"Q7Z7G0","Interaction_Low",0.294156320548701,13.2619748609732,1.86604800274094,0.0626011367649335,0.267024088597836,-4.10571710459342,FALSE
"P07996","Interaction_Low",0.476842630647454,16.5819902692783,1.86379473024736,0.062917651885765,0.267024088597836,-4.10935714221869,FALSE
"Q92743","Interaction_Low",0.353608526109051,10.3821006219859,1.86364499364937,0.0629387321799641,0.267024088597836,-4.1095988799576,FALSE
"O43505","Interaction_Low",0.401274377181086,6.92739931445802,1.86182489949642,0.0633455615092509,0.267585738029918,-4.0567173934986,FALSE
"Q15113","Interaction_Low",0.336120957733021,11.7487329708412,1.86006614019469,0.0634443172455872,0.267585738029918,-4.115370959572,FALSE
"P55010","Interaction_Low",0.586460685053641,7.92805363114097,1.85632120602984,0.0640906949704374,0.26951922752964,-4.08617452000229,FALSE
"P36955","Interaction_Low",0.430096161232596,12.433505351928,1.85170335238246,0.0646388591024372,0.271029602201447,-4.12881610232381,FALSE
"P09668","Interaction_Low",0.403752994821456,8.82305503641306,1.84792246804773,0.065212851693688,0.272639152561949,-4.12087287328021,FALSE
"Q9H3G5","Interaction_Low",0.344867910534429,8.69120738308076,1.84524679207412,0.0655749068734668,0.273355861792301,-4.1391607896652,FALSE
"Q8NDA2","Interaction_Low",0.499375686521214,6.05963991923394,1.83681965414945,0.066943706293229,0.278252970505769,-4.11394424194465,FALSE
"P01717","Interaction_Low",0.67020235332188,11.3416003913519,1.83367795222079,0.0672769725535041,0.27882999607435,-4.15759317844785,FALSE
"P06396","Interaction_Low",0.396215700377111,15.190367794031,1.82969059080143,0.0678723912704969,0.280487057872889,-4.16392143047224,FALSE
"P47929","Interaction_Low",0.619805432983604,8.1360520669455,1.82765405816443,0.068283880425965,0.280902364171782,-4.12844100868283,FALSE
"Q68DL7","Interaction_Low",0.651369958883306,10.9679462209372,1.82675866538147,0.0683761874752844,0.280902364171782,-4.13937585072775,FALSE
"P13497","Interaction_Low",0.330234277543209,9.69773799030464,1.82511796535992,0.0685605491353723,0.280902364171782,-4.17116183097392,FALSE
"Q92859","Interaction_Low",0.303967948450293,10.3580887885757,1.81167677210625,0.0706167502307221,0.288502620600728,-4.19234153526143,FALSE
"P12955","Interaction_Low",0.57505852078079,6.63270649251086,1.81081625598665,0.0709703442991219,0.288674802064463,-4.11772548973049,FALSE
"P62333","Interaction_Low",0.484485784143513,7.97530198225185,1.8083439323623,0.0712316072665365,0.288674802064463,-4.16513294178296,FALSE
"Q96JM4","Interaction_Low",0.447896092010303,9.04351359520846,1.80824435229802,0.0712628172460389,0.288674802064463,-4.16391601712813,FALSE
"Q96GW7","Interaction_Low",0.33755866669712,7.67663917719924,1.8062673383219,0.0714930805508082,0.288791767633405,-4.19280529244326,FALSE
"P04899","Interaction_Low",0.318596139184965,8.5584318587257,1.80412039291068,0.0717959392384151,0.289200496819908,-4.20418500132833,FALSE
"Q15389","Interaction_Low",0.502424246080745,7.65861191198878,1.80251417623642,0.0721029127012083,0.289623464463677,-4.18265225864077,FALSE
"Q8IVW4","Interaction_Low",-0.387373764868073,10.7039918382996,-1.80096587282787,0.072305232197091,0.289624868633041,-4.20609204959945,FALSE
"P08603","Interaction_Low",0.591757415991379,12.4737109225411,1.79841770882993,0.0726945241654322,0.290298798474655,-4.21308304374198,FALSE
"O43897","Interaction_Low",0.32923536721254,9.74825856850589,1.7956217659539,0.0732158131492013,0.290298798474655,-4.19568633809185,FALSE
"P01817","Interaction_Low",0.693884748324281,8.75514128828976,1.79492053516779,0.0732920256108881,0.290298798474655,-4.20246826866397,FALSE
"Q13247","Interaction_Low",0.398493948937608,7.94234157115541,1.79573008352036,0.0733203109912049,0.290298798474655,-4.1561240951123,FALSE
"P04217","Interaction_Low",0.824339015385071,12.4061879138691,1.793444912068,0.0734866193921788,0.290298798474655,-4.22082338965913,FALSE
"P02747","Interaction_Low",0.609856345830533,12.4027070874143,1.79218691095753,0.0736881189991453,0.290298798474655,-4.22277816664561,FALSE
"P19652","Interaction_Low",0.66595690095393,13.5509536726081,1.78698885451528,0.0745255241392186,0.291784058191424,-4.23084095805979,FALSE
"P01033","Interaction_Low",0.517060693359261,8.18482391876144,1.78663373112967,0.0747308399011941,0.291784058191424,-4.17677402021722,FALSE
"P35625","Interaction_Low",0.481445656621666,8.9238477481363,1.78451988858355,0.0749435469395448,0.291784058191424,-4.22879632916901,FALSE
"P18124","Interaction_Low",0.532408632653858,6.24826602848043,1.78414203727392,0.0751631257560492,0.291784058191424,-4.17883249108329,FALSE
"P55287","Interaction_Low",0.384963413320901,8.20605459663454,1.78290714709465,0.0751931199775499,0.291784058191424,-4.23600265326566,FALSE
"Q96IZ5","Interaction_Low",-0.495335520775081,9.77933083634285,-1.78271077303254,0.0753739771640018,0.291784058191424,-4.17267919324182,FALSE
"P49773","Interaction_Low",0.577067781508203,7.47443152522566,1.78192507947525,0.075515125711668,0.291784058191424,-4.18593539290334,FALSE
"Q6UXI9","Interaction_Low",0.3975592135077,11.0646983569581,1.77976286693059,0.075702566665271,0.291784058191424,-4.24201093922622,FALSE
"Q86U17","Interaction_Low",0.341656159246895,8.15422483046984,1.7783814655259,0.0759315926724771,0.291784058191424,-4.2428941063737,FALSE
"P01008","Interaction_Low",0.389300418199776,11.5571065903026,1.77734443811128,0.07609988686443,0.291784058191424,-4.24573939374011,FALSE
"P24821","Interaction_Low",0.383719724402582,13.2618975828428,1.77306951951644,0.0768063793334189,0.293707594570994,-4.25231773860784,FALSE
"Q92187","Interaction_Low",0.266525492205981,10.9889736113409,1.77117840781487,0.0771206192269916,0.2937710921726,-4.25522284069626,FALSE
"Q9BYJ0","Interaction_Low",0.376676213535324,10.4278262147083,1.77033111919036,0.0772617508808656,0.2937710921726,-4.25652344292009,FALSE
"Q9UGM5","Interaction_Low",0.437716875748531,12.109130419024,1.76927736121816,0.0774375682295976,0.2937710921726,-4.25814012259718,FALSE
"Q86YZ3","Interaction_Low",-0.436334855334268,8.67645995600954,-1.76718358983491,0.0777901746112628,0.294330106576651,-4.2608582965199,FALSE
"Q6ZRP7","Interaction_Low",0.340133369512587,8.45863801831273,1.76154726514131,0.0787373358587344,0.295771822773558,-4.26997063512281,FALSE
"Q13217","Interaction_Low",0.427831119624072,9.75793109598678,1.76153181274084,0.0787410991957299,0.295771822773558,-4.26999800888685,FALSE
"Q8TB73","Interaction_Low",0.347300155268101,8.07615447087365,1.75850996806666,0.0792598446407793,0.295771822773558,-4.2734357663029,FALSE
"P55268","Interaction_Low",0.361648825719831,7.83828639508727,1.75835496136957,0.0792804190283376,0.295771822773558,-4.27325433353235,FALSE
"Q6EMK4","Interaction_Low",0.245707333901924,10.3663343732983,1.75604127804674,0.0796739462330991,0.295771822773558,-4.2783661004352,FALSE
"P27482","Interaction_Low",0.374386681470916,10.6256611203261,1.75585686243236,0.0797066227810373,0.295771822773558,-4.27787429460017,FALSE
"P41222","Interaction_Low",0.258759727164927,9.7018591666354,1.75493314884545,0.0798635411150957,0.295771822773558,-4.28005262855987,FALSE
"P27105","Interaction_Low",-0.514723290370716,9.47965337019592,-1.75473670257216,0.0798983402763981,0.295771822773558,-4.28035518197272,FALSE
"Q9UBV8","Interaction_Low",0.404989148648635,6.73329936962312,1.75357321841184,0.0802303729291034,0.295771822773558,-4.23747136834501,FALSE
"P08571","Interaction_Low",0.295334565088984,12.3595402191225,1.75220829510125,0.080331313015869,0.295771822773558,-4.28419527955942,FALSE
"P01780","Interaction_Low",0.534488540858828,14.6375811353363,1.75139361093645,0.08047160139586,0.295771822773558,-4.28543262726186,FALSE
"P02790","Interaction_Low",0.62555951096704,15.0135403054659,1.75038076166029,0.0806462919835851,0.295771822773558,-4.28697015773098,FALSE
"Q9NPG4","Interaction_Low",0.375902018652305,9.59185789561415,1.74767072551357,0.0811152231271532,0.296732729500861,-4.29107974472913,FALSE
"P14209","Interaction_Low",0.397166266545536,8.64415663734407,1.73384463680594,0.083542285355416,0.304168621794588,-4.31194826950681,FALSE
"Q96EE4","Interaction_Low",0.258443406603275,8.58773230347274,1.7336766561593,0.0835721317901448,0.304168621794588,-4.31220080677447,FALSE
"B0I1T2","Interaction_Low",0.300564918510043,7.3654303808682,1.73233480154013,0.083823847556576,0.304312398471215,-4.31163740497787,FALSE
"Q15758","Interaction_Low",0.39939580834612,7.40097123466772,1.73003775777904,0.0843144354784553,0.30532045574774,-4.28857641061358,FALSE
"P01857","Interaction_Low",0.465549682532522,15.6503950284986,1.72569210153729,0.0850008285871593,0.30703070074052,-4.32417670127208,FALSE
"Q9NZP8","Interaction_Low",0.372302979963901,10.0023614465442,1.7241242458074,0.0852836826930326,0.307278394426655,-4.3265218914823,FALSE
"Q9NQ79","Interaction_Low",0.287778057479917,12.4205866055037,1.72176016196394,0.085711625462762,0.307991456532009,-4.33005409711291,FALSE
"P80303","Interaction_Low",0.436393571132998,6.46652394997508,1.72156353002539,0.0859111454761532,0.307991456532009,-4.27879448677319,FALSE
"P58335","Interaction_Low",0.28286699532539,9.06891161186794,1.71410050067983,0.087110133198662,0.311511049892472,-4.34146562452006,FALSE
"P48506","Interaction_Low",0.532051192306269,7.25473689175764,1.71307677966245,0.0874301715005359,0.311877775949673,-4.29434910318922,FALSE
"Q9NT22","Interaction_Low",0.357898675132972,7.74446129949712,1.70845441077247,0.0881977792074273,0.312843742903798,-4.33450854532935,FALSE
"P67775","Interaction_Low",0.450318205695737,8.35020900472148,1.70782525335323,0.0883622075902835,0.312843742903798,-4.31979617974681,FALSE
"P11766","Interaction_Low",0.742764416196376,8.20099014053407,1.7082405665589,0.0883703143443117,0.312843742903798,-4.29555554274499,FALSE
"Q14520","Interaction_Low",0.297944356139642,17.7652235911754,1.70619084167808,0.0885736120076305,0.312843742903798,-4.35319688636825,FALSE
"Q15435","Interaction_Low",0.455351531671491,6.66332465729433,1.70334074004617,0.0892276021124695,0.313456263398713,-4.31518382208985,FALSE
"Q9Y240","Interaction_Low",0.311412205120762,12.7172879304592,1.70086821871185,0.0895695664341265,0.313456263398713,-4.36106101425293,FALSE
"Q6P4E1","Interaction_Low",0.268569601869091,11.2987990677628,1.70078126359848,0.089585912005946,0.313456263398713,-4.36118928823875,FALSE
"Q53RD9","Interaction_Low",0.358555506851017,8.59774592693435,1.70042825273231,0.0896617620421626,0.313456263398713,-4.35949158682334,FALSE
"P13473","Interaction_Low",0.497439896417997,7.35724220164884,1.70006083403232,0.0898399750745267,0.313456263398713,-4.31299960186211,FALSE
"A0A0A0MRZ8;P04433","Interaction_Low",0.540171772422831,12.063645350786,1.69752086943212,0.0902052318191113,0.313966753467489,-4.36486538343549,FALSE
"Q9Y376","Interaction_Low",0.430000852039342,6.89473151519236,1.69311411328737,0.0911672875341089,0.315880388835064,-4.32488141419849,FALSE
"P16152","Interaction_Low",0.605365382554436,7.11511163421668,1.69295647697408,0.09119559342937,0.315880388835064,-4.32762418974608,FALSE
"P01833","Interaction_Low",0.375851019452606,9.01119587924755,1.6853785574908,0.0925241989285074,0.319403030974116,-4.38214306457831,FALSE
"P05060","Interaction_Low",0.389894348430234,8.87073273487393,1.68466682260956,0.0926580619841229,0.319403030974116,-4.38403482444837,FALSE
"P15907","Interaction_Low",0.362636122122165,9.24805423601795,1.68016553771025,0.0935296966069866,0.321634496245609,-4.39141829816101,FALSE
"Q93008","Interaction_Low",0.482290082143848,6.39835283522996,1.67820569238809,0.0940735042022635,0.322730634033603,-4.34154152202546,FALSE
"Q9H4A9","Interaction_Low",0.428303951329505,6.75008140747201,1.6764280883266,0.0944444540008035,0.323229945196067,-4.32731025725245,FALSE
"P04003","Interaction_Low",0.419186413253376,14.3590996404846,1.67417193155196,0.0947021205304768,0.323340097239771,-4.40013845539913,FALSE
"Q9Y566","Interaction_Low",0.312533251728427,13.2234153508551,1.66971634408576,0.0956794198079926,0.325900921626274,-4.36720683960997,FALSE
"Q53H76","Interaction_Low",0.323137307490047,8.04355834207889,1.66688234087976,0.0962046020246569,0.326908760602569,-4.38407260167694,FALSE
"Q9BXR6","Interaction_Low",0.372449091830045,9.66104560175177,1.66487588688466,0.0965462355858197,0.326908760602569,-4.4136075432332,FALSE
"P43121","Interaction_Low",0.373786257009325,8.31401020765541,1.66171900950167,0.0972212670452849,0.326908760602569,-4.3963489070814,FALSE
"Q9UBQ6","Interaction_Low",0.554091164222569,7.1458009847719,1.66143550516635,0.0974388384994612,0.326908760602569,-4.34079435706075,FALSE
"P80723","Interaction_Low",0.322823802075351,7.06835470138775,1.65953325932561,0.0976347080969657,0.326908760602569,-4.41508759077102,FALSE
"P80511","Interaction_Low",0.547507713521701,7.94284215439257,1.65903762849466,0.0977904584949464,0.326908760602569,-4.39176781630376,FALSE
"P35613","Interaction_Low",0.316668223932268,9.7854404651617,1.65863914606502,0.0977979071515689,0.326908760602569,-4.42259892479974,FALSE
"P32942","Interaction_Low",0.272283972769914,9.77838801341332,1.65801144165027,0.0979222409674532,0.326908760602569,-4.42349710329936,FALSE
"P30086","Interaction_Low",0.446046082339021,7.91745905845327,1.6570831605926,0.0981472716394701,0.326908760602569,-4.40915796108415,FALSE
"Q13822","Interaction_Low",0.472052732712341,7.4267153431575,1.65651183211628,0.0983604996084637,0.326908760602569,-4.36965712291574,FALSE
"O94985","Interaction_Low",0.255398171194255,10.9705470510569,1.65524105583048,0.0984829739053766,0.326908760602569,-4.42747898946888,FALSE
"Q9Y543","Interaction_Low",0.411230283132992,10.5836936364859,1.65195251421501,0.0991713380378594,0.328294990771698,-4.42204169068751,FALSE
"P22105","Interaction_Low",0.308992257487077,13.1904145222922,1.65094075517363,0.0993584560634008,0.328294990771698,-4.43364679473824,FALSE
"P78324;Q5TFQ8","Interaction_Low",0.768490794532926,10.7139515858816,1.64962773749689,0.0997254396024925,0.328420146242782,-4.39476832495456,FALSE
"P07858","Interaction_Low",0.368698811305003,8.05039577322391,1.64871397726302,0.0998543819817662,0.328420146242782,-4.42347912118157,FALSE
"Q96P70","Interaction_Low",0.533896007840664,6.99636663059017,1.64775619822632,0.100228044885523,0.328894774292539,-4.34767086442923,FALSE
"P31949","Interaction_Low",0.352830559996465,7.98522564290419,1.64538923778217,0.100516054500508,0.329086808570158,-4.43566587525359,FALSE
"Q8WUT4","Interaction_Low",0.388963099896005,9.43637876328759,1.6414270729338,0.101323389617151,0.330974352416846,-4.44576783893882,FALSE
"Q8IUX7","Interaction_Low",0.263357990439022,10.8583446705053,1.63678284237891,0.102284890381543,0.332766040440006,-4.45384107282053,FALSE
"Q9NRA1","Interaction_Low",0.307835536440573,9.46322529784544,1.63653846827347,0.10233599988427,0.332766040440006,-4.45418812916361,FALSE
"Q01973","Interaction_Low",0.611738492573812,9.27094987607461,1.63172787883257,0.103488916171715,0.333325455548328,-4.39989958353716,FALSE
"Q14203","Interaction_Low",0.427977939314195,9.90182600939197,1.62980465570499,0.103766869363936,0.333325455548328,-4.45410619472829,FALSE
"P62805","Interaction_Low",0.42609682446548,12.673943238704,1.62727658339639,0.104288140741408,0.333325455548328,-4.46730395796554,FALSE
"Q9UBE0","Interaction_Low",0.434441333079929,9.46894582074166,1.62730060451721,0.104311448239858,0.333325455548328,-4.45587984247366,FALSE
"A0A0B4J1V0","Interaction_Low",0.519875153439274,10.0108307030314,1.62704034716224,0.104357804654088,0.333325455548328,-4.4601775631229,FALSE
"Q07507","Interaction_Low",0.301627830676592,13.3688479173569,1.62669988875889,0.104410665881664,0.333325455548328,-4.4681181864782,FALSE
"P78509","Interaction_Low",0.398197870942832,11.7936462855301,1.6261267317897,0.104532552983592,0.333325455548328,-4.46892713753173,FALSE
"P35268","Interaction_Low",0.42750026877845,8.02288120795457,1.62514538312217,0.104882479395847,0.333325455548328,-4.41715138636517,FALSE
"P13797","Interaction_Low",0.458863439795123,6.30121188898574,1.62548815750062,0.104915642648172,0.333325455548328,-4.38514096302786,FALSE
"Q9UBX5","Interaction_Low",0.419386336147843,9.52759456112737,1.62419552097504,0.104944077099977,0.333325455548328,-4.47165076498861,FALSE
"Q9NSC7","Interaction_Low",0.46044062174426,7.4451060299164,1.6241762766362,0.105064927411328,0.333325455548328,-4.43873192807429,FALSE
"P13611","Interaction_Low",0.277494153740367,13.0080616075689,1.61639726441614,0.106618952092492,0.335779138749925,-4.48261626602035,FALSE
"P0DOX3","Interaction_Low",0.579229565753211,9.37166241430611,1.61660613476773,0.106645066347654,0.335779138749925,-4.44467347625864,FALSE
"P0DOX7","Interaction_Low",0.342755343850881,13.6163596429041,1.61561863769158,0.106787342266152,0.335779138749925,-4.48370826547402,FALSE
"Q14515","Interaction_Low",0.282753747402531,14.4478341156698,1.61457969522925,0.107012358887219,0.335779138749925,-4.48516453944031,FALSE
"Q6YHK3","Interaction_Low",0.280007453818975,9.54395502397012,1.61452985514852,0.107023162833427,0.335779138749925,-4.4852343764408,FALSE
"P49747","Interaction_Low",0.284893695200617,15.0549524769849,1.6129345113868,0.107369447206287,0.335779138749925,-4.48746868065531,FALSE
"P25311","Interaction_Low",0.410059700463798,9.7618582244991,1.61243789895079,0.107477423072675,0.335779138749925,-4.48816374853071,FALSE
"P0DOY2;P0DOY3","Interaction_Low",0.552376358231939,16.7476025744195,1.6109596102775,0.107841023816905,0.335874690171659,-4.47679928076779,FALSE
"P15144","Interaction_Low",0.461499131674999,7.58604257616504,1.60918859197162,0.108209355453621,0.335874690171659,-4.48208718546733,FALSE
"Q11201","Interaction_Low",0.437745564438658,8.11844883503902,1.60965747166946,0.108210674239405,0.335874690171659,-4.44688023233989,FALSE
"P01023","Interaction_Low",0.512156255134132,14.0829017662383,1.60610459836046,0.108862016444023,0.337037514163315,-4.49700939329175,FALSE
"Q641Q3","Interaction_Low",0.370133281671757,8.20933482721477,1.60541475872176,0.109055374178367,0.337037514163315,-4.47622143582125,FALSE
"O43157","Interaction_Low",0.252598097130219,12.5580045037599,1.60393354504006,0.109339898232162,0.337190137774021,-4.50003375513373,FALSE
"Q9HC84","Interaction_Low",0.498593443599901,8.75911052980223,1.60131978581903,0.109930728934918,0.338284689469255,-4.49971709215346,FALSE
"P02144","Interaction_Low",0.531624548886683,7.74751368795713,1.59757022318134,0.110917452408072,0.340590207180247,-4.4306808730525,FALSE
"P01137","Interaction_Low",0.474365341257368,8.46171516346688,1.59328254116809,0.111779873304034,0.342504996405952,-4.48369735424279,FALSE
"P02753","Interaction_Low",0.444892524836627,12.7428919981947,1.58959155727649,0.112538705640874,0.343662952429497,-4.51991106828972,FALSE
"P27797","Interaction_Low",0.232677265406121,11.9731163602869,1.58858811704729,0.112765251839163,0.343662952429497,-4.52129517985502,FALSE
"O75309","Interaction_Low",0.367981667968416,7.29110766952984,1.58818692865874,0.112876743789605,0.343662952429497,-4.51230028874109,FALSE
"P15311","Interaction_Low",0.278910590652476,8.1655479546288,1.58152039876777,0.11437472890292,0.345433685350366,-4.53045858944154,FALSE
"Q14393","Interaction_Low",0.407073690391931,9.14485263270739,1.58123433047312,0.114438910509006,0.345433685350366,-4.53141570232685,FALSE
"P07359","Interaction_Low",0.241078887959318,17.2216117069061,1.58079454602507,0.114537097482456,0.345433685350366,-4.53201593792834,FALSE
"Q14242","Interaction_Low",0.252766837775466,12.0745274897736,1.58060791093819,0.114579796284802,0.345433685350366,-4.53227203189639,FALSE
"Q9BV94","Interaction_Low",0.308464934513109,9.52629169095206,1.57872350150963,0.115022470681845,0.345433685350366,-4.53285807760611,FALSE
"P49908","Interaction_Low",0.311517128119876,14.5925479974934,1.57864554005805,0.115029512816258,0.345433685350366,-4.53496291627092,FALSE
"P61006","Interaction_Low",-0.358701579383748,7.8498519733006,-1.57827430628019,0.115144561783455,0.345433685350366,-4.52545198246079,FALSE
"P28289","Interaction_Low",0.629736153880493,7.65445496867532,1.57257923060128,0.116642904586716,0.349198173647912,-4.46799410519088,FALSE
"P08195","Interaction_Low",0.278661289772526,7.34264566609518,1.56930086197259,0.117196147316389,0.350123490107713,-4.54599950037297,FALSE
"P29279","Interaction_Low",0.439439720274441,8.35887555666215,1.56818302869557,0.117586914257547,0.350560571819798,-4.50414470810813,FALSE
"P35555","Interaction_Low",0.531651115865056,8.03190824669307,1.56585759830436,0.11802154746616,0.35112634661094,-4.54286554179771,FALSE
"Q14574","Interaction_Low",0.418887282648509,11.9750992507169,1.56013316943579,0.119340821550145,0.352429044934419,-4.56018509488633,FALSE
"P04278","Interaction_Low",0.324640625073329,10.6527842920064,1.56011732381338,0.119344565459503,0.352429044934419,-4.56020655767279,FALSE
"Q6V0I7","Interaction_Low",0.337264598351444,9.78190102316283,1.55975291959309,0.119430690190926,0.352429044934419,-4.56070008116723,FALSE
"P08833","Interaction_Low",0.401938225948422,10.056158224592,1.55896316458509,0.119623495347029,0.352429044934419,-4.55752557224062,FALSE
"O60814;P57053;P58876;P62807;Q5QNW6;Q93079;Q99877;Q99879","Interaction_Low",0.405935213937447,12.3550016592123,1.55866439988802,0.119688246083028,0.352429044934419,-4.56217361656368,FALSE
"Q8NCH0","Interaction_Low",0.341820127017311,7.27292738089691,1.55750375719831,0.120078862818989,0.352854691152522,-4.52417028132805,FALSE
"P17936","Interaction_Low",0.492598761317849,11.3536831685522,1.55486732034747,0.120590094492833,0.353632301641559,-4.56730577698938,FALSE
"Q14204","Interaction_Low",0.680686371736877,7.16584093064545,1.55374442788264,0.120965051760137,0.353906169898139,-4.53040872848119,FALSE
"P68431","Interaction_Low",0.40081955091866,10.8600713555101,1.55216372096737,0.121235474112332,0.353906169898139,-4.57095243234783,FALSE
"O95445","Interaction_Low",0.206576857295746,13.7308689348061,1.55137661239579,0.121423874190993,0.353906169898139,-4.57201291593087,FALSE
"Q9Y6Z7","Interaction_Low",0.350180785523271,14.4793507807971,1.54719699809587,0.122428144925509,0.356109451973995,-4.57763525732276,FALSE
"Q6PCB0","Interaction_Low",0.333100781789446,6.80868966858959,1.54433007893306,0.123221500140382,0.357691561136252,-4.54375948085475,FALSE
"P54105","Interaction_Low",-0.411810717732429,8.88345626008469,-1.54176188986376,0.123768460183442,0.358553478592032,-4.57883266299669,FALSE
"P08493","Interaction_Low",0.26956670621199,14.5087894097268,1.53653090500363,0.125020482209937,0.361044281285147,-4.59191506218288,FALSE
"P07585","Interaction_Low",0.218760328816515,12.3218478838271,1.53554408452801,0.125262476638885,0.361044281285147,-4.59323128008577,FALSE
"P25774","Interaction_Low",0.351838595931265,7.74668522773546,1.53388586083871,0.125770653952583,0.361044281285147,-4.5477912549026,FALSE
"P06703","Interaction_Low",0.36333927364543,9.97961459786878,1.53266255334568,0.125974774882544,0.361044281285147,-4.59617510352004,FALSE
"Q08495","Interaction_Low",0.525329945740889,8.89784463417336,1.53180881718663,0.126218177275819,0.361044281285147,-4.58867088844976,FALSE
"Q9UKZ9","Interaction_Low",0.308207479026041,8.67758135914371,1.53122387089563,0.126333411161884,0.361044281285147,-4.59409512694474,FALSE
"Q96J42","Interaction_Low",0.227013247638308,9.97326320443207,1.53096300876913,0.126390675875274,0.361044281285147,-4.59933054291257,FALSE
"Q8WWA0","Interaction_Low",0.309923213606654,11.3286383558247,1.52798152456245,0.127129190010302,0.362431925397164,-4.60329041324842,FALSE
"P25786","Interaction_Low",0.361395556211761,8.67566390785367,1.52672837293492,0.127452676799789,0.362633211370828,-4.59819442155481,FALSE
"P05164","Interaction_Low",-0.462916999866547,6.49315639944791,-1.52548631036303,0.127880646884322,0.363130391350727,-4.55174481135778,FALSE
"P05362","Interaction_Low",0.238406536341659,9.51469582533687,1.52336116501053,0.128280301746717,0.363414242861899,-4.60941186712841,FALSE
"P05019","Interaction_Low",0.236801836762529,9.16828486185053,1.52189640708081,0.128661468379126,0.363414242861899,-4.60636797616237,FALSE
"Q7Z7M9","Interaction_Low",0.268372906463195,7.51042260469756,1.52168262589446,0.12874088938204,0.363414242861899,-4.592065790484,FALSE
"P07900","Interaction_Low",0.295946183638547,10.2591200670229,1.51838211387832,0.129529857184506,0.363636598570623,-4.61598800315671,FALSE
"Q13444","Interaction_Low",0.40070377686987,7.67045513309621,1.5178816065862,0.129725900371176,0.363636598570623,-4.58785317674903,FALSE
"Q9NP78","Interaction_Low",-0.351947924460518,10.6115179720627,-1.51727330711702,0.129856589511454,0.363636598570623,-4.59759622652122,FALSE
"P52209","Interaction_Low",0.445523204535137,8.29404794871757,1.51585461343458,0.130183566599683,0.363636598570623,-4.61031373068943,FALSE
"P50502","Interaction_Low",0.292410223687421,9.6494178406413,1.51354356739295,0.13075558897913,0.363636598570623,-4.6223603257943,FALSE
"Q9NPY3","Interaction_Low",0.358086600148368,9.7097494404495,1.51237589477468,0.131050969512136,0.363636598570623,-4.62389349853296,FALSE
"P53004","Interaction_Low",0.426079186836851,7.09591964115241,1.51214779894078,0.131191148252555,0.363636598570623,-4.59634854092398,FALSE
"P08237","Interaction_Low",0.45961737531545,7.00716861558973,1.51211035908762,0.131294299655583,0.363636598570623,-4.55726849644998,FALSE
"Q9NQ38","Interaction_Low",0.35448855679032,8.86406303968596,1.5114027184949,0.13130212530893,0.363636598570623,-4.62517454641775,FALSE
"P02775","Interaction_Low",0.49022441281519,15.281641962055,1.51063971094233,0.131491714908252,0.363636598570623,-4.62617152640566,FALSE
"P12259","Interaction_Low",0.202945569559805,18.0051179461592,1.51017946066278,0.13160906182577,0.363636598570623,-4.62677526705673,FALSE
"Q6UW49","Interaction_Low",0.398089649023286,7.90624448558513,1.50299502866113,0.133479863765952,0.368045201859179,-4.62592901516541,FALSE
"P50895","Interaction_Low",0.317888771549407,8.56125338970368,1.50196310078221,0.133718842222205,0.368045201859179,-4.63682656924888,FALSE
"Q9NRB3","Interaction_Low",0.305279591682556,9.56108809663708,1.5003445262263,0.134136112230723,0.368045201859179,-4.63963286502269,FALSE
"Q8IZF2","Interaction_Low",0.239068617637395,10.4755511402166,1.49997700619913,0.134231269576256,0.368045201859179,-4.64011172617478,FALSE
"P40197","Interaction_Low",0.389923092871017,8.7162800292999,1.49606829084821,0.135246546144691,0.369597814949576,-4.64519740902675,FALSE
"P46783","Interaction_Low",0.47156216614304,7.1455769501443,1.49650702202868,0.135313007565221,0.369597814949576,-4.57200702766938,FALSE
"P02787","Interaction_Low",0.577883771248109,13.0689381564924,1.49479738800961,0.135577937950575,0.369617420192253,-4.64684816715804,FALSE
"Q7Z304","Interaction_Low",0.304513762816163,7.25033801421109,1.49159404347322,0.136482847795269,0.370840757163763,-4.63248551662375,FALSE
"P51884","Interaction_Low",0.239718270868753,16.8642744203719,1.49099722568467,0.136572594774926,0.370840757163763,-4.65177585768318,FALSE
"P10645","Interaction_Low",0.328412497560826,10.5482874704391,1.4901219700856,0.13680248294256,0.370840757163763,-4.65290904624524,FALSE
"Q6UVK1","Interaction_Low",0.255886168132623,10.2513471448004,1.48896585583235,0.137106598203587,0.370963890233856,-4.65440485085498,FALSE
"P30101","Interaction_Low",0.302908516735419,10.8976814926054,1.48538280345081,0.138052440968884,0.372487192960101,-4.65903337468851,FALSE
"P35052","Interaction_Low",0.223739426550799,7.97811099423777,1.48468511505001,0.138237199802751,0.372487192960101,-4.65993335160845,FALSE
"P13671","Interaction_Low",0.372290803899086,12.8819134303032,1.48388670390209,0.138448866002604,0.372487192960101,-4.66096274112488,FALSE
"P07307","Interaction_Low",0.388778211757455,7.51681961779253,1.48071243168067,0.139364011190569,0.374247176118495,-4.62907602607013,FALSE
"P01602","Interaction_Low",0.478411450971563,8.47720281618991,1.47829945958096,0.140079735213724,0.375466056628934,-4.601654420657,FALSE
"Q9HDC9","Interaction_Low",0.314350946001216,13.598423170542,1.47445212012167,0.140969062922397,0.377144843714025,-4.6730851955965,FALSE
"Q10589","Interaction_Low",0.428424191475848,7.42872267096345,1.47248531245769,0.141595867064716,0.378116337748235,-4.63235683999608,FALSE
"A0A0C4DH67","Interaction_Low",0.416733109703876,8.28984084694474,1.47004019406232,0.142230699111941,0.378763275404855,-4.63386860499312,FALSE
"Q8IZP9","Interaction_Low",0.293818937048496,8.7888843028214,1.46928138598803,0.142366391522466,0.378763275404855,-4.67969732223291,FALSE
"P04156","Interaction_Low",0.389869035371092,6.53524036560622,1.46859750480598,0.142679016387099,0.378892054627962,-4.6324439039254,FALSE
"P49189","Interaction_Low",0.343601916335204,6.90590580374477,1.46686284590304,0.143203926419143,0.37920150962956,-4.60492360243123,FALSE
"Q5TDH0","Interaction_Low",0.467505012261147,7.72150725202322,1.46633489635733,0.143324419957616,0.37920150962956,-4.6280353885138,FALSE
"P23471","Interaction_Low",0.238619902573975,11.5453431595551,1.46437596334158,0.143699542107453,0.379493818383219,-4.68594742332526,FALSE
"O75558","Interaction_Low",-0.533631985457925,6.54892422958396,-1.46364989048458,0.144075857697075,0.379788198414715,-4.61820301928114,FALSE
"Q92563","Interaction_Low",0.281685261843393,8.24064865592277,1.46088099269212,0.144697537416442,0.380727098449867,-4.67169413733774,FALSE
"Q6IAA8","Interaction_Low",0.340607507449454,7.16999721651782,1.46001310602536,0.144983352489234,0.38077091151706,-4.66592289989419,FALSE
"P00738","Interaction_Low",0.635058343912229,14.4818798965806,1.45769406940095,0.145532541955817,0.38077091151706,-4.69442868622911,FALSE
"Q13609","Interaction_Low",0.368634310606113,7.5187821663947,1.45742029708265,0.145628693351405,0.38077091151706,-4.68406675372345,FALSE
"P50238","Interaction_Low",0.304991470387369,11.6856486064895,1.45687613280428,0.145776311313017,0.38077091151706,-4.6872542965246,FALSE
"Q6AHZ1","Interaction_Low",0.685420891373147,11.8692430998674,1.45445367778674,0.146461376801658,0.381864753333779,-4.68041977226502,FALSE
"P0C0L4","Interaction_Low",0.385692161053978,13.6922299484283,1.45099379717259,0.147388559182728,0.383584743862126,-4.70289468771254,FALSE
"P02745","Interaction_Low",0.533267292313933,11.1660501725861,1.44615909580884,0.148739034366694,0.385723818826328,-4.7089794788831,FALSE
"Q9UHF0","Interaction_Low",0.39126464968773,7.85842642136385,1.4466626237633,0.148748913366228,0.385723818826328,-4.64518488642078,FALSE
"Q9BUD6","Interaction_Low",0.340500053400524,8.30220130383214,1.44528570631631,0.149017430704174,0.385723818826328,-4.69426780861486,FALSE
"P05997","Interaction_Low",0.389418533481603,7.77790539863726,1.44103914777695,0.150282350964894,0.388297101411995,-4.6641952434943,FALSE
"A0A0C4DH25","Interaction_Low",0.498769988987986,10.4729718583652,1.43490483431382,0.151959308278402,0.391923827466237,-4.70608624637736,FALSE
"P55103","Interaction_Low",0.255573334303001,10.8149609178478,1.43288378874716,0.152495949493288,0.392601780203546,-4.72558383399773,FALSE
"P54577","Interaction_Low",0.492524617084921,8.01287685759732,1.42818191290575,0.15393228589248,0.395199355243578,-4.68866351144878,FALSE
"Q9UN70","Interaction_Low",0.347004559729678,7.46155293047386,1.4267206411222,0.154280139764639,0.395199355243578,-4.72408463995935,FALSE
"Q9HCL0","Interaction_Low",0.3021916349149,9.72909957725949,1.42648775321652,0.15433168684547,0.395199355243578,-4.73352963129275,FALSE
"P21980","Interaction_Low",0.490696844553558,8.04439592981182,1.42287965365398,0.155443633422792,0.39690319243302,-4.7074551592528,FALSE
"P35251","Interaction_Low",0.658527693175312,9.23929673339768,1.42290920499393,0.155550623533722,0.39690319243302,-4.65520775254217,FALSE
"P0DOX5","Interaction_Low",0.476822160517145,9.33137425288081,1.41965176151211,0.156490733755627,0.398592739263888,-4.66916823660622,FALSE
"Q15691","Interaction_Low",-0.536594782480325,7.53935632871841,-1.41746571184989,0.157075106744277,0.398731953122721,-4.68933226218116,FALSE
"Q08830","Interaction_Low",0.279003786168735,10.5343884455737,1.41538042526105,0.157559566464906,0.398731953122721,-4.74724454634314,FALSE
"P55786","Interaction_Low",0.355969944519583,6.74050016139399,1.41540960691503,0.157616995216475,0.398731953122721,-4.72195166790302,FALSE
"P04275","Interaction_Low",0.321237619277898,16.8930241035935,1.41469413015113,0.157760679715441,0.398731953122721,-4.74808847206528,FALSE
"O60462","Interaction_Low",0.235886311953058,12.4714194419794,1.41409752310831,0.15793566901932,0.398731953122721,-4.74882178019058,FALSE
"P23526","Interaction_Low",0.410141516266415,8.03183262475543,1.41198753306704,0.158603512715581,0.399714300938739,-4.73568197607287,FALSE
"P07355","Interaction_Low",0.265605307581755,9.09851511318522,1.41072351459476,0.158928066844508,0.399829557640394,-4.75296310770437,FALSE
"Q9BRK5","Interaction_Low",0.291667832878904,9.51665916467102,1.40964954172312,0.159244945710982,0.399925135113045,-4.75427926644608,FALSE
"P22304","Interaction_Low",0.28423132925551,8.61410204696353,1.40379279951226,0.160981435935912,0.403154790409468,-4.76143924558193,FALSE
"Q9BWP8","Interaction_Low",0.310067022919226,13.8883739953902,1.40341738293593,0.161093232151064,0.403154790409468,-4.76189719160844,FALSE
"Q9GZM7","Interaction_Low",0.25316419193933,8.14315932998817,1.4008733066336,0.161885486826188,0.403305777368638,-4.75282274363101,FALSE
"P02679","Interaction_Low",0.270619722260456,16.7947678506265,1.40045145454081,0.161978531956743,0.403305777368638,-4.76551086340926,FALSE
"P04196","Interaction_Low",0.230963957690062,16.6690913818707,1.40038871192579,0.161997299696189,0.403305777368638,-4.76558722681842,FALSE
"P05155","Interaction_Low",0.269999917554889,14.0209567069648,1.39722504506558,0.162945759724691,0.404963985173668,-4.76943329639001,FALSE
"P62834","Interaction_Low",0.331464210328843,8.96294191432856,1.39647483990294,0.163242710430132,0.405000080894133,-4.73277500615449,FALSE
"A0A1B0GTC6","Interaction_Low",0.376060512180276,11.1880567286394,1.39409868375929,0.163887155779325,0.405896686334286,-4.77322554082896,FALSE
"P19823","Interaction_Low",0.276012596039774,20.3494201718466,1.39205450875803,0.164504907387554,0.406724202058195,-4.77570055012253,FALSE
"Q99715","Interaction_Low",0.230962759434947,10.7379249597153,1.3885105155456,0.165580070917344,0.408490410078841,-4.77998294844794,FALSE
"P23229","Interaction_Low",0.280830422220259,9.94467402587353,1.38782386957602,0.165788994885555,0.408490410078841,-4.78081140804395,FALSE
"P13667","Interaction_Low",0.322471014057023,7.92200205303779,1.38363425831322,0.167073906042511,0.410767414742542,-4.78386438088642,FALSE
"Q9BS26","Interaction_Low",0.363189942059421,9.66366149782884,1.38103069911706,0.16787132142413,0.410767414742542,-4.78698978553452,FALSE
"Q3B726","Interaction_Low",0.714657462713031,13.7559772498162,1.38109762289256,0.167927503621846,0.410767414742542,-4.75024289679553,FALSE
"P12111","Interaction_Low",0.201643594427669,9.63917569220986,1.38021640317275,0.168117023782296,0.410767414742542,-4.78996285979281,FALSE
"Q76I76","Interaction_Low",0.28787503526075,9.18738133900111,1.3804640556245,0.168145378280246,0.410767414742542,-4.74907016701132,FALSE
"Q9Y5Y7","Interaction_Low",0.277851640229796,11.5213894157876,1.37808930101354,0.168772340294872,0.411597850310964,-4.79251274733532,FALSE
"O15143","Interaction_Low",0.838469121871791,8.91068287210991,1.37023491604396,0.171289909348795,0.414114610197813,-4.76374398789798,FALSE
"Q14554","Interaction_Low",0.469736167683781,7.84042129352215,1.36965364090146,0.171456702927143,0.414114610197813,-4.76657801544849,FALSE
"P61769","Interaction_Low",0.272008524379526,10.7897548478479,1.36923227050297,0.171521686292468,0.414114610197813,-4.80308827881305,FALSE
"P18827","Interaction_Low",0.274363655974701,12.3310194637787,1.36806662158817,0.171888320212586,0.414114610197813,-4.80447539810942,FALSE
"P22466","Interaction_Low",0.406446792762317,8.46941183115627,1.36820661392397,0.171941624365043,0.414114610197813,-4.75244380170226,FALSE
"Q99983","Interaction_Low",0.269194071258131,14.0210376603404,1.36717999911476,0.172163511811904,0.414114610197813,-4.80552909486238,FALSE
"P35443","Interaction_Low",0.259804093549308,15.3802682371216,1.36693085758582,0.172241550609619,0.414114610197813,-4.80582515773858,FALSE
"P27169","Interaction_Low",0.213782503869759,16.6344859599093,1.36666651960109,0.172324378419386,0.414114610197813,-4.80613922053766,FALSE
"P31431","Interaction_Low",0.351990837190641,8.97947961589843,1.36641453629544,0.172403362822939,0.414114610197813,-4.80643854852231,FALSE
"O75144","Interaction_Low",0.303639758105519,8.10358333554145,1.36131401192662,0.174033107585665,0.417245615705609,-4.79970394489936,FALSE
"Q8TC71","Interaction_Low",0.37700565955555,12.7714126731029,1.35966404518124,0.174646192940758,0.417245615705609,-4.76249315600327,FALSE
"O75531","Interaction_Low",0.376751183163698,7.23702989142694,1.35931696450208,0.174735275386724,0.417245615705609,-4.76977348821433,FALSE
"O75081","Interaction_Low",0.417569232986759,13.2039206979968,1.35862686003126,0.174870721784568,0.417245615705609,-4.80530097352577,FALSE
"P20851","Interaction_Low",0.371743516999889,9.7546999972539,1.35562077650553,0.17581684824581,0.418806246485866,-4.81845927174141,FALSE
"P10124","Interaction_Low",0.320698608330279,13.0435180040798,1.35265244907928,0.176758459622607,0.418940263782469,-4.82270321938823,FALSE
"O75897","Interaction_Low",0.704901723387859,11.1202022555596,1.3527609026739,0.176851980064031,0.418940263782469,-4.75905446270183,FALSE
"P02748","Interaction_Low",0.222154952128784,15.2630173335489,1.35174981199301,0.177046952053127,0.418940263782469,-4.82376429024221,FALSE
"Q9H1Z8","Interaction_Low",0.257125990137671,7.34562600262294,1.35107369211753,0.177333715354789,0.418940263782469,-4.7912896721719,FALSE
"Q15293","Interaction_Low",0.26544830351914,10.5406115393328,1.35085325461185,0.177333849453249,0.418940263782469,-4.82481751868327,FALSE
"P56199","Interaction_Low",0.406846764266303,7.7734164138293,1.34762674225134,0.178395468232698,0.420447216711642,-4.81586534397818,FALSE
"P04180","Interaction_Low",0.22350735636171,11.8711718459701,1.34703950115949,0.178558127599296,0.420447216711642,-4.82928996907081,FALSE
"P20774","Interaction_Low",0.297742335948474,8.57232892003858,1.34519610872117,0.179160247238894,0.421173433673073,-4.8281317494252,FALSE
"P12830","Interaction_Low",0.274706493332541,10.6249873131711,1.34391758153785,0.179565001129105,0.421434061569782,-4.83294175714318,FALSE
"Q6UY14","Interaction_Low",0.386674578968501,9.02827132250117,1.34280014095226,0.179938057683493,0.421556652340746,-4.82735265533681,FALSE
"P14770","Interaction_Low",-0.31879246277076,8.45709886456755,-1.34169345029927,0.180309867068946,0.421556652340746,-4.82622521656481,FALSE
"P98095","Interaction_Low",0.25850415640285,8.73646571131464,1.34103631607732,0.180499152396944,0.421556652340746,-4.83630462822463,FALSE
"O60664","Interaction_Low",0.295651842650552,7.24963252769914,1.33763662301067,0.181617525721469,0.423365983482379,-4.83091862012272,FALSE
"P28906","Interaction_Low",0.261601094122295,10.8771231873645,1.3361750508142,0.182083793811839,0.423365983482379,-4.84032901868971,FALSE
"P02654","Interaction_Low",0.215324814316826,17.1817592442441,1.33363744507881,0.182910441647246,0.423365983482379,-4.84490727107367,FALSE
"Q0VD83","Interaction_Low",0.242629116897218,10.4164400313693,1.33355912446893,0.182936105976615,0.423365983482379,-4.84499808203579,FALSE
"Q9Y5C1","Interaction_Low",0.22764282676626,9.13955679989305,1.33336068342382,0.183001143708575,0.423365983482379,-4.84522814621492,FALSE
"P13987","Interaction_Low",0.250053458124892,10.2741209241963,1.33325786025549,0.183045264825018,0.423365983482379,-4.83983388133309,FALSE
"O60279","Interaction_Low",0.200583388898405,12.8655236198375,1.33003735031313,0.184092899407711,0.425103410226503,-4.84907602983912,FALSE
"Q16627","Interaction_Low",0.363609954490981,10.7778767446211,1.32476455157863,0.18583956020369,0.427060426999294,-4.85351992269137,FALSE
"O95236","Interaction_Low",0.498958041758513,9.04459205449546,1.3244740427279,0.18602919757096,0.427060426999294,-4.80707562547021,FALSE
"P05543","Interaction_Low",0.268600576804822,9.61578474060375,1.32409360886457,0.186057539571247,0.427060426999294,-4.85593416258818,FALSE
"Q9Y5X9","Interaction_Low",0.220719870881496,8.29807601065005,1.32389457169341,0.186131636593137,0.427060426999294,-4.85073144078046,FALSE
"P23280","Interaction_Low",0.299347482381333,7.38062884006955,1.32322848200562,0.186503067510246,0.427193915181572,-4.77227359337286,FALSE
"P02656","Interaction_Low",0.320162642190732,15.5166529124963,1.3219027120897,0.186785624001984,0.427193915181572,-4.85845442050564,FALSE
"P25787","Interaction_Low",0.347588791926003,7.30782554511457,1.32117972995584,0.187107546153583,0.427248759847513,-4.82028964184849,FALSE
"P68104;Q5VTE0","Interaction_Low",0.324472961097348,9.95519905502337,1.31970629552319,0.187517659411289,0.427504489023511,-4.86097687053109,FALSE
"Q9HCN6","Interaction_Low",0.25228778602837,9.22838133052995,1.31787974178425,0.188133746885295,0.428228242910338,-4.86142461276582,FALSE
"P09603","Interaction_Low",0.208415708662461,11.5767337196292,1.31353761646662,0.189584952089995,0.430847577332888,-4.8680389567818,FALSE
"Q5SYB0","Interaction_Low",0.357484578704165,11.0917581825276,1.31106100354551,0.190432321831709,0.432088527700429,-4.86398764566272,FALSE
"P0C0L5","Interaction_Low",0.325174080586779,12.6998549130921,1.30657035147925,0.191940073035677,0.433410399858319,-4.87597579616037,FALSE
"Q15848","Interaction_Low",0.381385900366589,7.7711434570152,1.30613190201146,0.192195455759797,0.433410399858319,-4.81604282772145,FALSE
"P29622","Interaction_Low",0.208891480297742,13.2159780939648,1.30441778969974,0.19267204126867,0.433410399858319,-4.87841943992843,FALSE
"Q9BXX0","Interaction_Low",0.212947585403501,9.85025822369753,1.30321693446779,0.19308127928056,0.433410399858319,-4.87978094392983,FALSE
"P49746","Interaction_Low",0.233982864116546,12.0163436387452,1.30236553296849,0.193371815136142,0.433410399858319,-4.88074549066843,FALSE
"Q9BWS9","Interaction_Low",0.3137818207554,7.10301008932266,1.30250506613796,0.193416607399517,0.433410399858319,-4.83440800732795,FALSE
"P36980","Interaction_Low",0.317168133104298,12.9073889442323,1.30148093504852,0.193674020054345,0.433410399858319,-4.88174698263363,FALSE
"P17301","Interaction_Low",0.244611536487033,8.34975047225922,1.30124022611638,0.19375631353865,0.433410399858319,-4.88201938283105,FALSE
"Q86X29","Interaction_Low",0.318684195321184,9.55767542120689,1.29991202678799,0.194213113059512,0.433410399858319,-4.88352129196543,FALSE
"P23284","Interaction_Low",0.274348413415643,10.4278361273034,1.29893108097487,0.194547071882085,0.433410399858319,-4.884630004262,FALSE
"P35813","Interaction_Low",0.396475276729493,6.79024765137021,1.29913357697352,0.19460647143521,0.433410399858319,-4.81989719508647,FALSE
"Q8IWE2","Interaction_Low",-0.29648236928185,6.35918696206355,-1.29900647345918,0.194641769531909,0.433410399858319,-4.80540296847195,FALSE
"Q08380","Interaction_Low",0.215992271085366,16.369462900768,1.29777128840981,0.194945133391221,0.43341290121397,-4.88593948003039,FALSE
"P78539","Interaction_Low",0.208159103064954,9.36449724584815,1.29190741841346,0.196968012984879,0.437232400341046,-4.89153039739409,FALSE
"P08865","Interaction_Low",0.337793227540702,7.70062708897718,1.28958240927852,0.197807069091571,0.438416286054579,-4.87807621419755,FALSE
"Q92752","Interaction_Low",0.253857389024379,7.13519394326189,1.28428313774598,0.199647840612935,0.440520303546024,-4.88905024718914,FALSE
"P02671","Interaction_Low",0.327919265639428,16.1605282045091,1.28307717010642,0.200040392645344,0.440520303546024,-4.90242946945685,FALSE
"P00915","Interaction_Low",0.516580850311582,11.9714019846895,1.28245440927717,0.200258472355636,0.440520303546024,-4.9031242244772,FALSE
"P54578","Interaction_Low",0.381611398037058,8.16321289748288,1.28245474042836,0.200285145241884,0.440520303546024,-4.89342174709653,FALSE
"P05160","Interaction_Low",0.380400714792192,10.9060281251502,1.28236087739992,0.200292355587174,0.440520303546024,-4.90245370223037,FALSE
"P02763","Interaction_Low",0.607094665693744,12.0592377645924,1.27854862536472,0.201630178564124,0.442783577428719,-4.9074738997447,FALSE
"Q99832","Interaction_Low",0.361027180604909,7.15199353877659,1.27274557802668,0.203717402464956,0.446683111826831,-4.89715597324574,FALSE
"O60936","Interaction_Low",0.306405698846027,7.35426570705628,1.26671360242753,0.205960445357579,0.449058836402073,-4.85359346745701,FALSE
"P05452","Interaction_Low",0.257031930713973,12.5226266652949,1.26611850484276,0.206041331625775,0.449058836402073,-4.92122902502165,FALSE
"P13796","Interaction_Low",0.249688905993176,10.4338015386787,1.2660753218391,0.206056777822668,0.449058836402073,-4.92127657858249,FALSE
"P24593","Interaction_Low",0.306463671703369,12.2932239801639,1.26524441285595,0.206354151260818,0.449058836402073,-4.9221912703206,FALSE
"Q9UHG3","Interaction_Low",0.188641182827796,10.6741638976403,1.2652095141508,0.20636664796999,0.449058836402073,-4.92222967490607,FALSE
"A6NM11;A6NMS7","Interaction_Low",-0.259285784373422,7.35977927389782,-1.26324686694295,0.20713407865438,0.449646171499634,-4.89821565290627,FALSE
"P26038","Interaction_Low",0.271824176118345,10.0554581270799,1.2627084391836,0.207263681562942,0.449646171499634,-4.92497926561545,FALSE
"P06454","Interaction_Low",0.222764000713614,10.8460514353362,1.25981820783649,0.208309377004214,0.450800019805993,-4.92436823511652,FALSE
"Q04695","Interaction_Low",0.463347884106321,9.33565938997994,1.25952486200505,0.208424276939591,0.450800019805993,-4.92230939951331,FALSE
"P15531","Interaction_Low",0.336457730408696,8.38759452844259,1.25523571271909,0.209975384846624,0.45346757887455,-4.92793199542988,FALSE
"O75367","Interaction_Low",0.525471288597804,8.04775433390786,1.25471245091639,0.210290055754237,0.45346757887455,-4.88073452458972,FALSE
"Q96C19","Interaction_Low",0.339553943993477,6.99234140103155,1.25201043162887,0.211265220956879,0.454886376654901,-4.86387711986469,FALSE
"P13686","Interaction_Low",0.261849199065415,7.36307304179888,1.25074800602675,0.211707245770503,0.455154708298202,-4.89139045107367,FALSE
"Q14956","Interaction_Low",0.254206313732395,8.13264599466575,1.24531514159737,0.213605620030241,0.458548591502044,-4.93620149025637,FALSE
"P01011","Interaction_Low",0.238289159769753,12.4322410209453,1.2410811169819,0.215139086705822,0.460698404452766,-4.94853016841657,FALSE
"Q9H4M9","Interaction_Low",0.270750870285179,7.93333712304311,1.24039761347148,0.215400309731915,0.460698404452766,-4.94639507678465,FALSE
"Q9UKN7","Interaction_Low",0.241035349826468,11.8195973813472,1.23992094232086,0.215570871260674,0.460698404452766,-4.94796225686211,FALSE
"Q8NFL0","Interaction_Low",0.25403935865556,7.61704000024669,1.23423569533514,0.217755596706432,0.463602808676734,-4.92129773614928,FALSE
"Q9UBP4","Interaction_Low",0.2174939133698,10.6168891899377,1.23385090143615,0.217819540888854,0.463602808676734,-4.95631332199933,FALSE
"Q13228","Interaction_Low",0.400258304944263,7.9599001279453,1.23337521013619,0.218014653759968,0.463602808676734,-4.94386746109641,FALSE
"O15498","Interaction_Low",0.295143758906194,7.17229631763539,1.23299200716981,0.218223079398044,0.463602808676734,-4.91869334500255,FALSE
"P01619","Interaction_Low",0.385633982288947,11.5039449401794,1.22890423147582,0.219668321638403,0.46598280063531,-4.96093881582984,FALSE
"P61106","Interaction_Low",-0.305131440051335,8.12271017991692,-1.22323117397999,0.221809996673996,0.468795450267104,-4.96232011864173,FALSE
"P30990","Interaction_Low",0.229997724977897,8.86237445889297,1.22286453345433,0.221964436821748,0.468795450267104,-4.95031830339957,FALSE
"P98164","Interaction_Low",0.423193105316404,10.2936522238606,1.22304242086126,0.221974972616014,0.468795450267104,-4.92708785132902,FALSE
"P05556","Interaction_Low",0.194625595982139,10.9983636869684,1.21927518832502,0.223296207196966,0.470892295765366,-4.97186639307461,FALSE
"O75170","Interaction_Low",0.428778265684539,8.82842364059505,1.21731382683616,0.224175640544752,0.472052670398201,-4.89941981682155,FALSE
"O15466","Interaction_Low",0.216941862277423,9.26655341569532,1.21440532208676,0.225148918568572,0.472976597016323,-4.97702147479564,FALSE
"P24043","Interaction_Low",0.27741822480166,6.67354868698089,1.21411487583672,0.225274069569141,0.472976597016323,-4.97332573272359,FALSE
"P01597;P04432","Interaction_Low",0.337401180027964,8.9481176277079,1.21323889946446,0.225624731558779,0.473020270548668,-4.95381273830822,FALSE
"P06276","Interaction_Low",0.397687689350501,8.46951436682367,1.2120855452501,0.226051434295009,0.473223002597144,-4.97032755369235,FALSE
"P53990","Interaction_Low",0.429147386108061,8.00666791547254,1.21148717160315,0.226441216274938,0.473347965216123,-4.89270834121862,FALSE
"Q86TY3","Interaction_Low",0.196209111249281,8.84725532054918,1.20764007170717,0.227738362082325,0.47536653744695,-4.98414989265643,FALSE
"Q16270","Interaction_Low",0.253435865410061,10.7307720236852,1.20632108671724,0.228245893447579,0.475733446517193,-4.98553499468759,FALSE
"O75487","Interaction_Low",0.207175934526189,8.63209285874185,1.19855385716389,0.231252097562503,0.481043053036065,-4.99366062163449,FALSE
"O95084","Interaction_Low",0.321448159231157,7.45843404989294,1.19795371349943,0.231582039619493,0.481043053036065,-4.95400492331188,FALSE
"Q9Y4L1","Interaction_Low",0.208022758220928,8.97105158380125,1.19714355961334,0.231799685946946,0.481043053036065,-4.99513092304994,FALSE
"P04632","Interaction_Low",0.266436454470814,9.04059286069673,1.19474712704505,0.232735167261317,0.482286459324752,-4.99657208925332,FALSE
"P00739","Interaction_Low",0.266536053632132,14.0046574050228,1.19259013685363,0.233577448411006,0.483011692449634,-4.99986490563918,FALSE
"P78423","Interaction_Low",0.281830494015445,10.3908854548977,1.192129741492,0.233758796764328,0.483011692449634,-4.99928898343822,FALSE
"P14649","Interaction_Low",-0.452586679935918,10.3756028741508,-1.18538505943011,0.236427657191463,0.485506225220397,-4.99817784347406,FALSE
"Q13103","Interaction_Low",0.194787260812891,16.3182058800291,1.18528161531989,0.236451093461037,0.485506225220397,-5.00742575370489,FALSE
"Q92820","Interaction_Low",0.258350222186477,8.06584771571878,1.18460820319068,0.236733411361242,0.485506225220397,-4.99661482914809,FALSE
"P15814","Interaction_Low",0.495139130395472,10.0688193695042,1.18420967475911,0.2369926045369,0.485506225220397,-4.93804557708298,FALSE
"Q8WWZ8","Interaction_Low",0.509517355282005,10.3959110692191,1.18375212517644,0.23705563423703,0.485506225220397,-5.00900220451119,FALSE
"Q14697","Interaction_Low",0.209019450147562,9.82950310667084,1.1835849777649,0.237121766663846,0.485506225220397,-5.00917436130145,FALSE
"P02751","Interaction_Low",0.222861467198523,13.8064220105094,1.18304366696736,0.237336027809971,0.485506225220397,-5.00973172925833,FALSE
"P42357","Interaction_Low",0.404877517717687,6.649140311098,1.17921944530429,0.238969637617573,0.487922722525876,-4.95625694391526,FALSE
"Q13790","Interaction_Low",0.180192253661094,16.1382179947488,1.17743474582677,0.239564223618355,0.487922722525876,-5.01549211320857,FALSE
"P19022","Interaction_Low",0.248085748777878,9.03003520170015,1.17665193423399,0.239876375321119,0.487922722525876,-5.0162939000105,FALSE
"P13727","Interaction_Low",0.270575355192205,13.7495493722786,1.17664704478243,0.239878325927994,0.487922722525876,-5.01629890631584,FALSE
"P02788","Interaction_Low",0.368235901481219,6.73759880489271,1.17235264867818,0.241762840735368,0.490850299303079,-4.90832926969976,FALSE
"P24844","Interaction_Low",-0.395111975188399,8.21613779895918,-1.17145837783865,0.242003634574834,0.490850299303079,-4.99327748403329,FALSE
"P06310","Interaction_Low",0.325803817270151,11.3699859535672,1.17025720775289,0.242442360710314,0.490850299303079,-5.02013177629477,FALSE
"P62979","Interaction_Low",0.239381319760989,11.3767942276717,1.16963619068228,0.242686793727952,0.490850299303079,-5.02345604185531,FALSE
"Q4LDE5","Interaction_Low",0.272434407207097,10.6076096730931,1.16818506594668,0.24327098242917,0.491338857469619,-5.02493213348136,FALSE
"Q01469","Interaction_Low",-0.258774060188102,9.08241854931594,-1.16617240699659,0.24409025960361,0.491915706562175,-5.02344455804984,FALSE
"Q9H0B8","Interaction_Low",0.398787528651537,7.3761908131981,1.1661164443265,0.244242666019713,0.491915706562175,-4.94809624911717,FALSE
"Q8NI99","Interaction_Low",0.300237791371709,11.9412872681069,1.1637867488328,0.245047693881041,0.492164799979554,-5.02939499658628,FALSE
"O94973","Interaction_Low",0.296468012355755,7.3006284861976,1.16314725839597,0.245365568778323,0.492164799979554,-4.99338068334325,FALSE
"Q8NG11","Interaction_Low",0.216659553993608,7.23294595188545,1.16331924867505,0.245395977674603,0.492164799979554,-4.93975103945761,FALSE
"P29508","Interaction_Low",0.368307028266044,7.94705885421987,1.16065351569449,0.246388013027646,0.49264258876943,-4.97749114696253,FALSE
"Q3ZCW2","Interaction_Low",-0.461424402782304,7.55340015552602,-1.16048426003302,0.246532663176803,0.49264258876943,-4.96020597936404,FALSE
"O75822","Interaction_Low",0.292159027761995,7.62857991580282,1.16001267770214,0.246664838728348,0.49264258876943,-4.98625679403225,FALSE
"O43681","Interaction_Low",0.395682112372541,7.46445632411487,1.15688643028577,0.247952833548613,0.49452623547804,-4.98313758681776,FALSE
"Q96P63","Interaction_Low",-0.324502743696003,8.7873251422855,-1.15487945292704,0.248697481010466,0.495322483012512,-5.02637649327551,FALSE
"P41091","Interaction_Low",0.36066964873446,7.31056997367373,1.15080610932779,0.250527049505855,0.498274325924267,-4.93982930319843,FALSE
"P09237","Interaction_Low",0.266674022054598,8.14326116262506,1.14966013955149,0.250938774048595,0.498401941808428,-4.98514962463661,FALSE
"P13224","Interaction_Low",-0.276526380681009,10.6359710853125,-1.14452815357461,0.252937799456654,0.500831201286625,-5.04576119948239,FALSE
"Q14247","Interaction_Low",0.402553244670833,8.18664052884128,1.14450197459826,0.253021793663236,0.500831201286625,-5.00381088136925,FALSE
"P30050","Interaction_Low",0.317016413181262,7.46031952050682,1.14423460222434,0.253209638028454,0.500831201286625,-4.97097923581586,FALSE
"Q5T4S7","Interaction_Low",0.286962026334789,7.138763548167,1.14267150725651,0.253722333077944,0.501154029798583,-5.0411999016578,FALSE
"P09172","Interaction_Low",0.387474677946735,7.24204373062721,1.13274203533009,0.25792501675702,0.508754434703668,-5.0098822443584,FALSE
"P01699","Interaction_Low",0.369874984019072,11.9357588006023,1.13145747994582,0.258388594544059,0.508968742549699,-5.06168445072346,FALSE
"P01034","Interaction_Low",0.247813905661397,11.1223200221661,1.12761324938397,0.260006767322109,0.508987964866026,-5.06546442517173,FALSE
"Q9H8J5","Interaction_Low",0.240084662249926,10.6626319630852,1.12756173987934,0.260028510850762,0.508987964866026,-5.06551497908136,FALSE
"Q9Y490","Interaction_Low",-0.409377524316678,10.252932011198,-1.12753011540261,0.260041861006889,0.508987964866026,-5.06554601572872,FALSE
"A2A3L6","Interaction_Low",0.568777073488747,11.137421059523,1.12753472254996,0.260127387056716,0.508987964866026,-5.01620591475038,FALSE
"O00560","Interaction_Low",0.271037775586711,9.43287317694142,1.12724631745529,0.26017306711771,0.508987964866026,-5.06114627365673,FALSE
"Q6E0U4","Interaction_Low",0.274349404510913,9.8383231057984,1.12588373823511,0.260737530285186,0.509397300311931,-5.06716059473719,FALSE
"Q96PX8","Interaction_Low",0.26806595429058,6.86352433217813,1.12204235449823,0.26243938006715,0.512024586416725,-5.0274795475084,FALSE
"P53396","Interaction_Low",0.395674068522779,7.43840067258746,1.12077765394903,0.262948162375444,0.512320196802156,-5.0515641693742,FALSE
"P04114","Interaction_Low",0.193779688119388,16.2906814788437,1.11648462281232,0.264733804566516,0.514984018439189,-5.07633324180165,FALSE
"P35241","Interaction_Low",0.173299784988188,11.5144485471076,1.11575360927145,0.265046378564949,0.514984018439189,-5.0770434365552,FALSE
"P11021","Interaction_Low",0.209440814580294,10.2124101408684,1.114944272088,0.265392740325356,0.514984018439189,-5.0778291847138,FALSE
"Q8WXI7","Interaction_Low",0.318694241173974,6.78949711173761,1.11374807706332,0.266024903675747,0.515513124150029,-5.0143180081564,FALSE
"P01704","Interaction_Low",0.496849118708296,10.1696597362704,1.11272104011563,0.266454923614701,0.515649609262457,-5.00503362941618,FALSE
"Q9BSL1","Interaction_Low",0.31053006838698,7.71913091186005,1.10918894242983,0.267994810211706,0.517884838194602,-5.00970219335295,FALSE
"Q9BUF5","Interaction_Low",0.281563242664015,9.04100138955638,1.10819694977662,0.268332241826074,0.517884838194602,-5.0572354165279,FALSE
"Q9NQH7","Interaction_Low",0.238896494747317,10.8062055956534,1.10278838333055,0.270651101247861,0.521658170953538,-5.07479789300816,FALSE
"P09382","Interaction_Low",0.192880593951408,9.26284711417802,1.09938419294025,0.272115609957759,0.523776892187149,-5.09090821352649,FALSE
"Q9H251","Interaction_Low",0.204363137418873,10.1743566385053,1.09414919761908,0.274399477359282,0.527464947095456,-5.09782367343271,FALSE
"P40189","Interaction_Low",0.263980604518454,7.25429656041608,1.09224179036493,0.275268460043055,0.527857291957822,-5.07818581431764,FALSE
"Q6IBS0","Interaction_Low",0.414170526032867,7.38936833867464,1.09230101889711,0.275339786878976,0.527857291957822,-5.03329228692396,FALSE
"P0DJI9","Interaction_Low",0.416737783096867,11.2077247000343,1.09073365639044,0.275898601492491,0.528222422617131,-5.10107191789888,FALSE
"Q9NT62","Interaction_Low",0.245469217375291,7.65226404282489,1.08699156598761,0.277580932303275,0.530271431244484,-5.08252081792007,FALSE
"Q02413","Interaction_Low",-0.269940274189658,10.0690036841247,-1.08589438068274,0.278035154938321,0.530271431244484,-5.10494608747544,FALSE
"O75339","Interaction_Low",0.225617143253734,9.72981043169935,1.0857903572168,0.278078184306731,0.530271431244484,-5.10575519662893,FALSE
"Q96S96","Interaction_Low",0.258575620079485,10.0620823366402,1.07379638861141,0.283415284094188,0.539731098792916,-5.11703030099435,FALSE
"P09429","Interaction_Low",0.35679329799817,8.05884471109896,1.07049335579806,0.285001210959014,0.542031480789424,-5.05661218338768,FALSE
"P53675","Interaction_Low",0.317853166933408,7.77839520202596,1.06865928063544,0.285734216528656,0.542102648697961,-5.11520652533804,FALSE
"P22607","Interaction_Low",0.228754801542562,6.99276615756357,1.06862660664457,0.285842308133617,0.542102648697961,-5.06306201303352,FALSE
"P16035","Interaction_Low",0.225707816168091,8.01747120080406,1.06783304129247,0.286172737143903,0.542102648697961,-5.04990725764411,FALSE
"P22735","Interaction_Low",0.388891946626648,8.92787899244459,1.06544523582769,0.287233930457492,0.54339506105019,-5.08446202188026,FALSE
"P47756","Interaction_Low",0.322389730123456,9.01833240279725,1.05759117467902,0.290741010106996,0.549305149530213,-5.13012107334881,FALSE
"P61225","Interaction_Low",0.288631410682193,9.61389651361654,1.05242563626136,0.293112074515823,0.553056203757487,-5.12911597249543,FALSE
"P61019","Interaction_Low",-0.324527339003493,7.09333030123776,-1.0509653048162,0.293850642558862,0.553721184532731,-5.08235969663234,FALSE
"P09211","Interaction_Low",0.298997573878569,7.87489232359477,1.04752593388136,0.29535760656746,0.555830456453723,-5.13135451055874,FALSE
"P31025","Interaction_Low",0.295782519872709,7.66912996664374,1.0446872018796,0.296769069429061,0.557754712400097,-5.05240921232751,FALSE
"Q15599","Interaction_Low",-0.229325333794503,6.91723309314914,-1.04253753198486,0.297722824385811,0.558814830064468,-5.10721786012908,FALSE
"P01834","Interaction_Low",0.225117744748012,14.7461063565728,1.04048335594544,0.298602130152656,0.559463146704974,-5.14769292049429,FALSE
"Q13576","Interaction_Low",-0.655311027776683,11.1940241837744,-1.03996264035609,0.298848514906562,0.559463146704974,-5.14365577372462,FALSE
"P23381","Interaction_Low",0.22509857454876,7.40481678366745,1.0369569058227,0.300266796729085,0.561385380064547,-5.13290380796478,FALSE
"P05388","Interaction_Low",0.243622337423629,8.46899758370409,1.03467137445278,0.301307474296209,0.562597549662453,-5.15294328186583,FALSE
"O14672","Interaction_Low",0.221536596917659,8.30483304986782,1.02956211192853,0.303700239048016,0.565416693747063,-5.15753385408996,FALSE
"Q9NUQ9","Interaction_Low",0.218486817345359,7.29107790280348,1.02737468734891,0.304747284789082,0.565416693747063,-5.14685232683325,FALSE
"P01889","Interaction_Low",0.209585213870433,9.14285685760763,1.02726431859118,0.304778660928775,0.565416693747063,-5.15847822192191,FALSE
"P13489","Interaction_Low",0.265377008215394,8.12442097283098,1.02697892082328,0.304970615349688,0.565416693747063,-5.12472291923614,FALSE
"P17655","Interaction_Low",0.243085989325079,9.23033736729687,1.02678452290696,0.305003426315069,0.565416693747063,-5.16002212857855,FALSE
"A0A0C4DH43","Interaction_Low",0.513232521637063,9.49687330696305,1.0257949916463,0.305518619489004,0.565416693747063,-5.1205562634374,FALSE
"O00187","Interaction_Low",0.196957303589492,15.9306280839167,1.02489259743687,0.305893562329275,0.565416693747063,-5.16171290731874,FALSE
"P02750","Interaction_Low",0.492056652169321,9.85234448009057,1.02472696333941,0.305971655751549,0.565416693747063,-5.16186072271106,FALSE
"P01009","Interaction_Low",0.195637848479931,15.066071405462,1.02166062476861,0.307419771963235,0.566016251020114,-5.16459289315901,FALSE
"P18564","Interaction_Low",0.167687030914752,11.1390630510622,1.02157573812027,0.307474218677964,0.566016251020114,-5.15729564805181,FALSE
"P01024","Interaction_Low",0.220627212980743,12.8690672400851,1.02096229929156,0.307750199926192,0.566016251020114,-5.16521397599422,FALSE
"Q9BZQ8","Interaction_Low",0.185581424044517,6.73695629140164,1.02076318243838,0.307874948253618,0.566016251020114,-5.14193210565328,FALSE
"P50281","Interaction_Low",0.260309894983543,9.31553080600294,1.01822068882676,0.30905817896203,0.567006913168885,-5.15985537022857,FALSE
"Q86SQ4","Interaction_Low",0.156110287036259,7.91326394209216,1.01789446011265,0.309204606762948,0.567006913168885,-5.16793746973686,FALSE
"P26022","Interaction_Low",0.195177769021468,10.4315416554361,1.01643989565704,0.309895778877017,0.567548591200054,-5.16922591729199,FALSE
"P28072","Interaction_Low",0.21899286769743,7.45889430859989,1.01365040354696,0.311265025204681,0.567585679332474,-5.14086338439416,FALSE
"Q9UBX1","Interaction_Low",0.179135747904779,7.91569061455499,1.0134513447698,0.311328432529527,0.567585679332474,-5.16392441698536,FALSE
"Q9NZT1","Interaction_Low",-0.273824743066323,10.0037100961864,-1.0132532078899,0.311419157934799,0.567585679332474,-5.16946140917379,FALSE
"P0DMV8;P0DMV9","Interaction_Low",0.222165620770499,9.49332050639304,1.01274338761774,0.31165686717613,0.567585679332474,-5.17249201616027,FALSE
"P10301","Interaction_Low",0.237974548678496,7.11940284720664,1.01254145087444,0.311895059493716,0.567585679332474,-5.07938201576509,FALSE
"Q04637","Interaction_Low",0.284814420699122,6.35655727958756,1.00872520803975,0.3136991081463,0.570145147125215,-5.08988501104067,FALSE
"P09619","Interaction_Low",0.206894876845134,10.0526943388665,1.00762012558033,0.314108609742496,0.570166767557898,-5.17699915501974,FALSE
"P00451","Interaction_Low",0.240512638735781,9.99236903700199,1.00534365232088,0.315202090157381,0.571381607698309,-5.17899455718741,FALSE
"P61626","Interaction_Low",-0.184578777804161,10.6027256520192,-1.00456895548717,0.315574779147183,0.571381607698309,-5.17967257919408,FALSE
"P16150","Interaction_Low",0.188934115943978,11.7068321898301,1.00370221126869,0.315992093943826,0.571415715908508,-5.18043054515627,FALSE
"Q9H4G4","Interaction_Low",0.139194889241065,8.31440491034392,1.0016270405959,0.316994532232336,0.571961922256726,-5.18151337129563,FALSE
"Q9NRY5","Interaction_Low",-0.25371993880999,7.37021666885104,-1.00149004383747,0.31709186066534,0.571961922256726,-5.16358551599838,FALSE
"P16871","Interaction_Low",0.198832062896859,10.2870750821815,0.999901912055564,0.317826126566674,0.572566162684183,-5.18374620933132,FALSE
"P15924","Interaction_Low",-0.2843681416627,10.1590568985184,-0.998369363143689,0.318567713657076,0.572956839534291,-5.18507977582643,FALSE
"Q16775","Interaction_Low",0.348109099040373,8.15723355098679,0.997888229840146,0.318842090619501,0.572956839534291,-5.16133353971679,FALSE
"P07602","Interaction_Low",0.203324051361211,8.9549864304446,0.99455915788113,0.320435104817929,0.575098798884743,-5.17807219423243,FALSE
"Q99536","Interaction_Low",0.159380939637748,7.90859490254638,0.992559655586486,0.321394750523606,0.57590993396396,-5.18778589037578,FALSE
"B2RUZ4","Interaction_Low",0.236800576313664,8.67495919405473,0.991273894071569,0.322087456162317,0.57590993396396,-5.14620364137407,FALSE
"P18669","Interaction_Low",0.268349753375758,7.67957005667091,0.991204539595367,0.322091887753903,0.57590993396396,-5.16887671955875,FALSE
"P00558","Interaction_Low",0.25354290742904,9.7820827112913,0.988938652179356,0.323156145966847,0.576434118865134,-5.19324119781855,FALSE
"Q08431","Interaction_Low",-0.196084677560217,7.06597142600765,-0.98791525693513,0.32380265463593,0.576434118865134,-5.09212708197288,FALSE
"P49913","Interaction_Low",0.164764821925836,10.6461035985805,0.987591228107497,0.323815234224035,0.576434118865134,-5.19440097361517,FALSE
"P05198","Interaction_Low",0.289564630369598,6.91544542132137,0.987510676268173,0.32399295662852,0.576434118865134,-5.11293046515605,FALSE
"O75636","Interaction_Low",0.314050418576324,11.3094926594842,0.984236275465418,0.325460112015479,0.578326890495906,-5.19728185956074,FALSE
"O00461","Interaction_Low",0.180836934139441,8.94365281764459,0.981932161185978,0.326592932606662,0.579621615542021,-5.19925473999748,FALSE
"P08567","Interaction_Low",-0.326257237906336,9.21616802320604,-0.978689524842379,0.328194200232807,0.581743489658646,-5.20202125930757,FALSE
"Q5TEC6","Interaction_Low",0.303056703511952,9.2698981014316,0.97718094535143,0.329100323962376,0.582199210655694,-5.09629660508626,FALSE
"Q9BTT0","Interaction_Low",0.239966771271933,7.30336633838726,0.975514941676057,0.329835398825809,0.582199210655694,-5.160171208112,FALSE
"P07237","Interaction_Low",0.216833263020535,10.0203056356611,0.975335355639299,0.329850449880895,0.582199210655694,-5.20487774105406,FALSE
"P56715","Interaction_Low",0.160700967892341,10.6761899901176,0.974903493515768,0.330075284702287,0.582199210655694,-5.194142196757,FALSE
"Q9BYE9","Interaction_Low",0.283320867431467,9.3211487711656,0.973365459927559,0.33082726635394,0.582808722299201,-5.20654952685081,FALSE
"Q9BQS7","Interaction_Low",0.234343334560887,8.93206688170446,0.971412978938758,0.331931812375815,0.582880000600087,-5.12679063114154,FALSE
"Q9NPA2","Interaction_Low",0.312794471596289,8.9381816023975,0.97060132976947,0.332310062011538,0.582880000600087,-5.14463008865775,FALSE
"Q7L576","Interaction_Low",-0.265541178650166,7.06837324067094,-0.969901896075839,0.332581261801947,0.582880000600087,-5.19288862718813,FALSE
"P52566","Interaction_Low",0.258005456687323,8.90501773137236,0.969335959243384,0.332837452300014,0.582880000600087,-5.20808826229396,FALSE
"A0A075B6P5;P01615","Interaction_Low",0.314858312008482,9.76705372042536,0.968486966599629,0.333260669442878,0.582880000600087,-5.20481182024932,FALSE
"P05387","Interaction_Low",-0.202844363154279,8.69342973546772,-0.968147474219838,0.333430001569062,0.582880000600087,-5.20693323461213,FALSE
"Q96PC5","Interaction_Low",0.202629042578392,7.78206044247071,0.967804759700965,0.333713026842867,0.582880000600087,-5.13698609519915,FALSE
"P27824","Interaction_Low",0.183792600004562,10.9622146784188,0.966658326265537,0.334167206089691,0.58296322814187,-5.21221640962187,FALSE
"Q9NQ76","Interaction_Low",0.252056601095697,8.79101973270035,0.965048346337546,0.334984732093359,0.583342906932083,-5.20778399343164,FALSE
"P23467","Interaction_Low",0.174812928886313,8.79390050319255,0.96363825555856,0.335678200381878,0.583342906932083,-5.21475533707579,FALSE
"Q86SG5","Interaction_Low",0.330955056731461,7.82883394835913,0.96343049780371,0.335861227383014,0.583342906932083,-5.15623374536564,FALSE
"Q13630","Interaction_Low",0.234168508924641,7.79665919865708,0.963117713795467,0.336012023100349,0.583342906932083,-5.17558345056601,FALSE
"P30085","Interaction_Low",0.317985266465683,7.35870269773279,0.962069354003155,0.336614613996738,0.583682414112845,-5.12374701833724,FALSE
"P06858","Interaction_Low",0.180895345087469,10.2916095332125,0.958322332671143,0.338348548504425,0.585980457192446,-5.21920513092988,FALSE
"P19338","Interaction_Low",0.208072554212322,8.11936239349896,0.956367822047596,0.339347160105494,0.586631234561162,-5.21077858725618,FALSE
"P04083","Interaction_Low",0.24818125638026,7.6654557926834,0.95596118762057,0.339542485833867,0.586631234561162,-5.22003312228944,FALSE
"Q5D862","Interaction_Low",-0.222509520766534,9.72044929392317,-0.953609828096788,0.340733311506978,0.587292919981486,-5.21777786284485,FALSE
"Q92530","Interaction_Low",0.295069289213067,8.05557693931165,0.953753967602769,0.340744567241699,0.587292919981486,-5.16142129063118,FALSE
"P01591","Interaction_Low",0.258527337660206,10.7534476961789,0.948431898406874,0.343353104889589,0.590281760204161,-5.22741886422103,FALSE
"Q96JI7","Interaction_Low",0.260396826749794,10.5741203748415,0.948431755559089,0.343364620766251,0.590281760204161,-5.22185401454129,FALSE
"P62258","Interaction_Low",0.224003580576259,8.07808906629339,0.947726467288017,0.343713577245798,0.590281760204161,-5.22713055777175,FALSE
"P08779","Interaction_Low",-0.356661919980914,10.4071294344381,-0.942249976729327,0.346512922295179,0.594377428913022,-5.22754635568251,FALSE
"Q14764","Interaction_Low",0.249340546268538,6.46938327748328,0.940143741192739,0.347692613546391,0.595688420341128,-5.15656991357782,FALSE
"P11234","Interaction_Low",-0.201500379372712,9.03271745098998,-0.934618783663051,0.350426604072776,0.599279133341035,-5.23510947935628,FALSE
"O95196","Interaction_Low",0.164036881324348,9.55429030817418,0.934252191558084,0.350624262812502,0.599279133341035,-5.22719069285693,FALSE
"Q08722","Interaction_Low",-0.275085032416968,8.23883829507143,-0.929126449113497,0.353352744472704,0.603223613778402,-5.18015718062673,FALSE
"Q06323","Interaction_Low",0.228601968228794,9.34606970369843,0.919068622636533,0.358489459255967,0.611265023273551,-5.25130344081677,FALSE
"P49721","Interaction_Low",0.241583308006603,7.08669169987332,0.914246757668864,0.36110733387028,0.61474691833949,-5.18657745700107,FALSE
"O43399","Interaction_Low",0.422993254435898,11.3308041015108,0.913265210564495,0.361570743482811,0.61474691833949,-5.22463267418545,FALSE
"P35579","Interaction_Low",-0.341849985157499,10.4092629794847,-0.912716229757642,0.36181757257917,0.61474691833949,-5.25637300442206,FALSE
"P30041","Interaction_Low",0.247767845679645,10.5314032298132,0.910785227294834,0.362833345012781,0.615743215086779,-5.25790689032149,FALSE
"Q08188","Interaction_Low",-0.246499175108024,8.36275662906343,-0.908727083200971,0.36393680885285,0.616138568137013,-5.2426451109579,FALSE
"Q96P67","Interaction_Low",-0.335937535820985,10.1279413159114,-0.908715193270888,0.364052391079327,0.616138568137013,-5.15701429505252,FALSE
"P48061","Interaction_Low",0.264865174159727,10.1683261660363,0.907958349877016,0.364355303891344,0.616138568137013,-5.2405409804572,FALSE
"O75356","Interaction_Low",0.139532567476604,6.76851993455037,0.905115974790517,0.36586613973158,0.617964716578428,-5.22402836183147,FALSE
"Q04760","Interaction_Low",0.260071969102362,8.11450244942422,0.902937159932511,0.367021212669177,0.619186375256001,-5.22923544910996,FALSE
"P52565","Interaction_Low",-0.18751267145717,7.87582076481497,-0.898780025033877,0.369208092171264,0.621157640286658,-5.25114326836685,FALSE
"P09960","Interaction_Low",-0.233839076903847,7.83696238635144,-0.897816872243387,0.369716540584341,0.621157640286658,-5.25620554351087,FALSE
"P43686","Interaction_Low",0.267083378454842,7.18829969733734,0.896732794734714,0.370323968906068,0.621157640286658,-5.23746963087493,FALSE
"P62993","Interaction_Low",-0.272764582718714,6.88449824470963,-0.896878286934089,0.370333538748604,0.621157640286658,-5.17631222784058,FALSE
"Q9UBW5","Interaction_Low",-0.327399233316229,7.51938385184701,-0.896714519593471,0.370355496823635,0.621157640286658,-5.21562295622916,FALSE
"P42566","Interaction_Low",-0.305619386129635,6.91741173927206,-0.895709675472628,0.370903713105966,0.621350379198546,-5.21327649089547,FALSE
"Q8IWU5","Interaction_Low",0.205621382077205,7.55484870945816,0.893889878970487,0.371867749448218,0.621963260194774,-5.22706432445876,FALSE
"Q14644","Interaction_Low",-0.273511762153283,6.77190884778427,-0.893384171029509,0.372137013421978,0.621963260194774,-5.22765521657176,FALSE
"P16401","Interaction_Low",0.29565528470906,9.24382771811394,0.890007589231267,0.373881798789784,0.624151920214842,-5.26961760125762,FALSE
"P01871","Interaction_Low",0.222735862978144,16.5502013049158,0.888702837678374,0.374576441508939,0.624584438516067,-5.27521779042192,FALSE
"Q02487","Interaction_Low",0.228262350168923,6.72112674295257,0.885904867985024,0.376135148854546,0.626455056280394,-5.23614734064842,FALSE
"P98161","Interaction_Low",0.201848710382943,6.76716309380277,0.884300189912138,0.377019816581407,0.626539787675228,-5.209097304928,FALSE
"P08581","Interaction_Low",-0.264594564456663,7.14513897794442,-0.884173595873352,0.377059858273167,0.626539787675228,-5.23454626746248,FALSE
"P05109","Interaction_Low",0.311447485647612,11.374811309215,0.882455340630494,0.377941074620628,0.626824424493246,-5.28003851249175,FALSE
"Q9H0U4","Interaction_Low",-0.202469957675797,9.08255893679801,-0.882151122926117,0.378105388554155,0.626824424493246,-5.2802723889638,FALSE
"Q16643","Interaction_Low",0.29959531221323,6.81571424336733,0.879914015658045,0.379434788734312,0.628301948088919,-5.18320110927518,FALSE
"Q9HBB8","Interaction_Low",0.19876018847292,7.41852388961658,0.878912364464016,0.379957927793552,0.62844252417065,-5.20176040097346,FALSE
"Q9Y6R7","Interaction_Low",0.303295741956558,7.13559313482618,0.876534544409889,0.381257107708538,0.629574682155948,-5.19494880612567,FALSE
"Q04721","Interaction_Low",0.227000293869189,8.13249704558037,0.876008967893484,0.38152050125071,0.629574682155948,-5.21889935056871,FALSE
"P08133","Interaction_Low",0.182587581000172,9.34076333893893,0.873364757708299,0.382870101885364,0.630789824877098,-5.28699248936251,FALSE
"P14314","Interaction_Low",0.118087249167504,12.3645363561711,0.871747166418993,0.383751302254829,0.630789824877098,-5.28822236863063,FALSE
"P10412","Interaction_Low",0.312421870862856,10.4654887205023,0.871022708205701,0.384147146532541,0.630789824877098,-5.28877174000349,FALSE
"Q9HBW9","Interaction_Low",-0.169104541980632,7.94242196286746,-0.870495260592207,0.384448736885461,0.630789824877098,-5.28041238869809,FALSE
"P22061","Interaction_Low",0.16161535722436,8.69819217236332,0.870454700886239,0.384456280992039,0.630789824877098,-5.28920341660457,FALSE
"Q8N257","Interaction_Low",0.336731090301999,9.21162850044472,0.869685760847007,0.384977843083344,0.630923687978874,-5.19982441975399,FALSE
"Q9BU40","Interaction_Low",0.244372057952454,8.47761248635536,0.865451946999004,0.387214674398539,0.633261146142715,-5.28131730456718,FALSE
"P50991","Interaction_Low",0.292092560165687,8.07318497551057,0.865308511197026,0.387287325779052,0.633261146142715,-5.27952041320479,FALSE
"P08575","Interaction_Low",0.135409905784167,10.3628173713372,0.86309621774163,0.388485104228819,0.634496172510395,-5.29476124092052,FALSE
"Q9BQE5","Interaction_Low",0.168423674990688,11.0032117998219,0.860246991519722,0.390086365319536,0.634890479651871,-5.27419483214746,FALSE
"Q92930","Interaction_Low",-0.194643434839991,7.01645269655356,-0.859986048340407,0.390272000040889,0.634890479651871,-5.23002989093913,FALSE
"P61586","Interaction_Low",0.211631937775747,8.596973745022,0.859649800765052,0.390389549204666,0.634890479651871,-5.29149893753119,FALSE
"Q9HBI1","Interaction_Low",-0.285502092580938,9.30077354214207,-0.859445203299247,0.390497491668724,0.634890479651871,-5.29544442127439,FALSE
"P18206","Interaction_Low",-0.288649274782625,9.12417010865966,-0.858595648073773,0.390961859479028,0.634925601917243,-5.29813731950317,FALSE
"Q09666","Interaction_Low",0.144199452151106,8.9200180950976,0.856303170338472,0.392227145650844,0.635540567058566,-5.29985024626013,FALSE
"Q8IXL6","Interaction_Low",0.201916874835542,8.09675335251955,0.855344643850641,0.392775392690001,0.635540567058566,-5.27521238831632,FALSE
"P07327","Interaction_Low",0.203640406649906,7.76743088812502,0.855243346951853,0.392825602101317,0.635540567058566,-5.29121549681318,FALSE
"P20062","Interaction_Low",0.169523124941776,7.51364105882447,0.854264452305395,0.39337629312926,0.635540567058566,-5.2613261203018,FALSE
"Q15149","Interaction_Low",0.26272954955458,8.52002115946702,0.853912121101327,0.393556501776853,0.635540567058566,-5.29486219250019,FALSE
"Q06830","Interaction_Low",0.233676064578731,11.3367596012712,0.85071250211755,0.39532322725064,0.637675486926228,-5.30400842142448,FALSE
"P01266","Interaction_Low",0.229809093334918,7.90081172809841,0.848062847244839,0.396802713133944,0.638784849857157,-5.30160332101829,FALSE
"Q86SF2","Interaction_Low",0.168597809679158,6.68609049859274,0.848074154843106,0.396901883697857,0.638784849857157,-5.2115022578027,FALSE
"Q13442","Interaction_Low",0.211626054048378,7.97367611117942,0.841817810694356,0.400371794463712,0.642185768825301,-5.23694173373991,FALSE
"Q9UQ80","Interaction_Low",0.284638639675713,7.93606537660454,0.840268464216343,0.401165553922353,0.642185768825301,-5.29266772158611,FALSE
"P16112","Interaction_Low",0.182502066366483,10.6192276016162,0.840016766107428,0.401287597701921,0.642185768825301,-5.31188793470009,FALSE
"O60610","Interaction_Low",0.286958759292571,7.52951399127403,0.839756627955149,0.401475867997919,0.642185768825301,-5.26907108231118,FALSE
"P50395","Interaction_Low",0.192801105767995,8.84589954259532,0.837577572298421,0.402655338942483,0.642185768825301,-5.3136709637401,FALSE
"O43866","Interaction_Low",0.164445059043574,15.9080881659121,0.837537420255272,0.402678627958602,0.642185768825301,-5.3129391445718,FALSE
"P55291","Interaction_Low",0.216991727970932,7.85112566053338,0.837392763660694,0.402774671887546,0.642185768825301,-5.30225588939243,FALSE
"P30043","Interaction_Low",0.271583248817457,9.76574747147828,0.836909796013929,0.403030272546314,0.642185768825301,-5.31415820100003,FALSE
"P51148","Interaction_Low",0.191424270564672,7.28598695620949,0.836969872506773,0.403045461605838,0.642185768825301,-5.27185360493502,FALSE
"P52943","Interaction_Low",0.146236938100309,7.95101101224923,0.832199745063778,0.405686039302596,0.645649705505068,-5.3142764898198,FALSE
"O00264","Interaction_Low",0.194149511777703,8.16440745486271,0.831438923125354,0.406151022811231,0.645649705505068,-5.28673910358934,FALSE
"P31939","Interaction_Low",0.238692705184727,6.79865240397173,0.830448544275619,0.406726016148755,0.645649705505068,-5.27127992400219,FALSE
"Q08554","Interaction_Low",0.20230059777249,10.2262778523657,0.829827366384939,0.407020455911145,0.645649705505068,-5.31930130233303,FALSE
"P50591","Interaction_Low",0.183998448393747,7.07644787190519,0.827148785879016,0.408660398704857,0.647167244650921,-5.22485360336062,FALSE
"P55060","Interaction_Low",0.213686708866556,12.5386728009525,0.826539503869181,0.408879723607904,0.647167244650921,-5.32167506843024,FALSE
"O00602","Interaction_Low",0.175013260274703,8.28377233892702,0.82426901988193,0.410209701045619,0.648556462292633,-5.29316110465634,FALSE
"O00429","Interaction_Low",-0.312873235018691,7.1079242375936,-0.823036755045438,0.410950215157333,0.648614006991245,-5.25730871714122,FALSE
"Q02952","Interaction_Low",0.160491064591072,10.8424876721318,0.822537240455504,0.411150719912861,0.648614006991245,-5.32455110346166,FALSE
"Q9UBQ7","Interaction_Low",0.21633380891706,6.72071701229526,0.819185782476632,0.413152231822564,0.65005598376768,-5.24962796950598,FALSE
"O14773","Interaction_Low",0.240401958160868,8.02494242399888,0.818121374178863,0.413770665331625,0.65005598376768,-5.23893978069181,FALSE
"P13598","Interaction_Low",0.171992335977958,8.79102741680121,0.817754963616297,0.413877083668461,0.65005598376768,-5.32720269817415,FALSE
"P28838","Interaction_Low",0.279455726723542,6.70490601472667,0.817856838430062,0.413878042663802,0.65005598376768,-5.2614879591394,FALSE
"P46940","Interaction_Low",0.22624981660692,9.73664473237261,0.816759729382147,0.414442254131966,0.650229969830678,-5.32867828598288,FALSE
"P48507","Interaction_Low",0.227534625132957,7.71264370863107,0.812267416223838,0.417095548937756,0.653677614400811,-5.26265466289857,FALSE
"P98066","Interaction_Low",0.224710785098548,7.79306000620868,0.809245769662699,0.418870311798485,0.655699002805233,-5.229973550352,FALSE
"O60493","Interaction_Low",-0.275329443720892,8.90108250035593,-0.808382568898874,0.419299850468897,0.655699002805233,-5.27961245457298,FALSE
"P00387","Interaction_Low",-0.237979097659119,8.66386491759499,-0.806226356730412,0.420489916386805,0.656843725597689,-5.33312802486373,FALSE
"Q9Y696","Interaction_Low",-0.156268060532708,7.4557042370564,-0.796167744084892,0.426309706927738,0.665210141169072,-5.33710783229958,FALSE
"P51149","Interaction_Low",0.186957201455625,9.32379673727702,0.793693492953827,0.42773973351755,0.666716062895833,-5.34368027658831,FALSE
"Q15517","Interaction_Low",0.415067232776726,10.6970786590595,0.787360409508946,0.431446557509686,0.669046907070569,-5.3395896261645,FALSE
"Q99972","Interaction_Low",0.187241355313243,7.28084850181818,0.787286769178604,0.431497330770759,0.669046907070569,-5.32422990668727,FALSE
"Q7Z5L7","Interaction_Low",0.182691926309562,7.23146187714848,0.787243236569865,0.431589319798473,0.669046907070569,-5.26011483647023,FALSE
"O00299","Interaction_Low",0.183708334154993,10.2654260656412,0.78688308479609,0.431711163572749,0.669046907070569,-5.3495578735416,FALSE
"P07738","Interaction_Low",0.347773514458291,8.43357348372746,0.786475698188047,0.43198726742933,0.669046907070569,-5.31235192271608,FALSE
"P25815","Interaction_Low",-0.312698286927324,7.70160159653353,-0.786527125951742,0.43203447416133,0.669046907070569,-5.24401586593154,FALSE
"P62328","Interaction_Low",-0.22143663515496,11.2201941674369,-0.784884587811154,0.432883849281831,0.669639093711053,-5.34776047844897,FALSE
"Q15404","Interaction_Low",-0.239667125677579,9.75636250570372,-0.783473295620021,0.433708987416216,0.67019255167549,-5.35189085605924,FALSE
"P07948","Interaction_Low",-0.296937329812222,8.1577435236341,-0.781295299842927,0.43503465412751,0.671243092738731,-5.3135244351887,FALSE
"Q9HCU0","Interaction_Low",0.136931261757432,14.1819509543834,0.780719645292892,0.435325018303361,0.671243092738731,-5.35376871501333,FALSE
"Q00839","Interaction_Low",0.182141202574456,7.64242738189921,0.776479176326122,0.437840323969704,0.674396374406612,-5.34123394103425,FALSE
"Q9UL46","Interaction_Low",0.167096972433963,7.71556122699062,0.774700429979767,0.438878855381061,0.675270685210773,-5.35192382461305,FALSE
"O60240","Interaction_Low",-0.197866200064139,6.78003423531578,-0.773358802712791,0.439715601483302,0.67583298234411,-5.30678191868525,FALSE
"O00487","Interaction_Low",0.254884623343415,8.01039292476217,0.771171757805957,0.441012058345809,0.677099884012731,-5.31316390755386,FALSE
"O14960","Interaction_Low",0.250129484439707,11.8546863734443,0.769908345374486,0.441706191562522,0.677440298075568,-5.3610751883608,FALSE
"P84077","Interaction_Low",0.173918462246707,10.1061140627285,0.766745485236192,0.443583118016444,0.679592084653398,-5.36319349365458,FALSE
"Q9Y2V2","Interaction_Low",0.225206359534323,8.03937772624514,0.765308049038697,0.444470977099566,0.679747633630777,-5.34094109909183,FALSE
"Q99460","Interaction_Low",0.239782641002519,7.44070286430006,0.765089325083628,0.444632692012321,0.679747633630777,-5.3089789485983,FALSE
"P45974","Interaction_Low",0.22105922852971,8.16209353383466,0.76352680253125,0.445504731646336,0.680355468776194,-5.36286850837341,FALSE
"P0DP23;P0DP24;P0DP25","Interaction_Low",-0.152162829525562,9.90508370868013,-0.762605172506424,0.446047657822802,0.680459937572233,-5.36595265824591,FALSE
"P01880","Interaction_Low",0.406574914602549,9.81552604362649,0.759690610252025,0.447835953070741,0.682462015625337,-5.30481777858548,FALSE
"P55157","Interaction_Low",0.187411920812083,7.52973044151518,0.75723459141185,0.449272137262504,0.683923826788142,-5.34847213532484,FALSE
"Q9BUL8","Interaction_Low",-0.246433556268757,7.75580221137465,-0.752708251557532,0.452040429221012,0.687408245496216,-5.31169179454862,FALSE
"P60660","Interaction_Low",-0.262034324542208,9.9315981397049,-0.749734348225509,0.453756682810238,0.688605163864276,-5.37443676831753,FALSE
"Q14847","Interaction_Low",0.187891181481866,9.02204958378558,0.749650750214611,0.45380699927249,0.688605163864276,-5.37449140308151,FALSE
"Q9NR34","Interaction_Low",0.207223202145284,9.66656180610138,0.748940400513784,0.454268120652444,0.688605163864276,-5.34042486652737,FALSE
"O75351","Interaction_Low",-0.189837105518617,7.1122370299092,-0.747714164480111,0.455038866852422,0.689045126786033,-5.31293608774912,FALSE
"Q96QA5","Interaction_Low",0.201483713662306,7.1422924544885,0.742085652724806,0.458488424568656,0.692936187223788,-5.24665406049714,FALSE
"P06753","Interaction_Low",0.212766368137169,9.83851199696445,0.741758181289556,0.458574924459815,0.692936187223788,-5.37427752993753,FALSE
"P50552","Interaction_Low",0.275136135958616,7.43549278326897,0.739154674686129,0.460236478590164,0.694577740805561,-5.28720690983383,FALSE
"Q9Y624","Interaction_Low",-0.14657255128183,8.15987962735892,-0.738372579969396,0.460630008023772,0.694577740805561,-5.37553623916671,FALSE
"P06756","Interaction_Low",0.149114773555109,6.77845393413756,0.736407442127226,0.461885668933889,0.69573954753277,-5.30521530426373,FALSE
"Q5HYC2","Interaction_Low",0.21316245722501,9.47835725320824,0.735529381409079,0.462377469410664,0.695749518504609,-5.35774940610155,FALSE
"P31946","Interaction_Low",0.18112660706646,10.2183421075278,0.732679022636134,0.464086540495822,0.697589202380513,-5.38545787771598,FALSE
"P35611","Interaction_Low",0.275423421584371,7.99141532554212,0.727263908756166,0.467425196264276,0.701871970097353,-5.35980292393911,FALSE
"Q9UQ16","Interaction_Low",-0.214752518380492,7.30226438455966,-0.725046829903474,0.468818981171269,0.703228471756904,-5.32118462655828,FALSE
"P28074","Interaction_Low",0.208737931636353,7.05004282176703,0.721140622267473,0.471221780905739,0.706094079225527,-5.30903610194563,FALSE
"P23327","Interaction_Low",0.142842017519442,9.44593169659626,0.713213539204783,0.476047321778676,0.712052792747043,-5.39280646721999,FALSE
"P22694","Interaction_Low",-0.238162672960608,6.90782281647317,-0.713112267507756,0.476191512025394,0.712052792747043,-5.31272228762114,FALSE
"P29350","Interaction_Low",0.208506754308427,7.76326312547704,0.70868535598549,0.47886054399096,0.715297937586496,-5.37676563696243,FALSE
"P13942","Interaction_Low",0.140404595535685,9.11401878097648,0.706959108698626,0.479910668122335,0.715923460525951,-5.4015986259528,FALSE
"Q7LDG7","Interaction_Low",0.25611017918464,6.64280281953585,0.706538583139759,0.480277802668037,0.715923460525951,-5.30171155629081,FALSE
"P61026","Interaction_Low",0.300270003928999,10.9448482472608,0.705504726023716,0.48081420549394,0.715978785751101,-5.40249414611778,FALSE
"P10768","Interaction_Low",0.208071270837598,7.51233394520057,0.703233994606715,0.482264493188267,0.717393447336073,-5.36750116958869,FALSE
"P04350","Interaction_Low",0.181745503464931,9.3406841749838,0.701547404111892,0.483304621521562,0.717648249217164,-5.36865883878263,FALSE
"Q99733","Interaction_Low",-0.207907022972877,9.86440203814338,-0.700573616991342,0.483887029787681,0.717648249217164,-5.40338818067974,FALSE
"P20073","Interaction_Low",0.185030900984979,7.05300774943943,0.699200060234158,0.484783051375995,0.717648249217164,-5.35731894275385,FALSE
"P00491","Interaction_Low",0.206915131632826,8.51993224103917,0.699114394177013,0.484795807993556,0.717648249217164,-5.40562312426843,FALSE
"O95373","Interaction_Low",-0.194362780276888,9.14071552601856,-0.698306275057445,0.485301740293658,0.717648249217164,-5.40568893313919,FALSE
"P55072","Interaction_Low",-0.220859130886602,10.0739114170884,-0.696055662232674,0.486707018963656,0.717648249217164,-5.4082674868439,FALSE
"O14656","Interaction_Low",0.143764609328059,6.44523363381121,0.695094422619782,0.487382738445201,0.717648249217164,-5.33522766470957,FALSE
"P50990","Interaction_Low",0.259639062209157,8.21652418244508,0.694853886475807,0.487462960078955,0.717648249217164,-5.40436014520123,FALSE
"Q8IZA0","Interaction_Low",0.131234724390477,7.43627773205715,0.69362704801346,0.48824711368153,0.717648249217164,-5.39052846337005,FALSE
"P13645","Interaction_Low",-0.175324650911826,14.3720868518528,-0.693422719172815,0.488355973098821,0.717648249217164,-5.40986236631661,FALSE
"O15400","Interaction_Low",0.141026899327397,8.60855116887885,0.693359177347333,0.488400705521101,0.717648249217164,-5.40653490100084,FALSE
"Q14C86","Interaction_Low",0.20446345395754,7.71369536851275,0.692677871234716,0.488849118466702,0.717648249217164,-5.37386167632572,FALSE
"Q14019","Interaction_Low",0.250800637798658,7.91779830501664,0.691380378716825,0.489664600482829,0.717648249217164,-5.37499272037535,FALSE
"Q9NY65","Interaction_Low",-0.255647696274537,7.66008430831414,-0.689202947356521,0.491072036783246,0.717648249217164,-5.33842830726174,FALSE
"Q15911","Interaction_Low",0.128245170616093,10.3802555256637,0.688827796905587,0.491292580221661,0.717648249217164,-5.33647052269818,FALSE
"P50225","Interaction_Low",-0.234350655508975,7.33280831682041,-0.688609289689067,0.491439171394176,0.717648249217164,-5.33422978130318,FALSE
"P63218","Interaction_Low",0.185265040683946,9.16578414948582,0.688565974085668,0.491441625971452,0.717648249217164,-5.38052229352265,FALSE
"Q13200","Interaction_Low",0.191888012749216,7.62333599892934,0.688281291072599,0.491609149926594,0.717648249217164,-5.38739932499036,FALSE
"P29401","Interaction_Low",0.193677129089947,6.6712970785812,0.687763259799399,0.491944371673969,0.717648249217164,-5.36792101778496,FALSE
"P78371","Interaction_Low",0.184280830765424,7.32778451365005,0.678264940666544,0.497918398813718,0.725366417586681,-5.40775071070427,FALSE
"P31327","Interaction_Low",0.191810557662068,7.30024927825422,0.676709751520042,0.498920520240824,0.725366417586681,-5.39282658678172,FALSE
"Q7Z4R8","Interaction_Low",0.126057712230494,7.97824033717826,0.675979463926038,0.499459987470869,0.725366417586681,-5.31199972712945,FALSE
"P07203","Interaction_Low",0.178939928025063,8.65944250607567,0.675384011206357,0.499737576501663,0.725366417586681,-5.41848716366584,FALSE
"P22314","Interaction_Low",-0.273553547032615,7.28798037388502,-0.67535847447108,0.499764310024854,0.725366417586681,-5.40507194344521,FALSE
"O00592","Interaction_Low",0.153508378589706,12.9048476261429,0.672890116016025,0.501318100653919,0.726146449901453,-5.42209285485999,FALSE
"Q5JRA6","Interaction_Low",-0.121373082410146,11.1089883338995,-0.672447605616288,0.50159945311628,0.726146449901453,-5.42235240306461,FALSE
"O15335","Interaction_Low",0.127523233371639,11.1646172019808,0.671146252787106,0.502427351647407,0.726146449901453,-5.42311470567987,FALSE
"P25789","Interaction_Low",0.164574299365919,8.1728785997245,0.670724303885506,0.502714419400837,0.726146449901453,-5.40476321791158,FALSE
"O00186","Interaction_Low",0.169443029268304,6.78926712778496,0.670592995774901,0.50283362953427,0.726146449901453,-5.36851249381907,FALSE
"P60709","Interaction_Low",-0.200079689143093,14.174590185557,-0.66744732730276,0.504784497016297,0.728230350826328,-5.42527340341675,FALSE
"P26583","Interaction_Low",0.225954945299412,7.82840264011142,0.663764900294718,0.507188774551677,0.728775519717057,-5.36602584296094,FALSE
"Q16543","Interaction_Low",0.214567251560232,6.63260408707259,0.663749729838984,0.507245141694404,0.728775519717057,-5.30759890482453,FALSE
"P36383","Interaction_Low",0.226615603535876,10.3237257584624,0.663593453601875,0.50730242467891,0.728775519717057,-5.36226004539192,FALSE
"P60953","Interaction_Low",0.132761773073028,8.81779652149071,0.663469225508464,0.507326631056535,0.728775519717057,-5.4275811992191,FALSE
"P51659","Interaction_Low",0.205720285121626,7.01317891499583,0.662798450318458,0.50784084072521,0.728775519717057,-5.32683459542221,FALSE
"O95498","Interaction_Low",0.161189141420253,7.71699451981414,0.662175051180825,0.508211659495856,0.728775519717057,-5.36476760616405,FALSE
"P37802","Interaction_Low",-0.239337184181924,9.39007492845621,-0.657589367651208,0.5110960716822,0.731594881978755,-5.42974934435168,FALSE
"Q8WVN8","Interaction_Low",0.315353355437667,10.9107653093074,0.657489769315602,0.51119809744959,0.731594881978755,-5.37660174694943,FALSE
"P21589","Interaction_Low",0.127131227851689,7.1587932737054,0.655185296727716,0.512693533473359,0.733003516451443,-5.37143615804158,FALSE
"P00492","Interaction_Low",0.213068552741315,6.93625329856206,0.653185485433736,0.514029057581795,0.73405968037493,-5.31791657083289,FALSE
"P08758","Interaction_Low",0.174890432704673,7.75782089143804,0.6514739490519,0.515040161123273,0.73405968037493,-5.42528067882248,FALSE
"P16452","Interaction_Low",0.266442437232328,8.99437211444583,0.650819838849733,0.51545499630817,0.73405968037493,-5.43482750226079,FALSE
"P13639","Interaction_Low",0.139807973942737,7.58573492878894,0.650467633437954,0.515682221103608,0.73405968037493,-5.4328812360169,FALSE
"P26447","Interaction_Low",0.14345021785884,10.5362318613705,0.649983622696364,0.515991741853507,0.73405968037493,-5.43530442147069,FALSE
"P60900","Interaction_Low",0.169739988239163,7.61762097464729,0.647152345285702,0.517847573229493,0.735969692776108,-5.39941738132818,FALSE
"P48643","Interaction_Low",0.1818469279991,7.0603706960142,0.645922233992816,0.518650018543274,0.73638032335748,-5.40322042706143,FALSE
"P30740","Interaction_Low",0.210973689395219,7.80272640707239,0.644857586725201,0.51931908880772,0.736600962759912,-5.41533906163243,FALSE
"P11217","Interaction_Low",0.393858713963985,8.94233028754657,0.64389788417686,0.519986889373459,0.736819366958044,-5.36363596032275,FALSE
"Q02818","Interaction_Low",0.117244904777902,8.53375996100122,0.6397024697178,0.522649644810869,0.739579446029576,-5.44108569886915,FALSE
"P78527","Interaction_Low",-0.357671946282901,9.8700004456879,-0.638919201010437,0.523223298918875,0.739579446029576,-5.34047510886634,FALSE
"Q9ULV4","Interaction_Low",0.261653231188872,7.96139469694375,0.637900467334815,0.523870627368871,0.739579446029576,-5.38147313861538,FALSE
"P05089","Interaction_Low",-0.166779690501505,9.06051742196426,-0.637637602557667,0.523997710715516,0.739579446029576,-5.43355609769011,FALSE
"P08311","Interaction_Low",0.183807453629367,9.27041425886932,0.636434637307081,0.524775616507051,0.739949099381624,-5.44197135070947,FALSE
"Q9HCB6","Interaction_Low",0.171308592138463,7.49377874467116,0.631505170884165,0.528029100860197,0.743805236378706,-5.3974702996721,FALSE
"Q9H4B7","Interaction_Low",-0.247816938149494,9.61681593635641,-0.628411083560284,0.530014041404543,0.745868631377934,-5.44517313562997,FALSE
"P10644","Interaction_Low",-0.185048955970123,7.55584653349951,-0.62726909584991,0.53080200560874,0.746245172591111,-5.39315075106731,FALSE
"P62826","Interaction_Low",-0.192791844626756,11.7218192147756,-0.625514437695756,0.531909718356848,0.747070064763682,-5.44891278147507,FALSE
"Q14213","Interaction_Low",0.133041914295654,7.51480855932511,0.624304346908302,0.532771130749095,0.747547750972801,-5.37033203431066,FALSE
"P60842","Interaction_Low",-0.166445227805222,7.57945332986004,-0.62288470440385,0.533642267306773,0.748038134230608,-5.44017348696844,FALSE
"Q16658","Interaction_Low",0.176236666802776,6.41987347472856,0.620110522001125,0.535536751895267,0.748856808836315,-5.36505319780188,FALSE
"P62136","Interaction_Low",-0.19138939875839,6.65518436711675,-0.620058898694847,0.535547025059465,0.748856808836315,-5.38609367798395,FALSE
"P17980","Interaction_Low",0.189813102812892,7.51954974829819,0.619623246136232,0.535792946907991,0.748856808836315,-5.43807213121628,FALSE
"Q92614","Interaction_Low",0.192691932976539,7.57484025169666,0.616325229285279,0.538006352303289,0.750240971400852,-5.37698106936392,FALSE
"P50148","Interaction_Low",-0.16919636727026,7.41826653762854,-0.616124179753836,0.538118939480573,0.750240971400852,-5.41668041792883,FALSE
"Q13885","Interaction_Low",-0.151703542655433,9.84143435867908,-0.615720514311951,0.538352830942452,0.750240971400852,-5.45260665753312,FALSE
"Q86VP6","Interaction_Low",0.151523568117856,7.89533963043312,0.614667332858504,0.539045080497321,0.75033346952877,-5.45477857596589,FALSE
"P03950","Interaction_Low",0.256356141352864,9.87591082263149,0.614035807319433,0.53946569531671,0.75033346952877,-5.45350861890591,FALSE
"P36915","Interaction_Low",0.216612968653694,6.89470262497097,0.613288240165495,0.540055029078515,0.750425302033518,-5.33147316492254,FALSE
"P00338","Interaction_Low",0.173896066447632,9.06440036887043,0.608227765874616,0.543303749704396,0.753811859776103,-5.45821244435409,FALSE
"Q06033","Interaction_Low",0.0971669372935615,17.8933602998174,0.607865901431317,0.543543558583326,0.753811859776103,-5.45840433537701,FALSE
"P06744","Interaction_Low",-0.223934161209072,7.33467484437811,-0.605154499500723,0.545378991891472,0.755379209512258,-5.40541479189079,FALSE
"Q86UX7","Interaction_Low",-0.188118292594186,10.1858235340547,-0.60457444835625,0.545727239229219,0.755379209512258,-5.46014450614824,FALSE
"P78417","Interaction_Low",0.171487683592872,9.64712903841864,0.603772693584904,0.546261363070119,0.755389387312006,-5.46056553515388,FALSE
"P21333","Interaction_Low",-0.215217833315084,10.0672036214897,-0.602447586688816,0.547140600914441,0.755576639695422,-5.46126394757128,FALSE
"Q12913","Interaction_Low",-0.100481796186601,9.70641249931558,-0.601981490656877,0.547450577854633,0.755576639695422,-5.46150874398538,FALSE
"Q9UBX7","Interaction_Low",0.2001881994012,11.0180551557968,0.600522377706907,0.548431028438379,0.756202014212149,-5.44998817949378,FALSE
"Q8N128","Interaction_Low",0.14259817994667,7.48783407486613,0.598958642296229,0.549486866576821,0.75693003522686,-5.42530714312596,FALSE
"P08727","Interaction_Low",0.184031812262255,8.59562852535552,0.595920953234852,0.551517630323419,0.758741449397873,-5.41374218193562,FALSE
"P54920","Interaction_Low",0.135981662088199,8.24123071567744,0.594514356967419,0.552432529546812,0.758741449397873,-5.46070007347751,FALSE
"Q5JWF2","Interaction_Low",-0.159421911845614,6.94996853826182,-0.594065313840389,0.552778259053985,0.758741449397873,-5.39679566529898,FALSE
"Q14344","Interaction_Low",-0.162911210521275,6.67340750972121,-0.592405718337572,0.55389579245499,0.758741449397873,-5.39785382175726,FALSE
"Q14684","Interaction_Low",0.141099658325571,13.6030460152482,0.591904261339277,0.554187935817619,0.758741449397873,-5.43760893325899,FALSE
"Q6X4W1","Interaction_Low",0.242079427108163,10.9331176444031,0.591935229258739,0.554203207049254,0.758741449397873,-5.39967995980992,FALSE
"P22223","Interaction_Low",0.290988330493509,8.65041872519632,0.591361966782176,0.554580519852222,0.758741449397873,-5.39702899359149,FALSE
"P28066","Interaction_Low",-0.147155323052513,7.44009016251131,-0.589898361120725,0.555543140059461,0.758741449397873,-5.43346268330208,FALSE
"O43173","Interaction_Low",0.128396500909481,6.86740681931493,0.589918172378024,0.555563822780869,0.758741449397873,-5.4055040516699,FALSE
"O95744","Interaction_Low",0.218212965951931,10.5962809379502,0.586320853982147,0.557965036504793,0.761295777685893,-5.38616667474433,FALSE
"A0A0G2JS06","Interaction_Low",0.270738603736007,10.5561461326539,0.585373122373632,0.558584175226015,0.761416071553332,-5.42287394295934,FALSE
"P16949","Interaction_Low",-0.141727700625983,8.2584548109497,-0.5802901773065,0.561993216728765,0.764735096622723,-5.44818511721986,FALSE
"Q99435","Interaction_Low",-0.140892375396957,9.42658302999995,-0.58012741372361,0.562085628898431,0.764735096622723,-5.47087129771691,FALSE
"O60844","Interaction_Low",-0.157636668824948,7.235629263586,-0.57787945726529,0.563686367200429,0.766186019493285,-5.34656481271439,FALSE
"Q8WVV4","Interaction_Low",0.160769923854749,7.01356387567245,0.576134054854648,0.564824899093708,0.767006539110206,-5.40214144427206,FALSE
"P21926","Interaction_Low",-0.115144761141476,11.4043040518504,-0.570241609469756,0.568764684079638,0.771625881712584,-5.47598974982415,FALSE
"Q01813","Interaction_Low",-0.204769610562333,6.95994896091103,-0.569342864851186,0.569462927198476,0.77166740159619,-5.35231646487949,FALSE
"P07910","Interaction_Low",0.126355439858846,8.38794334764666,0.568611897934468,0.569871532977939,0.77166740159619,-5.47173423075323,FALSE
"P20930","Interaction_Low",-0.143403724857698,8.55168975297521,-0.56744236958617,0.570664556085931,0.772012239082288,-5.47656320360736,FALSE
"Q15366","Interaction_Low",0.161914007898632,7.52903571261691,0.565430050704348,0.572063989599225,0.773176023643062,-5.43094106725107,FALSE
"P04075","Interaction_Low",0.141773248199053,9.79401082826091,0.564097072559672,0.572932894219766,0.773621252647029,-5.4807732582741,FALSE
"O75347","Interaction_Low",0.189174602529145,7.5960979704737,0.561862867248151,0.574524478991433,0.775040548328989,-5.36882242411086,FALSE
"Q01082","Interaction_Low",0.254826904823155,8.15928146362381,0.560139206628913,0.575640702783852,0.775816511082748,-5.46542364947781,FALSE
"P31948","Interaction_Low",0.170348839011425,8.38158587049783,0.558411984458758,0.576808850396418,0.776660930956304,-5.48025367527058,FALSE
"Q96QR1","Interaction_Low",0.130930101452993,10.4275843966354,0.556911059726555,0.577843214545266,0.776762035609765,-5.45974004165204,FALSE
"P67936","Interaction_Low",0.21301486760634,9.97488390188142,0.556450979873621,0.57814403017853,0.776762035609765,-5.48450933809019,FALSE
"P00568","Interaction_Low",0.170350490230888,8.6421613641535,0.5559236828919,0.578508963759574,0.776762035609765,-5.47845297441859,FALSE
"P63000","Interaction_Low",-0.129681784845424,9.51532367929739,-0.553239943631851,0.580353744789897,0.778510074863155,-5.46632860127662,FALSE
"P01701","Interaction_Low",0.204479415467699,12.7768259675304,0.55054490435425,0.582185072049582,0.780236816186076,-5.4830785850184,FALSE
"Q02817","Interaction_Low",0.174942573273955,7.84585650726423,0.548400297792309,0.583688081766177,0.781520736930623,-5.43767435049748,FALSE
"Q9UGM3","Interaction_Low",-0.125953381591986,8.55711416424444,-0.547525770992187,0.584260636241345,0.781557604822844,-5.47706730718198,FALSE
"Q9BX97","Interaction_Low",0.115983962637676,7.5249005837609,0.545851447696595,0.585426723043524,0.78238762427252,-5.46055266654279,FALSE
"P49257","Interaction_Low",0.124456518151012,7.8521838951863,0.544166987966386,0.586576863984174,0.78277727392006,-5.46468087370631,FALSE
"Q96M27","Interaction_Low",0.106149095611692,6.8903260568119,0.543735476624275,0.586903632738133,0.78277727392006,-5.42328171269316,FALSE
"Q9NP72","Interaction_Low",-0.153604702727922,6.85917119828735,-0.541548870669865,0.588445382630239,0.78277727392006,-5.36718626105689,FALSE
"P24158","Interaction_Low",-0.26586054854519,7.73847548064312,-0.541464699476819,0.588501678841237,0.78277727392006,-5.36139617841191,FALSE
"P36578","Interaction_Low",0.166233363489831,7.42323898787372,0.540710596559293,0.588983467180312,0.78277727392006,-5.42616488791116,FALSE
"O75955","Interaction_Low",0.143726246375913,7.34043308252422,0.540142181599649,0.589336829211951,0.78277727392006,-5.48458885992813,FALSE
"P06702","Interaction_Low",0.181578915756351,11.6268807621307,0.539840931221516,0.589539369479543,0.78277727392006,-5.49245129082331,FALSE
"O14818","Interaction_Low",0.138437489479218,8.47861810806225,0.537345797494981,0.591263801484584,0.784340695031354,-5.48822788026384,FALSE
"Q96CX2","Interaction_Low",0.102590473322981,6.51348152036878,0.535498773660056,0.592594948372994,0.785048838483898,-5.41578346941174,FALSE
"P46459","Interaction_Low",-0.173748540921357,7.17099264976762,-0.53500992417607,0.592892532829889,0.785048838483898,-5.47010331305887,FALSE
"Q15907","Interaction_Low",-0.14111736113723,8.95502711134975,-0.532471804142598,0.594629558767292,0.786274815671313,-5.49414539870014,FALSE
"P84095","Interaction_Low",-0.0958106514866861,7.78138279760692,-0.532069251246515,0.594915045330108,0.786274815671313,-5.48934244851772,FALSE
"P10321","Interaction_Low",0.128121652376189,8.15859303886515,0.53024249172313,0.596205604949597,0.787254914822948,-5.44513915638459,FALSE
"P02649","Interaction_Low",0.0692442546010845,16.5870912448175,0.527973586048486,0.597744388223962,0.787884542964556,-5.49797806078196,FALSE
"O95715","Interaction_Low",0.129007752427285,8.76671663485513,0.527954611872229,0.597781298985661,0.787884542964556,-5.47030665001015,FALSE
"P00325","Interaction_Low",-0.145262161542666,8.53607392474214,-0.525421466113218,0.599528602548447,0.788006571598822,-5.478994211214,FALSE
"Q16851","Interaction_Low",-0.155524073832964,7.15142336863919,-0.524342092458746,0.60029287947797,0.788006571598822,-5.46474067125705,FALSE
"P19013","Interaction_Low",0.131064574497074,12.9792234996586,0.524175328904994,0.60038186831849,0.788006571598822,-5.49716380247806,FALSE
"P06733","Interaction_Low",0.107435971511267,12.3827193222578,0.522848491200466,0.6013038675627,0.788006571598822,-5.50032694523515,FALSE
"Q96CW1","Interaction_Low",0.132076980026585,7.08710187003821,0.522823113121569,0.601354341299232,0.788006571598822,-5.45845538638202,FALSE
"P05090","Interaction_Low",-0.0802946759845184,12.5090928069042,-0.522239151573813,0.601727703435209,0.788006571598822,-5.50060468978719,FALSE
"P02545","Interaction_Low",0.152185588513291,8.97689336036018,0.521789814139072,0.602050279342893,0.788006571598822,-5.49184923538683,FALSE
"P31151","Interaction_Low",0.151454526995396,9.06728508825406,0.521488914338901,0.602270015671067,0.788006571598822,-5.46734588127694,FALSE
"P07384","Interaction_Low",0.102436214866033,10.3337772026497,0.520029436645601,0.603265838147058,0.788589983503082,-5.50160919156011,FALSE
"P10599","Interaction_Low",0.115634940377831,9.21673893968968,0.519087494415034,0.60392290624106,0.788729915801165,-5.49684555130487,FALSE
"Q13418","Interaction_Low",-0.15157225900429,9.40625799848527,-0.517309005663917,0.605161902956981,0.789047788124409,-5.50284001405329,FALSE
"P05386","Interaction_Low",0.113926635884575,8.52301341331791,0.5171747734143,0.60526678308009,0.789047788124409,-5.48836441225556,FALSE
"P25788","Interaction_Low",0.130287849022682,7.65030621360933,0.511452083848367,0.609269932781588,0.792220083064545,-5.48342821789947,FALSE
"Q01518","Interaction_Low",0.171613260494079,10.0188308191564,0.510797091086221,0.609711368214,0.792220083064545,-5.50576005124625,FALSE
"P38606","Interaction_Low",0.16847975669708,6.60261101412467,0.510582561331533,0.609893444696293,0.792220083064545,-5.4588582425358,FALSE
"P07339","Interaction_Low",0.112694503007065,9.11978319751669,0.51051324186195,0.609910022108269,0.792220083064545,-5.50588649299809,FALSE
"O00232","Interaction_Low",0.151438706642727,7.37854505275025,0.507021390085455,0.612391770050905,0.79472379932398,-5.4509272328388,FALSE
"P52907","Interaction_Low",-0.119350615905196,9.00731496348031,-0.499211696075706,0.617844030669919,0.798929857040482,-5.5096142072233,FALSE
"P53367","Interaction_Low",-0.284984257884634,13.5885990659273,-0.498911176005059,0.618111788010331,0.798929857040482,-5.42571158629786,FALSE
"P01344","Interaction_Low",0.0896392118354523,10.9390044867965,0.498090027568106,0.618632985129124,0.798929857040482,-5.51135133715705,FALSE
"O15145","Interaction_Low",0.140827993729061,8.17446424303002,0.497902745143175,0.618769523543842,0.798929857040482,-5.50466650502658,FALSE
"Q05682","Interaction_Low",-0.17570389456026,7.03747676900579,-0.497226620147882,0.619268607187232,0.798929857040482,-5.45748243945715,FALSE
"P63313","Interaction_Low",-0.128471283762526,8.95094802056824,-0.495447214519075,0.620510006806991,0.798929857040482,-5.49673288051835,FALSE
"P05023","Interaction_Low",0.0868681670128879,7.81301349238323,0.495112731620131,0.620735231767044,0.798929857040482,-5.5092198072135,FALSE
"P60033","Interaction_Low",0.0933563594563616,10.7007451178476,0.494675183280609,0.62104388863737,0.798929857040482,-5.50804160887872,FALSE
"P61160","Interaction_Low",0.146065573638598,8.47895240766827,0.493972787835556,0.621539093059731,0.798929857040482,-5.50965893202947,FALSE
"Q5H9R7","Interaction_Low",0.15299405569145,6.2024474221783,0.493754367831714,0.621748271089897,0.798929857040482,-5.42673034768,FALSE
"Q7Z6Z7","Interaction_Low",-0.129445090319563,7.2016888786457,-0.493659138848378,0.621761311336944,0.798929857040482,-5.50497012945126,FALSE
"P47755","Interaction_Low",-0.127420347203796,7.99623947395014,-0.49180309513462,0.623090839792813,0.799418560672872,-5.47259529441118,FALSE
"Q16181","Interaction_Low",0.49009136024536,11.5200606895582,0.491589668491799,0.623256590538543,0.799418560672872,-5.46142662790159,FALSE
"Q9BXT2","Interaction_Low",0.119752613907872,8.77237096449732,0.487105266635423,0.626457696987424,0.801915456278886,-5.40589998935877,FALSE
"P62191","Interaction_Low",0.189242678497158,7.97036545737315,0.486909661606261,0.62655965418126,0.801915456278886,-5.46587164488117,FALSE
"Q00013","Interaction_Low",0.147236812405184,8.71954982252292,0.486418402241106,0.626880911079938,0.801915456278886,-5.51126563788508,FALSE
"P21281","Interaction_Low",0.168630786982977,6.85955223862479,0.483803100150882,0.628803147810214,0.803657499072947,-5.39927037582909,FALSE
"Q8WUM4","Interaction_Low",0.144839423195711,10.5002343077627,0.482311574910504,0.629788926360355,0.804200641496659,-5.51809902990022,FALSE
"P81605","Interaction_Low",-0.10323934946372,12.8945605089236,-0.477663444352244,0.633091816305137,0.807698989841251,-5.5200453404331,FALSE
"A0A075B6I0","Interaction_Low",0.222905134990611,12.0743134079055,0.474323088593211,0.635490963632338,0.809775542920682,-5.48260488915374,FALSE
"Q8TD06","Interaction_Low",-0.100854406411866,8.06156396628907,-0.473806268210896,0.635848857272446,0.809775542920682,-5.49469184548938,FALSE
"Q9ULF5","Interaction_Low",0.200234266550135,9.85140039964801,0.471174284262372,0.63773234221081,0.811024515877079,-5.49024519428852,FALSE
"P49327","Interaction_Low",0.208266740425104,7.08327880230474,0.470897097181207,0.637960707049752,0.811024515877079,-5.43774169750281,FALSE
"Q12907","Interaction_Low",0.0742188983489793,9.51970807583091,0.468512213028736,0.639617906159196,0.811255325683032,-5.51656194840748,FALSE
"P37840","Interaction_Low",0.163989669340678,9.39023301811042,0.468191644664899,0.639845411229339,0.811255325683032,-5.52395287170034,FALSE
"P25705","Interaction_Low",0.202949924812428,7.65840412746712,0.467960879968052,0.640035377244105,0.811255325683032,-5.48188909112961,FALSE
"P01732","Interaction_Low",-0.143639773356307,7.65808385097297,-0.466647349549707,0.640988225945642,0.811255325683032,-5.4665498448002,FALSE
"P37837","Interaction_Low",0.130382180057897,8.20036113124803,0.466498931312581,0.641058961439794,0.811255325683032,-5.5158931912266,FALSE
"P39687","Interaction_Low",0.110910545631189,9.43858952335655,0.465833307131296,0.641536638301645,0.811255325683032,-5.5176922262857,FALSE
"P07741","Interaction_Low",0.117051040289155,9.24875335991482,0.464636442204127,0.642394264077674,0.811624118667299,-5.51860300676967,FALSE
"Q8NBJ7","Interaction_Low",0.108459985418599,7.97717781860112,0.463575814951653,0.643192076847572,0.811661755986366,-5.44952888528313,FALSE
"P02730","Interaction_Low",0.1697626483225,12.6738209139273,0.463004574887642,0.643556078491281,0.811661755986366,-5.52606011558786,FALSE
"P34932","Interaction_Low",0.110868161404303,7.10778220904259,0.462159910685554,0.644176681327654,0.811730545715163,-5.49523296120517,FALSE
"P23634","Interaction_Low",0.0898983374118787,7.14672365009928,0.460205808715959,0.645571584265677,0.812631900694071,-5.51116680721254,FALSE
"P01116","Interaction_Low",-0.112267332219576,8.09842352474422,-0.45922254767386,0.64631389690198,0.812631900694071,-5.43778290138287,FALSE
"Q9Y6B6","Interaction_Low",-0.107035024191555,8.4033985635945,-0.458786925868511,0.646592049297026,0.812631900694071,-5.50331704803904,FALSE
"Q92496","Interaction_Low",0.12625710459454,9.63473419119567,0.455620601737377,0.648866503010205,0.814064335883144,-5.50429474048449,FALSE
"P08238","Interaction_Low",0.0811596070081553,12.9432715320142,0.454767319911969,0.649467693865949,0.814064335883144,-5.52935780637463,FALSE
"Q8N1N4","Interaction_Low",-0.123370075026259,9.14533230381043,-0.454766593579003,0.649468586571772,0.814064335883144,-5.52935779592672,FALSE
"O00151","Interaction_Low",0.174656686489913,9.42881383333041,0.454038763846846,0.650002555499442,0.814064335883144,-5.50086170524916,FALSE
"Q96AP7","Interaction_Low",-0.179261158514239,6.7068927779864,-0.450217673496563,0.652814650953847,0.816311750206065,-5.39530794559814,FALSE
"Q9NZN3","Interaction_Low",0.107869331262567,8.93137232727097,0.449951112852166,0.652935549153666,0.816311750206065,-5.53000133496759,FALSE
"O75874","Interaction_Low",-0.103907987488177,8.12115255390187,-0.445986946039268,0.65579463850961,0.817914347379651,-5.53022405175138,FALSE
"Q99969","Interaction_Low",0.0879081157134927,12.6740520470718,0.445700059877632,0.656000656936396,0.817914347379651,-5.53291939849924,FALSE
"P23588","Interaction_Low",0.237173088774108,8.92201182114604,0.44566068657737,0.656092497831891,0.817914347379651,-5.4035154303491,FALSE
"Q14974","Interaction_Low",0.125141443409253,7.21598189421336,0.445020450976014,0.656498893887014,0.817914347379651,-5.52230174760458,FALSE
"P58546","Interaction_Low",0.128554286996553,7.85364295499805,0.438900953203466,0.660938682221363,0.822249691886791,-5.49011609555848,FALSE
"P35527","Interaction_Low",-0.116457711265262,14.6157384664334,-0.438612869771557,0.661125449613298,0.822249691886791,-5.5356533262312,FALSE
"O14745","Interaction_Low",0.0872892970776435,8.16868954027548,0.433805290842969,0.664612007999953,0.825869687583997,-5.53622344435128,FALSE
"O95747","Interaction_Low",-0.113687394583099,8.25093890859041,-0.431392092715644,0.666373584805984,0.82734174944743,-5.52231762490048,FALSE
"P22692","Interaction_Low",0.0944157916497197,13.9947803247076,0.42850804018207,0.668462353646718,0.827869351422613,-5.5374006503541,FALSE
"P62736","Interaction_Low",-0.122256716194713,11.2847387127707,-0.428424066757395,0.668520985983675,0.827869351422613,-5.53950699960078,FALSE
"P22234","Interaction_Low",0.117567950605624,7.18792767955495,0.428104735478416,0.668789924865119,0.827869351422613,-5.47009762109231,FALSE
"P02549","Interaction_Low",-0.209553542473479,10.1123705972051,-0.425710742117237,0.670495940613586,0.827869351422613,-5.54051799133976,FALSE
"P61020","Interaction_Low",0.095453832943651,7.14228459781321,0.424620952209338,0.67130791836097,0.827869351422613,-5.51201994115212,FALSE
"O43242","Interaction_Low",0.123982210950394,6.74312567089265,0.424450728740148,0.671465574535241,0.827869351422613,-5.43458618124747,FALSE
"P30273","Interaction_Low",-0.0886651100806031,8.26531640914818,-0.424238830481909,0.671578380987072,0.827869351422613,-5.52017815486882,FALSE
"Q8IYI6","Interaction_Low",-0.0987748531962414,8.77637543573808,-0.423228870546374,0.672329775767975,0.827869351422613,-5.50051955143313,FALSE
"P08519","Interaction_Low",0.123285293426932,16.033889218948,0.422955265519238,0.672503916173881,0.827869351422613,-5.54153812051884,FALSE
"Q9UL25","Interaction_Low",-0.102840278290862,6.81827425329881,-0.42294430932953,0.67257168368713,0.827869351422613,-5.43304573020806,FALSE
"P14317","Interaction_Low",0.11081804491476,8.04423335014254,0.421835616572407,0.673324316671758,0.828084965786707,-5.53580281382082,FALSE
"P05141","Interaction_Low",-0.162063158489828,8.3219294238034,-0.420936707249986,0.674015811245208,0.828225084255037,-5.46737077538958,FALSE
"P22626","Interaction_Low",0.158492542456952,7.53288911538323,0.416640561464928,0.677148478633523,0.831362087637391,-5.47171267313768,FALSE
"P20810","Interaction_Low",0.132554182669653,7.70905480461621,0.414960870251642,0.678377232909795,0.832158213851707,-5.48571685734208,FALSE
"P05121","Interaction_Low",0.107286653961631,7.57330559321297,0.412265143550852,0.680348854834693,0.83386346823329,-5.47825585280038,FALSE
"P00918","Interaction_Low",0.134860079509206,10.490286440996,0.411294462620146,0.681027208823151,0.833982081513577,-5.54578189100759,FALSE
"Q93084","Interaction_Low",0.184716516120345,8.0537459617487,0.408973432044277,0.682770350099766,0.835403312323434,-5.46142928788127,FALSE
"Q13642","Interaction_Low",-0.129488443491962,9.01164399220687,-0.406554330508139,0.684519010507629,0.836684146814964,-5.5076718507156,FALSE
"Q6UWP8","Interaction_Low",0.0899655216294981,8.86699732756677,0.404948859880471,0.685682739750177,0.836684146814964,-5.54804146700917,FALSE
"P62879","Interaction_Low",0.0740012033922479,10.1651402543917,0.404333658243857,0.686134730623883,0.836684146814964,-5.54825866448141,FALSE
"P40121","Interaction_Low",0.119064402993088,6.6062492039543,0.404393683595967,0.686151015798046,0.836684146814964,-5.42258759655946,FALSE
"Q9UBP0","Interaction_Low",0.132026501215558,13.8737837886197,0.403251929001289,0.686945284721938,0.836940984104723,-5.50911129465845,FALSE
"Q9BX67","Interaction_Low",-0.149467156899714,8.84899437266257,-0.399607649116928,0.689640058132073,0.839510902683695,-5.48064064582437,FALSE
"P01040","Interaction_Low",-0.101781328488569,10.1976676246588,-0.398057693529938,0.690754700801528,0.840083701789934,-5.54795284607285,FALSE
"P30613","Interaction_Low",0.0872057164356193,10.1393056742847,0.397339420500959,0.691282265071214,0.840083701789934,-5.54974052939897,FALSE
"P28676","Interaction_Low",0.126386274604563,8.26663125603346,0.392555498752273,0.694831011574469,0.843352037090861,-5.51034567555676,FALSE
"A0A0J9YXX1","Interaction_Low",0.199607408472726,10.1658749920258,0.392164450959873,0.69514791341799,0.843352037090861,-5.4421132945854,FALSE
"Q96Q06","Interaction_Low",0.0855584284878219,8.04826891436327,0.387154938986793,0.698803465642091,0.846383101610412,-5.54331280156217,FALSE
"Q8NI51","Interaction_Low",0.164215585700562,12.5696084430357,0.38681617116825,0.699060040579485,0.846383101610412,-5.53273694090496,FALSE
"P63104","Interaction_Low",0.108665364921478,10.7482325970314,0.386322379483435,0.699416998192704,0.846383101610412,-5.55447130546264,FALSE
"P02655","Interaction_Low",-0.0621559243877599,16.9610412985901,-0.38424229635473,0.700956991622774,0.847517837560035,-5.55517056986762,FALSE
"P60520","Interaction_Low",0.0891183098687245,7.11976079200681,0.383496961673113,0.701536731648369,0.847517837560035,-5.49424678525863,FALSE
"O15117","Interaction_Low",-0.131111999118303,6.78928149764094,-0.382070256856558,0.702597318735879,0.848035022048981,-5.49684072150175,FALSE
"Q9UBS3","Interaction_Low",0.0875268691252566,7.57599683474601,0.381314080561577,0.703147588016902,0.848035022048981,-5.51185414247442,FALSE
"P08254","Interaction_Low",0.0841573258585573,9.21836908683984,0.378186934435746,0.705447090880874,0.849848749152649,-5.55718473108005,FALSE
"O95810","Interaction_Low",-0.147271372867882,8.6981532830752,-0.377665836819063,0.705836722622598,0.849848749152649,-5.55172907876061,FALSE
"P13929","Interaction_Low",0.110870183379454,8.25455558862086,0.375256948708013,0.707624007731343,0.851285928764048,-5.55428679818494,FALSE
"O75165","Interaction_Low",0.147841402277949,7.6100268827371,0.370458042275828,0.711233214050538,0.854566366634448,-5.46012924897811,FALSE
"P11171","Interaction_Low",0.14785481438247,8.86811455396398,0.36943747771569,0.71195394343279,0.854566366634448,-5.55907165030633,FALSE
"Q6KB66","Interaction_Low",0.136949093377488,9.52359920940855,0.369196075394212,0.71213863886204,0.854566366634448,-5.54838698985085,FALSE
"P23141","Interaction_Low",0.0658330686965902,6.36581929569364,0.36739380948388,0.713480875668508,0.855461183702877,-5.54919361911204,FALSE
"O00161","Interaction_Low",-0.117016181036899,7.30420776889931,-0.366389272434558,0.714270015967262,0.855691898827948,-5.46088716347168,FALSE
"P07195","Interaction_Low",0.103072966236704,9.05201633787141,0.365452379659542,0.714923629597438,0.855760004042343,-5.55871071008537,FALSE
"P19367","Interaction_Low",-0.185789822338871,7.41152132612373,-0.364264228841548,0.715863545041522,0.856102265017483,-5.44568294436682,FALSE
"P62937","Interaction_Low",0.0843047354941735,11.0535058900831,0.363121787185609,0.716662451377877,0.856102265017483,-5.56205703716976,FALSE
"Q15365","Interaction_Low",0.0941702282798644,7.87666505052746,0.361656889968463,0.717766416958015,0.856102265017483,-5.54693681724618,FALSE
"Q99497","Interaction_Low",0.104467078551783,8.74573045486422,0.361564179638306,0.717835337052763,0.856102265017483,-5.53278928589165,FALSE
"P68402","Interaction_Low",0.0837935898877848,7.93985334999542,0.360726952116607,0.718463411577043,0.856102265017483,-5.53686235366625,FALSE
"P48059","Interaction_Low",-0.0999202845052345,8.77399241964634,-0.36028165731772,0.718791580949128,0.856102265017483,-5.54944382766982,FALSE
"Q92688","Interaction_Low",0.0834788342798038,9.52771836587582,0.358687905634186,0.719981641272738,0.856808027871458,-5.55128009526959,FALSE
"Q96KP4","Interaction_Low",0.123488054990842,7.2809326091025,0.356372180844082,0.721719908939324,0.858164468838301,-5.54259330834776,FALSE
"P00966","Interaction_Low",0.0863888954903302,7.86739839602239,0.35541304485888,0.722432942428265,0.858300612628113,-5.54199111292723,FALSE
"P02538","Interaction_Low",0.0830791803494701,14.7975265149345,0.354155007921304,0.723367233970906,0.858699183372747,-5.56486307604075,FALSE
"P69891","Interaction_Low",-0.136582203151306,17.4526143943947,-0.350168365213115,0.726355077929531,0.861532821961081,-5.56608812719066,FALSE
"P10451","Interaction_Low",0.0598569568874705,12.3126779788882,0.348008093896907,0.727975872145502,0.86249707821128,-5.56674616425285,FALSE
"P02042","Interaction_Low",0.119929901439397,13.2833962962613,0.34748174428086,0.728370963538256,0.86249707821128,-5.56690587819996,FALSE
"Q9H299","Interaction_Low",-0.100990021861508,8.93409782314612,-0.346201957097583,0.72933583180133,0.862927048517415,-5.55643608982337,FALSE
"P18577","Interaction_Low",-0.115847851870786,9.71054162221855,-0.34334342213379,0.731484271378752,0.864755519502993,-5.55943037343182,FALSE
"P19971","Interaction_Low",0.0674544552702381,7.15135146801673,0.340424317956888,0.73367869146213,0.866635291232862,-5.55844786525015,FALSE
"Q15185","Interaction_Low",-0.0834498074033174,9.02689874653425,-0.339486401044366,0.734400822789492,0.866774304428091,-5.51816051471344,FALSE
"P07947","Interaction_Low",-0.0774171841133953,8.41154250434541,-0.338385922321638,0.735212860930103,0.86701911395869,-5.5636501855163,FALSE
"Q8WZ42","Interaction_Low",-0.0782833137023022,9.78697953286896,-0.334816720669451,0.737899783257153,0.869472710920918,-5.57067571700217,FALSE
"Q07020","Interaction_Low",0.110678649109696,7.37113341741622,0.331795848312537,0.740223699909213,0.871494897922669,-5.45561599823302,FALSE
"P14618","Interaction_Low",0.0855687871339281,9.90762554767167,0.32981325252444,0.741674772626952,0.872305891920021,-5.57212696532529,FALSE
"Q96L46","Interaction_Low",-0.0698062144367295,10.8305739398195,-0.329212351364342,0.742129140964034,0.872305891920021,-5.57063591615153,FALSE
"P00746","Interaction_Low",0.0716583854960007,12.1788872745757,0.324084970464214,0.746004884352459,0.876143328551536,-5.57376124207086,FALSE
"P20339","Interaction_Low",0.0629189942770711,9.18241647617759,0.32117621926231,0.748207260150262,0.878010811011028,-5.57330696853347,FALSE
"P63208","Interaction_Low",-0.0926364100199448,7.76716078842158,-0.317274984551932,0.751196631782569,0.880798013063127,-5.49297178774526,FALSE
"Q96JP9","Interaction_Low",0.0697525620144583,6.72370087527936,0.314195608483393,0.753530147141276,0.88281228022924,-5.49344240136514,FALSE
"P38571","Interaction_Low",0.0555022025110681,7.72585907088287,0.310163174059681,0.756598178582796,0.885683092316514,-5.47799865250209,FALSE
"P00326","Interaction_Low",0.0834499103387465,9.50723702676621,0.308316338183531,0.757967878465815,0.886562755073392,-5.57457063230936,FALSE
"Q9NP55","Interaction_Low",0.0953699078136303,7.91997547259747,0.30368066579722,0.761520657111704,0.889847627657156,-5.49185513963588,FALSE
"P13647","Interaction_Low",-0.0846042522400481,12.5492825171657,-0.302992763191476,0.762017354785905,0.889847627657156,-5.57953212830148,FALSE
"P05062","Interaction_Low",0.177828472280773,9.25785699932758,0.302182766560823,0.762656649069925,0.889869515676382,-5.50881628634731,FALSE
"P21291","Interaction_Low",-0.0736523353318344,8.92737837303985,-0.300196844573377,0.76414943807521,0.890886418048659,-5.57418173272646,FALSE
"A0A075B6H9","Interaction_Low",-0.118179149695926,10.7077033239488,-0.297266530589046,0.766385132795611,0.892236338769283,-5.57125588593768,FALSE
"P26599","Interaction_Low",-0.0999702856335993,7.0134085607361,-0.297095264481307,0.766551722010988,0.892236338769283,-5.47725312269047,FALSE
"Q07960","Interaction_Low",-0.072772645299473,7.91996207824323,-0.290947005076574,0.771210933789928,0.89653159873213,-5.57709102712449,FALSE
"P32119","Interaction_Low",0.0979935817058468,12.1770416152324,0.290575885374349,0.771492324153032,0.89653159873213,-5.58274795203487,FALSE
"P04921","Interaction_Low",-0.0735262835069772,8.76917039648236,-0.289524458374536,0.772319105536913,0.896765665862294,-5.51003402709364,FALSE
"Q9UBU3","Interaction_Low",0.0733836958219953,8.79786820446748,0.288557631325179,0.773064842967701,0.89690532752078,-5.48784679841524,FALSE
"P05186","Interaction_Low",0.0638716907133343,6.64416715983363,0.287644645168083,0.773764254330621,0.896991059587802,-5.48990900230129,FALSE
"P04259","Interaction_Low",0.0516784286113126,14.4216868862115,0.284697886061158,0.775989706654633,0.898708922003695,-5.58422338023604,FALSE
"P18065","Interaction_Low",0.0950040333220592,11.9484702190205,0.283649827970381,0.776793730206921,0.898708922003695,-5.5747504416831,FALSE
"P35749","Interaction_Low",-0.121342427720091,9.52261335525981,-0.282519103635496,0.777695929006271,0.898708922003695,-5.45898144412243,FALSE
"O43488","Interaction_Low",0.083161036326354,7.07182046940648,0.281437745761529,0.77851577235826,0.898708922003695,-5.49829841254447,FALSE
"Q6P3X8","Interaction_Low",-0.074413069167413,9.4800066615268,-0.28073840508527,0.779037941369052,0.898708922003695,-5.53473277304345,FALSE
"Q96DA0","Interaction_Low",0.0652566622714197,8.40210118876741,0.279982081155726,0.779606453040992,0.898708922003695,-5.57536683798785,FALSE
"O95466","Interaction_Low",0.064327162988616,6.12674271442572,0.279690590352344,0.779849519918979,0.898708922003695,-5.50917904612039,FALSE
"P08670","Interaction_Low",0.0931096940100815,8.5443285117258,0.278736324288769,0.780559601674932,0.898708922003695,-5.58083192892406,FALSE
"O00410","Interaction_Low",0.0814724174213213,6.20982297636754,0.278343816128364,0.780886552870714,0.898708922003695,-5.49989021273524,FALSE
"Q9UIQ6","Interaction_Low",-0.0689384499282024,6.95431634648819,-0.276152578156121,0.782564933472515,0.899918295589083,-5.51255606337637,FALSE
"Q15833","Interaction_Low",0.0999044521744583,7.2884459124441,0.273294989499305,0.784749506859571,0.900501313765283,-5.54603547804392,FALSE
"P62942","Interaction_Low",-0.0635640858909179,7.93440616698103,-0.272360796293985,0.785459680786801,0.900501313765283,-5.56903917290971,FALSE
"P68366","Interaction_Low",-0.0946978879590432,10.3547113227835,-0.271352504919838,0.786228540949243,0.900501313765283,-5.58746117081126,FALSE
"E9PAV3","Interaction_Low",0.0614309017568431,7.39353717190484,0.269733788838259,0.787498629393315,0.900501313765283,-5.47293270759981,FALSE
"P69905","Interaction_Low",0.101291616842708,17.1221016525983,0.269584144668527,0.787587851834721,0.900501313765283,-5.58787867446822,FALSE
"P18085","Interaction_Low",0.0672139823542546,7.63248820760927,0.26864783942505,0.78833180089175,0.900501313765283,-5.51450585959949,FALSE
"P35612","Interaction_Low",0.116209052802412,7.88962892276645,0.268625533447637,0.788339462822775,0.900501313765283,-5.53787498277598,FALSE
"P08294","Interaction_Low",0.0464909768004258,9.55487548000719,0.268369581139239,0.788521988655199,0.900501313765283,-5.58816376907095,FALSE
"Q16378","Interaction_Low",-0.0970479177377772,10.1440730591816,-0.268124065494764,0.788723605362061,0.900501313765283,-5.52918660827512,FALSE
"Q9UI15","Interaction_Low",-0.094231038648374,8.40302724159308,-0.266952648757893,0.78963492928502,0.900824573265488,-5.50712478840613,FALSE
"O60234","Interaction_Low",-0.0847083980409513,7.33468514488591,-0.263817140201852,0.792058554958814,0.902186232825244,-5.48631704763955,FALSE
"P20618","Interaction_Low",0.0679755207631922,7.57510109498544,0.263249659419157,0.792477439396549,0.902186232825244,-5.54826607509153,FALSE
"P69892","Interaction_Low",-0.109003377525172,10.4876884182868,-0.262928974624909,0.792715936792055,0.902186232825244,-5.56856183600093,FALSE
"O95782","Interaction_Low",-0.0779202509518786,6.55989398713567,-0.259673085575852,0.795247720120465,0.903192288994842,-5.4990565419428,FALSE
"P12814","Interaction_Low",-0.0870382253931528,9.12387050747892,-0.259628819164494,0.79525354379518,0.903192288994842,-5.59017753152846,FALSE
"Q9Y6E0","Interaction_Low",0.072029066296432,7.23886312609561,0.259345626073855,0.795489442817633,0.903192288994842,-5.530779404829,FALSE
"Q6UWD8","Interaction_Low",0.0488670666188371,7.21463163009614,0.258109009843872,0.796445250567076,0.903562095975622,-5.52693852710276,FALSE
"Q15942","Interaction_Low",-0.0974202861880933,9.18954328451678,-0.256388868199437,0.797753252995496,0.903644372755546,-5.58832139164163,FALSE
"P61088","Interaction_Low",0.0619910501332299,8.46165035948671,0.256224056632478,0.79788816674097,0.903644372755546,-5.56704563540868,FALSE
"O95714","Interaction_Low",-0.191572101163205,10.0526848703015,-0.255492188838967,0.798476444989036,0.903644372755546,-5.48140745386024,FALSE
"Q13740","Interaction_Low",0.0479788287680485,10.0373851217156,0.25472303181219,0.79903839934033,0.903644372755546,-5.59127856051531,FALSE
"P55056","Interaction_Low",0.0432781530060939,12.4475615596113,0.253106484967836,0.800286621337909,0.904342801417306,-5.59163677038472,FALSE
"P61158","Interaction_Low",-0.0662452012015802,7.72470077544232,-0.250538206168903,0.802273551704311,0.905874230822033,-5.58183486169638,FALSE
"O14950;P19105","Interaction_Low",-0.0890099722787969,9.65278965517322,-0.248454658862487,0.803882159100662,0.906976409244964,-5.58875352632987,FALSE
"P0DPH7;P0DPH8","Interaction_Low",-0.0760169207802477,11.0208180644804,-0.247276140771391,0.804792770105623,0.907289962524736,-5.59290977360739,FALSE
"P68871","Interaction_Low",0.0903483922162742,17.565119952175,0.245493312222047,0.80617198724331,0.90813089529215,-5.59329311723306,FALSE
"P30040","Interaction_Low",0.0820858261241106,7.2167481010568,0.24000825927203,0.810447242685854,0.91167474063204,-5.47926805895808,FALSE
"P60903","Interaction_Low",-0.0538811132238806,8.08682123292207,-0.23941935768859,0.810893559913876,0.91167474063204,-5.51717021087086,FALSE
"Q27J81","Interaction_Low",0.0871905572592144,6.898432699433,0.238730867599328,0.811437287118243,0.91167474063204,-5.49924481907112,FALSE
"P13646","Interaction_Low",0.0530366540061351,12.9634269236569,0.238147693949133,0.811860978931042,0.91167474063204,-5.5948433198388,FALSE
"P14780","Interaction_Low",-0.0662592714729922,8.19688136185422,-0.235287759245132,0.814079183949677,0.913450351943534,-5.59346229618279,FALSE
"Q9Y4E8","Interaction_Low",0.0650841501608763,8.03873243892711,0.230982875127843,0.817422296261946,0.915083600977782,-5.58993461420812,FALSE
"P20908","Interaction_Low",-0.0451408139936929,7.7270153505008,-0.230952621193869,0.8174475074417,0.915083600977782,-5.58318374797398,FALSE
"P09104","Interaction_Low",0.0430807914008575,11.6577824283136,0.230224237254995,0.818008670217022,0.915083600977782,-5.59646268945541,FALSE
"Q13526","Interaction_Low",0.0686581776562356,8.50291568798007,0.230151504584984,0.818087291808589,0.915083600977782,-5.49492484943889,FALSE
"P53621","Interaction_Low",0.0987510789833896,6.79457521639504,0.22744642281241,0.820191805117992,0.916668439804989,-5.49754065187875,FALSE
"O43707","Interaction_Low",-0.0599182436549244,6.9745932834623,-0.226657720173732,0.820782619741705,0.916668439804989,-5.58050565659794,FALSE
"P11940","Interaction_Low",0.0823555655341313,7.61099642323794,0.225206866775678,0.82192721686194,0.916858390035089,-5.52194035006916,FALSE
"O15511","Interaction_Low",0.0635643429447867,8.30628126223007,0.224795688930453,0.82223144322533,0.916858390035089,-5.57715243631313,FALSE
"P29966","Interaction_Low",-0.0402168816826656,7.17387665492518,-0.220585191364296,0.825505551799148,0.919794064708607,-5.58149458171868,FALSE
"Q8TDL5","Interaction_Low",-0.0448474371522423,10.8404710350567,-0.219693433487021,0.826196705396945,0.91984943753045,-5.59853015850703,FALSE
"P16284","Interaction_Low",-0.0391271457266704,9.20274295933561,-0.216298798354713,0.82884039914349,0.922076906417195,-5.59917591555894,FALSE
"Q9NTK5","Interaction_Low",-0.0555778704344378,7.6016897265331,-0.214271944840616,0.830421559283675,0.922466617374576,-5.5947759436562,FALSE
"Q658P3","Interaction_Low",0.0457767589354781,8.60031979857161,0.214201575279979,0.8304772685011,0.922466617374576,-5.58682768694882,FALSE
"Q16401","Interaction_Low",-0.0567297639632081,6.83479155289181,-0.21303199047973,0.831397514918834,0.922774021976477,-5.5530078848195,FALSE
"P61604","Interaction_Low",-0.108519991388723,9.19593269481792,-0.21190356374611,0.832284197028098,0.92304372663441,-5.52915940685114,FALSE
"P48735","Interaction_Low",0.0624705745365386,7.91816781089398,0.209720900655743,0.833973474705831,0.923878848022304,-5.56918589009619,FALSE
"P50570","Interaction_Low",0.0520021391849737,6.65494469450126,0.209271240470937,0.834325737928092,0.923878848022304,-5.58227115625275,FALSE
"P10809","Interaction_Low",0.0940233772529853,7.5263128226821,0.206620443505025,0.836396237641283,0.924955953625796,-5.56706464414659,FALSE
"P11166","Interaction_Low",-0.0519508197784724,9.63053545606769,-0.206363871817856,0.836588474095298,0.924955953625796,-5.60002993295302,FALSE
"P21730","Interaction_Low",0.0438992366231306,7.49316858795734,0.204776541431557,0.837847702353034,0.92563451862423,-5.52120792827875,FALSE
"P55160","Interaction_Low",-0.0581872691297889,6.81640458209073,-0.20310496020456,0.839148718624828,0.92635816975212,-5.51604109113467,FALSE
"P07737","Interaction_Low",-0.0519938442251195,11.2049345835876,-0.199040780277132,0.842309161921928,0.929131798612342,-5.60230383875064,FALSE
"P31146","Interaction_Low",0.0530347421339332,9.3771647002772,0.196146813931851,0.844572693120555,0.929390013512945,-5.60151912248008,FALSE
"P60174","Interaction_Low",-0.0480726575709518,7.09476598543861,-0.196027418451559,0.844674420946725,0.929390013512945,-5.56712899509643,FALSE
"O75083","Interaction_Low",-0.0644321167435038,9.19857322579188,-0.195656012930981,0.844956353353777,0.929390013512945,-5.60288681109933,FALSE
"P30044","Interaction_Low",0.0613186772431416,7.52641254497419,0.19543708251274,0.84513568871749,0.929390013512945,-5.55572021327019,FALSE
"P63241","Interaction_Low",-0.0560499040198472,9.35695464664387,-0.19088047804192,0.848694230971676,0.932293527369887,-5.60369231856013,FALSE
"P04040","Interaction_Low",-0.0486476512220477,9.6874781854886,-0.190392651848831,0.849076252960301,0.932293527369887,-5.60377348179063,FALSE
"P29992","Interaction_Low",-0.047482498089245,7.57597920492043,-0.188674046865591,0.850426639404786,0.933061821657585,-5.58180616986367,FALSE
"P00488","Interaction_Low",0.0452926834833196,10.2655126239926,0.18684796186578,0.851853200312258,0.933912453553347,-5.60435700136997,FALSE
"P22392","Interaction_Low",-0.0554307783138723,7.5784641547145,-0.184876890552279,0.853413876385013,0.934198239172878,-5.52923681246192,FALSE
"P68036","Interaction_Low",-0.0487407578371402,7.55258159740409,-0.183906915976101,0.8541742805521,0.934198239172878,-5.54227039770552,FALSE
"Q96FZ7","Interaction_Low",0.0498438170254225,7.3122441123634,0.1833989882904,0.854578230306606,0.934198239172878,-5.50290517626045,FALSE
"Q9NZ53","Interaction_Low",0.0362683996297566,8.53113110112218,0.182758125090022,0.855059648564239,0.934198239172878,-5.60373208658071,FALSE
"Q13867","Interaction_Low",-0.0403862780392803,9.44588096780553,-0.182363824474756,0.855371191097621,0.934198239172878,-5.58615591757281,FALSE
"P35030","Interaction_Low",0.0299405207893084,11.2633780653342,0.178603333708678,0.858319200375009,0.936599269755251,-5.60567180645634,FALSE
"P05106","Interaction_Low",0.046317650524605,10.0797960755054,0.177894077639741,0.858875899392019,0.936599269755251,-5.60578214361284,FALSE
"P04839","Interaction_Low",-0.0549046381210951,7.02369859089844,-0.177067529219147,0.859544842733974,0.936616492766351,-5.50115005440877,FALSE
"P30153","Interaction_Low",0.043894307815413,7.7896444349277,0.175496892430198,0.8607600387789,0.937228470469964,-5.5973307441299,FALSE
"P07477","Interaction_Low",-0.0433377714114318,11.7153669213911,-0.172244640538772,0.863313456718976,0.938607360382443,-5.60172189625428,FALSE
"P62195","Interaction_Low",0.0513935085351971,7.24899209355074,0.172222584816241,0.863335500937547,0.938607360382443,-5.57708305324484,FALSE
"P61981","Interaction_Low",0.0498846463472171,7.59094897029432,0.170718985472977,0.864518112362481,0.939181040248331,-5.5746699372036,FALSE
"P13798","Interaction_Low",-0.0470905985570216,8.14075648618334,-0.167559104016187,0.866997148483417,0.941161174053914,-5.60259681990942,FALSE
"P06312","Interaction_Low",0.0534957947504271,12.0200099772002,0.165889431134598,0.868308870029607,0.941371455857351,-5.60758308193858,FALSE
"P05154","Interaction_Low",-0.0246678782372527,11.1060086987,-0.165641628115055,0.868503790864208,0.941371455857351,-5.60761893260533,FALSE
"P61978","Interaction_Low",0.0511514187878213,7.4412428072953,0.162764062370835,0.870771918816987,0.94280492343597,-5.57659253059916,FALSE
"P11277","Interaction_Low",-0.0728120769218457,10.0193802628686,-0.159508654913385,0.873330487126727,0.94280492343597,-5.60848913968129,FALSE
"P27348","Interaction_Low",0.0455895749106823,7.13287612725435,0.159439671745558,0.873391778282298,0.94280492343597,-5.57337957886398,FALSE
"Q9UKU9","Interaction_Low",0.0350895379649909,10.8524297525899,0.159389180056976,0.873424562316353,0.94280492343597,-5.60850576601373,FALSE
"P48426","Interaction_Low",0.0463337040131186,7.41857740103592,0.158972926579388,0.873757976846307,0.94280492343597,-5.57200808715679,FALSE
"P50995","Interaction_Low",-0.0579055942791147,7.01481876405097,-0.158976462056557,0.873771090129989,0.94280492343597,-5.48930821522519,FALSE
"P08263;P09210","Interaction_Low",-0.0447176267262419,7.44960818469554,-0.157247862751275,0.875129942826482,0.942829456660861,-5.50289770853529,FALSE
"P41218","Interaction_Low",0.0675765595890487,7.38365890636647,0.156082174037187,0.876037388068639,0.942829456660861,-5.56062000194043,FALSE
"P16671","Interaction_Low",-0.0416256622667284,9.12073590880154,-0.155528192146831,0.876466159288294,0.942829456660861,-5.60705661581117,FALSE
"Q562R1","Interaction_Low",0.0424261743830243,14.2360805312193,0.154938767678048,0.876931304407264,0.942829456660861,-5.60193351156243,FALSE
"P40925","Interaction_Low",0.076753409949438,9.4143977359838,0.154687901127146,0.877131380716976,0.942829456660861,-5.58304155868556,FALSE
"P62906","Interaction_Low",0.0483728672481893,7.26724401217073,0.153939360480775,0.877738720113145,0.942829456660861,-5.48430546543618,FALSE
"Q13404","Interaction_Low",0.0480123932109162,7.46645275315594,0.152268018993765,0.879057532160319,0.942937123288421,-5.47587404811465,FALSE
"P00352","Interaction_Low",0.0511060303864337,7.67142346273146,0.151704449074897,0.879483579634877,0.942937123288421,-5.58305890339859,FALSE
"P55209","Interaction_Low",-0.0411228048517067,10.0879312476909,-0.151283181383954,0.879811625495054,0.942937123288421,-5.60831839197106,FALSE
"P36871","Interaction_Low",0.039825838295303,7.53282219298253,0.148606374919421,0.881924208219893,0.944495380573059,-5.59691332764096,FALSE
"P11142","Interaction_Low",0.028813516620966,10.7516461618715,0.14558883610201,0.884302772708233,0.946245098726472,-5.61034242628689,FALSE
"P11586","Interaction_Low",0.0384937731497654,7.69129008548238,0.144805133783867,0.884922665733417,0.946245098726472,-5.60203113839212,FALSE
"O15144","Interaction_Low",0.0466400334788792,8.186134411709,0.144027572680793,0.885537602852807,0.946245098726472,-5.5860107300039,FALSE
"P01111","Interaction_Low",-0.0295621225047888,8.94936450537555,-0.142662292659511,0.886613289141553,0.946689096521956,-5.60527508163207,FALSE
"Q9Y251","Interaction_Low",-0.0512125397268886,6.87029089089925,-0.140468204648822,0.888362117451303,0.947077575537769,-5.50137080496234,FALSE
"P63010","Interaction_Low",-0.036186717069624,6.62330822243929,-0.139987249330718,0.888730865563229,0.947077575537769,-5.5806283571124,FALSE
"P68363","Interaction_Low",0.0400014106243365,10.5568844341365,0.138958001046096,0.889537492811772,0.947077575537769,-5.61116579671775,FALSE
"O75223","Interaction_Low",0.0307136212276511,7.46750190751441,0.138860223630773,0.889618894176691,0.947077575537769,-5.58317800527622,FALSE
"P29144","Interaction_Low",-0.0468454182187594,7.35716424315122,-0.135094856951102,0.892602601465971,0.949549058236055,-5.53213531199398,FALSE
"Q01546","Interaction_Low",-0.051610872451576,10.0824458163479,-0.133137627616675,0.894147765514733,0.950487691436713,-5.52082003657464,FALSE
"Q92882","Interaction_Low",-0.0460828968458351,7.56085153810065,-0.131842083108005,0.895174418757769,0.950874160369364,-5.52815007688863,FALSE
"P38646","Interaction_Low",-0.0504987037469906,6.92363372813106,-0.129797924516263,0.896790496437191,0.951885693479594,-5.50979801615976,FALSE
"O75368","Interaction_Low",0.0365321492305988,7.35854027388178,0.125634666051078,0.900076543796156,0.954666985061899,-5.5674877795915,FALSE
"P24666","Interaction_Low",0.0361923642512316,8.17394931800359,0.121481777108895,0.903367057360802,0.957448898932291,-5.52084289726173,FALSE
"Q99439","Interaction_Low",-0.0421453710787461,7.57163938586845,-0.116114753548232,0.907613676705775,0.961157782168813,-5.55574324237284,FALSE
"P37235","Interaction_Low",-0.0336744482991769,7.08199605951673,-0.115368639196205,0.908206969901493,0.961157782168813,-5.52745817939284,FALSE
"P12273","Interaction_Low",0.0260713665388366,8.39433124754456,0.111189418758444,0.91151275844712,0.96328145878688,-5.57764200468497,FALSE
"Q9UHC1","Interaction_Low",0.0455082052856053,9.53295375279099,0.111136795856603,0.9115571405675,0.96328145878688,-5.56362996433803,FALSE
"P46060","Interaction_Low",-0.0317302330700979,8.00839425980073,-0.108930775576902,0.91330221213991,0.96392144873091,-5.5902093280814,FALSE
"P10619","Interaction_Low",0.0304794735632008,6.73039017605738,0.108685557067125,0.913507147019043,0.96392144873091,-5.49889527342419,FALSE
"P60891","Interaction_Low",0.0277107063636652,8.44317812422043,0.10639694939825,0.915309040993298,0.965112621164992,-5.61336389340124,FALSE
"P08729","Interaction_Low",0.0580276079805859,12.8888769577043,0.103360497056128,0.917723263161292,0.966157603860443,-5.54940746868793,FALSE
"P49368","Interaction_Low",-0.0295207958834123,7.64874279870907,-0.10286990633952,0.918108431241913,0.966157603860443,-5.59752246812026,FALSE
"Q9NP58","Interaction_Low",0.0259541162020334,8.76581546089339,0.102601719754796,0.91832134871812,0.966157603860443,-5.5901662384518,FALSE
"P14735","Interaction_Low",-0.0256704325848363,6.57186604549176,-0.100844881894261,0.919718857341243,0.966918505445265,-5.56491520938753,FALSE
"P16157","Interaction_Low",-0.0437847025528697,9.54493432062779,-0.0986883754699368,0.92142398195156,0.967387856640568,-5.61534205648091,FALSE
"Q9NRW1","Interaction_Low",-0.0350188955067932,8.79400216046024,-0.0981032619597775,0.921888949800971,0.967387856640568,-5.61181212511527,FALSE
"Q8NEH6","Interaction_Low",-0.0213815925165211,10.1664893061128,-0.0977314205614746,0.922189121358199,0.967387856640568,-5.55442201337779,FALSE
"P40227","Interaction_Low",-0.0288556477676725,7.60400439812665,-0.0952827424931327,0.924130639244189,0.968715889383163,-5.58664445390771,FALSE
"P26641","Interaction_Low",-0.0306733073407761,7.35215954676175,-0.0943069700424041,0.924904867128105,0.968819269146605,-5.58708101237443,FALSE
"Q96TC7","Interaction_Low",-0.0236167833499694,7.97399534146207,-0.0924645822003716,0.926368618409449,0.969644232700109,-5.58538481107571,FALSE
"P31944","Interaction_Low",-0.024703215304088,9.47451305658791,-0.0896747031320379,0.928581948956021,0.97044233496821,-5.603691626837,FALSE
"P04792","Interaction_Low",0.0190823782993554,9.00840154864953,0.0893701410981659,0.928822935764389,0.97044233496821,-5.61118493345376,FALSE
"P30048","Interaction_Low",-0.0313391733728707,7.14800510076298,-0.0889552005852308,0.929161315140413,0.97044233496821,-5.51742106423345,FALSE
"Q99895","Interaction_Low",-0.0241814423822131,9.29654255500529,-0.0817450507037467,0.934891542599738,0.974287650105451,-5.48820368058089,FALSE
"Q5QJ74","Interaction_Low",0.0295543797886104,8.63125110941578,0.0813828243097559,0.935176973169002,0.974287650105451,-5.50832374701858,FALSE
"P09493","Interaction_Low",0.0279828858388722,8.78654767816927,0.0807132229393884,0.935703833521892,0.974287650105451,-5.58570692601172,FALSE
"Q9Y6W5","Interaction_Low",0.024912779690319,7.00052953994066,0.0790687586916317,0.937018531224843,0.974287650105451,-5.51507838051808,FALSE
"P40926","Interaction_Low",-0.0235141020876144,7.49357944528041,-0.0777724130575469,0.938043847200892,0.974287650105451,-5.56581987312774,FALSE
"P07988","Interaction_Low",-0.0176168305210371,7.98636832936133,-0.0770477835290747,0.938617203473829,0.974287650105451,-5.58832889692037,FALSE
"Q7L9L4","Interaction_Low",0.0244382413636774,7.19129141736628,0.0763898653759446,0.939148147319591,0.974287650105451,-5.49581649461403,FALSE
"P08514","Interaction_Low",-0.0181709104604053,12.1339082171125,-0.0758750593684652,0.939547875148783,0.974287650105451,-5.61707996472505,FALSE
"Q96MT3","Interaction_Low",-0.0292921996102748,11.9342487165789,-0.0753082855487101,0.940004816830407,0.974287650105451,-5.51939769005966,FALSE
"P23528","Interaction_Low",0.0205012905759716,10.7042326867001,0.0749590543314384,0.940276309245231,0.974287650105451,-5.61714026017484,FALSE
"P07437","Interaction_Low",-0.0189293773189263,10.2259459559853,-0.0728664049815337,0.941940687176766,0.974287650105451,-5.617275251283,FALSE
"Q08378","Interaction_Low",0.0149553014298043,10.9803317747758,0.0721965365599121,0.942478043044456,0.974287650105451,-5.54796837963896,FALSE
"P12821","Interaction_Low",0.0132578234939871,8.01600293478439,0.0719136686132183,0.942698554404846,0.974287650105451,-5.61635247945166,FALSE
"P43487","Interaction_Low",0.0221453470236455,8.53349385615196,0.0718726191046642,0.942733623722264,0.974287650105451,-5.59089163210667,FALSE
"P11413","Interaction_Low",0.0234738889409849,7.27939671100416,0.0714943834834074,0.943034350311273,0.974287650105451,-5.58744533684503,FALSE
"P17858","Interaction_Low",0.0195927794699973,6.98373957697861,0.0685381611566629,0.945386356454783,0.976014424158502,-5.58463948063486,FALSE
"Q96GI7","Interaction_Low",-0.0155132958172057,9.3160434184986,-0.0663058410636651,0.947164006742989,0.977146176740609,-5.55155341880738,FALSE
"Q6Q788","Interaction_Low",-0.0107222960514335,12.4906748574499,-0.0631729021860584,0.949653259215874,0.978669177161439,-5.61785074391977,FALSE
"P15153","Interaction_Low",-0.0128949068258564,10.4591592368942,-0.0627308046441301,0.950005226365915,0.978669177161439,-5.61658560912287,FALSE
"P35908","Interaction_Low",0.0158941943214082,14.6817118010482,0.0604435946383554,0.951825715564306,0.979840686374167,-5.61799798119803,FALSE
"P04406","Interaction_Low",-0.0133564155541634,12.5170949340456,-0.0591103192630592,0.95288709892885,0.980229626875159,-5.61806754331089,FALSE
"Q14254","Interaction_Low",-0.0142385097269999,7.84812861760817,-0.055934994975308,0.955415560220487,0.982126102764285,-5.61394151026729,FALSE
"P08319","Interaction_Low",0.0159277924087569,10.3536398454033,0.0542035594852619,0.956793940934616,0.982838475143438,-5.61831018607807,FALSE
"Q15084","Interaction_Low",0.0142360856366714,7.75158321354771,0.0508527840157198,0.959463402698317,0.984553173948865,-5.60449790743173,FALSE
"Q9NZ08","Interaction_Low",0.0166982283334196,6.71627753030919,0.050392113969599,0.959836357866466,0.984553173948865,-5.48778573357316,FALSE
"Q15438","Interaction_Low",0.0121212125084718,9.7178601519215,0.0468420149961761,0.962659669314311,0.986743363686006,-5.57280680229221,FALSE
"Q00610","Interaction_Low",0.0144187850554882,9.12320043005344,0.0452616437436887,0.963916251228924,0.987325645901627,-5.61869832918803,FALSE
"Q9UNM6","Interaction_Low",-0.011112966752779,7.05564116073867,-0.0395024148325701,0.968509170584806,0.990285299940613,-5.52276135986867,FALSE
"P15090","Interaction_Low",0.0087133558195136,7.59543334074799,0.0389228882269675,0.968968918885352,0.990285299940613,-5.56329906925095,FALSE
"Q9UJU6","Interaction_Low",-0.0133083346469141,6.95330189901961,-0.0384017128340247,0.96938553066651,0.990285299940613,-5.54571842633706,FALSE
"O00231","Interaction_Low",-0.011388830113038,6.97416774937196,-0.0381701544909668,0.969568034251479,0.990285299940613,-5.58872305639954,FALSE
"P42025","Interaction_Low",0.0114114017303333,8.33137849152856,0.0367949466768312,0.970666473968378,0.990701582683739,-5.52180075665273,FALSE
"P04439","Interaction_Low",0.00633340517373071,10.265000122105,0.0352844358578251,0.971866564139534,0.991039103714034,-5.61904903613233,FALSE
"P17931","Interaction_Low",-0.00760472898439524,6.55829085477536,-0.0331908189279415,0.973538470807672,0.991039103714034,-5.52797197004974,FALSE
"P04264","Interaction_Low",0.00735627477324385,16.7632817540826,0.0329098545391911,0.973759186105975,0.991039103714034,-5.61911970472733,FALSE
"Q13421","Interaction_Low",-0.0079242735444387,7.37967474212312,-0.0328355972244434,0.973821158077822,0.991039103714034,-5.53400726704272,FALSE
"P12931","Interaction_Low",0.0115434888636443,7.22612233679061,0.031967019717431,0.974513552897538,0.991039103714034,-5.53999420149982,FALSE
"P14923","Interaction_Low",-0.00906861100694201,9.01345856411896,-0.0308717326044206,0.975383850131705,0.991039103714034,-5.61834030688421,FALSE
"P08754","Interaction_Low",-0.00685861247289132,7.60478556702703,-0.0282858361493537,0.977446927483634,0.991039103714034,-5.5657216679876,FALSE
"P06576","Interaction_Low",0.0111146727396809,7.44942043714986,0.0276011199682478,0.977993318476968,0.991039103714034,-5.53211917930156,FALSE
"P17987","Interaction_Low",0.00816141031181861,7.29588099044236,0.027164871307095,0.97833953415166,0.991039103714034,-5.58955390834731,FALSE
"P62330","Interaction_Low",0.00533741121237163,8.08857331803925,0.0259869116120689,0.97927896075107,0.991039103714034,-5.56202013031875,FALSE
"Q8IZS8","Interaction_Low",0.00445531709998193,9.69851791463775,0.0256830373471388,0.979522335227892,0.991039103714034,-5.53124742285253,FALSE
"Q7Z3Y7","Interaction_Low",-0.00568998922458519,15.3859550198003,-0.0248439253109219,0.980189104599846,0.991039103714034,-5.61539091630303,FALSE
"P62820","Interaction_Low",0.00797496318887614,7.68384207839924,0.0245474540025311,0.980427743388212,0.991039103714034,-5.53697082040523,FALSE
"Q04917","Interaction_Low",0.00736533691779062,7.50379226446109,0.0240182602442764,0.980847971660194,0.991039103714034,-5.59762187486416,FALSE
"P28070","Interaction_Low",0.0069744080093983,7.12327044596719,0.0233740544883875,0.981363687080842,0.991039103714034,-5.51574192842054,FALSE
"P61224","Interaction_Low",0.00502050885708094,12.4679114084468,0.0197840031817602,0.984223318177043,0.993227472389782,-5.61942154645401,FALSE
"P59998","Interaction_Low",0.00424832192312685,9.1363183887628,0.0153079794120442,0.987792398432421,0.995693571288291,-5.61949009370851,FALSE
"P68371","Interaction_Low",-0.00403489252822453,10.4026087253665,-0.0149776994470796,0.988055754493193,0.995693571288291,-5.61949445936891,FALSE
"Q8NBJ4","Interaction_Low",-0.00214641353576361,11.3961039174354,-0.0130014674185368,0.989631641815756,0.995982939163243,-5.61951858979694,FALSE
"Q99996","Interaction_Low",-0.00389261700899901,9.79577081314168,-0.0128767406362072,0.989732000214519,0.995982939163243,-5.55623572966987,FALSE
"P51665","Interaction_Low",-0.0036036226541114,7.01936624419572,-0.0105493881683148,0.99158866994689,0.996558069583709,-5.47752221476098,FALSE
"Q9C0C9","Interaction_Low",-0.00317104091292286,8.5368587714068,-0.0102250866872173,0.991845674052826,0.996558069583709,-5.61954673136079,FALSE
"P02533","Interaction_Low",0.00224420441265494,13.6158015743628,0.00864341711330286,0.993106973748848,0.996558069583709,-5.61955975591317,FALSE
"Q96PL5","Interaction_Low",0.00231523107899978,7.09352915068074,0.0085350631582389,0.993194134599553,0.996558069583709,-5.54421890540847,FALSE
"P14625","Interaction_Low",-0.00143559825022521,14.0300943662412,-0.00780163593277553,0.993778270226433,0.996558069583709,-5.61956579716482,FALSE
"Q96PL1","Interaction_Low",0.00194331667836423,9.92541118531435,0.00685068439399737,0.994536689769522,0.996621672347655,-5.61003815943314,FALSE
"Q9NZD4","Interaction_Low",0.00136484811627291,8.02305922308732,0.00408313316257902,0.996744183002216,0.997995074982129,-5.5245242703822,FALSE
"P24592","Interaction_Low",0.000641597637262237,9.98929400783351,0.00338669556967941,0.997299123046995,0.997995074982129,-5.61958735386373,FALSE
"Q9UPN7","Interaction_Low",-6.26945675916701e-05,6.77480540693753,-0.000231629106765669,0.999815294490709,0.999815294490709,-5.54252358365763,FALSE
