"PG.ProteinGroups","Contrast","logFC","AveExpr","t","P.Value","adj.P.Val","B","Significant_FDR_0.05"
"Q96IY4","Low_vs_Control_in_HighTemperature",0.5052120389749,12.6369758746046,4.97146299448835,9.05564718670031e-07,0.00129857980657282,5.38295219632745,TRUE
"Q9Y646","Low_vs_Control_in_HighTemperature",0.457142221435552,8.41227064146051,4.45202226872,1.04383826401942e-05,0.00351263312401268,3.15408274822289,TRUE
"Q96PD5","Low_vs_Control_in_HighTemperature",0.579724576705889,12.8582879207523,4.42790090778894,1.16192626268516e-05,0.00351263312401268,3.05671251558902,TRUE
"Q99784","Low_vs_Control_in_HighTemperature",0.525627362834205,8.99926726650334,4.38965878127345,1.37740973435281e-05,0.00351263312401268,2.90236159644171,TRUE
"Q9H6X2","Low_vs_Control_in_HighTemperature",0.545831126851741,8.48097339830864,4.38492481668899,1.40660324703951e-05,0.00351263312401268,2.88334066802323,TRUE
"Q9Y5X9","Low_vs_Control_in_HighTemperature",0.491268298277197,8.29807601065005,4.36052890958744,1.57064338944348e-05,0.00351263312401268,2.78389799284646,TRUE
"Q6EMK4","Low_vs_Control_in_HighTemperature",0.409989249538182,10.3663343732983,4.34000788622736,1.71467446778862e-05,0.00351263312401268,2.70381060926428,TRUE
"P15291","Low_vs_Control_in_HighTemperature",0.455677113452536,8.76843422974652,4.29607846267112,2.07767194399196e-05,0.00372422695960558,2.5298838013617,TRUE
"P02765","Low_vs_Control_in_HighTemperature",0.611098505086179,17.0126491328544,4.24477963545123,2.59450716550636e-05,0.00413391475037347,2.32885790958763,TRUE
"Q8TER0","Low_vs_Control_in_HighTemperature",0.49898120860853,9.20717810656895,4.11472117050047,4.51090961112047e-05,0.006374930922873,1.82926758216393,TRUE
"P58335","Low_vs_Control_in_HighTemperature",0.455968955014493,9.06891161186794,4.09251921948407,4.95038293775528e-05,0.006374930922873,1.74543238889039,TRUE
"Q9H8L6","Low_vs_Control_in_HighTemperature",0.544914504621978,10.7485586581377,4.07193046168458,5.39405220663487e-05,0.006374930922873,1.66806728041522,TRUE
"Q86UD1","Low_vs_Control_in_HighTemperature",0.414461489469732,10.3448795806351,4.05532191609549,5.77922608070774e-05,0.006374930922873,1.60592413384914,TRUE
"A2CJ06","Low_vs_Control_in_HighTemperature",0.541617852603107,9.49209063448589,4.03131435846372,6.50522276913915e-05,0.00666320675067539,1.51038911473484,TRUE
"Q76LX8","Low_vs_Control_in_HighTemperature",0.519191952663752,9.86551978752602,3.98371016036295,7.75966467090827e-05,0.00702005993979752,1.34070152120284,TRUE
"P02786","Low_vs_Control_in_HighTemperature",0.536500385131351,11.0945437943766,3.98141559924802,7.83270286169876e-05,0.00702005993979752,1.33227653187064,TRUE
"Q14126","Low_vs_Control_in_HighTemperature",0.492313730054756,10.1360289382692,3.81881800265877,0.000150381060979779,0.0119930726853673,0.74687865292021,TRUE
"P04278","Low_vs_Control_in_HighTemperature",0.53646637841403,10.6527842920064,3.81854885293684,0.000150540661322602,0.0119930726853673,0.74592867709833,TRUE
"P08195","Low_vs_Control_in_HighTemperature",0.454636969153562,7.34264566609518,3.80337461446795,0.000159975160512118,0.0120739147460198,0.691647518174434,TRUE
"P07357","Low_vs_Control_in_HighTemperature",0.469893141955577,13.2653744776644,3.77928876782927,0.00017561385723153,0.0121934723707397,0.608034684415661,TRUE
"Q9BY76","Low_vs_Control_in_HighTemperature",0.606187828123756,8.04806467104058,3.77636781128616,0.000178565494968991,0.0121934723707397,0.599151869457879,TRUE
"P05546","Low_vs_Control_in_HighTemperature",0.429007010430063,16.0905144451672,3.76131759809791,0.000188360771306675,0.0122776975478987,0.54536272503989,TRUE
"P03952","Low_vs_Control_in_HighTemperature",0.461946560476779,13.4525817248286,3.72062418392534,0.000220520440041857,0.0132319533223065,0.404492758071844,TRUE
"P08253","Low_vs_Control_in_HighTemperature",0.500287438618107,10.0067525674466,3.71952696229297,0.000221455285728978,0.0132319533223065,0.400714508730856,TRUE
"Q9UJJ9","Low_vs_Control_in_HighTemperature",0.445722504864367,9.88353673564591,3.68578250499571,0.000252096131754686,0.0138871486469182,0.285031053296972,TRUE
"P55290","Low_vs_Control_in_HighTemperature",0.417521048099829,10.6100003232899,3.67828525238081,0.000259425079403261,0.0138871486469182,0.259464223593259,TRUE
"P55285","Low_vs_Control_in_HighTemperature",0.601132050520333,8.75208689297859,3.67627511103869,0.000261473510088419,0.0138871486469182,0.252475937471119,TRUE
"Q9UNW1","Low_vs_Control_in_HighTemperature",0.465500000488165,10.2503186421278,3.65717588139442,0.000281151481349704,0.0139405088435968,0.187742594580319,TRUE
"P04180","Low_vs_Control_in_HighTemperature",0.409609924772251,11.8711718459701,3.65645665354144,0.000281921029612488,0.0139405088435968,0.185305816206479,TRUE
"P35858","Low_vs_Control_in_HighTemperature",0.420684716348877,12.4726178298046,3.61776976754819,0.000326356739619173,0.0155998521537965,0.0549019360809258,TRUE
"Q9BYJ0","Low_vs_Control_in_HighTemperature",0.517699228692956,10.4278262147083,3.60383811474449,0.000343909827186969,0.0159086029737456,0.00826380814764871,TRUE
"P07358","Low_vs_Control_in_HighTemperature",0.394188623006556,12.6829791610266,3.58992146951451,0.000362325380462193,0.016236706111962,-0.0381536730004006,TRUE
"P15151","Low_vs_Control_in_HighTemperature",0.499720606448648,8.24423008537336,3.54992606814075,0.000421464832156898,0.0183145627064543,-0.172229066777689,TRUE
"P01709","Low_vs_Control_in_HighTemperature",0.917811686612056,11.8409095849418,3.498735523169,0.000509416683323832,0.0200346911203988,-0.33573513056004,TRUE
"Q9UKX5","Low_vs_Control_in_HighTemperature",0.456113619143776,6.82044209642383,3.48849319575806,0.000532100652042127,0.0200346911203988,-0.36021905140977,TRUE
"O75882","Low_vs_Control_in_HighTemperature",0.526367741431759,8.33429264489881,3.48539310855729,0.000533475967672097,0.0200346911203988,-0.38168226830758,TRUE
"O00391","Low_vs_Control_in_HighTemperature",0.431455768319895,10.4747569374785,3.4825853001248,0.000538717917229341,0.0200346911203988,-0.390428193289083,TRUE
"Q8TB73","Low_vs_Control_in_HighTemperature",0.464838833841567,8.07615447087365,3.47670102455678,0.000550916180538332,0.0200346911203988,-0.408270536268892,TRUE
"Q8NBP7","Low_vs_Control_in_HighTemperature",0.437571119124165,11.9076921862924,3.4680830166214,0.000567938319179839,0.0200346911203988,-0.437244357485434,TRUE
"P07225","Low_vs_Control_in_HighTemperature",0.452343706802925,14.80708803435,3.46776209483137,0.00056860137398098,0.0200346911203988,-0.438278251335885,TRUE
"A0A0B4J1U7","Low_vs_Control_in_HighTemperature",0.845353211972816,11.1591869462795,3.45798575342677,0.000590527985719917,0.0200346911203988,-0.463556655979748,TRUE
"A0A0C4DH34","Low_vs_Control_in_HighTemperature",0.790676952243835,9.26274418042485,3.45176445138388,0.00060651976130827,0.0200346911203988,-0.482501543335793,TRUE
"P33151","Low_vs_Control_in_HighTemperature",0.424401838618939,11.9755936829786,3.44678601256013,0.00061354193957306,0.0200346911203988,-0.505657962299712,TRUE
"P55058","Low_vs_Control_in_HighTemperature",0.458359749346844,14.1603260055939,3.44090783556146,0.000626718001428753,0.0200346911203988,-0.524470075833168,TRUE
"P19320","Low_vs_Control_in_HighTemperature",0.2744294507246,10.0822398176976,3.44003198254708,0.000628703696246825,0.0200346911203988,-0.527270476540217,TRUE
"Q13316","Low_vs_Control_in_HighTemperature",0.406590768875263,8.79183929707337,3.4261404352262,0.000663322762750827,0.0204854551791783,-0.570294931191807,TRUE
"Q9NQ79","Low_vs_Control_in_HighTemperature",0.386132970515305,12.4205866055037,3.42178968661802,0.000671420079094407,0.0204854551791783,-0.585442851901388,TRUE
"P07360","Low_vs_Control_in_HighTemperature",0.543982964815553,11.6507440094732,3.41384903363652,0.000690846582920386,0.0206390416647465,-0.61067247306157,TRUE
"O75340","Low_vs_Control_in_HighTemperature",0.457019164755453,8.92749489220785,3.39244708073175,0.000745845938417798,0.0209081803951719,-0.678393894500138,TRUE
"Q16706","Low_vs_Control_in_HighTemperature",0.299850348186897,9.45858734553247,3.39214111973914,0.000746660984749111,0.0209081803951719,-0.679359089871536,TRUE
"P00740","Low_vs_Control_in_HighTemperature",0.511211385852798,14.5960564092345,3.37581648296896,0.000791370606362809,0.0209081803951719,-0.730736888384854,TRUE
"Q12805","Low_vs_Control_in_HighTemperature",0.469909039859626,11.1129893101802,3.37377422338025,0.000797136049739805,0.0209081803951719,-0.737147750541121,TRUE
"A0A0B4J1X5","Low_vs_Control_in_HighTemperature",0.881554709958809,12.4634443026714,3.37348216186456,0.000798408340436211,0.0209081803951719,-0.736151420383915,TRUE
"P10586","Low_vs_Control_in_HighTemperature",0.45418983156628,7.28704665708896,3.36550733794457,0.000821215180584539,0.0209081803951719,-0.761319314952409,TRUE
"Q5VU65","Low_vs_Control_in_HighTemperature",0.982448370831833,11.1033428096121,3.36685220903726,0.000824889949748845,0.0209081803951719,-0.742721716017534,TRUE
"Q14624","Low_vs_Control_in_HighTemperature",0.530987103984126,15.3913001162041,3.35829570033903,0.000842120777156759,0.0209081803951719,-0.785615985904648,TRUE
"P09871","Low_vs_Control_in_HighTemperature",0.393009959377256,16.6449281024388,3.35478144189065,0.000852657865093576,0.0209081803951719,-0.796590610307843,TRUE
"Q86U17","Low_vs_Control_in_HighTemperature",0.435337791711017,8.15422483046984,3.35361902776125,0.000856402621511146,0.0209081803951719,-0.799072235505359,TRUE
"Q15166","Low_vs_Control_in_HighTemperature",0.319113217368535,16.1902261268496,3.35227795025141,0.00086023894233971,0.0209081803951719,-0.804402032138903,TRUE
"O75309","Low_vs_Control_in_HighTemperature",0.520156725555611,7.29110766952984,3.3417514062594,0.000894903125714608,0.0213881847045791,-0.834112232948897,TRUE
"Q53EL9","Low_vs_Control_in_HighTemperature",0.421039970109303,8.00871898914271,3.3147119055763,0.000988692603014223,0.0232423802085639,-0.913480482496611,TRUE
"P23142","Low_vs_Control_in_HighTemperature",0.552068142813141,12.8767889188737,3.3006796464412,0.00103114994809008,0.023849500412277,-0.964158235437102,TRUE
"P33908","Low_vs_Control_in_HighTemperature",0.366832183725599,10.7925896868047,3.29051553792298,0.00106833099433031,0.0243172483471376,-0.995348461035833,TRUE
"Q6YHK3","Low_vs_Control_in_HighTemperature",0.384440960580969,9.54395502397012,3.28327749813894,0.00109556237446078,0.0245474444527619,-1.01750345460866,TRUE
"Q9UBE0","Low_vs_Control_in_HighTemperature",0.599637890699187,9.46894582074166,3.27711026347702,0.00112262410560517,0.0246683700480641,-1.02361918359771,TRUE
"A2NJV5","Low_vs_Control_in_HighTemperature",0.608750725592239,11.2133011808804,3.27039749818893,0.00114561827159113,0.0246683700480641,-1.056812502773,TRUE
"Q14118","Low_vs_Control_in_HighTemperature",0.422629220685234,9.26371366766278,3.26017245694656,0.00118685683484477,0.0246683700480641,-1.08791343207302,TRUE
"Q14393","Low_vs_Control_in_HighTemperature",0.565996049630426,9.14485263270739,3.25640227341534,0.00120269965825929,0.0246683700480641,-1.099525680669,TRUE
"Q15485","Low_vs_Control_in_HighTemperature",0.541298934454765,9.5919517337402,3.25533169039381,0.00120700281867699,0.0246683700480641,-1.1026886222321,TRUE
"Q9H2X3","Low_vs_Control_in_HighTemperature",0.409578099178317,8.3005088189529,3.25512542831468,0.00120966983372414,0.0246683700480641,-1.09962429189747,TRUE
"P18428","Low_vs_Control_in_HighTemperature",0.477118023660955,12.3409508522869,3.25186335167017,0.00122137675970192,0.0246683700480641,-1.11311807725782,TRUE
"P08697","Low_vs_Control_in_HighTemperature",0.430744048522831,14.3363074833072,3.24067254605962,0.00126933936764269,0.0252810090722168,-1.14696663323805,TRUE
"Q8IUL8","Low_vs_Control_in_HighTemperature",0.409148391147855,7.80778526917754,3.23597095259266,0.00129000537045611,0.0253406534415624,-1.16115407686132,TRUE
"P22352","Low_vs_Control_in_HighTemperature",0.555787759548499,11.9538249521091,3.23132692160951,0.00131072373320004,0.025399700451471,-1.17514844352857,TRUE
"Q03167","Low_vs_Control_in_HighTemperature",0.4897775818607,7.82279798926101,3.2247760481948,0.00134224009281596,0.025637732135842,-1.19093549039546,TRUE
"Q9NY97","Low_vs_Control_in_HighTemperature",0.442914590757461,9.37285697620145,3.22011635991114,0.00136201281548195,0.025637732135842,-1.20885107906019,TRUE
"P80748","Low_vs_Control_in_HighTemperature",0.901332718359397,10.6982061096295,3.21930113285081,0.00137664252054382,0.025637732135842,-1.21005725440248,TRUE
"P12109","Low_vs_Control_in_HighTemperature",0.361999471255844,9.44232007752995,3.19451506686067,0.00148617827414639,0.0273228159631529,-1.28539587703606,TRUE
"P11150","Low_vs_Control_in_HighTemperature",0.355831670306931,8.10982505289736,3.19082040653743,0.00150884160126939,0.0273818752147832,-1.29321868266012,TRUE
"Q9UK55","Low_vs_Control_in_HighTemperature",0.354965572214718,13.0240269931966,3.18641703618566,0.00152758020724035,0.0273818752147832,-1.30948600720422,TRUE
"P02766","Low_vs_Control_in_HighTemperature",0.348459668331481,13.3302924385239,3.17522040049087,0.00158658041749803,0.0280476367201687,-1.34269726494143,TRUE
"P80108","Low_vs_Control_in_HighTemperature",0.336063670345508,13.9926130962551,3.1720177196812,0.00160383975666237,0.0280476367201687,-1.3521763623515,TRUE
"O75752","Low_vs_Control_in_HighTemperature",0.268714249862704,9.08650774546357,3.16421884462246,0.00164695742056638,0.0283472822598954,-1.37536884001434,TRUE
"Q96KN2","Low_vs_Control_in_HighTemperature",0.408480770814636,12.246569904361,3.1572716713841,0.0016855654297724,0.0283472822598954,-1.39570232685138,TRUE
"P10909","Low_vs_Control_in_HighTemperature",0.361281859156833,18.9245639243143,3.15244619338873,0.00171313258919893,0.0283472822598954,-1.40990341844702,TRUE
"Q9NYQ6","Low_vs_Control_in_HighTemperature",0.419196929585492,8.54993929967085,3.15237390889197,0.00171373404719618,0.0283472822598954,-1.41018875638692,TRUE
"O75147","Low_vs_Control_in_HighTemperature",0.708739429797241,10.2484078060832,3.15427769385187,0.00172498429439524,0.0283472822598954,-1.37250428730121,TRUE
"Q53RD9","Low_vs_Control_in_HighTemperature",0.450187697261116,8.59774592693435,3.14688981650195,0.00174691202010555,0.0283472822598954,-1.42255755598791,TRUE
"O43897","Low_vs_Control_in_HighTemperature",0.39380408170457,9.74825856850589,3.14668211961967,0.0017593501542055,0.0283472822598954,-1.40657867007455,TRUE
"P02753","Low_vs_Control_in_HighTemperature",0.590527050777471,12.7428919981947,3.1251558769728,0.00187702038688652,0.0295339262307945,-1.4898244853804,TRUE
"P12111","Low_vs_Control_in_HighTemperature",0.308057935321832,9.63917569220986,3.12317703920129,0.00188944844014296,0.0295339262307945,-1.4955936497012,TRUE
"P01861","Low_vs_Control_in_HighTemperature",0.768521930952064,13.8759859550291,3.12097783601481,0.00190334939831841,0.0295339262307945,-1.50200115383592,TRUE
"P02751","Low_vs_Control_in_HighTemperature",0.396698144549779,13.8064220105094,3.11908641853052,0.00191538015304316,0.0295339262307945,-1.50750843699307,TRUE
"P11226","Low_vs_Control_in_HighTemperature",0.774072010052846,9.37016905630677,3.11168221547489,0.00196335552993807,0.0296791695757091,-1.52910524781467,TRUE
"P51888","Low_vs_Control_in_HighTemperature",0.428435808057154,7.70211132190347,3.11176118477663,0.0019661932424633,0.0296791695757091,-1.52205179825565,TRUE
"P26572","Low_vs_Control_in_HighTemperature",0.482991803091812,8.8671349175869,3.09611809052955,0.0020673805621759,0.0305839738981803,-1.57260232754369,TRUE
"P01817","Low_vs_Control_in_HighTemperature",0.807029249376539,8.75514128828976,3.09699369156082,0.00206879042407496,0.0305839738981803,-1.55917884991049,TRUE
"A8MYB1","Low_vs_Control_in_HighTemperature",0.639478365089845,12.1465112764336,3.08873193667943,0.00212877252367562,0.0311495897852126,-1.57501908257316,TRUE
"Q96EE4","Low_vs_Control_in_HighTemperature",0.310101472906103,8.58773230347274,3.08111509970357,0.00217221608209215,0.031464220825456,-1.61739122272144,TRUE
"Q9HCM3","Low_vs_Control_in_HighTemperature",0.314253330732376,9.58969756289802,3.06987850297417,0.00225408042983823,0.0321494906952346,-1.64965983943266,TRUE
"P00747","Low_vs_Control_in_HighTemperature",0.444871585251796,15.1152510353278,3.06849355261436,0.00226436440740495,0.0321494906952346,-1.65362920747974,TRUE
"A0M8Q6","Low_vs_Control_in_HighTemperature",0.646594161613638,15.2650480780964,3.05456419386918,0.00237231252830447,0.0331569923150695,-1.68665567618254,TRUE
"Q7LGC8","Low_vs_Control_in_HighTemperature",0.30105770470588,11.0081953095231,3.05310497993716,0.00238156918302103,0.0331569923150695,-1.69761796579462,TRUE
"P01714","Low_vs_Control_in_HighTemperature",0.720244991129432,9.76009229430238,3.04962084502553,0.0024114607990921,0.0332503344797891,-1.70412745175673,TRUE
"Q96JQ0","Low_vs_Control_in_HighTemperature",0.545120772569763,6.95471834506496,3.0452065653703,0.00244998605494406,0.0334598095503788,-1.70730704473357,TRUE
"P01876","Low_vs_Control_in_HighTemperature",0.594928474512965,15.9423771207632,3.03581518716761,0.00251988257920545,0.0340897322507606,-1.74678739359416,TRUE
"P43652","Low_vs_Control_in_HighTemperature",0.707033569154577,12.1597625545238,3.02684794798532,0.00259448471592656,0.0343533616693148,-1.7721828818575,TRUE
"P09619","Low_vs_Control_in_HighTemperature",0.419284264547205,10.0526943388665,3.02452451646803,0.00261414189913457,0.0343533616693148,-1.77875110408731,TRUE
"P55287","Low_vs_Control_in_HighTemperature",0.441647592670463,8.20605459663454,3.02141389874009,0.0026416586566374,0.0343533616693148,-1.78522198320674,TRUE
"O43505","Low_vs_Control_in_HighTemperature",0.441127677189511,6.92739931445802,3.02491994913755,0.00264405023111183,0.0343533616693148,-1.72512550930749,TRUE
"P00742","Low_vs_Control_in_HighTemperature",0.280574397582305,14.9378782243176,3.01926425320993,0.00265915142628587,0.0343533616693148,-1.79360364436886,TRUE
"P0DOX8","Low_vs_Control_in_HighTemperature",0.533662095105935,16.3612820323272,3.00348772741519,0.00279843746712256,0.0353803301771712,-1.83799980224064,TRUE
"O00339","Low_vs_Control_in_HighTemperature",0.466698430485029,7.11179314684611,3.00353071765231,0.00280965633260149,0.0353803301771712,-1.82910324757005,TRUE
"P00736","Low_vs_Control_in_HighTemperature",0.40145203821308,15.7427185587393,3.00191725586331,0.00281266223165796,0.0353803301771712,-1.84240694134907,TRUE
"P23280","Low_vs_Control_in_HighTemperature",0.446863469689347,7.38062884006955,3.00048136539371,0.00286151059046389,0.0355940138651768,-1.80391941977618,TRUE
"P02675","Low_vs_Control_in_HighTemperature",0.484837109519212,18.9589394046273,2.99124151864666,0.00291112768582466,0.0355940138651768,-1.872306854123,TRUE
"Q9HDC9","Low_vs_Control_in_HighTemperature",0.430137045766157,13.598423170542,2.98830003150066,0.00293880696536323,0.0355940138651768,-1.88052713253778,TRUE
"P05019","Low_vs_Control_in_HighTemperature",0.312585134456944,9.16828486185053,2.98517355652309,0.00297172514563554,0.0355940138651768,-1.88734600569346,TRUE
"Q86UX2","Low_vs_Control_in_HighTemperature",0.348478150620684,7.58101922272637,2.98244843061444,0.00299565461041817,0.0355940138651768,-1.89708545780421,TRUE
"P04233","Low_vs_Control_in_HighTemperature",0.336331632557194,9.29893092877623,2.9818931464353,0.0030009990917232,0.0355940138651768,-1.89863325902072,TRUE
"Q6UXH0","Low_vs_Control_in_HighTemperature",0.391472508206867,9.05634511664235,2.9798083645583,0.00302195816661796,0.0355940138651768,-1.89691447590767,TRUE
"P78539","Low_vs_Control_in_HighTemperature",0.324636919314967,9.36449724584815,2.9789956283858,0.00302822154222564,0.0355940138651768,-1.90482963503228,TRUE
"P22792","Low_vs_Control_in_HighTemperature",0.47927272039122,13.3147089201418,2.97313158356819,0.00308540308452058,0.0357602530008707,-1.92279305052242,TRUE
"P08571","Low_vs_Control_in_HighTemperature",0.338147076149248,12.3595402191225,2.97151918712717,0.00310137310718026,0.0357602530008707,-1.92727369213481,TRUE
"P01275","Low_vs_Control_in_HighTemperature",0.542647326334992,8.5357857833907,2.96998565168663,0.00311717686548734,0.0357602530008707,-1.93164476444222,TRUE
"P08709","Low_vs_Control_in_HighTemperature",0.341607713688738,9.82365052615428,2.96649332792227,0.00315163808699167,0.0358686429900481,-1.94122486061859,TRUE
"P07711","Low_vs_Control_in_HighTemperature",0.422639138966538,8.22085501050504,2.95700386611558,0.00325497999158156,0.0366206392035786,-1.96875766256061,TRUE
"P15144","Low_vs_Control_in_HighTemperature",0.584598650756608,7.58604257616504,2.95558767655926,0.00326878787870158,0.0366206392035786,-1.95190484845532,TRUE
"P02671","Low_vs_Control_in_HighTemperature",0.5085613840797,16.1605282045091,2.94734295787384,0.00335006634633173,0.0372188574262096,-1.99417508273248,TRUE
"Q9ULI3","Low_vs_Control_in_HighTemperature",0.219760801322042,13.5651344668898,2.94509478729018,0.00337409446681119,0.0372188574262096,-2.00036950114406,TRUE
"Q6UX71","Low_vs_Control_in_HighTemperature",0.349506865331859,10.1139582367603,2.93658199127095,0.00346651099793755,0.037860888382815,-2.02378358478072,TRUE
"P19652","Low_vs_Control_in_HighTemperature",0.737562242124307,13.5509536726081,2.93140513859814,0.00352383575279354,0.037860888382815,-2.03799030071759,TRUE
"Q92954","Low_vs_Control_in_HighTemperature",0.401876498358329,12.2104989802304,2.93002067907494,0.00353931218351156,0.037860888382815,-2.04178553858578,TRUE
"A6NL88","Low_vs_Control_in_HighTemperature",0.599192115933519,9.38920501769363,2.92565085523719,0.00359537211037111,0.037860888382815,-2.04066606333721,TRUE
"Q08174","Low_vs_Control_in_HighTemperature",0.428166283725234,9.56417662809902,2.92433025952922,0.0036035770582268,0.037860888382815,-2.05736658092663,TRUE
"P40967","Low_vs_Control_in_HighTemperature",0.370958779096854,11.9632614282273,2.92260917174649,0.00362322281210199,0.037860888382815,-2.06207336130588,TRUE
"O75787","Low_vs_Control_in_HighTemperature",0.385552290709459,9.87541007003625,2.92117153938752,0.00363970782502789,0.037860888382815,-2.06600290472615,TRUE
"Q16610","Low_vs_Control_in_HighTemperature",0.362007001968822,12.6541553213645,2.920840239311,0.00364351645524998,0.037860888382815,-2.06690819696763,TRUE
"P02679","Low_vs_Control_in_HighTemperature",0.38047327830316,16.7947678506265,2.91631360721972,0.00369592005001428,0.038129132026766,-2.07926748621313,TRUE
"Q9BXN1","Low_vs_Control_in_HighTemperature",0.349738470048186,11.3457933130182,2.91223575404958,0.00374371568352915,0.0383463449298629,-2.09038559795304,TRUE
"Q07954","Low_vs_Control_in_HighTemperature",0.580401022474005,10.8348134453399,2.90226620482517,0.00386294842045421,0.0389376552955839,-2.11750390290629,TRUE
"P00738","Low_vs_Control_in_HighTemperature",0.853431051027519,14.4818798965806,2.90150049643022,0.00387224761726773,0.0389376552955839,-2.11958300099719,TRUE
"P06734","Low_vs_Control_in_HighTemperature",0.410391577694387,9.32929477376901,2.9001080844506,0.00389772349453828,0.0389376552955839,-2.11535184139199,TRUE
"P05160","Low_vs_Control_in_HighTemperature",0.580910506587538,10.9060281251502,2.89664687145454,0.00393198213996246,0.0389376552955839,-2.13144109728124,TRUE
"Q9BYH1","Low_vs_Control_in_HighTemperature",0.328351761536625,11.0767575573965,2.89619760988157,0.0039372106121755,0.0389376552955839,-2.13396717253826,TRUE
"P10643","Low_vs_Control_in_HighTemperature",0.544658555050068,12.0970092931249,2.89182810868355,0.00399148341044635,0.0392040219902744,-2.14580041038726,TRUE
"P12110","Low_vs_Control_in_HighTemperature",0.345790854290966,8.96326542801048,2.8872447948005,0.00404946228914966,0.0395029178410926,-2.15824319777895,TRUE
"O14791","Low_vs_Control_in_HighTemperature",0.303594728224086,15.286307556677,2.88237962752372,0.00411117761265509,0.0396340362723137,-2.17132921016174,TRUE
"Q4LDE5","Low_vs_Control_in_HighTemperature",0.453179525324888,10.6076096730931,2.87820300845567,0.00416512117465886,0.0396340362723137,-2.1825882524002,TRUE
"Q99983","Low_vs_Control_in_HighTemperature",0.382536167436429,14.0210376603404,2.87762472800481,0.00417264056255599,0.0396340362723137,-2.18414589701108,TRUE
"Q7Z7G0","Low_vs_Control_in_HighTemperature",0.306073016023218,13.2619748609732,2.87588237208437,0.00419537116971723,0.0396340362723137,-2.18883724245183,TRUE
"Q6UY14","Low_vs_Control_in_HighTemperature",0.565883434057614,9.02827132250117,2.87569837900632,0.00420109728967342,0.0396340362723137,-2.17755274213751,TRUE
"P98160","Low_vs_Control_in_HighTemperature",0.309911882970816,12.0119256250694,2.86892946887715,0.00428720414750507,0.0401503361483037,-2.20753078464426,TRUE
"Q04756","Low_vs_Control_in_HighTemperature",0.400337323319466,10.4808548624243,2.867088670548,0.00431182131578715,0.0401503361483037,-2.21247262027871,TRUE
"P08185","Low_vs_Control_in_HighTemperature",0.563814676889868,10.3594173246589,2.86454897312579,0.00434599594255973,0.0402074721395526,-2.21928569566947,TRUE
"Q15063","Low_vs_Control_in_HighTemperature",0.55423419380697,10.709472053943,2.85906877772804,0.00442057892034008,0.0405731220180811,-2.23396715158653,TRUE
"P02768","Low_vs_Control_in_HighTemperature",0.800909965815752,15.624335027664,2.85750263682318,0.0044421061065821,0.0405731220180811,-2.23815785049848,TRUE
"Q504Y2","Low_vs_Control_in_HighTemperature",0.461573085029332,7.74771695121705,2.85623556065028,0.00447149479450428,0.0405830603501211,-2.21642991706708,TRUE
"A0A0B4J1Y9","Low_vs_Control_in_HighTemperature",0.625875565750777,12.0075295843226,2.84934633106092,0.00455576543171021,0.0410878467237261,-2.25994668532949,TRUE
"P01009","Low_vs_Control_in_HighTemperature",0.367875921832528,15.066071405462,2.84548689588028,0.00461046263126859,0.0410897999204022,-2.27023581624924,TRUE
"P19021","Low_vs_Control_in_HighTemperature",0.399513940541713,9.82548248787503,2.84528853270731,0.00461328994922228,0.0410897999204022,-2.27076428154912,TRUE
"P06331","Low_vs_Control_in_HighTemperature",0.616870910780674,11.5980292995244,2.83899356372643,0.00470453490762848,0.0411127139823652,-2.28760743122077,TRUE
"Q9NS73","Low_vs_Control_in_HighTemperature",0.357693519159916,13.1537598581502,2.83873500087506,0.00471114283977018,0.0411127139823652,-2.28082578547258,TRUE
"Q86TH1","Low_vs_Control_in_HighTemperature",0.419289790002567,9.02453794597641,2.83728948140953,0.00472862279277625,0.0411127139823652,-2.29204509045306,TRUE
"Q9H173","Low_vs_Control_in_HighTemperature",0.395020723460701,7.05163453997535,2.83803004929992,0.00473054240382864,0.0411127139823652,-2.27126172191641,TRUE
"Q92765","Low_vs_Control_in_HighTemperature",0.430252039465408,8.10868573676018,2.83506245435359,0.00479011178425686,0.0413796403531586,-2.27789405646754,TRUE
"Q06828","Low_vs_Control_in_HighTemperature",0.282859117202264,11.3865768349313,2.82873248600037,0.00485489265032355,0.0416860050817308,-2.31474607310682,TRUE
"Q08629","Low_vs_Control_in_HighTemperature",0.383023619729278,7.25794963168698,2.82761114666289,0.00490790415204413,0.0416860050817308,-2.28136875864497,TRUE
"P49641","Low_vs_Control_in_HighTemperature",0.315815301744029,9.51224490637486,2.82362691304562,0.00493168177111766,0.0416860050817308,-2.32825911124063,TRUE
"Q9H159","Low_vs_Control_in_HighTemperature",0.346634147130338,9.42644628681729,2.82295589487763,0.0049418555536222,0.0416860050817308,-2.33003335354683,TRUE
"O94966","Low_vs_Control_in_HighTemperature",0.975993031893591,10.6546776820167,2.81893862479261,0.00502632915920424,0.0421506199666601,-2.31011313595252,TRUE
"P11215","Low_vs_Control_in_HighTemperature",0.311341858571242,8.18119304638152,2.81247506747221,0.00510325301165087,0.0425468884808567,-2.35769276898178,TRUE
"Q92743","Low_vs_Control_in_HighTemperature",0.359894323665191,10.3821006219859,2.8094215191398,0.00515116626303752,0.0426981064809006,-2.36573249244121,TRUE
"P0DJI8","Low_vs_Control_in_HighTemperature",0.759157584680191,13.9628809768512,2.80653929593077,0.00519676490994358,0.042828510809535,-2.37331337294738,TRUE
"Q16658","Low_vs_Control_in_HighTemperature",0.548166595988175,6.41987347472856,2.79100221817241,0.00550522567054776,0.0446248538714788,-2.35187083273844,TRUE
"P49747","Low_vs_Control_in_HighTemperature",0.332426411912641,15.0549524769849,2.7876026389668,0.00550556289286418,0.0446248538714788,-2.4229335035908,TRUE
"Q8IZP9","Low_vs_Control_in_HighTemperature",0.376343378060461,8.7888843028214,2.78747461469848,0.00550808865777667,0.0446248538714788,-2.42330963167543,TRUE
"P01008","Low_vs_Control_in_HighTemperature",0.411703682918001,11.5571065903026,2.78402371273555,0.00556575690684837,0.0448387382270818,-2.43227487449674,TRUE
"Q08830","Low_vs_Control_in_HighTemperature",0.37006489096216,10.5343884455737,2.78062498877644,0.00562347079591775,0.0450505984432741,-2.44113513396693,TRUE
"Q9NR99","Low_vs_Control_in_HighTemperature",0.285786383686464,10.2462125740413,2.77539851676248,0.00571327883051686,0.0453699440016372,-2.45473975246919,TRUE
"O95967","Low_vs_Control_in_HighTemperature",0.374559725132238,8.86334903445566,2.77471980400367,0.00572661078402813,0.0453699440016372,-2.45191447024632,TRUE
"P04004","Low_vs_Control_in_HighTemperature",0.276573997482075,18.311104894547,2.76815395236973,0.00583990991250111,0.0457203782559223,-2.47355648545649,TRUE
"Q9BZE9","Low_vs_Control_in_HighTemperature",0.460690046769157,11.8006852623762,2.76723965427605,0.00585726457626402,0.0457203782559223,-2.47604949209265,TRUE
"P43251","Low_vs_Control_in_HighTemperature",0.271451308982007,10.7671646735011,2.76665124629286,0.00586649204957441,0.0457203782559223,-2.47745358291099,TRUE
"P01011","Low_vs_Control_in_HighTemperature",0.357640463394327,12.4322410209453,2.75895095147101,0.00600443059315348,0.0465424511923356,-2.49739123411691,TRUE
"Q14517","Low_vs_Control_in_HighTemperature",0.394586319709756,10.1621116505705,2.75251351144473,0.00612198890648575,0.0470804283504617,-2.51401774799626,TRUE
"P14151","Low_vs_Control_in_HighTemperature",0.289522957463687,14.5484473128604,2.74995437209726,0.00616929767281421,0.0470804283504617,-2.52061698944152,TRUE
"Q9Y4L1","Low_vs_Control_in_HighTemperature",0.322448006846756,8.97105158380125,2.7485049819943,0.00619623759881247,0.0470804283504617,-2.52435188513779,TRUE
"P13497","Low_vs_Control_in_HighTemperature",0.335699443911169,9.69773799030464,2.74802614702563,0.00620516105874286,0.0470804283504617,-2.52558536292643,TRUE
"P01703","Low_vs_Control_in_HighTemperature",0.584232601648354,10.6053858849787,2.74475116629362,0.00626942385878038,0.0473102333395212,-2.52985501499977,TRUE
"P05090","Low_vs_Control_in_HighTemperature",0.28415782375002,12.5090928069042,2.73743454840911,0.00640553418078246,0.0473102333395212,-2.55281600275983,TRUE
"P48740","Low_vs_Control_in_HighTemperature",0.398083594976431,13.6339737745166,2.73642019331726,0.00642502698529763,0.0473102333395212,-2.5554185236237,TRUE
"O95445","Low_vs_Control_in_HighTemperature",0.245839544635375,13.7308689348061,2.73456823996868,0.00646075398929044,0.0473102333395212,-2.56016764868252,TRUE
"Q5SYB0","Low_vs_Control_in_HighTemperature",0.499327876941633,11.0917581825276,2.73338603025632,0.00648836838163518,0.0473102333395212,-2.5621587521086,TRUE
"P02787","Low_vs_Control_in_HighTemperature",0.713114297869089,13.0689381564924,2.7321366985363,0.00650793426767339,0.0473102333395212,-2.56639832620728,TRUE
"P02748","Low_vs_Control_in_HighTemperature",0.303078528680206,15.2630173335489,2.73147316497355,0.00652086297070069,0.0473102333395212,-2.56809765692743,TRUE
"P35443","Low_vs_Control_in_HighTemperature",0.350248164244658,15.3802682371216,2.72946716600712,0.00656009012961923,0.0473102333395212,-2.57323264947687,TRUE
"O15204","Low_vs_Control_in_HighTemperature",0.361968070748558,9.79362198276776,2.72921082082152,0.00656511824746354,0.0473102333395212,-2.57388858281094,TRUE
"Q9UBS9","Low_vs_Control_in_HighTemperature",0.369057149684442,7.97251842963129,2.72946258851759,0.00656536710918042,0.0473102333395212,-2.57032954405424,TRUE
"Q9NZP8","Low_vs_Control_in_HighTemperature",0.397521311273382,10.0023614465442,2.72667836327744,0.00661497859109672,0.0474293964981635,-2.58036539644657,TRUE
"P02745","Low_vs_Control_in_HighTemperature",0.678228885137571,11.1660501725861,2.72426190242145,0.00666287324584141,0.047463340636994,-2.5865401073148,TRUE
"Q9BWS9","Low_vs_Control_in_HighTemperature",0.425074409361653,7.10301008932266,2.72371724838445,0.00670883972325379,0.047463340636994,-2.57437239367945,TRUE
"P01031","Low_vs_Control_in_HighTemperature",0.440695851602584,11.1023038508442,2.72144953033209,0.00671900847232202,0.047463340636994,-2.59371978996163,TRUE
"P04003","Low_vs_Control_in_HighTemperature",0.459526812147338,14.3590996404846,2.71834868828305,0.00678139548167688,0.0476692211800228,-2.60162756479664,TRUE
"P98164","Low_vs_Control_in_HighTemperature",0.641100322323073,10.2936522238606,2.71343698268833,0.00692299921876252,0.0484272238034412,-2.57733314722196,TRUE
"Q14767","Low_vs_Control_in_HighTemperature",0.440180219400116,9.5297482203054,2.7056773715462,0.00704223614609599,0.0488016579837902,-2.63388744173107,TRUE
"P28906","Low_vs_Control_in_HighTemperature",0.35792269780962,10.8771231873645,2.70560709166678,0.00704459079682327,0.0488016579837902,-2.63219339064348,TRUE
"A0A075B6J9","Low_vs_Control_in_HighTemperature",0.704459597832329,9.23374051793308,2.69603718025377,0.00726473907857875,0.0498452963731982,-2.6483406120866,TRUE
"P0DOX2","Low_vs_Control_in_HighTemperature",0.526441868175864,15.3709035027304,2.69515875020232,0.00726476076847868,0.0498452963731982,-2.66048918451269,TRUE
"Q92823","Low_vs_Control_in_HighTemperature",0.361235865241071,8.66771758471406,2.6933034921341,0.00730473964078367,0.0498809364042085,-2.66517712497536,TRUE
"P58166","Low_vs_Control_in_HighTemperature",0.316286051983166,8.7222961252312,2.68540026670181,0.00747772804069691,0.0508126715416707,-2.68514731994324,FALSE
"P19256","Low_vs_Control_in_HighTemperature",0.305025534466703,7.92849692399026,2.68161822758712,0.00757724371794742,0.0508126715416707,-2.6859040165102,FALSE
"P01700","Low_vs_Control_in_HighTemperature",0.610887040750802,12.3474401941656,2.67897341100134,0.00762026875040468,0.0508126715416707,-2.70128133478857,FALSE
"Q9UHG3","Low_vs_Control_in_HighTemperature",0.269642428161218,10.6741638976403,2.67864781130074,0.00762757825621393,0.0508126715416707,-2.70209950018235,FALSE
"P35052","Low_vs_Control_in_HighTemperature",0.272294755085219,7.97811099423777,2.67628622454222,0.00768078330416466,0.0508126715416707,-2.70803079351804,FALSE
"P10646","Low_vs_Control_in_HighTemperature",0.347980580857545,11.7922847893331,2.67507770613214,0.00770813928661598,0.0508126715416707,-2.71106410813041,FALSE
"Q53H76","Low_vs_Control_in_HighTemperature",0.350288261579447,8.04355834207889,2.67414686738106,0.00775320047585016,0.0508126715416707,-2.68549201311414,FALSE
"P04070","Low_vs_Control_in_HighTemperature",0.329255042112079,14.313624815426,2.67092923440321,0.00780271144374776,0.0508126715416707,-2.72146641910177,FALSE
"P06681","Low_vs_Control_in_HighTemperature",0.652455095055471,10.8469637887999,2.6696707953744,0.00783160530945998,0.0508126715416707,-2.72461886036199,FALSE
"O75356","Low_vs_Control_in_HighTemperature",0.27861575987786,6.76851993455037,2.6702658130361,0.00784088973713329,0.0508126715416707,-2.69391462511301,FALSE
"P00966","Low_vs_Control_in_HighTemperature",0.444058810555626,7.86739839602239,2.66975753544844,0.007842368374163,0.0508126715416707,-2.70162937760381,FALSE
"P98095","Low_vs_Control_in_HighTemperature",0.346987913997582,8.73646571131464,2.66617594294289,0.00791282169843329,0.0508126715416707,-2.73339999989429,FALSE
"Q05707","Low_vs_Control_in_HighTemperature",0.328056054085867,7.75126753491606,2.66549383464261,0.00792961436126544,0.0508126715416707,-2.73170049691872,FALSE
"P06727","Low_vs_Control_in_HighTemperature",0.261907241315036,15.9857521585886,2.6651041361639,0.00793726528963335,0.0508126715416707,-2.7360464074204,FALSE
"P53634","Low_vs_Control_in_HighTemperature",0.373120815745882,10.2574386809939,2.66177142810228,0.00801518133253539,0.0510834223593589,-2.74437413456669,FALSE
"Q9NT22","Low_vs_Control_in_HighTemperature",0.384853537668,7.74446129949712,2.65434003644943,0.0082098848028338,0.0520928088816976,-2.73217109596603,FALSE
"P13473","Low_vs_Control_in_HighTemperature",0.49455826242015,7.35724220164884,2.65365907019702,0.0082564116440576,0.0521572436016679,-2.74470459366219,FALSE
"Q7L014","Low_vs_Control_in_HighTemperature",0.662867864002097,15.4787742494013,2.64880682795148,0.00833751561465979,0.0523584481271779,-2.76899331833033,FALSE
"Q8WWZ8","Low_vs_Control_in_HighTemperature",0.769310412706107,10.3959110692191,2.64731030107904,0.00836128634666928,0.0523584481271779,-2.78039211901593,FALSE
"Q8N307","Low_vs_Control_in_HighTemperature",0.335451568240995,10.2198904475629,2.64460169786285,0.00842806963290622,0.0524495265574215,-2.78515373530855,FALSE
"O60245","Low_vs_Control_in_HighTemperature",0.449891825690108,6.86650584901509,2.64460023161913,0.00847631901384154,0.0524495265574215,-2.73588785153539,FALSE
"O14498","Low_vs_Control_in_HighTemperature",0.310153349486206,8.01457649874124,2.64236114875391,0.00850388940198876,0.0524495265574215,-2.76696539444535,FALSE
"P26927","Low_vs_Control_in_HighTemperature",0.628927323624135,8.45385196556875,2.64101328340172,0.00852213367355593,0.0524495265574215,-2.78937869231952,FALSE
"P02652","Low_vs_Control_in_HighTemperature",0.290767112347282,17.9693766328163,2.63049641114116,0.00878051398757798,0.0538087908469523,-2.82203029217804,FALSE
"O00468","Low_vs_Control_in_HighTemperature",0.254143506465374,10.1802458113195,2.62337756836347,0.00896361660669922,0.054624144702469,-2.83958178323368,FALSE
"P23471","Low_vs_Control_in_HighTemperature",0.288359367750143,11.5453431595551,2.6210870275242,0.00902325428404323,0.054624144702469,-2.84521927214129,FALSE
"P05543","Low_vs_Control_in_HighTemperature",0.358954295131342,9.61578474060375,2.62091147004507,0.00902783981484321,0.054624144702469,-2.84565115738788,FALSE
"O94769","Low_vs_Control_in_HighTemperature",0.34053326713784,9.26428866579649,2.61662533525502,0.00914044226307969,0.0550730848960348,-2.85618665952882,FALSE
"P20851","Low_vs_Control_in_HighTemperature",0.484286775362037,9.7546999972539,2.61225043059365,0.00925872758890073,0.0554175152693783,-2.86550387765987,FALSE
"P02774","Low_vs_Control_in_HighTemperature",0.60443499093496,13.6123337445535,2.61083407833817,0.00929458304262636,0.0554175152693783,-2.87039517850715,FALSE
"Q86WI1","Low_vs_Control_in_HighTemperature",0.427144987032921,9.4720873850835,2.61002616267416,0.00931627050763422,0.0554175152693783,-2.87237491980335,FALSE
"P49746","Low_vs_Control_in_HighTemperature",0.31642623511039,12.0163436387452,2.60869180634707,0.0093521887693093,0.0554175152693783,-2.87564336244188,FALSE
"P17936","Low_vs_Control_in_HighTemperature",0.556708624287348,11.3536831685522,2.60273180071484,0.00951413769388606,0.0559109922901189,-2.89022226535964,FALSE
"P07327","Low_vs_Control_in_HighTemperature",0.422468995027953,7.76743088812502,2.60219839304273,0.00953730494121231,0.0559109922901189,-2.87850198263413,FALSE
"Q9NYQ8","Low_vs_Control_in_HighTemperature",0.691983354318495,7.98396282762633,2.60202252263663,0.00955243592125463,0.0559109922901189,-2.86287566870283,FALSE
"P01871","Low_vs_Control_in_HighTemperature",0.439918640207146,16.5502013049158,2.59980174537562,0.00959467087827653,0.0559299107294656,-2.89737764526823,FALSE
"Q6ZRP7","Low_vs_Control_in_HighTemperature",0.338210462101109,8.45863801831273,2.59437974877046,0.00974530470147698,0.0563768123140852,-2.91059782233814,FALSE
"Q9Y625","Low_vs_Control_in_HighTemperature",0.333289150320851,8.46083034028952,2.59452245966982,0.00974996475166885,0.0563768123140852,-2.90303573307453,FALSE
"Q9BQE5","Low_vs_Control_in_HighTemperature",0.349824057772439,11.0032117998219,2.59214385999078,0.00983146213039821,0.0566197457630162,-2.88691456167214,FALSE
"Q8NDA2","Low_vs_Control_in_HighTemperature",0.467661519241286,6.05963991923394,2.57707587067656,0.0103045870073979,0.0588103222784738,-2.91082794671411,FALSE
"P01024","Low_vs_Control_in_HighTemperature",0.375575579614987,12.8690672400851,2.57424229409091,0.0103234374598703,0.0588103222784738,-2.95946282490339,FALSE
"P35555","Low_vs_Control_in_HighTemperature",0.587295421370042,8.03190824669307,2.57427562016828,0.0103348683501921,0.0588103222784738,-2.95281381335559,FALSE
"A0A1B0GTC6","Low_vs_Control_in_HighTemperature",0.468151017712724,11.1880567286394,2.5705331239341,0.0104332033531839,0.0588113535178534,-2.96842297864329,FALSE
"O00533","Low_vs_Control_in_HighTemperature",0.328784268701677,9.02526859553548,2.56890107103598,0.0104818299408337,0.0588113535178534,-2.97236150543391,FALSE
"P35542","Low_vs_Control_in_HighTemperature",0.273711778205289,14.933962285977,2.56855256952232,0.0104922396141386,0.0588113535178534,-2.9732022058972,FALSE
"Q10471","Low_vs_Control_in_HighTemperature",0.278325278648825,7.63284988649175,2.56834138631292,0.0104990979780826,0.0588113535178534,-2.97374004406055,FALSE
"Q09328","Low_vs_Control_in_HighTemperature",0.250737497919639,8.89504720732085,2.56375460035289,0.0106364945592336,0.0593491564122218,-2.98476520032941,FALSE
"Q8WWV6","Low_vs_Control_in_HighTemperature",0.371553255197838,10.3210369568537,2.55416284483062,0.0109307493406335,0.0602036803419231,-3.00784570881098,FALSE
"P48960","Low_vs_Control_in_HighTemperature",0.29196300029391,7.6216305410627,2.55276978399192,0.0109785491076846,0.0602036803419231,-3.00569281267807,FALSE
"P60985","Low_vs_Control_in_HighTemperature",0.402856989483404,10.9812272597266,2.55251726894092,0.0109812992308765,0.0602036803419231,-3.01176452127771,FALSE
"P15907","Low_vs_Control_in_HighTemperature",0.371615251051043,9.24805423601795,2.55021025897567,0.0110533074281923,0.0602036803419231,-3.01729315856947,FALSE
"P22105","Low_vs_Control_in_HighTemperature",0.322229515563015,13.1904145222922,2.55006152380152,0.0110579642704324,0.0602036803419231,-3.01764942813234,FALSE
"P11279","Low_vs_Control_in_HighTemperature",0.402074593989548,7.53265515658985,2.55070676540415,0.0110786464691404,0.0602036803419231,-2.99142603779008,FALSE
"Q8N3T1","Low_vs_Control_in_HighTemperature",0.341895187962468,7.20070048461002,2.54975496050144,0.0110835227407724,0.0602036803419231,-3.00658800313039,FALSE
"P14209","Low_vs_Control_in_HighTemperature",0.393226952589757,8.64415663734407,2.54262639668358,0.011292994662808,0.0609278144260655,-3.03543320598027,FALSE
"Q13444","Low_vs_Control_in_HighTemperature",0.473295759906824,7.67045513309621,2.54339728798025,0.0113018121599257,0.0609278144260655,-2.97937074544692,FALSE
"O43157","Low_vs_Control_in_HighTemperature",0.270121022467206,12.5580045037599,2.54048204313294,0.0113616008897499,0.0610207328685446,-3.04055280091989,FALSE
"P00326","Low_vs_Control_in_HighTemperature",0.465846594245354,9.50723702676621,2.53687803984548,0.011482378495073,0.0612217913183419,-3.04361148303074,FALSE
"P02746","Low_vs_Control_in_HighTemperature",0.633428090624951,11.5328830290063,2.53646376219577,0.0114911612572165,0.0612217913183419,-3.05013502481172,FALSE
"P55268","Low_vs_Control_in_HighTemperature",0.350985475471306,7.83828639508727,2.53531728057114,0.011528940074438,0.0612217913183419,-3.05289301860133,FALSE
"O14786","Low_vs_Control_in_HighTemperature",0.239638678062436,14.1057122819407,2.53334992566802,0.0115924625185667,0.0612217913183419,-3.0575502967883,FALSE
"A6NDG6","Low_vs_Control_in_HighTemperature",0.361300171205383,7.29856461672947,2.53206466450633,0.0116663177262433,0.0612217913183419,-3.03218060017897,FALSE
"P02760","Low_vs_Control_in_HighTemperature",0.189705720102769,15.7761766532437,2.53028741300011,0.0116928684557864,0.0612217913183419,-3.06483469058674,FALSE
"P55103","Low_vs_Control_in_HighTemperature",0.304682004809234,10.8149609178478,2.53013493733301,0.0116978876019705,0.0612217913183419,-3.06519713994732,FALSE
"P01619","Low_vs_Control_in_HighTemperature",0.535169797479924,11.5039449401794,2.5284404643184,0.0117543733190263,0.0612937139617588,-3.06925002312666,FALSE
"Q96AQ6","Low_vs_Control_in_HighTemperature",0.351595768672455,8.57699336824384,2.52485865188301,0.011873337107005,0.0615442978263158,-3.0777524794968,FALSE
"P51884","Low_vs_Control_in_HighTemperature",0.273955870253513,16.8642744203719,2.5238164025888,0.0119075719129351,0.0615442978263158,-3.0801981925324,FALSE
"P12830","Low_vs_Control_in_HighTemperature",0.348163051730575,10.6249873131711,2.52282914536694,0.0119406348129343,0.0615442978263158,-3.08253877273781,FALSE
"O43396","Low_vs_Control_in_HighTemperature",0.613722784729814,8.10964613365551,2.52279242808776,0.0119740997862916,0.0615442978263158,-3.05241362134868,FALSE
"P28300","Low_vs_Control_in_HighTemperature",0.497097887657261,7.44752841850495,2.51941814425976,0.0121299060932402,0.0621224476346658,-3.02024525609226,FALSE
"P05155","Low_vs_Control_in_HighTemperature",0.327645069314727,14.0209567069648,2.51135330919933,0.0123309883006372,0.0629275346018282,-3.10968009974313,FALSE
"Q6UVK1","Low_vs_Control_in_HighTemperature",0.291028276707401,10.2513471448004,2.50827162090067,0.0124377253952467,0.0632471567971058,-3.11694801275508,FALSE
"P22891","Low_vs_Control_in_HighTemperature",0.388564887785817,14.7352282588151,2.50696624539421,0.0124831851508353,0.0632540194568826,-3.12002401286003,FALSE
"Q8WWA0","Low_vs_Control_in_HighTemperature",0.342989561113221,11.3286383558247,2.50464597220026,0.0125643531228399,0.0634101810822342,-3.12548767535032,FALSE
"Q8IZP7","Low_vs_Control_in_HighTemperature",0.286765156365101,8.72217445323731,2.50356175055074,0.0126024418468876,0.0634101810822342,-3.12803905527488,FALSE
"P02747","Low_vs_Control_in_HighTemperature",0.574127183837096,12.4027070874143,2.49899457381082,0.0127640146851444,0.0639985911136259,-3.13877466884792,FALSE
"P41222","Low_vs_Control_in_HighTemperature",0.248576438157341,9.7018591666354,2.49703886745,0.012833762019656,0.0641240931574449,-3.14336591190806,FALSE
"Q9UN70","Low_vs_Control_in_HighTemperature",0.410250634993345,7.46155293047386,2.49438097406592,0.0129371706539093,0.0641531948136522,-3.13959010645861,FALSE
"Q9HC84","Low_vs_Control_in_HighTemperature",0.526337012000759,8.75911052980223,2.49404343995458,0.0129480554326117,0.0641531948136522,-3.14368728099873,FALSE
"P0DP02","Low_vs_Control_in_HighTemperature",0.451232051891829,12.1586038216111,2.49277496631485,0.0129870013796799,0.0641531948136522,-3.15336375503831,FALSE
"P0C0L5","Low_vs_Control_in_HighTemperature",0.418705072106901,12.6998549130921,2.49187669657434,0.0130194903300662,0.0641531948136522,-3.15546786132028,FALSE
"P02749","Low_vs_Control_in_HighTemperature",0.508026205840704,13.8718077363673,2.4906693244025,0.013063272584091,0.0641531948136522,-3.1582948440061,FALSE
"O00602","Low_vs_Control_in_HighTemperature",0.359372596339918,8.28377233892702,2.47691380779916,0.013607257444728,0.0663744404538707,-3.15955740226151,FALSE
"Q9NPG4","Low_vs_Control_in_HighTemperature",0.359544818755088,9.59185789561415,2.47593612911737,0.0136081488796639,0.0663744404538707,-3.1926840253569,FALSE
"A0A0C4DH38","Low_vs_Control_in_HighTemperature",0.615243518677994,9.60975575879872,2.47395919567258,0.0137047321639137,0.0664123245572726,-3.18561838831357,FALSE
"Q8IUK5","Low_vs_Control_in_HighTemperature",0.267995153165602,11.4501229134404,2.47327877375655,0.0137085411917383,0.0664123245572726,-3.19886545395334,FALSE
"P01706","Low_vs_Control_in_HighTemperature",0.650524821724312,11.433814067945,2.47105341057383,0.0138068050262882,0.0666631596218765,-3.19239396211444,FALSE
"Q13103","Low_vs_Control_in_HighTemperature",0.273566037982924,16.3182058800291,2.46561138777741,0.0140018944377749,0.0673782437039237,-3.21666471098755,FALSE
"Q6UXD5","Low_vs_Control_in_HighTemperature",0.311746325876655,9.64127741702673,2.46364141296681,0.0140781570804678,0.0675186530213738,-3.22122915321596,FALSE
"O60462","Low_vs_Control_in_HighTemperature",0.276995206860468,12.4714194419794,2.45951980555447,0.0142389050559453,0.0677294637438881,-3.23076742574637,FALSE
"P01591","Low_vs_Control_in_HighTemperature",0.452519496996912,10.7534476961789,2.458886161481,0.0142637614876141,0.0677294637438881,-3.23223243043795,FALSE
"Q99542","Low_vs_Control_in_HighTemperature",0.303802318159336,11.0254164838195,2.45859224857602,0.0142753040578758,0.0677294637438881,-3.23291184112534,FALSE
"P00734","Low_vs_Control_in_HighTemperature",0.468417463997387,15.8738402308554,2.45768368991958,0.0143110373182692,0.0677294637438881,-3.23501156922084,FALSE
"P04217","Low_vs_Control_in_HighTemperature",0.761269104456815,12.4061879138691,2.4531372071253,0.0144910400617826,0.0681878500414365,-3.2455073604217,FALSE
"Q15113","Low_vs_Control_in_HighTemperature",0.299250201145993,11.7487329708412,2.4528370330605,0.0145029946043502,0.0681878500414365,-3.2461996604596,FALSE
"P27169","Low_vs_Control_in_HighTemperature",0.258308129804615,16.6344859599093,2.44585056789833,0.0147837078298051,0.0692805131632043,-3.2622893903392,FALSE
"P46940","Low_vs_Control_in_HighTemperature",0.457092799199842,9.73664473237261,2.44406025807438,0.014856410254384,0.0693944374748749,-3.26640523911373,FALSE
"Q15582","Low_vs_Control_in_HighTemperature",0.275110690743762,10.6948285205239,2.44096421101276,0.0149828830419867,0.0695371907235394,-3.27351598237354,FALSE
"O43491","Low_vs_Control_in_HighTemperature",0.425228570008928,7.3273107517035,2.44185086747761,0.0149898801160778,0.0695371907235394,-3.23457715646208,FALSE
"P09382","Low_vs_Control_in_HighTemperature",0.289873500864095,9.26284711417802,2.43964627699666,0.0150389752819207,0.0695371907235394,-3.27281859429874,FALSE
"Q99715","Low_vs_Control_in_HighTemperature",0.273859798900771,10.7379249597153,2.43857966052771,0.0150809388528736,0.0695371907235394,-3.27898662234115,FALSE
"P13686","Low_vs_Control_in_HighTemperature",0.338352581722053,7.36307304179888,2.43362277923948,0.0153553739686287,0.0704726413888304,-3.25857948903983,FALSE
"Q14520","Low_vs_Control_in_HighTemperature",0.286649964761704,17.7652235911754,2.4313405023664,0.0153821037341031,0.0704726413888304,-3.29556273791833,FALSE
"Q9BXR6","Low_vs_Control_in_HighTemperature",0.364960756148141,9.66104560175177,2.41636513136007,0.0160233608129282,0.0730911098930558,-3.32974279225968,FALSE
"P05156","Low_vs_Control_in_HighTemperature",0.580509947659754,11.9175031779048,2.4148808673596,0.016086696618049,0.0730911098930558,-3.33307269228955,FALSE
"P07307","Low_vs_Control_in_HighTemperature",0.441643876712591,7.51681961779253,2.4153558730847,0.0161065486235744,0.0730911098930558,-3.27511108964839,FALSE
"P78509","Low_vs_Control_in_HighTemperature",0.398576948608937,11.7936462855301,2.41084385138689,0.0162637966040986,0.0735718748589194,-3.34223467444719,FALSE
"P15941","Low_vs_Control_in_HighTemperature",0.299078681433736,9.94333841747059,2.40696739938179,0.0164368325310953,0.0741208108477695,-3.35105975026452,FALSE
"Q9HCU0","Low_vs_Control_in_HighTemperature",0.284705486155369,14.1819509543834,2.40430623325838,0.0165542412529743,0.0744162443785742,-3.35704000351421,FALSE
"P08603","Low_vs_Control_in_HighTemperature",0.533677001112299,12.4737109225411,2.40229754287534,0.0166443935195549,0.0744875148990363,-3.3615810712155,FALSE
"P19827","Low_vs_Control_in_HighTemperature",0.298870939473861,19.7874187546431,2.40164033524255,0.0166739834606629,0.0744875148990363,-3.36306602258256,FALSE
"Q9Y5C1","Low_vs_Control_in_HighTemperature",0.276575980635245,9.13955679989305,2.39943828920012,0.0167734657010026,0.0746992230286885,-3.36803862182496,FALSE
"Q9BU40","Low_vs_Control_in_HighTemperature",0.453794494497245,8.47761248635536,2.39630263408602,0.0169356594280196,0.0751880359745513,-3.37016407124188,FALSE
"P00450","Low_vs_Control_in_HighTemperature",0.562638453878305,12.0127084230485,2.39094243085763,0.0171621989960007,0.0759586214822992,-3.38718197157863,FALSE
"P13612","Low_vs_Control_in_HighTemperature",0.283096500806245,7.87621061934555,2.38768166397383,0.0173213168430809,0.0764269795476248,-3.38476432095551,FALSE
"Q7LFX5","Low_vs_Control_in_HighTemperature",0.302373012620098,8.52295385874585,2.38584433048176,0.017399251987131,0.076535359967932,-3.3986374516106,FALSE
"P14314","Low_vs_Control_in_HighTemperature",0.217784656686433,12.3645363561711,2.38131181629773,0.0176124193182047,0.0771735501045951,-3.40880199051241,FALSE
"P11597","Low_vs_Control_in_HighTemperature",0.351667249791708,14.3690496337631,2.38047617881667,0.0176519696194611,0.0771735501045951,-3.41067391479355,FALSE
"Q13093","Low_vs_Control_in_HighTemperature",0.478167625482953,7.44067465193673,2.38067444374282,0.0177397096895538,0.0773214094067482,-3.32618015261123,FALSE
"O75487","Low_vs_Control_in_HighTemperature",0.27723571067186,8.63209285874185,2.37557566096885,0.0178861919606747,0.0777236341563863,-3.42165815672444,FALSE
"Q9H5I5","Low_vs_Control_in_HighTemperature",0.310461150852159,10.5868250915879,2.37433636409817,0.0179499892919747,0.0777652104069238,-3.41844703426671,FALSE
"Q13790","Low_vs_Control_in_HighTemperature",0.24428289664683,16.1382179947488,2.36426003171898,0.0184350799069961,0.0793935483545433,-3.44687281792518,FALSE
"Q9NPH3","Low_vs_Control_in_HighTemperature",0.398520622221034,8.44718366395668,2.36281583352926,0.0185166109825332,0.0793935483545433,-3.44646752254306,FALSE
"O14645","Low_vs_Control_in_HighTemperature",0.377850682372163,11.3959261975532,2.36284652110589,0.0185317210749787,0.0793935483545433,-3.43989440075179,FALSE
"Q8WUA8","Low_vs_Control_in_HighTemperature",0.325802577416898,9.59878099396833,2.36201502425231,0.0185473073213194,0.0793935483545433,-3.45190308899368,FALSE
"A0A0B4J1Y8","Low_vs_Control_in_HighTemperature",0.641289176906719,9.13237845357707,2.35768421469894,0.0188039032909327,0.0802523729738021,-3.42603427990049,FALSE
"Q96H15","Low_vs_Control_in_HighTemperature",0.308588350803857,9.5957987701903,2.35505583642741,0.0189096538035304,0.0804642241966249,-3.45596171730233,FALSE
"Q02952","Low_vs_Control_in_HighTemperature",0.31003129821266,10.8424876721318,2.35348643537038,0.0189720696331995,0.0804909699822726,-3.47078872103946,FALSE
"P01859","Low_vs_Control_in_HighTemperature",0.422076215660471,17.0919342032285,2.35024135740177,0.0191364800692385,0.0807548943760002,-3.47797142029844,FALSE
"O15031","Low_vs_Control_in_HighTemperature",0.352605182606903,7.25153157887261,2.35100927177262,0.0191469066163459,0.0807548943760002,-3.42219261687572,FALSE
"Q8IUX7","Low_vs_Control_in_HighTemperature",0.254700469519118,10.8583446705053,2.34463777953823,0.0194233248825713,0.0816804923214289,-3.49035164021873,FALSE
"P35916","Low_vs_Control_in_HighTemperature",0.295487638819514,9.52083692251428,2.33774171179109,0.0197814977437786,0.0827570507845272,-3.50554774458564,FALSE
"P15169","Low_vs_Control_in_HighTemperature",0.469046182759518,11.7112089566281,2.3374887054112,0.0197947478515292,0.0827570507845272,-3.50610443438029,FALSE
"Q9UQ53","Low_vs_Control_in_HighTemperature",0.288703223899383,7.21874821200604,2.33553026204405,0.0199220330979866,0.0830470798328862,-3.48429970855794,FALSE
"A0A0A0MS15","Low_vs_Control_in_HighTemperature",0.556245420271791,10.9331869761128,2.33332734402554,0.0200160420213069,0.0831971137929104,-3.51137871557311,FALSE
"P07585","Low_vs_Control_in_HighTemperature",0.22413189948824,12.3218478838271,2.33023028505136,0.0201782002839883,0.0836287260324833,-3.52205003600272,FALSE
"P11362","Low_vs_Control_in_HighTemperature",0.36936470172677,8.7918583621456,2.32857846702153,0.0202771230556524,0.0837965258265288,-3.51893989924214,FALSE
"P00739","Low_vs_Control_in_HighTemperature",0.350596589504903,14.0046574050228,2.32350914380014,0.0205390495676001,0.084635049080283,-3.53677206450037,FALSE
"Q6P988","Low_vs_Control_in_HighTemperature",0.38801317309928,8.66458723108072,2.32250988205409,0.0206137886590457,0.0846996359228413,-3.51769613222827,FALSE
"P25774","Low_vs_Control_in_HighTemperature",0.344467839836315,7.74668522773546,2.32067772787755,0.0207569026351296,0.0850439953679308,-3.51724461708768,FALSE
"Q9UBX1","Low_vs_Control_in_HighTemperature",0.274407531494673,7.91569061455499,2.30629555223929,0.021496893339968,0.0878249146709804,-3.5692194932284,FALSE
"P17927","Low_vs_Control_in_HighTemperature",0.316244509129,7.51328681995119,2.29922335456876,0.0219098324854727,0.089209793308886,-3.5843308938126,FALSE
"P03951","Low_vs_Control_in_HighTemperature",0.302579883163297,15.4570022484042,2.29797908501791,0.0219616553921027,0.089209793308886,-3.59231406004222,FALSE
"Q9NQ38","Low_vs_Control_in_HighTemperature",0.363656292852944,8.86406303968596,2.29652160058271,0.0220485287857757,0.089209793308886,-3.59553270506878,FALSE
"P16070","Low_vs_Control_in_HighTemperature",0.247402976712845,16.2862815297193,2.29583918652658,0.022084711732674,0.089209793308886,-3.59694224460811,FALSE
"A0A075B6K5","Low_vs_Control_in_HighTemperature",0.570658084892615,10.4280864652592,2.29233421612039,0.0222875670944386,0.0895888291305604,-3.60451369694631,FALSE
"P01597;P04432","Low_vs_Control_in_HighTemperature",0.429842320112373,8.9481176277079,2.29070839025717,0.0224053149531093,0.0895888291305604,-3.58473310864528,FALSE
"Q13740","Low_vs_Control_in_HighTemperature",0.291146856295796,10.0373851217156,2.28945508094687,0.022455415038676,0.0895888291305604,-3.61072474630934,FALSE
"Q9BY67","Low_vs_Control_in_HighTemperature",0.251901109920068,10.5867555749713,2.28873811907519,0.0224973835065842,0.0895888291305604,-3.61227023272089,FALSE
"P00748","Low_vs_Control_in_HighTemperature",0.392957164095371,13.4292198143478,2.2886059396269,0.0225051282951866,0.0895888291305604,-3.6125551076347,FALSE
"P13671","Low_vs_Control_in_HighTemperature",0.387520748868033,12.8819134303032,2.28778308285349,0.0225533942232443,0.0895888291305604,-3.61432817733689,FALSE
"P02790","Low_vs_Control_in_HighTemperature",0.55121641417796,15.0135403054659,2.28448068363008,0.0227480104096216,0.0900587427034202,-3.62143781917521,FALSE
"Q9Y6Z7","Low_vs_Control_in_HighTemperature",0.348774332770489,14.4793507807971,2.28243945907958,0.0228690338195672,0.0900587427034202,-3.62582728580181,FALSE
"Q9UKZ9","Low_vs_Control_in_HighTemperature",0.307646810825908,8.67758135914371,2.28225225267327,0.0228849416754478,0.0900587427034202,-3.62632582869629,FALSE
"A0A0B4J1V0","Low_vs_Control_in_HighTemperature",0.491394389483649,10.0108307030314,2.28175246404679,0.0229229017341342,0.0900587427034202,-3.61955266737347,FALSE
"P04211","Low_vs_Control_in_HighTemperature",0.472706489510815,11.7793256600343,2.2784775277695,0.0231079230866772,0.0904648317768438,-3.63088615132615,FALSE
"P06396","Low_vs_Control_in_HighTemperature",0.333003156257657,15.190367794031,2.27769607030427,0.0231524360265702,0.0904648317768438,-3.63601267329528,FALSE
"P13667","Low_vs_Control_in_HighTemperature",0.356511974567235,7.92200205303779,2.27262837393839,0.02346260684436,0.0912506723089228,-3.64694978168919,FALSE
"Q8WUJ3","Low_vs_Control_in_HighTemperature",0.500916094712696,7.7314309567969,2.27246486806501,0.0234808215355596,0.0912506723089228,-3.63407185629354,FALSE
"Q9NRA1","Low_vs_Control_in_HighTemperature",0.288106863621937,9.46322529784544,2.26862398048756,0.0237029918435622,0.0918651089288328,-3.65543520877074,FALSE
"Q9BWP8","Low_vs_Control_in_HighTemperature",0.336949835361127,13.8883739953902,2.25890501346279,0.0243054094995494,0.0939459763405763,-3.67615842707231,FALSE
"Q11201","Low_vs_Control_in_HighTemperature",0.4236663963896,8.11844883503902,2.25839062506028,0.024424580454698,0.0941421146549039,-3.60860975254933,FALSE
"P09668","Low_vs_Control_in_HighTemperature",0.323091100853327,8.82305503641306,2.25633254472236,0.0244874538119102,0.0941421146549039,-3.68200481521464,FALSE
"P13591","Low_vs_Control_in_HighTemperature",0.266526828287592,13.0415600066814,2.25110186164844,0.0247986675302347,0.095038005202328,-3.69273358771711,FALSE
"A0A087WSX0","Low_vs_Control_in_HighTemperature",0.629037558416165,12.48746123952,2.25030148428805,0.0248530348332448,0.095038005202328,-3.69045899340436,FALSE
"P17655","Low_vs_Control_in_HighTemperature",0.358279866032378,9.23033736729687,2.24152319595964,0.0254168536773853,0.0969355536525812,-3.71301787175834,FALSE
"P02743","Low_vs_Control_in_HighTemperature",0.559500337178539,11.3213624916876,2.24000536100175,0.0255150712206969,0.0970520215662583,-3.71620758980705,FALSE
"P29622","Low_vs_Control_in_HighTemperature",0.241059230347295,13.2159780939648,2.22957045119684,0.0262050767088798,0.0992850792895614,-3.73817833949734,FALSE
"P09172","Low_vs_Control_in_HighTemperature",0.500597498325793,7.24204373062721,2.2299810001568,0.0262406171901979,0.0992850792895614,-3.70845687351225,FALSE
"Q9UKM7","Low_vs_Control_in_HighTemperature",0.259562850364439,9.59108330370966,2.22464265294044,0.0265365101533159,0.10014040936804,-3.74851889287735,FALSE
"P05107","Low_vs_Control_in_HighTemperature",0.244140839446843,9.4635606364959,2.22340482753159,0.026620332207744,0.100193061380328,-3.75111283742409,FALSE
"Q7Z7M9","Low_vs_Control_in_HighTemperature",0.258271986845863,7.51042260469756,2.22267481930722,0.026698477957911,0.100224129297498,-3.74727265567667,FALSE
"Q9H4G4","Low_vs_Control_in_HighTemperature",0.208101596899559,8.31440491034392,2.22012055279193,0.0268455341688787,0.10051304438165,-3.75801596264755,FALSE
"P40189","Low_vs_Control_in_HighTemperature",0.359059835478064,7.25429656041608,2.21705188539891,0.0270819642574888,0.10113421027406,-3.74936254944726,FALSE
"P0DJI9","Low_vs_Control_in_HighTemperature",0.571204877839394,11.2077247000343,2.21436492320978,0.0272394720554745,0.101458189422209,-3.77001364832569,FALSE
"P08833","Low_vs_Control_in_HighTemperature",0.385839553460976,10.056158224592,2.21248690710733,0.0273739252772841,0.101694841574159,-3.76757991511908,FALSE
"A0A0A0MRZ8;P04433","Low_vs_Control_in_HighTemperature",0.475229635339202,12.063645350786,2.21115987098363,0.0274653770312689,0.101770931945322,-3.77497907283326,FALSE
"P01042","Low_vs_Control_in_HighTemperature",0.471400551245376,15.4118958099664,2.20619287219457,0.0278098595424499,0.1027818004739,-3.78703497212168,FALSE
"P0C0L4","Low_vs_Control_in_HighTemperature",0.395555864378389,13.6922299484283,2.20411383229153,0.0279566085798526,0.10305855193704,-3.79135549813579,FALSE
"P23470","Low_vs_Control_in_HighTemperature",0.266485390490919,12.5096786107109,2.19920116292865,0.0283060318940935,0.10395523386741,-3.80154882082849,FALSE
"Q3B726","Low_vs_Control_in_HighTemperature",0.769214543979034,13.7559772498162,2.19950412523609,0.0283448371284221,0.10395523386741,-3.75861843482218,FALSE
"O75144","Low_vs_Control_in_HighTemperature",0.326380337090973,8.10358333554145,2.19731763941948,0.028459820169373,0.104110668680819,-3.80164042758063,FALSE
"A0A0C4DH25","Low_vs_Control_in_HighTemperature",0.521554118103692,10.4729718583652,2.19572270705686,0.0285850987566098,0.104302879432515,-3.7815248785922,FALSE
"Q13217","Low_vs_Control_in_HighTemperature",0.359379944297849,9.75793109598678,2.19166113089312,0.0288505376381585,0.104716775240615,-3.81716314278672,FALSE
"P02763","Low_vs_Control_in_HighTemperature",0.702500834314689,12.0592377645924,2.19133676860976,0.0288732590172743,0.104716775240615,-3.8178202638352,FALSE
"P02647","Low_vs_Control_in_HighTemperature",0.279056428904759,17.2948546553064,2.19072759195193,0.0289176032045213,0.104716775240615,-3.81907826584978,FALSE
"Q6AHZ1","Low_vs_Control_in_HighTemperature",0.693817655980567,11.8692430998674,2.18338137556603,0.0294818358843043,0.106196682404461,-3.81471325932572,FALSE
"O60279","Low_vs_Control_in_HighTemperature",0.222260436210403,12.8655236198375,2.18289317830145,0.0294931601209762,0.106196682404461,-3.8352264284405,FALSE
"P56715","Low_vs_Control_in_HighTemperature",0.24211541662206,10.6761899901176,2.18229198694924,0.0295484492882706,0.106196682404461,-3.82835975940603,FALSE
"P00751","Low_vs_Control_in_HighTemperature",0.385186765735588,14.527263135654,2.17839615866449,0.0298279782353308,0.106933301973661,-3.84446997751353,FALSE
"P67775","Low_vs_Control_in_HighTemperature",0.395605155563874,8.35020900472148,2.17540012844858,0.0301228009111566,0.107720938919198,-3.79454346588447,FALSE
"Q10472","Low_vs_Control_in_HighTemperature",0.218512904731057,8.97031374351362,2.1704123135926,0.0304313638233726,0.10855367095203,-3.86084677744603,FALSE
"P08294","Low_vs_Control_in_HighTemperature",0.253030054616655,9.55487548000719,2.16340672467442,0.030967765099637,0.110192990453795,-3.87514546459685,FALSE
"Q92696","Low_vs_Control_in_HighTemperature",0.303989109609345,9.20255972567773,2.15496222208512,0.0316661014524764,0.112398983868443,-3.86995292289438,FALSE
"Q9Y4F3","Low_vs_Control_in_HighTemperature",0.378905419937574,12.713313291584,2.15308322749284,0.0317844642050739,0.112540547333521,-3.88661585162834,FALSE
"P08237","Low_vs_Control_in_HighTemperature",0.454774871008926,7.00716861558973,2.15297332203099,0.0319172464729405,0.112732343453686,-3.79793040170428,FALSE
"P43121","Low_vs_Control_in_HighTemperature",0.31440262016018,8.31401020765541,2.14788646218712,0.0322220853157401,0.1135294111616,-3.90476882255991,FALSE
"Q9UKU9","Low_vs_Control_in_HighTemperature",0.318884711610604,10.8524297525899,2.14543980392671,0.032383186743636,0.113817376937191,-3.91164044825128,FALSE
"Q9GZM7","Low_vs_Control_in_HighTemperature",0.261094285651863,8.14315932998817,2.14328650175,0.0325822633922605,0.114237079962107,-3.90374409174858,FALSE
"A0A0C4DH67","Low_vs_Control_in_HighTemperature",0.406446760716997,8.28984084694474,2.13952439738393,0.0329159349859703,0.115125489682638,-3.87663077769407,FALSE
"P22466","Low_vs_Control_in_HighTemperature",0.465810223929844,8.46941183115627,2.13881325834202,0.0329975239070782,0.115130046916667,-3.81335561506666,FALSE
"P17900","Low_vs_Control_in_HighTemperature",0.324033408508502,7.53298427407839,2.1356362317255,0.0332393537555589,0.115692313799688,-3.86309563016635,FALSE
"Q9BRK5","Low_vs_Control_in_HighTemperature",0.297740071564439,9.51665916467102,2.13138230987784,0.0335290547553597,0.116418073896334,-3.93998618778729,FALSE
"Q96K76","Low_vs_Control_in_HighTemperature",0.502000269467854,6.11480742205963,2.12984006466978,0.0338344646642416,0.116961925515187,-3.83616194403365,FALSE
"P11717","Low_vs_Control_in_HighTemperature",0.326476588027029,6.45624034908619,2.12932864553423,0.0338488138694578,0.116961925515187,-3.86051311950373,FALSE
"Q14203","Low_vs_Control_in_HighTemperature",0.372713280801365,9.90182600939197,2.12230782034074,0.0342983938540615,0.118230521121933,-3.95278660566533,FALSE
"Q8NI99","Low_vs_Control_in_HighTemperature",0.369222994664527,11.9412872681069,2.1198163643734,0.0344977463039253,0.11863253764947,-3.96317075977729,FALSE
"P45877","Low_vs_Control_in_HighTemperature",0.286821065409923,7.18481915819725,2.11830135124922,0.0347647508284164,0.119169589807856,-3.87653490575131,FALSE
"Q9Y5Y7","Low_vs_Control_in_HighTemperature",0.287942616296508,11.5213894157876,2.11529913269565,0.0348825411385455,0.119169589807856,-3.97219216236845,FALSE
"A0A075B6P5;P01615","Low_vs_Control_in_HighTemperature",0.465408444257729,9.76705372042536,2.11513433132795,0.0349032271403763,0.119169589807856,-3.96514872338465,FALSE
"Q6V0I7","Low_vs_Control_in_HighTemperature",0.308116505816553,9.78190102316283,2.11057827333555,0.0352886037374277,0.119574557034784,-3.98160003668966,FALSE
"P39060","Low_vs_Control_in_HighTemperature",0.233764710439107,14.1331964245221,2.11038168381394,0.0353056006815552,0.119574557034784,-3.98199135867348,FALSE
"Q15904","Low_vs_Control_in_HighTemperature",0.325909768343243,7.95811699464039,2.11064124395815,0.0353159690018543,0.119574557034784,-3.95282750480402,FALSE
"P02654","Low_vs_Control_in_HighTemperature",0.229983913774937,17.1817592442441,2.10980641551878,0.0353553780911775,0.119574557034784,-3.98313625542361,FALSE
"P16109","Low_vs_Control_in_HighTemperature",0.52544773302329,8.63320944319545,2.10702516011505,0.0356687621378855,0.120350599778183,-3.93408439455827,FALSE
"P01780","Low_vs_Control_in_HighTemperature",0.433424172824285,14.6375811353363,2.10358439418098,0.0358976125974077,0.120838442405358,-3.99549971052122,FALSE
"Q96JI7","Low_vs_Control_in_HighTemperature",0.388844484290845,10.5741203748415,2.1024230618853,0.0360121005751907,0.120939934952748,-3.99425858994978,FALSE
"Q9Y240","Low_vs_Control_in_HighTemperature",0.259746135682207,12.7172879304592,2.1012880003007,0.0360995269882699,0.120950284348549,-4.00005369477009,FALSE
"A1L4H1","Low_vs_Control_in_HighTemperature",0.27063949283591,11.5110008924975,2.09695011224506,0.036483593679358,0.12171095526862,-4.00864283972233,FALSE
"Q9BV94","Low_vs_Control_in_HighTemperature",0.276568986543978,9.52629169095206,2.09690407381096,0.0364963115519571,0.12171095526862,-4.00642782955454,FALSE
"Q9NPY3","Low_vs_Control_in_HighTemperature",0.334325966683378,9.7097494404495,2.09142952518165,0.0369783665714649,0.122898992179437,-4.01955853139587,FALSE
"Q92752","Low_vs_Control_in_HighTemperature",0.27759347065769,7.13519394326189,2.09118844923876,0.0370239641712111,0.122898992179437,-4.01117777292628,FALSE
"Q92563","Low_vs_Control_in_HighTemperature",0.265230992615264,8.24064865592277,2.08246449712841,0.0378251013423063,0.125171130395308,-4.03146326094915,FALSE
"Q12797","Low_vs_Control_in_HighTemperature",0.219120071628891,9.33365917433276,2.08146701354393,0.0378830338853303,0.125171130395308,-4.03915763804875,FALSE
"O95196","Low_vs_Control_in_HighTemperature",0.247606245966502,9.55429030817418,2.0777035286195,0.0382458237207245,0.125954306387168,-4.03141330327981,FALSE
"P35813","Low_vs_Control_in_HighTemperature",0.446084218898871,6.79024765137021,2.07818108470742,0.038295730533337,0.125954306387168,-3.94795392837692,FALSE
"Q6UXB8","Low_vs_Control_in_HighTemperature",0.378316408384132,9.73609478217592,2.07584428989273,0.0384024556603028,0.126016296148454,-4.05018416342583,FALSE
"P05452","Low_vs_Control_in_HighTemperature",0.283408874180024,12.5226266652949,2.06776972042949,0.0391589888607051,0.128205456680939,-4.06596765032667,FALSE
"Q99459","Low_vs_Control_in_HighTemperature",0.485041033536778,11.0789659636948,2.06329559919546,0.0396144338469811,0.128957138418952,-4.05833286830227,FALSE
"P02545","Low_vs_Control_in_HighTemperature",0.405067224262472,8.97689336036018,2.06216015507895,0.0397142568560804,0.128957138418952,-4.07099758617153,FALSE
"Q8NG11","Low_vs_Control_in_HighTemperature",0.26983401076845,7.23294595188545,2.0626583644049,0.0397924813937156,0.128957138418952,-3.95734125844508,FALSE
"Q7Z4R8","Low_vs_Control_in_HighTemperature",0.257946142116478,7.97824033717826,2.06252020795147,0.0398292974285378,0.128957138418952,-3.98567243175152,FALSE
"P36955","Low_vs_Control_in_HighTemperature",0.323141895130535,12.433505351928,2.06063258425031,0.0398382233748924,0.128957138418952,-4.0798683877553,FALSE
"P20774","Low_vs_Control_in_HighTemperature",0.305988120002619,8.57232892003858,2.05784251419859,0.0401133577503987,0.129555304085747,-4.08535425921266,FALSE
"O60936","Low_vs_Control_in_HighTemperature",0.330666573045524,7.35426570705628,2.05570101493844,0.0404296279263539,0.13028334032897,-4.02827997790236,FALSE
"P08493","Low_vs_Control_in_HighTemperature",0.243234324540504,14.5087894097268,2.0535314470327,0.0405239562884135,0.130294514164989,-4.09365212718065,FALSE
"Q02985","Low_vs_Control_in_HighTemperature",0.360431460108604,9.58465417816836,2.05253992932524,0.040625422460867,0.130305033356259,-4.09135495044748,FALSE
"P07942","Low_vs_Control_in_HighTemperature",0.275094625000008,9.9521803158994,2.05163309981619,0.0407089643958186,0.130305033356259,-4.09732901158257,FALSE
"Q8NFL0","Low_vs_Control_in_HighTemperature",0.293538791845184,7.61704000024669,2.05051639713705,0.0408895064198415,0.130351903157352,-4.0417192380611,FALSE
"A0A075B6K4","Low_vs_Control_in_HighTemperature",0.625251076753086,9.97547298687058,2.04995440784387,0.0409237015340951,0.130351903157352,-4.07797412510389,FALSE
"P08637","Low_vs_Control_in_HighTemperature",0.274076848673824,8.7004582362767,2.04871916574621,0.0409963098493486,0.130351903157352,-4.10055466464871,FALSE
"Q09327","Low_vs_Control_in_HighTemperature",0.299092031997491,7.51174105797776,2.04753578400862,0.0411520355298932,0.130557564048378,-4.09271627738893,FALSE
"P50281","Low_vs_Control_in_HighTemperature",0.348519442206653,9.31553080600294,2.04020448124262,0.0418470246851559,0.132438101070517,-4.11947373530366,FALSE
"Q16270","Low_vs_Control_in_HighTemperature",0.289256198474934,10.7307720236852,2.03928989674068,0.0419294964337619,0.132438101070517,-4.12115486516547,FALSE
"Q9BUD6","Low_vs_Control_in_HighTemperature",0.332881491013449,8.30220130383214,2.03792496202174,0.0420944523435252,0.132666911342011,-4.08575422124483,FALSE
"P01717","Low_vs_Control_in_HighTemperature",0.500746612719382,11.3416003913519,2.02925480814482,0.0429445566669414,0.135049329518408,-4.14042122194692,FALSE
"O43866","Low_vs_Control_in_HighTemperature",0.268165512185432,15.9080881659121,2.0249052603194,0.0433919449597811,0.136157656613405,-4.14875120545353,FALSE
"O15466","Low_vs_Control_in_HighTemperature",0.2436010314832,9.26655341569532,2.01976512764817,0.0439245387379098,0.137437373503033,-4.15856267096657,FALSE
"Q68DL7","Low_vs_Control_in_HighTemperature",0.474363148283032,10.9679462209372,2.019656107802,0.0439914605564102,0.137437373503033,-4.13094665932774,FALSE
"O43529","Low_vs_Control_in_HighTemperature",0.283581204764358,7.08046953571719,2.01381251788214,0.0445895643018047,0.139003120019104,-4.15580658236051,FALSE
"O15498","Low_vs_Control_in_HighTemperature",0.333019883506862,7.17229631763539,2.01276251832256,0.0447353469691671,0.139155070615587,-4.11372821432055,FALSE
"Q9NQ30","Low_vs_Control_in_HighTemperature",0.246539574704954,9.49458803488336,2.01057089222763,0.0448961051315926,0.13935284579806,-4.17363820921506,FALSE
"O75636","Low_vs_Control_in_HighTemperature",0.431947424088886,11.3094926594842,2.00508287684565,0.0454754027463191,0.140846063797455,-4.18644513128261,FALSE
"P13611","Low_vs_Control_in_HighTemperature",0.232143014413225,13.0080616075689,2.00286343161453,0.0457139760186549,0.140902995399361,-4.19064381208626,FALSE
"P61769","Low_vs_Control_in_HighTemperature",0.268561556519451,10.7897548478479,2.00234960211963,0.0457693592446845,0.140902995399361,-4.19161520735196,FALSE
"Q6ZMY3","Low_vs_Control_in_HighTemperature",0.264899513078246,13.259229938362,2.00271412423972,0.0457885605691091,0.140902995399361,-4.1597565435379,FALSE
"O94985","Low_vs_Control_in_HighTemperature",0.208206637006612,10.9705470510569,1.9986625957904,0.0461684292586921,0.141596128299088,-4.19857830452736,FALSE
"O14594","Low_vs_Control_in_HighTemperature",0.215063660133428,11.5404132603241,1.99826821977385,0.0462112887335935,0.141596128299088,-4.19932235599798,FALSE
"Q14574","Low_vs_Control_in_HighTemperature",0.362054091173688,11.9750992507169,1.99728206865607,0.0463186074361335,0.141622351947581,-4.20118225063547,FALSE
"O75081","Low_vs_Control_in_HighTemperature",0.408756803007069,13.2039206979968,1.99613072855313,0.0464555908831647,0.141738973035017,-4.20155979494497,FALSE
"Q8N8M0","Low_vs_Control_in_HighTemperature",0.33758949174663,8.40221414328716,1.99417593999064,0.0467473039168331,0.142326186447428,-4.16647241451733,FALSE
"Q0VD83","Low_vs_Control_in_HighTemperature",0.244635453452464,10.4164400313693,1.99154536387687,0.0469470903002341,0.142589723364172,-4.21198384272985,FALSE
"Q9H8J5","Low_vs_Control_in_HighTemperature",0.286182735212355,10.6626319630852,1.99076865406486,0.0470327330203998,0.142589723364172,-4.21344395315221,FALSE
"P01624","Low_vs_Control_in_HighTemperature",0.355659485298766,12.7404701048851,1.98545848106992,0.0476217891040954,0.144070982226314,-4.22341135275698,FALSE
"Q6UXI9","Low_vs_Control_in_HighTemperature",0.299160905705232,11.0646983569581,1.9836571260784,0.0478230206197069,0.144319702200276,-4.22678661450746,FALSE
"Q7Z304","Low_vs_Control_in_HighTemperature",0.271681959566771,7.25033801421109,1.98344039351919,0.0479052846913051,0.144319702200276,-4.20936398066098,FALSE
"A0A0J9YX35","Low_vs_Control_in_HighTemperature",0.491269178794267,10.4077073834849,1.9774453911293,0.0485670658005184,0.146006650645584,-4.2241623548867,FALSE
"Q13609","Low_vs_Control_in_HighTemperature",0.334794758745772,7.5187821663947,1.97299530806194,0.0490469371260307,0.146848297988844,-4.23864407744858,FALSE
"P11021","Low_vs_Control_in_HighTemperature",0.25020062240408,10.2124101408684,1.9727937206165,0.0490518373337909,0.146848297988844,-4.24707783340326,FALSE
"P01023","Low_vs_Control_in_HighTemperature",0.423659534291145,14.0829017662383,1.96783996977255,0.0496209438495222,0.148242569750448,-4.25629429016966,FALSE
"P18564","Low_vs_Control_in_HighTemperature",0.219719347251491,11.1390630510622,1.96403746397527,0.050077585895074,0.149295755038537,-4.24882468186002,FALSE
"Q6ZN30","Low_vs_Control_in_HighTemperature",0.24787173836601,15.4410483494086,1.96131656579096,0.0504004764459527,0.149946645691901,-4.24694161548454,FALSE
"Q96PL1","Low_vs_Control_in_HighTemperature",0.377310690909098,9.92541118531435,1.95764763816384,0.0508210756526681,0.150884932683077,-4.26204955846288,FALSE
"Q9UBQ6","Low_vs_Control_in_HighTemperature",0.428775048238824,7.1458009847719,1.95457698867095,0.0513553633774767,0.152156179924177,-4.18689147840539,FALSE
"Q93098","Low_vs_Control_in_HighTemperature",0.373552168699872,11.138634560808,1.95135724083748,0.0516394129195873,0.152516496017779,-4.25981603452421,FALSE
"Q96MY7","Low_vs_Control_in_HighTemperature",0.420493092278786,13.1682044792547,1.95035207109356,0.0516896911189963,0.152516496017779,-4.27356907717524,FALSE
"Q641Q3","Low_vs_Control_in_HighTemperature",0.29437211273501,8.20933482721477,1.94906804610075,0.0518651231257648,0.152719890271759,-4.28495685483462,FALSE
"Q5TDH0","Low_vs_Control_in_HighTemperature",0.439622477145282,7.72150725202322,1.94855785960105,0.0520307783606836,0.152893721658238,-4.19015867431617,FALSE
"P49913","Low_vs_Control_in_HighTemperature",0.219142047821768,10.6461035985805,1.94553879368135,0.0522522299006125,0.153230465598115,-4.29750311461885,FALSE
"Q96J42","Low_vs_Control_in_HighTemperature",0.194510687151833,9.97326320443207,1.94293562991263,0.0525668655631844,0.153761241437204,-4.30228318185182,FALSE
"O00194","Low_vs_Control_in_HighTemperature",0.823670632810002,9.5028155653184,1.94204665204253,0.0527215427325729,0.153761241437204,-4.27271799884954,FALSE
"P01893","Low_vs_Control_in_HighTemperature",0.225639481183764,9.66724335282846,1.94139479646665,0.0527549029198775,0.153761241437204,-4.30511607480302,FALSE
"P11047","Low_vs_Control_in_HighTemperature",0.275941706452151,9.26542368320038,1.94015726819166,0.05290442760995,0.153884278281274,-4.30737800368995,FALSE
"P09326","Low_vs_Control_in_HighTemperature",0.280149205730696,8.27252669852262,1.9356701510548,0.0534811854892921,0.15524700403167,-4.29697284158322,FALSE
"Q92859","Low_vs_Control_in_HighTemperature",0.2191393168345,10.3580887885757,1.93452646776504,0.053594125384759,0.155260557175241,-4.3176814644881,FALSE
"Q9UBV8","Low_vs_Control_in_HighTemperature",0.304766225853837,6.73329936962312,1.93272948936252,0.0539390070184741,0.155944629162282,-4.24444848164906,FALSE
"P01834","Low_vs_Control_in_HighTemperature",0.282045827463069,14.7461063565728,1.93084110650732,0.0540495974004459,0.155949945014566,-4.32440911470422,FALSE
"P20062","Low_vs_Control_in_HighTemperature",0.245735027764636,7.51364105882447,1.92445897562985,0.0548763182635891,0.157704734682963,-4.33369896862445,FALSE
"P27824","Low_vs_Control_in_HighTemperature",0.247004724575675,10.9622146784188,1.92420652773124,0.0548777284566238,0.157704734682963,-4.33648872992939,FALSE
"P0DOX5","Low_vs_Control_in_HighTemperature",0.449896295708484,9.33137425288081,1.92120895622429,0.0554183010884109,0.158939687521562,-4.23059549979868,FALSE
"P01034","Low_vs_Control_in_HighTemperature",0.28427391205256,11.1223200221661,1.91590050819997,0.0559294210414504,0.160085408729421,-4.35155381099127,FALSE
"P04275","Low_vs_Control_in_HighTemperature",0.292194300439316,16.8930241035935,1.90594051474724,0.0572126819025511,0.163432242725614,-4.36953413615228,FALSE
"P01860","Low_vs_Control_in_HighTemperature",0.446813882130595,13.5268326662248,1.90468096806108,0.0573766995733199,0.163574924827317,-4.37180136180771,FALSE
"O95715","Low_vs_Control_in_HighTemperature",0.317865310471319,8.76671663485513,1.89841599867921,0.0582567678980045,0.165754375328846,-4.34654882513525,FALSE
"Q15149","Low_vs_Control_in_HighTemperature",0.391942915571661,8.52002115946702,1.89692009729363,0.0584058814781822,0.165849572355868,-4.38326767356882,FALSE
"P98161","Low_vs_Control_in_HighTemperature",0.27674642830654,6.76716309380277,1.89416834303271,0.0588618625882294,0.166814053263875,-4.36243525203546,FALSE
"Q9HCL0","Low_vs_Control_in_HighTemperature",0.270591531905412,9.72909957725949,1.89191342641949,0.0590615247881453,0.167049756501381,-4.3946999924546,FALSE
"Q92187","Low_vs_Control_in_HighTemperature",0.191215776455341,10.9889736113409,1.88212613452062,0.0603807853697629,0.170334664969146,-4.41215075750401,FALSE
"P06858","Low_vs_Control_in_HighTemperature",0.239683399781757,10.2916095332125,1.88071774671557,0.0605726276246887,0.170334664969146,-4.41465457379734,FALSE
"P27797","Low_vs_Control_in_HighTemperature",0.185974569821177,11.9731163602869,1.88066901848911,0.0605792741522067,0.170334664969146,-4.41474116923401,FALSE
"Q13214","Low_vs_Control_in_HighTemperature",0.270390901689928,7.88766559113989,1.87910651940863,0.0608570925849107,0.170780960404622,-4.39115789597886,FALSE
"O14672","Low_vs_Control_in_HighTemperature",0.271802033688855,8.30483304986782,1.87094586965413,0.0619209939268342,0.173427158771641,-4.43199160083041,FALSE
"P01019","Low_vs_Control_in_HighTemperature",0.192107170360885,15.1860369171155,1.86901153543243,0.0621868637536278,0.17347856674456,-4.43539424436711,FALSE
"P21439","Low_vs_Control_in_HighTemperature",0.2892730731069,9.11995590656218,1.86922648308126,0.0622827803431657,0.17347856674456,-4.36793596016296,FALSE
"P26022","Low_vs_Control_in_HighTemperature",0.242195970956272,10.4315416554361,1.86818429309913,0.0623022746676767,0.17347856674456,-4.43685502430371,FALSE
"P06312","Low_vs_Control_in_HighTemperature",0.406371288823427,12.0200099772002,1.86648085267522,0.0625404861924271,0.173804374418489,-4.43986102414304,FALSE
"Q9H4A9","Low_vs_Control_in_HighTemperature",0.308306261157071,6.75008140747201,1.86212411975059,0.0633268753922387,0.175494895418798,-4.37369552242241,FALSE
"P24821","Low_vs_Control_in_HighTemperature",0.2718309730712,13.2618975828428,1.86042440810634,0.06339355357527,0.175494895418798,-4.45052671829517,FALSE
"Q8NBS9","Low_vs_Control_in_HighTemperature",0.312939123549134,7.95624233795867,1.85889991174622,0.0636680522512395,0.175915196393598,-4.41778571996695,FALSE
"B0I1T2","Low_vs_Control_in_HighTemperature",0.217847125917049,7.3654303808682,1.85669569375076,0.0639359194022703,0.176315593120876,-4.45199799690345,FALSE
"P25311","Low_vs_Control_in_HighTemperature",0.318331814422828,9.7618582244991,1.85403274690946,0.0643042724616095,0.176991030153451,-4.46174567417179,FALSE
"Q9Y543","Low_vs_Control_in_HighTemperature",0.307580658034048,10.5836936364859,1.84860582389393,0.0651042741172614,0.178849672575006,-4.46488015894627,FALSE
"O75339","Low_vs_Control_in_HighTemperature",0.259070527798514,9.72981043169935,1.84668721785077,0.0653642536918509,0.179220534979186,-4.47459188315878,FALSE
"Q6E0U4","Low_vs_Control_in_HighTemperature",0.303434104589403,9.8383231057984,1.84440106876535,0.0656970852846148,0.179789351714003,-4.47857974667706,FALSE
"Q96IZ5","Low_vs_Control_in_HighTemperature",-0.345891717085564,9.77933083634285,-1.84451396172631,0.0658301997840843,0.179810488553099,-4.37104669936002,FALSE
"Q15438","Low_vs_Control_in_HighTemperature",0.322260630625385,9.7178601519215,1.84112644245095,0.0662530460980878,0.180353912246203,-4.44195463852906,FALSE
"P20701","Low_vs_Control_in_HighTemperature",0.212093810147071,8.57395550348174,1.84041541286441,0.0662806915995462,0.180353912246203,-4.48552050805827,FALSE
"Q12841","Low_vs_Control_in_HighTemperature",0.306144692417099,8.81065901590332,1.83858075963391,0.066556380697853,0.1806790180879,-4.48873373742777,FALSE
"P14543","Low_vs_Control_in_HighTemperature",0.255064847650122,12.1827363047751,1.83789358504943,0.066652162181659,0.1806790180879,-4.48990445815036,FALSE
"P30050","Low_vs_Control_in_HighTemperature",0.348399918170552,7.46031952050682,1.83625202890697,0.0670613178728818,0.181418954575474,-4.39734047264402,FALSE
"P62081","Low_vs_Control_in_HighTemperature",0.317459164812873,6.82648193393613,1.83518161450556,0.0671781484515878,0.181418954575474,-4.42909607250614,FALSE
"P55291","Low_vs_Control_in_HighTemperature",0.321160098184235,7.85112566053338,1.83214881781912,0.0675279887389177,0.182020932051895,-4.48693667080187,FALSE
"Q07507","Low_vs_Control_in_HighTemperature",0.229185856152077,13.3688479173569,1.83073416936702,0.0677161389368551,0.182185634588087,-4.50231808765553,FALSE
"Q8IZF2","Low_vs_Control_in_HighTemperature",0.196641840740769,10.4755511402166,1.82742436476271,0.0682127317681496,0.182254733099688,-4.50804076508229,FALSE
"P28289","Low_vs_Control_in_HighTemperature",0.495457373675666,7.65445496867532,1.82804842933506,0.0683208970072537,0.182254733099688,-4.40068061076998,FALSE
"Q14956","Low_vs_Control_in_HighTemperature",0.251224615628104,8.13264599466575,1.82682968697966,0.0683279416265209,0.182254733099688,-4.50207779567642,FALSE
"Q96PX8","Low_vs_Control_in_HighTemperature",0.292204244712722,6.86352433217813,1.82671811651427,0.0684006914897891,0.182254733099688,-4.46878118731419,FALSE
"A0A0C4DH43","Low_vs_Control_in_HighTemperature",0.602072965534818,9.49687330696305,1.82609601201277,0.0684733691053587,0.182254733099688,-4.48693139472167,FALSE
"P10301","Low_vs_Control_in_HighTemperature",0.291029010909311,7.11940284720664,1.82663473374474,0.0685043941009289,0.182254733099688,-4.40939155027518,FALSE
"P09603","Low_vs_Control_in_HighTemperature",0.195090720777086,11.5767337196292,1.82116848809593,0.0691595458678959,0.18365701624919,-4.51882932046667,FALSE
"Q9UGM5","Low_vs_Control_in_HighTemperature",0.303471802147216,12.109130419024,1.81686401065512,0.0698172867106306,0.185060978083261,-4.52623139765628,FALSE
"Q01973","Low_vs_Control_in_HighTemperature",0.44011026361413,9.27094987607461,1.81342447678167,0.07048242805099,0.186479339160737,-4.47548045588174,FALSE
"P19823","Low_vs_Control_in_HighTemperature",0.242245433723912,20.3494201718466,1.80960750045423,0.0709377630643837,0.187338401904837,-4.53867073073093,FALSE
"Q9H1Z8","Low_vs_Control_in_HighTemperature",0.227524745253244,7.34562600262294,1.80818960542322,0.0712277146644245,0.187430663800263,-4.51761176194962,FALSE
"Q13247","Low_vs_Control_in_HighTemperature",0.285365005723568,7.94234157115541,1.80897209441763,0.0712341086270175,0.187430663800263,-4.39875581131944,FALSE
"P02750","Low_vs_Control_in_HighTemperature",0.584839739080063,9.85234448009057,1.80397859366377,0.0718170697402339,0.188124912102676,-4.54828614392591,FALSE
"P56199","Low_vs_Control_in_HighTemperature",0.368889807924257,7.7734164138293,1.80404312767941,0.0718328498655762,0.188124912102676,-4.53052593990744,FALSE
"Q8IWU5","Low_vs_Control_in_HighTemperature",0.283404895245646,7.55484870945816,1.80411225059979,0.0718950248821206,0.188124912102676,-4.49482482976293,FALSE
"Q14515","Low_vs_Control_in_HighTemperature",0.213116621039143,14.4478341156698,1.80247764726184,0.0720530429638245,0.188124912102676,-4.55084509887204,FALSE
"Q15435","Low_vs_Control_in_HighTemperature",0.327900114380198,6.66332465729433,1.80258679782998,0.0721539063155313,0.188124912102676,-4.48078243556193,FALSE
"Q9UBX5","Low_vs_Control_in_HighTemperature",0.313251340097876,9.52759456112737,1.79687728269852,0.0729391392351343,0.189827088317936,-4.56037457403034,FALSE
"P0DOY2;P0DOY3","Low_vs_Control_in_HighTemperature",0.414875169412642,16.7476025744195,1.7912370650084,0.0738805087755076,0.191928713014634,-4.55096934377518,FALSE
"Q5JRA6","Low_vs_Control_in_HighTemperature",0.217959300972401,11.1089883338995,1.7885987594814,0.0742653394861892,0.192249836696004,-4.57440754335807,FALSE
"P15311","Low_vs_Control_in_HighTemperature",0.212754859514312,8.1655479546288,1.78857713626008,0.0742722521126822,0.192249836696004,-4.57445566419696,FALSE
"P24593","Low_vs_Control_in_HighTemperature",0.292128094861912,12.2932239801639,1.78636500748431,0.0746265477078537,0.192818863807319,-4.57818303060993,FALSE
"P61586","Low_vs_Control_in_HighTemperature",0.296463745966239,8.596973745022,1.78345049430662,0.075112774581441,0.193726112859328,-4.57713208228471,FALSE
"Q13177","Low_vs_Control_in_HighTemperature",0.308118624715497,7.05355052394308,1.78132577610124,0.0755041368173023,0.194385874678656,-4.55480401762945,FALSE
"P21810","Low_vs_Control_in_HighTemperature",0.206820414348824,10.8041489404627,1.77385319119907,0.0766764662933167,0.197050273592502,-4.59924439189492,FALSE
"P01266","Low_vs_Control_in_HighTemperature",0.324299619548487,7.90081172809841,1.77227615574973,0.0769485335643373,0.197395701487048,-4.59736536909957,FALSE
"Q86Y38","Low_vs_Control_in_HighTemperature",0.220571382637661,7.89978191803031,1.76384075385241,0.0783837323473987,0.200530151219481,-4.59758964513045,FALSE
"P04632","Low_vs_Control_in_HighTemperature",0.265947808731072,9.04059286069673,1.76325343567049,0.0784500800795879,0.200530151219481,-4.61437788050661,FALSE
"P02144","Low_vs_Control_in_HighTemperature",0.361677576640242,7.74751368795713,1.75724001906642,0.0796313949753523,0.203187580773408,-4.58050431137947,FALSE
"O75897","Low_vs_Control_in_HighTemperature",0.612346439809995,11.1202022555596,1.75475213674465,0.0800230155073697,0.203621840238806,-4.55961950505166,FALSE
"Q15293","Low_vs_Control_in_HighTemperature",0.23262901881783,10.5406115393328,1.75345068904846,0.0801177568257474,0.203621840238806,-4.63327478040928,FALSE
"Q15758","Low_vs_Control_in_HighTemperature",0.276424621098056,7.40097123466772,1.75335260876262,0.0802275730369075,0.203621840238806,-4.57948842208003,FALSE
"P35251","Low_vs_Control_in_HighTemperature",0.532297773306592,9.23929673339768,1.75060273957492,0.0807895706585483,0.204306885576406,-4.55228995743749,FALSE
"P50895","Low_vs_Control_in_HighTemperature",0.250277230696504,8.56125338970368,1.74913287720998,0.080863096652461,0.204306885576406,-4.63844202388297,FALSE
"Q5H9R7","Low_vs_Control_in_HighTemperature",0.37342418340638,6.2024474221783,1.74920294326544,0.0810161189894293,0.204306885576406,-4.54365135405074,FALSE
"P78324;Q5TFQ8","Low_vs_Control_in_HighTemperature",0.547129243569032,10.7139515858816,1.74850187406178,0.0810673764944039,0.204306885576406,-4.58567171616362,FALSE
"Q13822","Low_vs_Control_in_HighTemperature",0.327159519453655,7.4267153431575,1.74746350362104,0.0812833557880521,0.20449181087731,-4.58042004041983,FALSE
"P36980","Low_vs_Control_in_HighTemperature",0.286775336544837,12.9073889442323,1.7429764195643,0.0819327536793908,0.20576456878502,-4.65059432560785,FALSE
"Q8NFU4","Low_vs_Control_in_HighTemperature",0.294653006188618,10.7797888315624,1.74204340850576,0.0821379724584029,0.2059193225618,-4.62043326184339,FALSE
"P0DOX7","Low_vs_Control_in_HighTemperature",0.248378643983148,13.6163596429041,1.73408475616148,0.0834996365055249,0.208967676699691,-4.66521654361932,FALSE
"Q9H3G5","Low_vs_Control_in_HighTemperature",0.218298436830683,8.69120738308076,1.73003045285711,0.0842232765980641,0.210411461048125,-4.67186228574516,FALSE
"Q9BYE9","Low_vs_Control_in_HighTemperature",0.339635628234877,9.3211487711656,1.72827186169051,0.0845370749483748,0.210828113871251,-4.67473583351555,FALSE
"P51693","Low_vs_Control_in_HighTemperature",0.251448354058983,12.0721161511754,1.72093269522936,0.0858618227816704,0.213760162966867,-4.686709466855,FALSE
"Q02487","Low_vs_Control_in_HighTemperature",0.303204578120464,6.72112674295257,1.7193334145308,0.0862314402716946,0.214308293500191,-4.63618482272496,FALSE
"Q9NS62","Low_vs_Control_in_HighTemperature",0.194059125388316,9.39777268852531,1.71772214809641,0.0864501051757071,0.214480018723121,-4.69194016243075,FALSE
"P52943","Low_vs_Control_in_HighTemperature",0.203011802947233,7.95101101224923,1.71406949248739,0.0871240721024656,0.215157309449682,-4.69587851266315,FALSE
"P35268","Low_vs_Control_in_HighTemperature",0.303316545250177,8.02288120795457,1.71403694843177,0.0872604904000492,0.215157309449682,-4.62276235471978,FALSE
"P31327","Low_vs_Control_in_HighTemperature",0.332141744656219,7.30024927825422,1.71337723910708,0.0872976108413912,0.215157309449682,-4.66220800571564,FALSE
"P01344","Low_vs_Control_in_HighTemperature",0.20808064935858,10.9390044867965,1.71254881911088,0.0873968422112598,0.215157309449682,-4.70032870109708,FALSE
"P59768","Low_vs_Control_in_HighTemperature",0.224388312926429,7.92750765636845,1.7123738032044,0.0875082848150623,0.215157309449682,-4.67363871869925,FALSE
"Q9H251","Low_vs_Control_in_HighTemperature",0.215801484328582,10.1743566385053,1.71131462188327,0.0876233394132596,0.215157309449682,-4.70232484592854,FALSE
"P48061","Low_vs_Control_in_HighTemperature",0.335472969202387,10.1683261660363,1.70466094805292,0.0889040001810707,0.217638783469633,-4.69339021829808,FALSE
"Q9NZ53","Low_vs_Control_in_HighTemperature",0.228721212535351,8.53113110112218,1.70408290449827,0.0889681338612599,0.217638783469633,-4.71138140233805,FALSE
"Q6P4E1","Low_vs_Control_in_HighTemperature",0.181606352071091,11.2987990677628,1.70342921374921,0.0890892370269696,0.217638783469633,-4.71506264796717,FALSE
"P22304","Low_vs_Control_in_HighTemperature",0.232512185672624,8.61410204696353,1.70089784833949,0.0895639972922229,0.218426483192258,-4.7191393964093,FALSE
"P49257","Low_vs_Control_in_HighTemperature",0.265604436960025,7.8521838951863,1.69886021758315,0.0899873988363576,0.218946246376267,-4.68769253885842,FALSE
"Q9H0B8","Low_vs_Control_in_HighTemperature",0.388813502001191,7.3761908131981,1.69895962645182,0.0900824863054376,0.218946246376267,-4.63913020287241,FALSE
"P49773","Low_vs_Control_in_HighTemperature",0.367944910423213,7.47443152522566,1.69540240765286,0.0907723315216031,0.220249616585413,-4.64413419243674,FALSE
"P06276","Low_vs_Control_in_HighTemperature",0.373876386727698,8.46951436682367,1.6872503489759,0.0921782046473458,0.223283015986983,-4.73023983747649,FALSE
"P39059","Low_vs_Control_in_HighTemperature",0.230984354881139,10.3370924022234,1.68485113053563,0.0926212932005499,0.223977967031347,-4.7448431416045,FALSE
"P19022","Low_vs_Control_in_HighTemperature",0.239422200560377,9.03003520170015,1.68194605635009,0.093183663785517,0.22463625163306,-4.74947076247384,FALSE
"Q96GW7","Low_vs_Control_in_HighTemperature",0.213141445802141,7.67663917719924,1.68201198439706,0.0932068129160882,0.22463625163306,-4.73265952651422,FALSE
"Q08554","Low_vs_Control_in_HighTemperature",0.276118038624023,10.2262778523657,1.67759381213087,0.0940324929542099,0.22624596459117,-4.75639124311384,FALSE
"P0DOX3","Low_vs_Control_in_HighTemperature",0.397377153068353,9.37166241430611,1.66896958856727,0.095800034863351,0.23011264655619,-4.72793881565312,FALSE
"Q6UWD8","Low_vs_Control_in_HighTemperature",0.213246491603372,7.21463163009614,1.66390713166819,0.0968535316255366,0.232254120988327,-4.71628916108573,FALSE
"P05060","Low_vs_Control_in_HighTemperature",0.259730255830554,8.87073273487393,1.65930262257511,0.0976629552471795,0.233804136601762,-4.78261847956648,FALSE
"P10321","Low_vs_Control_in_HighTemperature",0.268282267015215,8.15859303886515,1.65533009172618,0.0985554109923709,0.235547432271766,-4.74651054992208,FALSE
"P11049","Low_vs_Control_in_HighTemperature",0.224858778996374,11.2024668889406,1.65101877504266,0.0993448788670849,0.237039195167054,-4.79559304999537,FALSE
"Q5SZK8","Low_vs_Control_in_HighTemperature",0.265112401995343,6.95015730382047,1.64499453197573,0.100588840289039,0.239189331401739,-4.79886239946407,FALSE
"P07359","Low_vs_Control_in_HighTemperature",0.169297633096608,17.2216117069061,1.64425277897881,0.100732399253577,0.239189331401739,-4.80879812657694,FALSE
"Q15911","Low_vs_Control_in_HighTemperature",0.19204771942468,10.3802555256637,1.64433712603309,0.100816682253218,0.239189331401739,-4.79139806249233,FALSE
"Q9HCB6","Low_vs_Control_in_HighTemperature",0.293014584703332,7.49377874467116,1.6437940730276,0.100913211644388,0.239189331401739,-4.78372503001249,FALSE
"Q14204","Low_vs_Control_in_HighTemperature",0.503115129421055,7.16584093064545,1.64283905813312,0.101131334899426,0.23931078258379,-4.72966653789273,FALSE
"Q76I76","Low_vs_Control_in_HighTemperature",0.231286217594068,9.18738133900111,1.64035959356287,0.101645771134032,0.240131854705441,-4.76233938787883,FALSE
"Q8IWE2","Low_vs_Control_in_HighTemperature",0.239372964019132,6.35918696206355,1.63471739345924,0.102844287295212,0.242563664442984,-4.76634134137073,FALSE
"P13598","Low_vs_Control_in_HighTemperature",0.231698268430296,8.79102741680121,1.63325981103958,0.103028439923072,0.24259898661689,-4.82585762846198,FALSE
"Q8NEH6","Low_vs_Control_in_HighTemperature",0.245218083193135,10.1664893061128,1.62839710703561,0.104141241662293,0.244817279579883,-4.76068687885337,FALSE
"Q14242","Low_vs_Control_in_HighTemperature",0.175290612161593,12.0745274897736,1.62354437176398,0.105083121692011,0.24658049420096,-4.84082610459222,FALSE
"P49908","Low_vs_Control_in_HighTemperature",0.216154176640838,14.5925479974934,1.62243675717311,0.105319975476129,0.24658049420096,-4.84252784652156,FALSE
"Q99972","Low_vs_Control_in_HighTemperature",0.257987041683624,7.28084850181818,1.62220525595059,0.105407142918542,0.24658049420096,-4.82502635701322,FALSE
"P48723","Low_vs_Control_in_HighTemperature",0.251715871103236,6.86864801002019,1.61971579155896,0.106068705713532,0.247723980444958,-4.74359016953827,FALSE
"P24043","Low_vs_Control_in_HighTemperature",0.250221113799777,6.67354868698089,1.61791020795702,0.106309358092682,0.247819959281311,-4.84274027027594,FALSE
"Q6UWP8","Low_vs_Control_in_HighTemperature",0.242478460838917,8.86699732756677,1.6165855540476,0.106578263231885,0.247819959281311,-4.85149858220065,FALSE
"Q9NYU2","Low_vs_Control_in_HighTemperature",0.208358862730932,8.06153766167807,1.61635970900708,0.106628253052001,0.247819959281311,-4.84917053383754,FALSE
"P22607","Low_vs_Control_in_HighTemperature",0.22175940200437,6.99276615756357,1.6159212025222,0.106850660198619,0.247935027062816,-4.82874836943263,FALSE
"O15335","Low_vs_Control_in_HighTemperature",0.206811338708079,11.1646172019808,1.61214332175655,0.107541512206565,0.249134941040733,-4.85828774800794,FALSE
"Q9Y274","Low_vs_Control_in_HighTemperature",0.170307033260187,9.52568151004066,1.60746758046442,0.108562850997287,0.251095368274371,-4.8654138223795,FALSE
"P48454","Low_vs_Control_in_HighTemperature",0.270634145633755,10.6864968819858,1.60719095323228,0.108810362991211,0.251262577342023,-4.83429734080604,FALSE
"Q96JM4","Low_vs_Control_in_HighTemperature",0.266646354760461,9.04351359520846,1.60571103215699,0.109067158046204,0.251450650543822,-4.81513041145153,FALSE
"O00187","Low_vs_Control_in_HighTemperature",0.20775062021297,15.9306280839167,1.60121645350552,0.109940313220443,0.253056836529881,-4.87490887085383,FALSE
"Q6IAA8","Low_vs_Control_in_HighTemperature",0.255629391760823,7.16999721651782,1.59851993394966,0.110628302128192,0.254232348159981,-4.83279642490159,FALSE
"P05997","Low_vs_Control_in_HighTemperature",0.276857706216229,7.77790539863726,1.59394833970957,0.111663101690184,0.256199820517957,-4.85768454706621,FALSE
"P01699","Low_vs_Control_in_HighTemperature",0.351370173655106,11.9357588006023,1.59202403666773,0.11199220559822,0.256544445411898,-4.88880651481316,FALSE
"O60476","Low_vs_Control_in_HighTemperature",0.199601278915653,7.90455290197019,1.58956080430231,0.112555264661296,0.257423045493299,-4.88780303083721,FALSE
"P53675","Low_vs_Control_in_HighTemperature",0.317447399767071,7.77839520202596,1.58458681189217,0.113686761435431,0.259456941070006,-4.8945798732107,FALSE
"P30990","Low_vs_Control_in_HighTemperature",0.198103196139462,8.86237445889297,1.58412210426676,0.113806426731544,0.259456941070006,-4.8923148927056,FALSE
"Q6PCB0","Low_vs_Control_in_HighTemperature",0.22998944017156,6.80868966858959,1.5802104858801,0.114771462699429,0.26124171033489,-4.85380572041469,FALSE
"Q9HBW9","Low_vs_Control_in_HighTemperature",0.2068477562383,7.94242196286746,1.57662246125099,0.115516693311817,0.262521296686443,-4.90241976467545,FALSE
"P01833","Low_vs_Control_in_HighTemperature",0.235799817036192,9.01119587924755,1.57090121396557,0.116822661148488,0.264754987035468,-4.92044149338834,FALSE
"Q9UBP4","Low_vs_Control_in_HighTemperature",0.186926653745909,10.6168891899377,1.5706819590728,0.116868833189296,0.264754987035468,-4.92076245465393,FALSE
"Q7Z7M8","Low_vs_Control_in_HighTemperature",0.20189973161321,8.60201116215942,1.56972509902862,0.117092573215725,0.26484345424503,-4.92218652370238,FALSE
"Q9NRB3","Low_vs_Control_in_HighTemperature",0.215260035355993,9.56108809663708,1.56696061966575,0.117736241726829,0.26587995375791,-4.92629103621374,FALSE
"P13489","Low_vs_Control_in_HighTemperature",0.279620899241278,8.12442097283098,1.56434105744225,0.118425795270424,0.267016651600295,-4.87150345829579,FALSE
"P16112","Low_vs_Control_in_HighTemperature",0.229205895772978,10.6192276016162,1.56259849487838,0.118759452554015,0.267348594917515,-4.93275506592283,FALSE
"Q7LDG7","Low_vs_Control_in_HighTemperature",0.398209243666937,6.64280281953585,1.56196267485433,0.119112924394637,0.267553408345689,-4.79952800950993,FALSE
"Q08722","Low_vs_Control_in_HighTemperature",0.327501339331212,8.23883829507143,1.56052748945839,0.119382093593355,0.267553408345689,-4.8289490119681,FALSE
"P61006","Low_vs_Control_in_HighTemperature",-0.240631155010973,7.8498519733006,-1.5599659362075,0.119410168299331,0.267553408345689,-4.91803731736964,FALSE
"P01857","Low_vs_Control_in_HighTemperature",0.28385237366455,15.6503950284986,1.5584441948924,0.119740402064659,0.267874784026087,-4.93889454267603,FALSE
"P08319","Low_vs_Control_in_HighTemperature",0.306257924237293,10.3536398454033,1.543693244882,0.123275026528803,0.275020335995651,-4.96056363055014,FALSE
"P03950","Low_vs_Control_in_HighTemperature",0.434047505953428,9.87591082263149,1.54287239524914,0.123482502463159,0.275020335995651,-4.96177088798898,FALSE
"P08648","Low_vs_Control_in_HighTemperature",0.213032506705901,7.92067956258223,1.54256828583948,0.123570007932574,0.275020335995651,-4.9428940824515,FALSE
"Q6ZRK6","Low_vs_Control_in_HighTemperature",0.379677251145024,11.3468122252373,1.54248873766049,0.123701615562898,0.275020335995651,-4.90427161436181,FALSE
"Q8IZS8","Low_vs_Control_in_HighTemperature",0.178418063156759,9.69851791463775,1.53903075339886,0.124548795860107,0.276475190810207,-4.89158723587135,FALSE
"O60664","Low_vs_Control_in_HighTemperature",0.227970029729087,7.24963252769914,1.53662065149312,0.125013048205677,0.277076833271934,-4.9640370134763,FALSE
"O00461","Low_vs_Control_in_HighTemperature",0.190936105803072,8.94365281764459,1.53562034988876,0.125243761313024,0.277159805127895,-4.97233627053914,FALSE
"Q9BTT0","Low_vs_Control_in_HighTemperature",0.2600404090587,7.30336633838726,1.53402464379136,0.125734909560195,0.277817966578305,-4.909040994702,FALSE
"P12259","Low_vs_Control_in_HighTemperature",0.138454521891958,18.0051179461592,1.52601069560301,0.127619210586676,0.28102654925072,-4.98627024835336,FALSE
"Q8WUT4","Low_vs_Control_in_HighTemperature",0.244880801400171,9.43637876328759,1.52589735751641,0.127653414856596,0.28102654925072,-4.98166044165595,FALSE
"P05556","Low_vs_Control_in_HighTemperature",0.164375326649759,10.9983636869684,1.52524587237711,0.12780977014442,0.28102654925072,-4.98737551801752,FALSE
"P08133","Low_vs_Control_in_HighTemperature",0.215193894942676,9.34076333893893,1.52459967624573,0.127970946067448,0.28102654925072,-4.98830892822737,FALSE
"P35998","Low_vs_Control_in_HighTemperature",0.346890041061254,8.50268188193784,1.52368026262486,0.128234277791176,0.281174242129275,-4.97156839244511,FALSE
"O75955","Low_vs_Control_in_HighTemperature",0.273830689329155,7.34043308252422,1.52081888409456,0.128930447221807,0.28226910124591,-4.98416134839712,FALSE
"P50502","Low_vs_Control_in_HighTemperature",0.197910987635886,9.6494178406413,1.51730793305457,0.129803052111509,0.283746305987658,-4.99881616462159,FALSE
"O75531","Low_vs_Control_in_HighTemperature",0.276377957947687,7.23702989142694,1.51581592129919,0.1302765857771,0.283958345657283,-4.96432786949179,FALSE
"Q15848","Low_vs_Control_in_HighTemperature",0.298237103523692,7.7711434570152,1.51565787799389,0.130329574509135,0.283958345657283,-4.92657852252915,FALSE
"P11766","Low_vs_Control_in_HighTemperature",0.45339314723055,8.20099014053407,1.5152801559776,0.130494107244177,0.283958345657283,-4.89634295830069,FALSE
"P55157","Low_vs_Control_in_HighTemperature",0.252324912726979,7.52973044151518,1.51068412782618,0.131511479026392,0.285738577157342,-4.98674518019503,FALSE
"Q96NZ9","Low_vs_Control_in_HighTemperature",0.227266601162825,10.0565247433426,1.50666133274565,0.132508746439808,0.287212415075644,-5.01406388256948,FALSE
"P00451","Low_vs_Control_in_HighTemperature",0.243302060071199,9.99236903700199,1.50634299435442,0.132590389665325,0.287212415075644,-5.01451820921818,FALSE
"P62834","Low_vs_Control_in_HighTemperature",0.238737001312586,8.96294191432856,1.50565522940078,0.132839712053328,0.287318472223941,-4.97501829986084,FALSE
"Q96DR8","Low_vs_Control_in_HighTemperature",0.321343574971992,9.06052548010902,1.49433825875258,0.135812970795089,0.293306927891804,-4.9918649388932,FALSE
"Q9NQH7","Low_vs_Control_in_HighTemperature",0.2133861866687,10.8062055956534,1.47660876906958,0.140411865684506,0.302782880288093,-5.04961793063023,FALSE
"P35625","Low_vs_Control_in_HighTemperature",0.271755286628794,8.9238477481363,1.47480271049261,0.140892994510862,0.303364195388251,-5.03950428820614,FALSE
"O15143","Low_vs_Control_in_HighTemperature",0.615027768816503,8.91068287210991,1.47046221012835,0.142128444067838,0.305565500439701,-5.00527014128267,FALSE
"Q96Q06","Low_vs_Control_in_HighTemperature",0.217043316499069,8.04826891436327,1.46858985190201,0.142562307246665,0.306039443999576,-5.06498207271509,FALSE
"Q9BXX0","Low_vs_Control_in_HighTemperature",0.161759752563267,9.85025822369753,1.46627664591088,0.143181397844706,0.306909005245603,-5.07094057965144,FALSE
"P62333","Low_vs_Control_in_HighTemperature",0.266920580134936,7.97530198225185,1.45964910796169,0.145095965712215,0.310092263147516,-5.01340205240332,FALSE
"P04062","Low_vs_Control_in_HighTemperature",0.186859682672419,7.18750937518443,1.45952668362953,0.145098959952568,0.310092263147516,-5.05568388952737,FALSE
"P12821","Low_vs_Control_in_HighTemperature",0.181449332846924,8.01600293478439,1.4558343901757,0.146048236105196,0.311656503831623,-5.08329956725934,FALSE
"Q9BQS7","Low_vs_Control_in_HighTemperature",0.241031731761142,8.93206688170446,1.45562672668816,0.146283026013694,0.311693698816697,-4.98121464018586,FALSE
"Q86X29","Low_vs_Control_in_HighTemperature",0.240506338547297,9.55767542120689,1.45305285307642,0.146818625341648,0.312370784480597,-5.0892325230876,FALSE
"P30101","Low_vs_Control_in_HighTemperature",0.19992072717004,10.8976814926054,1.45206540593767,0.147090503796663,0.312485603621356,-5.09059096114753,FALSE
"P07333","Low_vs_Control_in_HighTemperature",0.18159736949519,11.7107416919824,1.45042685644827,0.147546434258444,0.312547301142148,-5.09284444152641,FALSE
"P35613","Low_vs_Control_in_HighTemperature",0.18695616785573,9.7854404651617,1.45040293888163,0.147555455281196,0.312547301142148,-5.09287808940876,FALSE
"P47756","Low_vs_Control_in_HighTemperature",0.298352014004939,9.01833240279725,1.445183474427,0.149018623418866,0.3151809822753,-5.09519667817736,FALSE
"P78423","Low_vs_Control_in_HighTemperature",0.230708856067768,10.3908854548977,1.44289849426177,0.14965632850194,0.315672111301213,-5.10040835571643,FALSE
"P05388","Low_vs_Control_in_HighTemperature",0.229356918080546,8.46899758370409,1.44277504282196,0.149691098803923,0.315672111301213,-5.10333484355886,FALSE
"P13796","Low_vs_Control_in_HighTemperature",0.191676990128144,10.4338015386787,1.43956648464029,0.150595789724678,0.316390551268449,-5.1077168250437,FALSE
"Q08378","Low_vs_Control_in_HighTemperature",0.202959424551567,10.9803317747758,1.43974746372954,0.150644218612766,0.316390551268449,-5.0333331658156,FALSE
"P15814","Low_vs_Control_in_HighTemperature",0.41453895712217,10.0688193695042,1.43968412176757,0.150693686552546,0.316390551268449,-5.00592550905391,FALSE
"Q10469","Low_vs_Control_in_HighTemperature",0.315635175264395,8.39718052513125,1.43645155122265,0.151513902055257,0.31764756658953,-5.08054645849295,FALSE
"O94973","Low_vs_Control_in_HighTemperature",0.244471245075204,7.3006284861976,1.42668465037645,0.154341068696374,0.323102324832992,-5.08497619052535,FALSE
"P14625","Low_vs_Control_in_HighTemperature",0.177016648893273,14.0300943662412,1.42484729807883,0.154805219316205,0.323601580902972,-5.12769661637403,FALSE
"Q7Z6Z7","Low_vs_Control_in_HighTemperature",-0.252094023771368,7.2016888786457,-1.42271220699383,0.155436316248928,0.324447856624401,-5.12143040578011,FALSE
"Q8TDL5","Low_vs_Control_in_HighTemperature",0.195784997981834,10.8404710350567,1.42056236947913,0.156047323789705,0.325249799875635,-5.13347469808842,FALSE
"P04156","Low_vs_Control_in_HighTemperature",0.245388827960495,6.53524036560622,1.41996530748214,0.15634819965357,0.325403945287692,-5.09762257962931,FALSE
"Q9BZQ8","Low_vs_Control_in_HighTemperature",0.170851830049718,6.73695629140164,1.41264680662385,0.158400216928214,0.329196972572549,-5.12999173910528,FALSE
"P10645","Low_vs_Control_in_HighTemperature",0.209403541176167,10.5482874704391,1.40730299767599,0.159938968212212,0.331254099084095,-5.15124516414179,FALSE
"P13727","Low_vs_Control_in_HighTemperature",0.218486176159248,13.7495493722786,1.40728929429522,0.159943027900347,0.331254099084095,-5.15126344417021,FALSE
"P21281","Low_vs_Control_in_HighTemperature",0.346625522403801,6.85955223862479,1.40746215362443,0.160104478544886,0.331254099084095,-4.99485340287256,FALSE
"O75367","Low_vs_Control_in_HighTemperature",0.409776350887801,8.04775433390786,1.40653641600682,0.160314047952833,0.331254099084095,-5.06115656162,FALSE
"P13942","Low_vs_Control_in_HighTemperature",0.188089093781878,9.11401878097648,1.40274275551006,0.161294278892327,0.332799994146182,-5.15731868551765,FALSE
"P55786","Low_vs_Control_in_HighTemperature",0.239083502615172,6.74050016139399,1.40090668198542,0.161908151898336,0.333586623307778,-5.12156530328417,FALSE
"P01880","Low_vs_Control_in_HighTemperature",0.491241160382947,9.81552604362649,1.39303809672254,0.164293647756727,0.338015912314413,-5.12332802560985,FALSE
"O15400","Low_vs_Control_in_HighTemperature",0.191926369537557,8.60855116887885,1.39083931531565,0.164882387720714,0.338579347687565,-5.1653827306869,FALSE
"P50238","Low_vs_Control_in_HighTemperature",0.197813369839201,11.6856486064895,1.39010395873559,0.165113899635454,0.338579347687565,-5.15707149771402,FALSE
"P18124","Low_vs_Control_in_HighTemperature",0.273837586555977,6.24826602848043,1.39010152670673,0.16527583220453,0.338579347687565,-5.08950636805628,FALSE
"P41091","Low_vs_Control_in_HighTemperature",0.299708194118298,7.31056997367373,1.38697499358599,0.166252740508322,0.340094764463528,-5.03620507437675,FALSE
"P07237","Low_vs_Control_in_HighTemperature",0.207497154147751,10.0203056356611,1.38242524384579,0.167438554979204,0.342032603760937,-5.18414071948537,FALSE
"P02788","Low_vs_Control_in_HighTemperature",0.270276778670365,6.73759880489271,1.38212202102695,0.167716150163104,0.3421123176869,-5.11258492401398,FALSE
"Q9NP78","Low_vs_Control_in_HighTemperature",0.219347897891568,10.6115179720627,1.37779395889547,0.168909484149786,0.344057102657377,-5.14800724245261,FALSE
"P51148","Low_vs_Control_in_HighTemperature",0.213284582086867,7.28598695620949,1.36738280204618,0.172175178948527,0.350211640584663,-5.14919026574183,FALSE
"Q09666","Low_vs_Control_in_HighTemperature",0.154660383328274,8.9200180950976,1.36033061611872,0.174318626051943,0.354069277278309,-5.21286804415707,FALSE
"P04839","Low_vs_Control_in_HighTemperature",-0.282620151444389,7.02369859089844,-1.36001876899931,0.174588913413805,0.354116692836487,-5.11557134676417,FALSE
"P36383","Low_vs_Control_in_HighTemperature",0.325377186569415,10.3237257584624,1.3545023127398,0.176279990219134,0.357041675104855,-5.11748613726236,FALSE
"P05362","Low_vs_Control_in_HighTemperature",0.14242002751358,9.51469582533687,1.34789864230691,0.178281780173109,0.360552126631732,-5.22883008161739,FALSE
"Q16181","Low_vs_Control_in_HighTemperature",0.921396678467731,11.5200606895582,1.34750724769847,0.178516045961318,0.360552126631732,-5.16206962240699,FALSE
"Q9BUN1","Low_vs_Control_in_HighTemperature",0.219346022928862,11.5226432236128,1.34108721622401,0.180481496146981,0.364009093494755,-5.23751393036314,FALSE
"P08729","Low_vs_Control_in_HighTemperature",0.509361839831117,12.8888769577043,1.34016003079853,0.180874781145455,0.364289938430593,-5.17135149956651,FALSE
"P17301","Low_vs_Control_in_HighTemperature",0.169912573756672,8.34975047225922,1.33877474793713,0.181232874812276,0.364499218065643,-5.24045215285701,FALSE
"Q92496","Low_vs_Control_in_HighTemperature",0.246748374611073,9.63473419119567,1.33576373069302,0.182252249120096,0.365239129771794,-5.22997747471426,FALSE
"A0A087WSY6","Low_vs_Control_in_HighTemperature",0.338104660819273,11.7972508648719,1.3351747104259,0.182606918230792,0.365239129771794,-5.12679017269293,FALSE
"Q9UBS3","Low_vs_Control_in_HighTemperature",0.207569550983918,7.57599683474601,1.33463262436735,0.182661794328218,0.365239129771794,-5.19785323929536,FALSE
"Q9H2K2","Low_vs_Control_in_HighTemperature",0.229664779969301,8.87031005019553,1.33427088202236,0.18286747549732,0.365239129771794,-5.14395595764994,FALSE
"P06733","Low_vs_Control_in_HighTemperature",0.185031702053069,12.3827193222578,1.33374786209625,0.182874264418513,0.365239129771794,-5.24682194876008,FALSE
"P22626","Low_vs_Control_in_HighTemperature",0.336940396517332,7.53288911538323,1.33085644921774,0.18393893468956,0.366854565152752,-5.18924457589628,FALSE
"Q9NQ76","Low_vs_Control_in_HighTemperature",0.234019018890185,8.79101973270035,1.32955659826644,0.184267570730276,0.366999578371134,-5.24717999583032,FALSE
"P16871","Low_vs_Control_in_HighTemperature",0.17837083578768,10.2870750821815,1.32860620543898,0.184564535109287,0.367081197429567,-5.25331256489278,FALSE
"P48735","Low_vs_Control_in_HighTemperature",0.264316825092799,7.91816781089398,1.32694381243032,0.185150911134076,0.367492754523703,-5.23242585110367,FALSE
"A0A0G2JS06","Low_vs_Control_in_HighTemperature",0.403345175260309,10.5561461326539,1.3259813577342,0.185504529425753,0.367492754523703,-5.22981353959426,FALSE
"P08865","Low_vs_Control_in_HighTemperature",0.234787784781935,7.70062708897718,1.32570743356202,0.185557409646414,0.367492754523703,-5.233977060528,FALSE
"Q08495","Low_vs_Control_in_HighTemperature",0.30855757293997,8.89784463417336,1.32498557466464,0.185796546045805,0.367492754523703,-5.23917152338133,FALSE
"Q99969","Low_vs_Control_in_HighTemperature",0.176173850179058,12.6740520470718,1.32299016514332,0.186423975413162,0.368225868791287,-5.26037358172635,FALSE
"P38571","Low_vs_Control_in_HighTemperature",0.159432479238384,7.72585907088287,1.31954757965493,0.187739801478472,0.370314821623285,-5.16427242838956,FALSE
"Q9Y6R7","Low_vs_Control_in_HighTemperature",0.294645731510269,7.13559313482618,1.31654538616893,0.188732726596972,0.371761991675903,-5.20455050403974,FALSE
"P22314","Low_vs_Control_in_HighTemperature",-0.359480250583426,7.28798037388502,-1.31345558975954,0.189639711277991,0.372999147517902,-5.25510807270351,FALSE
"Q86SG5","Low_vs_Control_in_HighTemperature",0.293547193623202,7.82883394835913,1.31296126874173,0.189881016518876,0.372999147517902,-5.2372053119099,FALSE
"P02776","Low_vs_Control_in_HighTemperature",0.335059821904727,13.9082897506165,1.31177957534541,0.190178322062958,0.373072111953874,-5.27437948306102,FALSE
"P80511","Low_vs_Control_in_HighTemperature",0.290884769582597,7.94284215439257,1.31053293852424,0.190670171076976,0.373525990880306,-5.23088312569674,FALSE
"Q658P3","Low_vs_Control_in_HighTemperature",0.191934376346682,8.60031979857161,1.30775858181886,0.191556684941263,0.374750731522198,-5.25188888960774,FALSE
"P07900","Low_vs_Control_in_HighTemperature",0.171341454797769,10.2591200670229,1.30206370798987,0.193474888448177,0.377987724842896,-5.28642277449046,FALSE
"P63000","Low_vs_Control_in_HighTemperature",-0.206299847163962,9.51532367929739,-1.29823350969199,0.194823383937481,0.37970950514392,-5.26708504584178,FALSE
"P22694","Low_vs_Control_in_HighTemperature",-0.305027573665036,6.90782281647317,-1.29843254740657,0.194885771119892,0.37970950514392,-5.16529930555226,FALSE
"Q8IZA0","Low_vs_Control_in_HighTemperature",0.165884293056025,7.43627773205715,1.29669308856594,0.195351402664834,0.380100286867533,-5.27129097168269,FALSE
"Q8NBJ4","Low_vs_Control_in_HighTemperature",0.144202769259351,11.3961039174354,1.29376090352316,0.196326186496605,0.380814984771794,-5.29664379249627,FALSE
"P10451","Low_vs_Control_in_HighTemperature",0.150181992400524,12.3126779788882,1.2932843480143,0.196490774199211,0.380814984771794,-5.29722847694667,FALSE
"P13797","Low_vs_Control_in_HighTemperature",0.259039539515225,6.30121188898574,1.29389124368543,0.196515403578192,0.380814984771794,-5.11623775488455,FALSE
"P06756","Low_vs_Control_in_HighTemperature",0.16855578940902,6.77845393413756,1.29129085755247,0.197298876648131,0.381817259262375,-5.2549380341659,FALSE
"P04196","Low_vs_Control_in_HighTemperature",0.143157372103584,16.6690913818707,1.28564052936924,0.199144581229946,0.384633565939964,-5.30657741556493,FALSE
"Q16363","Low_vs_Control_in_HighTemperature",0.203254943367617,7.94111359494882,1.28522849306557,0.199290613314779,0.384633565939964,-5.30492450944248,FALSE
"Q86SQ4","Low_vs_Control_in_HighTemperature",0.132838212372943,7.91326394209216,1.28290855093148,0.200099422888853,0.38567550056803,-5.30990546785902,FALSE
"Q96P70","Low_vs_Control_in_HighTemperature",0.252499695858635,6.99636663059017,1.27674798801621,0.202469720866332,0.389720241238014,-5.24753148953126,FALSE
"P05164","Low_vs_Control_in_HighTemperature",-0.264373359507751,6.49315639944791,-1.27460608305964,0.203144209256276,0.389946600449549,-5.22782922416124,FALSE
"P08254","Low_vs_Control_in_HighTemperature",0.191436834982406,9.21836908683984,1.27421158102507,0.203161379836149,0.389946600449549,-5.32045314870222,FALSE
"P23284","Low_vs_Control_in_HighTemperature",0.181603311164816,10.4278361273034,1.27352908332286,0.203403108184284,0.389946600449549,-5.32127786551239,FALSE
"P53367","Low_vs_Control_in_HighTemperature",-0.516326850307804,13.5885990659273,-1.26722910848124,0.205798751542293,0.39357689003086,-5.19416588673462,FALSE
"P27105","Low_vs_Control_in_HighTemperature",-0.250855429791359,9.47965337019592,-1.26666886258523,0.205845653781831,0.39357689003086,-5.32954278819863,FALSE
"P36915","Low_vs_Control_in_HighTemperature",0.294617603047752,6.89470262497097,1.26524448523351,0.206563976659412,0.394424424140609,-5.21959481114245,FALSE
"P32004","Low_vs_Control_in_HighTemperature",0.222337277182496,7.65869454910037,1.26219806349052,0.20748592715303,0.395658004704049,-5.32098095991546,FALSE
"P49189","Low_vs_Control_in_HighTemperature",0.202695913590845,6.90590580374477,1.25960565097389,0.208550605894082,0.396978411181549,-5.20977366425289,FALSE
"P36871","Low_vs_Control_in_HighTemperature",0.22735066920851,7.53282219298253,1.25868496251818,0.208732023731442,0.396978411181549,-5.32747004951135,FALSE
"Q9UBP0","Low_vs_Control_in_HighTemperature",0.278788570324924,13.8737837886197,1.25327697768774,0.210724643706149,0.399798232197878,-5.29950038243714,FALSE
"Q9UHF0","Low_vs_Control_in_HighTemperature",0.248730323719465,7.85842642136385,1.25338899073441,0.210772289777961,0.399798232197878,-5.18554026000281,FALSE
"Q01469","Low_vs_Control_in_HighTemperature",-0.18737048348569,9.08241854931594,-1.24864376555697,0.212368748889397,0.402294301066572,-5.34531919764412,FALSE
"P23381","Low_vs_Control_in_HighTemperature",0.18716962790826,7.40481678366745,1.24747618679223,0.212818124301392,0.402613707451446,-5.31103104408702,FALSE
"P28482","Low_vs_Control_in_HighTemperature",-0.204428955004213,9.66480459812693,-1.24316571273746,0.214379577674076,0.404592158123773,-5.35535284411525,FALSE
"Q9UIQ6","Low_vs_Control_in_HighTemperature",0.212689310511106,6.95431634648819,1.24333696102205,0.214428200958206,0.404592158123773,-5.2696541813366,FALSE
"Q6UW49","Low_vs_Control_in_HighTemperature",0.221056756818219,7.90624448558513,1.2332309745222,0.218076604387918,0.41093541483873,-5.35240577025985,FALSE
"P09104","Low_vs_Control_in_HighTemperature",0.155167145106866,11.6577824283136,1.22819857318244,0.21993173347468,0.413887277956288,-5.37507135925082,FALSE
"P48507","Low_vs_Control_in_HighTemperature",0.235374742718458,7.71264370863107,1.22642451174562,0.220721915327568,0.414149277075973,-5.28777378227394,FALSE
"Q92530","Low_vs_Control_in_HighTemperature",0.268139709153885,8.05557693931165,1.22611891528995,0.220825638711267,0.414149277075973,-5.26732593577184,FALSE
"P42357","Low_vs_Control_in_HighTemperature",0.278934555010544,6.649140311098,1.22583847697799,0.220937375845969,0.414149277075973,-5.32208807421341,FALSE
"P23588","Low_vs_Control_in_HighTemperature",-0.417973554694543,8.92201182114604,-1.22389557242293,0.221738984807163,0.41490124142293,-5.28851963751443,FALSE
"Q02818","Low_vs_Control_in_HighTemperature",0.151325762445019,8.53375996100122,1.22292090404668,0.221917191193436,0.41490124142293,-5.38120843336588,FALSE
"P23467","Low_vs_Control_in_HighTemperature",0.148774720582551,8.79390050319255,1.21470571729496,0.225033308381705,0.419809121341316,-5.39070909524062,FALSE
"P55056","Low_vs_Control_in_HighTemperature",0.140199507384853,12.4475615596113,1.21445797477255,0.225127764512882,0.419809121341316,-5.39099461466168,FALSE
"P08727","Low_vs_Control_in_HighTemperature",0.247039264564011,8.59562852535552,1.21369068454472,0.225481207879024,0.419922145582494,-5.3586975427099,FALSE
"Q96S96","Low_vs_Control_in_HighTemperature",0.196609286100562,10.0620823366402,1.20931611226824,0.227094603841255,0.422378290412918,-5.39690746200795,FALSE
"O95744","Low_vs_Control_in_HighTemperature",0.295806074304799,10.5962809379502,1.20738343804237,0.227942758108903,0.423406625813687,-5.33216641617939,FALSE
"Q9UBQ7","Low_vs_Control_in_HighTemperature",0.226100445547057,6.72071701229526,1.2065055911204,0.228312297913993,0.423544418122465,-5.27148006931229,FALSE
"P07910","Low_vs_Control_in_HighTemperature",0.180682178445622,8.38794334764666,1.20033422344918,0.230570586067254,0.427181163333905,-5.39707721857459,FALSE
"Q96MF2","Low_vs_Control_in_HighTemperature",0.218904294314832,12.3968509635338,1.19423476272008,0.23293529561101,0.43069940800137,-5.41410565895662,FALSE
"O75558","Low_vs_Control_in_HighTemperature",-0.303745943330449,6.54892422958396,-1.19429713223088,0.233070251470755,0.43069940800137,-5.28581228203973,FALSE
"P26038","Low_vs_Control_in_HighTemperature",0.172920386915447,10.0554581270799,1.18976900288858,0.234683736587207,0.432715461054733,-5.41915789166209,FALSE
"O75822","Low_vs_Control_in_HighTemperature",0.198697998433382,7.62857991580282,1.18978438103319,0.234764734100824,0.432715461054733,-5.37649944826024,FALSE
"Q8IVW4","Low_vs_Control_in_HighTemperature",-0.171956599107007,10.7039918382996,-1.18840678914371,0.235232229624887,0.433020561337725,-5.41850426292294,FALSE
"P31025","Low_vs_Control_in_HighTemperature",0.214412553810409,7.66912996664374,1.18664764655204,0.236038108257107,0.433428085106009,-5.36102569019213,FALSE
"P60033","Low_vs_Control_in_HighTemperature",0.151535482719247,10.7007451178476,1.18630462303956,0.236058113296927,0.433428085106009,-5.4158252669046,FALSE
"P07355","Low_vs_Control_in_HighTemperature",0.150219793194927,9.09851511318522,1.18177218710541,0.237839843275635,0.436044420285103,-5.42815674061651,FALSE
"Q9Y376","Low_vs_Control_in_HighTemperature",0.206823444122947,6.89473151519236,1.18078781506544,0.238348086805036,0.436044420285103,-5.32970783717593,FALSE
"P31949","Low_vs_Control_in_HighTemperature",0.171196349567949,7.98522564290419,1.18041353256595,0.238395275804408,0.436044420285103,-5.4187897584203,FALSE
"P68431","Low_vs_Control_in_HighTemperature",0.205647267091626,10.8600713555101,1.17954094892249,0.238725786639016,0.436092710879426,-5.43065679459071,FALSE
"P62805","Low_vs_Control_in_HighTemperature",0.207992412694987,12.673943238704,1.17652732691251,0.239926089895763,0.43772775179456,-5.43402603472321,FALSE
"P35442","Low_vs_Control_in_HighTemperature",0.189473730484355,13.7305289299725,1.17182256599716,0.241808479759657,0.440601473920391,-5.43926883929216,FALSE
"Q9UGM3","Low_vs_Control_in_HighTemperature",0.182238311291588,8.55711416424444,1.16955097668,0.242736088296264,0.441308129797957,-5.42650489810124,FALSE
"Q6P3X8","Low_vs_Control_in_HighTemperature",0.21537304735425,9.4800066615268,1.16949822578316,0.242811795265403,0.441308129797957,-5.36510714641145,FALSE
"Q14696","Low_vs_Control_in_HighTemperature",0.30732625925655,7.77963037821342,1.16762007269394,0.243665141112861,0.442298496652965,-5.35764449801279,FALSE
"Q3SY84","Low_vs_Control_in_HighTemperature",-0.235530902885099,9.58802080940412,-1.16456539272865,0.244750777521977,0.443707477833774,-5.44443253010516,FALSE
"Q9Y490","Low_vs_Control_in_HighTemperature",-0.285155022537218,10.252932011198,-1.16328634218947,0.245250411482613,0.444051881396549,-5.4487279406915,FALSE
"Q9H4M9","Low_vs_Control_in_HighTemperature",0.171790659199294,7.93333712304311,1.16004972719355,0.246572857501513,0.445883326175498,-5.44433870161754,FALSE
"O95236","Low_vs_Control_in_HighTemperature",0.286822115374379,9.04459205449546,1.15889739043163,0.247122932722818,0.445962182093944,-5.41235053120499,FALSE
"Q16775","Low_vs_Control_in_HighTemperature",0.27232613961124,8.15723355098679,1.15851042698491,0.247238448231998,0.445962182093944,-5.42737604942633,FALSE
"Q9Y6C2","Low_vs_Control_in_HighTemperature",0.19361147371492,10.4729699752306,1.15514034520245,0.248567003997714,0.44732357872429,-5.45769049195867,FALSE
"P27482","Low_vs_Control_in_HighTemperature",0.166408075416081,10.6256611203261,1.1539290048586,0.249063902652455,0.44732357872429,-5.45614310225952,FALSE
"P32942","Low_vs_Control_in_HighTemperature",0.127848452748145,9.77838801341332,1.15308778056457,0.249407632644631,0.44732357872429,-5.45993892528658,FALSE
"P04908;P0C0S8;P20671;Q16777;Q6FI13;Q7L7L0;Q93077;Q96KK5;Q99878;Q9BTM1","Low_vs_Control_in_HighTemperature",0.209856439288071,12.3520710485,1.15289770983732,0.249485576871827,0.44732357872429,-5.46014693256375,FALSE
"Q6Q788","Low_vs_Control_in_HighTemperature",0.132094414920179,12.4906748574499,1.15273356521938,0.249552903053997,0.44732357872429,-5.46032653969818,FALSE
"P04040","Low_vs_Control_in_HighTemperature",-0.19866555762068,9.6874781854886,-1.15162831819235,0.25000656691215,0.447501156163349,-5.46153523938186,FALSE
"P80303","Low_vs_Control_in_HighTemperature",0.195406602748319,6.46652394997508,1.15132681117799,0.25027609989052,0.447501156163349,-5.37776228133728,FALSE
"P20810","Low_vs_Control_in_HighTemperature",0.249142344134469,7.70905480461621,1.14677205663555,0.252112703503334,0.450223682221395,-5.39907679268262,FALSE
"P06703","Low_vs_Control_in_HighTemperature",0.182435227028886,9.97961459786878,1.13783392369784,0.255720381238435,0.455940402636125,-5.4736417498067,FALSE
"P02656","Low_vs_Control_in_HighTemperature",0.185967015862433,15.5166529124963,1.13727687692428,0.255949807616514,0.455940402636125,-5.47712528120301,FALSE
"P08263;P09210","Low_vs_Control_in_HighTemperature",0.225917223410923,7.44960818469554,1.13169172437789,0.258451384131209,0.45968779007641,-5.3410667485815,FALSE
"Q96M27","Low_vs_Control_in_HighTemperature",0.155114660276644,6.8903260568119,1.1307526897706,0.258785738962313,0.45968779007641,-5.37777854062471,FALSE
"Q14764","Low_vs_Control_in_HighTemperature",0.199426429492692,6.46938327748328,1.1302756714283,0.259015156472621,0.45968779007641,-5.40676501797521,FALSE
"P13987","Low_vs_Control_in_HighTemperature",0.141456131582034,10.2741209241963,1.12359189443117,0.261717335645825,0.463909344024861,-5.48960273014175,FALSE
"P07093","Low_vs_Control_in_HighTemperature",0.215598176545344,7.58469069019594,1.12215155527775,0.262371475415685,0.464102493809453,-5.44456775525944,FALSE
"Q96CX2","Low_vs_Control_in_HighTemperature",0.152871310688974,6.51348152036878,1.12210503260629,0.262473586108415,0.464102493809453,-5.36469794553152,FALSE
"P10809","Low_vs_Control_in_HighTemperature",0.351794314536863,7.5263128226821,1.12022825103337,0.263191582834308,0.464538179002084,-5.4412249542486,FALSE
"O95747","Low_vs_Control_in_HighTemperature",-0.20026483618528,8.25093890859041,-1.11975610595526,0.263367879727123,0.464538179002084,-5.47446544356438,FALSE
"Q06481","Low_vs_Control_in_HighTemperature",0.200086632471036,9.1611703024845,1.11190556751639,0.26669696888833,0.469832252316787,-5.50200601450464,FALSE
"P23526","Low_vs_Control_in_HighTemperature",0.217752110473001,8.03183262475543,1.10973072629547,0.267672384818391,0.470972024330764,-5.4841123340869,FALSE
"P00488","Low_vs_Control_in_HighTemperature",0.181335932820829,10.2655126239926,1.10801498032099,0.268370979951435,0.471086185326243,-5.50831005735905,FALSE
"P16035","Low_vs_Control_in_HighTemperature",0.14958765715185,8.01747120080406,1.10814820236772,0.268394291081967,0.471086185326243,-5.46810051789692,FALSE
"P05023","Low_vs_Control_in_HighTemperature",0.130917820486149,7.81301349238323,1.10695524425782,0.268838646214009,0.471289264878837,-5.50721140514736,FALSE
"P00492","Low_vs_Control_in_HighTemperature",0.252931665162438,6.93625329856206,1.10627468282981,0.269302806131443,0.471526525021355,-5.3516748300025,FALSE
"Q7Z3Y7","Low_vs_Control_in_HighTemperature",0.169083014185876,15.3859550198003,1.09487126372772,0.27408624829518,0.479316682994255,-5.51915717552355,FALSE
"A6NM11;A6NMS7","Low_vs_Control_in_HighTemperature",-0.152275383349757,7.35977927389782,-1.09263757026635,0.275119234627946,0.480005234879607,-5.48521640494697,FALSE
"Q13477","Low_vs_Control_in_HighTemperature",0.126930318150736,10.9696199989344,1.09243891220145,0.275149444261532,0.480005234879607,-5.5245798306314,FALSE
"Q96GI7","Low_vs_Control_in_HighTemperature",0.168680917676706,9.3160434184986,1.08962431949065,0.276466295755391,0.481716486164315,-5.47723417452225,FALSE
"Q96PC5","Low_vs_Control_in_HighTemperature",0.151258116974063,7.78206044247071,1.08816199610565,0.277163507603606,0.481856815127757,-5.45577988953693,FALSE
"P05062","Low_vs_Control_in_HighTemperature",0.460953039388968,9.25785699932758,1.08794672057971,0.277218878996095,0.481856815127757,-5.39955550990647,FALSE
"P48643","Low_vs_Control_in_HighTemperature",0.211155182847481,7.0603706960142,1.08384755780096,0.27899699767823,0.484118167329483,-5.47428202655765,FALSE
"Q01082","Low_vs_Control_in_HighTemperature",0.334336892331138,8.15928146362381,1.08304340382996,0.279322280776263,0.484118167329483,-5.51127392169956,FALSE
"P01704","Low_vs_Control_in_HighTemperature",0.323534080927116,10.1696597362704,1.08274639165663,0.279532665654681,0.484118167329483,-5.44884498152709,FALSE
"P38606","Low_vs_Control_in_HighTemperature",0.246136065518423,6.60261101412467,1.08171954386782,0.27995576548784,0.484266064788374,-5.46694792125893,FALSE
"P43686","Low_vs_Control_in_HighTemperature",0.218830616097183,7.18829969733734,1.07970551391985,0.280831160223447,0.484638461141229,-5.49447275068281,FALSE
"P13646","Low_vs_Control_in_HighTemperature",0.162245678463634,12.9634269236569,1.07905815124228,0.281065386806117,0.484638461141229,-5.53837348512449,FALSE
"P01602","Low_vs_Control_in_HighTemperature",0.231516612796434,8.47720281618991,1.07905428935872,0.281184937008021,0.484638461141229,-5.45465715381619,FALSE
"P62826","Low_vs_Control_in_HighTemperature",-0.223720063264166,11.7218192147756,-1.07511534812786,0.282824988559458,0.486879992310039,-5.54240568075344,FALSE
"O95084","Low_vs_Control_in_HighTemperature",0.20044207301053,7.45843404989294,1.06771863596924,0.286234814826221,0.49215914203933,-5.46708646520364,FALSE
"Q93008","Low_vs_Control_in_HighTemperature",0.205332119783295,6.39835283522996,1.0660460358914,0.287033927528572,0.492942098294577,-5.46710210340198,FALSE
"P01889","Low_vs_Control_in_HighTemperature",0.146799593309282,9.14285685760763,1.06385487743329,0.287893423415658,0.493826757390017,-5.5509338355693,FALSE
"Q02817","Low_vs_Control_in_HighTemperature",0.226057669632914,7.84585650726423,1.06193699847418,0.288831883991834,0.494159374685348,-5.51162182568747,FALSE
"Q969P0","Low_vs_Control_in_HighTemperature",0.134667326515263,6.55218704633007,1.06195448429894,0.288839440345633,0.494159374685348,-5.48103929582414,FALSE
"P04899","Low_vs_Control_in_HighTemperature",0.126516743105588,8.5584318587257,1.06114433325136,0.289121140419112,0.494159374685348,-5.55657436714919,FALSE
"P09429","Low_vs_Control_in_HighTemperature",0.243967493244913,8.05884471109896,1.0594100019095,0.290011202337518,0.495090552561906,-5.46017210517114,FALSE
"Q12913","Low_vs_Control_in_HighTemperature",0.118963124631751,9.70641249931558,1.05562473933941,0.291633144648038,0.497224370224985,-5.56212235863123,FALSE
"P08575","Low_vs_Control_in_HighTemperature",0.111740264675852,10.3628173713372,1.05492096174043,0.291954616268785,0.497224370224985,-5.5628275825092,FALSE
"Q96PL5","Low_vs_Control_in_HighTemperature",0.199443168684878,7.09352915068074,1.0527306906582,0.293068893031488,0.49853000309271,-5.45752643050375,FALSE
"P06310","Low_vs_Control_in_HighTemperature",0.197383078998531,11.3699859535672,1.04545586813206,0.296306059956066,0.50343944310071,-5.56490675333759,FALSE
"P55060","Low_vs_Control_in_HighTemperature",0.182246305785306,12.5386728009525,1.04411007742374,0.296922820934902,0.503890325704911,-5.57360184471707,FALSE
"P30086","Low_vs_Control_in_HighTemperature",0.186865074647049,7.91745905845327,1.04242689367598,0.297731457562581,0.50466537842168,-5.5619729471004,FALSE
"Q9HCN6","Low_vs_Control_in_HighTemperature",0.134650550882869,9.22838133052995,1.04097278895848,0.298379890736412,0.505167371093288,-5.57379107657017,FALSE
"P01033","Low_vs_Control_in_HighTemperature",0.215199883378342,8.18482391876144,1.0386910125452,0.29955681474793,0.506041549515752,-5.42304219012494,FALSE
"O00186","Low_vs_Control_in_HighTemperature",0.182484397421275,6.78926712778496,1.03851902817979,0.299602005257234,0.506041549515752,-5.49255511564857,FALSE
"P13929","Low_vs_Control_in_HighTemperature",0.2063788951403,8.25455558862086,1.03593752579796,0.300717869467761,0.507328735078552,-5.57875752629655,FALSE
"P00325","Low_vs_Control_in_HighTemperature",0.194612037727995,8.53607392474214,1.03344880230784,0.301905193036998,0.508733310005941,-5.55461261732357,FALSE
"Q14213","Low_vs_Control_in_HighTemperature",0.145810728441287,7.51480855932511,1.02705902724538,0.304991544840216,0.513330839555012,-5.51530398359435,FALSE
"Q14554","Low_vs_Control_in_HighTemperature",0.236225249175083,7.84042129352215,1.02593125263081,0.305457874421686,0.51351300342403,-5.54645291304417,FALSE
"P47755","Low_vs_Control_in_HighTemperature",-0.179176368589268,7.99623947395014,-1.02435273042707,0.306201784737615,0.513734832290844,-5.5486710910616,FALSE
"Q04721","Low_vs_Control_in_HighTemperature",0.185033811750159,8.13249704558037,1.02423748232556,0.306306333060441,0.513734832290844,-5.4883170509088,FALSE
"P19338","Low_vs_Control_in_HighTemperature",0.149064163472467,8.11936239349896,1.0190098209366,0.3086895664472,0.517127147529538,-5.59009311412667,FALSE
"Q99435","Low_vs_Control_in_HighTemperature",0.16708848681319,9.42658302999995,1.01626626345185,0.30998583275148,0.518431587501767,-5.5963448724416,FALSE
"Q8NCH0","Low_vs_Control_in_HighTemperature",0.158082661820981,7.27292738089691,1.01600718428815,0.310191284572187,0.518431587501767,-5.49628660359486,FALSE
"Q86UX7","Low_vs_Control_in_HighTemperature",-0.212381883712704,10.1858235340547,-1.01096862385262,0.312504745911996,0.521690111336207,-5.60594240010312,FALSE
"O00264","Low_vs_Control_in_HighTemperature",0.15564222195803,8.16440745486271,1.00459246186918,0.315613843425105,0.526267734269304,-5.59180282406516,FALSE
"P11586","Low_vs_Control_in_HighTemperature",0.18023988713587,7.69129008548238,0.999143753596026,0.318204921364132,0.529971959623885,-5.60388553838152,FALSE
"P35030","Low_vs_Control_in_HighTemperature",0.112943937727787,11.2633780653342,0.997917375564731,0.318786643350828,0.530137543007054,-5.61839317456054,FALSE
"O60814;P57053;P58876;P62807;Q5QNW6;Q93079;Q99877;Q99879","Low_vs_Control_in_HighTemperature",0.175374447280532,12.3550016592123,0.997386885059857,0.319043723580954,0.530137543007054,-5.61889585013822,FALSE
"P52209","Low_vs_Control_in_HighTemperature",0.195380966321315,8.29404794871757,0.993651178699465,0.320869935303872,0.532401867403161,-5.61727215752052,FALSE
"O14656","Low_vs_Control_in_HighTemperature",0.139839852869994,6.44523363381121,0.99287999590286,0.321343432812677,0.532401867403161,-5.53348054755515,FALSE
"P55160","Low_vs_Control_in_HighTemperature",0.191349212652556,6.81640458209073,0.992478607049573,0.321520235126316,0.532401867403161,-5.5368465236285,FALSE
"P46783","Low_vs_Control_in_HighTemperature",0.215711284681158,7.1455769501443,0.990292279487583,0.322632083357569,0.533626767629474,-5.49302649902833,FALSE
"O75165","Low_vs_Control_in_HighTemperature",0.270630032204894,7.6100268827371,0.98540429795226,0.325008701206523,0.536938338168381,-5.50755293751938,FALSE
"P16152","Low_vs_Control_in_HighTemperature",0.239653548866296,7.11511163421668,0.983683270113022,0.325830175178077,0.537676031306517,-5.54500603399334,FALSE
"P34932","Low_vs_Control_in_HighTemperature",0.157574955082654,7.10778220904259,0.977986836479722,0.328574945606843,0.54158053048828,-5.60840489423631,FALSE
"P51659","Low_vs_Control_in_HighTemperature",0.205584593470594,7.01317891499583,0.977013903326663,0.329151936439324,0.54158053048828,-5.5217818231732,FALSE
"O60240","Low_vs_Control_in_HighTemperature",0.162415488495585,6.78003423531578,0.976523099176899,0.329329304453124,0.54158053048828,-5.61348058499554,FALSE
"E9PAV3","Low_vs_Control_in_HighTemperature",0.144716233583662,7.39353717190484,0.975391077992761,0.329932376510284,0.541950776535792,-5.54977196042085,FALSE
"P16150","Low_vs_Control_in_HighTemperature",0.123583576680939,11.7068321898301,0.972426317713427,0.331293620878339,0.543564133111599,-5.64224669879368,FALSE
"P09960","Low_vs_Control_in_HighTemperature",-0.170537991949644,7.83696238635144,-0.969202998933818,0.332913848675188,0.545598238857393,-5.63079023366327,FALSE
"P11940","Low_vs_Control_in_HighTemperature",0.237777914086638,7.61099642323794,0.961482206634942,0.336859612233242,0.551434570710582,-5.57141978324565,FALSE
"O60493","Low_vs_Control_in_HighTemperature",0.220584810814943,8.90108250035593,0.960198753932857,0.337473623788166,0.551809779375405,-5.59135176588049,FALSE
"P46060","Low_vs_Control_in_HighTemperature",-0.18763983550777,8.00839425980073,-0.95863388855157,0.338218328523481,0.55210024843091,-5.63388675292672,FALSE
"P20908","Low_vs_Control_in_HighTemperature",0.126541421074142,7.7270153505008,0.958221261151272,0.338421281987985,0.55210024843091,-5.6408217096957,FALSE
"P15531","Low_vs_Control_in_HighTemperature",0.172848110111392,8.38759452844259,0.956894572762562,0.339079629136945,0.552545668389068,-5.65130366534799,FALSE
"Q99832","Low_vs_Control_in_HighTemperature",0.184343038792793,7.15199353877659,0.955597988545725,0.339750877622691,0.553011076629896,-5.62890538862455,FALSE
"Q10589","Low_vs_Control_in_HighTemperature",0.186731245449779,7.42872267096345,0.953992403577042,0.340604744012963,0.55377233890543,-5.59789050447205,FALSE
"Q8TC71","Low_vs_Control_in_HighTemperature",-0.180853025186686,12.7714126731029,-0.95097824734983,0.34214768421541,0.555482879407492,-5.57482942789382,FALSE
"Q92820","Low_vs_Control_in_HighTemperature",0.13845860932121,8.06584771571878,0.950272311806779,0.342431565827212,0.555482879407492,-5.65729734750371,FALSE
"P35579","Low_vs_Control_in_HighTemperature",-0.238937169192544,10.4092629794847,-0.944898959219628,0.345152208642685,0.559245851015161,-5.66731520370917,FALSE
"O75083","Low_vs_Control_in_HighTemperature",-0.209682203451047,9.19857322579188,-0.943091478309432,0.346074971845697,0.559245851015161,-5.66893614158107,FALSE
"Q16378","Low_vs_Control_in_HighTemperature",0.219558771059614,10.1440730591816,0.94301260734576,0.34616777353467,0.559245851015161,-5.65022536087707,FALSE
"P14649","Low_vs_Control_in_HighTemperature",-0.244076028144184,10.3756028741508,-0.94265672217057,0.346311238285539,0.559245851015161,-5.65363191639171,FALSE
"P19971","Low_vs_Control_in_HighTemperature",0.124940971532014,7.15135146801673,0.939365297328462,0.347992683333242,0.56117615063761,-5.66631897446956,FALSE
"O14960","Low_vs_Control_in_HighTemperature",0.205912214983956,11.8546863734443,0.938766748453868,0.348289242724876,0.56117615063761,-5.67280198123786,FALSE
"Q96DA0","Low_vs_Control_in_HighTemperature",0.146165692331213,8.40210118876741,0.934391552867106,0.35055067620219,0.563596336866603,-5.67150687330408,FALSE
"O60610","Low_vs_Control_in_HighTemperature",0.221306560917055,7.52951399127403,0.934408948664512,0.350577358776158,0.563596336866603,-5.6035017888378,FALSE
"Q99536","Low_vs_Control_in_HighTemperature",0.100986455923017,7.90859490254638,0.932052085255516,0.351750131730291,0.564848475813255,-5.67651687300048,FALSE
"Q16627","Low_vs_Control_in_HighTemperature",0.171594398312156,10.7778767446211,0.925247087386247,0.355272794367053,0.569380332747932,-5.6818216687524,FALSE
"P62820","Low_vs_Control_in_HighTemperature",0.209427964106002,7.68384207839924,0.92489054985717,0.355560886393992,0.569380332747932,-5.57044321068182,FALSE
"Q5T4S7","Low_vs_Control_in_HighTemperature",0.156710279656227,7.138763548167,0.923963507021862,0.355951379163225,0.569380332747932,-5.67378770280481,FALSE
"P54577","Low_vs_Control_in_HighTemperature",0.210354326198415,8.01287685759732,0.923654690037875,0.356160501028518,0.569380332747932,-5.64381579212661,FALSE
"Q8N128","Low_vs_Control_in_HighTemperature",0.144690066405204,7.48783407486613,0.922478258372028,0.356748899159348,0.56968588128564,-5.66780022868646,FALSE
"P04114","Low_vs_Control_in_HighTemperature",0.107839703449304,16.2906814788437,0.920289839217346,0.357850875064475,0.570809960892612,-5.68911891727018,FALSE
"P18065","Low_vs_Control_in_HighTemperature",0.205162763022402,11.9484702190205,0.917594833423055,0.359264264375485,0.571809287050443,-5.69146679462778,FALSE
"P60709","Low_vs_Control_in_HighTemperature",-0.185704047925908,14.174590185557,-0.917564945732416,0.359274872825976,0.571809287050443,-5.69149791893636,FALSE
"P35612","Low_vs_Control_in_HighTemperature",0.26944367010149,7.88962892276645,0.916638618081717,0.359817016509943,0.571961306716883,-5.63340898414646,FALSE
"Q96MT3","Low_vs_Control_in_HighTemperature",0.243091935695846,11.9342487165789,0.9160334970171,0.360168103183644,0.571961306716883,-5.58084022558265,FALSE
"O43399","Low_vs_Control_in_HighTemperature",0.285013668966711,11.3308041015108,0.91219880288299,0.36213115555596,0.574442563127485,-5.66003821140931,FALSE
"P23141","Low_vs_Control_in_HighTemperature",0.108391433703139,6.36581929569364,0.9012654657761,0.367881478824443,0.582213190905911,-5.69869687304642,FALSE
"P53990","Low_vs_Control_in_HighTemperature",0.222321784191863,8.00666791547254,0.901102652052491,0.36808905199531,0.582213190905911,-5.56151835826517,FALSE
"P25815","Low_vs_Control_in_HighTemperature",-0.232731013010011,7.70160159653353,-0.900801024984953,0.368247813215942,0.582213190905911,-5.61769445539769,FALSE
"P62993","Low_vs_Control_in_HighTemperature",-0.188116216220924,6.88449824470963,-0.899696226155442,0.368833478915843,0.582496925952994,-5.58083969121526,FALSE
"P31151","Low_vs_Control_in_HighTemperature",0.170656298978049,9.06728508825406,0.898652480086098,0.369294475296515,0.58258336366909,-5.70030905588081,FALSE
"O75874","Low_vs_Control_in_HighTemperature",0.140765481280892,8.12115255390187,0.897621121400206,0.369808176152826,0.582752664399069,-5.70869357726415,FALSE
"P05154","Low_vs_Control_in_HighTemperature",0.0897857723514086,11.1060086987,0.892990145278553,0.372278263453341,0.585429244943879,-5.71263561188346,FALSE
"P17844","Low_vs_Control_in_HighTemperature",0.214550966624445,11.6543248983876,0.892955744423095,0.372323201805312,0.585429244943879,-5.69381559756125,FALSE
"Q86TY3","Low_vs_Control_in_HighTemperature",0.0976732067544663,8.84725532054918,0.89042068412142,0.373654548936262,0.586879105339101,-5.71481267454144,FALSE
"P11166","Low_vs_Control_in_HighTemperature",0.15109121339273,9.63053545606769,0.887764671369507,0.375082921389352,0.588478018897517,-5.71479738144995,FALSE
"Q15404","Low_vs_Control_in_HighTemperature",-0.183020154604657,9.75636250570372,-0.886168069698381,0.375940112687895,0.589178274966603,-5.71840128468411,FALSE
"P13224","Low_vs_Control_in_HighTemperature",-0.144876347789578,10.6359710853125,-0.883839484632527,0.377196429227999,0.589995737459154,-5.71216177888269,FALSE
"P23634","Low_vs_Control_in_HighTemperature",0.117655594599559,7.14672365009928,0.883708727069808,0.377284582461677,0.589995737459154,-5.69459109180409,FALSE
"Q9HBB8","Low_vs_Control_in_HighTemperature",0.143532076494784,7.41852388961658,0.880769738182634,0.378952777473568,0.591822526596676,-5.56936113740942,FALSE
"P80723","Low_vs_Control_in_HighTemperature",0.115573612217728,7.06835470138775,0.87977983493587,0.379400749684645,0.591822526596676,-5.71328720282726,FALSE
"P07858","Low_vs_Control_in_HighTemperature",0.134240029489527,8.05039577322391,0.879269686818893,0.379690881777505,0.591822526596676,-5.69208864378055,FALSE
"A2A3L6","Low_vs_Control_in_HighTemperature",0.299681644375266,11.137421059523,0.876045643800307,0.381480449230337,0.593928067607656,-5.66005686866691,FALSE
"P01137","Low_vs_Control_in_HighTemperature",0.183884567689583,8.46171516346688,0.875290597460301,0.381870068573402,0.593928067607656,-5.63772632103837,FALSE
"P25786","Low_vs_Control_in_HighTemperature",0.138982838725992,8.67566390785367,0.865684982153095,0.387072735460331,0.601367608504999,-5.7210728405961,FALSE
"P36578","Low_vs_Control_in_HighTemperature",0.174896032581585,7.42323898787372,0.862703405838996,0.388775303828183,0.60335907542166,-5.68682753747551,FALSE
"Q3ZCW2","Low_vs_Control_in_HighTemperature",-0.235138359449005,7.55340015552602,-0.859274707349816,0.390695321220825,0.605322008778249,-5.62902467448025,FALSE
"P53004","Low_vs_Control_in_HighTemperature",0.166231825910344,7.09591964115241,0.858834703758786,0.390884365501156,0.605322008778249,-5.68294098719225,FALSE
"Q8N257","Low_vs_Control_in_HighTemperature",0.224448502240588,9.21162850044472,0.851602844498535,0.394928591136771,0.610925134509309,-5.63306278648035,FALSE
"O75170","Low_vs_Control_in_HighTemperature",0.196526732964886,8.82842364059505,0.849282852324206,0.396212895943751,0.611761253839043,-5.6736301487043,FALSE
"P29401","Low_vs_Control_in_HighTemperature",0.159088097113948,6.6712970785812,0.84826951301793,0.3967237973887,0.611761253839043,-5.71097034285756,FALSE
"P19367","Low_vs_Control_in_HighTemperature",0.298367910514834,7.41152132612373,0.848401828251121,0.396748930314024,0.611761253839043,-5.60557811950727,FALSE
"P06576","Low_vs_Control_in_HighTemperature",0.236550555497056,7.44942043714986,0.847503068863303,0.397194531793779,0.61179050332146,-5.63459718262232,FALSE
"P13639","Low_vs_Control_in_HighTemperature",0.122577099001455,7.58573492878894,0.842093822987033,0.400128934569321,0.614758448275963,-5.74936946956548,FALSE
"Q13630","Low_vs_Control_in_HighTemperature",0.14061035107985,7.79665919865708,0.842010588226334,0.400234746436843,0.614758448275963,-5.69138796399287,FALSE
"A0A075B6I0","Low_vs_Control_in_HighTemperature",0.270217396940224,12.0743134079055,0.841661839551569,0.40040752488825,0.614758448275963,-5.70200073745486,FALSE
"Q8TD06","Low_vs_Control_in_HighTemperature",0.120342670126925,8.06156396628907,0.839758845191241,0.401452670639252,0.615566030423593,-5.72976130999523,FALSE
"Q9NP58","Low_vs_Control_in_HighTemperature",-0.147123103907775,8.76581546089339,-0.839159226181436,0.401792053330881,0.615566030423593,-5.70687846026915,FALSE
"Q9HBI1","Low_vs_Control_in_HighTemperature",-0.188252537510868,9.30077354214207,-0.836771979420073,0.403111458137045,0.616928314800984,-5.75361261155792,FALSE
"P68104;Q5VTE0","Low_vs_Control_in_HighTemperature",0.137882323341961,9.95519905502337,0.830632305271556,0.406565114860649,0.620407813509661,-5.76370445717803,FALSE
"P23327","Low_vs_Control_in_HighTemperature",0.112507265928347,9.44593169659626,0.829592106629984,0.407166464225441,0.620407813509661,-5.75627432853606,FALSE
"Q01546","Low_vs_Control_in_HighTemperature",0.211293789330911,10.0824458163479,0.829002583602682,0.407569858045559,0.620407813509661,-5.69223168070147,FALSE
"P10412","Low_vs_Control_in_HighTemperature",0.200649365758355,10.4654887205023,0.828566344753575,0.407733241154452,0.620407813509661,-5.76533256652627,FALSE
"P37802","Low_vs_Control_in_HighTemperature",-0.203879095094964,9.39007492845621,-0.82823442187297,0.407921727073591,0.620407813509661,-5.76261885527307,FALSE
"A0A075B6H9","Low_vs_Control_in_HighTemperature",0.22380056733563,10.7077033239488,0.828141952024514,0.407980870390244,0.620407813509661,-5.74900066222868,FALSE
"Q9BSL1","Low_vs_Control_in_HighTemperature",0.157988169884836,7.71913091186005,0.825453102065864,0.409591438760463,0.622197164388246,-5.66212305589788,FALSE
"Q08431","Low_vs_Control_in_HighTemperature",0.110419982650831,7.06597142600765,0.823799522871752,0.410553676259026,0.622998911910522,-5.64279666562089,FALSE
"Q9NRY5","Low_vs_Control_in_HighTemperature",-0.140398457684374,7.37021666885104,-0.820097015610102,0.41256568767016,0.62539027073891,-5.74832433589399,FALSE
"O14745","Low_vs_Control_in_HighTemperature",0.111288585588354,8.16868954027548,0.81774979597218,0.413879292770193,0.62671901355064,-5.77081628695504,FALSE
"P25705","Low_vs_Control_in_HighTemperature",0.23751309331352,7.65840412746712,0.816173962930998,0.414825329746823,0.627488948161333,-5.73470326882388,FALSE
"Q04637","Low_vs_Control_in_HighTemperature",0.148186933746888,6.35655727958756,0.814440731130666,0.415863501306539,0.628228858765474,-5.71155932858021,FALSE
"Q99996","Low_vs_Control_in_HighTemperature",-0.172636377345249,9.79577081314168,-0.813568247256415,0.416334812522389,0.628228858765474,-5.67487231713258,FALSE
"Q96QR1","Low_vs_Control_in_HighTemperature",0.129582375101842,10.4275843966354,0.812974321739112,0.416628761984634,0.628228858765474,-5.74664275201176,FALSE
"Q08380","Low_vs_Control_in_HighTemperature",0.0912266963584685,16.369462900768,0.811864118085927,0.417243551739053,0.628495013859036,-5.77835354436723,FALSE
"Q9UBX7","Low_vs_Control_in_HighTemperature",0.182817092370728,11.0180551557968,0.810268104587447,0.418172678946016,0.629233600848464,-5.7636953064207,FALSE
"P42566","Low_vs_Control_in_HighTemperature",-0.190092199747044,6.91741173927206,-0.808067033039869,0.419494106425466,0.630560323494883,-5.69509409741284,FALSE
"P50990","Low_vs_Control_in_HighTemperature",0.204030103368879,8.21652418244508,0.806721030936681,0.420202841312848,0.630964266432068,-5.77477503897067,FALSE
"P07988","Low_vs_Control_in_HighTemperature",0.124238348459601,7.98636832936133,0.800251451525913,0.423955663780288,0.635933495670432,-5.75171301812338,FALSE
"P60660","Low_vs_Control_in_HighTemperature",-0.18795709861203,9.9315981397049,-0.796543329102799,0.426082934239305,0.638456559769241,-5.79006356109716,FALSE
"P05386","Low_vs_Control_in_HighTemperature",-0.117197633238796,8.52301341331791,-0.795230439414975,0.426863269980855,0.638958172393054,-5.78350061452288,FALSE
"Q99460","Low_vs_Control_in_HighTemperature",0.168681489163828,7.44070286430006,0.793357471699547,0.428001538574963,0.639373486922317,-5.72435505610386,FALSE
"Q6IBS0","Low_vs_Control_in_HighTemperature",0.200805188792437,7.38936833867464,0.793347597000658,0.428032459864312,0.639373486922317,-5.71834056058781,FALSE
"Q14112","Low_vs_Control_in_HighTemperature",0.12416325574733,10.4174647778282,0.788713229772269,0.430641448045583,0.6426012866778,-5.79596349181935,FALSE
"Q9C075","Low_vs_Control_in_HighTemperature",-0.121586482181208,7.25786873780116,-0.779640199736153,0.436001397168428,0.649923080602418,-5.77348184798078,FALSE
"P69892","Low_vs_Control_in_HighTemperature",-0.219844145479275,10.4876884182868,-0.778382036783907,0.436719857785111,0.65031804368001,-5.77307561572137,FALSE
"P01701","Low_vs_Control_in_HighTemperature",0.194234238035721,12.7768259675304,0.776638776270891,0.437729462034766,0.651145278586986,-5.80266569551818,FALSE
"P05067","Low_vs_Control_in_HighTemperature",0.145483933087593,11.1199488298907,0.773011434709341,0.43986917453409,0.653650151587445,-5.80761801898366,FALSE
"Q9UKN7","Low_vs_Control_in_HighTemperature",-0.101363974803887,11.8195973813472,-0.76993538757334,0.441692218730338,0.655679753270502,-5.80461904038914,FALSE
"Q14C86","Low_vs_Control_in_HighTemperature",0.153269019167416,7.71369536851275,0.768287683881785,0.442696819918423,0.656491457872821,-5.76881422435389,FALSE
"Q15599","Low_vs_Control_in_HighTemperature",-0.115102406888861,6.91723309314914,-0.767413547269906,0.443238521045349,0.656615742953543,-5.75467564111162,FALSE
"Q99895","Low_vs_Control_in_HighTemperature",0.151394754176669,9.29654255500529,0.765765816490974,0.444280557239727,0.657480205450741,-5.68470596383391,FALSE
"P30040","Low_vs_Control_in_HighTemperature",0.172353315693647,7.2167481010568,0.764755841990296,0.444869499718231,0.657510768985031,-5.71162142506252,FALSE
"Q9Y6E0","Low_vs_Control_in_HighTemperature",0.14625791167988,7.23886312609561,0.763770785852579,0.44541174579059,0.657510768985031,-5.73144172890396,FALSE
"P21333","Low_vs_Control_in_HighTemperature",-0.184081846442531,10.0672036214897,-0.76322647136631,0.445676755546339,0.657510768985031,-5.8147625875014,FALSE
"Q14684","Low_vs_Control_in_HighTemperature",0.121176335536221,13.6030460152482,0.759423557128319,0.447964731567627,0.660207014458353,-5.7929818574638,FALSE
"Q9UPN7","Low_vs_Control_in_HighTemperature",-0.136317681288717,6.77480540693753,-0.755369522346336,0.450442226660924,0.663176748492573,-5.7497444422319,FALSE
"P63218","Low_vs_Control_in_HighTemperature",0.14034488533637,9.16578414948582,0.754041368091068,0.45120804718769,0.663622912479126,-5.76257984221338,FALSE
"P08311","Low_vs_Control_in_HighTemperature",0.146175950352804,9.27041425886932,0.748658917409267,0.45440421023944,0.667638972831308,-5.82294671887403,FALSE
"P11413","Low_vs_Control_in_HighTemperature",0.166900551506108,7.27939671100416,0.747052869928377,0.455400830675502,0.66836783938174,-5.78738418150417,FALSE
"P04921","Low_vs_Control_in_HighTemperature",0.126179810025086,8.76917039648236,0.746399591155479,0.455832459494659,0.66836783938174,-5.76103353781981,FALSE
"Q9UJU6","Low_vs_Control_in_HighTemperature",-0.174573116942157,6.95330189901961,-0.744108349123649,0.457224497901858,0.668953323912683,-5.74792811184411,FALSE
"P51149","Low_vs_Control_in_HighTemperature",0.118502584077968,9.32379673727702,0.743831241812566,0.4573180857651,0.668953323912683,-5.82565955809812,FALSE
"Q15389","Low_vs_Control_in_HighTemperature",0.141851834701015,7.65861191198878,0.743364445134798,0.457631248785455,0.668953323912683,-5.77036106646022,FALSE
"Q5TEC6","Low_vs_Control_in_HighTemperature",0.153605647036212,9.2698981014316,0.742709427875126,0.458115807825546,0.668979703077222,-5.70761452250751,FALSE
"O00592","Low_vs_Control_in_HighTemperature",0.113327775821334,12.9048476261429,0.735783218989771,0.46219658986136,0.674252197213825,-5.83431602486653,FALSE
"O43242","Low_vs_Control_in_HighTemperature",0.13986233287734,6.74312567089265,0.733936633406474,0.463417795106416,0.675346664819716,-5.7499213632428,FALSE
"Q9H4B7","Low_vs_Control_in_HighTemperature",-0.194975310724075,9.61681593635641,-0.730045392076812,0.46569530314134,0.677370026288814,-5.83304296996021,FALSE
"P13798","Low_vs_Control_in_HighTemperature",-0.138197273118573,8.14075648618334,-0.729962914447695,0.465750938577943,0.677370026288814,-5.83536552077948,FALSE
"Q13418","Low_vs_Control_in_HighTemperature",-0.143872590154645,9.40625799848527,-0.727293701919995,0.467375537816727,0.679044094457129,-5.840220167743,FALSE
"Q9Y624","Low_vs_Control_in_HighTemperature",0.0979102285325482,8.15987962735892,0.725420299911499,0.46852920103441,0.680031249274639,-5.82783596993768,FALSE
"Q9NSC7","Low_vs_Control_in_HighTemperature",0.141223610760504,7.4451060299164,0.723943907043989,0.469490599342606,0.680619997947835,-5.77000084717822,FALSE
"O14602;P47813","Low_vs_Control_in_HighTemperature",0.139755477924606,7.68609962375143,0.723242734705948,0.469884099001643,0.680619997947835,-5.82299925224092,FALSE
"Q9NR34","Low_vs_Control_in_HighTemperature",0.134779465792517,9.66656180610138,0.721788294652005,0.470783904927762,0.680934507993254,-5.80464464132756,FALSE
"P30085","Low_vs_Control_in_HighTemperature",0.157973579839693,7.35870269773279,0.721477275613546,0.471050928820996,0.680934507993254,-5.74757104627693,FALSE
"P41218","Low_vs_Control_in_HighTemperature",0.213451800065359,7.38365890636647,0.71785231243868,0.473216297850404,0.682670963897275,-5.77933348132546,FALSE
"Q9Y6W5","Low_vs_Control_in_HighTemperature",0.157817439752405,7.00052953994066,0.717398966123201,0.473557890242105,0.682670963897275,-5.70761313982641,FALSE
"Q16543","Low_vs_Control_in_HighTemperature",0.154255170911394,6.63260408707259,0.716537540381764,0.474091042048287,0.682670963897275,-5.72268546721564,FALSE
"Q96P67","Low_vs_Control_in_HighTemperature",-0.17514663448743,10.1279413159114,-0.716415659909888,0.47415640170271,0.682670963897275,-5.74172187363239,FALSE
"Q9NTK5","Low_vs_Control_in_HighTemperature",-0.12499924013504,7.6016897265331,-0.713665839969952,0.475763803720241,0.684298189102132,-5.84427132819965,FALSE
"P26583","Low_vs_Control_in_HighTemperature",0.162156946150438,7.82840264011142,0.711085507696008,0.477408395964066,0.685462985183639,-5.78869585408336,FALSE
"Q99733","Low_vs_Control_in_HighTemperature",-0.142723807645568,9.86440203814338,-0.7101309405634,0.477945887769063,0.685462985183639,-5.84666796812881,FALSE
"P35611","Low_vs_Control_in_HighTemperature",0.182520192481027,7.99141532554212,0.710076532233291,0.478007660518577,0.685462985183639,-5.81377606112972,FALSE
"P05109","Low_vs_Control_in_HighTemperature",0.168764779903617,11.374811309215,0.708257484831541,0.479104835245069,0.686349983757671,-5.85321059914011,FALSE
"P07737","Low_vs_Control_in_HighTemperature",-0.124494484589157,11.2049345835876,-0.705897586732811,0.480570048634767,0.687761925890475,-5.854797055214,FALSE
"P08758","Low_vs_Control_in_HighTemperature",0.127841368661936,7.75782089143804,0.705128340011787,0.481058998078529,0.687775277412373,-5.84468731479946,FALSE
"P55010","Low_vs_Control_in_HighTemperature",0.150092600829543,7.92805363114097,0.702791644821427,0.482565397899596,0.689241813334682,-5.78268811539523,FALSE
"P54105","Low_vs_Control_in_HighTemperature",-0.126476314101739,8.88345626008469,-0.700442173405469,0.483979254893113,0.690573384593756,-5.84781290495571,FALSE
"P08238","Low_vs_Control_in_HighTemperature",0.0839915779375335,12.9432715320142,0.697086226868959,0.486062421727377,0.692856374509999,-5.86067384679845,FALSE
"Q14644","Low_vs_Control_in_HighTemperature",-0.147946132209012,6.77190884778427,-0.695563311957775,0.487067415330323,0.693355117282538,-5.78288920963477,FALSE
"P55072","Low_vs_Control_in_HighTemperature",-0.148882355911844,10.0739114170884,-0.694981578435574,0.487379329303207,0.693355117282538,-5.86206665522054,FALSE
"Q9Y696","Low_vs_Control_in_HighTemperature",-0.0919339593033008,7.4557042370564,-0.692135354629931,0.489171344849276,0.695214775534055,-5.85475656562269,FALSE
"Q9Y251","Low_vs_Control_in_HighTemperature",-0.181030661851085,6.87029089089925,-0.690460649194141,0.490312564384252,0.696146749828731,-5.69012262074068,FALSE
"Q86YZ3","Low_vs_Control_in_HighTemperature",-0.114424208263838,8.67645995600954,-0.687065391581561,0.492351047588568,0.697454315238766,-5.86726650174908,FALSE
"P21980","Low_vs_Control_in_HighTemperature",0.163736104838216,8.04439592981182,0.686767084511397,0.492572905382229,0.697454315238766,-5.80079102676207,FALSE
"Q00610","Low_vs_Control_in_HighTemperature",-0.147655887792645,9.12320043005344,-0.686521072326071,0.492692622968528,0.697454315238766,-5.86762321444247,FALSE
"P22223","Low_vs_Control_in_HighTemperature",0.223389097596066,8.65041872519632,0.682707562716267,0.495149651353382,0.700241222919872,-5.80525691447702,FALSE
"P60953","Low_vs_Control_in_HighTemperature",0.0919958628203581,8.81779652149071,0.680953544951697,0.496206600035338,0.700428393000652,-5.87124208479539,FALSE
"Q14847","Low_vs_Control_in_HighTemperature",0.115215446135455,9.02204958378558,0.680870843781871,0.496258889322638,0.700428393000652,-5.87129562788116,FALSE
"P17931","Low_vs_Control_in_HighTemperature",0.108001699222538,6.55829085477536,0.680105941613509,0.496818829998863,0.700529205721111,-5.75015073644638,FALSE
"P50570","Low_vs_Control_in_HighTemperature",0.11565118538685,6.65494469450126,0.678373111727114,0.497863721261077,0.700907836415084,-5.83852391476433,FALSE
"P09211","Low_vs_Control_in_HighTemperature",0.130977545677832,7.87489232359477,0.678026768805989,0.498064913045307,0.700907836415084,-5.85853618406252,FALSE
"P28838","Low_vs_Control_in_HighTemperature",0.15687164769462,6.70490601472667,0.676999120706044,0.498759417033821,0.701197062771078,-5.79136938678331,FALSE
"P68363","Low_vs_Control_in_HighTemperature",-0.130887488530743,10.5568844341365,-0.673453841612826,0.500959799833326,0.703600737474034,-5.87607182576729,FALSE
"O14773","Low_vs_Control_in_HighTemperature",0.139787977434485,8.02494242399888,0.671319855533165,0.50240085098468,0.70408654661201,-5.72823188534475,FALSE
"P16452","Low_vs_Control_in_HighTemperature",0.18530478637396,8.99437211444583,0.670417699301031,0.502894088489432,0.70408654661201,-5.87800855792368,FALSE
"Q96AP7","Low_vs_Control_in_HighTemperature",-0.18830599938783,6.7068927779864,-0.670367317498402,0.503037864853742,0.70408654661201,-5.68765972843681,FALSE
"P30626","Low_vs_Control_in_HighTemperature",0.1457774547804,7.82879556951052,0.669943237450619,0.503269672438849,0.70408654661201,-5.75295480524857,FALSE
"P62979","Low_vs_Control_in_HighTemperature",0.0923680647503673,11.3767942276717,0.668472943812008,0.504130336287835,0.704603218554342,-5.87924956395673,FALSE
"Q96QA5","Low_vs_Control_in_HighTemperature",0.110609807149798,7.1422924544885,0.66537317083926,0.506210693497824,0.706821942040779,-5.81436810720166,FALSE
"P84077","Low_vs_Control_in_HighTemperature",0.101655908137198,10.1061140627285,0.663803616016766,0.507112160046428,0.7073866152605,-5.88220714124715,FALSE
"P62328","Low_vs_Control_in_HighTemperature",-0.126622601109874,11.2201941674369,-0.663042033086792,0.507601692540484,0.7073866152605,-5.87660739801112,FALSE
"Q9UQ80","Low_vs_Control_in_HighTemperature",0.149660072908,7.93606537660454,0.660529215742946,0.509223056557007,0.708957148643445,-5.87051847866299,FALSE
"P04439","Low_vs_Control_in_HighTemperature",0.0795668574469381,10.265000122105,0.656567770038581,0.511751250655681,0.711785929621966,-5.88674948218823,FALSE
"Q96TC7","Low_vs_Control_in_HighTemperature",0.115166624169562,7.97399534146207,0.65373221398581,0.513606400970846,0.713002202275737,-5.83612847088576,FALSE
"P53396","Low_vs_Control_in_HighTemperature",0.156630676539606,7.43840067258746,0.653701417142528,0.513620135948979,0.713002202275737,-5.85729135772052,FALSE
"Q15691","Low_vs_Control_in_HighTemperature",-0.170439106882411,7.53935632871841,-0.650385356110333,0.515792647102869,0.714753264220859,-5.78503589645566,FALSE
"P0DPH7;P0DPH8","Low_vs_Control_in_HighTemperature",-0.134941752868135,11.0208180644804,-0.650159236114913,0.515878402000411,0.714753264220859,-5.89073097350347,FALSE
"P62942","Low_vs_Control_in_HighTemperature",-0.102885632570602,7.93440616698103,-0.649382462890361,0.516396360161414,0.714780290030374,-5.86647932084952,FALSE
"P0DMV8;P0DMV9","Low_vs_Control_in_HighTemperature",0.0957741713516942,9.49332050639304,0.646654663104092,0.518142680150671,0.716385143667297,-5.89289180392498,FALSE
"Q8WUM4","Low_vs_Control_in_HighTemperature",0.130851768035475,10.5002343077627,0.64538956889581,0.518961312173936,0.716385143667297,-5.8936689647337,FALSE
"P20339","Low_vs_Control_in_HighTemperature",0.0854183096023888,9.18241647617759,0.644686469394779,0.519417683460737,0.716385143667297,-5.89108286879984,FALSE
"O60704","Low_vs_Control_in_HighTemperature",0.0804240517616446,8.00567400083972,0.644483772466102,0.519554079089253,0.716385143667297,-5.88891690542231,FALSE
"Q96CW1","Low_vs_Control_in_HighTemperature",0.111824201028344,7.08710187003821,0.643166632311351,0.52044316578231,0.716921709636727,-5.83073900252826,FALSE
"Q13200","Low_vs_Control_in_HighTemperature",0.120545251304695,7.62333599892934,0.640569440294077,0.522109051113391,0.718343383285203,-5.86764282820436,FALSE
"Q9UL25","Low_vs_Control_in_HighTemperature",0.109534733792255,6.81827425329881,0.640116444911866,0.522477091190005,0.718343383285203,-5.7392641098559,FALSE
"Q9UBS4","Low_vs_Control_in_HighTemperature",0.122222082632848,6.91900621964598,0.635737490311145,0.525321774171847,0.721324007650749,-5.71682341878207,FALSE
"Q5HYC2","Low_vs_Control_in_HighTemperature",0.124810087221746,9.47835725320824,0.634691792901418,0.525932746306418,0.721324007650749,-5.86569154973747,FALSE
"O60844","Low_vs_Control_in_HighTemperature",0.107388054677355,7.235629263586,0.6340074188265,0.526455866254466,0.721324007650749,-5.83252628895486,FALSE
"P78371","Low_vs_Control_in_HighTemperature",0.116062555788802,7.32778451365005,0.633562257520678,0.526657068347513,0.721324007650749,-5.88938094533046,FALSE
"Q8NBJ7","Low_vs_Control_in_HighTemperature",0.107585872092003,7.97717781860112,0.631776307462764,0.527877128164799,0.721788045067245,-5.74881728842702,FALSE
"Q8IXL6","Low_vs_Control_in_HighTemperature",0.0981825185100895,8.09675335251955,0.63150528363891,0.528002551796053,0.721788045067245,-5.89506492978159,FALSE
"Q92930","Low_vs_Control_in_HighTemperature",-0.0982996713697997,7.01645269655356,-0.630257168176396,0.528858369224338,0.721919385531351,-5.80377279726671,FALSE
"P10619","Low_vs_Control_in_HighTemperature",-0.121670184320052,6.73039017605738,-0.62992923882072,0.529105491069351,0.721919385531351,-5.7600684789616,FALSE
"O15144","Low_vs_Control_in_HighTemperature",-0.136713624241088,8.186134411709,-0.627962218060583,0.530319716439369,0.722888282674958,-5.88178913992419,FALSE
"Q7Z5L7","Low_vs_Control_in_HighTemperature",0.0949849446094557,7.23146187714848,0.627202458287121,0.530871800394823,0.722953619910898,-5.83055042352385,FALSE
"Q8NI51","Low_vs_Control_in_HighTemperature",-0.18160351112226,12.5696084430357,-0.625708713826459,0.531797000788818,0.723526469763914,-5.8703793234344,FALSE
"Q14254","Low_vs_Control_in_HighTemperature",0.107568419900693,7.84812861760817,0.622270709639048,0.534042761370057,0.725893194127641,-5.89760251994462,FALSE
"P29508","Low_vs_Control_in_HighTemperature",0.124352473878128,7.94705885421987,0.609178929598915,0.54270818212326,0.736973042769654,-5.88721875848698,FALSE
"Q9Y566","Low_vs_Control_in_HighTemperature",-0.0770579930186575,13.2234153508551,-0.605749079884138,0.544990513617809,0.739372182145637,-5.84196745671851,FALSE
"P08670","Low_vs_Control_in_HighTemperature",0.136235613618034,8.5443285117258,0.604034980979876,0.546087627773415,0.740160357492512,-5.91291985882495,FALSE
"P00491","Low_vs_Control_in_HighTemperature",-0.120266722004423,8.51993224103917,-0.602448406565522,0.547140568315839,0.740887228484338,-5.91914653862331,FALSE
"P18085","Low_vs_Control_in_HighTemperature",0.103805959716293,7.63248820760927,0.600062054744734,0.548786525756895,0.742414979184328,-5.81852303089733,FALSE
"O60234","Low_vs_Control_in_HighTemperature",-0.129911064793013,7.33468514488591,-0.59837068725274,0.549935946454322,0.742839122471314,-5.8078502014971,FALSE
"P12955","Low_vs_Control_in_HighTemperature",0.118899156432592,6.63270649251086,0.597877465456331,0.550282998404529,0.742839122471314,-5.82554565472706,FALSE
"P07477","Low_vs_Control_in_HighTemperature",0.101699328045148,11.7153669213911,0.59717675798107,0.55065410543027,0.742839122471314,-5.91450523484291,FALSE
"P50991","Low_vs_Control_in_HighTemperature",0.135999652527017,8.07318497551057,0.596214470770481,0.551303638728789,0.743016370241619,-5.9057402068224,FALSE
"Q12907","Low_vs_Control_in_HighTemperature",0.0632261800868488,9.51970807583091,0.594326805643905,0.552556293328079,0.744005375241751,-5.92074046067536,FALSE
"P28676","Low_vs_Control_in_HighTemperature",0.129664651550605,8.26663125603346,0.591714979872572,0.554334331744052,0.745352878463245,-5.87163701765783,FALSE
"Q13526","Low_vs_Control_in_HighTemperature",-0.112083204397752,8.50291568798007,-0.59136622013241,0.554596597852358,0.745352878463245,-5.87088232086652,FALSE
"Q9NZT1","Low_vs_Control_in_HighTemperature",-0.107498958759498,10.0037100961864,-0.589283619403733,0.555931677895784,0.746447589983665,-5.9235775181241,FALSE
"Q16401","Low_vs_Control_in_HighTemperature",-0.104441686299277,6.83479155289181,-0.587309873536967,0.557287210892582,0.747567689822229,-5.88722802554,FALSE
"Q9NPA2","Low_vs_Control_in_HighTemperature",0.134561532961188,8.9381816023975,0.585916227628484,0.558249119397844,0.747775568840677,-5.79924197080995,FALSE
"P00746","Low_vs_Control_in_HighTemperature",0.0873759006453909,12.1788872745757,0.585308708846978,0.558595751911788,0.747775568840677,-5.92882757613942,FALSE
"P01116","Low_vs_Control_in_HighTemperature",0.0936589472523481,8.09842352474422,0.584472436595705,0.559218899464667,0.747775568840677,-5.85660132388576,FALSE
"Q6X4W1","Low_vs_Control_in_HighTemperature",0.167709329913407,10.9331176444031,0.583425230267002,0.559911136739311,0.747775568840677,-5.8168930100775,FALSE
"P02655","Low_vs_Control_in_HighTemperature",-0.0636214984654089,16.9610412985901,-0.582542991850612,0.560455174501415,0.747775568840677,-5.93036351334018,FALSE
"P42025","Low_vs_Control_in_HighTemperature",0.127655241752601,8.33137849152856,0.582470736005914,0.560570945957969,0.747775568840677,-5.78362515139402,FALSE
"P23229","Low_vs_Control_in_HighTemperature",0.0793548926625967,9.94467402587353,0.580851823606122,0.561593645579207,0.748173833281583,-5.9312991220481,FALSE
"Q7Z794","Low_vs_Control_in_HighTemperature",0.232750877951203,11.3088899295884,0.580065991434699,0.562128029498148,0.748173833281583,-5.93172792051906,FALSE
"P31939","Low_vs_Control_in_HighTemperature",0.113386306559425,6.79865240397173,0.579218119667149,0.562732111513111,0.748173833281583,-5.86763854291701,FALSE
"Q14974","Low_vs_Control_in_HighTemperature",0.109535278725924,7.21598189421336,0.57815578217284,0.563421043379176,0.748173833281583,-5.92275090088145,FALSE
"P07602","Low_vs_Control_in_HighTemperature",0.0794183272712772,8.9549864304446,0.577384875655749,0.563941175615719,0.748173833281583,-5.92373008485115,FALSE
"Q7L576","Low_vs_Control_in_HighTemperature",-0.108072440157067,7.06837324067094,-0.577309044260695,0.563999939872657,0.748173833281583,-5.90114291928159,FALSE
"P06454","Low_vs_Control_in_HighTemperature",0.0686114448989397,10.8460514353362,0.576005912314817,0.564864494059974,0.748536707811779,-5.93093332336712,FALSE
"P02649","Low_vs_Control_in_HighTemperature",0.050943459861795,16.5870912448175,0.575331744179493,0.565317471799272,0.748536707811779,-5.93433410404293,FALSE
"O00232","Low_vs_Control_in_HighTemperature",-0.114778548373367,7.37854505275025,-0.570361111338774,0.568721592142706,0.752248729040873,-5.87584865984806,FALSE
"P16671","Low_vs_Control_in_HighTemperature",0.102919173403073,9.12073590880154,0.56802747504491,0.570265049354817,0.752248729040873,-5.93364307507144,FALSE
"B2RUZ4","Low_vs_Control_in_HighTemperature",0.0929395089276621,8.67495919405473,0.568026095804065,0.570302095694413,0.752248729040873,-5.86905829227421,FALSE
"P50225","Low_vs_Control_in_HighTemperature",-0.129187570721605,7.33280831682041,-0.567981842576501,0.570342674094246,0.752248729040873,-5.85685150324317,FALSE
"P17980","Low_vs_Control_in_HighTemperature",0.118685082866285,7.51954974829819,0.56733763458831,0.570743805576339,0.752248729040873,-5.91216896086249,FALSE
"P68036","Low_vs_Control_in_HighTemperature",-0.0999829064807454,7.55258159740409,-0.565159023215023,0.572264112834911,0.753559906157265,-5.88257132541948,FALSE
"P07384","Low_vs_Control_in_HighTemperature",0.0748246361089429,10.3337772026497,0.562626867750702,0.573933073846018,0.755064245775403,-5.94120937954416,FALSE
"P61026","Low_vs_Control_in_HighTemperature",0.161377907063049,10.9448482472608,0.561608283961402,0.574626501989886,0.755283596565991,-5.94175394990124,FALSE
"P68366","Low_vs_Control_in_HighTemperature",-0.131843044366091,10.3547113227835,-0.559567153312485,0.576017721826237,0.756418876464125,-5.94284177693881,FALSE
"Q6KB66","Low_vs_Control_in_HighTemperature",0.138240622805164,9.52359920940855,0.557812796071263,0.577223101079142,0.756918556300315,-5.94073293080353,FALSE
"P52565","Low_vs_Control_in_HighTemperature",-0.0780484506283452,7.87582076481497,-0.557477580517422,0.577453905573602,0.756918556300315,-5.93011604463529,FALSE
"P62330","Low_vs_Control_in_HighTemperature",-0.0747725365774787,8.08857331803925,-0.555533062005591,0.578798093880402,0.757987640752964,-5.91086472465151,FALSE
"O95810","Low_vs_Control_in_HighTemperature",-0.144880877629282,8.6981532830752,-0.550789279328182,0.58202047360289,0.761043771122686,-5.94214149262814,FALSE
"Q08188","Low_vs_Control_in_HighTemperature",-0.0988969407893254,8.36275662906343,-0.550546492057398,0.582193177769586,0.761043771122686,-5.94528008401688,FALSE
"Q5QJ74","Low_vs_Control_in_HighTemperature",-0.124418484355481,8.63125110941578,-0.548212048591455,0.583842809928387,0.762440132008219,-5.90263067973365,FALSE
"Q13642","Low_vs_Control_in_HighTemperature",-0.120682969451515,9.01164399220687,-0.547232120419446,0.584477056375604,0.762440132008219,-5.88204584483672,FALSE
"P05387","Low_vs_Control_in_HighTemperature",0.0777089802442763,8.69342973546772,0.54595218399152,0.585337734133873,0.762440132008219,-5.93927274151092,FALSE
"P52566","Low_vs_Control_in_HighTemperature",0.0981745950368591,8.90501773137236,0.545878811614517,0.585388134826395,0.762440132008219,-5.94700072456596,FALSE
"P05121","Low_vs_Control_in_HighTemperature",0.102432696417737,7.57330559321297,0.542784919019688,0.587556802219445,0.764497734323335,-5.81153518628407,FALSE
"P26641","Low_vs_Control_in_HighTemperature",-0.118372778343224,7.35215954676175,-0.541912688199761,0.588131400063165,0.764497734323335,-5.92613212054674,FALSE
"Q07960","Low_vs_Control_in_HighTemperature",0.0917180799883965,7.91996207824323,0.541258606804796,0.588567293370266,0.764497734323335,-5.94315536220372,FALSE
"Q9H1B5","Low_vs_Control_in_HighTemperature",0.085517718343592,8.72378670887137,0.539584492145195,0.589716118378325,0.76526428413667,-5.95328759885548,FALSE
"Q96P63","Low_vs_Control_in_HighTemperature",0.101393797703714,8.7873251422855,0.538131429019488,0.590728401573288,0.76526428413667,-5.94475350640868,FALSE
"P08779","Low_vs_Control_in_HighTemperature",-0.137025070957661,10.4071294344381,-0.537894996979141,0.590885309757182,0.76526428413667,-5.95111354785843,FALSE
"Q9NZN3","Low_vs_Control_in_HighTemperature",0.0871193756985882,8.93137232727097,0.537301523333904,0.591292068914526,0.76526428413667,-5.95141959932758,FALSE
"Q9UBW5","Low_vs_Control_in_HighTemperature",-0.130969210085245,7.51938385184701,-0.535801862781957,0.59236284564613,0.765958810330523,-5.89831171342077,FALSE
"Q96JP9","Low_vs_Control_in_HighTemperature",0.0822912050672873,6.72370087527936,0.534175439772953,0.593505795539417,0.766745325048219,-5.83959483433616,FALSE
"P35749","Low_vs_Control_in_HighTemperature",-0.1551975266177,9.52261335525981,-0.532955017501783,0.594369386016579,0.767169846577654,-5.81452234053319,FALSE
"Q99497","Low_vs_Control_in_HighTemperature",-0.101705501547977,8.74573045486422,-0.530641469716627,0.595910352974965,0.768467127847213,-5.94163619076912,FALSE
"P63010","Low_vs_Control_in_HighTemperature",0.0937133207699334,6.62330822243929,0.527847602307385,0.597857676093447,0.770285631193174,-5.91042506918051,FALSE
"Q05682","Low_vs_Control_in_HighTemperature",-0.12511704475148,7.03747676900579,-0.526942163793248,0.598489675974742,0.770407715752047,-5.90350115101645,FALSE
"P55209","Low_vs_Control_in_HighTemperature",-0.0965672632528971,10.0879312476909,-0.525259380244443,0.599629137815249,0.771182227468222,-5.95750346167125,FALSE
"P48426","Low_vs_Control_in_HighTemperature",-0.103924396106528,7.41857740103592,-0.521558711363297,0.602221444482514,0.773822178663016,-5.91114151216747,FALSE
"P18206","Low_vs_Control_in_HighTemperature",-0.116880202745078,9.12417010865966,-0.514944729201633,0.606811910130451,0.779022631268636,-5.96564504110978,FALSE
"P63241","Low_vs_Control_in_HighTemperature",-0.100001736658854,9.35695464664387,-0.504423872188203,0.614178634578538,0.787774742384279,-5.97074576731638,FALSE
"Q06033","Low_vs_Control_in_HighTemperature",0.0541349375943199,17.8933602998174,0.501612508023615,0.616153828820877,0.788609112783403,-5.97209096593406,FALSE
"P22061","Low_vs_Control_in_HighTemperature",0.062789782014228,8.69819217236332,0.500903392005759,0.61665247732777,0.788609112783403,-5.9724290819541,FALSE
"O00560","Low_vs_Control_in_HighTemperature",0.0818614306451888,9.43287317694142,0.500476483218873,0.616957400320874,0.788609112783403,-5.95951423676978,FALSE
"P30043","Low_vs_Control_in_HighTemperature",0.109622164894205,9.76574747147828,0.500351833284039,0.617040454630461,0.788609112783403,-5.97269174216738,FALSE
"P07203","Low_vs_Control_in_HighTemperature",0.0896423156555066,8.65944250607567,0.499590276456223,0.617578824027728,0.788609112783403,-5.96770519646516,FALSE
"P06753","Low_vs_Control_in_HighTemperature",0.0970802205471983,9.83851199696445,0.498431310713306,0.618394716773617,0.788948419798369,-5.96204107381414,FALSE
"Q9UBU3","Low_vs_Control_in_HighTemperature",0.0941681826019281,8.79786820446748,0.496621164223376,0.61972072842911,0.789937355170973,-5.77866374421771,FALSE
"P28066","Low_vs_Control_in_HighTemperature",-0.0821570270964971,7.44009016251131,-0.49257892993131,0.622540864973457,0.792827353793905,-5.94657246259025,FALSE
"Q96L46","Low_vs_Control_in_HighTemperature",0.0702214183007257,10.8305739398195,0.491467045915937,0.623305716576234,0.793097069716344,-5.97688221679068,FALSE
"P07947","Low_vs_Control_in_HighTemperature",-0.0755744740860127,8.41154250434541,-0.489480521258314,0.624713844694114,0.794184089797304,-5.97166505658773,FALSE
"Q9BXT2","Low_vs_Control_in_HighTemperature",0.0852128167222173,8.77237096449732,0.483955886842672,0.628689110711068,0.798445378876237,-5.80209835339241,FALSE
"P17987","Low_vs_Control_in_HighTemperature",0.0989718231738133,7.29588099044236,0.483192732877401,0.629179412922,0.798445378876237,-5.93949413364413,FALSE
"Q7L9L4","Low_vs_Control_in_HighTemperature",-0.102300163439632,7.19129141736628,-0.479907622671163,0.631562413207068,0.80057156012962,-5.86215994354743,FALSE
"P29350","Low_vs_Control_in_HighTemperature",0.0944816206267625,7.76326312547704,0.478556044873429,0.632470343366379,0.80057156012962,-5.96106340207928,FALSE
"Q04695","Low_vs_Control_in_HighTemperature",0.11852679685764,9.33565938997994,0.478352064337646,0.632607251379523,0.80057156012962,-5.97678388604953,FALSE
"P08567","Low_vs_Control_in_HighTemperature",-0.107508349897182,9.21616802320604,-0.477670509673949,0.633087970144344,0.80057156012962,-5.98324145315969,FALSE
"P26447","Low_vs_Control_in_HighTemperature",0.0709529450762947,10.5362318613705,0.476182112478021,0.634145975483945,0.801111916072481,-5.98391780263128,FALSE
"P67936","Low_vs_Control_in_HighTemperature",-0.122894190493474,9.97488390188142,-0.475499206954182,0.634632591811951,0.801111916072481,-5.98422657041536,FALSE
"Q15084","Low_vs_Control_in_HighTemperature",-0.0894444023591419,7.75158321354771,-0.474539040120651,0.635325447458259,0.801281171200654,-5.97215003251493,FALSE
"P05089","Low_vs_Control_in_HighTemperature",-0.0827612801399074,9.06051742196426,-0.472088445062631,0.637066951985998,0.802771537036838,-5.98271452174853,FALSE
"Q00013","Low_vs_Control_in_HighTemperature",0.0963409309269032,8.71954982252292,0.470029229076122,0.63853641556375,0.803916786583334,-5.97824525461485,FALSE
"Q9C0C9","Low_vs_Control_in_HighTemperature",-0.0978675833766545,8.5368587714068,-0.467418036293699,0.640399081583329,0.805554634202187,-5.98785024120966,FALSE
"Q96C19","Low_vs_Control_in_HighTemperature",0.0824167422710085,6.99234140103155,0.466441044597738,0.641142501147435,0.805782950609484,-5.91958963463351,FALSE
"P37235","Low_vs_Control_in_HighTemperature",0.0933597481243016,7.08199605951673,0.46526993223488,0.641974489184599,0.805880449315992,-5.87809237466985,FALSE
"Q13421","Low_vs_Control_in_HighTemperature",-0.0819933570102274,7.37967474212312,-0.464564031440651,0.642482395702355,0.805880449315992,-5.82292577933076,FALSE
"P30048","Low_vs_Control_in_HighTemperature",0.109774130407442,7.14800510076298,0.463986112369291,0.642906020932702,0.805880449315992,-5.88677701011914,FALSE
"Q14697","Low_vs_Control_in_HighTemperature",0.0547427941452092,9.82950310667084,0.45913579545007,0.646329790620416,0.809464558733342,-5.99150140684357,FALSE
"Q5JWF2","Low_vs_Control_in_HighTemperature",0.0880405224423786,6.94996853826182,0.456104828297144,0.648542970544505,0.811073403339496,-5.85564647169549,FALSE
"Q99439","Low_vs_Control_in_HighTemperature",-0.111940320218006,7.57163938586845,-0.45581289290867,0.648745602252721,0.811073403339496,-5.9279468553155,FALSE
"Q13442","Low_vs_Control_in_HighTemperature",0.0768657137827136,7.97367611117942,0.453324708011396,0.65055042241588,0.812621346467224,-5.90616552684446,FALSE
"P23528","Low_vs_Control_in_HighTemperature",-0.0832411486441416,10.7042326867001,-0.450798446709226,0.652323979800677,0.813213385934761,-5.99510996914368,FALSE
"Q86VP6","Low_vs_Control_in_HighTemperature",-0.0750129782004922,7.89533963043312,-0.450710630166609,0.652387236946667,0.813213385934761,-5.99514762617263,FALSE
"P52907","Low_vs_Control_in_HighTemperature",-0.072803175948172,9.00731496348031,-0.450242395087426,0.652725667511095,0.813213385934761,-5.99229807960376,FALSE
"Q9H0U4","Low_vs_Control_in_HighTemperature",-0.0693970248884863,9.08255893679801,-0.447841875875567,0.654455071811525,0.814660219598721,-5.99637375922157,FALSE
"O95373","Low_vs_Control_in_HighTemperature",-0.0837288993099019,9.14071552601856,-0.444778921294371,0.656666915264854,0.816704558967737,-5.99462331321009,FALSE
"P24158","Low_vs_Control_in_HighTemperature",-0.143023361024461,7.73847548064312,-0.438458701880161,0.661300643914204,0.820992704797678,-5.86633331792892,FALSE
"Q9ULF5","Low_vs_Control_in_HighTemperature",0.1246767654892,9.85140039964801,0.438080487015469,0.661526849973587,0.820992704797678,-5.97183765632894,FALSE
"P24592","Low_vs_Control_in_HighTemperature",0.0558772742587887,9.98929400783351,0.436867829776465,0.662390113041425,0.820992704797678,-6.00099166418291,FALSE
"P04259","Low_vs_Control_in_HighTemperature",0.0535368692039704,14.4216868862115,0.43684700445412,0.66240485317358,0.820992704797678,-6.0010006254088,FALSE
"P62736","Low_vs_Control_in_HighTemperature",-0.083658806349769,11.2847387127707,-0.434224421648637,0.664306789041065,0.822638977102666,-6.00208728744217,FALSE
"P49327","Low_vs_Control_in_HighTemperature",0.12887076668355,7.08327880230474,0.432483812462297,0.665613615951059,0.823546096008472,-5.90914190524405,FALSE
"P31944","Low_vs_Control_in_HighTemperature",0.0790166087792077,9.47451305658791,0.430954823567664,0.666688604166227,0.824165050322732,-6.00342635420573,FALSE
"P06702","Low_vs_Control_in_HighTemperature",0.0964079991000055,11.6268807621307,0.424536377396384,0.671351438082525,0.827401599245817,-6.00604482022491,FALSE
"Q8WVV4","Low_vs_Control_in_HighTemperature",0.0777004779669745,7.01356387567245,0.424233615266009,0.671606836283985,0.827401599245817,-5.94967100928547,FALSE
"O43681","Low_vs_Control_in_HighTemperature",0.0951094048731038,7.46445632411487,0.422068774338694,0.673183065486829,0.827401599245817,-5.95897792479082,FALSE
"P29144","Low_vs_Control_in_HighTemperature",0.101265361828347,7.35716424315122,0.42201696134872,0.673231927288469,0.827401599245817,-5.89742606035319,FALSE
"P21589","Low_vs_Control_in_HighTemperature",0.0577000462581063,7.1587932737054,0.421996048325223,0.673235631147727,0.827401599245817,-5.89697462603004,FALSE
"Q9UI15","Low_vs_Control_in_HighTemperature",-0.0999231717921507,8.40302724159308,-0.42143136666869,0.673652895024307,0.827401599245817,-5.92257848117995,FALSE
"P28074","Low_vs_Control_in_HighTemperature",-0.0785123553156941,7.05004282176703,-0.420892888339917,0.674047277262843,0.827401599245817,-5.95247604142381,FALSE
"Q14766","Low_vs_Control_in_HighTemperature",0.0872936042644969,12.3736337899634,0.420743276863967,0.674117537897986,0.827401599245817,-6.00756998248834,FALSE
"Q15366","Low_vs_Control_in_HighTemperature",0.0826766494472935,7.52903571261691,0.419753424623323,0.67486655962912,0.827401599245817,-5.93480333380238,FALSE
"Q93084","Low_vs_Control_in_HighTemperature",-0.132456989222451,8.0537459617487,-0.419488264372705,0.675076618631524,0.827401599245817,-5.88074673642982,FALSE
"P54920","Low_vs_Control_in_HighTemperature",0.0642084728713765,8.24123071567744,0.413025897317042,0.679761719312083,0.832432370190885,-5.99902161421492,FALSE
"P07948","Low_vs_Control_in_HighTemperature",0.104995097143027,8.1577435236341,0.405962383516822,0.684960848428319,0.837407451143675,-5.95888182524599,FALSE
"Q15942","Low_vs_Control_in_HighTemperature",-0.104496037876011,9.18954328451678,-0.405890262876042,0.684992287441793,0.837407451143675,-6.00724567307818,FALSE
"P02730","Low_vs_Control_in_HighTemperature",0.0999536990889371,12.6738209139273,0.403778751164983,0.686542519482029,0.838196025493553,-6.01422383016153,FALSE
"P08519","Low_vs_Control_in_HighTemperature",0.079122049102871,16.033889218948,0.402051917499096,0.6878121162184,0.838196025493553,-6.01488578743,FALSE
"P45974","Low_vs_Control_in_HighTemperature",0.0784247241469513,8.16209353383466,0.401444444689784,0.688262226834648,0.838196025493553,-6.01278451338839,FALSE
"P15090","Low_vs_Control_in_HighTemperature",0.0595522454552198,7.59543334074799,0.401352387351166,0.68834889082248,0.838196025493553,-5.97192068214881,FALSE
"P54578","Low_vs_Control_in_HighTemperature",0.0815771495759696,8.16321289748288,0.401045865865273,0.688559914945192,0.838196025493553,-5.99021006236877,FALSE
"Q9UL46","Low_vs_Control_in_HighTemperature",0.0586407032924914,7.71556122699062,0.4000288879807,0.689304201175499,0.838390351556968,-6.00247978449982,FALSE
"P14317","Low_vs_Control_in_HighTemperature",0.0703295403833373,8.04423335014254,0.397415050676453,0.69122914921481,0.839999784613282,-6.01194640363332,FALSE
"P15924","Low_vs_Control_in_HighTemperature",-0.0762748636958612,10.1590568985184,-0.396636972499756,0.691798985793784,0.839999784613282,-6.01694314544137,FALSE
"P04083","Low_vs_Control_in_HighTemperature",0.068866895815046,7.6654557926834,0.392209186958071,0.695066685358129,0.843253491373568,-6.01554688546625,FALSE
"P08514","Low_vs_Control_in_HighTemperature",-0.0632268835054539,12.1339082171125,-0.391043957995773,0.695925975941453,0.843582290363519,-6.01903888981439,FALSE
"P30273","Low_vs_Control_in_HighTemperature",0.0557756488149046,8.26531640914818,0.3890379099732,0.697417600549518,0.843638325480086,-5.98164840122244,FALSE
"Q16643","Low_vs_Control_in_HighTemperature",0.0875694858058562,6.81571424336733,0.388530472092316,0.697830446113531,0.843638325480086,-5.91679014033839,FALSE
"P61224","Low_vs_Control_in_HighTemperature",-0.0665113803075457,12.4679114084468,-0.38820743179057,0.698022466277397,0.843638325480086,-6.02009038995974,FALSE
"P00352","Low_vs_Control_in_HighTemperature",-0.0899346411191724,7.67142346273146,-0.387369820863211,0.69865358421799,0.843638325480086,-5.97228522758519,FALSE
"P04075","Low_vs_Control_in_HighTemperature",-0.0654162624437529,9.79401082826091,-0.385519839149238,0.700011013934067,0.843638325480086,-6.02107962204083,FALSE
"P50995","Low_vs_Control_in_HighTemperature",-0.0977381241569333,7.01481876405097,-0.385509045585549,0.700074011689739,0.843638325480086,-5.86194177549849,FALSE
"P01111","Low_vs_Control_in_HighTemperature",-0.0538519964429103,8.94936450537555,-0.385415571991841,0.700090381674548,0.843638325480086,-6.01641394946689,FALSE
"Q9NT62","Low_vs_Control_in_HighTemperature",0.0572688439050104,7.65226404282489,0.382709048379246,0.702103317275108,0.845353616265748,-6.01129051357878,FALSE
"P07738","Low_vs_Control_in_HighTemperature",0.113609835838613,8.43357348372746,0.378018526752157,0.705588383000847,0.848837031227529,-5.97317071274854,FALSE
"Q96FZ7","Low_vs_Control_in_HighTemperature",-0.0699527472527688,7.3122441123634,-0.376998505855756,0.706375354843608,0.84907146592266,-5.90178427997794,FALSE
"P29992","Low_vs_Control_in_HighTemperature",-0.0645336449931229,7.57597920492043,-0.372594171744801,0.709612087941743,0.852247683507923,-5.98346533269151,FALSE
"O75368","Low_vs_Control_in_HighTemperature",-0.0721069058243238,7.35854027388178,-0.370374869888585,0.711275333142821,0.853530399771385,-5.98508952504347,FALSE
"O75351","Low_vs_Control_in_HighTemperature",0.0637722329566079,7.1122370299092,0.366272821814427,0.714340581368381,0.856491967961754,-5.93925570995651,FALSE
"Q9UHC1","Low_vs_Control_in_HighTemperature",-0.0971310947446433,9.53295375279099,-0.363997789211919,0.716029651640572,0.857350229564013,-6.00686430977593,FALSE
"Q8WXI7","Low_vs_Control_in_HighTemperature",0.0698956434947799,6.78949711173761,0.36371754198314,0.716252144363799,0.857350229564013,-5.94853723604856,FALSE
"P13647","Low_vs_Control_in_HighTemperature",-0.0680318600195395,12.5492825171657,-0.360872558000812,0.718342247757189,0.85913493184638,-6.02983131569266,FALSE
"O75347","Low_vs_Control_in_HighTemperature",0.0785096179845057,7.5960979704737,0.351757084913973,0.725205874204102,0.866621019673901,-5.92015644418511,FALSE
"P07996","Low_vs_Control_in_HighTemperature",-0.0604529417087321,16.5819902692783,-0.349978924314768,0.72649716139338,0.867441240164951,-6.03351531091336,FALSE
"P19013","Low_vs_Control_in_HighTemperature",-0.0585867763614765,12.9792234996586,-0.348108426898304,0.727900842854727,0.867921094240591,-6.03413631840385,FALSE
"Q9Y2V2","Low_vs_Control_in_HighTemperature",0.0688899708189288,8.03937772624514,0.347848020468843,0.728109537218571,0.867921094240591,-6.00990220220496,FALSE
"P46459","Low_vs_Control_in_HighTemperature",0.0763080567101202,7.17099264976762,0.346565660961955,0.729070613143311,0.868344899707233,-6.00291156457791,FALSE
"P51665","Low_vs_Control_in_HighTemperature",0.0779346130030314,7.01936624419572,0.343663838917312,0.731295070473344,0.870271478057075,-5.89513462882813,FALSE
"P06744","Low_vs_Control_in_HighTemperature",0.0844343171811532,7.33467484437811,0.338599721422572,0.735067980523681,0.873467654970509,-5.97661090623966,FALSE
"Q00839","Low_vs_Control_in_HighTemperature",0.0537467282254065,7.64242738189921,0.337582913963306,0.735821918739819,0.873467654970509,-6.01443598339054,FALSE
"P69891","Low_vs_Control_in_HighTemperature",-0.0887654819466945,17.4526143943947,-0.337076409285993,0.736196209164454,0.873467654970509,-6.03773267248282,FALSE
"O95714","Low_vs_Control_in_HighTemperature",0.159439388389753,10.0526848703015,0.335653782493143,0.737310816612074,0.873467654970509,-5.97629695987563,FALSE
"Q9NP72","Low_vs_Control_in_HighTemperature",0.0660563744888227,6.85917119828735,0.335392005591113,0.737513718446611,0.873467654970509,-5.86960313632589,FALSE
"P40197","Low_vs_Control_in_HighTemperature",0.058935310352501,8.7162800292999,0.334926479987395,0.737816503608224,0.873467654970509,-6.03842001722626,FALSE
"Q06323","Low_vs_Control_in_HighTemperature",0.0559231083599467,9.34606970369843,0.333012645693772,0.73926011083781,0.873467654970509,-6.03902799642808,FALSE
"P35241","Low_vs_Control_in_HighTemperature",0.0349086637296008,11.5144485471076,0.332893220003834,0.73934994602272,0.873467654970509,-6.03906601745789,FALSE
"Q9UQ16","Low_vs_Control_in_HighTemperature",0.0694532062696203,7.30226438455966,0.332780296409673,0.739462854347418,0.873467654970509,-5.91790100061441,FALSE
"P78527","Low_vs_Control_in_HighTemperature",-0.117574749040397,9.8700004456879,-0.33083338781324,0.740935100514936,0.874486365546024,-5.97967650556694,FALSE
"Q9BX97","Low_vs_Control_in_HighTemperature",0.047960113372147,7.5249005837609,0.329387434164086,0.742009423851287,0.875034139640416,-5.9933264118518,FALSE
"P61626","Low_vs_Control_in_HighTemperature",-0.0407412954616415,10.6027256520192,-0.328423533967011,0.74272453859037,0.875157755413797,-6.04047228833035,FALSE
"P11217","Low_vs_Control_in_HighTemperature",0.136786809400602,8.94233028754657,0.325783683967077,0.744747401843231,0.876820832711981,-5.9387870237663,FALSE
"P00918","Low_vs_Control_in_HighTemperature",-0.0716637706615906,10.490286440996,-0.32372076287619,0.746280469304107,0.877904998344618,-6.0419313801967,FALSE
"P62136","Low_vs_Control_in_HighTemperature",0.0682132954926207,6.65518436711675,0.317411353993239,0.751085356550485,0.882833115814259,-5.93930103526878,FALSE
"Q15517","Low_vs_Control_in_HighTemperature",0.112070467431501,10.6970786590595,0.315845257899455,0.752252670899406,0.883481023808148,-6.03583370772657,FALSE
"P29966","Low_vs_Control_in_HighTemperature",0.0383877638983767,7.17387665492518,0.30886434948033,0.757553480197628,0.888558919458561,-6.01885065115253,FALSE
"Q14019","Low_vs_Control_in_HighTemperature",0.0747558069566985,7.91779830501664,0.308528515057199,0.757815591700014,0.888558919458561,-6.01461777034434,FALSE
"P50552","Low_vs_Control_in_HighTemperature",0.0789259644813267,7.43549278326897,0.306319730631391,0.759516872454062,0.889826139786866,-5.91218437636442,FALSE
"Q9NUQ9","Low_vs_Control_in_HighTemperature",-0.0434697450815174,7.29107790280348,-0.30261931717443,0.762307482723074,0.892366473652971,-6.03186766840611,FALSE
"P50591","Low_vs_Control_in_HighTemperature",0.0444933150741962,7.07644787190519,0.300406442470045,0.764027807241014,0.893650795745199,-5.944734399234,FALSE
"O43173","Low_vs_Control_in_HighTemperature",0.0433780428702724,6.86740681931493,0.297528866949195,0.766210383898298,0.894511562119903,-5.98567049624478,FALSE
"P28072","Low_vs_Control_in_HighTemperature",0.0428340726332088,7.45889430859989,0.297345588520743,0.766332518117281,0.894511562119903,-6.02257360001972,FALSE
"P98066","Low_vs_Control_in_HighTemperature",0.0566509932918926,7.79306000620868,0.295895488856071,0.76746837077921,0.894511562119903,-5.90458241210065,FALSE
"Q9NZD4","Low_vs_Control_in_HighTemperature",0.0669955585379522,8.02305922308732,0.295240798248607,0.767963674147761,0.894511562119903,-5.94107593471799,FALSE
"P61225","Low_vs_Control_in_HighTemperature",-0.0548112486538965,9.61389651361654,-0.294933607719791,0.768166879441066,0.894511562119903,-6.03717768205948,FALSE
"P05186","Low_vs_Control_in_HighTemperature",0.0452138330615179,6.64416715983363,0.292867522086588,0.769771733636517,0.894511562119903,-5.91993023525174,FALSE
"P04792","Low_vs_Control_in_HighTemperature",0.0424435333553479,9.00840154864953,0.292465346011688,0.77005013044806,0.894511562119903,-6.03943551636048,FALSE
"Q92882","Low_vs_Control_in_HighTemperature",0.0690152245449553,7.56085153810065,0.291563817467383,0.770768843736071,0.894511562119903,-5.9564994254469,FALSE
"P60842","Low_vs_Control_in_HighTemperature",-0.0520663852051619,7.57945332986004,-0.290719796516817,0.771385321919873,0.894511562119903,-6.04685919038482,FALSE
"P11234","Low_vs_Control_in_HighTemperature",-0.0424205417963091,9.03271745098998,-0.290415174973857,0.771616554809369,0.894511562119903,-6.04390881967221,FALSE
"P16949","Low_vs_Control_in_HighTemperature",-0.0467267439673744,8.2584548109497,-0.290414625606824,0.771625385175955,0.894511562119903,-6.04693922475027,FALSE
"P78417","Low_vs_Control_in_HighTemperature",-0.0554288196645878,9.64712903841864,-0.289053087661285,0.772657394173675,0.89498441296046,-6.05203791638167,FALSE
"Q9BX67","Low_vs_Control_in_HighTemperature",-0.070222889197872,8.84899437266257,-0.286841495402025,0.774369153201818,0.896243233003556,-6.00435320369312,FALSE
"P38646","Low_vs_Control_in_HighTemperature",0.0771604160234327,6.92363372813106,0.284662699715499,0.776047506755213,0.896582466819252,-5.91138738479051,FALSE
"P31146","Low_vs_Control_in_HighTemperature",0.0518858993076172,9.3771647002772,0.28373056208628,0.776730995473393,0.896582466819252,-6.05042035906835,FALSE
"P62879","Low_vs_Control_in_HighTemperature",-0.0349953172073363,10.1651402543917,-0.283212551179006,0.777127367973419,0.896582466819252,-6.05362856490708,FALSE
"Q15833","Low_vs_Control_in_HighTemperature",0.0702546537277202,7.2884459124441,0.283184524009215,0.777163184279171,0.896582466819252,-6.00364917225885,FALSE
"P14780","Low_vs_Control_in_HighTemperature",0.0522845012323216,8.19688136185422,0.274252586623319,0.784000795034684,0.903096910797382,-6.05128494582246,FALSE
"P13645","Low_vs_Control_in_HighTemperature",0.046800577087879,14.3720868518528,0.274162303854063,0.784069493683919,0.903096910797382,-6.05602860335218,FALSE
"O15145","Low_vs_Control_in_HighTemperature",0.0521842350224668,8.17446424303002,0.27301093915506,0.784956508978086,0.903392964586336,-6.04782534355561,FALSE
"P14618","Low_vs_Control_in_HighTemperature",0.0471704141826983,9.90762554767167,0.2692922559434,0.787812319383258,0.903908582911501,-6.05728784837726,FALSE
"P29122","Low_vs_Control_in_HighTemperature",0.0495504993871201,8.91942889893034,0.268918622930232,0.788102446623753,0.903908582911501,-6.03420316643504,FALSE
"O43852","Low_vs_Control_in_HighTemperature",0.0453836733522692,11.7898510912097,0.268817722205019,0.788177281869963,0.903908582911501,-6.05740934191943,FALSE
"P47929","Low_vs_Control_in_HighTemperature",0.0590112086078278,8.1360520669455,0.267947067576765,0.788866614811039,0.903908582911501,-6.01420153726462,FALSE
"P08581","Low_vs_Control_in_HighTemperature",-0.0554114259043779,7.14513897794442,-0.267766692306965,0.788997751818366,0.903908582911501,-5.98130962661169,FALSE
"P16284","Low_vs_Control_in_HighTemperature",-0.0326705269653988,9.20274295933561,-0.267505999868664,0.789186573085913,0.903908582911501,-6.05774394122711,FALSE
"P31946","Low_vs_Control_in_HighTemperature",0.0443610151415132,10.2183421075278,0.265787425336102,0.790508970881592,0.904700609931527,-6.05818012858848,FALSE
"Q9BS26","Low_vs_Control_in_HighTemperature",0.0468152231898813,9.66366149782884,0.264472364356109,0.791522266084095,0.905049454061219,-6.05851142621378,FALSE
"Q04760","Low_vs_Control_in_HighTemperature",0.0509189359123168,8.11450244942422,0.26376553989793,0.792076056378543,0.905049454061219,-6.02291279570233,FALSE
"P0DP23;P0DP24;P0DP25","Low_vs_Control_in_HighTemperature",-0.0347573417364373,9.90508370868013,-0.258011565453573,0.796500938569715,0.908651986853363,-6.06011791455248,FALSE
"O00299","Low_vs_Control_in_HighTemperature",-0.0404794819341134,10.2654260656412,-0.256813438086881,0.797425048939512,0.908651986853363,-6.06041151219274,FALSE
"O00151","Low_vs_Control_in_HighTemperature",-0.0660027251727335,9.42881383333041,-0.256692870315677,0.797523933858454,0.908651986853363,-6.03763445074201,FALSE
"P18827","Low_vs_Control_in_HighTemperature",-0.0346553287460623,12.3310194637787,-0.255948234065423,0.798093094066106,0.908651986853363,-6.06062237002859,FALSE
"P61088","Low_vs_Control_in_HighTemperature",0.0419135788745528,8.46165035948671,0.255564528919228,0.798397143260277,0.908651986853363,-6.03066430643802,FALSE
"P00338","Low_vs_Control_in_HighTemperature",0.0488330185569179,9.06440036887043,0.252983095904085,0.800381917672053,0.910188477352676,-6.06134059848006,FALSE
"P26599","Low_vs_Control_in_HighTemperature",-0.0562316225208157,7.0134085607361,-0.246062033612012,0.805763472620157,0.915582266035899,-5.94203390830789,FALSE
"P18669","Low_vs_Control_in_HighTemperature",0.0441553913711017,7.67957005667091,0.244116664249069,0.807246190809475,0.916540805717172,-6.04529742870231,FALSE
"P16401","Low_vs_Control_in_HighTemperature",0.0545676404892568,9.24382771811394,0.241624061886044,0.809168677019335,0.917996742757695,-6.05191019922397,FALSE
"P12814","Low_vs_Control_in_HighTemperature",-0.0544080173917507,9.12387050747892,-0.240384920076368,0.810127234911117,0.918357671828096,-6.06429795620765,FALSE
"P00915","Low_vs_Control_in_HighTemperature",0.0635823801840676,11.9714019846895,0.233798576489614,0.815233979841194,0.92225451643367,-6.06578396077112,FALSE
"Q13404","Low_vs_Control_in_HighTemperature",0.0504205454212574,7.46645275315594,0.233634970969322,0.8153960096781,0.92225451643367,-5.90545877892089,FALSE
"Q15365","Low_vs_Control_in_HighTemperature",0.0415741420774918,7.87666505052746,0.233471327680764,0.815494230709828,0.92225451643367,-6.03646905838023,FALSE
"P32119","Low_vs_Control_in_HighTemperature",-0.0528179962462012,12.1770416152324,-0.231977203299875,0.816647588565706,0.922831081168812,-6.06618761259568,FALSE
"P62258","Low_vs_Control_in_HighTemperature",0.0362012600261714,8.07808906629339,0.226552637613155,0.820861592558774,0.926862617109671,-6.06502714504594,FALSE
"Q5D862","Low_vs_Control_in_HighTemperature",0.0346297476737956,9.72044929392317,0.221359395844284,0.824901280543412,0.930602715517872,-6.06847729299764,FALSE
"P59998","Low_vs_Control_in_HighTemperature",-0.0410870593056973,9.1363183887628,-0.219284007001294,0.826515604805488,0.930602715517872,-6.0689129461505,FALSE
"P61019","Low_vs_Control_in_HighTemperature",-0.0456925815148175,7.09333030123776,-0.219060767432398,0.826704158725865,0.930602715517872,-5.99652112084751,FALSE
"Q16851","Low_vs_Control_in_HighTemperature",0.0453338571341808,7.15142336863919,0.218284437371495,0.827304183569085,0.930602715517872,-5.99530850098208,FALSE
"P50148","Low_vs_Control_in_HighTemperature",-0.0418019360873583,7.41826653762854,-0.217832499586124,0.827656729356065,0.930602715517872,-5.9939213109185,FALSE
"P60520","Low_vs_Control_in_HighTemperature",-0.0336830009800559,7.11976079200681,-0.217309879813814,0.82806768828508,0.930602715517872,-6.01244643856117,FALSE
"P07339","Low_vs_Control_in_HighTemperature",0.0319361216148035,9.11978319751669,0.21428309033531,0.830410862466922,0.93250522848674,-6.06994470590368,FALSE
"P09237","Low_vs_Control_in_HighTemperature",0.0338995787804777,8.14326116262506,0.212155202274722,0.832088979975947,0.933658526827471,-5.97318520775653,FALSE
"P11277","Low_vs_Control_in_HighTemperature",-0.0647270010072987,10.0193802628686,-0.210023440051594,0.833732187924595,0.934770881535473,-6.07080469487658,FALSE
"P22234","Low_vs_Control_in_HighTemperature",0.0389126508757567,7.18792767955495,0.206248113830263,0.836695049544751,0.937359922693104,-5.97709713626248,FALSE
"P18577","Low_vs_Control_in_HighTemperature",0.0465927055509301,9.71054162221855,0.204267595035192,0.838227414294831,0.938343569163768,-6.06107208751931,FALSE
"P30740","Low_vs_Control_in_HighTemperature",0.0444580491970061,7.80272640707239,0.20081915397548,0.840922710600903,0.939677903142109,-6.04409874166399,FALSE
"P05198","Low_vs_Control_in_HighTemperature",0.0395982550729705,6.91544542132137,0.200831394460366,0.840933114609618,0.939677903142109,-5.97258179844441,FALSE
"P28070","Low_vs_Control_in_HighTemperature",0.0397478273050513,7.12327044596719,0.200253505045163,0.84138523544942,0.939677903142109,-5.97269061977037,FALSE
"P62906","Low_vs_Control_in_HighTemperature",0.0409536104127515,7.26724401217073,0.19502601529548,0.845476112517748,0.942909070617552,-5.94511652929119,FALSE
"P11142","Low_vs_Control_in_HighTemperature",0.0260344634279086,10.7516461618715,0.194841690079291,0.845593490107512,0.942909070617552,-6.07372935188449,FALSE
"P04264","Low_vs_Control_in_HighTemperature",-0.0291627292393351,16.7632817540826,-0.193240269473775,0.846846757414604,0.943572843925829,-6.07402506772356,FALSE
"O00487","Low_vs_Control_in_HighTemperature",-0.0423321944606698,8.01039292476217,-0.192214916287727,0.847661042307839,0.943746843687454,-6.0306668603888,FALSE
"P16157","Low_vs_Control_in_HighTemperature",0.0571433641707202,9.54493432062779,0.190770338304537,0.84878047948433,0.944260052428649,-6.0744763772334,FALSE
"Q9BUF5","Low_vs_Control_in_HighTemperature",0.0321223410620881,9.04100138955638,0.188149228360989,0.850839257625407,0.945816663127778,-6.04403545436665,FALSE
"O43488","Low_vs_Control_in_HighTemperature",0.0379030077359852,7.07182046940648,0.186632680085039,0.852040378692414,0.946418205302031,-5.96225552802527,FALSE
"P05106","Low_vs_Control_in_HighTemperature",0.0325322783900841,10.0797960755054,0.185067814899346,0.853248483536735,0.946706620662596,-6.07549617890486,FALSE
"P20618","Low_vs_Control_in_HighTemperature",0.0321217748281732,7.57510109498544,0.184606006037757,0.853620404823387,0.946706620662596,-6.03206840861897,FALSE
"P14770","Low_vs_Control_in_HighTemperature",-0.0287933388260821,8.45709886456755,-0.177683495232825,0.859044151050799,0.951696740002444,-6.05392603415271,FALSE
"O95782","Low_vs_Control_in_HighTemperature",-0.0365372663430943,6.55989398713567,-0.176134891249611,0.860275883911743,0.951696740002444,-5.95389222605418,FALSE
"P48506","Low_vs_Control_in_HighTemperature",0.0376737649448371,7.25473689175764,0.174776159241964,0.86133903295836,0.951696740002444,-5.95997402762184,FALSE
"P69905","Low_vs_Control_in_HighTemperature",-0.0437644726936668,17.1221016525983,-0.172521804256389,0.863094892571252,0.951696740002444,-6.07763090057247,FALSE
"P61158","Low_vs_Control_in_HighTemperature",0.0304987083458705,7.72470077544232,0.17178201989861,0.863678048707376,0.951696740002444,-6.07154480234249,FALSE
"Q562R1","Low_vs_Control_in_HighTemperature",0.0318133729482728,14.2360805312193,0.170767905516454,0.864474451278863,0.951696740002444,-6.06280124811761,FALSE
"P12273","Low_vs_Control_in_HighTemperature",0.0265924935587041,8.39433124754456,0.170034446119268,0.865054902092933,0.951696740002444,-6.04951383087386,FALSE
"Q8WVN8","Low_vs_Control_in_HighTemperature",0.0538934974557872,10.9107653093074,0.168982592294966,0.865885336051134,0.951696740002444,-6.02926969250533,FALSE
"P37837","Low_vs_Control_in_HighTemperature",-0.0314995004828518,8.20036113124803,-0.168667546813259,0.86612547084971,0.951696740002444,-6.07825612553869,FALSE
"P01732","Low_vs_Control_in_HighTemperature",0.0357013050924895,7.65808385097297,0.16826506887924,0.866453762801851,0.951696740002444,-5.99335836819407,FALSE
"P00558","Low_vs_Control_in_HighTemperature",-0.0290833113537392,9.7820827112913,-0.168020853592184,0.866632634599207,0.951696740002444,-6.07836023906427,FALSE
"P00568","Low_vs_Control_in_HighTemperature",-0.034581178629324,8.6421613641535,-0.167461994525596,0.867073511309775,0.951696740002444,-6.07304194018105,FALSE
"P40227","Low_vs_Control_in_HighTemperature",0.0346110367022057,7.60400439812665,0.167046984926242,0.867404534338674,0.951696740002444,-6.03430193837574,FALSE
"P29279","Low_vs_Control_in_HighTemperature",0.0326303270582589,8.35887555666215,0.167049276141856,0.867411184925519,0.951696740002444,-5.97330722594082,FALSE
"P53621","Low_vs_Control_in_HighTemperature",0.0481788921993669,6.79457521639504,0.164195634249333,0.869659340727824,0.952279070390043,-5.96785147782503,FALSE
"P07195","Low_vs_Control_in_HighTemperature",-0.0310493938129941,9.05201633787141,-0.163554623402812,0.870145861120379,0.952279070390043,-6.07906484972505,FALSE
"O15511","Low_vs_Control_in_HighTemperature",0.0312673776461132,8.30628126223007,0.163531698506728,0.870166891867249,0.952279070390043,-6.05522818217913,FALSE
"P11171","Low_vs_Control_in_HighTemperature",0.0440972652849503,8.86811455396398,0.162980079088944,0.870598229624369,0.952279070390043,-6.0768073171126,FALSE
"P02042","Low_vs_Control_in_HighTemperature",-0.0374213106644756,13.2833962962613,-0.160592389192663,0.872477230719423,0.953606973210101,-6.07952179257649,FALSE
"O95498","Low_vs_Control_in_HighTemperature",-0.026592819954538,7.71699451981414,-0.159372496825885,0.873449791917272,0.953942880128993,-5.99135331806163,FALSE
"P00387","Low_vs_Control_in_HighTemperature",-0.0310858945369663,8.66386491759499,-0.155293106116309,0.876651986666995,0.956694288896929,-6.07254107529488,FALSE
"P20930","Low_vs_Control_in_HighTemperature",0.0262563658221104,8.55168975297521,0.15397590262946,0.877689936820935,0.956694288896929,-6.07816473843839,FALSE
"O14950;P19105","Low_vs_Control_in_HighTemperature",-0.0369336087180834,9.65278965517322,-0.152891917685198,0.878543677603802,0.956694288896929,-6.07759321769417,FALSE
"P60174","Low_vs_Control_in_HighTemperature",-0.0248834262460571,7.09476598543861,-0.152137652266949,0.879144415721436,0.956694288896929,-6.05312520351201,FALSE
"Q14344","Low_vs_Control_in_HighTemperature",-0.0291030010397355,6.67340750972121,-0.151942512861316,0.879304792723956,0.956694288896929,-5.9725108799036,FALSE
"P61020","Low_vs_Control_in_HighTemperature",-0.0230429709377056,7.14228459781321,-0.149095956334264,0.881542063707695,0.957764317030563,-6.03174762324217,FALSE
"P20073","Low_vs_Control_in_HighTemperature",0.0265378856548795,7.05300774943943,0.148327221662918,0.882150019212351,0.957764317030563,-6.02255915655328,FALSE
"P02533","Low_vs_Control_in_HighTemperature",0.0258690270396897,13.6158015743628,0.147572217487071,0.882737963064376,0.957764317030563,-6.08143101898438,FALSE
"P30041","Low_vs_Control_in_HighTemperature",-0.0270522600779142,10.5314032298132,-0.147290940732313,0.882959851544215,0.957764317030563,-6.08147048416788,FALSE
"P07741","Low_vs_Control_in_HighTemperature",0.0243682941890544,9.24875335991482,0.143135816430813,0.886240632928068,0.960239774400181,-6.07351927527947,FALSE
"Q13228","Low_vs_Control_in_HighTemperature",0.0307989937200706,7.9599001279453,0.14193028882355,0.887192173857007,0.960239774400181,-6.07368269993287,FALSE
"P35527","Low_vs_Control_in_HighTemperature",-0.0251863281725093,14.6157384664334,-0.140501003622734,0.888318927796431,0.960239774400181,-6.08240031738243,FALSE
"P10768","Low_vs_Control_in_HighTemperature",0.0280909170924453,7.51233394520057,0.140076111012246,0.888660958824941,0.960239774400181,-6.03621044580954,FALSE
"P62195","Low_vs_Control_in_HighTemperature",-0.0280364383392477,7.24899209355074,-0.139375816004277,0.889211938151107,0.960239774400181,-6.05161204882858,FALSE
"Q14247","Low_vs_Control_in_HighTemperature",0.0326005529427134,8.18664052884128,0.138323205085597,0.890046647193511,0.960239774400181,-6.02992177889911,FALSE
"P05141","Low_vs_Control_in_HighTemperature",0.0371574380347086,8.3219294238034,0.137767436540347,0.890489997579158,0.960239774400181,-5.96389815432446,FALSE
"P50395","Low_vs_Control_in_HighTemperature",-0.021078274546209,8.84589954259532,-0.135628833054476,0.892167545387,0.960239774400181,-6.0830404912573,FALSE
"P62191","Low_vs_Control_in_HighTemperature",0.0353392434872593,7.97036545737315,0.134291206066688,0.893232404281218,0.960239774400181,-6.02366650091131,FALSE
"P81605","Low_vs_Control_in_HighTemperature",0.0193212058517105,12.8945605089236,0.132407450407181,0.894713580419702,0.960239774400181,-6.08345135612227,FALSE
"P22735","Low_vs_Control_in_HighTemperature",0.0316047031628504,8.92787899244459,0.132401316671707,0.894724821994681,0.960239774400181,-6.06144686834419,FALSE
"Q96KP4","Low_vs_Control_in_HighTemperature",-0.0310496270800824,7.2809326091025,-0.131952480993287,0.895077684234987,0.960239774400181,-6.05406633233569,FALSE
"P21291","Low_vs_Control_in_HighTemperature",0.021747725220493,8.92737837303985,0.131896381628226,0.895118312051596,0.960239774400181,-6.08116762039626,FALSE
"P43487","Low_vs_Control_in_HighTemperature",0.0272829121923852,8.53349385615196,0.131323534542138,0.895575145744542,0.960239774400181,-6.05592514768484,FALSE
"O75223","Low_vs_Control_in_HighTemperature",-0.0192366921368707,7.46750190751441,-0.131206388085819,0.895667065770017,0.960239774400181,-6.07032930568872,FALSE
"Q9Y6B6","Low_vs_Control_in_HighTemperature",-0.0205436487576414,8.4033985635945,-0.130840021717983,0.895955940130713,0.960239774400181,-6.05920533226969,FALSE
"P30153","Low_vs_Control_in_HighTemperature",0.0218815561400252,7.7896444349277,0.129413692740955,0.897082193263459,0.960728801448693,-6.07294402899669,FALSE
"Q13201","Low_vs_Control_in_HighTemperature",-0.0263701699880112,13.5818124872409,-0.127632240602852,0.898489684663025,0.960972761340377,-6.08404223182255,FALSE
"O95466","Low_vs_Control_in_HighTemperature",-0.0198045711050803,6.12674271442572,-0.127441938306629,0.898650260081901,0.960972761340377,-5.99870509514583,FALSE
"Q92688","Low_vs_Control_in_HighTemperature",-0.0196962632982611,9.52771836587582,-0.124855432120258,0.900688734375453,0.96166617833247,-6.06712605374869,FALSE
"O00410","Low_vs_Control_in_HighTemperature",0.0241618276722448,6.20982297636754,0.124076115581743,0.901314856050951,0.96166617833247,-6.00288314852153,FALSE
"Q9BUL8","Low_vs_Control_in_HighTemperature",-0.0280735321892402,7.75580221137465,-0.123988093412596,0.901383104781087,0.96166617833247,-5.98964062587067,FALSE
"Q8N1N4","Low_vs_Control_in_HighTemperature",0.0225683508738275,9.14533230381043,0.123219658207021,0.901981178422017,0.96166617833247,-6.0845689194805,FALSE
"Q8IYI6","Low_vs_Control_in_HighTemperature",-0.0194312656756868,8.77637543573808,-0.122066318671156,0.90290079858138,0.961931460004234,-6.02922174789803,FALSE
"P61604","Low_vs_Control_in_HighTemperature",-0.0425517923730094,9.19593269481792,-0.119598334011345,0.904858043641973,0.9628154029035,-5.97993906877556,FALSE
"P37840","Low_vs_Control_in_HighTemperature",-0.0281078621764816,9.39023301811042,-0.118860193509675,0.905432415712489,0.9628154029035,-6.08507109950621,FALSE
"O15117","Low_vs_Control_in_HighTemperature",-0.0273179257549776,6.78928149764094,-0.118477110548512,0.905744754893181,0.9628154029035,-6.02362233832084,FALSE
"P04406","Low_vs_Control_in_HighTemperature",-0.0177793285134733,12.5170949340456,-0.116544071370148,0.907266654742696,0.963129979473587,-6.08533056784497,FALSE
"A0A0J9YXX1","Low_vs_Control_in_HighTemperature",0.0394586806894228,10.1658749920258,0.116413439796523,0.907383962530555,0.963129979473587,-5.97386384918273,FALSE
"P14923","Low_vs_Control_in_HighTemperature",0.0226845158248707,9.01345856411896,0.114490153688285,0.908894084447301,0.963348558434029,-6.0855562757946,FALSE
"Q8WZ42","Low_vs_Control_in_HighTemperature",-0.0180650552342314,9.78697953286896,-0.114440218961491,0.908933472497379,0.963348558434029,-6.08556176239795,FALSE
"Q01518","Low_vs_Control_in_HighTemperature",-0.0254817743435787,10.0188308191564,-0.112338517159347,0.910598642465163,0.963841141845387,-6.08578860782425,FALSE
"P04350","Low_vs_Control_in_HighTemperature",-0.0191776717233907,9.3406841749838,-0.111937427821079,0.910920249617576,0.963841141845387,-6.06296451694805,FALSE
"P08754","Low_vs_Control_in_HighTemperature",0.0181282105348854,7.60478556702703,0.111215344996417,0.911496002546719,0.963841141845387,-6.03135731928,FALSE
"P09493","Low_vs_Control_in_HighTemperature",0.0258658511456193,8.78654767816927,0.110465303860253,0.912086770909477,0.963841141845387,-6.05169621097602,FALSE
"P63104","Low_vs_Control_in_HighTemperature",-0.020480782655568,10.7482325970314,-0.107846665602544,0.914159199461683,0.965319802671615,-6.08625924013689,FALSE
"P17858","Low_vs_Control_in_HighTemperature",0.0204746990968729,6.98373957697861,0.105290649149546,0.916190048088453,0.965819355957521,-6.04342208603827,FALSE
"Q92614","Low_vs_Control_in_HighTemperature",0.0216951138107397,7.57484025169666,0.104536199911899,0.916792632701842,0.965819355957521,-6.01336271976683,FALSE
"P21926","Low_vs_Control_in_HighTemperature",-0.0142096049508567,11.4043040518504,-0.104190978483966,0.917058708027351,0.965819355957521,-6.08427940724247,FALSE
"Q13867","Low_vs_Control_in_HighTemperature",0.0152918649557332,9.44588096780553,0.103854702624338,0.917326333901077,0.965819355957521,-6.08044861207331,FALSE
"P39687","Low_vs_Control_in_HighTemperature",0.0164506216250242,9.43858952335655,0.10262942208557,0.918298027269974,0.965901909524575,-6.08136975792271,FALSE
"P10599","Low_vs_Control_in_HighTemperature",0.0152546719748958,9.21673893968968,0.102056120930431,0.918751886047085,0.965901909524575,-6.08683757457459,FALSE
"P02549","Low_vs_Control_in_HighTemperature",-0.032930339367562,10.1123705972051,-0.0990871317756918,0.921107528444896,0.967435519945291,-6.08712178543906,FALSE
"P25787","Low_vs_Control_in_HighTemperature",-0.0173454529739603,7.30782554511457,-0.0977059085829164,0.92220898462579,0.967435519945291,-6.03178429371135,FALSE
"P31948","Low_vs_Control_in_HighTemperature",0.0200213747161193,8.38158587049783,0.096957843810707,0.922798069393035,0.967435519945291,-6.08110741788148,FALSE
"P15153","Low_vs_Control_in_HighTemperature",0.0134322541006995,10.4591592368942,0.0966156593360757,0.923069237558769,0.967435519945291,-6.08427266354286,FALSE
"P61160","Low_vs_Control_in_HighTemperature",0.0192524246575161,8.47895240766827,0.0959680318595707,0.923583840170923,0.967435519945291,-6.07888146864582,FALSE
"P24844","Low_vs_Control_in_HighTemperature",-0.0207813920478124,8.21613779895918,-0.0923240056423168,0.926479658098715,0.968110660010788,-6.06080489407377,FALSE
"P30044","Low_vs_Control_in_HighTemperature",-0.0197981166049361,7.52641254497419,-0.092296545229879,0.926501964192043,0.968110660010788,-6.02395090924393,FALSE
"P10124","Low_vs_Control_in_HighTemperature",-0.0146752388988567,13.0435180040798,-0.0916802473879,0.926987632832449,0.968110660010788,-6.08779415895041,FALSE
"Q13885","Low_vs_Control_in_HighTemperature",0.0152115838844971,9.84143435867908,0.0916231269535311,0.927033342074151,0.968110660010788,-6.08779906618803,FALSE
"Q04917","Low_vs_Control_in_HighTemperature",0.0191315103026151,7.50379226446109,0.090907341740112,0.927603937834605,0.968110660010788,-6.04866930417542,FALSE
"P58546","Low_vs_Control_in_HighTemperature",-0.0172836046689993,7.85364295499805,-0.0875440188786228,0.930277064526739,0.969784965727598,-6.03864911573251,FALSE
"P61981","Low_vs_Control_in_HighTemperature",0.0171973144766566,7.59094897029432,0.0871860083539521,0.930560748145868,0.969784965727598,-6.05298680136285,FALSE
"Q27J81","Low_vs_Control_in_HighTemperature",-0.0217411635692759,6.898432699433,-0.0860395062645977,0.931478325860006,0.96983750360077,-5.95947629593036,FALSE
"P35908","Low_vs_Control_in_HighTemperature",0.0151644216966798,14.6817118010482,0.0854159681270782,0.931963793557784,0.96983750360077,-6.08832205987274,FALSE
"P60903","Low_vs_Control_in_HighTemperature",0.0120578611030311,8.08682123292207,0.0806698988667923,0.935741699100156,0.97289854102449,-6.01843144183902,FALSE
"P63313","Low_vs_Control_in_HighTemperature",-0.0140702046947361,8.95094802056824,-0.0800103490448305,0.93626219429135,0.97289854102449,-6.06673130340997,FALSE
"Q13576","Low_vs_Control_in_HighTemperature",-0.0327946487762407,11.1940241837744,-0.0770453886760459,0.938617560308709,0.974601589931953,-6.08275515982806,FALSE
"P22692","Low_vs_Control_in_HighTemperature",-0.0112916730985937,13.9947803247076,-0.0758445395030935,0.939572547903977,0.974601589931953,-6.0859766629836,FALSE
"Q9NRW1","Low_vs_Control_in_HighTemperature",-0.0182486496860772,8.79400216046024,-0.0753525124335728,0.939963872416247,0.974601589931953,-6.08056065513067,FALSE
"P31431","Low_vs_Control_in_HighTemperature",0.0128233727945961,8.97947961589843,0.0737317992551986,0.941252336952087,0.974601589931953,-6.08920691407196,FALSE
"Q15907","Low_vs_Control_in_HighTemperature",-0.0131594987669441,8.95502711134975,-0.0735171916519291,0.941423188262949,0.974601589931953,-6.08687271040853,FALSE
"P02538","Low_vs_Control_in_HighTemperature",0.0115328738306122,14.7975265149345,0.0728182393056781,0.941978942570214,0.974601589931953,-6.0892706225469,FALSE
"Q15185","Low_vs_Control_in_HighTemperature",-0.0111889280456712,9.02689874653425,-0.069117311572291,0.944926769114973,0.976369691651616,-6.05611487880771,FALSE
"P14735","Low_vs_Control_in_HighTemperature",0.0118654768448092,6.57186604549176,0.0689634218375659,0.945049603913837,0.976369691651616,-6.03336757814876,FALSE
"P63208","Low_vs_Control_in_HighTemperature",-0.0130022503107661,7.76716078842158,-0.0629848232837756,0.949809316229959,0.979455577780281,-5.9545166384391,FALSE
"P68371","Low_vs_Control_in_HighTemperature",-0.0112341789910371,10.4026087253665,-0.0617669174388027,0.950772339901618,0.979455577780281,-6.08997838305917,FALSE
"Q06830","Low_vs_Control_in_HighTemperature",0.011424072593309,11.3367596012712,0.0616014575695913,0.95090404261624,0.979455577780281,-6.0899880964782,FALSE
"P40925","Low_vs_Control_in_HighTemperature",0.0206036607285167,9.4143977359838,0.061193991394046,0.951229790589184,0.979455577780281,-6.05660482090867,FALSE
"P62937","Low_vs_Control_in_HighTemperature",-0.00954799367903902,11.0535058900831,-0.0609135497280259,0.951451617746117,0.979455577780281,-6.09002820117138,FALSE
"P60891","Low_vs_Control_in_HighTemperature",-0.0102121196559519,8.44317812422043,-0.0579740242526064,0.953791912850162,0.981109900083534,-6.08711430384993,FALSE
"P61978","Low_vs_Control_in_HighTemperature",0.0120447856435533,7.4412428072953,0.05717791085363,0.954426994851136,0.981109900083534,-6.06255714210718,FALSE
"Q9UNM6","Low_vs_Control_in_HighTemperature",0.0101865018123259,7.05564116073867,0.0543765267836214,0.956661824014454,0.982702761917427,-5.99750277801637,FALSE
"P68402","Low_vs_Control_in_HighTemperature",0.00800240793533469,7.93985334999542,0.0509927938670337,0.959352628242474,0.984659045485562,-6.06109282682498,FALSE
"P22392","Low_vs_Control_in_HighTemperature",-0.0106179546838456,7.5784641547145,-0.0502590749910645,0.959939571540317,0.984659045485562,-5.9672594593033,FALSE
"Q9NY65","Low_vs_Control_in_HighTemperature",-0.0120284595477473,7.66008430831414,-0.0476431011155338,0.962023083792594,0.984669480922697,-5.99612072985441,FALSE
"Q07020","Low_vs_Control_in_HighTemperature",-0.0105946051049504,7.37113341741622,-0.0471191723443936,0.962442642880801,0.984669480922697,-5.96231634535814,FALSE
"P49368","Low_vs_Control_in_HighTemperature",0.00876109786136769,7.64874279870907,0.0449251191189073,0.964185350571312,0.984669480922697,-6.06557289716121,FALSE
"O00429","Low_vs_Control_in_HighTemperature",0.0116377481377228,7.1079242375936,0.044133320227936,0.964818930746072,0.984669480922697,-5.98445174372283,FALSE
"P61106","Low_vs_Control_in_HighTemperature",-0.00746246694896335,8.12271017991692,-0.0439158587153069,0.964988745096566,0.984669480922697,-6.07516089985611,FALSE
"Q9H299","Low_vs_Control_in_HighTemperature",-0.00865756252402328,8.93409782314612,-0.0438659161787621,0.965028707022036,0.984669480922697,-6.0768320889416,FALSE
"P02775","Low_vs_Control_in_HighTemperature",-0.00950877237560732,15.281641962055,-0.043400213107544,0.965399278385486,0.984669480922697,-6.09089753583816,FALSE
"Q9NZ08","Low_vs_Control_in_HighTemperature",-0.00961654545227475,6.71627753030919,-0.0433528246003453,0.965443019649451,0.984669480922697,-5.95443619380841,FALSE
"P48059","Low_vs_Control_in_HighTemperature",0.00762340483859347,8.77399241964634,0.0405766948195917,0.967649872043466,0.985193144596528,-6.07282092976416,FALSE
"P01040","Low_vs_Control_in_HighTemperature",0.00685589509213891,10.1976676246588,0.039830600663047,0.968243810719321,0.985193144596528,-6.09103889117395,FALSE
"O00231","Low_vs_Control_in_HighTemperature",0.00795093798407542,6.97416774937196,0.0393168186481559,0.96865429698761,0.985193144596528,-6.05432180535286,FALSE
"P25788","Low_vs_Control_in_HighTemperature",-0.00637133500284381,7.65030621360933,-0.0372839990230855,0.970274078150476,0.985193144596528,-6.07229207146957,FALSE
"Q01813","Low_vs_Control_in_HighTemperature",0.0089061427693693,6.95994896091103,0.0368110936148752,0.970655134468907,0.985193144596528,-5.94857929538344,FALSE
"P49721","Low_vs_Control_in_HighTemperature",0.00646373736420891,7.08669169987332,0.0366645889414549,0.970769716547185,0.985193144596528,-6.01716095386028,FALSE
"P09486","Low_vs_Control_in_HighTemperature",0.00650627017663652,10.4959586609223,0.0365773277716215,0.970836151488366,0.985193144596528,-6.0911572009832,FALSE
"Q9NP55","Low_vs_Control_in_HighTemperature",-0.00709246817270071,7.91997547259747,-0.034792870934191,0.972261334232185,0.985193144596528,-6.03077474754455,FALSE
"P84095","Low_vs_Control_in_HighTemperature",-0.00410593642401924,7.78138279760692,-0.0335944440966216,0.973213997682024,0.985193144596528,-6.07860197590539,FALSE
"P40926","Low_vs_Control_in_HighTemperature",-0.00686518682990123,7.49357944528041,-0.0333178644229859,0.973435961036279,0.985193144596528,-6.02635027100237,FALSE
"Q86SF2","Low_vs_Control_in_HighTemperature",0.00448781729576542,6.68609049859274,0.0332224174983411,0.973513727959052,0.985193144596528,-5.96932658589353,FALSE
"O14818","Low_vs_Control_in_HighTemperature",-0.00530376036828351,8.47861810806225,-0.0305894812806833,0.975608931449123,0.986617212763076,-6.0882680218821,FALSE
"P25789","Low_vs_Control_in_HighTemperature",-0.00430147340147435,8.1728785997245,-0.0259534863432603,0.979305079078329,0.989443668637328,-6.0694509407416,FALSE
"O00161","Low_vs_Control_in_HighTemperature",0.00568209004860076,7.30420776889931,0.0253559154788513,0.979783828078804,0.989443668637328,-5.94308015777419,FALSE
"Q9ULV4","Low_vs_Control_in_HighTemperature",-0.00633014903722451,7.96139469694375,-0.0228415920090347,0.981786996062282,0.990768861613873,-6.02046576547191,FALSE
"Q02413","Low_vs_Control_in_HighTemperature",-0.00316204804144071,10.0690036841247,-0.0188584831778581,0.984961323473542,0.99296982827815,-6.09162461555034,FALSE
"P24666","Low_vs_Control_in_HighTemperature",0.00356364348696836,8.17394931800359,0.0183692849766995,0.98535290490921,0.99296982827815,-6.02387191536817,FALSE
"Q9Y4E8","Low_vs_Control_in_HighTemperature",-0.00310592809736931,8.03873243892711,-0.0162189565666585,0.987066161740062,0.993997806134304,-6.07838570808183,FALSE
"P27348","Low_vs_Control_in_HighTemperature",0.00252012290294523,7.13287612725435,0.0129754693386558,0.989652934081809,0.995352267742777,-6.04743800914764,FALSE
"P40121","Low_vs_Control_in_HighTemperature",-0.00226467203533698,6.6062492039543,-0.0115384151288767,0.99079994308019,0.995352267742777,-5.96144315882012,FALSE
"P60900","Low_vs_Control_in_HighTemperature",-0.00182854264501753,7.61762097464729,-0.0106154912367136,0.991534702382465,0.995352267742777,-6.0744774032944,FALSE
"P21730","Low_vs_Control_in_HighTemperature",-0.00147510533875472,7.49316858795734,-0.0103209523929106,0.991770206427792,0.995352267742777,-6.01508428355626,FALSE
"P12931","Low_vs_Control_in_HighTemperature",0.00254307567558953,7.22612233679061,0.01018099222938,0.991881722876171,0.995352267742777,-5.9819879745543,FALSE
"P07437","Low_vs_Control_in_HighTemperature",0.00162681539056031,10.2259459559853,0.0092753591805578,0.992603028111726,0.995379540078472,-6.09175291384037,FALSE
"P30613","Low_vs_Control_in_HighTemperature",-0.00120889307444294,10.1393056742847,-0.00814745510551683,0.993502507109484,0.995585321589798,-6.08941242137647,FALSE
"P10644","Low_vs_Control_in_HighTemperature",-0.0013388262973173,7.55584653349951,-0.00650315344818514,0.994814161945577,0.99620356719969,-5.99716953115154,FALSE
"P68871","Low_vs_Control_in_HighTemperature",-0.00134329037379644,17.565119952175,-0.0054061810797056,0.995688599700995,0.996383427753822,-6.09177994543816,FALSE
"O43707","Low_vs_Control_in_HighTemperature",-0.000536339741445069,6.9745932834623,-0.00300342077385083,0.9976048194709,0.9976048194709,-6.07294803543147,FALSE
