"PG.ProteinGroups","Contrast","logFC","AveExpr","t","P.Value","adj.P.Val","B","Significant_FDR_0.05","minus_log10_fdr","Status"
"Q8TC71","High_vs_Control",-0.565231326250764,12.7714126731029,-4.01751729447291,6.93290425119208e-05,0.0994178469620944,1.13519123053657,FALSE,1.00253564637311,"Not significant"
"O14594","High_vs_Control",-0.304949367016993,11.5404132603241,-3.83288981866605,0.000142192574191309,0.101952075695168,0.668033251050918,FALSE,0.991603927769305,"Not significant"
"P00738","High_vs_Control",0.760874397429106,14.4818798965806,3.50311452964698,0.000499589516845716,0.225628573518908,-0.34973403035472,FALSE,0.64660590231369,"Not significant"
"Q92696","High_vs_Control",-0.348047611081562,9.20255972567773,-3.28936792545713,0.00107831452403818,0.225628573518908,-0.984075917532674,FALSE,0.64660590231369,"Not significant"
"Q9UKM7","High_vs_Control",-0.280080360370711,9.59108330370966,-3.2439968837799,0.00125461023803514,0.225628573518908,-1.08853063991094,FALSE,0.64660590231369,"Not significant"
"P16112","High_vs_Control",-0.350039328976735,10.6192276016162,-3.24269707452609,0.00126023199177128,0.225628573518908,-1.0921003443307,FALSE,0.64660590231369,"Not significant"
"Q5VU65","High_vs_Control",0.699956436263795,11.1033428096121,3.23572402083147,0.00130152350066711,0.225628573518908,-1.14350715640764,FALSE,0.64660590231369,"Not significant"
"P18827","High_vs_Control",-0.319908514619346,12.3310194637787,-3.20510795418412,0.00143358288416394,0.225628573518908,-1.19524056777918,FALSE,0.64660590231369,"Not significant"
"O14786","High_vs_Control",-0.224368360956033,14.1057122819407,-3.20381055096311,0.00143960212992833,0.225628573518908,-1.19826350850414,FALSE,0.64660590231369,"Not significant"
"P13591","High_vs_Control",-0.277618389303706,13.0415600066814,-3.17761787904756,0.00157342101477621,0.225628573518908,-1.26908141897995,FALSE,0.64660590231369,"Not significant"
"Q92859","High_vs_Control",-0.254587760379463,10.3580887885757,-3.04877574499582,0.00241506720589438,0.258327744071429,-1.60932743483927,FALSE,0.587828948646369,"Not significant"
"O60704","High_vs_Control",-0.283785306346369,8.00567400083972,-3.0324128088406,0.0025501390266595,0.258327744071429,-1.65646977164322,FALSE,0.587828948646369,"Not significant"
"Q86TY3","High_vs_Control",-0.243406849993219,8.84725532054918,-3.01501920276502,0.00269549274986559,0.258327744071429,-1.69623787541507,FALSE,0.587828948646369,"Not significant"
"Q6P4E1","High_vs_Control",-0.235313833382053,11.2987990677628,-2.99424222374633,0.00288261751346004,0.258327744071429,-1.74926855937059,FALSE,0.587828948646369,"Not significant"
"P05543","High_vs_Control",0.302275694130042,9.61578474060375,2.99054996569298,0.0029170900243343,0.258327744071429,-1.75865570687725,FALSE,0.587828948646369,"Not significant"
"P58335","High_vs_Control",0.245357186528835,9.06891161186794,2.98832011815433,0.00293809117644624,0.258327744071429,-1.76431944800321,FALSE,0.587828948646369,"Not significant"
"P07357","High_vs_Control",0.269836179396922,13.2653744776644,2.93855709754946,0.00344428492845726,0.258327744071429,-1.8896584209568,FALSE,0.587828948646369,"Not significant"
"Q9Y274","High_vs_Control",-0.228347651075834,9.52568151004066,-2.915391904942,0.0037060671649926,0.258327744071429,-1.9473138186032,FALSE,0.587828948646369,"Not significant"
"A0A0C4DH34","High_vs_Control",0.507863422244474,9.26274418042485,2.91428847077695,0.00373199689084719,0.258327744071429,-1.96279307950228,FALSE,0.587828948646369,"Not significant"
"P07333","High_vs_Control",-0.267815931941644,11.7107416919824,-2.89141050101106,0.00399607052662799,0.258327744071429,-2.00653752128427,FALSE,0.587828948646369,"Not significant"
"P32942","High_vs_Control",-0.235315425548245,9.77838801341332,-2.8789977627271,0.00415415664559788,0.258327744071429,-2.03700642768238,FALSE,0.587828948646369,"Not significant"
"Q6ZN30","High_vs_Control",-0.266634568940187,15.4410483494086,-2.87261080950791,0.00424445609659711,0.258327744071429,-2.05552072596698,FALSE,0.587828948646369,"Not significant"
"O94973","High_vs_Control",0.36266610350588,7.3006284861976,2.8730439237653,0.00425035825263515,0.258327744071429,-2.06076280335153,FALSE,0.587828948646369,"Not significant"
"O75752","High_vs_Control",-0.181056518346807,9.08650774546357,-2.86518589116303,0.00433739607668672,0.258327744071429,-2.07095440661915,FALSE,0.587828948646369,"Not significant"
"P28482","High_vs_Control",-0.352145825745659,9.66480459812693,-2.85042990935935,0.00454257887972774,0.258327744071429,-2.10857584026798,FALSE,0.587828948646369,"Not significant"
"Q9BS26","High_vs_Control",-0.3723920689695,9.66366149782884,-2.84042705381704,0.00468376662891015,0.258327744071429,-2.13156757142408,FALSE,0.587828948646369,"Not significant"
"P31431","High_vs_Control",-0.358556407542441,8.97947961589843,-2.79731591145499,0.00534439862223777,0.267897711687735,-2.23435120783962,FALSE,0.572030996005953,"Not significant"
"Q9Y240","High_vs_Control",-0.254260360176248,12.7172879304592,-2.78956316154925,0.00547207383986024,0.267897711687735,-2.25279696375003,FALSE,0.572030996005953,"Not significant"
"P05386","High_vs_Control",-0.312790729989931,8.52301341331791,-2.7889197647442,0.00549272609469699,0.267897711687735,-2.25831415637606,FALSE,0.572030996005953,"Not significant"
"P01709","High_vs_Control",0.54696799210611,11.8409095849418,2.7732952346556,0.0057566621808331,0.267897711687735,-2.29348536867692,FALSE,0.572030996005953,"Not significant"
"P63000","High_vs_Control",-0.322679528937602,9.51532367929739,-2.76799859674762,0.00585479317953469,0.267897711687735,-2.30651247338081,FALSE,0.572030996005953,"Not significant"
"P09326","High_vs_Control",-0.294415440144341,8.27252669852262,-2.76093755729249,0.0059781916136733,0.267897711687735,-2.3224067040868,FALSE,0.572030996005953,"Not significant"
"Q12797","High_vs_Control",-0.211933592277347,9.33365917433276,-2.72307998725722,0.00668555450304318,0.290517732041331,-2.40894456946454,FALSE,0.536827354865109,"Not significant"
"P11226","High_vs_Control",0.500287009103152,9.37016905630677,2.71183645291224,0.00691367799295973,0.291594536526596,-2.43502360623506,FALSE,0.535220617454817,"Not significant"
"P05067","High_vs_Control",-0.37360657906515,11.1199488298907,-2.68462476271955,0.00749348422315834,0.293606469986091,-2.49759924396327,FALSE,0.532234378427978,"Not significant"
"P39059","High_vs_Control",-0.267784365284097,10.3370924022234,-2.64918608872344,0.00831467988844051,0.293606469986091,-2.57821775884651,FALSE,0.532234378427978,"Not significant"
"Q9Y566","High_vs_Control",-0.248691490634874,13.2234153508551,-2.64477038724752,0.00846271924625152,0.293606469986091,-2.59217181876403,FALSE,0.532234378427978,"Not significant"
"Q13421","High_vs_Control",-0.313208415982211,7.37967474212312,-2.64459633397167,0.00848133417802559,0.293606469986091,-2.59345719219265,FALSE,0.532234378427978,"Not significant"
"Q9BUN1","High_vs_Control",-0.319955509518348,11.5226432236128,-2.64218575157713,0.00848613657527606,0.293606469986091,-2.59401979792382,FALSE,0.532234378427978,"Not significant"
"P21281","High_vs_Control",0.451444290461502,6.85955223862479,2.64254503583684,0.00856554478656704,0.293606469986091,-2.60571471978955,FALSE,0.532234378427978,"Not significant"
"Q14515","High_vs_Control",-0.230020385979705,14.4478341156698,-2.63791416247544,0.00859231025265603,0.293606469986091,-2.60364224426181,FALSE,0.532234378427978,"Not significant"
"P22735","High_vs_Control",-0.491229981877318,8.92787899244459,-2.63252948304536,0.00875926837986011,0.293606469986091,-2.61838539943216,FALSE,0.532234378427978,"Not significant"
"P12259","High_vs_Control",-0.175451456143762,18.0051179461592,-2.62518565362355,0.00891578472720237,0.293606469986091,-2.63222572340847,FALSE,0.532234378427978,"Not significant"
"P02745","High_vs_Control",0.479170967105761,11.1660501725861,2.59958231307775,0.00959968091232281,0.293606469986091,-2.68931491864209,FALSE,0.532234378427978,"Not significant"
"A0A075B6J9","High_vs_Control",0.52813785289538,9.23374051793308,2.60000258358842,0.00960983588945488,0.293606469986091,-2.68790005609104,FALSE,0.532234378427978,"Not significant"
"P07359","High_vs_Control",-0.197369321493191,17.2216117069061,-2.59247805433316,0.00979757927066838,0.293606469986091,-2.70505942228806,FALSE,0.532234378427978,"Not significant"
"Q7Z6Z7","High_vs_Control",-0.336341010064939,7.2016888786457,-2.58466964285789,0.0100252215464224,0.293606469986091,-2.72191792930062,FALSE,0.532234378427978,"Not significant"
"P07585","High_vs_Control",-0.182042825885441,12.3218478838271,-2.56914976647161,0.0104733127001327,0.293606469986091,-2.7564654385401,FALSE,0.532234378427978,"Not significant"
"Q15599","High_vs_Control",-0.28080072837809,6.91723309314914,-2.54671649910406,0.0112049889569019,0.293606469986091,-2.8037505305625,FALSE,0.532234378427978,"Not significant"
"P21810","High_vs_Control",-0.217618263220354,10.8041489404627,-2.52881424753357,0.0117402814686788,0.293606469986091,-2.84428314210228,FALSE,0.532234378427978,"Not significant"
"P09603","High_vs_Control",-0.198819527528972,11.5767337196292,-2.52142879755169,0.0119864992805885,0.293606469986091,-2.86021627268903,FALSE,0.532234378427978,"Not significant"
"P05160","High_vs_Control",0.370940989664213,10.9060281251502,2.50947417364965,0.0123953735280011,0.293606469986091,-2.88584641366377,FALSE,0.532234378427978,"Not significant"
"Q969P0","High_vs_Control",-0.23768937322718,6.55218704633007,-2.50692840511128,0.012536746027287,0.293606469986091,-2.88748414651829,FALSE,0.532234378427978,"Not significant"
"O00468","High_vs_Control",-0.179065240929368,10.1802458113195,-2.49944194755376,0.0127468977161149,0.293606469986091,-2.90738165777878,FALSE,0.532234378427978,"Not significant"
"Q14956","High_vs_Control",-0.258071977060461,8.13264599466575,-2.49450965954112,0.0129370508803314,0.293606469986091,-2.91508661427379,FALSE,0.532234378427978,"Not significant"
"P01619","High_vs_Control",0.389310072386369,11.5039449401794,2.49234587512375,0.013001894293286,0.293606469986091,-2.92250786751447,FALSE,0.532234378427978,"Not significant"
"Q5SYB0","High_vs_Control",0.339348488967854,11.0917581825276,2.48920058938765,0.0131222835151698,0.293606469986091,-2.92757893548388,FALSE,0.532234378427978,"Not significant"
"Q8IVW4","High_vs_Control",-0.26954261128517,10.7039918382996,-2.48711413075372,0.013199177779943,0.293606469986091,-2.9316075137811,FALSE,0.532234378427978,"Not significant"
"Q8IZF2","High_vs_Control",-0.19682769120644,10.4755511402166,-2.48372757576428,0.0133163044196364,0.293606469986091,-2.94084526587445,FALSE,0.532234378427978,"Not significant"
"Q9NS62","High_vs_Control",-0.207062976153148,9.39777268852531,-2.48012710022748,0.0134517484190179,0.293606469986091,-2.94841004715285,FALSE,0.532234378427978,"Not significant"
"P35625","High_vs_Control",-0.33392888444015,8.9238477481363,-2.47880992038699,0.0135085519553398,0.293606469986091,-2.94969723370339,FALSE,0.532234378427978,"Not significant"
"Q9UKN7","High_vs_Control",-0.238819365264742,11.8195973813472,-2.4697497955487,0.0138434919479146,0.293606469986091,-2.97027007734033,FALSE,0.532234378427978,"Not significant"
"O00232","High_vs_Control",-0.370209591694479,7.37854505275025,-2.46873651171648,0.0139333042149102,0.293606469986091,-2.96669956740003,FALSE,0.532234378427978,"Not significant"
"P04264","High_vs_Control",-0.275453715736418,16.7632817540826,-2.46628853014364,0.0139744997226042,0.293606469986091,-2.97774105874242,FALSE,0.532234378427978,"Not significant"
"P02747","High_vs_Control",0.420879189879557,12.4027070874143,2.46471809220393,0.0140351626046585,0.293606469986091,-2.98105121228353,FALSE,0.532234378427978,"Not significant"
"P80748","High_vs_Control",0.544799453759238,10.6982061096295,2.45430797115727,0.0144862761791848,0.293606469986091,-2.99559770082458,FALSE,0.532234378427978,"Not significant"
"Q9BXX0","High_vs_Control",-0.199192543278791,9.85025822369753,-2.4527822271639,0.0145038897671955,0.293606469986091,-3.00614240634166,FALSE,0.532234378427978,"Not significant"
"Q14697","High_vs_Control",-0.215192621413728,9.82950310667084,-2.4525452612076,0.0145133340353813,0.293606469986091,-3.00663934771987,FALSE,0.532234378427978,"Not significant"
"P02787","High_vs_Control",0.472660062609803,13.0689381564924,2.45200630633681,0.0145348343116315,0.293606469986091,-3.00776941602009,FALSE,0.532234378427978,"Not significant"
"Q9H251","High_vs_Control",-0.227262648859641,10.1743566385053,-2.44718976134662,0.0147282324846757,0.293606469986091,-3.017857896891,FALSE,0.532234378427978,"Not significant"
"P29122","High_vs_Control",-0.326822694200828,8.91942889893034,-2.44384217999787,0.0148725613247886,0.293606469986091,-3.02388310359134,FALSE,0.532234378427978,"Not significant"
"P09172","High_vs_Control",0.418291202344525,7.24204373062721,2.44444427381384,0.0148881176387842,0.293606469986091,-3.01656105256528,FALSE,0.532234378427978,"Not significant"
"P49641","High_vs_Control",-0.20044484331974,9.51224490637486,-2.41783557641678,0.0159568076664365,0.293606469986091,-3.07892379844224,FALSE,0.532234378427978,"Not significant"
"P04278","High_vs_Control",0.249804220232946,10.6527842920064,2.41211759772491,0.0162063756487911,0.293606469986091,-3.09073541388093,FALSE,0.532234378427978,"Not significant"
"P01817","High_vs_Control",0.465693777948099,8.75514128828976,2.41207869877091,0.0162324747995053,0.293606469986091,-3.08606134878885,FALSE,0.532234378427978,"Not significant"
"P43652","High_vs_Control",0.417979644612556,12.1597625545238,2.40493404457447,0.0165247820456113,0.293606469986091,-3.10553582379215,FALSE,0.532234378427978,"Not significant"
"P01700","High_vs_Control",0.40612121616647,12.3474401941656,2.40399483043253,0.0165668168122112,0.293606469986091,-3.10746772325925,FALSE,0.532234378427978,"Not significant"
"O15335","High_vs_Control",-0.226370270196421,11.1646172019808,-2.39831405533882,0.016823074499242,0.293606469986091,-3.11913700698521,FALSE,0.532234378427978,"Not significant"
"P62826","High_vs_Control",-0.367160667133671,11.7218192147756,-2.39677407963878,0.0168931407055049,0.293606469986091,-3.12229574271507,FALSE,0.532234378427978,"Not significant"
"Q96PD5","High_vs_Control",0.232042720640878,12.8582879207523,2.39280482033452,0.0170749206569323,0.293606469986091,-3.13042820503407,FALSE,0.532234378427978,"Not significant"
"Q9UHF0","High_vs_Control",-0.315429350856161,7.85842642136385,-2.39336924638035,0.0171372270116392,0.293606469986091,-3.1199426605552,FALSE,0.532234378427978,"Not significant"
"P07355","High_vs_Control",-0.223793365883582,9.09851511318522,-2.39032374568515,0.0171894185157001,0.293606469986091,-3.13550490711344,FALSE,0.532234378427978,"Not significant"
"O94985","High_vs_Control",-0.183441724562831,10.9705470510569,-2.38742911811644,0.0173238544842369,0.293606469986091,-3.14142131714871,FALSE,0.532234378427978,"Not significant"
"Q10472","High_vs_Control",-0.177794459473196,8.97031374351362,-2.38685473810463,0.0173513332632664,0.293606469986091,-3.14256418102231,FALSE,0.532234378427978,"Not significant"
"Q86U17","High_vs_Control",0.228055461300306,8.15422483046984,2.38575427543937,0.0174034518471532,0.293606469986091,-3.14475368730879,FALSE,0.532234378427978,"Not significant"
"Q14112","High_vs_Control",-0.275826420943345,10.4174647778282,-2.3759472558904,0.0178662613731604,0.297909521036186,-3.16482053702932,FALSE,0.525915616733255,"Not significant"
"Q0VD83","High_vs_Control",-0.214289212017407,10.4164400313693,-2.3691770327585,0.0181930346575762,0.29987139883867,-3.1785661970533,FALSE,0.523064954443487,"Not significant"
"P04217","High_vs_Control",0.540288713742566,12.4061879138691,2.35119432756681,0.019086605263046,0.30154521240348,-3.21489083634641,FALSE,0.520647562378755,"Not significant"
"Q8NBJ7","High_vs_Control",-0.270620430392322,7.97717781860112,-2.34683111209736,0.019395815549721,0.30154521240348,-3.21166725927121,FALSE,0.520647562378755,"Not significant"
"Q08378","High_vs_Control",-0.238134121838955,10.9803317747758,-2.34090367785143,0.0196772172541565,0.30154521240348,-3.22442694555247,FALSE,0.520647562378755,"Not significant"
"P01714","High_vs_Control",0.409745813246452,9.76009229430238,2.33311603424659,0.0200317746632602,0.30154521240348,-3.2482063426673,FALSE,0.520647562378755,"Not significant"
"Q8IZP7","High_vs_Control",-0.197933054388864,8.72217445323731,-2.33264847341886,0.0200482385486879,0.30154521240348,-3.25207004565917,FALSE,0.520647562378755,"Not significant"
"P98160","High_vs_Control",-0.185979325635264,12.0119256250694,-2.33151793668204,0.0201082066299631,0.30154521240348,-3.25432715764927,FALSE,0.520647562378755,"Not significant"
"O75636","High_vs_Control",0.372446491821895,11.3094926594842,2.32601597931131,0.0204022984506399,0.30154521240348,-3.26529654043262,FALSE,0.520647562378755,"Not significant"
"A0A075B6P5;P01615","High_vs_Control",0.376880007481388,9.76705372042536,2.3232866059921,0.0205548756962283,0.30154521240348,-3.2692930025916,FALSE,0.520647562378755,"Not significant"
"A0A0C4DH38","High_vs_Control",0.442059691828483,9.60975575879872,2.32344104099058,0.0205675202411721,0.30154521240348,-3.26085432010992,FALSE,0.520647562378755,"Not significant"
"P29508","High_vs_Control",-0.37216579249523,7.94705885421987,-2.3224991257709,0.0206419870045818,0.30154521240348,-3.25678009023976,FALSE,0.520647562378755,"Not significant"
"Q06481","High_vs_Control",-0.308699418523245,9.1611703024845,-2.32009583735115,0.0207236894532183,0.30154521240348,-3.27692311444107,FALSE,0.520647562378755,"Not significant"
"P53367","High_vs_Control",-0.652107877402745,13.5885990659273,-2.30910357843661,0.0214359448635348,0.30154521240348,-3.28360923078347,FALSE,0.520647562378755,"Not significant"
"P02746","High_vs_Control",0.426365646001777,11.5328830290063,2.30192299040456,0.0217348755654851,0.30154521240348,-3.31303317958413,FALSE,0.520647562378755,"Not significant"
"P05546","High_vs_Control",0.194545793069015,16.0905144451672,2.30122013888371,0.0217748648315417,0.30154521240348,-3.31441848537942,FALSE,0.520647562378755,"Not significant"
"P11049","High_vs_Control",-0.231204531167107,11.2024668889406,-2.29910807353574,0.021896958808285,0.30154521240348,-3.3180013473538,FALSE,0.520647562378755,"Not significant"
"P09237","High_vs_Control",-0.269953663314205,8.14326116262506,-2.29626959499635,0.0221502060432492,0.30154521240348,-3.30699153186447,FALSE,0.520647562378755,"Not significant"
"P09486","High_vs_Control",-0.301366185765614,10.4959586609223,-2.28759438214593,0.0225629009997828,0.30154521240348,-3.3411928824454,FALSE,0.520647562378755,"Not significant"
"P51693","High_vs_Control",-0.246994213088916,12.0721161511754,-2.28705606624127,0.022594538158371,0.30154521240348,-3.3422474740479,FALSE,0.520647562378755,"Not significant"
"Q96IY4","High_vs_Control",0.1725015219436,12.6369758746046,2.28667527737936,0.0226169406983062,0.30154521240348,-3.34299331470028,FALSE,0.520647562378755,"Not significant"
"P04406","High_vs_Control",-0.256246765017325,12.5170949340456,-2.28572940936163,0.0226726717204577,0.30154521240348,-3.34484543513722,FALSE,0.520647562378755,"Not significant"
"P07858","High_vs_Control",-0.25534318367408,8.05039577322391,-2.28553802668978,0.0227105180889651,0.30154521240348,-3.33907216799153,FALSE,0.520647562378755,"Not significant"
"P04040","High_vs_Control",-0.289115847016435,9.6874781854886,-2.28071526836097,0.0229701107024074,0.302193933461029,-3.35465120260767,FALSE,0.519714258365109,"Not significant"
"P02750","High_vs_Control",0.542632990902447,9.85234448009057,2.26469928682536,0.0239430629422696,0.306453139833744,-3.38583140976658,FALSE,0.513635924628453,"Not significant"
"P02538","High_vs_Control",-0.26443543116998,14.7975265149345,-2.2640809189555,0.0239813361783657,0.306453139833744,-3.38703095249138,FALSE,0.513635924628453,"Not significant"
"P01861","High_vs_Control",0.410875388209844,13.8759859550291,2.25747947748762,0.0243932529841684,0.306453139833744,-3.39981681590305,FALSE,0.513635924628453,"Not significant"
"P08493","High_vs_Control",-0.196737455930567,14.5087894097268,-2.2550412649601,0.0245469403406129,0.306453139833744,-3.40452998442255,FALSE,0.513635924628453,"Not significant"
"A0A0B4J1U7","High_vs_Control",0.406109401787392,11.1591869462795,2.25231615508857,0.0247321703707835,0.306453139833744,-3.40622843111859,FALSE,0.513635924628453,"Not significant"
"A2NJV5","High_vs_Control",0.310605271760675,11.2133011808804,2.24935089268528,0.024908897447723,0.306453139833744,-3.41551033829588,FALSE,0.513635924628453,"Not significant"
"P29966","High_vs_Control",-0.203035342945706,7.17387665492518,-2.2440162481145,0.0252667333714218,0.306453139833744,-3.42144896182709,FALSE,0.513635924628453,"Not significant"
"P27797","High_vs_Control",-0.163294516040754,11.9731163602869,-2.24160546177889,0.0254090174713474,0.306453139833744,-3.43041260581649,FALSE,0.513635924628453,"Not significant"
"P20810","High_vs_Control",0.362521601660707,7.70905480461621,2.24257348825426,0.0254301098548535,0.306453139833744,-3.41000990255331,FALSE,0.513635924628453,"Not significant"
"P22466","High_vs_Control",-0.319433599964919,8.46941183115627,-2.23903715189516,0.0256474049931197,0.306453139833744,-3.42507114337034,FALSE,0.513635924628453,"Not significant"
"P08238","High_vs_Control",-0.198429506271353,12.9432715320142,-2.23768634078884,0.0256653776899553,0.306453139833744,-3.43793386632784,FALSE,0.513635924628453,"Not significant"
"Q7Z5L7","High_vs_Control",-0.26518807525692,7.23146187714848,-2.23564463960176,0.0259041123107698,0.306453139833744,-3.41533798582078,FALSE,0.513635924628453,"Not significant"
"P01597;P04432","High_vs_Control",0.307560072286407,8.9481176277079,2.23190524133137,0.0260720244488959,0.306453139833744,-3.44229681516912,FALSE,0.513635924628453,"Not significant"
"P16150","High_vs_Control",-0.207701053297686,11.7068321898301,-2.22016602349937,0.0268390504919555,0.30757577231086,-3.47139998461088,FALSE,0.512047876822811,"Not significant"
"P07358","High_vs_Control",0.180207976359313,12.6829791610266,2.21844759294071,0.026956631454728,0.30757577231086,-3.4746685519163,FALSE,0.512047876822811,"Not significant"
"Q8NFU4","High_vs_Control",-0.274206174347784,10.7797888315624,-2.2169938856316,0.0270868927857088,0.30757577231086,-3.46972585945039,FALSE,0.512047876822811,"Not significant"
"P35908","High_vs_Control",-0.290059474005773,14.6817118010482,-2.21528897345237,0.0271739187210892,0.30757577231086,-3.48066999231788,FALSE,0.512047876822811,"Not significant"
"Q9NZT1","High_vs_Control",-0.298103286897039,10.0037100961864,-2.21002422421163,0.0275445743215733,0.30757577231086,-3.488621957602,FALSE,0.512047876822811,"Not significant"
"P13647","High_vs_Control",-0.306622966443189,12.5492825171657,-2.20388135210376,0.0279713416950228,0.30757577231086,-3.50227500406916,FALSE,0.512047876822811,"Not significant"
"P01009","High_vs_Control",0.209439653232623,15.066071405462,2.19814450546659,0.0283799522409696,0.30757577231086,-3.51309881432679,FALSE,0.512047876822811,"Not significant"
"P16871","High_vs_Control",-0.217023966718893,10.2870750821815,-2.19731970868988,0.0284391209176781,0.30757577231086,-3.51465270213844,FALSE,0.512047876822811,"Not significant"
"A0A0B4J1Y8","High_vs_Control",0.444102614960157,9.13237845357707,2.19791775275224,0.0284465491627387,0.30757577231086,-3.49928420532259,FALSE,0.512047876822811,"Not significant"
"A0A0C4DH25","High_vs_Control",0.382505654863952,10.4729718583652,2.19474691769027,0.0286535409742937,0.30757577231086,-3.51157665291279,FALSE,0.512047876822811,"Not significant"
"P07988","High_vs_Control",0.247904883114776,7.98636832936133,2.19245140104105,0.0288178307166793,0.30757577231086,-3.51566111128831,FALSE,0.512047876822811,"Not significant"
"Q14520","High_vs_Control",-0.190324848132498,17.7652235911754,-2.19030709820801,0.0289465058479793,0.30757577231086,-3.52784114647093,FALSE,0.512047876822811,"Not significant"
"P60520","High_vs_Control",-0.25856921803295,7.11976079200681,-2.19047860707138,0.0290116831034088,0.30757577231086,-3.50481432232569,FALSE,0.512047876822811,"Not significant"
"Q06033","High_vs_Control",-0.174210628012563,17.8933602998174,-2.18724680027618,0.0291703661326897,0.30757577231086,-3.53358363593826,FALSE,0.512047876822811,"Not significant"
"Q16363","High_vs_Control",-0.254893041196983,7.94111359494882,-2.18262146238004,0.0295132812392478,0.307841353661865,-3.54190280883238,FALSE,0.51167303992754,"Not significant"
"P23588","High_vs_Control",-0.580489009498448,8.92201182114604,-2.18313868419919,0.029624900143192,0.307841353661865,-3.50808870569641,FALSE,0.51167303992754,"Not significant"
"P13942","High_vs_Control",-0.214099416630445,9.11401878097648,-2.17151098670702,0.0303451789261474,0.308139387434977,-3.56298690329389,FALSE,0.511252785122324,"Not significant"
"P13987","High_vs_Control",-0.203581099192382,10.2741209241963,-2.17118875644414,0.0303776671504942,0.308139387434977,-3.55936658825275,FALSE,0.511252785122324,"Not significant"
"P62330","High_vs_Control",-0.224480380572796,8.08857331803925,-2.17125703736102,0.0304161084622079,0.308139387434977,-3.54306188064868,FALSE,0.511252785122324,"Not significant"
"A0A0C4DH43","High_vs_Control",0.544778563725774,9.49687330696305,2.16992639963372,0.0305131053108555,0.308139387434977,-3.55020322704601,FALSE,0.511252785122324,"Not significant"
"Q9BV94","High_vs_Control",-0.211193617166346,9.52629169095206,-2.14836777570813,0.0321551707863819,0.322451153200501,-3.60205734933932,FALSE,0.491536065531668,"Not significant"
"P00488","High_vs_Control",0.258650525559997,10.2655126239926,2.14353658056852,0.0325345091375288,0.323698848853413,-3.61474513005457,FALSE,0.489858845044444,"Not significant"
"Q9Y6C2","High_vs_Control",-0.265204064825273,10.4729699752306,-2.14110511598694,0.032731055149055,0.323698848853413,-3.61921276034461,FALSE,0.489858845044444,"Not significant"
"Q14242","High_vs_Control",-0.169920312979473,12.0745274897736,-2.13506733231564,0.0332235308898269,0.325798405424649,-3.63028523310866,FALSE,0.487051045616738,"Not significant"
"P05154","High_vs_Control",-0.157727131428674,11.1060086987,-2.13294984969967,0.0333977444891376,0.325798405424649,-3.63416114873937,FALSE,0.487051045616738,"Not significant"
"Q8NG11","High_vs_Control",-0.193689783028715,7.23294595188545,-2.12457740092211,0.034233704346389,0.329838191448347,-3.61934760064504,FALSE,0.481699059501133,"Not significant"
"P55072","High_vs_Control",-0.334396720672586,10.0739114170884,-2.1214090215088,0.0343610933669252,0.329838191448347,-3.65521961916396,FALSE,0.481699059501133,"Not significant"
"A0A0A0MS15","High_vs_Control",0.372821307000565,10.9331869761128,2.11728067255997,0.0347142052955339,0.329838191448347,-3.66229967080192,FALSE,0.481699059501133,"Not significant"
"P14543","High_vs_Control",-0.216575214211083,12.1827363047751,-2.11466347131591,0.0349351179315961,0.329838191448347,-3.66747630710267,FALSE,0.481699059501133,"Not significant"
"A1L4H1","High_vs_Control",-0.201759299041367,11.5110008924975,-2.1143507412899,0.0349619282427815,0.329838191448347,-3.66804361025496,FALSE,0.481699059501133,"Not significant"
"Q92187","High_vs_Control",-0.157850684388134,10.9889736113409,-2.10685278011213,0.0356100226183405,0.33375668257974,-3.68162053798108,FALSE,0.476570029961597,"Not significant"
"P02649","High_vs_Control",-0.136853877276977,16.5870912448175,-2.10253439226064,0.0359879312165508,0.335108398470999,-3.68941858866909,FALSE,0.474814687760356,"Not significant"
"Q14624","High_vs_Control",0.24515675214615,15.3913001162041,2.09631355523232,0.0365383514854615,0.338038684065495,-3.7006244542102,FALSE,0.471033597607374,"Not significant"
"O00592","High_vs_Control",-0.235586257341687,12.9048476261429,-2.08041219245175,0.0379780988894542,0.347817216699567,-3.72912022460443,FALSE,0.458648924539863,"Not significant"
"P06312","High_vs_Control",0.33434151434138,12.0200099772002,2.07930193957648,0.0380804065703152,0.347817216699567,-3.73110188398491,FALSE,0.458648924539863,"Not significant"
"P13611","High_vs_Control",-0.176604919793615,13.0080616075689,-2.06817103869407,0.0391191524847541,0.350975990734864,-3.75091174645622,FALSE,0.454722591363232,"Not significant"
"A0A0B4J1X5","High_vs_Control",0.399281921738424,12.4634443026714,2.06568872818997,0.0393579286642802,0.350975990734864,-3.75409762052673,FALSE,0.454722591363232,"Not significant"
"Q9H1B5","High_vs_Control",-0.242208354248005,8.72378670887137,-2.06395810676591,0.0395185547146532,0.350975990734864,-3.75838235377848,FALSE,0.454722591363232,"Not significant"
"Q6UWP8","High_vs_Control",-0.227308835680343,8.86699732756677,-2.06160898242252,0.0397427645416796,0.350975990734864,-3.76254146016429,FALSE,0.454722591363232,"Not significant"
"P10451","High_vs_Control",-0.175942566604345,12.3126779788882,-2.06131236952544,0.0397711512935525,0.350975990734864,-3.76306628043636,FALSE,0.454722591363232,"Not significant"
"P46060","High_vs_Control",-0.299456915985826,8.00839425980073,-2.06033085975485,0.0398947604531261,0.350975990734864,-3.75377744510906,FALSE,0.454722591363232,"Not significant"
"P04180","High_vs_Control",0.169506388985084,11.8711718459701,2.05531698772194,0.0403486374018861,0.351131570778437,-3.77365848497472,FALSE,0.454530120695694,"Not significant"
"P24821","High_vs_Control",-0.221123951820733,13.2618975828428,-2.05259352854371,0.0406133122659242,0.351131570778437,-3.77846009095905,FALSE,0.454530120695694,"Not significant"
"Q08380","High_vs_Control",-0.170089304195624,16.369462900768,-2.05224766521336,0.0406470298111719,0.351131570778437,-3.77906941947627,FALSE,0.454530120695694,"Not significant"
"Q92823","High_vs_Control",-0.20296813569059,8.66771758471406,-2.04300255417781,0.0415571773111976,0.356844265055433,-3.79531973278494,FALSE,0.447521278519756,"Not significant"
"P0DP02","High_vs_Control",0.273015388769526,12.1586038216111,2.03509720321713,0.0423491003470958,0.361479820819854,-3.80915798534793,FALSE,0.441915941664593,"Not significant"
"O43852","High_vs_Control",-0.252907851664739,11.7898510912097,-2.02964561782335,0.0429026437451715,0.362447712388203,-3.81867024773673,FALSE,0.44075463698035,"Not significant"
"O95445","High_vs_Control",0.13436535007364,13.7308689348061,2.02900590414166,0.0429679993765652,0.362447712388203,-3.81978481688777,FALSE,0.44075463698035,"Not significant"
"Q6UXD5","High_vs_Control",-0.188662361955318,9.64127741702673,-2.01667453203139,0.0442444088725458,0.363193134698967,-3.84120224758112,FALSE,0.439862369375993,"Not significant"
"Q09327","High_vs_Control",-0.225784309751535,7.51174105797776,-2.01593907852229,0.0443634782799627,0.363193134698967,-3.82312553013638,FALSE,0.439862369375993,"Not significant"
"P23280","High_vs_Control",0.23027941984893,7.38062884006955,2.01642992048335,0.0444088728838402,0.363193134698967,-3.79589872332741,FALSE,0.439862369375993,"Not significant"
"Q8IUX7","High_vs_Control",-0.161243721622457,10.8583446705053,-2.01418075621889,0.0445064019100539,0.363193134698967,-3.84551790838669,FALSE,0.439862369375993,"Not significant"
"Q99733","High_vs_Control",-0.296957812770742,9.86440203814338,-2.01363790305609,0.0445676222769274,0.363193134698967,-3.84566916382763,FALSE,0.439862369375993,"Not significant"
"Q07507","High_vs_Control",-0.18568778470358,13.3688479173569,-2.0132937938087,0.0445999010345435,0.363193134698967,-3.84705159681087,FALSE,0.439862369375993,"Not significant"
"P35858","High_vs_Control",0.173695202468704,12.4726178298046,2.01040236332124,0.04490585584725,0.363193134698967,-3.85204669734492,FALSE,0.439862369375993,"Not significant"
"Q9Y6R7","High_vs_Control",0.362919018785889,7.13559313482618,2.00373491705532,0.0457582094985667,0.363193134698967,-3.81485420396974,FALSE,0.439862369375993,"Not significant"
"P02786","High_vs_Control",0.199490854795833,11.0945437943766,1.99999707971053,0.0460216125356628,0.363193134698967,-3.86996401720121,FALSE,0.439862369375993,"Not significant"
"P08185","High_vs_Control",0.291570551132178,10.3594173246589,1.99950115794879,0.0460753696288254,0.363193134698967,-3.87081568613817,FALSE,0.439862369375993,"Not significant"
"Q9BUD6","High_vs_Control",-0.232638713018185,8.30220130383214,-1.99838007164446,0.0462257655186315,0.363193134698967,-3.86560364537523,FALSE,0.439862369375993,"Not significant"
"Q06828","High_vs_Control",-0.147471257807943,11.3865768349313,-1.99797184317553,0.046241478864859,0.363193134698967,-3.87344074095883,FALSE,0.439862369375993,"Not significant"
"P17927","High_vs_Control",-0.208345168781199,7.51328681995119,-1.99635476100999,0.0464430416305523,0.363193134698967,-3.86525569188565,FALSE,0.439862369375993,"Not significant"
"Q9NR99","High_vs_Control",-0.151577811019699,10.2462125740413,-1.99466682254273,0.0466021874369664,0.363193134698967,-3.8791070369181,FALSE,0.439862369375993,"Not significant"
"O00461","High_vs_Control",-0.181774836307358,8.94365281764459,-1.98649406257653,0.0475043693893325,0.368223057861096,-3.89307924797572,FALSE,0.433889019774697,"Not significant"
"O00429","High_vs_Control",0.370244366413733,7.1079242375936,1.97725559499443,0.0486576227030425,0.375134575033134,-3.88082126097057,FALSE,0.42581290637953,"Not significant"
"Q86YZ3","High_vs_Control",-0.244878478746411,8.67645995600954,-1.96824426693821,0.0495742696362264,0.378189767001511,-3.92377845611545,FALSE,0.422290226402933,"Not significant"
"Q99715","High_vs_Control",-0.163004595510314,10.7379249597153,-1.9681648899757,0.049581364153615,0.378189767001511,-3.92420989547677,FALSE,0.422290226402933,"Not significant"
"P62879","High_vs_Control",-0.178033086087735,10.1651402543917,-1.95748467635918,0.0508264590650737,0.385635673541353,-3.94221857021535,FALSE,0.413822798146931,"Not significant"
"Q02818","High_vs_Control",-0.177788509937805,8.53375996100122,-1.95311003286986,0.0513439823909012,0.38751195130817,-3.94956715384773,FALSE,0.411714898816638,"Not significant"
"Q9UPN7","High_vs_Control",-0.262335734312878,6.77480540693753,-1.94764192433393,0.0521073755405728,0.389782073018903,-3.92430061208878,FALSE,0.409178138969048,"Not significant"
"Q9HCM3","High_vs_Control",-0.147284426953441,9.58969756289802,-1.94234015136255,0.0526369458758244,0.389782073018903,-3.96758963754795,FALSE,0.409178138969048,"Not significant"
"P50895","High_vs_Control",-0.20426573081232,8.56125338970368,-1.94173879594363,0.0527109845827593,0.389782073018903,-3.96830025432533,FALSE,0.409178138969048,"Not significant"
"Q9BYH1","High_vs_Control",-0.162456914421153,11.0767575573965,-1.93832975565754,0.0531253324321056,0.389782073018903,-3.97427564962837,FALSE,0.409178138969048,"Not significant"
"Q76I76","High_vs_Control",-0.200655062901811,9.18738133900111,-1.93709647649906,0.0533709896533654,0.389782073018903,-3.95215428493984,FALSE,0.409178138969048,"Not significant"
"P06681","High_vs_Control",0.350821295833827,10.8469637887999,1.93578686269339,0.0534369689380187,0.389782073018903,-3.97850804276739,FALSE,0.409178138969048,"Not significant"
"P01137","High_vs_Control",-0.281331867129712,8.46171516346688,-1.93322594185294,0.0538156337847619,0.389782073018903,-3.96790769132653,FALSE,0.409178138969048,"Not significant"
"Q6ZRP7","High_vs_Control",-0.185785882720882,8.45863801831273,-1.93246638166964,0.0538462040982932,0.389782073018903,-3.98402642594821,FALSE,0.409178138969048,"Not significant"
"P00450","High_vs_Control",0.336012241433711,12.0127084230485,1.93048944746689,0.0540910966044363,0.389782073018903,-3.98730751172475,FALSE,0.409178138969048,"Not significant"
"P05089","High_vs_Control",-0.25224022512764,9.06051742196426,-1.92695451767078,0.0545420516450262,0.391066510294838,-3.98802614151174,FALSE,0.407749374068076,"Not significant"
"P02790","High_vs_Control",0.342343422754226,15.0135403054659,1.91937502058096,0.0554853093649092,0.395850416066068,-4.00569244088615,FALSE,0.402468894250599,"Not significant"
"Q6Q788","High_vs_Control",-0.161074274273561,12.4906748574499,-1.91237172861506,0.0563791435284893,0.398013847537828,-4.01722329205931,FALSE,0.400101817864381,"Not significant"
"Q10589","High_vs_Control",-0.279821180396723,7.42872267096345,-1.91038370158091,0.0567225507156121,0.398013847537828,-3.98760455918395,FALSE,0.400101817864381,"Not significant"
"A0A0C4DH67","High_vs_Control",0.265605569644435,8.28984084694474,1.90961385000614,0.05679855320646,0.398013847537828,-3.99823309553797,FALSE,0.400101817864381,"Not significant"
"P61225","High_vs_Control",-0.260316331959068,9.61389651361654,-1.90764779394985,0.0570064110981317,0.398013847537828,-4.02110029505108,FALSE,0.400101817864381,"Not significant"
"P29279","High_vs_Control",-0.266859633563156,8.35887555666215,-1.90424520728438,0.0575539036909254,0.398013847537828,-3.99735379715922,FALSE,0.400101817864381,"Not significant"
"Q14517","High_vs_Control",-0.201689641483068,10.1621116505705,-1.9027690278005,0.0576242562153469,0.398013847537828,-4.0329666106963,FALSE,0.400101817864381,"Not significant"
"Q14203","High_vs_Control",0.250782305620296,9.90182600939197,1.90138210714594,0.0578190984577075,0.398013847537828,-4.02752660244124,FALSE,0.400101817864381,"Not significant"
"Q9ULI3","High_vs_Control",-0.105111231950342,13.5651344668898,-1.89983682950989,0.0580089917262246,0.398013847537828,-4.03775830989235,FALSE,0.400101817864381,"Not significant"
"Q13201","High_vs_Control",-0.288538263279767,13.5818124872409,-1.89046888822667,0.0592525368853381,0.401579385973319,-4.05301833832068,FALSE,0.396228588661373,"Not significant"
"O75487","High_vs_Control",-0.162212486687892,8.63209285874185,-1.88786249377475,0.0596035199345603,0.401579385973319,-4.05703097337609,FALSE,0.396228588661373,"Not significant"
"P02765","High_vs_Control",0.201033798702323,17.0126491328544,1.88716397270317,0.0596965082557453,0.401579385973319,-4.05838420314829,FALSE,0.396228588661373,"Not significant"
"P07942","High_vs_Control",-0.186585220973553,9.9521803158994,-1.88605750600415,0.0598457642913582,0.401579385973319,-4.06017859849655,FALSE,0.396228588661373,"Not significant"
"P08575","High_vs_Control",-0.147061906153825,10.3628173713372,-1.8845988046406,0.0600430090000788,0.401579385973319,-4.0625426416426,FALSE,0.396228588661373,"Not significant"
"P02763","High_vs_Control",0.446296920045986,12.0592377645924,1.88337503048293,0.0602089037547167,0.401579385973319,-4.06452456107012,FALSE,0.396228588661373,"Not significant"
"P51888","High_vs_Control",-0.192250783888129,7.70211132190347,-1.88032667895749,0.0606427914622128,0.402600754429691,-4.061961269251,FALSE,0.395125415626339,"Not significant"
"Q9BXT2","High_vs_Control",-0.224377338143368,8.77237096449732,-1.87622238161999,0.0613683311493115,0.404944356559602,-4.03136024438097,FALSE,0.392604649129391,"Not significant"
"A0A0A0MRZ8;P04433","High_vs_Control",0.297235017142704,12.063645350786,1.8717859599705,0.0618032657488379,0.404944356559602,-4.08163501320122,FALSE,0.392604649129391,"Not significant"
"P01040","High_vs_Control",-0.240431242838081,10.1976676246588,-1.8709312089464,0.0619263502943831,0.404944356559602,-4.07941739489068,FALSE,0.392604649129391,"Not significant"
"Q15582","High_vs_Control",-0.156096468265645,10.6948285205239,-1.86943712815723,0.0621253545628399,0.404944356559602,-4.08700775348653,FALSE,0.392604649129391,"Not significant"
"A0M8Q6","High_vs_Control",0.287850501977537,15.2650480780964,1.86040610600757,0.0634039307501732,0.409004523028042,-4.09940770178386,FALSE,0.388271889265864,"Not significant"
"O94966","High_vs_Control",0.477657033694593,10.6546776820167,1.86029469274397,0.0634796226326548,0.409004523028042,-4.07425860363288,FALSE,0.388271889265864,"Not significant"
"O95373","High_vs_Control",-0.256923149349038,9.14071552601856,-1.85690494372872,0.0638947777117343,0.409004523028042,-4.1064503172675,FALSE,0.388271889265864,"Not significant"
"Q7LGC8","High_vs_Control",-0.135220958478937,11.0081953095231,-1.85571796692933,0.0640608904954963,0.409004523028042,-4.10897747341253,FALSE,0.388271889265864,"Not significant"
"P07360","High_vs_Control",0.218110445190277,11.6507440094732,1.85492447183227,0.0641743498474961,0.409004523028042,-4.11024329208973,FALSE,0.388271889265864,"Not significant"
"P39060","High_vs_Control",-0.151388747237979,14.1331964245221,-1.84772703698993,0.0652111067383698,0.411999846443834,-4.121700603335,FALSE,0.385102945832419,"Not significant"
"O60279","High_vs_Control",-0.138654384659862,12.8655236198375,-1.84767299302175,0.0652189436141913,0.411999846443834,-4.12178646780777,FALSE,0.385102945832419,"Not significant"
"P02749","High_vs_Control",0.278753613777562,13.8718077363673,1.84491689314986,0.0656196376467812,0.412145144791869,-4.12616204904215,FALSE,0.3849498119249,"Not significant"
"P41218","High_vs_Control",0.393641112471661,7.38365890636647,1.84135056402211,0.0662172817490937,0.412145144791869,-4.10939763706493,FALSE,0.3849498119249,"Not significant"
"P01024","High_vs_Control",0.197497558545802,12.8690672400851,1.83920305319657,0.0664568262852622,0.412145144791869,-4.13521283545793,FALSE,0.3849498119249,"Not significant"
"P02753","High_vs_Control",0.25688312397736,12.7428919981947,1.83916572339746,0.0664623247019353,0.412145144791869,-4.13527187533129,FALSE,0.3849498119249,"Not significant"
"P13473","High_vs_Control",0.274265105604838,7.35724220164884,1.83845637086783,0.0666789913470806,0.412145144791869,-4.08627087605456,FALSE,0.3849498119249,"Not significant"
"O15466","High_vs_Control",-0.162657556590682,9.26655341569532,-1.83172200746288,0.067567372324525,0.415843827954372,-4.14678787575414,FALSE,0.381069740027054,"Not significant"
"P10645","High_vs_Control",-0.200253402791146,10.5482874704391,-1.82720405697734,0.0682436461251463,0.418211062151538,-4.15412933740953,FALSE,0.37860448379039,"Not significant"
"O95196","High_vs_Control",-0.158509278591627,9.55429030817418,-1.82272676293829,0.0689387777634195,0.420673222607419,-4.15579160565853,FALSE,0.37605513153887,"Not significant"
"O15400","High_vs_Control",-0.184104072755666,8.60855116887885,-1.81944803619304,0.0694286032033864,0.42186702115956,-4.16439197524366,FALSE,0.374824423630277,"Not significant"
"P63241","High_vs_Control",-0.264477849741331,9.35695464664387,-1.81373269734815,0.0702967332037923,0.425280810456815,-4.175221629207,FALSE,0.371324213102422,"Not significant"
"Q9UQ16","High_vs_Control",0.266416439941379,7.30226438455966,1.81197360274927,0.0706867497349578,0.425280810456815,-4.13988492807383,FALSE,0.371324213102422,"Not significant"
"P08648","High_vs_Control",-0.183241929783383,7.92067956258223,-1.81009785768644,0.0708801350761359,0.425280810456815,-4.17367524888281,FALSE,0.371324213102422,"Not significant"
"A0A075B6K4","High_vs_Control",0.417549571866887,9.97547298687058,1.79636565573048,0.0730762607727981,0.436630658117469,-4.17365079891529,FALSE,0.359885773473912,"Not significant"
"Q3SY84","High_vs_Control",-0.273349365326848,9.58802080940412,-1.78837343482254,0.0743192130190969,0.442214736387489,-4.20192415085636,FALSE,0.354366789063654,"Not significant"
"Q96FZ7","High_vs_Control",-0.244711150302553,7.3122441123634,-1.77787470807069,0.0761829449538652,0.450190360675758,-4.16969493730328,FALSE,0.346603808202991,"Not significant"
"Q6V0I7","High_vs_Control",-0.190816240726829,9.78190102316283,-1.77459759516385,0.0765509363516714,0.450190360675758,-4.23562312109245,FALSE,0.346603808202991,"Not significant"
"Q8IWE2","High_vs_Control",0.204096783207981,6.35918696206355,1.77308417400549,0.0769232587286865,0.450190360675758,-4.1781744773003,FALSE,0.346603808202991,"Not significant"
"Q9BRK5","High_vs_Control",-0.182256693174009,9.51665916467102,-1.77176144108712,0.0770213314277393,0.450190360675758,-4.2399499772058,FALSE,0.346603808202991,"Not significant"
"Q92688","High_vs_Control",-0.205183123606998,9.52771836587582,-1.76935084016476,0.0774490377137481,0.450190360675758,-4.23491618217738,FALSE,0.346603808202991,"Not significant"
"P32004","High_vs_Control",-0.236589506396558,7.65869454910037,-1.76776931172808,0.0777274151959073,0.450190360675758,-4.22524089075039,FALSE,0.346603808202991,"Not significant"
"P02743","High_vs_Control",0.326342758476095,11.3213624916876,1.76375289858726,0.0783623685075395,0.450190360675758,-4.25213101141487,FALSE,0.346603808202991,"Not significant"
"P07093","High_vs_Control",-0.24683417203885,7.58469069019594,-1.76399572708187,0.0783801079301648,0.450190360675758,-4.23131938328151,FALSE,0.346603808202991,"Not significant"
"P04062","High_vs_Control",-0.177202525021292,7.18750937518443,-1.76301321589075,0.0785556420654903,0.450190360675758,-4.21272748819368,FALSE,0.346603808202991,"Not significant"
"Q14766","High_vs_Control",-0.269681452381917,12.3736337899634,-1.76116946848475,0.0787990101322282,0.450190360675758,-4.25604880943264,FALSE,0.346603808202991,"Not significant"
"Q9UBP4","High_vs_Control",-0.153562403193382,10.6168891899377,-1.75204810654771,0.0803565714706119,0.45686956052042,-4.26983613291899,FALSE,0.340207776368442,"Not significant"
"P01031","High_vs_Control",0.210635667122851,11.1023038508442,1.75060488241859,0.0806052990318454,0.45686956052042,-4.27201115499286,FALSE,0.340207776368442,"Not significant"
"Q9Y6E0","High_vs_Control",0.238789439351805,7.23886312609561,1.73543284851595,0.0833586388097167,0.470255551983003,-4.26216475033348,FALSE,0.327666068331867,"Not significant"
"P01023","High_vs_Control",0.275736569073857,14.0829017662383,1.73210504689274,0.0838494675681442,0.470255551983003,-4.2997348304751,FALSE,0.327666068331867,"Not significant"
"Q9UGM5","High_vs_Control",0.212692002673418,12.109130419024,1.72770531353102,0.0846364178865859,0.470255551983003,-4.30628544370549,FALSE,0.327666068331867,"Not significant"
"P11047","High_vs_Control",-0.181175549009057,9.26542368320038,-1.72648847806088,0.0848551196378764,0.470255551983003,-4.30809424580348,FALSE,0.327666068331867,"Not significant"
"P00326","High_vs_Control",0.232216916165422,9.50723702676621,1.72536757241375,0.0850663192671531,0.470255551983003,-4.30768874022333,FALSE,0.327666068331867,"Not significant"
"Q96MF2","High_vs_Control",-0.233612921045502,12.3968509635338,-1.72316430966064,0.0854560612769014,0.470255551983003,-4.31277152713,FALSE,0.327666068331867,"Not significant"
"Q9Y646","High_vs_Control",0.130848601868912,8.41227064146051,1.72202912725616,0.0856628281328047,0.470255551983003,-4.31422060918158,FALSE,0.327666068331867,"Not significant"
"P48454","High_vs_Control",-0.255498668997893,10.6864968819858,-1.72290782218079,0.0856827502127109,0.470255551983003,-4.22199451140509,FALSE,0.327666068331867,"Not significant"
"Q9NQ30","High_vs_Control",-0.155848551543368,9.49458803488336,-1.72064701301132,0.0859183783957788,0.470255551983003,-4.31469596876696,FALSE,0.327666068331867,"Not significant"
"Q15293","High_vs_Control",-0.167433964432904,10.5406115393328,-1.71434896761344,0.0870621445480658,0.472969574386212,-4.32607051515679,FALSE,0.325166796051149,"Not significant"
"P16070","High_vs_Control",-0.136105185009917,16.2862815297193,-1.71278001866907,0.0873507481336864,0.472969574386212,-4.32838468803553,FALSE,0.325166796051149,"Not significant"
"P01602","High_vs_Control",0.281092109915338,8.47720281618991,1.71324861124288,0.0874037219054018,0.472969574386212,-4.27518888896199,FALSE,0.325166796051149,"Not significant"
"P02760","High_vs_Control",-0.0947204789453728,15.7761766532437,-1.7042843403559,0.0889269762375609,0.479403323025047,-4.34087933620269,FALSE,0.319298959942667,"Not significant"
"P47929","High_vs_Control",-0.296100980343873,8.1360520669455,-1.70033294581463,0.0897772334889057,0.480611101397252,-4.29165256821823,FALSE,0.31820620186361,"Not significant"
"Q15389","High_vs_Control",-0.234272601764197,7.65861191198878,-1.69982040006017,0.0898213216000444,0.480611101397252,-4.32713373827367,FALSE,0.31820620186361,"Not significant"
"Q9BQE5","High_vs_Control",0.167056146650138,11.0032117998219,1.69199848686165,0.0912985385393294,0.486699272362076,-4.33979967755409,FALSE,0.312739303046347,"Not significant"
"P35052","High_vs_Control",-0.126641007502308,7.97811099423777,-1.68893513449674,0.0918329785934236,0.487735152973961,-4.36329796494285,FALSE,0.311815941983923,"Not significant"
"Q9NRB3","High_vs_Control",-0.170866360480698,9.56108809663708,-1.68509334803668,0.0925721766945284,0.489846868560715,-4.36887783287506,FALSE,0.309939663916306,"Not significant"
"P04004","High_vs_Control",-0.124091643077204,18.311104894547,-1.68127040353614,0.0933124981684783,0.491948979314698,-4.37441787681729,FALSE,0.308079936157574,"Not significant"
"P07996","High_vs_Control",-0.213706308131417,16.5819902692783,-1.67807800682962,0.0939343565708468,0.492514507268997,-4.3790346361861,FALSE,0.30758097260986,"Not significant"
"Q9NRA1","High_vs_Control",-0.156820533782502,9.46322529784544,-1.67613007624724,0.0943154353985585,0.492514507268997,-4.38184742404454,FALSE,0.30758097260986,"Not significant"
"Q07960","High_vs_Control",0.20782188142568,7.91996207824323,1.67475623454022,0.0945968028783051,0.492514507268997,-4.38071723777395,FALSE,0.30758097260986,"Not significant"
"P14923","High_vs_Control",-0.246206190595792,9.01345856411896,-1.67305927573127,0.0949233946215487,0.492514507268997,-4.38360504972052,FALSE,0.30758097260986,"Not significant"
"Q6UXI9","High_vs_Control",-0.185852250152003,11.0646983569581,-1.67195176338577,0.0951370421991019,0.492514507268997,-4.38786997152044,FALSE,0.30758097260986,"Not significant"
"P05186","High_vs_Control",-0.184684173277086,6.64416715983363,-1.66936079103992,0.0958062671758914,0.494194917734634,-4.33855370267199,FALSE,0.306101725164521,"Not significant"
"P02533","High_vs_Control",-0.21564089875463,13.6158015743628,-1.66672805285915,0.0961722885280192,0.494304880821432,-4.3953784502602,FALSE,0.30600510124598,"Not significant"
"P11362","High_vs_Control",-0.197577573614248,8.7918583621456,-1.66459787449437,0.0966137951976716,0.494800651119504,-4.38906718754883,FALSE,0.30556973754449,"Not significant"
"P81605","High_vs_Control",-0.178627354114337,12.8945605089236,-1.66266240669419,0.0969842678861277,0.494930391988281,-4.40120628257455,FALSE,0.305455876826263,"Not significant"
"Q9UKX5","High_vs_Control",0.160405999489956,6.82044209642383,1.65602548280833,0.0983904281356057,0.500325794136378,-4.38227756212835,FALSE,0.300747106626235,"Not significant"
"Q99983","High_vs_Control",-0.161876211235787,14.0210376603404,-1.65020286740377,0.0995069378064733,0.502629844852348,-4.41897861512591,FALSE,0.298751727701518,"Not significant"
"P80303","High_vs_Control",-0.21451998394666,6.46652394997508,-1.64894080314844,0.0999302586850184,0.502629844852348,-4.35404197572139,FALSE,0.298751727701518,"Not significant"
"Q01469","High_vs_Control",-0.182673164986364,9.08241854931594,-1.64613512347145,0.100350094352483,0.502629844852348,-4.42055964579139,FALSE,0.298751727701518,"Not significant"
"O00560","High_vs_Control",-0.197055015163862,9.43287317694142,-1.64591772637859,0.100399709629944,0.502629844852348,-4.42093911971325,FALSE,0.298751727701518,"Not significant"
"P06396","High_vs_Control",0.177215412097585,15.190367794031,1.64421194770909,0.100738465507917,0.502629844852348,-4.4274770572837,FALSE,0.298751727701518,"Not significant"
"Q96GW7","High_vs_Control",-0.154756775178298,7.67663917719924,-1.64319809473808,0.10098397487211,0.502629844852348,-4.41360285134727,FALSE,0.298751727701518,"Not significant"
"P01880","High_vs_Control",0.438155829535486,9.81552604362649,1.63958901628685,0.101783967851053,0.502629844852348,-4.39139785523096,FALSE,0.298751727701518,"Not significant"
"P35527","High_vs_Control",-0.217039456612994,14.6157384664334,-1.6383129788195,0.101962963430493,0.502629844852348,-4.43581521648503,FALSE,0.298751727701518,"Not significant"
"P10124","High_vs_Control",-0.192914135248541,13.0435180040798,-1.6366549470794,0.102309265653167,0.502629844852348,-4.43815350269289,FALSE,0.298751727701518,"Not significant"
"P0DOX7","High_vs_Control",0.173093693572349,13.6163596429041,1.63623068639979,0.102398028850019,0.502629844852348,-4.43875145234377,FALSE,0.298751727701518,"Not significant"
"A6NM11;A6NMS7","High_vs_Control",-0.170492857391146,7.35977927389782,-1.63511610388745,0.102699124506093,0.502629844852348,-4.40836814794179,FALSE,0.298751727701518,"Not significant"
"P07339","High_vs_Control",-0.17907398766752,9.11978319751669,-1.63259522225437,0.103161157052659,0.502707757358313,-4.44386896519111,FALSE,0.298684413057352,"Not significant"
"Q9UHG3","High_vs_Control",0.120933983882052,10.6741638976403,1.63138514594792,0.103416170446794,0.502707757358313,-4.44556985066627,FALSE,0.298684413057352,"Not significant"
"P55209","High_vs_Control",-0.219540160889608,10.0879312476909,-1.6283989308936,0.104049991526537,0.503716540324843,-4.44926892050794,FALSE,0.297813788165778,"Not significant"
"B2RUZ4","High_vs_Control",-0.193509832029857,8.67495919405473,-1.62626690381126,0.104593567655066,0.503716540324843,-4.41921727488928,FALSE,0.297813788165778,"Not significant"
"Q9NYQ6","High_vs_Control",-0.160650082838238,8.54993929967085,-1.6253528096594,0.104696113865686,0.503716540324843,-4.45375218245794,FALSE,0.297813788165778,"Not significant"
"P19367","High_vs_Control",0.41098745184809,7.41152132612373,1.6230913091545,0.105395691313361,0.503716540324843,-4.38749705349116,FALSE,0.297813788165778,"Not significant"
"P19652","High_vs_Control",0.302219390156568,13.5509536726081,1.62027389808521,0.105781333474294,0.503716540324843,-4.46112956362795,FALSE,0.297813788165778,"Not significant"
"P0DOX3","High_vs_Control",0.289497281049446,9.37166241430611,1.62006861129484,0.105896071746107,0.503716540324843,-4.42468365428906,FALSE,0.297813788165778,"Not significant"
"Q6UVK1","High_vs_Control",-0.138711180004757,10.2513471448004,-1.61887299625511,0.106082562885706,0.503716540324843,-4.46308386409886,FALSE,0.297813788165778,"Not significant"
"P54920","High_vs_Control",-0.183408478350501,8.24123071567744,-1.61529416931663,0.10686472641459,0.505755833922515,-4.46499516215845,FALSE,0.296059098916538,"Not significant"
"O00602","High_vs_Control",0.171478352102733,8.28377233892702,1.61243763932157,0.107542884829707,0.507074828785162,-4.44683194418909,FALSE,0.294927947312565,"Not significant"
"P26022","High_vs_Control",-0.15382049524025,10.4315416554361,-1.61071349480391,0.107850643500331,0.507074828785162,-4.47443340131827,FALSE,0.294927947312565,"Not significant"
"P04114","High_vs_Control",0.138590004772627,16.2906814788437,1.60725205348291,0.108607735885552,0.508322676297096,-4.47923099779789,FALSE,0.293860515969082,"Not significant"
"P19256","High_vs_Control",-0.138817342426453,7.92849692399026,-1.60645049943745,0.108825008105445,0.508322676297096,-4.4554146460938,FALSE,0.293860515969082,"Not significant"
"O75787","High_vs_Control",-0.156595506809309,9.87541007003625,-1.60407705167039,0.109305879995356,0.508911142575782,-4.48362261263634,FALSE,0.293358040173671,"Not significant"
"Q9HC84","High_vs_Control",-0.247698296716219,8.75911052980223,-1.60021402374556,0.110173300390745,0.511289685308507,-4.4858199042973,FALSE,0.29133296858538,"Not significant"
"Q9NRY5","High_vs_Control",-0.203202086640138,7.37021666885104,-1.59672721973202,0.110978400082335,0.513364599090542,-4.47365119843884,FALSE,0.289574082976066,"Not significant"
"O95747","High_vs_Control",-0.20942960820371,8.25093890859041,-1.5931759853835,0.11176477279716,0.51533982055025,-4.48525012388857,FALSE,0.287906298103507,"Not significant"
"P11171","High_vs_Control",-0.316042222339327,8.86811455396398,-1.59006670349595,0.112432721387581,0.516758084839076,-4.50192661695126,FALSE,0.28671271997686,"Not significant"
"P06331","High_vs_Control",0.255789686106166,11.5980292995244,1.58494459448184,0.113590857842085,0.520413067557668,-4.50856226100977,FALSE,0.283651806851161,"Not significant"
"P15151","High_vs_Control",0.168809148900513,8.24423008537336,1.57934980781987,0.114881246513565,0.522480626644802,-4.50297783800981,FALSE,0.281929808369531,"Not significant"
"P68104;Q5VTE0","High_vs_Control",-0.192879469738083,9.95519905502337,-1.57787750280321,0.115203519966609,0.522480626644802,-4.51953361456056,FALSE,0.281929808369531,"Not significant"
"Q8N8M0","High_vs_Control",-0.203489397518569,8.40221414328716,-1.57369502523527,0.11627090355843,0.522480626644802,-4.47707883585302,FALSE,0.281929808369531,"Not significant"
"P63218","High_vs_Control",-0.210092942281898,9.16578414948582,-1.57210875750481,0.116606079534647,0.522480626644802,-4.50484011614143,FALSE,0.281929808369531,"Not significant"
"P01717","High_vs_Control",0.287476036481381,11.3416003913519,1.56955692333467,0.117128152569728,0.522480626644802,-4.53081602403231,FALSE,0.281929808369531,"Not significant"
"P06276","High_vs_Control",0.258805243121797,8.46951436682367,1.56929780950213,0.117207903436455,0.522480626644802,-4.51965639652758,FALSE,0.281929808369531,"Not significant"
"Q9NZP8","High_vs_Control",0.169085803223055,10.0023614465442,1.56622314993296,0.117906355464689,0.522480626644802,-4.53531994346612,FALSE,0.281929808369531,"Not significant"
"O14645","High_vs_Control",-0.189193198406763,11.3959261975532,-1.56413033834677,0.118441089526104,0.522480626644802,-4.51644155870856,FALSE,0.281929808369531,"Not significant"
"Q13477","High_vs_Control",-0.134061719344084,10.9696199989344,-1.56346939018941,0.118552229028908,0.522480626644802,-4.53903312079673,FALSE,0.281929808369531,"Not significant"
"P15090","High_vs_Control",-0.176074078989426,7.59543334074799,-1.5635425203173,0.118616330100615,0.522480626644802,-4.4964722335109,FALSE,0.281929808369531,"Not significant"
"Q9H3G5","High_vs_Control",-0.145474694039883,8.69120738308076,-1.56245438781294,0.118792168920594,0.522480626644802,-4.54010952118068,FALSE,0.281929808369531,"Not significant"
"P05156","High_vs_Control",0.277603564049482,11.9175031779048,1.56121601074091,0.119082809286019,0.522480626644802,-4.54206677454036,FALSE,0.281929808369531,"Not significant"
"P10643","High_vs_Control",0.217410307123021,12.0970092931249,1.560826340289,0.119174750011445,0.522480626644802,-4.54259093656916,FALSE,0.281929808369531,"Not significant"
"A2CJ06","High_vs_Control",0.153096023668528,9.49209063448589,1.55910913342012,0.119664907240358,0.522480626644802,-4.51026424888532,FALSE,0.281929808369531,"Not significant"
"P08603","High_vs_Control",0.256884386652651,12.4737109225411,1.55799354685426,0.119844810972642,0.522480626644802,-4.5463975541766,FALSE,0.281929808369531,"Not significant"
"Q9H6X2","High_vs_Control",0.143162825039848,8.48097339830864,1.55787981027213,0.119871775569135,0.522480626644802,-4.54655024691069,FALSE,0.281929808369531,"Not significant"
"P55056","High_vs_Control",0.131712778994871,12.4475615596113,1.55252955699602,0.121145603127119,0.525646091781439,-4.55372056363454,FALSE,0.279306560250613,"Not significant"
"Q13103","High_vs_Control",-0.126750661406408,16.3182058800291,-1.55175395986959,0.121331141129467,0.525646091781439,-4.55475797985826,FALSE,0.279306560250613,"Not significant"
"P46940","High_vs_Control",0.213038852157089,9.73664473237261,1.5461603218243,0.122675857052882,0.528883143923374,-4.56222467752172,FALSE,0.276640274194326,"Not significant"
"P17931","High_vs_Control",0.177554883210237,6.55829085477536,1.54621356270493,0.122815960199779,0.528883143923374,-4.49972662431235,FALSE,0.276640274194326,"Not significant"
"A0A075B6K5","High_vs_Control",0.284833970644454,10.4280864652592,1.54188614430547,0.123711221690344,0.529495928765995,-4.56791210202508,FALSE,0.276137374784561,"Not significant"
"Q9NS73","High_vs_Control",-0.142913094382884,13.1537598581502,-1.53954639740987,0.124292873863172,0.529495928765995,-4.56499256808875,FALSE,0.276137374784561,"Not significant"
"Q8WWA0","High_vs_Control",-0.155442534650508,11.3286383558247,-1.53915440674573,0.124376524789636,0.529495928765995,-4.5715389210469,FALSE,0.276137374784561,"Not significant"
"Q9BX97","High_vs_Control",-0.163297500046726,7.5249005837609,-1.53915700595357,0.124435235700237,0.529495928765995,-4.54881278100745,FALSE,0.276137374784561,"Not significant"
"P22304","High_vs_Control",-0.154736244707903,8.61410204696353,-1.53442460431205,0.125535063113607,0.532595504452405,-4.57780344027856,FALSE,0.273602503687077,"Not significant"
"P04899","High_vs_Control",-0.134967239622613,8.5584318587257,-1.53191437150064,0.126154524740935,0.53364480377139,-4.58082398500943,FALSE,0.272747715047596,"Not significant"
"Q5TDH0","High_vs_Control",0.241908528769182,7.72150725202322,1.52931096909443,0.126955526507041,0.535453602973814,-4.53443982053888,FALSE,0.271278154795564,"Not significant"
"P20908","High_vs_Control",-0.148838041568812,7.7270153505008,-1.52332979353009,0.128315330993923,0.539301714160762,-4.57915062210062,FALSE,0.268168199312474,"Not significant"
"P49746","High_vs_Control",-0.135884323447275,12.0163436387452,-1.52199405494027,0.12862007408855,0.539301714160762,-4.5941764455786,FALSE,0.268168199312474,"Not significant"
"Q96S96","High_vs_Control",-0.181758251135802,10.0620823366402,-1.51905193005638,0.129358827626981,0.540277483709137,-4.59803239700111,FALSE,0.267383131488451,"Not significant"
"Q13822","High_vs_Control",0.220724394638558,7.4267153431575,1.5186045117324,0.129606314083642,0.540277483709137,-4.52758496459808,FALSE,0.267383131488451,"Not significant"
"O00264","High_vs_Control",0.181644551840234,8.16440745486271,1.51280462530422,0.13100342486595,0.541653536573315,-4.56381918055922,FALSE,0.266278416905452,"Not significant"
"Q13316","High_vs_Control",-0.134767328533881,8.79183929707337,-1.51217189664307,0.131127528496364,0.541653536573315,-4.59152044696317,FALSE,0.266278416905452,"Not significant"
"P22352","High_vs_Control",0.19313082698136,11.9538249521091,1.51068083051015,0.131478855186656,0.541653536573315,-4.60896316153968,FALSE,0.266278416905452,"Not significant"
"P01834","High_vs_Control",0.162501960821194,14.7461063565728,1.5096538343426,0.131740797268432,0.541653536573315,-4.61030006817417,FALSE,0.266278416905452,"Not significant"
"Q86UD1","High_vs_Control",0.113839181865764,10.3448795806351,1.50765622592301,0.132251461928694,0.541653536573315,-4.61289790466065,FALSE,0.266278416905452,"Not significant"
"Q14574","High_vs_Control",-0.201197920714286,11.9750992507169,-1.506929570448,0.132437603681575,0.541653536573315,-4.61384205597444,FALSE,0.266278416905452,"Not significant"
"P13727","High_vs_Control",-0.172084916408801,13.7495493722786,-1.50637239763286,0.132580468157067,0.541653536573315,-4.61456569138326,FALSE,0.266278416905452,"Not significant"
"O14602;P47813","High_vs_Control",-0.217801449767096,7.68609962375143,-1.50111789123866,0.133981769322803,0.545823457979829,-4.59906168049672,FALSE,0.262947803491563,"Not significant"
"P01706","High_vs_Control",0.292939147167884,11.433814067945,1.49457883322149,0.13565827244829,0.550963226336625,-4.614229898309,FALSE,0.258877386868804,"Not significant"
"P05060","High_vs_Control",-0.171651638828381,8.87073273487393,-1.49252972867614,0.136169597615702,0.550963226336625,-4.63222213656281,FALSE,0.258877386868804,"Not significant"
"P15311","High_vs_Control",-0.131133923190569,8.1655479546288,-1.49167456240957,0.136396056729081,0.550963226336625,-4.63183062699371,FALSE,0.258877386868804,"Not significant"
"P46459","High_vs_Control",0.240586113105304,7.17099264976762,1.48582249073327,0.137984493876221,0.555291396624415,-4.62089615932068,FALSE,0.255479055192096,"Not significant"
"P33151","High_vs_Control",0.134933918244149,11.9755936829786,1.48462935903584,0.138249599337419,0.555291396624415,-4.64259779782964,FALSE,0.255479055192096,"Not significant"
"P50591","High_vs_Control",-0.16957613807777,7.07644787190519,-1.48317211129641,0.138835116296192,0.555291396624415,-4.55588408568124,FALSE,0.255479055192096,"Not significant"
"P07602","High_vs_Control",-0.152305757159434,8.9549864304446,-1.48139896207506,0.139131974447953,0.555291396624415,-4.63142946418927,FALSE,0.255479055192096,"Not significant"
"Q96KN2","High_vs_Control",0.141664514110373,12.246569904361,1.480287830654,0.139403697897343,0.555291396624415,-4.64814674942292,FALSE,0.255479055192096,"Not significant"
"P26038","High_vs_Control",-0.158169431483689,10.0554581270799,-1.47707993848565,0.140261212305438,0.556667979212178,-4.65223644903242,FALSE,0.254403759565012,"Not significant"
"Q9UQ53","High_vs_Control",-0.133047324073409,7.21874821200604,-1.47562963463549,0.140688800190472,0.556667979212178,-4.64123933899632,FALSE,0.254403759565012,"Not significant"
"P00746","High_vs_Control",-0.161937800272961,12.1788872745757,-1.47464855809667,0.140913860846597,0.556667979212178,-4.65533032944643,FALSE,0.254403759565012,"Not significant"
"Q99969","High_vs_Control",-0.144002927713007,12.6740520470718,-1.47073476705574,0.141969343333089,0.559296808625411,-4.66029994190886,FALSE,0.25235765876996,"Not significant"
"Q86X29","High_vs_Control",-0.179205504659233,9.55767542120689,-1.46481910541031,0.143578586170952,0.56085645246921,-4.66519278103388,FALSE,0.251148279346036,"Not significant"
"Q9HBB8","High_vs_Control",-0.160381273848981,7.41852388961658,-1.46467843379471,0.143762909880313,0.56085645246921,-4.62042151657993,FALSE,0.251148279346036,"Not significant"
"P31327","High_vs_Control",0.206415555217435,7.30024927825422,1.46078168631842,0.144735679999901,0.56085645246921,-4.65037816284141,FALSE,0.251148279346036,"Not significant"
"P38571","High_vs_Control",0.129587027594844,7.72585907088287,1.46064084133421,0.144893999887277,0.56085645246921,-4.60526005604723,FALSE,0.251148279346036,"Not significant"
"Q5D862","High_vs_Control",-0.169261947233169,9.72044929392317,-1.45823564776028,0.145389223166334,0.56085645246921,-4.67106667714728,FALSE,0.251148279346036,"Not significant"
"O95967","High_vs_Control",-0.144171210597408,8.86334903445566,-1.45551356166238,0.146136913274484,0.56085645246921,-4.67807759249877,FALSE,0.251148279346036,"Not significant"
"Q641Q3","High_vs_Control",-0.169716784458272,8.20933482721477,-1.45264019767686,0.146969541496541,0.56085645246921,-4.64920224834986,FALSE,0.251148279346036,"Not significant"
"Q562R1","High_vs_Control",-0.19659002787332,14.2360805312193,-1.45043325504016,0.147554171468463,0.56085645246921,-4.68230862405313,FALSE,0.251148279346036,"Not significant"
"Q86WI1","High_vs_Control",-0.175989653383201,9.4720873850835,-1.44728661200059,0.148420880977436,0.56085645246921,-4.68979967456585,FALSE,0.251148279346036,"Not significant"
"P35030","High_vs_Control",-0.120301411545171,11.2633780653342,-1.44543193109778,0.14894061034563,0.56085645246921,-4.69211297087013,FALSE,0.251148279346036,"Not significant"
"Q9UBX7","High_vs_Control",-0.238499022757848,11.0180551557968,-1.43870120265909,0.150860123843973,0.56085645246921,-4.69077901807879,FALSE,0.251148279346036,"Not significant"
"O43173","High_vs_Control",-0.163177278129667,6.86740681931493,-1.4360105258074,0.151742680616726,0.56085645246921,-4.63007988635689,FALSE,0.251148279346036,"Not significant"
"P43251","High_vs_Control",0.104202352082226,10.7671646735011,1.43498015392855,0.151895553556205,0.56085645246921,-4.70509424895024,FALSE,0.251148279346036,"Not significant"
"P01893","High_vs_Control",-0.123711797414808,9.66724335282846,-1.43328768123274,0.152379398926639,0.56085645246921,-4.7068730864466,FALSE,0.251148279346036,"Not significant"
"P31025","High_vs_Control",-0.203835161305458,7.66912996664374,-1.43349469386383,0.152457710924071,0.56085645246921,-4.62701368107081,FALSE,0.251148279346036,"Not significant"
"Q96JP9","High_vs_Control",-0.159542328225522,6.72370087527936,-1.4306157286786,0.153288226180685,0.56085645246921,-4.64567426266032,FALSE,0.251148279346036,"Not significant"
"Q15517","High_vs_Control",-0.382011917892255,10.6970786590595,-1.42793735925588,0.153935946418858,0.56085645246921,-4.69719353018168,FALSE,0.251148279346036,"Not significant"
"P19013","High_vs_Control",-0.177274541316311,12.9792234996586,-1.42637757971188,0.154362266025095,0.56085645246921,-4.71389502473655,FALSE,0.251148279346036,"Not significant"
"Q99459","High_vs_Control",0.250813885061589,11.0789659636948,1.42516712862645,0.1547473797435,0.56085645246921,-4.69505498214549,FALSE,0.251148279346036,"Not significant"
"Q96JM4","High_vs_Control",0.181690737865363,9.04351359520846,1.42512623018258,0.15483848613751,0.56085645246921,-4.6546364323259,FALSE,0.251148279346036,"Not significant"
"P23229","High_vs_Control",-0.143579655344567,9.94467402587353,-1.42356152808502,0.155174792308948,0.56085645246921,-4.71916965016104,FALSE,0.251148279346036,"Not significant"
"P09960","High_vs_Control",-0.18543527731461,7.83696238635144,-1.42266981769348,0.155454737594723,0.56085645246921,-4.70617908023182,FALSE,0.251148279346036,"Not significant"
"Q8NCH0","High_vs_Control",-0.155665662552746,7.27292738089691,-1.42197798832196,0.155746629477761,0.56085645246921,-4.67758140432512,FALSE,0.251148279346036,"Not significant"
"P11413","High_vs_Control",0.230723267475265,7.27939671100416,1.42172826288472,0.155757839374787,0.56085645246921,-4.70234469990506,FALSE,0.251148279346036,"Not significant"
"P40189","High_vs_Control",0.172313826823441,7.25429656041608,1.42093820434937,0.155973919631943,0.56085645246921,-4.69858994115561,FALSE,0.251148279346036,"Not significant"
"O14960","High_vs_Control",-0.229191391573838,11.8546863734443,-1.42078001375112,0.155981703421745,0.56085645246921,-4.72258145883433,FALSE,0.251148279346036,"Not significant"
"P08670","High_vs_Control",0.234746080007893,8.5443285117258,1.41798595787057,0.156800129767556,0.56085645246921,-4.72317067506707,FALSE,0.251148279346036,"Not significant"
"P20701","High_vs_Control",-0.120831858781743,8.57395550348174,-1.41722533836691,0.157017549373547,0.56085645246921,-4.72693200024378,FALSE,0.251148279346036,"Not significant"
"O43529","High_vs_Control",-0.151843430351293,7.08046953571719,-1.41712542669832,0.157095546421497,0.56085645246921,-4.69692837566888,FALSE,0.251148279346036,"Not significant"
"Q86Y38","High_vs_Control",-0.132346841230999,7.89978191803031,-1.41562766951331,0.157519059801178,0.56085645246921,-4.70957563300197,FALSE,0.251148279346036,"Not significant"
"P35241","High_vs_Control",-0.109206702192806,11.5144485471076,-1.41386145434931,0.158002606285537,0.56085645246921,-4.73103908474475,FALSE,0.251148279346036,"Not significant"
"Q13217","High_vs_Control",-0.170894030384471,9.75793109598678,-1.41334387869356,0.158155743999602,0.56085645246921,-4.73135221592754,FALSE,0.251148279346036,"Not significant"
"P04259","High_vs_Control",-0.127660443685702,14.4216868862115,-1.41281422259643,0.158310226704457,0.56085645246921,-4.73231571207971,FALSE,0.251148279346036,"Not significant"
"P10599","High_vs_Control",-0.156193233845947,9.21673893968968,-1.41192335272721,0.158574595125566,0.56085645246921,-4.72972260824454,FALSE,0.251148279346036,"Not significant"
"P62258","High_vs_Control",-0.165574840803158,8.07808906629339,-1.41049090764701,0.158996635386459,0.56085645246921,-4.73438049719281,FALSE,0.251148279346036,"Not significant"
"P23470","High_vs_Control",-0.126092684048597,12.5096786107109,-1.40967081278855,0.159236323173647,0.56085645246921,-4.73614205256792,FALSE,0.251148279346036,"Not significant"
"Q06830","High_vs_Control",-0.192274091497012,11.3367596012712,-1.40949290628572,0.159288859795889,0.56085645246921,-4.73635835804826,FALSE,0.251148279346036,"Not significant"
"Q8IUK5","High_vs_Control",-0.112581814722525,11.4501229134404,-1.40902573958829,0.159426878916313,0.56085645246921,-4.73692622821318,FALSE,0.251148279346036,"Not significant"
"P08697","High_vs_Control",0.138398624476899,14.3363074833072,1.40818576609772,0.159675267782699,0.56085645246921,-4.73794679878743,FALSE,0.251148279346036,"Not significant"
"O94769","High_vs_Control",-0.135279995949693,9.26428866579649,-1.40788674146003,0.159763763279102,0.56085645246921,-4.73830996909563,FALSE,0.251148279346036,"Not significant"
"P08571","High_vs_Control",0.117953020545515,12.3595402191225,1.40629671098411,0.160234953195079,0.56085645246921,-4.74023980286428,FALSE,0.251148279346036,"Not significant"
"P02774","High_vs_Control",0.240661056242573,13.6123337445535,1.40392105066206,0.160940918751676,0.56085645246921,-4.74311913423975,FALSE,0.251148279346036,"Not significant"
"O43157","High_vs_Control",-0.109979336843027,12.5580045037599,-1.4037788250586,0.16098325801736,0.56085645246921,-4.74329136041271,FALSE,0.251148279346036,"Not significant"
"P15144","High_vs_Control",0.199400129525381,7.58604257616504,1.40249706152141,0.161387952946413,0.56085645246921,-4.73777704128898,FALSE,0.251148279346036,"Not significant"
"P14625","High_vs_Control",-0.128159314889242,14.0300943662412,-1.40197129256234,0.161522079326627,0.56085645246921,-4.74547866054459,FALSE,0.251148279346036,"Not significant"
"O95498","High_vs_Control",-0.169488156075857,7.71699451981414,-1.40190792299272,0.161656564413319,0.56085645246921,-4.69904497826406,FALSE,0.251148279346036,"Not significant"
"P51659","High_vs_Control",0.213745695554061,7.01317891499583,1.39355425240044,0.164221072970613,0.56085645246921,-4.68251461387514,FALSE,0.251148279346036,"Not significant"
"Q6EMK4","High_vs_Control",0.0970182652928901,10.3663343732983,1.3914713780324,0.164679121341348,0.56085645246921,-4.75812937642928,FALSE,0.251148279346036,"Not significant"
"Q13444","High_vs_Control",-0.180430536514915,7.67045513309621,-1.39162802002005,0.164699563254253,0.56085645246921,-4.73540886711235,FALSE,0.251148279346036,"Not significant"
"Q7LFX5","High_vs_Control",-0.130316620264528,8.52295385874585,-1.39115004405505,0.164776467557814,0.56085645246921,-4.75851504537479,FALSE,0.251148279346036,"Not significant"
"Q7LDG7","High_vs_Control",0.248704404772019,6.64280281953585,1.39058681799932,0.165144568740709,0.56085645246921,-4.68758812845853,FALSE,0.251148279346036,"Not significant"
"P08833","High_vs_Control",-0.178209063419658,10.056158224592,-1.38745386737485,0.165905127594435,0.56085645246921,-4.75981261948473,FALSE,0.251148279346036,"Not significant"
"Q9H1Z8","High_vs_Control",-0.13371497872395,7.34562600262294,-1.38706430307714,0.166088664838617,0.56085645246921,-4.72016483864433,FALSE,0.251148279346036,"Not significant"
"Q86TH1","High_vs_Control",-0.151708193844962,9.02453794597641,-1.38638968385399,0.166223684877849,0.56085645246921,-4.76421814135137,FALSE,0.251148279346036,"Not significant"
"P51148","High_vs_Control",-0.157597163785846,7.28598695620949,-1.38595433589913,0.166431483923641,0.56085645246921,-4.73025902141323,FALSE,0.251148279346036,"Not significant"
"Q5HYC2","High_vs_Control",-0.200335211409351,9.47835725320824,-1.38569388243918,0.166483090763331,0.56085645246921,-4.74182328528555,FALSE,0.251148279346036,"Not significant"
"Q9NSC7","High_vs_Control",-0.202001658833935,7.4451060299164,-1.38486453506536,0.166802777089296,0.56085645246921,-4.70926269605684,FALSE,0.251148279346036,"Not significant"
"Q8WVV4","High_vs_Control",-0.196338621859046,7.01356387567245,-1.38286141924834,0.167419102077046,0.56085645246921,-4.70061614199117,FALSE,0.251148279346036,"Not significant"
"Q9Y5X9","High_vs_Control",0.114301084764023,8.29807601065005,1.38068686856495,0.167978152676207,0.56085645246921,-4.76637968153186,FALSE,0.251148279346036,"Not significant"
"Q16658","High_vs_Control",0.197587158649452,6.41987347472856,1.38057877671269,0.168172615955552,0.56085645246921,-4.69873517612188,FALSE,0.251148279346036,"Not significant"
"Q16627","High_vs_Control",-0.188345177423708,10.7778767446211,-1.37967145002905,0.168287026554884,0.56085645246921,-4.77014360647807,FALSE,0.251148279346036,"Not significant"
"P13796","High_vs_Control",0.135087881957917,10.4338015386787,1.37833978056871,0.168692751040569,0.56085645246921,-4.77381812955772,FALSE,0.251148279346036,"Not significant"
"Q96PL1","High_vs_Control",0.193529310560791,9.92541118531435,1.37667750674246,0.169218891929518,0.56085645246921,-4.76947105337533,FALSE,0.251148279346036,"Not significant"
"P43686","High_vs_Control",-0.202494871040334,7.18829969733734,-1.37477056476344,0.169859609002895,0.56085645246921,-4.75474636238087,FALSE,0.251148279346036,"Not significant"
"Q96AQ6","High_vs_Control",-0.141482378162607,8.57699336824384,-1.37365978734704,0.170141976601296,0.56085645246921,-4.77750953662192,FALSE,0.251148279346036,"Not significant"
"Q9NPA2","High_vs_Control",-0.219840794060699,8.9381816023975,-1.3692471985775,0.171656217900669,0.56085645246921,-4.73541534931347,FALSE,0.251148279346036,"Not significant"
"Q8N257","High_vs_Control",0.261837815401073,9.21162850044472,1.36862472211445,0.171857747304478,0.56085645246921,-4.71691972612131,FALSE,0.251148279346036,"Not significant"
"Q9UBU3","High_vs_Control",-0.165627080146477,8.79786820446748,-1.36736043462468,0.172253196162489,0.56085645246921,-4.7417318027896,FALSE,0.251148279346036,"Not significant"
"Q8WUT4","High_vs_Control",-0.161594705083258,9.43637876328759,-1.36656278969662,0.172360338277045,0.56085645246921,-4.78399589453823,FALSE,0.251148279346036,"Not significant"
"A0A075B6H9","High_vs_Control",0.270225315541529,10.7077033239488,1.36656445464105,0.172366881097398,0.56085645246921,-4.77950686383563,FALSE,0.251148279346036,"Not significant"
"O00391","High_vs_Control",0.124795150902655,10.4747569374785,1.36585730717738,0.172575810256717,0.56085645246921,-4.78859458000492,FALSE,0.251148279346036,"Not significant"
"Q99542","High_vs_Control",-0.124685513012574,11.0254164838195,-1.36554417840218,0.172674073476716,0.56085645246921,-4.78896354004403,FALSE,0.251148279346036,"Not significant"
"P06734","High_vs_Control",-0.145732697651969,9.32929477376901,-1.36384821392061,0.173238228907144,0.56085645246921,-4.76544795567656,FALSE,0.251148279346036,"Not significant"
"Q9UBE0","High_vs_Control",0.180771376259953,9.46894582074166,1.36312773038582,0.17346123198179,0.56085645246921,-4.78032212010677,FALSE,0.251148279346036,"Not significant"
"P17936","High_vs_Control",0.214578421195434,11.3536831685522,1.3619042738515,0.173819395804914,0.56085645246921,-4.79324628751677,FALSE,0.251148279346036,"Not significant"
"P23381","High_vs_Control",-0.145766139044292,7.40481678366745,-1.35970444234807,0.174545514469306,0.56085645246921,-4.78389281608493,FALSE,0.251148279346036,"Not significant"
"P49908","High_vs_Control",-0.133353262673287,14.5925479974934,-1.358821400002,0.174793888335474,0.56085645246921,-4.79686475862174,FALSE,0.251148279346036,"Not significant"
"Q68DL7","High_vs_Control",0.241280751428489,10.9679462209372,1.35870888573218,0.174893921806322,0.56085645246921,-4.75764992500615,FALSE,0.251148279346036,"Not significant"
"P60033","High_vs_Control",-0.127372793356463,10.7007451178476,-1.35750641416078,0.175222399446153,0.56085645246921,-4.79421405661611,FALSE,0.251148279346036,"Not significant"
"P04350","High_vs_Control",-0.175738824059756,9.3406841749838,-1.35745917049144,0.17527644849344,0.56085645246921,-4.76570483236715,FALSE,0.251148279346036,"Not significant"
"P23284","High_vs_Control",-0.14243517773734,10.4278361273034,-1.3569501250189,0.175387387370874,0.56085645246921,-4.79905716887987,FALSE,0.251148279346036,"Not significant"
"P01703","High_vs_Control",0.213465680003953,10.6053858849787,1.35676818125732,0.175453246456046,0.56085645246921,-4.79430012395176,FALSE,0.251148279346036,"Not significant"
"P04003","High_vs_Control",0.169047149242941,14.3590996404846,1.35623689486987,0.175613993956942,0.56085645246921,-4.79989200980862,FALSE,0.251148279346036,"Not significant"
"P20851","High_vs_Control",0.185194105081106,9.7546999972539,1.35620417984176,0.175628978741866,0.56085645246921,-4.79847913379624,FALSE,0.251148279346036,"Not significant"
"O75144","High_vs_Control",0.1504124378081,8.10358333554145,1.35514529595015,0.175986125658548,0.56085645246921,-4.7903514056558,FALSE,0.251148279346036,"Not significant"
"Q86SF2","High_vs_Control",-0.135851409333214,6.68609049859274,-1.35314950554639,0.17676533104704,0.56085645246921,-4.72019076165993,FALSE,0.251148279346036,"Not significant"
"P20930","High_vs_Control",-0.171510542321048,8.55168975297521,-1.35248124524582,0.176821253478037,0.56085645246921,-4.79833125269143,FALSE,0.251148279346036,"Not significant"
"Q12907","High_vs_Control",-0.106143373007928,9.51970807583091,-1.35240567834748,0.176840728017011,0.56085645246921,-4.79982893715539,FALSE,0.251148279346036,"Not significant"
"Q9C0C9","High_vs_Control",-0.208682368697914,8.5368587714068,-1.35135517149887,0.177174318667052,0.56085645246921,-4.80356125622335,FALSE,0.251148279346036,"Not significant"
"Q6KB66","High_vs_Control",-0.253162907318298,9.52359920940855,-1.34608463340048,0.178885698919577,0.564361972304331,-4.7925585606521,FALSE,0.24844225745275,"Not significant"
"P04196","High_vs_Control",-0.110441364146027,16.6690913818707,-1.34544726560554,0.179068826637706,0.564361972304331,-4.81246823019963,FALSE,0.24844225745275,"Not significant"
"P00739","High_vs_Control",0.149282429451004,14.0046574050228,1.34352733353174,0.179688864463907,0.565074192195709,-4.81469562840568,FALSE,0.247894527143682,"Not significant"
"P19823","High_vs_Control",-0.13230300796538,20.3494201718466,-1.34084817963935,0.180556764128736,0.565301592446431,-4.81779855917606,FALSE,0.247719791136868,"Not significant"
"Q504Y2","High_vs_Control",-0.157516109568963,7.74771695121705,-1.34064365041848,0.180663017399285,0.565301592446431,-4.7965202974942,FALSE,0.247719791136868,"Not significant"
"P21439","High_vs_Control",-0.154040978637006,9.11995590656218,-1.34005604084786,0.180943815155448,0.565301592446431,-4.75963800623978,FALSE,0.247719791136868,"Not significant"
"P69892","High_vs_Control",-0.273255559219153,10.4876884182868,-1.33336497534829,0.183029585158334,0.569445537627394,-4.81355877584584,FALSE,0.24454780598162,"Not significant"
"Q86VP6","High_vs_Control",-0.163140254076285,7.89533963043312,-1.33316066169027,0.18306443015776,0.569445537627394,-4.82666793973961,FALSE,0.24454780598162,"Not significant"
"O75367","High_vs_Control",0.280165569106073,8.04775433390786,1.33099455278627,0.183918780455997,0.570864786090692,-4.77220189089934,FALSE,0.243466745709679,"Not significant"
"P08133","High_vs_Control",0.138082772676182,9.34076333893893,1.32824253837112,0.184682242423566,0.57199640526003,-4.83231562314672,FALSE,0.242606700543756,"Not significant"
"P13645","High_vs_Control",-0.166929233236164,14.3720868518528,-1.32539919673749,0.185622384955082,0.57255896532088,-4.83557130056702,FALSE,0.24217978061289,"Not significant"
"Q92752","High_vs_Control",-0.131648433472557,7.13519394326189,-1.32417225755135,0.186058692678174,0.57255896532088,-4.81760937620227,FALSE,0.24217978061289,"Not significant"
"P0DOX8","High_vs_Control",0.1744295984609,16.3612820323272,1.32337801668991,0.186292837161683,0.57255896532088,-4.83788137823662,FALSE,0.24217978061289,"Not significant"
"P55010","High_vs_Control",-0.20892378695534,7.92805363114097,-1.32271441955567,0.186629182397678,0.57255896532088,-4.78556223699166,FALSE,0.24217978061289,"Not significant"
"Q9H0B8","High_vs_Control",-0.2273315426047,7.3761908131981,-1.32211601312157,0.186860248096354,0.57255896532088,-4.760907407933,FALSE,0.24217978061289,"Not significant"
"Q15758","High_vs_Control",-0.154574008273668,7.40097123466772,-1.31921591027024,0.187769906229688,0.573673440015564,-4.80309666131893,FALSE,0.241335256657034,"Not significant"
"P39687","High_vs_Control",-0.156090600375091,9.43858952335655,-1.31643176590159,0.188626810118439,0.573673440015564,-4.83778913392504,FALSE,0.241335256657034,"Not significant"
"O75165","High_vs_Control",0.258887559530934,7.6100268827371,1.3164844522627,0.188745891039545,0.573673440015564,-4.77658468072184,FALSE,0.241335256657034,"Not significant"
"Q16706","High_vs_Control",-0.0864095874293955,9.45858734553247,-1.31579515476854,0.188824172724788,0.573673440015564,-4.84651691239866,FALSE,0.241335256657034,"Not significant"
"P01111","High_vs_Control",-0.13514141646818,8.94936450537555,-1.31268468972613,0.189877783775466,0.575654845526466,-4.84495569749526,FALSE,0.239837835349084,"Not significant"
"O95084","High_vs_Control",-0.176071642337156,7.45843404989294,-1.30782751392849,0.191613789549207,0.579692350661526,-4.81198230579345,FALSE,0.236802430330294,"Not significant"
"Q13609","High_vs_Control",-0.164449586723771,7.5187821663947,-1.30327100958984,0.193080168570559,0.582898866800382,-4.84706320880115,FALSE,0.234406788981154,"Not significant"
"Q14767","High_vs_Control",-0.155990784781425,9.5297482203054,-1.2985347018068,0.194681908802047,0.586499700046502,-4.86565294846212,FALSE,0.23173220565959,"Not significant"
"P05387","High_vs_Control",-0.134450778174319,8.69342973546772,-1.29166620436939,0.197056008905062,0.591406052210186,-4.87010639639449,FALSE,0.228114235393199,"Not significant"
"P35251","High_vs_Control",0.299730328302148,9.23929673339768,1.29111249472386,0.197414849499897,0.591406052210186,-4.78304124423067,FALSE,0.228114235393199,"Not significant"
"Q8WUM4","High_vs_Control",-0.192352722971439,10.5002343077627,-1.29022436562361,0.197547767788479,0.591406052210186,-4.87527440650174,FALSE,0.228114235393199,"Not significant"
"Q9NUQ9","High_vs_Control",-0.136755525306878,7.29107790280348,-1.28835634059958,0.198223108340357,0.591713695513614,-4.8643459441161,FALSE,0.227888378640589,"Not significant"
"P60891","High_vs_Control",-0.166442948268154,8.44317812422043,-1.28756615110829,0.198475793265027,0.591713695513614,-4.87693990615981,FALSE,0.227888378640589,"Not significant"
"P02775","High_vs_Control",-0.206803691562309,15.281641962055,-1.281723779469,0.200512310208445,0.594926325421445,-4.88471028363945,FALSE,0.225536813168984,"Not significant"
"P02768","High_vs_Control",0.266778612665464,15.624335027664,1.28109981615034,0.200731190825494,0.594926325421445,-4.88540046001785,FALSE,0.225536813168984,"Not significant"
"P68871","High_vs_Control",-0.233877694765223,17.565119952175,-1.2809094434511,0.200798006627601,0.594926325421445,-4.88561096804943,FALSE,0.225536813168984,"Not significant"
"P42025","High_vs_Control",-0.193322463735953,8.33137849152856,-1.27645202406469,0.202517280815461,0.598783052967776,-4.82707002677723,FALSE,0.222730499756393,"Not significant"
"Q9UBQ6","High_vs_Control",0.213121152849279,7.1458009847719,1.27170473112686,0.204240591453656,0.601385677833053,-4.79397649415393,FALSE,0.220846918956052,"Not significant"
"P49747","High_vs_Control",-0.111605577479125,15.0549524769849,-1.27015491037814,0.204599040146773,0.601385677833053,-4.89745254438608,FALSE,0.220846918956052,"Not significant"
"P50238","High_vs_Control",-0.13208136699234,11.6856486064895,-1.26985170731392,0.204723912744588,0.601385677833053,-4.88977317690734,FALSE,0.220846918956052,"Not significant"
"Q08431","High_vs_Control",-0.126137113383625,7.06597142600765,-1.26932021055996,0.205075032399137,0.601385677833053,-4.80453545023185,FALSE,0.220846918956052,"Not significant"
"P16949","High_vs_Control",-0.157006494672352,8.2584548109497,-1.26574892003735,0.20621881171852,0.601922705352168,-4.86758771644843,FALSE,0.220459274181154,"Not significant"
"Q10469","High_vs_Control",-0.203015501648165,8.39718052513125,-1.26420962312406,0.206755105359415,0.601922705352168,-4.88607326074844,FALSE,0.220459274181154,"Not significant"
"Q6E0U4","High_vs_Control",-0.152702866547305,9.8383231057984,-1.26163306346458,0.207648030333097,0.601922705352168,-4.90676535650474,FALSE,0.220459274181154,"Not significant"
"P01860","High_vs_Control",0.218333382299232,13.5268326662248,1.2614426894354,0.207716518761686,0.601922705352168,-4.90697268940781,FALSE,0.220459274181154,"Not significant"
"P15924","High_vs_Control",-0.179422941569875,10.1590568985184,-1.26134900558957,0.207750228232315,0.601922705352168,-4.90707470737851,FALSE,0.220459274181154,"Not significant"
"A0A0B4J1Y9","High_vs_Control",0.205486319497172,12.0075295843226,1.26127553846601,0.207776666073447,0.601922705352168,-4.90715470488124,FALSE,0.220459274181154,"Not significant"
"Q13093","High_vs_Control",0.18197978508881,7.44067465193673,1.26037402913448,0.208252025847899,0.602083477955418,-4.83909651281946,FALSE,0.220343290300314,"Not significant"
"P36871","High_vs_Control",0.167264149015016,7.53282219298253,1.25693347836042,0.20936271364677,0.6040767230774,-4.90162117223387,FALSE,0.218907898642003,"Not significant"
"P22607","High_vs_Control",-0.138601103000417,6.99276615756357,-1.25353763391422,0.21069347926928,0.604646014449637,-4.83819188691466,FALSE,0.218498805452699,"Not significant"
"P35442","High_vs_Control",-0.149555829746834,13.7305289299725,-1.25113970351023,0.211447637469867,0.604646014449637,-4.91814713941486,FALSE,0.218498805452699,"Not significant"
"P13598","High_vs_Control",0.131663497261098,8.79102741680121,1.24966821489547,0.211988841967624,0.604646014449637,-4.91520071885477,FALSE,0.218498805452699,"Not significant"
"P08195","High_vs_Control",0.111109124114405,7.34264566609518,1.24806177931953,0.212577125892557,0.604646014449637,-4.91804271797451,FALSE,0.218498805452699,"Not significant"
"P01042","High_vs_Control",-0.196836858867711,15.4118958099664,-1.24745958211562,0.212792063585155,0.604646014449637,-4.92211647783367,FALSE,0.218498805452699,"Not significant"
"P43121","High_vs_Control",0.143349429036897,8.31401020765541,1.24463387923361,0.213870460628138,0.604646014449637,-4.87961808002085,FALSE,0.218498805452699,"Not significant"
"P26927","High_vs_Control",0.221014423967498,8.45385196556875,1.2442654875119,0.213977250070996,0.604646014449637,-4.91335089624487,FALSE,0.218498805452699,"Not significant"
"Q9NZ53","High_vs_Control",-0.122281937832478,8.53113110112218,-1.24126116562628,0.215071534328605,0.604646014449637,-4.92850597110878,FALSE,0.218498805452699,"Not significant"
"P00736","High_vs_Control",-0.122992297041865,15.7427185587393,-1.24095424802655,0.215183722505164,0.604646014449637,-4.92910465035295,FALSE,0.218498805452699,"Not significant"
"P62979","High_vs_Control",-0.126120565507062,11.3767942276717,-1.23988587384987,0.215578355684569,0.604646014449637,-4.93024885181348,FALSE,0.218498805452699,"Not significant"
"Q9ULV4","High_vs_Control",0.25425354125197,7.96139469694375,1.23920580196535,0.215927513333503,0.604646014449637,-4.87703676320957,FALSE,0.218498805452699,"Not significant"
"P35443","High_vs_Control",-0.116951555603224,15.3802682371216,-1.23783399241844,0.216337739894946,0.604646014449637,-4.93244361905862,FALSE,0.218498805452699,"Not significant"
"P30040","High_vs_Control",0.210979778904186,7.2167481010568,1.2382711034523,0.216340728890139,0.604646014449637,-4.84090891768303,FALSE,0.218498805452699,"Not significant"
"P10619","High_vs_Control",-0.171990002504729,6.73039017605738,-1.2372972843024,0.216708828454294,0.604646014449637,-4.84531173998559,FALSE,0.218498805452699,"Not significant"
"P07741","High_vs_Control",-0.155541804153659,9.24875335991482,-1.23619718584492,0.216963848149356,0.604646014449637,-4.92440168754271,FALSE,0.218498805452699,"Not significant"
"O75356","High_vs_Control",0.095048185227518,6.76851993455037,1.2346083044435,0.217588538746154,0.604646014449637,-4.89850859309219,FALSE,0.218498805452699,"Not significant"
"P18065","High_vs_Control",-0.204817317796893,11.9484702190205,-1.23200218056643,0.218513116106023,0.604646014449637,-4.93082936017618,FALSE,0.218498805452699,"Not significant"
"P55285","High_vs_Control",0.148789417955777,8.75208689297859,1.23086024107283,0.21893417565129,0.604646014449637,-4.93952874157548,FALSE,0.218498805452699,"Not significant"
"P06576","High_vs_Control",0.243821086453152,7.44942043714986,1.23038182660666,0.219235379959067,0.604646014449637,-4.87841200347935,FALSE,0.218498805452699,"Not significant"
"Q96PL5","High_vs_Control",0.1667426556322,7.09352915068074,1.23028125358613,0.219276209637093,0.604646014449637,-4.87742522055675,FALSE,0.218498805452699,"Not significant"
"A0A0J9YX35","High_vs_Control",0.237353099609024,10.4077073834849,1.22995767868532,0.219317212949147,0.604646014449637,-4.89719200969033,FALSE,0.218498805452699,"Not significant"
"P55786","High_vs_Control",0.155480967280424,6.74050016139399,1.22968828646843,0.219432227820431,0.604646014449637,-4.90655677403939,FALSE,0.218498805452699,"Not significant"
"P62191","High_vs_Control",-0.24064664081601,7.97036545737315,-1.22916914751621,0.219648476004094,0.604646014449637,-4.89235045769263,FALSE,0.218498805452699,"Not significant"
"Q9H5I5","High_vs_Control",-0.118933815139346,10.5868250915879,-1.2288857156232,0.219679618917895,0.604646014449637,-4.93569948244772,FALSE,0.218498805452699,"Not significant"
"P52943","High_vs_Control",-0.107145464294945,7.95101101224923,-1.2252657463229,0.221038911854176,0.607221838312046,-4.94155130233001,FALSE,0.216652617732032,"Not significant"
"P09493","High_vs_Control",0.209315661145389,8.78654767816927,1.21924909442307,0.223348982233679,0.612375333929984,-4.92920574332133,FALSE,0.212982310713552,"Not significant"
"Q9NZD4","High_vs_Control",0.206505745269,8.02305922308732,1.21843518421289,0.223775733130431,0.612375333929984,-4.86553973979713,FALSE,0.212982310713552,"Not significant"
"P40967","High_vs_Control",-0.11369456962292,11.9632614282273,-1.21450924976537,0.225106053415966,0.612375333929984,-4.95713876835645,FALSE,0.212982310713552,"Not significant"
"Q9Y4F3","High_vs_Control",-0.157326160112756,12.713313291584,-1.21423047789549,0.225224337783224,0.612375333929984,-4.95030093670497,FALSE,0.212982310713552,"Not significant"
"Q9UBX1","High_vs_Control",0.107094892771556,7.91569061455499,1.21417768599642,0.225243364993326,0.612375333929984,-4.94706135257497,FALSE,0.212982310713552,"Not significant"
"P02730","High_vs_Control",-0.220919396124623,12.6738209139273,-1.21353669270315,0.225477110400998,0.612375333929984,-4.95815833066972,FALSE,0.212982310713552,"Not significant"
"P01701","High_vs_Control",0.223264661094895,12.7768259675304,1.21127746442418,0.226343965769885,0.613435645279076,-4.95784221984918,FALSE,0.212230991806042,"Not significant"
"P60985","High_vs_Control",-0.1413423276156,10.9812272597266,-1.210279319081,0.22672307670705,0.613435645279076,-4.96156722760666,FALSE,0.212230991806042,"Not significant"
"Q9H159","High_vs_Control",-0.109461872374785,9.42644628681729,-1.20701501509883,0.227976626925043,0.614966457241275,-4.96497424429372,FALSE,0.211148571756776,"Not significant"
"P08581","High_vs_Control",0.176729824233956,7.14513897794442,1.20568830518589,0.228548760916921,0.614966457241275,-4.93663673147369,FALSE,0.211148571756776,"Not significant"
"P24158","High_vs_Control",0.291195003522683,7.73847548064312,1.20595215489443,0.228575398681729,0.614966457241275,-4.8668100027349,FALSE,0.211148571756776,"Not significant"
"Q9H8J5","High_vs_Control",-0.126584908187015,10.6626319630852,-1.19685425582087,0.231910213168941,0.622770123004234,-4.97552069834571,FALSE,0.205672230602369,"Not significant"
"Q9Y625","High_vs_Control",-0.114025430259627,8.46083034028952,-1.19559134303197,0.232419873283262,0.622911970081526,-4.96708605024733,FALSE,0.205573323499906,"Not significant"
"P23471","High_vs_Control",-0.0968392833489542,11.5453431595551,-1.19449148257214,0.232831810295466,0.622911970081526,-4.97796046412109,FALSE,0.205573323499906,"Not significant"
"Q5SZK8","High_vs_Control",-0.141412037314349,6.95015730382047,-1.19282617141254,0.233491468579819,0.623462602149617,-4.97499069685628,FALSE,0.205189592172877,"Not significant"
"P12273","High_vs_Control",-0.139926346237589,8.39433124754456,-1.19185283234556,0.233907168728378,0.623462602149617,-4.94545697568075,FALSE,0.205189592172877,"Not significant"
"P06744","High_vs_Control",0.2190592732924,7.33467484437811,1.18972302651937,0.234774906578543,0.624614500990037,-4.9359570779021,FALSE,0.204387937449958,"Not significant"
"P69905","High_vs_Control",-0.221136197210136,17.1221016525983,-1.18628286391014,0.23605381407774,0.625072929319556,-4.98639932800036,FALSE,0.204069309130652,"Not significant"
"P10646","High_vs_Control",-0.114208023055893,11.7922847893331,-1.18569017666557,0.236287670916727,0.625072929319556,-4.98700640101885,FALSE,0.204069309130652,"Not significant"
"Q13867","High_vs_Control",-0.13158042012234,9.44588096780553,-1.18545773095336,0.236397822779481,0.625072929319556,-4.96524378994295,FALSE,0.204069309130652,"Not significant"
"A0A0B4J1V0","High_vs_Control",0.189308984882713,10.0108307030314,1.18427682638833,0.236863261523055,0.625072929319556,-4.97607979519317,FALSE,0.204069309130652,"Not significant"
"P78324;Q5TFQ8","High_vs_Control",0.273404337222717,10.7139515858816,1.1823653882551,0.237689883120004,0.625072929319556,-4.94298933820084,FALSE,0.204069309130652,"Not significant"
"P22626","High_vs_Control",0.224042675277375,7.53288911538323,1.18155107186754,0.2380315182086,0.625072929319556,-4.92973053848918,FALSE,0.204069309130652,"Not significant"
"P78527","High_vs_Control",-0.332990290218564,9.8700004456879,-1.18086000651275,0.238322530420942,0.625072929319556,-4.89900798518839,FALSE,0.204069309130652,"Not significant"
"Q6PCB0","High_vs_Control",-0.128556536345765,6.80868966858959,-1.17950024181933,0.23882840708826,0.625072929319556,-4.93820847007139,FALSE,0.204069309130652,"Not significant"
"P21926","High_vs_Control",-0.119103344540919,11.4043040518504,-1.17918822206864,0.238870268666051,0.625072929319556,-4.98813060229342,FALSE,0.204069309130652,"Not significant"
"P02748","High_vs_Control",0.0960661526571833,15.2630173335489,1.17428610162576,0.240819409829687,0.628367292815999,-4.99862855797965,FALSE,0.201786428532135,"Not significant"
"Q5TEC6","High_vs_Control",0.186147191154335,9.2698981014316,1.17424723441899,0.241026406839732,0.628367292815999,-4.88442948521184,FALSE,0.201786428532135,"Not significant"
"P13671","High_vs_Control",0.146605934760702,12.8819134303032,1.17272681071814,0.241443778480903,0.628367292815999,-5.00020899122853,FALSE,0.201786428532135,"Not significant"
"Q658P3","High_vs_Control",-0.124086254383808,8.60031979857161,-1.16885902919084,0.243015630392394,0.630515481633067,-4.99637415043267,FALSE,0.200304245323626,"Not significant"
"Q8TB73","High_vs_Control",-0.114871439926555,8.07615447087365,-1.16750233845321,0.243550355916174,0.630515481633067,-5.00304055406364,FALSE,0.200304245323626,"Not significant"
"P30990","High_vs_Control",-0.109734713419439,8.86237445889297,-1.16676206356084,0.243867590166407,0.630515481633067,-4.98504935997596,FALSE,0.200304245323626,"Not significant"
"P30101","High_vs_Control",-0.11825189149147,10.8976814926054,-1.16630319990411,0.24402795837263,0.630515481633067,-5.00669768694653,FALSE,0.200304245323626,"Not significant"
"Q9UBS4","High_vs_Control",-0.150748306022188,6.91900621964598,-1.1646480235064,0.244872331785806,0.631183473101203,-4.93597378881545,FALSE,0.199844381210103,"Not significant"
"O15031","High_vs_Control",-0.124983974787052,7.25153157887261,-1.16336396605217,0.245286825176075,0.631183473101203,-4.97291710850715,FALSE,0.199844381210103,"Not significant"
"P10412","High_vs_Control",0.206769618395425,10.4654887205023,1.160314604345,0.246455655760329,0.631183473101203,-5.01235762911821,FALSE,0.199844381210103,"Not significant"
"O95236","High_vs_Control",0.22486582006635,9.04459205449546,1.16034913427943,0.246529396095525,0.631183473101203,-4.94072966214238,FALSE,0.199844381210103,"Not significant"
"P51149","High_vs_Control",-0.135575307540003,9.32379673727702,-1.15888099956803,0.247040113594009,0.631183473101203,-5.01351482710192,FALSE,0.199844381210103,"Not significant"
"Q08554","High_vs_Control",-0.140569512263157,10.2262778523657,-1.15836942574644,0.247247505903324,0.631183473101203,-5.01317390895025,FALSE,0.199844381210103,"Not significant"
"Q96AP7","High_vs_Control",-0.224868966284474,6.7068927779864,-1.1550287174624,0.248812971448787,0.631183473101203,-4.91755528778885,FALSE,0.199844381210103,"Not significant"
"P19338","High_vs_Control",-0.124576737205077,8.11936239349896,-1.15290409086122,0.249496697019317,0.631183473101203,-5.01069390916639,FALSE,0.199844381210103,"Not significant"
"P04275","High_vs_Control",-0.130061226840592,16.8930241035935,-1.15188396993029,0.24989950639532,0.631183473101203,-5.02113398836061,FALSE,0.199844381210103,"Not significant"
"P55060","High_vs_Control",0.147791902971607,12.5386728009525,1.15154033400521,0.250040633135161,0.631183473101203,-5.02147585294323,FALSE,0.199844381210103,"Not significant"
"P28906","High_vs_Control",-0.111985112838134,10.8771231873645,-1.15123210866973,0.250170349906315,0.631183473101203,-5.02096462194229,FALSE,0.199844381210103,"Not significant"
"P09382","High_vs_Control",0.100236285975143,9.26284711417802,1.15075453613467,0.250366643892121,0.631183473101203,-5.02111839761454,FALSE,0.199844381210103,"Not significant"
"P01857","High_vs_Control",0.154981306056808,15.6503950284986,1.15062581154839,0.250416487413793,0.631183473101203,-5.0223851672333,FALSE,0.199844381210103,"Not significant"
"Q02413","High_vs_Control",-0.142890422321827,10.0690036841247,-1.15055504299247,0.250448672381161,0.631183473101203,-5.01926572431923,FALSE,0.199844381210103,"Not significant"
"P08237","High_vs_Control",0.172120140000165,7.00716861558973,1.14470816120568,0.253010158413969,0.636520293273037,-4.95225921944109,FALSE,0.196187745795074,"Not significant"
"Q9NQ76","High_vs_Control",-0.150336442670953,8.79101973270035,-1.14293185072357,0.253608876951637,0.636574679811915,-5.01520643035487,FALSE,0.196150639727988,"Not significant"
"Q96JQ0","High_vs_Control",0.149619372348299,6.95471834506496,1.14221218131402,0.253919607288993,0.636574679811915,-5.01548433012452,FALSE,0.196150639727988,"Not significant"
"Q13526","High_vs_Control",-0.170525923097994,8.50291568798007,-1.13764083837755,0.255922804798751,0.639688044877404,-4.94504911489883,FALSE,0.194031765731227,"Not significant"
"Q13200","High_vs_Control",-0.158322811552533,7.62333599892934,-1.1360712531274,0.256492945342714,0.639688044877404,-5.00955370248033,FALSE,0.194031765731227,"Not significant"
"Q15848","High_vs_Control",0.167245870866219,7.7711434570152,1.13618463580879,0.256499739054747,0.639688044877404,-4.96967678402318,FALSE,0.194031765731227,"Not significant"
"Q15185","High_vs_Control",-0.13967418580372,9.02689874653425,-1.13396456505622,0.257407047483425,0.640544673104692,-4.98988369273545,FALSE,0.193450576135851,"Not significant"
"Q6P988","High_vs_Control",-0.138417668153176,8.66458723108072,-1.13262734897478,0.257921788729434,0.640544673104692,-5.02356574364881,FALSE,0.193450576135851,"Not significant"
"P02647","High_vs_Control",0.106766160534786,17.2948546553064,1.13087568102864,0.258630137337424,0.640544673104692,-5.04184755307804,FALSE,0.193450576135851,"Not significant"
"P02549","High_vs_Control",-0.276486449978883,10.1123705972051,-1.13005430352182,0.258975739824384,0.640544673104692,-5.04264970665603,FALSE,0.193450576135851,"Not significant"
"O00299","High_vs_Control",-0.130946562067979,10.2654260656412,-1.1292253447387,0.259324857427573,0.640544673104692,-5.04345867644419,FALSE,0.193450576135851,"Not significant"
"P61020","High_vs_Control",-0.12702750955808,7.14228459781321,-1.12667480312591,0.260454192356035,0.640544673104692,-5.01434633870444,FALSE,0.193450576135851,"Not significant"
"Q16270","High_vs_Control",-0.117696655124664,10.7307720236852,-1.12642937955377,0.260504793858571,0.640544673104692,-5.04618286796608,FALSE,0.193450576135851,"Not significant"
"Q00610","High_vs_Control",-0.177979375091946,9.12320043005344,-1.12612744379971,0.260632437484052,0.640544673104692,-5.0464766511062,FALSE,0.193450576135851,"Not significant"
"Q9UBS9","High_vs_Control",-0.113165626732093,7.97251842963129,-1.12561055187911,0.260863381515439,0.640544673104692,-5.03837248103633,FALSE,0.193450576135851,"Not significant"
"P23467","High_vs_Control",-0.101305659106549,8.79390050319255,-1.12413207028279,0.261477074449012,0.640878322625424,-5.04841617811894,FALSE,0.19322441795155,"Not significant"
"O75882","High_vs_Control",0.126586190537594,8.33429264489881,1.12228823245318,0.262262272244363,0.640878322625424,-5.04698145276942,FALSE,0.19322441795155,"Not significant"
"O75339","High_vs_Control",-0.115806793749723,9.72981043169935,-1.12209807577546,0.262340010726028,0.640878322625424,-5.05038972454279,FALSE,0.19322441795155,"Not significant"
"P37840","High_vs_Control",-0.194589323611213,9.39023301811042,-1.11894187421416,0.263683953513867,0.642021467231357,-5.05308201512446,FALSE,0.192450450211131,"Not significant"
"Q9BY76","High_vs_Control",-0.133687696725881,8.04806467104058,-1.11895289779831,0.263703378102698,0.642021467231357,-5.03666088655394,FALSE,0.192450450211131,"Not significant"
"Q16401","High_vs_Control",-0.149828974555109,6.83479155289181,-1.11714973853524,0.264517812032991,0.642912783822557,-5.00633662591571,FALSE,0.191847938543384,"Not significant"
"P55157","High_vs_Control",-0.137797654300734,7.52973044151518,-1.11416584000902,0.2657502812875,0.64481540332703,-5.03473140304301,FALSE,0.190564596668178,"Not significant"
"Q9NZ08","High_vs_Control",0.187816528974912,6.71627753030919,1.11216860846312,0.266764018123144,0.64618176011586,-4.93782069769505,FALSE,0.189645305050705,"Not significant"
"P05362","High_vs_Control",-0.0868399809219635,9.51469582533687,-1.10971110990404,0.267637847449112,0.647205182532928,-5.06233182178163,FALSE,0.188958013743681,"Not significant"
"P26641","High_vs_Control",-0.180061773829987,7.35215954676175,-1.10821919206641,0.268322625879375,0.647768763486572,-5.03574629890027,FALSE,0.188579998240776,"Not significant"
"Q8TD06","High_vs_Control",-0.117109718233967,8.06156396628907,-1.10657235451276,0.269018972178099,0.64778222339774,-5.04240719884862,FALSE,0.188570974180424,"Not significant"
"Q8WZ42","High_vs_Control",0.128804417215891,9.78697953286896,1.10541091958987,0.269496127196763,0.64778222339774,-5.06338970627512,FALSE,0.188570974180424,"Not significant"
"Q8NBJ4","High_vs_Control",-0.0905741922398366,11.3961039174354,-1.10497365953346,0.269683394259729,0.64778222339774,-5.06686427453568,FALSE,0.188570974180424,"Not significant"
"Q96JI7","High_vs_Control",0.152218406103588,10.5741203748415,1.10379511267734,0.270207092075092,0.647954799390771,-5.05684171359797,FALSE,0.18845528897485,"Not significant"
"Q9Y4E8","High_vs_Control",-0.153924837285388,8.03873243892711,-1.09965677264608,0.272007101999201,0.650129388000911,-5.06620700653488,FALSE,0.187000201968273,"Not significant"
"Q6ZRK6","High_vs_Control",-0.208237680926599,11.3468122252373,-1.0998357608947,0.272025418692692,0.650129388000911,-4.99481968587765,FALSE,0.187000201968273,"Not significant"
"P22692","High_vs_Control",-0.120871854319715,13.9947803247076,-1.09667100140866,0.273301185661894,0.650129388000911,-5.06890757888536,FALSE,0.187000201968273,"Not significant"
"Q9UNW1","High_vs_Control",0.103616853172884,10.2503186421278,1.09547760438018,0.273815946378926,0.650129388000911,-5.07589133947066,FALSE,0.187000201968273,"Not significant"
"P55291","High_vs_Control",-0.141503140961521,7.85112566053338,-1.09552154221114,0.273817113216763,0.650129388000911,-5.06333975796745,FALSE,0.187000201968273,"Not significant"
"P00492","High_vs_Control",0.175574511230835,6.93625329856206,1.0958409435233,0.273834135531765,0.650129388000911,-4.98264754525016,FALSE,0.187000201968273,"Not significant"
"O60462","High_vs_Control",-0.0905161929306182,12.4714194419794,-1.09136117738461,0.275620775481976,0.653289573621742,-5.07978038433102,FALSE,0.184894273012816,"Not significant"
"O43399","High_vs_Control",-0.252904870247958,11.3308041015108,-1.0897523961666,0.276377582268318,0.654002397644832,-5.04636943026544,FALSE,0.184420659501403,"Not significant"
"P04233","High_vs_Control",-0.0915942160301206,9.29893092877623,-1.08816209962888,0.277032933271583,0.654473189969441,-5.07725988624956,FALSE,0.184108139314617,"Not significant"
"P19022","High_vs_Control",-0.113653567381371,9.03003520170015,-1.08456141488647,0.278619896283759,0.657139689590313,-5.08617264157224,FALSE,0.182342301719062,"Not significant"
"P02679","High_vs_Control",0.104203170263094,16.7947678506265,1.08179824123205,0.279844968656695,0.658240605144718,-5.0887588627094,FALSE,0.181615330722349,"Not significant"
"O43681","High_vs_Control",-0.187514583947965,7.46445632411487,-1.08164791913922,0.28000472045905,0.658240605144718,-5.0211217607262,FALSE,0.181615330722349,"Not significant"
"P05106","High_vs_Control",-0.139648873308898,10.0797960755054,-1.07956415311199,0.280838147636441,0.659119318675379,-5.09084508191533,FALSE,0.181035959075714,"Not significant"
"Q8NI99","High_vs_Control",-0.137349009984543,11.9412872681069,-1.07145610764925,0.284462780012415,0.665565544481072,-5.09838042952281,FALSE,0.176809169032634,"Not significant"
"Q9BWP8","High_vs_Control",-0.117660905619568,13.8883739953902,-1.07134420633668,0.284513025639398,0.665565544481072,-5.09848403146231,FALSE,0.176809169032634,"Not significant"
"P47756","High_vs_Control",0.161688260978547,9.01833240279725,1.06798378842664,0.286029552859387,0.665855583843242,-5.09966673534049,FALSE,0.176619953924299,"Not significant"
"Q6UW49","High_vs_Control",-0.142302816203899,7.90624448558513,-1.06766464625788,0.286191609346873,0.665855583843242,-5.0810602700516,FALSE,0.176619953924299,"Not significant"
"Q3B726","High_vs_Control",0.276250852959787,13.7559772498162,1.0667216484704,0.286661259100135,0.665855583843242,-5.05450452613939,FALSE,0.176619953924299,"Not significant"
"Q02817","High_vs_Control",0.172052968949452,7.84585650726423,1.06623659795611,0.286883899825663,0.665855583843242,-5.04609224232023,FALSE,0.176619953924299,"Not significant"
"P17980","High_vs_Control",-0.162649348173555,7.51954974829819,-1.06522573243278,0.287294589836391,0.665855583843242,-5.09013807213311,FALSE,0.176619953924299,"Not significant"
"P05141","High_vs_Control",0.200850820100106,8.3219294238034,1.06513187550016,0.287423017014621,0.665855583843242,-5.04974696448706,FALSE,0.176619953924299,"Not significant"
"O14745","High_vs_Control",-0.106409863316616,8.16868954027548,-1.06361526915183,0.288000909119617,0.666118231737954,-5.10341029525122,FALSE,0.176448679487068,"Not significant"
"Q9UNM6","High_vs_Control",-0.146328417487993,7.05564116073867,-1.0557112902326,0.291722440590103,0.671501752581994,-5.0381893546087,FALSE,0.172952849509494,"Not significant"
"Q8N3T1","High_vs_Control",-0.106073913636145,7.20070048461002,-1.05546992021468,0.291728901505659,0.671501752581994,-5.08709522884375,FALSE,0.172952849509494,"Not significant"
"P53634","High_vs_Control",-0.109333828756274,10.2574386809939,-1.05464464279812,0.292078979970645,0.671501752581994,-5.11382433897888,FALSE,0.172952849509494,"Not significant"
"Q13630","High_vs_Control",0.129101322538891,7.79665919865708,1.0545494897333,0.292201599449906,0.671501752581994,-5.06728193861913,FALSE,0.172952849509494,"Not significant"
"P06756","High_vs_Control",0.108044582543053,6.77845393413756,1.05170605780624,0.293524287085886,0.672781389552894,-5.03274689390468,FALSE,0.17212603047749,"Not significant"
"Q9BYE9","High_vs_Control",-0.152132453186077,9.3211487711656,-1.05105489121951,0.293722905845485,0.672781389552894,-5.11709058723885,FALSE,0.17212603047749,"Not significant"
"Q6UWD8","High_vs_Control",-0.0990947281570351,7.21463163009614,-1.050258065101,0.294181810649788,0.672781389552894,-5.0635689309099,FALSE,0.17212603047749,"Not significant"
"Q9HCN6","High_vs_Control",-0.100736881190791,9.22838133052995,-1.04907918501252,0.294635085522467,0.672781389552894,-5.11369190332215,FALSE,0.17212603047749,"Not significant"
"P38606","High_vs_Control",0.173872852564023,6.60261101412467,1.04474461933354,0.296698694766915,0.676407827354892,-5.07073358705456,FALSE,0.169791375412899,"Not significant"
"P16452","High_vs_Control",-0.212865060393586,8.99437211444583,-1.04110597748845,0.298316206847499,0.676407827354892,-5.12181181407118,FALSE,0.169791375412899,"Not significant"
"Q96PC5","High_vs_Control",-0.111831060590662,7.78206044247071,-1.04024722134372,0.298835734337264,0.676407827354892,-5.03264776793121,FALSE,0.169791375412899,"Not significant"
"P08514","High_vs_Control",-0.123586944309857,12.1339082171125,-1.03910768367966,0.299238887219631,0.676407827354892,-5.12788130433265,FALSE,0.169791375412899,"Not significant"
"P55160","High_vs_Control",0.147801284353611,6.81640458209073,1.03913007817117,0.299323357124062,0.676407827354892,-5.05533954725252,FALSE,0.169791375412899,"Not significant"
"P56715","High_vs_Control",-0.0852752547038236,10.6761899901176,-1.03865402515983,0.29946115672678,0.676407827354892,-5.11591758098507,FALSE,0.169791375412899,"Not significant"
"P13489","High_vs_Control",0.133867564498933,8.12442097283098,1.03826123798575,0.2996920168947,0.676407827354892,-5.09075707744525,FALSE,0.169791375412899,"Not significant"
"P48506","High_vs_Control",-0.160798471150814,7.25473689175764,-1.03770469043397,0.299996776985852,0.676407827354892,-5.05778383976737,FALSE,0.169791375412899,"Not significant"
"Q9NTK5","High_vs_Control",-0.133265243982442,7.6016897265331,-1.03391523451975,0.301669105179555,0.678355460501279,-5.12727851462803,FALSE,0.16854267474534,"Not significant"
"P00918","High_vs_Control",-0.168166292485418,10.490286440996,-1.03359631407158,0.30180668326347,0.678355460501279,-5.13281779048832,FALSE,0.16854267474534,"Not significant"
"Q8IXL6","High_vs_Control",-0.121347003800672,8.09675335251955,-1.0260789607211,0.305354921953511,0.684223787777666,-5.10999030700344,FALSE,0.164801831172598,"Not significant"
"Q9UJJ9","High_vs_Control",0.0916751340095576,9.88353673564591,1.02599590237666,0.305371843917508,0.684223787777666,-5.13958254918676,FALSE,0.164801831172598,"Not significant"
"P49327","High_vs_Control",0.22482965096572,7.08327880230474,1.0237803904412,0.306530299698039,0.685730511627962,-5.06712064663731,FALSE,0.163846526140793,"Not significant"
"P07910","High_vs_Control",-0.112725492611146,8.38794334764666,-1.02256291576732,0.307000689306242,0.685730511627962,-5.13689473036754,FALSE,0.163846526140793,"Not significant"
"O14818","High_vs_Control",-0.130828301911366,8.47861810806225,-1.02016677937,0.308132495693739,0.686773314108549,-5.13801109874868,FALSE,0.163186588526505,"Not significant"
"P05164","High_vs_Control",-0.154391164386833,6.49315639944791,-1.01974634568034,0.308425393504815,0.686773314108549,-5.07433649034865,FALSE,0.163186588526505,"Not significant"
"Q9UGM3","High_vs_Control",-0.116253799323319,8.55711416424444,-1.01854280223488,0.308908175753857,0.686781897722528,-5.13587647855033,FALSE,0.163181160544938,"Not significant"
"Q9HCL0","High_vs_Control",-0.106999464562438,9.72909957725949,-1.01607240224347,0.310068713230727,0.688285000382676,-5.14834017004898,FALSE,0.162231694810665,"Not significant"
"O14791","High_vs_Control",0.0791902982695021,15.286307556677,1.01507335089987,0.310544208680329,0.688285000382676,-5.14921715162991,FALSE,0.162231694810665,"Not significant"
"P06733","High_vs_Control",-0.10339207256966,12.3827193222578,-1.01296607569091,0.311548741865349,0.688613678627521,-5.15106413173562,FALSE,0.162024354716663,"Not significant"
"Q12841","High_vs_Control",-0.126165389460587,8.81065901590332,-1.01264918239812,0.311704584943654,0.688613678627521,-5.14565337248957,FALSE,0.162024354716663,"Not significant"
"Q9NPH3","High_vs_Control",0.1287992516176,8.44718366395668,1.01176964384061,0.312133117927398,0.688613678627521,-5.13724163623859,FALSE,0.162024354716663,"Not significant"
"Q9BXN1","High_vs_Control",-0.0892751022019436,11.3457933130182,-1.00703122126754,0.314389408888948,0.692502757896311,-5.1562453649653,FALSE,0.159578492679738,"Not significant"
"P16109","High_vs_Control",-0.184326199506408,8.63320944319545,-1.00465452090926,0.3156012470091,0.692502757896311,-5.10639096499304,FALSE,0.159578492679738,"Not significant"
"Q14126","High_vs_Control",0.0958298732509739,10.1360289382692,1.00446832480298,0.315621381475681,0.692502757896311,-5.1584734482481,FALSE,0.159578492679738,"Not significant"
"P02144","High_vs_Control",0.168605456004015,7.74751368795713,1.00430470282896,0.315827617617983,0.692502757896311,-5.04387408902707,FALSE,0.159578492679738,"Not significant"
"P62195","High_vs_Control",-0.148282604645056,7.24899209355074,-0.997160812668886,0.319189302588607,0.697122013094898,-5.1360492854025,FALSE,0.156691203284579,"Not significant"
"Q92930","High_vs_Control",-0.112912821041114,7.01645269655356,-0.997067044589417,0.319285524346311,0.697122013094898,-5.09646586931385,FALSE,0.156691203284579,"Not significant"
"P35613","High_vs_Control",-0.0949992189688604,9.7854404651617,-0.996077239618923,0.319678954324393,0.697122013094898,-5.16255698713195,FALSE,0.156691203284579,"Not significant"
"P22792","High_vs_Control",0.118634886399693,13.3147089201418,0.995505459634224,0.319954761605334,0.697122013094898,-5.16622096527334,FALSE,0.156691203284579,"Not significant"
"O60245","High_vs_Control",-0.125205984507067,6.86650584901509,-0.994845508050686,0.320364997649608,0.697122013094898,-5.09723882620042,FALSE,0.156691203284579,"Not significant"
"P48740","High_vs_Control",-0.106754004164282,13.6339737745166,-0.992812714868377,0.321264241129172,0.698019578453383,-5.16853507258184,FALSE,0.156132395865347,"Not significant"
"Q8NDA2","High_vs_Control",0.139033590023611,6.05963991923394,0.991803978756669,0.321862049891324,0.698260483425354,-5.08208264039093,FALSE,0.155982535240842,"Not significant"
"P78539","High_vs_Control",-0.0792144929548613,9.36449724584815,-0.989425739194254,0.32291719329774,0.698473606514032,-5.17114079859374,FALSE,0.155850000089357,"Not significant"
"P68036","High_vs_Control",-0.134468214935549,7.55258159740409,-0.989592197480094,0.322934449873642,0.698473606514032,-5.09497178069817,FALSE,0.155850000089357,"Not significant"
"Q01813","High_vs_Control",0.176776754787056,6.95994896091103,0.987713597236744,0.323923761810891,0.699558244633761,-5.05941472993874,FALSE,0.155176120671825,"Not significant"
"P13798","High_vs_Control",-0.137811579730187,8.14075648618334,-0.984380171521892,0.32539760010598,0.700981920478445,-5.16873622807288,FALSE,0.154293183085698,"Not significant"
"P00751","High_vs_Control",0.128927019429053,14.527263135654,0.984027942682638,0.325560640891663,0.700981920478445,-5.17604119032208,FALSE,0.154293183085698,"Not significant"
"P03951","High_vs_Control",-0.0950941558937917,15.4570022484042,-0.978844256394034,0.328113345545053,0.70541909671905,-5.1804392084003,FALSE,0.151552787527269,"Not significant"
"P78509","High_vs_Control",-0.118482018673172,11.7936462855301,-0.972801566184021,0.331105458955573,0.708105226440081,-5.1855368352127,FALSE,0.149902200125783,"Not significant"
"Q9Y251","High_vs_Control",-0.170062350189594,6.87029089089925,-0.97307087774901,0.331114203505191,0.708105226440081,-5.11588780901226,FALSE,0.149902200125783,"Not significant"
"P08294","High_vs_Control",-0.0835529676827118,9.55487548000719,-0.972096667564647,0.331455647450308,0.708105226440081,-5.18612944182378,FALSE,0.149902200125783,"Not significant"
"P14314","High_vs_Control",-0.0653628207186348,12.3645363561711,-0.971513461393636,0.331745561501833,0.708105226440081,-5.18661941849562,FALSE,0.149902200125783,"Not significant"
"P01624","High_vs_Control",0.128643914940373,12.7404701048851,0.971340168152489,0.331831737913343,0.708105226440081,-5.18676495319197,FALSE,0.149902200125783,"Not significant"
"P23142","High_vs_Control",0.119773338716945,12.8767889188737,0.970012441486679,0.332492480042666,0.708271190816561,-5.1878791433592,FALSE,0.149800422925387,"Not significant"
"P01871","High_vs_Control",0.12082900752096,16.5502013049158,0.968907912417075,0.333042796979225,0.708271190816561,-5.18880487600636,FALSE,0.149800422925387,"Not significant"
"Q8NEH6","High_vs_Control",-0.105029842549976,10.1664893061128,-0.967057842181562,0.334032732942587,0.708271190816561,-5.13892685570625,FALSE,0.149800422925387,"Not significant"
"Q08188","High_vs_Control",-0.131969468510748,8.36275662906343,-0.966629179859442,0.334199958564094,0.708271190816561,-5.16740279848505,FALSE,0.149800422925387,"Not significant"
"P48735","High_vs_Control",0.142863367626457,7.91816781089398,0.965821302037429,0.334612391203606,0.708271190816561,-5.16398338906792,FALSE,0.149800422925387,"Not significant"
"Q7Z7M8","High_vs_Control",-0.0917606166265745,8.60201116215942,-0.963598521054017,0.335697222345039,0.708271190816561,-5.19164876136113,FALSE,0.149800422925387,"Not significant"
"A6NDG6","High_vs_Control",-0.101807127279072,7.29856461672947,-0.963489150848722,0.335799050660504,0.708271190816561,-5.15600300390848,FALSE,0.149800422925387,"Not significant"
"P00568","High_vs_Control",-0.146658922119633,8.6421613641535,-0.960932841802973,0.337043456894649,0.708271190816561,-5.18728799331297,FALSE,0.149800422925387,"Not significant"
"Q92563","High_vs_Control",-0.0943791414734623,8.24064865592277,-0.959663171473401,0.337702347583953,0.708271190816561,-5.15513235881208,FALSE,0.149800422925387,"Not significant"
"P23327","High_vs_Control",-0.0969617429114944,9.44593169659626,-0.959268880195643,0.337886390367855,0.708271190816561,-5.17990722874667,FALSE,0.149800422925387,"Not significant"
"P35998","High_vs_Control",-0.162057202780424,8.50268188193784,-0.959273878149154,0.33789234968593,0.708271190816561,-5.17726501242799,FALSE,0.149800422925387,"Not significant"
"P02656","High_vs_Control",-0.115381865455673,15.5166529124963,-0.958356760377402,0.338329465880601,0.708271190816561,-5.19759510866667,FALSE,0.149800422925387,"Not significant"
"P25786","High_vs_Control",-0.112510037520202,8.67566390785367,-0.958372372105502,0.33833038055045,0.708271190816561,-5.19108095635086,FALSE,0.149800422925387,"Not significant"
"O00187","High_vs_Control",-0.0914008149030252,15.9306280839167,-0.956587971314367,0.339220980560046,0.709100417089075,-5.19905931633202,FALSE,0.149292259175695,"Not significant"
"P26572","High_vs_Control",-0.109603915976168,8.8671349175869,-0.954568552239897,0.340241524040099,0.710198465026932,-5.20042843231599,FALSE,0.148620270686971,"Not significant"
"Q14847","High_vs_Control",-0.11825297045297,9.02204958378558,-0.9499516270902,0.342580179881179,0.714040665624435,-5.20414497877389,FALSE,0.146277053835338,"Not significant"
"P00352","High_vs_Control",-0.157075513597833,7.67142346273146,-0.948098629222334,0.343552780134724,0.714147122224715,-5.18949233492036,FALSE,0.146212309528542,"Not significant"
"Q09666","High_vs_Control",-0.0792755876454656,8.9200180950976,-0.947889346726075,0.343627276384277,0.714147122224715,-5.20622085352588,FALSE,0.146212309528542,"Not significant"
"Q9NT62","High_vs_Control",-0.10708395993384,7.65226404282489,-0.945925025632658,0.3446563130621,0.715249135934952,-5.17871990197165,FALSE,0.145542658176889,"Not significant"
"P02545","High_vs_Control",0.139419081670255,8.97689336036018,0.94300244741427,0.346138193253606,0.715686227935678,-5.1872820409296,FALSE,0.145277339903687,"Not significant"
"P02675","High_vs_Control",0.112983654025779,18.9589394046273,0.942585225581862,0.346331993876114,0.715686227935678,-5.21055573030639,FALSE,0.145277339903687,"Not significant"
"P04632","High_vs_Control",-0.104325057306722,9.04059286069673,-0.942523913051434,0.346364185625775,0.715686227935678,-5.2103053708778,FALSE,0.145277339903687,"Not significant"
"P11277","High_vs_Control",-0.212754459602223,10.0193802628686,-0.938539138337581,0.348404322298202,0.71886589665557,-5.21384616750458,FALSE,0.143352119039199,"Not significant"
"Q10471","High_vs_Control",-0.0750533314173278,7.63284988649175,-0.934905865346366,0.350272775930211,0.720663168416267,-5.21518401986602,FALSE,0.142267673253896,"Not significant"
"P03952","High_vs_Control",0.085761408064478,13.4525817248286,0.933512331756301,0.350989941131919,0.720663168416267,-5.21791452299931,FALSE,0.142267673253896,"Not significant"
"P04792","High_vs_Control",-0.0986600928908086,9.00840154864953,-0.93235229661582,0.351595146408193,0.720663168416267,-5.21583513679952,FALSE,0.142267673253896,"Not significant"
"Q7L9L4","High_vs_Control",-0.149617797675768,7.19129141736628,-0.932365150131487,0.351722345085623,0.720663168416267,-5.10639738500279,FALSE,0.142267673253896,"Not significant"
"P13612","High_vs_Control",-0.0809753550140275,7.87621061934555,-0.931983441182564,0.351788157525375,0.720663168416267,-5.21399973988359,FALSE,0.142267673253896,"Not significant"
"P07477","High_vs_Control",-0.116721612417262,11.7153669213911,-0.930834717412644,0.352377248713001,0.720840192089079,-5.21669198574358,FALSE,0.142161006274461,"Not significant"
"Q99497","High_vs_Control",-0.133544462129819,8.74573045486422,-0.929445983865657,0.353118857683774,0.721328264841213,-5.19486302994675,FALSE,0.141867049892191,"Not significant"
"P61224","High_vs_Control",-0.116695787826872,12.4679114084468,-0.926823571577865,0.354449273522219,0.722632152374303,-5.22329420123969,FALSE,0.141082719092255,"Not significant"
"P00748","High_vs_Control",-0.117643152032848,13.4292198143478,-0.926172859314249,0.354786961567573,0.722632152374303,-5.22381550320512,FALSE,0.141082719092255,"Not significant"
"P22694","High_vs_Control",0.156205363381379,6.90782281647317,0.924672655326695,0.355690114546647,0.722632152374303,-5.1317633164837,FALSE,0.141082719092255,"Not significant"
"Q7Z4R8","High_vs_Control",0.0874384666478152,7.97824033717826,0.924557495342652,0.355772872786791,0.722632152374303,-5.11079024105484,FALSE,0.141082719092255,"Not significant"
"P35542","High_vs_Control",0.0727238813751239,14.933962285977,0.922382336984086,0.356758105832009,0.72277555716666,-5.22684493492673,FALSE,0.140996542839295,"Not significant"
"Q9BZQ8","High_vs_Control",-0.0831878946340554,6.73695629140164,-0.922255319284108,0.356851530316594,0.72277555716666,-5.20387857485826,FALSE,0.140996542839295,"Not significant"
"Q99460","High_vs_Control",0.143793650208171,7.44070286430006,0.921319227753254,0.357391439552173,0.722797185192791,-5.17294588301504,FALSE,0.140983547391707,"Not significant"
"Q9BUL8","High_vs_Control",0.15099293332174,7.75580221137465,0.919530752251747,0.358335260717989,0.722797185192791,-5.16407141303652,FALSE,0.140983547391707,"Not significant"
"P54105","High_vs_Control",-0.122411032895668,8.88345626008469,-0.918517995639115,0.358791866682659,0.722797185192791,-5.22032937299655,FALSE,0.140983547391707,"Not significant"
"P24844","High_vs_Control",0.154054866910412,8.21613779895918,0.917783153953277,0.359197596832966,0.722797185192791,-5.19911968919581,FALSE,0.140983547391707,"Not significant"
"Q9H4G4","High_vs_Control",0.0637646989870753,8.31440491034392,0.917308049836581,0.359409291827795,0.722797185192791,-5.2302973531309,FALSE,0.140983547391707,"Not significant"
"Q8WWV6","High_vs_Control",-0.0983473966238524,10.3210369568537,-0.916395116630028,0.3598864645939,0.722797185192791,-5.23121716864589,FALSE,0.140983547391707,"Not significant"
"Q9H4M9","High_vs_Control",0.0995837458091859,7.93333712304311,0.91391618022945,0.36119225164395,0.724405159241153,-5.22798121212322,FALSE,0.140018465285113,"Not significant"
"Q8NFL0","High_vs_Control",0.0938105083748528,7.61704000024669,0.912900038259919,0.361779010483944,0.724568576863095,-5.19266486260247,FALSE,0.139920504404266,"Not significant"
"P00558","High_vs_Control",-0.115451377306689,9.7820827112913,-0.905903717472306,0.365407514805503,0.730220119127897,-5.23987097133316,FALSE,0.136546205478519,"Not significant"
"P84095","High_vs_Control",-0.0815009563152866,7.78138279760692,-0.905162446711337,0.365814766632708,0.730220119127897,-5.22888046566691,FALSE,0.136546205478519,"Not significant"
"P12955","High_vs_Control",0.14910403026775,6.63270649251086,0.904840298528017,0.36612849766594,0.730220119127897,-5.09336177541079,FALSE,0.136546205478519,"Not significant"
"P24593","High_vs_Control",-0.108489466632113,12.2932239801639,-0.9014420738595,0.367771776284638,0.732043368795451,-5.24335756690533,FALSE,0.135463189063712,"Not significant"
"Q96CX2","High_vs_Control",0.0864701838701514,6.51348152036878,0.901094716973352,0.36806364637484,0.732043368795451,-5.16553879762048,FALSE,0.135463189063712,"Not significant"
"Q11201","High_vs_Control",-0.123522414871601,8.11844883503902,-0.899435691520078,0.368924520410615,0.732739282920805,-5.1737169085544,FALSE,0.135050524854582,"Not significant"
"Q07020","High_vs_Control",-0.150093633053102,7.37113341741622,-0.892457838182181,0.372701327268874,0.739216740392206,-5.1357714871309,FALSE,0.131228206590929,"Not significant"
"A0A0J9YXX1","High_vs_Control",0.228257615545338,10.1658749920258,0.890297561846581,0.373844531040959,0.74046002418886,-5.14754274215423,FALSE,0.130498383115531,"Not significant"
"P63010","High_vs_Control",0.115087266008703,6.62330822243929,0.886618876985397,0.375741857071132,0.740811222486149,-5.21852575150413,FALSE,0.130292447186151,"Not significant"
"Q14C86","High_vs_Control",-0.129617283476725,7.71369536851275,-0.886010878918547,0.376056633260531,0.740811222486149,-5.22350122828308,FALSE,0.130292447186151,"Not significant"
"P01034","High_vs_Control",0.0968105507581694,11.1223200221661,0.885885949361621,0.376089586729137,0.740811222486149,-5.25537988316563,FALSE,0.130292447186151,"Not significant"
"P10909","High_vs_Control",-0.075188652394651,18.9245639243143,-0.884409714575238,0.376884930200043,0.740811222486149,-5.2565099344542,FALSE,0.130292447186151,"Not significant"
"P02655","High_vs_Control",-0.0709802656247156,16.9610412985901,-0.884254849762767,0.376968426175087,0.740811222486149,-5.25662837393931,FALSE,0.130292447186151,"Not significant"
"O75558","High_vs_Control",-0.158943190348842,6.54892422958396,-0.882621798864506,0.37796866339919,0.740811222486149,-5.17610981380287,FALSE,0.130292447186151,"Not significant"
"Q9HBW9","High_vs_Control",0.0856506267486434,7.94242196286746,0.882347093803713,0.378012631584873,0.740811222486149,-5.24447875627103,FALSE,0.130292447186151,"Not significant"
"P31944","High_vs_Control",-0.12260644036154,9.47451305658791,-0.881821846446865,0.378298924647415,0.740811222486149,-5.23607084923478,FALSE,0.130292447186151,"Not significant"
"P50395","High_vs_Control",-0.100571294353516,8.84589954259532,-0.880002538285641,0.379265544687342,0.740811222486149,-5.25987243477769,FALSE,0.130292447186151,"Not significant"
"O75170","High_vs_Control",-0.156000831289509,8.82842364059505,-0.878733421451925,0.380051174636122,0.740811222486149,-5.17311003237177,FALSE,0.130292447186151,"Not significant"
"P40197","High_vs_Control",-0.113932797758451,8.7162800292999,-0.877947402193843,0.380378827588282,0.740811222486149,-5.26143469848615,FALSE,0.130292447186151,"Not significant"
"Q6ZMY3","High_vs_Control",-0.0885772392903803,13.259229938362,-0.877504067298729,0.380664512728067,0.740811222486149,-5.20605157093175,FALSE,0.130292447186151,"Not significant"
"P61604","High_vs_Control",-0.222235717183947,9.19593269481792,-0.876700223298781,0.381144071795013,0.740811222486149,-5.20092104126078,FALSE,0.130292447186151,"Not significant"
"P01704","High_vs_Control",0.195101932403139,10.1696597362704,0.876490729281641,0.381254311153959,0.740811222486149,-5.18052901274681,FALSE,0.130292447186151,"Not significant"
"P51884","High_vs_Control",-0.0697890420602256,16.8642744203719,-0.872917599730189,0.383111993202367,0.743413529434635,-5.26524287211578,FALSE,0.128769539412827,"Not significant"
"Q9NPG4","High_vs_Control",-0.0929238315417482,9.59185789561415,-0.868152325668905,0.385712515448273,0.747448306963274,-5.26883064850379,FALSE,0.126418837487678,"Not significant"
"O15204","High_vs_Control",0.0849341775842767,9.79362198276776,0.86693025408673,0.386381166954234,0.74773359434868,-5.26974759292234,FALSE,0.126253106831584,"Not significant"
"P11217","High_vs_Control",-0.265022980550127,8.94233028754657,-0.864925951679541,0.387562157533787,0.748345953289513,-5.19388937160265,FALSE,0.12589758546346,"Not significant"
"Q9Y6Z7","High_vs_Control",-0.0972058244791221,14.4793507807971,-0.863705556205649,0.388148950972269,0.748345953289513,-5.27216096670862,FALSE,0.12589758546346,"Not significant"
"Q9H8L6","High_vs_Control",0.0852744142749664,10.7485586581377,0.863497508589578,0.38826317241799,0.748345953289513,-5.27231636235131,FALSE,0.12589758546346,"Not significant"
"P63313","High_vs_Control",0.112023121070088,8.95094802056824,0.860312086487023,0.390042463206393,0.749019247376292,-5.25297938591967,FALSE,0.125507022191169,"Not significant"
"P36955","High_vs_Control",0.0997986775992494,12.433505351928,0.86022729411491,0.390061269078845,0.749019247376292,-5.27475405926592,FALSE,0.125507022191169,"Not significant"
"Q7Z7M9","High_vs_Control",-0.0766842924285962,7.51042260469756,-0.860060058409098,0.390179482419868,0.749019247376292,-5.23909706573343,FALSE,0.125507022191169,"Not significant"
"P28066","High_vs_Control",0.107098902278288,7.44009016251131,0.852617060482925,0.394305423680951,0.755550977168551,-5.23712561549623,FALSE,0.121736228404872,"Not significant"
"Q5QJ74","High_vs_Control",-0.15777871138744,8.63125110941578,-0.851962107758915,0.394726980926277,0.755550977168551,-5.16531342250917,FALSE,0.121736228404872,"Not significant"
"P78423","High_vs_Control",0.0998698678058911,10.3908854548977,0.851000416446639,0.395162644962631,0.755550977168551,-5.28127440380939,FALSE,0.121736228404872,"Not significant"
"P16157","High_vs_Control",-0.186992393099503,9.54493432062779,-0.848711031282127,0.39643369225736,0.756971923697809,-5.28326515585175,FALSE,0.120920228306055,"Not significant"
"Q9Y2V2","High_vs_Control",-0.126024719445294,8.03937772624514,-0.845710200621587,0.398141514109145,0.758807241419349,-5.24757386829643,FALSE,0.119868533221622,"Not significant"
"Q9BUF5","High_vs_Control",-0.106914269349106,9.04100138955638,-0.845138524844829,0.398453174887566,0.758807241419349,-5.25596697171728,FALSE,0.119868533221622,"Not significant"
"Q8N1N4","High_vs_Control",-0.113821101738811,9.14533230381043,-0.841067523806364,0.400698498374527,0.75928813787041,-5.28720493294971,FALSE,0.1195933849208,"Not significant"
"P62136","High_vs_Control",-0.128615596725024,6.65518436711675,-0.839313498377961,0.401756991983189,0.75928813787041,-5.22811694472056,FALSE,0.1195933849208,"Not significant"
"Q6UX71","High_vs_Control",-0.073636292744979,10.1139582367603,-0.838336168463941,0.402228158598424,0.75928813787041,-5.29083478865849,FALSE,0.1195933849208,"Not significant"
"O95715","High_vs_Control",-0.102188048947417,8.76671663485513,-0.837555467281119,0.402706480546831,0.75928813787041,-5.26092928109953,FALSE,0.1195933849208,"Not significant"
"Q05707","High_vs_Control",-0.075824652480315,7.75126753491606,-0.837288801635626,0.402818184438411,0.75928813787041,-5.29033724467305,FALSE,0.1195933849208,"Not significant"
"P00338","High_vs_Control",0.118925846420847,9.06440036887043,0.836689663606593,0.403152409694149,0.75928813787041,-5.29202756595009,FALSE,0.1195933849208,"Not significant"
"P69891","High_vs_Control",-0.161809552213384,17.4526143943947,-0.835964618208297,0.403559811933711,0.75928813787041,-5.29255206911073,FALSE,0.1195933849208,"Not significant"
"P29144","High_vs_Control",-0.144753018530107,7.35716424315122,-0.835700846891563,0.403803422401144,0.75928813787041,-5.21819294118554,FALSE,0.1195933849208,"Not significant"
"P15291","High_vs_Control",0.0654624049979304,8.76843422974652,0.835357840277334,0.403900949777655,0.75928813787041,-5.2929906682809,FALSE,0.1195933849208,"Not significant"
"P17844","High_vs_Control",-0.152457463311947,11.6543248983876,-0.835224124704012,0.404000592186278,0.75928813787041,-5.25439178037231,FALSE,0.1195933849208,"Not significant"
"P25787","High_vs_Control",-0.108754016059307,7.30782554511457,-0.832103689061354,0.405786362415019,0.761646130501488,-5.24982511366248,FALSE,0.118246759981346,"Not significant"
"Q01973","High_vs_Control",0.156816018303847,9.27094987607461,0.830959638834304,0.406467901564905,0.761928066462842,-5.20064190227011,FALSE,0.118086028414866,"Not significant"
"Q15904","High_vs_Control",-0.0927489654748221,7.95811699464039,-0.827853296345384,0.408160256092919,0.764101576027737,-5.28185920008055,FALSE,0.116848904544646,"Not significant"
"P14151","High_vs_Control",-0.0641653635418482,14.5484473128604,-0.824041039439768,0.410295062804059,0.765709314990056,-5.30111264319764,FALSE,0.115936069604281,"Not significant"
"Q8WXI7","High_vs_Control",-0.119236274254471,6.78949711173761,-0.82411757563094,0.410338742739504,0.765709314990056,-5.21799663578287,FALSE,0.115936069604281,"Not significant"
"P04211","High_vs_Control",0.12587206919136,11.7793256600343,0.823147997984764,0.410804396582933,0.765709314990056,-5.30042652701529,FALSE,0.115936069604281,"Not significant"
"P05452","High_vs_Control",0.0829163049636019,12.5226266652949,0.821600590534967,0.411681808643941,0.765709314990056,-5.30284965587158,FALSE,0.115936069604281,"Not significant"
"P27348","High_vs_Control",0.117384717277539,7.13287612725435,0.820657173569897,0.412260640400105,0.765709314990056,-5.2681900322153,FALSE,0.115936069604281,"Not significant"
"Q9NQ38","High_vs_Control",-0.096365472657169,8.86406303968596,-0.818905929371058,0.413219164455815,0.765709314990056,-5.29800825557308,FALSE,0.115936069604281,"Not significant"
"P08729","High_vs_Control",0.226218634149079,12.8888769577043,0.818925697140562,0.413263643783328,0.765709314990056,-5.25218294846551,FALSE,0.115936069604281,"Not significant"
"P10586","High_vs_Control",0.08122899439714,7.28704665708896,0.818778980654749,0.413290801814717,0.765709314990056,-5.30333374734473,FALSE,0.115936069604281,"Not significant"
"P17900","High_vs_Control",0.0882280135700402,7.53298427407839,0.81678048861191,0.414477059073298,0.766375650926864,-5.25944593050389,FALSE,0.115558301993302,"Not significant"
"O00231","High_vs_Control",-0.121416672474057,6.97416774937196,-0.814355847057873,0.415846987657955,0.766375650926864,-5.27620801855225,FALSE,0.115558301993302,"Not significant"
"P02751","High_vs_Control",0.0763086742553174,13.8064220105094,0.813678628207468,0.416202516122754,0.766375650926864,-5.30845278655665,FALSE,0.115558301993302,"Not significant"
"P05388","High_vs_Control",-0.0951906295628859,8.46899758370409,-0.813593600919566,0.416251917325467,0.766375650926864,-5.30811453218309,FALSE,0.115558301993302,"Not significant"
"P05121","High_vs_Control",-0.103004695073134,7.57330559321297,-0.813593065696448,0.41632261650769,0.766375650926864,-5.26477516275169,FALSE,0.115558301993302,"Not significant"
"P02042","High_vs_Control",-0.139015311222405,13.2833962962613,-0.811797483896854,0.41728030209361,0.766434070268018,-5.30977534956034,FALSE,0.115525197822365,"Not significant"
"P63104","High_vs_Control",-0.113238207166448,10.7482325970314,-0.811352444977825,0.417535524579338,0.766434070268018,-5.31008779348846,FALSE,0.115525197822365,"Not significant"
"P30273","High_vs_Control",-0.0838595012245325,8.26531640914818,-0.810622081868495,0.417975789258916,0.766434070268018,-5.29462444219606,FALSE,0.115525197822365,"Not significant"
"P10644","High_vs_Control",0.116343924725276,7.55584653349951,0.809386702872094,0.418719941468283,0.766434070268018,-5.27381111944195,FALSE,0.115525197822365,"Not significant"
"Q9UK55","High_vs_Control",0.0665276060699611,13.0240269931966,0.808340522724708,0.419265235877092,0.766434070268018,-5.31219785236493,FALSE,0.115525197822365,"Not significant"
"P11234","High_vs_Control",-0.086505660912076,9.03271745098998,-0.807826203487772,0.419565358935454,0.766434070268018,-5.30887157269266,FALSE,0.115525197822365,"Not significant"
"P11142","High_vs_Control",-0.0792931803288948,10.7516461618715,-0.806897117985327,0.420095661946069,0.766434070268018,-5.31320628315417,FALSE,0.115525197822365,"Not significant"
"Q13442","High_vs_Control",-0.10214801687647,7.97367611117942,-0.801621051199377,0.423225931306361,0.771163895163051,-5.22914007020317,FALSE,0.112853311701844,"Not significant"
"P02776","High_vs_Control",-0.150889561831345,13.9082897506165,-0.798665347543374,0.424850798482326,0.773142189116313,-5.31725984755886,FALSE,0.111740627336744,"Not significant"
"Q99784","High_vs_Control",0.0707717988634879,8.99926726650334,0.796826378068185,0.425916520142305,0.774099226722516,-5.32019216429951,FALSE,0.11120336637656,"Not significant"
"P30048","High_vs_Control",0.13804326835764,7.14800510076298,0.794595276685189,0.427310254578538,0.775150166918628,-5.23703137696241,FALSE,0.110614155110945,"Not significant"
"P60903","High_vs_Control",-0.0892671620955667,8.08682123292207,-0.794089267054978,0.427575859158044,0.775150166918628,-5.2471876170512,FALSE,0.110614155110945,"Not significant"
"P16671","High_vs_Control",-0.10473707247616,9.12073590880154,-0.788697359657911,0.430652109695112,0.776229532507321,-5.32383632224156,FALSE,0.11000983806988,"Not significant"
"Q8IYI6","High_vs_Control",0.0944705958024272,8.77637543573808,0.788089272130191,0.431056146162783,0.776229532507321,-5.26209028155593,FALSE,0.11000983806988,"Not significant"
"P06727","High_vs_Control",0.0573767961755642,15.9857521585886,0.786838898043907,0.431735605422369,0.776229532507321,-5.32703387677977,FALSE,0.11000983806988,"Not significant"
"P07384","High_vs_Control",-0.0769017891846779,10.3337772026497,-0.786698706606133,0.431817613766659,0.776229532507321,-5.32712929948689,FALSE,0.11000983806988,"Not significant"
"Q9BZE9","High_vs_Control",-0.0973767013534861,11.8006852623762,-0.786271501684547,0.432069662138845,0.776229532507321,-5.32234912058393,FALSE,0.11000983806988,"Not significant"
"P13667","High_vs_Control",0.0915215209576621,7.92200205303779,0.78600635531672,0.432226247503553,0.776229532507321,-5.32114919237236,FALSE,0.11000983806988,"Not significant"
"P01266","High_vs_Control",-0.106137615397571,7.90081172809841,-0.785924815955631,0.432276819469253,0.776229532507321,-5.32069228503387,FALSE,0.11000983806988,"Not significant"
"Q9Y543","High_vs_Control",-0.0977786464780515,10.5836936364859,-0.785549424778165,0.432501671180857,0.776229532507321,-5.31004756020135,FALSE,0.11000983806988,"Not significant"
"P53675","High_vs_Control",-0.115450072193203,7.77839520202596,-0.779783204910015,0.435882649439442,0.781319649120199,-5.32327116172164,FALSE,0.107171253641054,"Not significant"
"P15814","High_vs_Control",0.16191232539094,10.0688193695042,0.776741818397249,0.437741587688022,0.783672205673687,-5.25171972665078,FALSE,0.105865555983898,"Not significant"
"Q96L46","High_vs_Control",-0.0812650638099761,10.8305739398195,-0.773526312685542,0.439564781553234,0.785954983475483,-5.33560931944449,FALSE,0.104602327991214,"Not significant"
"Q9HCU0","High_vs_Control",-0.067236807515707,14.1819509543834,-0.771255373568237,0.440906843052134,0.787372867916263,-5.33753713304599,FALSE,0.10381955464265,"Not significant"
"Q14247","High_vs_Control",-0.134539326823653,8.18664052884128,-0.768256705487322,0.442734472697275,0.788137158524575,-5.28824448254818,FALSE,0.103398196207315,"Not significant"
"P27482","High_vs_Control",-0.0813810929311636,10.6256611203261,-0.767875427317435,0.44291136536727,0.788137158524575,-5.33947350442666,FALSE,0.103398196207315,"Not significant"
"P03950","High_vs_Control",-0.160096585000588,9.87591082263149,-0.767760585353741,0.442983646981038,0.788137158524575,-5.33353090798557,FALSE,0.103398196207315,"Not significant"
"P07327","High_vs_Control",0.0901640497732465,7.76743088812502,0.76369321796432,0.445408435258761,0.790750301753399,-5.33561201673007,FALSE,0.10196063368374,"Not significant"
"Q92743","High_vs_Control",-0.0721136949940338,10.3821006219859,-0.763428145705825,0.445555260681134,0.790750301753399,-5.34273360497876,FALSE,0.10196063368374,"Not significant"
"P05023","High_vs_Control",-0.0660082318181479,7.81301349238323,-0.753870186047399,0.451276046110019,0.79973240597384,-5.34407116484218,FALSE,0.0970553055702393,"Not significant"
"Q09328","High_vs_Control",-0.0544428745581822,8.89504720732085,-0.753099789272094,0.451731693750914,0.79973240597384,-5.34950965425072,FALSE,0.0970553055702393,"Not significant"
"O43396","High_vs_Control",-0.135446733457073,8.10964613365551,-0.752029721914704,0.452410756047816,0.799947008844105,-5.30881591186754,FALSE,0.0969387811690969,"Not significant"
"P09429","High_vs_Control",0.12325282353908,8.05884471109896,0.747854004935696,0.454957411075701,0.802451293823454,-5.2873599658165,FALSE,0.0955813183818432,"Not significant"
"P01275","High_vs_Control",-0.101253447813875,8.5357857833907,-0.74692581074855,0.455448157642058,0.802451293823454,-5.35012799572389,FALSE,0.0955813183818432,"Not significant"
"P41222","High_vs_Control",-0.0548376956274446,9.7018591666354,-0.746262207248681,0.455847190989852,0.802451293823454,-5.35394488561529,FALSE,0.0955813183818432,"Not significant"
"Q08174","High_vs_Control",-0.0806772796742301,9.56417662809902,-0.745802114604084,0.45612487542335,0.802451293823454,-5.35424187796542,FALSE,0.0955813183818432,"Not significant"
"P61019","High_vs_Control",0.114954511524083,7.09333030123776,0.745069771943444,0.456625004016693,0.802451293823454,-5.29185539443563,FALSE,0.0955813183818432,"Not significant"
"P01033","High_vs_Control",0.105264914904401,8.18482391876144,0.743023467418038,0.457888287356963,0.802767374742737,-5.27774127727086,FALSE,0.0954102859816579,"Not significant"
"P61026","High_vs_Control",-0.156750624993135,10.9448482472608,-0.741996771703303,0.458425207451095,0.802767374742737,-5.35669124274498,FALSE,0.0954102859816579,"Not significant"
"P22223","High_vs_Control",-0.181984588083056,8.65041872519632,-0.741992941715312,0.458484295616667,0.802767374742737,-5.28647828856848,FALSE,0.0954102859816579,"Not significant"
"O43707","High_vs_Control",-0.097157344603211,6.9745932834623,-0.73972337693977,0.459813923295839,0.804113617080772,-5.34259616357614,FALSE,0.0946825833596445,"Not significant"
"P15169","High_vs_Control",0.109474770853373,11.7112089566281,0.73865673717313,0.460449625355573,0.804240809101098,-5.35883080474916,FALSE,0.094613893533838,"Not significant"
"P00915","High_vs_Control",-0.147480757851866,11.9714019846895,-0.736118860399949,0.46199119682384,0.804240809101098,-5.36045008150025,FALSE,0.094613893533838,"Not significant"
"P11766","High_vs_Control",0.163462360433758,8.20099014053407,0.736153714808169,0.462068004240441,0.804240809101098,-5.25647656325267,FALSE,0.094613893533838,"Not significant"
"P31151","High_vs_Control",-0.108508800631334,9.06728508825406,-0.735940028393868,0.46213000467176,0.804240809101098,-5.31060383564171,FALSE,0.094613893533838,"Not significant"
"P11717","High_vs_Control",0.0858195009586664,6.45624034908619,0.733376374720751,0.463764385187074,0.806106822252442,-5.24755638466987,FALSE,0.0936074033056085,"Not significant"
"Q7L014","High_vs_Control",0.13659776650432,15.4787742494013,0.730040007141229,0.465712061002847,0.807203174870603,-5.34249795454699,FALSE,0.0930171386119883,"Not significant"
"P53621","High_vs_Control",-0.157369245249708,6.79457521639504,-0.729202460790979,0.466298701846261,0.807203174870603,-5.27150241332974,FALSE,0.0930171386119883,"Not significant"
"Q06323","High_vs_Control",-0.0899313749384216,9.34606970369843,-0.72767060593311,0.46714427998686,0.807203174870603,-5.3653945038364,FALSE,0.0930171386119883,"Not significant"
"P07711","High_vs_Control",-0.0795987379731891,8.22085501050504,-0.727091875253885,0.467512299364178,0.807203174870603,-5.34338704349674,FALSE,0.0930171386119883,"Not significant"
"P98095","High_vs_Control",-0.0697109161070468,8.73646571131464,-0.726697283052771,0.467739938562366,0.807203174870603,-5.36600687002147,FALSE,0.0930171386119883,"Not significant"
"Q9BYJ0","High_vs_Control",0.076909170671323,10.4278262147083,0.726310571248485,0.467976084467872,0.807203174870603,-5.36665593296047,FALSE,0.0930171386119883,"Not significant"
"Q02952","High_vs_Control",-0.0702000228498179,10.8424876721318,-0.724595739593782,0.46902685796359,0.807203174870603,-5.36773240326333,FALSE,0.0930171386119883,"Not significant"
"Q15149","High_vs_Control",0.111102330325009,8.52002115946702,0.724422263411597,0.469138997054239,0.807203174870603,-5.358012622852,FALSE,0.0930171386119883,"Not significant"
"Q9NY97","High_vs_Control",-0.0738828979293178,9.37285697620145,-0.723887429934273,0.469461260698803,0.807203174870603,-5.36817629747177,FALSE,0.0930171386119883,"Not significant"
"P0DPH7;P0DPH8","High_vs_Control",-0.110303166863112,11.0208180644804,-0.722872092255015,0.470084351077701,0.807306538257992,-5.36881184919208,FALSE,0.0929615302146275,"Not significant"
"P24043","High_vs_Control",-0.0827459901715066,6.67354868698089,-0.72176408659785,0.470773854357382,0.807523573144121,-5.35726869135072,FALSE,0.0928447909324847,"Not significant"
"Q8WUJ3","High_vs_Control",-0.116338079422561,7.7314309567969,-0.720649960632046,0.471459289981511,0.807574991261387,-5.36037038140544,FALSE,0.0928171386206095,"Not significant"
"P32119","High_vs_Control",-0.12054389283575,12.1770416152324,-0.719868685244325,0.471930155283851,0.807574991261387,-5.37068662481897,FALSE,0.0928171386206095,"Not significant"
"Q14554","High_vs_Control",-0.122607504213949,7.84042129352215,-0.718368484027412,0.472889672556462,0.808252431997575,-5.32614347655093,FALSE,0.0924529799406095,"Not significant"
"P00387","High_vs_Control",0.105239141364081,8.66386491759499,0.717394959414491,0.473459139328137,0.808262387853034,-5.368261593989,FALSE,0.0924476304405178,"Not significant"
"Q8N307","High_vs_Control",-0.0669711214542215,10.2198904475629,-0.716056354633247,0.474279480516218,0.808700089251198,-5.37273757013168,FALSE,0.0922125089590009,"Not significant"
"P35916","High_vs_Control",-0.0665840690971642,9.52083692251428,-0.713326407031048,0.475964675195598,0.809242910095459,-5.37474346253067,FALSE,0.0919210968310521,"Not significant"
"P98161","High_vs_Control",-0.081418237223545,6.76716309380277,-0.713216766662212,0.47609008001913,0.809242910095459,-5.29873080871647,FALSE,0.0919210968310521,"Not significant"
"Q13790","High_vs_Control",0.0542010009614557,16.1382179947488,0.712438554193613,0.476513657670886,0.809242910095459,-5.37529116827155,FALSE,0.0919210968310521,"Not significant"
"Q96IZ5","High_vs_Control",-0.096696774944796,9.77933083634285,-0.712021050943293,0.476855131820546,0.809242910095459,-5.27899177645411,FALSE,0.0919210968310521,"Not significant"
"Q9NYU2","High_vs_Control",-0.0673685347117363,8.06153766167807,-0.708878524068041,0.478719021987021,0.809993839274482,-5.37716244954609,FALSE,0.0915182843056367,"Not significant"
"P01889","High_vs_Control",-0.0718576638483555,9.14285685760763,-0.708790844232048,0.478774010495187,0.809993839274482,-5.37680941175302,FALSE,0.0915182843056367,"Not significant"
"Q8NBS9","High_vs_Control",0.0884506467190018,7.95624233795867,0.708489427189756,0.478992172736932,0.809993839274482,-5.33733586894592,FALSE,0.0915182843056367,"Not significant"
"P18124","High_vs_Control",0.105907469454358,6.24826602848043,0.702278141912656,0.482914598271804,0.815664939837181,-5.27353054826079,FALSE,0.0884882048038896,"Not significant"
"P00451","High_vs_Control",-0.0832212478998429,9.99236903700199,-0.699507554650334,0.484548528893813,0.817461871098504,-5.38319100034372,FALSE,0.0875324950073702,"Not significant"
"Q14764","High_vs_Control",-0.0938660974484975,6.46938327748328,-0.697623349781786,0.485802876750807,0.818614953302771,-5.28742805023186,FALSE,0.0869203265395564,"Not significant"
"P62736","High_vs_Control",0.0985094839239995,11.2847387127707,0.695565405472167,0.487012609784852,0.818732349654849,-5.38557062742632,FALSE,0.0868580494797069,"Not significant"
"P30041","High_vs_Control",-0.0938303783080183,10.5314032298132,-0.694672475212889,0.487571686493425,0.818732349654849,-5.38610776902502,FALSE,0.0868580494797069,"Not significant"
"P07195","High_vs_Control",0.0973355176800439,9.05201633787141,0.694651580123875,0.487585374201702,0.818732349654849,-5.38377677706504,FALSE,0.0868580494797069,"Not significant"
"P05107","High_vs_Control",-0.0559692863555306,9.4635606364959,-0.688922367028195,0.49118022129025,0.823612837542244,-5.38955024920174,FALSE,0.0842768927117199,"Not significant"
"Q86UX7","High_vs_Control",-0.106274121130488,10.1858235340547,-0.688190441486727,0.491640578058689,0.823612837542244,-5.3899863904641,FALSE,0.0842768927117199,"Not significant"
"P11597","High_vs_Control",-0.0749963251572687,14.3690496337631,-0.687060642363213,0.492351639800142,0.823841600319024,-5.39065870918131,FALSE,0.08415628189545,"Not significant"
"P16035","High_vs_Control",-0.072758990375041,8.01747120080406,-0.685179276689225,0.493584693587569,0.823973706755874,-5.30301377954553,FALSE,0.084086646546847,"Not significant"
"Q6AHZ1","High_vs_Control",0.16324699648786,11.8692430998674,0.68488640131649,0.49373839678981,0.823973706755874,-5.36330922875415,FALSE,0.084086646546847,"Not significant"
"Q15485","High_vs_Control",0.0846647714476152,9.5919517337402,0.684201138722821,0.494154384804778,0.823973706755874,-5.39214783795293,FALSE,0.084086646546847,"Not significant"
"P20339","High_vs_Control",-0.0663990376277042,9.18241647617759,-0.682838971313388,0.495014700844082,0.824449571440666,-5.39243258138469,FALSE,0.0838359034091927,"Not significant"
"P01876","High_vs_Control",0.0994172852805786,15.9423771207632,0.679832470213835,0.496913894560236,0.825845343253202,-5.39493394865841,FALSE,0.0831012757552847,"Not significant"
"P00742","High_vs_Control",-0.0468990945887189,14.9378782243176,-0.679689194702802,0.497004554551962,0.825845343253202,-5.39501823559866,FALSE,0.0831012757552847,"Not significant"
"P12109","High_vs_Control",-0.0568090456549601,9.44232007752995,-0.678775549536572,0.497582886751654,0.825849374539203,-5.39555530301508,FALSE,0.0830991557929862,"Not significant"
"P08567","High_vs_Control",0.111632501747046,9.21616802320604,0.672884660766202,0.501322140921061,0.83109358390844,-5.39775312136663,FALSE,0.0803500704557479,"Not significant"
"O75309","High_vs_Control",0.0773361556054679,7.29110766952984,0.669450350070328,0.503516272765831,0.833767130653812,-5.38567249517643,FALSE,0.078955229930576,"Not significant"
"Q02985","High_vs_Control",0.086446114189707,9.58465417816836,0.666070370925637,0.505665180292457,0.835506161296194,-5.39777923721794,FALSE,0.0780503431289714,"Not significant"
"P08253","High_vs_Control",0.0662245726577027,10.0067525674466,0.665961602868643,0.50573176290453,0.835506161296194,-5.403011750492,FALSE,0.0780503431289714,"Not significant"
"P05019","High_vs_Control",-0.0518696000545997,9.16828486185053,-0.663448346034568,0.507345243652352,0.836049793969205,-5.38974106962122,FALSE,0.0777678558121079,"Not significant"
"P25311","High_vs_Control",0.084372335988407,9.7618582244991,0.662311327956906,0.508065938504306,0.836049793969205,-5.4051098932375,FALSE,0.0777678558121079,"Not significant"
"Q96K76","High_vs_Control",0.114723506958688,6.11480742205963,0.660027550122901,0.509638554861769,0.836049793969205,-5.2849135247436,FALSE,0.0777678558121079,"Not significant"
"Q07954","High_vs_Control",-0.0973360942855308,10.8348134453399,-0.659744064538752,0.509710969117015,0.836049793969205,-5.406578637341,FALSE,0.0777678558121079,"Not significant"
"Q86UX2","High_vs_Control",-0.0574080488979067,7.58101922272637,-0.659440992839481,0.509907627972121,0.836049793969205,-5.40206460054551,FALSE,0.0777678558121079,"Not significant"
"Q08629","High_vs_Control",-0.0672128496763298,7.25794963168698,-0.657899067307598,0.510952121127956,0.836049793969205,-5.33205214828451,FALSE,0.0777678558121079,"Not significant"
"Q00839","High_vs_Control",-0.0775196345386746,7.64242738189921,-0.657008356875014,0.511482384867226,0.836049793969205,-5.3818278125736,FALSE,0.0777678558121079,"Not significant"
"Q9NR34","High_vs_Control",-0.0913854327514301,9.66656180610138,-0.656857489052892,0.511592969017422,0.836049793969205,-5.36340700851445,FALSE,0.0777678558121079,"Not significant"
"P68363","High_vs_Control",-0.0937812963103504,10.5568844341365,-0.656074228832919,0.512067343207014,0.836049793969205,-5.4086682822816,FALSE,0.0777678558121079,"Not significant"
"P0DOY2;P0DOY3","High_vs_Control",0.11235875231316,16.7476025744195,0.654774747988622,0.512922815730649,0.836049793969205,-5.38681588110698,FALSE,0.0777678558121079,"Not significant"
"Q92496","High_vs_Control",0.091588231897914,9.63473419119567,0.654696627765651,0.51297180708198,0.836049793969205,-5.37190514951781,FALSE,0.0777678558121079,"Not significant"
"P48059","High_vs_Control",0.0899706139210252,8.77399241964634,0.654559272163592,0.5130570562712,0.836049793969205,-5.39801925685839,FALSE,0.0777678558121079,"Not significant"
"Q7Z304","High_vs_Control",-0.0682231419920152,7.25033801421109,-0.650648841268696,0.515592774136813,0.839228193089887,-5.3611072772216,FALSE,0.0761199348506058,"Not significant"
"P68371","High_vs_Control",-0.0866982567225687,10.4026087253665,-0.648577561136221,0.516898550723527,0.84039968450968,-5.41290080963139,FALSE,0.0755141193024139,"Not significant"
"Q9UBQ7","High_vs_Control",-0.0846212828749859,6.72071701229526,-0.646504723795526,0.518309407702085,0.840787871119981,-5.33934095696886,FALSE,0.0753135618985312,"Not significant"
"P25789","High_vs_Control",-0.0798903297473501,8.1728785997245,-0.645934170273923,0.518625243716948,0.840787871119981,-5.38369946505666,FALSE,0.0753135618985312,"Not significant"
"P0DOX5","High_vs_Control",0.108808499751268,9.33137425288081,0.644800235179269,0.519425732319271,0.840787871119981,-5.31296941718588,FALSE,0.0753135618985312,"Not significant"
"P52565","High_vs_Control",0.0664698779052362,7.87582076481497,0.644603212731268,0.51948260377427,0.840787871119981,-5.40182991326441,FALSE,0.0753135618985312,"Not significant"
"Q9Y624","High_vs_Control",-0.063363383683777,8.15987962735892,-0.64342483832691,0.520238479006106,0.841061982970413,-5.41178063352129,FALSE,0.075171997222194,"Not significant"
"P15941","High_vs_Control",-0.0588578950623209,9.94333841747059,-0.640041802459045,0.522429183973193,0.84202858311914,-5.41573100953127,FALSE,0.0746731658872575,"Not significant"
"Q96KP4","High_vs_Control",-0.111702531063123,7.2809326091025,-0.639506045765258,0.522800405459048,0.84202858311914,-5.38823344239262,FALSE,0.0746731658872575,"Not significant"
"Q04695","High_vs_Control",-0.118026831288848,9.33565938997994,-0.638911572754897,0.523169792020034,0.84202858311914,-5.40354487677281,FALSE,0.0746731658872575,"Not significant"
"Q96NZ9","High_vs_Control",-0.0710800173118198,10.0565247433426,-0.638743527625299,0.523271786765481,0.84202858311914,-5.41837936590012,FALSE,0.0746731658872575,"Not significant"
"O43242","High_vs_Control",-0.0920059879773598,6.74312567089265,-0.638099940574214,0.523772312512045,0.84202858311914,-5.32091712680529,FALSE,0.0746731658872575,"Not significant"
"P16152","High_vs_Control",0.113101527086442,7.11511163421668,0.631475848087255,0.528066868819965,0.84798195956084,-5.34651756198503,FALSE,0.0716133870670118,"Not significant"
"O00194","High_vs_Control",-0.197958898240561,9.5028155653184,-0.627692707083242,0.530505264070415,0.850944685321001,-5.39007242795723,FALSE,0.0700986698103942,"Not significant"
"P41091","High_vs_Control",0.0963945901208865,7.31056997367373,0.62537875447659,0.532091489724456,0.851201750111474,-5.31445229038329,FALSE,0.0699674921179009,"Not significant"
"P23528","High_vs_Control",-0.084814296009311,10.7042326867001,-0.624973640299758,0.532263247700999,0.851201750111474,-5.42591018320719,FALSE,0.0699674921179009,"Not significant"
"P52209","High_vs_Control",0.0917987122576509,8.29404794871757,0.624705336454546,0.53244628301952,0.851201750111474,-5.40990127707866,FALSE,0.0699674921179009,"Not significant"
"P55268","High_vs_Control",-0.0637341099854414,7.83828639508727,-0.622848672405011,0.533658293927086,0.851384332922224,-5.42468202554763,FALSE,0.0698743459230703,"Not significant"
"Q27J81","High_vs_Control",0.11318555526186,6.898432699433,0.62283549572574,0.53374791861721,0.851384332922224,-5.3349145941198,FALSE,0.0698743459230703,"Not significant"
"P09871","High_vs_Control",-0.0537923813703323,16.6449281024388,-0.62004743662817,0.535498910457546,0.853228263995691,-5.42856455704371,FALSE,0.0689347665675994,"Not significant"
"Q96P70","High_vs_Control",-0.0999741512846812,6.99636663059017,-0.618295337069561,0.536748578947907,0.854017590415928,-5.28509187205036,FALSE,0.0685331839457774,"Not significant"
"P62906","High_vs_Control",-0.0971677157319251,7.26724401217073,-0.616572924574583,0.537881256194437,0.854017590415928,-5.30465153908119,FALSE,0.0685331839457774,"Not significant"
"Q9BTT0","High_vs_Control",0.0764189340019632,7.30336633838726,0.61631159756877,0.538002902973562,0.854017590415928,-5.37061707759844,FALSE,0.0685331839457774,"Not significant"
"Q7Z794","High_vs_Control",0.185369759166736,11.3088899295884,0.615687061766731,0.538376500513249,0.854017590415928,-5.41698178265139,FALSE,0.0685331839457774,"Not significant"
"P30153","High_vs_Control",-0.0766421638724992,7.7896444349277,-0.614586817438161,0.539105196770153,0.854228565931933,-5.41950136292931,FALSE,0.0684259095900962,"Not significant"
"Q8IZA0","High_vs_Control",-0.0583796219972257,7.43627773205715,-0.612602625687131,0.540424134092559,0.854320243361237,-5.4012942141156,FALSE,0.0683793027838013,"Not significant"
"Q99972","High_vs_Control",-0.0722487111888945,7.28084850181818,-0.611241330445612,0.541324096716011,0.854320243361237,-5.40682364288986,FALSE,0.0683793027838013,"Not significant"
"Q12913","High_vs_Control",0.0505188146089779,9.70641249931558,0.609553942601712,0.542424296280124,0.854320243361237,-5.43414882855632,FALSE,0.0683793027838013,"Not significant"
"Q9NY65","High_vs_Control",0.111275894701203,7.66008430831414,0.608275939495452,0.543328199409238,0.854320243361237,-5.36528813930296,FALSE,0.0683793027838013,"Not significant"
"P29992","High_vs_Control",-0.0756200536560208,7.57597920492043,-0.607911661899507,0.543527373862412,0.854320243361237,-5.41713567073527,FALSE,0.0683793027838013,"Not significant"
"O00410","High_vs_Control",-0.0883040999824889,6.20982297636754,-0.606342917613218,0.544615746743833,0.854320243361237,-5.35186656766677,FALSE,0.0683793027838013,"Not significant"
"P40925","High_vs_Control",-0.148015699749227,9.4143977359838,-0.605396731639516,0.545195942193244,0.854320243361237,-5.41734937992087,FALSE,0.0683793027838013,"Not significant"
"P05556","High_vs_Control",-0.0479524710497188,10.9983636869684,-0.603891799226923,0.546179649750903,0.854320243361237,-5.43712249795269,FALSE,0.0683793027838013,"Not significant"
"Q13885","High_vs_Control",0.0738716099002268,9.84143435867908,0.602031685899057,0.547418723981615,0.854320243361237,-5.43375937190372,FALSE,0.0683793027838013,"Not significant"
"Q96GI7","High_vs_Control",-0.0695656791022259,9.3160434184986,-0.601173584261682,0.548028029778656,0.854320243361237,-5.37858573487857,FALSE,0.0683793027838013,"Not significant"
"P45974","High_vs_Control",-0.0865761089058541,8.16209353383466,-0.600394421334724,0.548510840952759,0.854320243361237,-5.43362918832765,FALSE,0.0683793027838013,"Not significant"
"P12110","High_vs_Control",-0.0534571287308871,8.96326542801048,-0.600077767783582,0.548717033770933,0.854320243361237,-5.4367247634124,FALSE,0.0683793027838013,"Not significant"
"Q16543","High_vs_Control",0.0961158122426449,6.63260408707259,0.599795132373994,0.548991459519218,0.854320243361237,-5.31998621392017,FALSE,0.0683793027838013,"Not significant"
"Q9UJU6","High_vs_Control",-0.103504956246361,6.95330189901961,-0.598695992160663,0.549694895382223,0.854320243361237,-5.36746086863779,FALSE,0.0683793027838013,"Not significant"
"O75081","High_vs_Control",-0.0918153098734997,13.2039206979968,-0.598345513939858,0.549876307400923,0.854320243361237,-5.42364240649108,FALSE,0.0683793027838013,"Not significant"
"P08865","High_vs_Control",-0.0779983390127317,7.70062708897718,-0.598293987398248,0.549920463080601,0.854320243361237,-5.41828846212567,FALSE,0.0683793027838013,"Not significant"
"P50148","High_vs_Control",0.0816197588069096,7.41826653762854,0.598277449964689,0.549949539798635,0.854320243361237,-5.40381222982121,FALSE,0.0683793027838013,"Not significant"
"Q9NP78","High_vs_Control",0.0687384501608452,10.6115179720627,0.594470949566298,0.552476336934759,0.854320243361237,-5.41511159267344,FALSE,0.0683793027838013,"Not significant"
"P14317","High_vs_Control",-0.0778345383664867,8.04423335014254,-0.593809879014532,0.552903811688239,0.854320243361237,-5.43184885983503,FALSE,0.0683793027838013,"Not significant"
"P07225","High_vs_Control",0.0572217945975773,14.80708803435,0.593783345099347,0.5529159380178,0.854320243361237,-5.44236241312863,FALSE,0.0683793027838013,"Not significant"
"O75351","High_vs_Control",0.0745339867415353,7.1122370299092,0.592812794405822,0.55361478644265,0.854320243361237,-5.38063479598396,FALSE,0.0683793027838013,"Not significant"
"P11586","High_vs_Control",0.0781202586177008,7.69129008548238,0.592617406166884,0.553702181421887,0.854320243361237,-5.43676691695988,FALSE,0.0683793027838013,"Not significant"
"P51665","High_vs_Control",-0.10087640835444,7.01936624419572,-0.591805043973393,0.554341995377248,0.854320243361237,-5.30617860493411,FALSE,0.0683793027838013,"Not significant"
"O60844","High_vs_Control",-0.0825666296057275,7.235629263586,-0.591705740983495,0.554396209333074,0.854320243361237,-5.29445633413112,FALSE,0.0683793027838013,"Not significant"
"P22234","High_vs_Control",-0.0804494605854478,7.18792767955495,-0.591453554819172,0.554526937999506,0.854320243361237,-5.37752810960599,FALSE,0.0683793027838013,"Not significant"
"P40926","High_vs_Control",0.0889690677153787,7.49357944528041,0.590745316857639,0.554987923744251,0.854320243361237,-5.39211996745564,FALSE,0.0683793027838013,"Not significant"
"P19827","High_vs_Control",-0.0543988733981919,19.7874187546431,-0.590297150845593,0.555248582156676,0.854320243361237,-5.44414906936235,FALSE,0.0683793027838013,"Not significant"
"O43491","High_vs_Control",0.0753758180102002,7.3273107517035,0.588300287375118,0.556619737247337,0.855512007730634,-5.40165168127565,FALSE,0.0677738904425104,"Not significant"
"P61088","High_vs_Control",0.0706775511420563,8.46165035948671,0.583800072376994,0.559629294939394,0.856196366628812,-5.41915632081767,FALSE,0.0674266194781235,"Not significant"
"P27105","High_vs_Control",-0.0853682544556609,9.47965337019592,-0.583624762649072,0.559727028490862,0.856196366628812,-5.44580286807847,FALSE,0.0674266194781235,"Not significant"
"P04083","High_vs_Control",0.0750927633901517,7.6654557926834,0.581076645410103,0.561443209340047,0.856196366628812,-5.44591596554344,FALSE,0.0674266194781235,"Not significant"
"O60493","High_vs_Control",0.0994232988469843,8.90108250035593,0.581085997590479,0.561473680374843,0.856196366628812,-5.38262265199796,FALSE,0.0674266194781235,"Not significant"
"P45877","High_vs_Control",-0.0586593644847362,7.18481915819725,-0.580559030169282,0.561862512613069,0.856196366628812,-5.33685725748314,FALSE,0.0674266194781235,"Not significant"
"P80723","High_vs_Control",-0.0564697349481111,7.06835470138775,-0.579945087357922,0.562211541097513,0.856196366628812,-5.4354759271053,FALSE,0.0674266194781235,"Not significant"
"Q8IZP9","High_vs_Control",-0.0576261585726439,8.7888843028214,-0.579262328568821,0.562664196016901,0.856196366628812,-5.44931790388959,FALSE,0.0674266194781235,"Not significant"
"P30740","High_vs_Control",-0.0935312475180883,7.80272640707239,-0.578773252918188,0.563005121211249,0.856196366628812,-5.43113212479754,FALSE,0.0674266194781235,"Not significant"
"Q93098","High_vs_Control",-0.0891929097099471,11.138634560808,-0.578526899657084,0.563198776587198,0.856196366628812,-5.35800450310614,FALSE,0.0674266194781235,"Not significant"
"P16284","High_vs_Control",-0.0519216070156947,9.20274295933561,-0.577935662481658,0.563558899514018,0.856196366628812,-5.44998231059102,FALSE,0.0674266194781235,"Not significant"
"Q96PX8","High_vs_Control",-0.0692887879647692,6.86352433217813,-0.577877798587246,0.563632754600836,0.856196366628812,-5.39274861628286,FALSE,0.0674266194781235,"Not significant"
"Q04637","High_vs_Control",-0.0820297747260028,6.35655727958756,-0.575703693798627,0.565128581222974,0.857560196268513,-5.34386092881678,FALSE,0.0667353849998545,"Not significant"
"Q5JRA6","High_vs_Control",-0.0513066784552105,11.1089883338995,-0.572569038383462,0.567184672044816,0.858121294806919,-5.45307209593973,FALSE,0.0664513206102939,"Not significant"
"Q5T4S7","High_vs_Control",-0.0715202697223676,7.138763548167,-0.57145711502788,0.567945792848394,0.858121294806919,-5.44070577350092,FALSE,0.0664513206102939,"Not significant"
"P15153","High_vs_Control",-0.0582605315322322,10.4591592368942,-0.570553185346347,0.568550642116395,0.858121294806919,-5.45200151537234,FALSE,0.0664513206102939,"Not significant"
"P01116","High_vs_Control",-0.0693752943503227,8.09842352474422,-0.570496084132969,0.568647381859914,0.858121294806919,-5.36540237774928,FALSE,0.0664513206102939,"Not significant"
"P48723","High_vs_Control",-0.065536555266652,6.86864801002019,-0.570098272231186,0.568924385448105,0.858121294806919,-5.34916063009709,FALSE,0.0664513206102939,"Not significant"
"Q96CW1","High_vs_Control",-0.0716368343641465,7.08710187003821,-0.56936974865109,0.569387707989936,0.858121294806919,-5.41032503648065,FALSE,0.0664513206102939,"Not significant"
"P60953","High_vs_Control",-0.056531329825761,8.81779652149071,-0.568184422482727,0.57015615323028,0.858121294806919,-5.45481913950849,FALSE,0.0664513206102939,"Not significant"
"P06858","High_vs_Control",-0.0530839471029694,10.2916095332125,-0.566149863220386,0.571536814020685,0.858121294806919,-5.45623604126026,FALSE,0.0664513206102939,"Not significant"
"Q9NP72","High_vs_Control",0.0781228681790669,6.85917119828735,0.565855380062345,0.571822955275664,0.858121294806919,-5.34876135109257,FALSE,0.0664513206102939,"Not significant"
"P36578","High_vs_Control",-0.0876087486129435,7.42323898787372,-0.565632184242758,0.571933756651757,0.858121294806919,-5.37997612644051,FALSE,0.0664513206102939,"Not significant"
"Q96TC7","High_vs_Control",-0.0725215426216526,7.97399534146207,-0.565387447969759,0.572080863204612,0.858121294806919,-5.41766806410519,FALSE,0.0664513206102939,"Not significant"
"Q6UY14","High_vs_Control",0.0803876814727484,9.02827132250117,0.562921580089768,0.573736346035543,0.859615378595673,-5.45299871755392,FALSE,0.0656958235441386,"Not significant"
"O15498","High_vs_Control",0.0673558533004526,7.17229631763539,0.562174849344781,0.5742758247522,0.859615378595673,-5.40714188863534,FALSE,0.0656958235441386,"Not significant"
"Q8N128","High_vs_Control",-0.0663540788355208,7.48783407486613,-0.55685102085059,0.577891163277914,0.863565502106421,-5.4167290026734,FALSE,0.0637047152772134,"Not significant"
"Q6P3X8","High_vs_Control",0.0728901558087127,9.4800066615268,0.556530444500304,0.578119164590073,0.863565502106421,-5.41761481785666,FALSE,0.0637047152772134,"Not significant"
"Q14684","High_vs_Control",-0.0658553289913577,13.6030460152482,-0.554980095200179,0.579160704682181,0.864221072335324,-5.43302412916209,FALSE,0.0633751484767914,"Not significant"
"A0A087WSY6","High_vs_Control",-0.105563641061158,11.7972508648719,-0.553487004976171,0.580249109886947,0.864485614702571,-5.34373020749389,FALSE,0.0632422291191198,"Not significant"
"Q6UXH0","High_vs_Control",0.0531647003512052,9.05634511664235,0.552943415231129,0.580543686860932,0.864485614702571,-5.45851177331706,FALSE,0.0632422291191198,"Not significant"
"Q9HCB6","High_vs_Control",0.0747660388413092,7.49377874467116,0.547745540559977,0.584135474617918,0.868931815977276,-5.405564096571,FALSE,0.0610143007741175,"Not significant"
"O00339","High_vs_Control",-0.0642695724086249,7.11179314684611,-0.545652388412468,0.585560199633796,0.870148524637164,-5.42603227373448,FALSE,0.0604066118353745,"Not significant"
"P42357","High_vs_Control",-0.0953551444759251,6.649140311098,-0.542025885072587,0.588083019301662,0.872992805050293,-5.37566964097452,FALSE,0.0589893356069524,"Not significant"
"P30043","High_vs_Control",-0.0870658102960107,9.76574747147828,-0.54026777874777,0.589244315768017,0.873812149753191,-5.46863167214399,FALSE,0.0585819210202663,"Not significant"
"Q53EL9","High_vs_Control",-0.0518549109382231,8.00871898914271,-0.53680782004669,0.591654602309621,0.874443897283639,-5.42145545531046,FALSE,0.0582680488287909,"Not significant"
"P19971","High_vs_Control",-0.0529214111651459,7.15135146801673,-0.535128363842408,0.592795913694233,0.874443897283639,-5.45604638785133,FALSE,0.0582680488287909,"Not significant"
"P13929","High_vs_Control",-0.0789469028255745,8.25455558862086,-0.534390700867077,0.593301155412555,0.874443897283639,-5.46862508344486,FALSE,0.0582680488287909,"Not significant"
"A0A075B6I0","High_vs_Control",0.123643709894775,12.0743134079055,0.531044751262923,0.595638842174065,0.874443897283639,-5.43609491988527,FALSE,0.0582680488287909,"Not significant"
"P11940","High_vs_Control",0.0976831277100434,7.61099642323794,0.53096133632366,0.595723195594569,0.874443897283639,-5.38992265367267,FALSE,0.0582680488287909,"Not significant"
"P33908","High_vs_Control",0.0436127253034542,10.7925896868047,0.529768071304341,0.596499470199665,0.874443897283639,-5.4734951256134,FALSE,0.0582680488287909,"Not significant"
"Q16775","High_vs_Control",-0.0925095988416826,8.15723355098679,-0.527576229875942,0.598039012927778,0.874443897283639,-5.43791085752064,FALSE,0.0582680488287909,"Not significant"
"Q9NP55","High_vs_Control",-0.0839302527956187,7.91997547259747,-0.526716352869838,0.598665634383259,0.874443897283639,-5.37249043206166,FALSE,0.0582680488287909,"Not significant"
"Q93084","High_vs_Control",-0.115533228626497,8.0537459617487,-0.526550079290424,0.598786300706729,0.874443897283639,-5.40908997842855,FALSE,0.0582680488287909,"Not significant"
"P40121","High_vs_Control",-0.0792104149817732,6.6062492039543,-0.525892681630683,0.599268259539751,0.874443897283639,-5.32886849527999,FALSE,0.0582680488287909,"Not significant"
"Q86SG5","High_vs_Control",-0.0935447176002047,7.82883394835913,-0.525306861641232,0.599633541154575,0.874443897283639,-5.37675214942961,FALSE,0.0582680488287909,"Not significant"
"P55290","High_vs_Control",-0.0439883150696669,10.6100003232899,-0.524469440390193,0.600176173404642,0.874443897283639,-5.47591325405718,FALSE,0.0582680488287909,"Not significant"
"P23634","High_vs_Control",-0.0508500062435475,7.14672365009928,-0.523853807021836,0.600614881740766,0.874443897283639,-5.45986424131951,FALSE,0.0582680488287909,"Not significant"
"P59768","High_vs_Control",-0.0525281216952376,7.92750765636845,-0.523464782252093,0.600904258678839,0.874443897283639,-5.42097719819473,FALSE,0.0582680488287909,"Not significant"
"P26447","High_vs_Control",-0.057339972692084,10.5362318613705,-0.523275382678199,0.601006143575815,0.874443897283639,-5.47645483244092,FALSE,0.0582680488287909,"Not significant"
"P37235","High_vs_Control",0.0755649363589592,7.08199605951673,0.522923950021892,0.601296145525444,0.874443897283639,-5.3969531494983,FALSE,0.0582680488287909,"Not significant"
"P02671","High_vs_Control",0.0662717242796447,16.1605282045091,0.521384449840831,0.602321562714535,0.874443897283639,-5.47730996415521,FALSE,0.0582680488287909,"Not significant"
"Q8TDL5","High_vs_Control",-0.0527982333180219,10.8404710350567,-0.521134493773896,0.602495540860188,0.874443897283639,-5.47742276976924,FALSE,0.0582680488287909,"Not significant"
"Q13418","High_vs_Control",-0.0755079369363916,9.40625799848527,-0.519157092104884,0.603872680756037,0.874443897283639,-5.47831327025243,FALSE,0.0582680488287909,"Not significant"
"P60900","High_vs_Control",-0.0682745499037569,7.61762097464729,-0.519010784055477,0.603995152385438,0.874443897283639,-5.43219408929,FALSE,0.0582680488287909,"Not significant"
"Q92882","High_vs_Control",0.0928272407294255,7.56085153810065,0.51893515443284,0.604086910587288,0.874443897283639,-5.37304082040442,FALSE,0.0582680488287909,"Not significant"
"Q9UBX5","High_vs_Control",-0.0666587000408203,9.52759456112737,-0.518711339368625,0.604183316185265,0.874443897283639,-5.47851354292557,FALSE,0.0582680488287909,"Not significant"
"P35813","High_vs_Control",0.0777728309051069,6.79024765137021,0.518657019415438,0.60427013720494,0.874443897283639,-5.40732197524969,FALSE,0.0582680488287909,"Not significant"
"P22314","High_vs_Control",-0.104400496922267,7.28798037388502,-0.518550944742581,0.604305371135346,0.874443897283639,-5.46247474384306,FALSE,0.0582680488287909,"Not significant"
"P29401","High_vs_Control",0.0731603521854192,6.6712970785812,0.514525212602363,0.60712794153539,0.876940463095732,-5.42001704642597,FALSE,0.0570298905868611,"Not significant"
"P48643","High_vs_Control",0.0716685813165352,7.0603706960142,0.513785202399119,0.607646442052445,0.876940463095732,-5.44745095841851,FALSE,0.0570298905868611,"Not significant"
"P50990","High_vs_Control",-0.0949506042513768,8.21652418244508,-0.513439304510951,0.607865286134699,0.876940463095732,-5.47851267594453,FALSE,0.0570298905868611,"Not significant"
"P61006","High_vs_Control",-0.0579408929212644,7.8498519733006,-0.511645199470248,0.609127699354183,0.877584795433121,-5.46693107231422,FALSE,0.0567109097231097,"Not significant"
"O95744","High_vs_Control",0.0938737610028131,10.5962809379502,0.510778613574983,0.609764852813441,0.877584795433121,-5.4022386572013,FALSE,0.0567109097231097,"Not significant"
"P58166","High_vs_Control",0.0444338518697354,8.7222961252312,0.509962356897439,0.610295216412363,0.877584795433121,-5.48198800260517,FALSE,0.0567109097231097,"Not significant"
"P15907","High_vs_Control",-0.0546647466814605,9.24805423601795,-0.508960943889713,0.6109960726462,0.877584795433121,-5.48285132001547,FALSE,0.0567109097231097,"Not significant"
"P28074","High_vs_Control",-0.0735195348523217,7.05004282176703,-0.507850775535075,0.611821713343403,0.877584795433121,-5.39085966395754,FALSE,0.0567109097231097,"Not significant"
"Q96M27","High_vs_Control",-0.0484671944576061,6.8903260568119,-0.506917496709773,0.612469812620382,0.877584795433121,-5.42731320183927,FALSE,0.0567109097231097,"Not significant"
"Q8TER0","High_vs_Control",0.0453145700061022,9.20717810656895,0.504925819711925,0.613825435237164,0.877584795433121,-5.48462242138639,FALSE,0.0567109097231097,"Not significant"
"P49773","High_vs_Control",-0.0818248850846315,7.47443152522566,-0.504517679068194,0.614172298155631,0.877584795433121,-5.38721416226028,FALSE,0.0567109097231097,"Not significant"
"Q04756","High_vs_Control",0.0519568880864583,10.4808548624243,0.504243803617394,0.614304225536982,0.877584795433121,-5.48492038149621,FALSE,0.0567109097231097,"Not significant"
"Q96MT3","High_vs_Control",-0.0979784755437141,11.9342487165789,-0.504127052973429,0.614431753566843,0.877584795433121,-5.38807738480451,FALSE,0.0567109097231097,"Not significant"
"P01591","High_vs_Control",0.0675629251660617,10.7534476961789,0.499008011970677,0.617985347016374,0.880098178569563,-5.48719440247125,FALSE,0.0554688778127076,"Not significant"
"P27824","High_vs_Control",-0.0471121968454167,10.9622146784188,-0.498966744010362,0.618014399636017,0.880098178569563,-5.48721223189194,FALSE,0.0554688778127076,"Not significant"
"Q12805","High_vs_Control",0.0515720287728065,11.1129893101802,0.498906112638491,0.618057085172642,0.880098178569563,-5.48723842441432,FALSE,0.0554688778127076,"Not significant"
"Q9NYQ8","High_vs_Control",-0.0959132126214186,7.98396282762633,-0.498090228385363,0.61864641840873,0.880098178569563,-5.46433724874657,FALSE,0.0554688778127076,"Not significant"
"Q96C19","High_vs_Control",0.0680615973615,6.99234140103155,0.497061315814256,0.619405538856589,0.880274852948821,-5.38659780559868,FALSE,0.0553817045751162,"Not significant"
"P84077","High_vs_Control",0.0559790705497498,10.1061140627285,0.496150670038311,0.619998327390732,0.880274852948821,-5.48842540956117,FALSE,0.0553817045751162,"Not significant"
"Q14644","High_vs_Control",0.0754420290464273,6.77190884778427,0.491503561645688,0.623312891739508,0.884058774635157,-5.43508159569503,FALSE,0.0535188609471041,"Not significant"
"Q16181","High_vs_Control",0.24550694819863,11.5200606895582,0.490682604104279,0.623896429519371,0.884058774635157,-5.4295918648846,FALSE,0.0535188609471041,"Not significant"
"P07307","High_vs_Control",-0.0630349808155097,7.51681961779253,-0.488296600124883,0.625570152727359,0.884126798399994,-5.45245753137586,FALSE,0.0534854455113353,"Not significant"
"P13224","High_vs_Control",-0.0584149244767129,10.6359710853125,-0.487972987199825,0.625776418584754,0.884126798399994,-5.49065358730039,FALSE,0.0534854455113353,"Not significant"
"P08709","High_vs_Control",0.0413952069422354,9.82365052615428,0.486928483640818,0.626514750907925,0.884126798399994,-5.49235035881172,FALSE,0.0534854455113353,"Not significant"
"P04921","High_vs_Control",0.0617110083200334,8.76917039648236,0.486365410890987,0.626953840474216,0.884126798399994,-5.4159439399648,FALSE,0.0534854455113353,"Not significant"
"Q96P63","High_vs_Control",-0.0684514944536048,8.7873251422855,-0.486217910719659,0.627027164555644,0.884126798399994,-5.47191644527803,FALSE,0.0534854455113353,"Not significant"
"P28289","High_vs_Control",0.0978774620575846,7.65445496867532,0.484487626398553,0.628315645253731,0.885073315612819,-5.37000582463756,FALSE,0.0530207527515741,"Not significant"
"O14773","High_vs_Control",0.0701182577420827,8.02494242399888,0.4824366832807,0.629756026797032,0.885641237653513,-5.40305712564363,FALSE,0.0527421698298638,"Not significant"
"P07437","High_vs_Control",-0.0621639539376933,10.2259459559853,-0.482078428920528,0.629954018414633,0.885641237653513,-5.4939618165722,FALSE,0.0527421698298638,"Not significant"
"P50552","High_vs_Control",0.0873746082343843,7.43549278326897,0.477283823873724,0.633413364010797,0.888725811835553,-5.40574035722317,FALSE,0.0512322061544958,"Not significant"
"P0C0L5","High_vs_Control",0.0590657948914917,12.6998549130921,0.476834865916185,0.633680580225189,0.888725811835553,-5.49656186897909,FALSE,0.0512322061544958,"Not significant"
"P01019","High_vs_Control",-0.036331073112871,15.1860369171155,-0.476375785072288,0.634007326016577,0.888725811835553,-5.49675132284983,FALSE,0.0512322061544958,"Not significant"
"P53004","High_vs_Control",0.0670218365826667,7.09591964115241,0.471811809494083,0.637286508457847,0.890527342504164,-5.44860249743008,FALSE,0.0503527415388856,"Not significant"
"P29622","High_vs_Control",0.037595291462333,13.2159780939648,0.471382562254077,0.637565809338049,0.890527342504164,-5.49880015531122,FALSE,0.0503527415388856,"Not significant"
"P08311","High_vs_Control",0.0675301139572859,9.27041425886932,0.471254660888107,0.637657453254567,0.890527342504164,-5.49825752025736,FALSE,0.0503527415388856,"Not significant"
"P50570","High_vs_Control",0.0586716959365106,6.65494469450126,0.471109784767295,0.637776555614907,0.890527342504164,-5.47309221725892,FALSE,0.0503527415388856,"Not significant"
"O75147","High_vs_Control",0.0793931178525948,10.2484078060832,0.467003541493186,0.64073917492386,0.893026897334899,-5.40730650565884,FALSE,0.0491354602735974,"Not significant"
"O14498","High_vs_Control",0.0406274069811765,8.01457649874124,0.466325064431842,0.641195021003328,0.893026897334899,-5.46508455883669,FALSE,0.0491354602735974,"Not significant"
"P08254","High_vs_Control",-0.0514604217502228,9.21836908683984,-0.465966761535849,0.64143494020568,0.893026897334899,-5.50099799842871,FALSE,0.0491354602735974,"Not significant"
"P08519","High_vs_Control",-0.0672729528782678,16.033889218948,-0.464535437206813,0.642459139624642,0.89358526306667,-5.50157462021295,FALSE,0.0488640021816155,"Not significant"
"P62805","High_vs_Control",-0.0597240090101465,12.673943238704,-0.458447712328377,0.646822877957848,0.896904944965131,-5.504007315319,FALSE,0.0472535815541178,"Not significant"
"Q00013","High_vs_Control",-0.0688073202495332,8.71954982252292,-0.458032338672693,0.647124839582905,0.896904944965131,-5.49898993988628,FALSE,0.0472535815541178,"Not significant"
"Q96DR8","High_vs_Control",-0.0762368736699024,9.06052548010902,-0.457525406029531,0.647521042000428,0.896904944965131,-5.42475325546964,FALSE,0.0472535815541178,"Not significant"
"P42566","High_vs_Control",-0.077694729446951,6.91741173927206,-0.455569081826362,0.648926371405403,0.896904944965131,-5.43920808879923,FALSE,0.0472535815541178,"Not significant"
"Q99536","High_vs_Control",0.0363614963370562,7.90859490254638,0.455414729667873,0.649003745517862,0.896904944965131,-5.50155688701777,FALSE,0.0472535815541178,"Not significant"
"P18564","High_vs_Control",0.0371219782338361,11.1390630510622,0.455047171850466,0.649271413293971,0.896904944965131,-5.49664084155083,FALSE,0.0472535815541178,"Not significant"
"Q9BU40","High_vs_Control",0.0649743098257396,8.47761248635536,0.454014208528515,0.650018978788759,0.896904944965131,-5.47733991049173,FALSE,0.0472535815541178,"Not significant"
"P08637","High_vs_Control",0.045224805199366,8.7004582362767,0.453199946090381,0.650595067154386,0.896904944965131,-5.50330713908562,FALSE,0.0472535815541178,"Not significant"
"O60476","High_vs_Control",-0.0422088745329683,7.90455290197019,-0.452816157269683,0.65087347446987,0.896904944965131,-5.49685990985124,FALSE,0.0472535815541178,"Not significant"
"Q9GZM7","High_vs_Control",-0.0412044612380225,8.14315932998817,-0.452511100683344,0.651100451679708,0.896904944965131,-5.4800832665325,FALSE,0.0472535815541178,"Not significant"
"P00966","High_vs_Control",0.0539267873748823,7.86739839602239,0.449124908057042,0.653539083279248,0.899045069036195,-5.48992431910909,FALSE,0.0462185365836635,"Not significant"
"Q15166","High_vs_Control",-0.0317405870452809,16.1902261268496,-0.448599528417322,0.653907954675559,0.899045069036195,-5.50787482904897,FALSE,0.0462185365836635,"Not significant"
"Q02487","High_vs_Control",-0.0571065016303818,6.72112674295257,-0.443755215771136,0.657428868886448,0.902669225905916,-5.46147366456372,FALSE,0.0444713633972039,"Not significant"
"P46783","High_vs_Control",-0.0692234551615813,7.1455769501443,-0.441924964085874,0.658781978546889,0.902669225905916,-5.40719649620588,FALSE,0.0444713633972039,"Not significant"
"Q03167","High_vs_Control",0.0490411205906387,7.82279798926101,0.439443392292174,0.66052731343646,0.902669225905916,-5.50643830392688,FALSE,0.0444713633972039,"Not significant"
"P10809","High_vs_Control",0.0990518041687025,7.5263128226821,0.438372394965653,0.661317949506579,0.902669225905916,-5.47806684212385,FALSE,0.0444713633972039,"Not significant"
"Q15365","High_vs_Control",0.0574109831420984,7.87666505052746,0.438065188371116,0.661533829146788,0.902669225905916,-5.48453285068895,FALSE,0.0444713633972039,"Not significant"
"A0A0G2JS06","High_vs_Control",0.101928167292504,10.5561461326539,0.437866831706916,0.661687641702089,0.902669225905916,-5.45270399330959,FALSE,0.0444713633972039,"Not significant"
"O60936","High_vs_Control",0.0530744208826599,7.35426570705628,0.437164454887862,0.662215926995611,0.902669225905916,-5.42061468488542,FALSE,0.0444713633972039,"Not significant"
"Q99832","High_vs_Control",0.0616728949728902,7.15199353877659,0.436266815817942,0.66283625755232,0.902669225905916,-5.48980054499418,FALSE,0.0444713633972039,"Not significant"
"P13797","High_vs_Control",0.0605337786935696,6.30121188898574,0.43612243292467,0.663002537269476,0.902669225905916,-5.38853007521157,FALSE,0.0444713633972039,"Not significant"
"P07900","High_vs_Control",-0.0421959062434905,10.2591200670229,-0.434751039189438,0.663923997031173,0.902669225905916,-5.51317135807013,FALSE,0.0444713633972039,"Not significant"
"P62834","High_vs_Control",-0.0515846157141624,8.96294191432856,-0.434198756972743,0.664346125073381,0.902669225905916,-5.45825841293815,FALSE,0.0444713633972039,"Not significant"
"P68431","High_vs_Control",-0.0556884737083347,10.8600713555101,-0.43342907383706,0.664883312232338,0.902669225905916,-5.5136682845408,FALSE,0.0444713633972039,"Not significant"
"P25788","High_vs_Control",-0.0556407398078491,7.65030621360933,-0.43315748052007,0.665094301460745,0.902669225905916,-5.4782630011242,FALSE,0.0444713633972039,"Not significant"
"Q7Z7G0","High_vs_Control",-0.0339651892557367,13.2619748609732,-0.432670762112373,0.665433847573278,0.902669225905916,-5.51395265128809,FALSE,0.0444713633972039,"Not significant"
"Q9Y696","High_vs_Control",-0.0424182302714211,7.4557042370564,-0.431916713954546,0.665986081595857,0.902669225905916,-5.50271828281768,FALSE,0.0444713633972039,"Not significant"
"P07237","High_vs_Control",-0.0473122319563188,10.0203056356611,-0.428563291037043,0.668419014991292,0.905111300753081,-5.51548430569112,FALSE,0.0432980126944931,"Not significant"
"P11279","High_vs_Control",0.0524033957491872,7.53265515658985,0.426766107840718,0.669751731244544,0.906060360947807,-5.43994743979159,FALSE,0.0428428690413497,"Not significant"
"Q15911","High_vs_Control",-0.0395446103602186,10.3802555256637,-0.425861925606481,0.670414547044808,0.90610222475236,-5.43475217822174,FALSE,0.0428228032708106,"Not significant"
"Q9UKU9","High_vs_Control",0.0462901690030222,10.8524297525899,0.423243814556316,0.672292848446712,0.907524214188454,-5.51744621560938,FALSE,0.0421417784702134,"Not significant"
"P67936","High_vs_Control",-0.0803050146029207,9.97488390188142,-0.4224850618074,0.67284645239033,0.907524214188454,-5.51729773231906,FALSE,0.0421417784702134,"Not significant"
"Q6UXB8","High_vs_Control",-0.0567240289784436,9.73609478217592,-0.421773340899896,0.673365246789759,0.907524214188454,-5.51798423066594,FALSE,0.0421417784702134,"Not significant"
"P34932","High_vs_Control",0.0500483815780388,7.10778220904259,0.420104332442012,0.67459699572012,0.908330602687936,-5.48694063074827,FALSE,0.0417560536916001,"Not significant"
"Q08722","High_vs_Control",0.0607137521178434,8.23883829507143,0.41871404035808,0.675636359533409,0.908445894244121,-5.46101950019582,FALSE,0.0417009335523722,"Not significant"
"Q9UHC1","High_vs_Control",0.0873816466594466,9.53295375279099,0.418266730329495,0.675949629817627,0.908445894244121,-5.44692403639475,FALSE,0.0417009335523722,"Not significant"
"Q6IAA8","High_vs_Control",0.0500328402466232,7.16999721651782,0.416262499565644,0.677415254469333,0.909563178753768,-5.4578872319061,FALSE,0.0411671292215231,"Not significant"
"P30613","High_vs_Control",0.0453825637778422,10.1393056742847,0.414295711786343,0.678829856027675,0.910609928478659,-5.5178902152878,FALSE,0.0406676188422494,"Not significant"
"Q9UQ80","High_vs_Control",-0.0697814851032437,7.93606537660454,-0.413203714863919,0.679636451791768,0.910839880251772,-5.49792546794349,FALSE,0.0405579624726709,"Not significant"
"P58546","High_vs_Control",0.0600779693380584,7.85364295499805,0.41224070615637,0.680353561760249,0.910949586894675,-5.47519695108658,FALSE,0.0405056567693416,"Not significant"
"Q9NQ79","High_vs_Control",-0.0340780023530431,12.4205866055037,-0.40971415212323,0.682184831857464,0.911340546177967,-5.52232584083735,FALSE,0.0403193072315747,"Not significant"
"P09211","High_vs_Control",0.0579890860456711,7.87489232359477,0.408804442991453,0.682855599452745,0.911340546177967,-5.51131395520104,FALSE,0.0403193072315747,"Not significant"
"P28676","High_vs_Control",0.0658555376960468,8.26663125603346,0.408267295356902,0.68326800418794,0.911340546177967,-5.47432310645517,FALSE,0.0403193072315747,"Not significant"
"P53396","High_vs_Control",0.0717196928576929,7.43840067258746,0.407534146013933,0.683798331252367,0.911340546177967,-5.49656233949411,FALSE,0.0403193072315747,"Not significant"
"Q96J42","High_vs_Control",-0.0299056487462082,9.97326320443207,-0.405453619959764,0.685311321499104,0.911340546177967,-5.52382965536831,FALSE,0.0403193072315747,"Not significant"
"P22061","High_vs_Control",-0.0373586966883011,8.69819217236332,-0.40517699072644,0.685514506938998,0.911340546177967,-5.52392675246782,FALSE,0.0403193072315747,"Not significant"
"Q14213","High_vs_Control",0.0435553136346005,7.51480855932511,0.405007535739403,0.685679861944095,0.911340546177967,-5.42952291302866,FALSE,0.0403193072315747,"Not significant"
"Q9BY67","High_vs_Control",-0.0328810472795542,10.5867555749713,-0.404883990927895,0.685729741510478,0.911340546177967,-5.52402952343409,FALSE,0.0403193072315747,"Not significant"
"Q53H76","High_vs_Control",0.0390155048038796,8.04355834207889,0.402298253703505,0.687646819583754,0.912539216764411,-5.47945237155752,FALSE,0.0397484624787141,"Not significant"
"P27169","High_vs_Control",-0.0312734069501914,16.6344859599093,-0.401925580879689,0.687904388648764,0.912539216764411,-5.52506303671557,FALSE,0.0397484624787141,"Not significant"
"Q6IBS0","High_vs_Control",0.0773847582924185,7.38936833867464,0.40058437186024,0.688932998886524,0.913059076158296,-5.42807675497571,FALSE,0.0395011221157136,"Not significant"
"Q9UBW5","High_vs_Control",0.0730757369383852,7.51938385184701,0.399044232802191,0.690050930235649,0.913546051180375,-5.45945244035196,FALSE,0.039269555296198,"Not significant"
"P25774","High_vs_Control",-0.0459866099233297,7.74668522773546,-0.398334316953137,0.690574560306504,0.913546051180375,-5.44797690107832,FALSE,0.039269555296198,"Not significant"
"Q9UIQ6","High_vs_Control",-0.0493771550848159,6.95431634648819,-0.393751937818467,0.693960466615931,0.917179086753222,-5.44589625007147,FALSE,0.0375458564837711,"Not significant"
"Q92820","High_vs_Control",0.0433987061712333,8.06584771571878,0.390672102703296,0.696204834228342,0.91834949937028,-5.50300809574015,FALSE,0.0369920064224087,"Not significant"
"Q16851","High_vs_Control",0.057590442018375,7.15142336863919,0.390084408238545,0.696653681669306,0.91834949937028,-5.49121946742272,FALSE,0.0369920064224087,"Not significant"
"P55103","High_vs_Control",0.034574468234668,10.8149609178478,0.389904482811261,0.696767263120547,0.91834949937028,-5.52918466134514,FALSE,0.0369920064224087,"Not significant"
"Q9UBS3","High_vs_Control",-0.0448625991054818,7.57599683474601,-0.387783330685013,0.698356310746933,0.919598668146099,-5.47305203416367,FALSE,0.0364016663905998,"Not significant"
"O43866","High_vs_Control",0.0375322922543049,15.9080881659121,0.385308994996253,0.700166792673682,0.920727792532042,-5.53051043126505,FALSE,0.0358687473002027,"Not significant"
"Q5JWF2","High_vs_Control",0.0502107374472063,6.94996853826182,0.384901952394017,0.700497923049133,0.920727792532042,-5.47748543442481,FALSE,0.0358687473002027,"Not significant"
"P04839","High_vs_Control",-0.0589033603064708,7.02369859089844,-0.383034053948567,0.701896678048197,0.921618325610637,-5.43022705329274,FALSE,0.0354488982519716,"Not significant"
"O15511","High_vs_Control",-0.0535238133239773,8.30628126223007,-0.381387270823916,0.703079689615613,0.921618325610637,-5.51211975626965,FALSE,0.0354488982519716,"Not significant"
"Q53RD9","High_vs_Control",0.0400411615465028,8.59774592693435,0.381348210365324,0.7031035203752,0.921618325610637,-5.52858636746777,FALSE,0.0354488982519716,"Not significant"
"P08727","High_vs_Control",0.0588309059287564,8.59562852535552,0.379978515410558,0.704133893678069,0.922043599037139,-5.47400177861816,FALSE,0.03524854274944,"Not significant"
"P07737","High_vs_Control",-0.0492000251933167,11.2049345835876,-0.379158527781167,0.704725342025393,0.922043599037139,-5.53276321640873,FALSE,0.03524854274944,"Not significant"
"Q04721","High_vs_Control",-0.0485763908730075,8.13249704558037,-0.377185438546305,0.706223369248726,0.922043599037139,-5.46058357385819,FALSE,0.03524854274944,"Not significant"
"Q13228","High_vs_Control",-0.0610892076594105,7.9599001279453,-0.376713175048526,0.706545762801261,0.922043599037139,-5.51329567655942,FALSE,0.03524854274944,"Not significant"
"P31939","High_vs_Control",-0.0538909326530694,6.79865240397173,-0.376606561486168,0.706642897727905,0.922043599037139,-5.48031856952625,FALSE,0.03524854274944,"Not significant"
"O95810","High_vs_Control",-0.0729755335835396,8.6981532830752,-0.37535460771773,0.707552941988428,0.922220337064218,-5.52550671285396,FALSE,0.035165304826022,"Not significant"
"Q6X4W1","High_vs_Control",-0.0752540555676724,10.9331176444031,-0.37470242026765,0.708064568415414,0.922220337064218,-5.47430679132205,FALSE,0.035165304826022,"Not significant"
"P31146","High_vs_Control",0.0498332708971798,9.3771647002772,0.371347352274278,0.710531083782155,0.924593079985128,-5.53453921183064,FALSE,0.0340493613148958,"Not significant"
"Q9NPY3","High_vs_Control",0.0435827030009808,9.7097494404495,0.370028663321693,0.711512494332471,0.92503074965799,-5.53529632711968,FALSE,0.0338438303044042,"Not significant"
"P18085","High_vs_Control",0.0458348467834497,7.63248820760927,0.367918841575472,0.71311709349711,0.926038867160294,-5.46132733453125,FALSE,0.0333707849822086,"Not significant"
"P48507","High_vs_Control",0.050943334945611,7.71264370863107,0.366983710710291,0.713813997606826,0.926038867160294,-5.46451451346898,FALSE,0.0333707849822086,"Not significant"
"P07947","High_vs_Control",-0.0419615272087661,8.41154250434541,-0.366392030571097,0.714225235062263,0.926038867160294,-5.52492138303619,FALSE,0.0333707849822086,"Not significant"
"O75368","High_vs_Control",-0.0530622336625903,7.35854027388178,-0.362441054523701,0.717189800706801,0.928015264635854,-5.48247571842092,FALSE,0.0324448801468736,"Not significant"
"Q01518","High_vs_Control",0.0603676025687268,10.0188308191564,0.362088118222301,0.717433681954452,0.928015264635854,-5.53824241934434,FALSE,0.0324448801468736,"Not significant"
"Q9H0U4","High_vs_Control",-0.0411678561817936,9.08255893679801,-0.361166110574336,0.718122360866946,0.928015264635854,-5.53853118300574,FALSE,0.0324448801468736,"Not significant"
"P12830","High_vs_Control",-0.0366049640003077,10.6249873131711,-0.360328135895098,0.718748472002539,0.928015264635854,-5.53879299009782,FALSE,0.0324448801468736,"Not significant"
"P06703","High_vs_Control",-0.0424467918196605,9.97961459786878,-0.360012340691292,0.718985327064459,0.928015264635854,-5.53769387575751,FALSE,0.0324448801468736,"Not significant"
"P48426","High_vs_Control",-0.0515065885711472,7.41857740103592,-0.358964203725493,0.719781174389906,0.92820701805317,-5.50977277525026,FALSE,0.0323551522601875,"Not significant"
"A6NL88","High_vs_Control",0.0536638623481576,9.38920501769363,0.356828082369549,0.721372085373294,0.929040885262036,-5.52107827658243,FALSE,0.0319651731398577,"Not significant"
"Q15404","High_vs_Control",-0.0541483466240802,9.75636250570372,-0.356350197325535,0.721723532902307,0.929040885262036,-5.53959820879219,FALSE,0.0319651731398577,"Not significant"
"P48061","High_vs_Control",-0.051971912237244,10.1683261660363,-0.352348083937214,0.724731053177516,0.930321456615014,-5.50468746882849,FALSE,0.031366962508516,"Not significant"
"P0DOX2","High_vs_Control",0.0512566074440155,15.3709035027304,0.352103422204534,0.724903739289406,0.930321456615014,-5.54133036505377,FALSE,0.031366962508516,"Not significant"
"Q9H2X3","High_vs_Control",-0.0329254061994977,8.3005088189529,-0.351821628123412,0.725118622809414,0.930321456615014,-5.52677636716288,FALSE,0.031366962508516,"Not significant"
"Q4LDE5","High_vs_Control",0.0407436569979485,10.6076096730931,0.351556907745136,0.725313381098735,0.930321456615014,-5.54149689348991,FALSE,0.031366962508516,"Not significant"
"P80511","High_vs_Control",0.0580083196336538,7.94284215439257,0.350686054803383,0.725983874871709,0.930349308816828,-5.48852181343573,FALSE,0.0313539606838168,"Not significant"
"Q14344","High_vs_Control",-0.0475890889206081,6.67340750972121,-0.349057018824993,0.727219541993465,0.930606458200348,-5.47389029430898,FALSE,0.0312339378858785,"Not significant"
"P35555","High_vs_Control",-0.0595459954152107,8.03190824669307,-0.348334905741767,0.727736303844993,0.930606458200348,-5.51822257901277,FALSE,0.0312339378858785,"Not significant"
"P26583","High_vs_Control",0.0593093527034192,7.82840264011142,0.347281939477499,0.728544970481606,0.930606458200348,-5.47044630080324,FALSE,0.0312339378858785,"Not significant"
"Q01082","High_vs_Control",0.0778928771542056,8.15928146362381,0.344548993137078,0.730580807607982,0.930606458200348,-5.52501151301927,FALSE,0.0312339378858785,"Not significant"
"P11215","High_vs_Control",0.0282792236013183,8.18119304638152,0.34430070087784,0.730759727480236,0.930606458200348,-5.54368342780679,FALSE,0.0312339378858785,"Not significant"
"O14950;P19105","High_vs_Control",0.0610607796096971,9.65278965517322,0.343603254254003,0.73128502042444,0.930606458200348,-5.54022651470944,FALSE,0.0312339378858785,"Not significant"
"P62820","High_vs_Control",-0.0557414954477169,7.68384207839924,-0.343620296430649,0.731305215806793,0.930606458200348,-5.45797976710619,FALSE,0.0312339378858785,"Not significant"
"O00487","High_vs_Control",-0.0573148954554279,8.01039292476217,-0.343508927424698,0.731376205294137,0.930606458200348,-5.48166990120309,FALSE,0.0312339378858785,"Not significant"
"P49257","High_vs_Control",-0.0387634203076512,7.8521838951863,-0.34136952424084,0.732972777895787,0.931811137856878,-5.5179976965709,FALSE,0.0306721027728875,"Not significant"
"P21980","High_vs_Control",-0.0579444631101396,8.04439592981182,-0.340472545391603,0.733654260756954,0.931851381687752,-5.51192245734873,FALSE,0.0306533465082756,"Not significant"
"P0C0L4","High_vs_Control",0.0448952850893658,13.6922299484283,0.338930226964739,0.734799486971689,0.932480056918055,-5.54527237891699,FALSE,0.0303604477370324,"Not significant"
"P02652","High_vs_Control",0.0276223076196267,17.9693766328163,0.337229584539518,0.736080280249818,0.933279506523642,-5.54577033960695,FALSE,0.0299882705494488,"Not significant"
"P60660","High_vs_Control",0.0578809689620741,9.9315981397049,0.333475901129239,0.738910127115185,0.934769085628119,-5.54643036012877,FALSE,0.0292956588847809,"Not significant"
"O75531","High_vs_Control",0.0461903589736865,7.23702989142694,0.333042177380105,0.739258737820978,0.934769085628119,-5.48351049122416,FALSE,0.0292956588847809,"Not significant"
"P06310","High_vs_Control",0.0459548803793908,11.3699859535672,0.331905208666396,0.740096240634774,0.934769085628119,-5.54490575962983,FALSE,0.0292956588847809,"Not significant"
"Q8NI51","High_vs_Control",0.0696408036709144,12.5696084430357,0.331098964008399,0.740710535419067,0.934769085628119,-5.52754665138038,FALSE,0.0292956588847809,"Not significant"
"Q96QA5","High_vs_Control",-0.0463152758200165,7.1422924544885,-0.329867697777113,0.741678601121944,0.934769085628119,-5.37724240308114,FALSE,0.0292956588847809,"Not significant"
"P04908;P0C0S8;P20671;Q16777;Q6FI13;Q7L7L0;Q93077;Q96KK5;Q99878;Q9BTM1","High_vs_Control",-0.0442167432337186,12.3520710485,-0.329262613221677,0.742090137685689,0.934769085628119,-5.5480697902422,FALSE,0.0292956588847809,"Not significant"
"Q92614","High_vs_Control",-0.051748014886801,7.57484025169666,-0.328785568456203,0.742477246998997,0.934769085628119,-5.45774335625889,FALSE,0.0292956588847809,"Not significant"
"Q9NZN3","High_vs_Control",-0.0391614376400167,8.93137232727097,-0.328330876233073,0.742794800568914,0.934769085628119,-5.54577127281649,FALSE,0.0292956588847809,"Not significant"
"P12111","High_vs_Control",-0.0238183736592923,9.63917569220986,-0.327897017331001,0.743121867235744,0.934769085628119,-5.54845841619131,FALSE,0.0292956588847809,"Not significant"
"P61586","High_vs_Control",0.0398414032787606,8.596973745022,0.324834148336928,0.745440432626845,0.935998088341441,-5.5408181456526,FALSE,0.0287250382529324,"Not significant"
"Q9UKZ9","High_vs_Control",-0.032442026878309,8.67758135914371,-0.32422657887842,0.745898761310199,0.935998088341441,-5.54321455427685,FALSE,0.0287250382529324,"Not significant"
"P56199","High_vs_Control",-0.0489890371588757,7.7734164138293,-0.324022993682954,0.746057053678011,0.935998088341441,-5.52744751447171,FALSE,0.0287250382529324,"Not significant"
"Q9H2K2","High_vs_Control",0.0407955368539366,8.87031005019553,0.319806948243322,0.749279352338553,0.939219048298501,-5.44680973144841,FALSE,0.0272331080821506,"Not significant"
"Q9UL25","High_vs_Control",0.0377788390688156,6.81827425329881,0.316774580059116,0.751585202772518,0.9405033006056,-5.45199396646851,FALSE,0.0266396759963416,"Not significant"
"Q8WWZ8","High_vs_Control",-0.0677115469905978,10.3959110692191,-0.316677698298515,0.751615608433764,0.9405033006056,-5.55159013200313,FALSE,0.0266396759963416,"Not significant"
"P31946","High_vs_Control",-0.038539866886099,10.2183421075278,-0.314023732045372,0.753629295456592,0.941132329147381,-5.55231501185182,FALSE,0.026349307733207,"Not significant"
"P49913","High_vs_Control",0.0259053733681185,10.6461035985805,0.312362454686643,0.754890640163531,0.941132329147381,-5.5527656546376,FALSE,0.026349307733207,"Not significant"
"Q15907","High_vs_Control",0.0410432114722479,8.95502711134975,0.312215917696737,0.755002661668983,0.941132329147381,-5.55155404690693,FALSE,0.026349307733207,"Not significant"
"Q96H15","High_vs_Control",0.030117147026461,9.5957987701903,0.309371528683857,0.757168691309634,0.941132329147381,-5.53344991859728,FALSE,0.026349307733207,"Not significant"
"P08319","High_vs_Control",0.045209163456418,10.3536398454033,0.30921562080089,0.757281706641473,0.941132329147381,-5.55361272411845,FALSE,0.026349307733207,"Not significant"
"P14735","High_vs_Control",-0.0398874319370455,6.57186604549176,-0.309056075680144,0.757422359880326,0.941132329147381,-5.48783001282281,FALSE,0.026349307733207,"Not significant"
"Q9Y4L1","High_vs_Control",-0.026665040089572,8.97105158380125,-0.308874400433141,0.757541117461437,0.941132329147381,-5.55370405911954,FALSE,0.026349307733207,"Not significant"
"P08263;P09210","High_vs_Control",-0.0436820877149415,7.44960818469554,-0.306095901839186,0.759692249176674,0.941132329147381,-5.44245696813511,FALSE,0.026349307733207,"Not significant"
"P14209","High_vs_Control",-0.0348500690122044,8.64415663734407,-0.305395061925688,0.760187823275349,0.941132329147381,-5.55462962488872,FALSE,0.026349307733207,"Not significant"
"Q13740","High_vs_Control",-0.0285302921621948,10.0373851217156,-0.305273553793153,0.760280304676239,0.941132329147381,-5.55466175880616,FALSE,0.026349307733207,"Not significant"
"Q15438","High_vs_Control",-0.0399550015098757,9.7178601519215,-0.304702191491664,0.760731512897884,0.941132329147381,-5.49327003334849,FALSE,0.026349307733207,"Not significant"
"P55287","High_vs_Control",-0.0327406273311581,8.20605459663454,-0.304424562243485,0.760927527904487,0.941132329147381,-5.55280546793757,FALSE,0.026349307733207,"Not significant"
"Q13642","High_vs_Control",-0.0475631024260661,9.01164399220687,-0.304370126775124,0.760979058589587,0.941132329147381,-5.52444726512612,FALSE,0.026349307733207,"Not significant"
"O14656","High_vs_Control",-0.0315702672798706,6.44523363381121,-0.303812113610109,0.761421636953021,0.941132329147381,-5.46799187701008,FALSE,0.026349307733207,"Not significant"
"Q8WUA8","High_vs_Control",-0.0310565806925744,9.59878099396833,-0.303064404040217,0.761962785313884,0.941132329147381,-5.55301207953605,FALSE,0.026349307733207,"Not significant"
"P00491","High_vs_Control",-0.0440874357353795,8.51993224103917,-0.3002962349942,0.76407177772378,0.942925068206455,-5.55574857935495,FALSE,0.0255228181401412,"Not significant"
"Q9H173","High_vs_Control",0.0306441636886063,7.05163453997535,0.297316987344288,0.766351922772886,0.943292483195312,-5.52627479261595,FALSE,0.0253536263052665,"Not significant"
"O60814;P57053;P58876;P62807;Q5QNW6;Q93079;Q99877;Q99879","High_vs_Control",0.0383191931347646,12.3550016592123,0.295848190381069,0.76746444534128,0.943292483195312,-5.55711542792478,FALSE,0.0253536263052665,"Not significant"
"P10768","High_vs_Control",0.0436492926592882,7.51233394520057,0.29571371213439,0.767581132514295,0.943292483195312,-5.51462771129463,FALSE,0.0253536263052665,"Not significant"
"P06753","High_vs_Control",0.0418900038292751,9.83851199696445,0.295255472544921,0.76791828355056,0.943292483195312,-5.55500066089156,FALSE,0.0253536263052665,"Not significant"
"Q76LX8","High_vs_Control",0.0280670612628491,9.86551978752602,0.291674419274824,0.770652205147369,0.943292483195312,-5.55817739860412,FALSE,0.0253536263052665,"Not significant"
"O15117","High_vs_Control",-0.0508094725993242,6.78928149764094,-0.290749199110096,0.77138216028906,0.943292483195312,-5.47824950332507,FALSE,0.0253536263052665,"Not significant"
"P31949","High_vs_Control",-0.0311645309515054,7.98522564290419,-0.29012780309679,0.77183789285456,0.943292483195312,-5.54490697257335,FALSE,0.0253536263052665,"Not significant"
"O75340","High_vs_Control",0.0288389121769086,8.92749489220785,0.289855025436209,0.772043005963303,0.943292483195312,-5.55863560316868,FALSE,0.0253536263052665,"Not significant"
"Q96MY7","High_vs_Control",0.0456617616992538,13.1682044792547,0.289520605842605,0.772301936373398,0.943292483195312,-5.54965235600136,FALSE,0.0253536263052665,"Not significant"
"O60234","High_vs_Control",0.047016804131931,7.33468514488591,0.289180096021645,0.77259466938256,0.943292483195312,-5.43982017175445,FALSE,0.0253536263052665,"Not significant"
"Q14393","High_vs_Control",-0.037083877080482,9.14485263270739,-0.288841407404426,0.772818612679659,0.943292483195312,-5.55665539313857,FALSE,0.0253536263052665,"Not significant"
"Q9BQS7","High_vs_Control",0.0351988928766538,8.93206688170446,0.288515115821311,0.773101691717638,0.943292483195312,-5.45222288555425,FALSE,0.0253536263052665,"Not significant"
"Q8NBP7","High_vs_Control",-0.0269167402385566,11.9076921862924,-0.288271334369597,0.773254226744583,0.943292483195312,-5.5590321140946,FALSE,0.0253536263052665,"Not significant"
"O95782","High_vs_Control",-0.0427229373125426,6.55989398713567,-0.287038651330888,0.774228590526662,0.943292483195312,-5.46907464516909,FALSE,0.0253536263052665,"Not significant"
"Q9BSL1","High_vs_Control",0.0399391452128919,7.71913091186005,0.286833091848852,0.774383416692131,0.943292483195312,-5.47087001751309,FALSE,0.0253536263052665,"Not significant"
"P02788","High_vs_Control",-0.0450501113770105,6.73759880489271,-0.286173869316105,0.774894382987502,0.943292483195312,-5.41421624435791,FALSE,0.0253536263052665,"Not significant"
"Q9BXR6","High_vs_Control",0.0318162472621601,9.66104560175177,0.284431304367344,0.776193849735953,0.943528999864916,-5.55635935718999,FALSE,0.0252447470223588,"Not significant"
"O43505","High_vs_Control",-0.0302584459456199,6.92739931445802,-0.284194473791306,0.776404616346305,0.943528999864916,-5.4553758119332,FALSE,0.0252447470223588,"Not significant"
"O95714","High_vs_Control",0.109571132883501,10.0526848703015,0.281529059874577,0.778451850048768,0.944590781079402,-5.41499040102827,FALSE,0.0247562973215487,"Not significant"
"Q13404","High_vs_Control",0.0433791782932413,7.46645275315594,0.279808171398117,0.779778305662294,0.944590781079402,-5.43691527528967,FALSE,0.0247562973215487,"Not significant"
"P21730","High_vs_Control",-0.0307843851523586,7.49316858795734,-0.279609186101316,0.779916800040504,0.944590781079402,-5.45419216131142,FALSE,0.0247562973215487,"Not significant"
"P30085","High_vs_Control",-0.047349805638607,7.35870269773279,-0.279223211335253,0.780221699576602,0.944590781079402,-5.42996422087993,FALSE,0.0247562973215487,"Not significant"
"Q04760","High_vs_Control",-0.0398019868717459,8.11450244942422,-0.27762149270011,0.781424337272958,0.944590781079402,-5.52106864283845,FALSE,0.0247562973215487,"Not significant"
"P61981","High_vs_Control",0.0406454510949832,7.59094897029432,0.277187795699692,0.781757113683629,0.944590781079402,-5.52054940248187,FALSE,0.0247562973215487,"Not significant"
"Q14696","High_vs_Control",-0.0569149404550719,7.77963037821342,-0.277045776082875,0.781889300656381,0.944590781079402,-5.4331924840069,FALSE,0.0247562973215487,"Not significant"
"P22891","High_vs_Control",-0.0313627635507583,14.7352282588151,-0.273628127538648,0.784479360938424,0.946922056890319,-5.56259548540965,FALSE,0.0236857672010994,"Not significant"
"P14618","High_vs_Control",0.0351474720560976,9.90762554767167,0.272446677105936,0.785387030825725,0.947122461161235,-5.56287489295453,FALSE,0.0235938639026247,"Not significant"
"Q9UL46","High_vs_Control",-0.0291161586867243,7.71556122699062,-0.271468221732876,0.786141308407153,0.947122461161235,-5.55544798261381,FALSE,0.0235938639026247,"Not significant"
"P04156","High_vs_Control",-0.0372408583216686,6.53524036560622,-0.270595910112811,0.786832103863975,0.947122461161235,-5.4611776884356,FALSE,0.0235938639026247,"Not significant"
"P40227","High_vs_Control",0.040525000207297,7.60400439812665,0.269987420549844,0.787287289891347,0.947122461161235,-5.53564669834409,FALSE,0.0235938639026247,"Not significant"
"Q9HDC9","High_vs_Control",0.0283374045088074,13.598423170542,0.267348817132658,0.789306892371813,0.948756147243235,-5.5640666541944,FALSE,0.0228453971779737,"Not significant"
"Q15942","High_vs_Control",-0.0498362357697602,9.18954328451678,-0.264375924100502,0.791595907420864,0.950002019891365,-5.56226423369785,FALSE,0.0222754713145825,"Not significant"
"P68402","High_vs_Control",-0.0302913639791846,7.93985334999542,-0.261577025331222,0.793760092803008,0.950002019891365,-5.53620690448939,FALSE,0.0222754713145825,"Not significant"
"P05062","High_vs_Control",0.0759953434290193,9.25785699932758,0.260479850857998,0.794615904608075,0.950002019891365,-5.5025892178944,FALSE,0.0222754713145825,"Not significant"
"P68366","High_vs_Control",-0.0450202805083411,10.3547113227835,-0.259864255746675,0.795071819412603,0.950002019891365,-5.56534284972308,FALSE,0.0222754713145825,"Not significant"
"P60842","High_vs_Control",0.0345988944184663,7.57945332986004,0.259565989124009,0.795304232832201,0.950002019891365,-5.5509664900844,FALSE,0.0222754713145825,"Not significant"
"Q9HBI1","High_vs_Control",-0.0427252200199533,9.30077354214207,-0.25865614714257,0.796004185263647,0.950002019891365,-5.56242914473486,FALSE,0.0222754713145825,"Not significant"
"P05109","High_vs_Control",0.0453236425271761,11.374811309215,0.258554391173804,0.796081663211886,0.950002019891365,-5.56606969096998,FALSE,0.0222754713145825,"Not significant"
"P26599","High_vs_Control",0.043143141136011,7.0134085607361,0.258137302091297,0.796436212156749,0.950002019891365,-5.46151367596311,FALSE,0.0222754713145825,"Not significant"
"P13497","High_vs_Control",-0.0231706378161771,9.69773799030464,-0.257276991257698,0.797067002689331,0.950002019891365,-5.56635506389153,FALSE,0.0222754713145825,"Not significant"
"P19021","High_vs_Control",-0.0265541281168566,9.82548248787503,-0.25640164828476,0.797742397617381,0.950002019891365,-5.56654980085818,FALSE,0.0222754713145825,"Not significant"
"P35612","High_vs_Control",0.0546292058700244,7.88962892276645,0.254171142458565,0.799477517712258,0.950002019891365,-5.51671596788985,FALSE,0.0222754713145825,"Not significant"
"Q9NRW1","High_vs_Control",-0.0450037233243563,8.79400216046024,-0.253729009804888,0.79980705823804,0.950002019891365,-5.56228476460846,FALSE,0.0222754713145825,"Not significant"
"Q96P67","High_vs_Control",-0.0468049642980723,10.1279413159114,-0.253615492861497,0.799923392438364,0.950002019891365,-5.44829840449006,FALSE,0.0222754713145825,"Not significant"
"P43487","High_vs_Control",0.0388247989105803,8.53349385615196,0.251540277158418,0.801505079625621,0.950002019891365,-5.53321843821871,FALSE,0.0222754713145825,"Not significant"
"P07948","High_vs_Control",-0.0478705033480171,8.1577435236341,-0.251119648314137,0.801834332238267,0.950002019891365,-5.5162309502326,FALSE,0.0222754713145825,"Not significant"
"P0DMV8;P0DMV9","High_vs_Control",0.027322478599844,9.49332050639304,0.250474682115452,0.802319482392001,0.950002019891365,-5.56785091304931,FALSE,0.0222754713145825,"Not significant"
"O15144","High_vs_Control",-0.0397937847110956,8.186134411709,-0.248610986527976,0.803764906299596,0.950002019891365,-5.54757317356936,FALSE,0.0222754713145825,"Not significant"
"P09104","High_vs_Control",-0.0231027461927606,11.6577824283136,-0.248056030456866,0.804189245808373,0.950002019891365,-5.56837312587117,FALSE,0.0222754713145825,"Not significant"
"O00533","High_vs_Control",-0.0234927937858149,9.02526859553548,-0.247870209533027,0.804332943207145,0.950002019891365,-5.56841303705473,FALSE,0.0222754713145825,"Not significant"
"P62333","High_vs_Control",-0.0332645012166877,7.97530198225185,-0.247219922734382,0.804852150068325,0.950002019891365,-5.50279316470576,FALSE,0.0222754713145825,"Not significant"
"Q9C075","High_vs_Control",-0.0296680571099861,7.25786873780116,-0.246219362066212,0.805621173284305,0.950002019891365,-5.50346004410616,FALSE,0.0222754713145825,"Not significant"
"P61769","High_vs_Control",-0.0243817685943259,10.7897548478479,-0.246119427515791,0.805687167429288,0.950002019891365,-5.5687876072998,FALSE,0.0222754713145825,"Not significant"
"P38646","High_vs_Control",-0.0469960188613214,6.92363372813106,-0.24500989440009,0.806571775250779,0.950002019891365,-5.47312106478204,FALSE,0.0222754713145825,"Not significant"
"A0A087WSX0","High_vs_Control",-0.0503543626064413,12.48746123952,-0.244894927515789,0.806635414756877,0.950002019891365,-5.56766728623259,FALSE,0.0222754713145825,"Not significant"
"Q8IZS8","High_vs_Control",-0.0212329888030212,9.69851791463775,-0.244042761316448,0.807316139125658,0.950002019891365,-5.47600588719706,FALSE,0.0222754713145825,"Not significant"
"P19320","High_vs_Control",-0.0143667798807741,10.0822398176976,-0.243689127055572,0.807567965305142,0.950002019891365,-5.56930315715778,FALSE,0.0222754713145825,"Not significant"
"P18206","High_vs_Control",0.03950485350334,9.12417010865966,0.236698983927245,0.812983789469381,0.955589142704174,-5.57075749336853,FALSE,0.0197287932989415,"Not significant"
"P20073","High_vs_Control",-0.0309212502124465,7.05300774943943,-0.235438449025269,0.813973547336718,0.955671215443924,-5.51960780809712,FALSE,0.0196914946254687,"Not significant"
"P49721","High_vs_Control",-0.0308844358279687,7.08669169987332,-0.234916548920886,0.81438648903241,0.955671215443924,-5.49304667144199,FALSE,0.0196914946254687,"Not significant"
"P17655","High_vs_Control",-0.0274604030461916,9.23033736729687,-0.233357543344062,0.815576038478831,0.955792179862778,-5.57100424651571,FALSE,0.0196365271279859,"Not significant"
"Q16643","High_vs_Control",-0.0392992485182608,6.81571424336733,-0.233015948946037,0.815867739471131,0.955792179862778,-5.46414126546099,FALSE,0.0196365271279859,"Not significant"
"P06702","High_vs_Control",0.0386467638049748,11.6268807621307,0.231481672071325,0.817031928467459,0.955792179862778,-5.571815405308,FALSE,0.0196365271279859,"Not significant"
"P02654","High_vs_Control",0.0185839196561268,17.1817592442441,0.23132230835166,0.817155657260646,0.955792179862778,-5.57184734840323,FALSE,0.0196365271279859,"Not significant"
"P22392","High_vs_Control",0.0334203516843115,7.5784641547145,0.227642945740859,0.820032895021397,0.956789368590735,-5.50861042338888,FALSE,0.0191836590120507,"Not significant"
"P25815","High_vs_Control",0.0459882568163614,7.70160159653353,0.226848129810812,0.820659610995542,0.956789368590735,-5.43613080640821,FALSE,0.0191836590120507,"Not significant"
"Q96Q06","High_vs_Control",-0.0248258635601104,8.04826891436327,-0.226373791137359,0.821001305119852,0.956789368590735,-5.56224134962978,FALSE,0.0191836590120507,"Not significant"
"Q15084","High_vs_Control",-0.0317952092597373,7.75158321354771,-0.22587401095045,0.821392532110343,0.956789368590735,-5.5488753622907,FALSE,0.0191836590120507,"Not significant"
"P60174","High_vs_Control",-0.0278771336600707,7.09476598543861,-0.223799128281674,0.823011564957965,0.956789368590735,-5.51897176864157,FALSE,0.0191836590120507,"Not significant"
"O00161","High_vs_Control",-0.0356448170386034,7.30420776889931,-0.223586221809893,0.82319383453736,0.956789368590735,-5.46749084518592,FALSE,0.0191836590120507,"Not significant"
"Q9H299","High_vs_Control",0.032271940531281,8.93409782314612,0.223007846523253,0.82361964647078,0.956789368590735,-5.56313965905643,FALSE,0.0191836590120507,"Not significant"
"Q9Y6W5","High_vs_Control",-0.0353651751808695,7.00052953994066,-0.222602296629901,0.82396110855092,0.956789368590735,-5.45936286158164,FALSE,0.0191836590120507,"Not significant"
"P53990","High_vs_Control",0.0393872842257181,8.00666791547254,0.22253499826654,0.824013159141951,0.956789368590735,-5.46054662914427,FALSE,0.0191836590120507,"Not significant"
"Q14254","High_vs_Control",0.0279754274101229,7.84812861760817,0.221165001532224,0.825052376039122,0.956955741871064,-5.56854253777286,FALSE,0.0191081473910202,"Not significant"
"O00151","High_vs_Control",-0.0420397834523776,9.42881383333041,-0.220430411339299,0.82562766426691,0.956955741871064,-5.54541976689526,FALSE,0.0191081473910202,"Not significant"
"Q92954","High_vs_Control",0.0222622823159462,12.2104989802304,0.219154780446968,0.826615706495955,0.956955741871064,-5.57422127972992,FALSE,0.0191081473910202,"Not significant"
"P04075","High_vs_Control",0.0273435550276808,9.79401082826091,0.218884962758829,0.826825776972279,0.956955741871064,-5.5742724690884,FALSE,0.0191081473910202,"Not significant"
"P36915","High_vs_Control",0.0382998165744119,6.89470262497097,0.217394670214255,0.828017589522101,0.957463256258533,-5.44076568010043,FALSE,0.0188778835842538,"Not significant"
"P61106","High_vs_Control",-0.0267669766779335,8.12271017991692,-0.216496728215792,0.828687215127098,0.957463256258533,-5.57026881691066,FALSE,0.0188778835842538,"Not significant"
"O00186","High_vs_Control",-0.0274344026970308,6.78926712778496,-0.215769712345941,0.829267339102578,0.957463256258533,-5.5064019286758,FALSE,0.0188778835842538,"Not significant"
"Q9H4A9","High_vs_Control",-0.0281300484584754,6.75008140747201,-0.214887678311494,0.829965070068519,0.957497916716216,-5.43467986884151,FALSE,0.0188621622780194,"Not significant"
"P61626","High_vs_Control",-0.0194289172040705,10.6027256520192,-0.212696020185401,0.831647651075701,0.958539803571386,-5.57542931584493,FALSE,0.0183898482397571,"Not significant"
"P35611","High_vs_Control",-0.0401435077480592,7.99141532554212,-0.211949318706241,0.832237758726231,0.958539803571386,-5.5401927011198,FALSE,0.0183898482397571,"Not significant"
"P67775","High_vs_Control",-0.0279616957373836,8.35020900472148,-0.211140256899523,0.8328734973849,0.958539803571386,-5.5179328983716,FALSE,0.0183898482397571,"Not significant"
"A2A3L6","High_vs_Control",-0.05313623632094,11.137421059523,-0.207771491958769,0.835502533137846,0.958841977145196,-5.50016999095087,FALSE,0.0182529612430317,"Not significant"
"P12821","High_vs_Control",0.0190117993696983,8.01600293478439,0.207021201881583,0.836074876322072,0.958841977145196,-5.57404527824888,FALSE,0.0182529612430317,"Not significant"
"P62081","High_vs_Control",0.0270909650199869,6.82648193393613,0.206941866825694,0.836154001088405,0.958841977145196,-5.4836954517215,FALSE,0.0182529612430317,"Not significant"
"Q8WVN8","High_vs_Control",-0.0494856711659288,10.9107653093074,-0.206604140961149,0.836410924284535,0.958841977145196,-5.5142358563111,FALSE,0.0182529612430317,"Not significant"
"P09619","High_vs_Control",-0.0210570987355005,10.0526943388665,-0.206502709839589,0.836479298053445,0.958841977145196,-5.57655377163669,FALSE,0.0182529612430317,"Not significant"
"O43897","High_vs_Control",-0.0186803911549838,9.74825856850589,-0.201658940477325,0.840272783855172,0.959880928214743,-5.52693719724946,FALSE,0.0177826371964382,"Not significant"
"P10301","High_vs_Control",-0.0233353770438569,7.11940284720664,-0.199543591166313,0.841939050763499,0.959880928214743,-5.46818877889536,FALSE,0.0177826371964382,"Not significant"
"Q15691","High_vs_Control",0.0372154400119475,7.53935632871841,0.199534136967452,0.841939354536781,0.959880928214743,-5.50939177426347,FALSE,0.0177826371964382,"Not significant"
"P49368","High_vs_Control",-0.0285225873281716,7.64874279870907,-0.199500873117886,0.84195362177218,0.959880928214743,-5.55707136318734,FALSE,0.0177826371964382,"Not significant"
"P36980","High_vs_Control",-0.0238603607804873,12.9073889442323,-0.196783980548278,0.844073683684506,0.959880928214743,-5.57825133524488,FALSE,0.0177826371964382,"Not significant"
"P18669","High_vs_Control",0.02688693354599,7.67957005667091,0.19657922112969,0.844240806582926,0.959880928214743,-5.54062094975261,FALSE,0.0177826371964382,"Not significant"
"O75083","High_vs_Control",-0.0320141608579299,9.19857322579188,-0.19585900627482,0.84479724475392,0.959880928214743,-5.57840863651023,FALSE,0.0177826371964382,"Not significant"
"P10321","High_vs_Control",0.0237193059210767,8.15859303886515,0.195837086443668,0.844825771291899,0.959880928214743,-5.51972588323934,FALSE,0.0177826371964382,"Not significant"
"Q92765","High_vs_Control",-0.0229285638847134,8.10868573676018,-0.193916118653512,0.846329537105215,0.959880928214743,-5.5001996054109,FALSE,0.0177826371964382,"Not significant"
"P36383","High_vs_Control",0.0325113386140075,10.3237257584624,0.193764950590839,0.846450050074973,0.959880928214743,-5.51942707511504,FALSE,0.0177826371964382,"Not significant"
"P29350","High_vs_Control",-0.0286051707741537,7.76326312547704,-0.193513672870495,0.846637450634393,0.959880928214743,-5.54427803502109,FALSE,0.0177826371964382,"Not significant"
"P18428","High_vs_Control",0.0209212628229842,12.3409508522869,0.192991593328123,0.847041110356855,0.959880928214743,-5.57889156011652,FALSE,0.0177826371964382,"Not significant"
"P11166","High_vs_Control",-0.0239867138194114,9.63053545606769,-0.191942713932439,0.847862649387948,0.959880928214743,-5.57758525964743,FALSE,0.0177826371964382,"Not significant"
"Q9UBV8","High_vs_Control",0.0222120205068661,6.73329936962312,0.191200566447641,0.848460071361918,0.959880928214743,-5.49386471273678,FALSE,0.0177826371964382,"Not significant"
"P08779","High_vs_Control",-0.0362156610405364,10.4071294344381,-0.190913567107222,0.848669347163284,0.959880928214743,-5.56666942847365,FALSE,0.0177826371964382,"Not significant"
"P13686","High_vs_Control",0.0205637856089735,7.36307304179888,0.189218426823108,0.85001057660855,0.959880928214743,-5.48423461907126,FALSE,0.0177826371964382,"Not significant"
"E9PAV3","High_vs_Control",-0.0211707333594582,7.39353717190484,-0.189060141907006,0.850137313204369,0.959880928214743,-5.47241470289604,FALSE,0.0177826371964382,"Not significant"
"P06454","High_vs_Control",-0.0165790631584404,10.8460514353362,-0.188487350162785,0.850569084692651,0.959880928214743,-5.57433900076044,FALSE,0.0177826371964382,"Not significant"
"Q7Z3Y7","High_vs_Control",-0.0214791508544359,15.3859550198003,-0.187021774399775,0.851717130168375,0.959880928214743,-5.57523157749109,FALSE,0.0177826371964382,"Not significant"
"P11021","High_vs_Control",-0.0174602407592062,10.2124101408684,-0.18696339674052,0.851762452473133,0.959880928214743,-5.57988359421165,FALSE,0.0177826371964382,"Not significant"
"P05090","High_vs_Control",0.0142644148510431,12.5090928069042,0.186905819587128,0.851807573440118,0.959880928214743,-5.57989291769145,FALSE,0.0177826371964382,"Not significant"
"P21333","High_vs_Control",0.0330186908649335,10.0672036214897,0.186227134726192,0.852339468890141,0.959880928214743,-5.58000260087252,FALSE,0.0177826371964382,"Not significant"
"Q13247","High_vs_Control",-0.020467853039305,7.94234157115541,-0.185694805474986,0.852781243058287,0.959880928214743,-5.46715230610247,FALSE,0.0177826371964382,"Not significant"
"P50225","High_vs_Control",0.0309944119597203,7.33280831682041,0.18470630090135,0.853545764950323,0.95998794269707,-5.5037184535646,FALSE,0.0177342215989871,"Not significant"
"P28070","High_vs_Control",0.0272567239356096,7.12327044596719,0.18313605834548,0.854784616184122,0.960589413792118,-5.47336638701655,FALSE,0.017462203827601,"Not significant"
"P0DP23;P0DP24;P0DP25","High_vs_Control",-0.0180282909874592,9.90508370868013,-0.18182795849008,0.855788928935987,0.960589413792118,-5.5802691458953,FALSE,0.017462203827601,"Not significant"
"P13646","High_vs_Control",-0.019995456543846,12.9634269236569,-0.180535020467043,0.856803092157934,0.960589413792118,-5.58090680712754,FALSE,0.017462203827601,"Not significant"
"Q99895","High_vs_Control",0.0267160519088669,9.29654255500529,0.179550615490966,0.857598485468702,0.960589413792118,-5.44236885356027,FALSE,0.017462203827601,"Not significant"
"P50502","High_vs_Control",-0.0172424174061359,9.6494178406413,-0.179293062900319,0.857777893274287,0.960589413792118,-5.58022492658892,FALSE,0.017462203827601,"Not significant"
"Q86SQ4","High_vs_Control",0.0136000793584703,7.91326394209216,0.178542602114881,0.858366593711656,0.960589413792118,-5.5812166771679,FALSE,0.017462203827601,"Not significant"
"P17858","High_vs_Control",0.0252024154238777,6.98373957697861,0.178037753516224,0.858769615398532,0.960589413792118,-5.55018266707297,FALSE,0.017462203827601,"Not significant"
"O14672","High_vs_Control",0.0189628334247729,8.30483304986782,0.176901967311737,0.859654862181624,0.960830142142205,-5.57877573015405,FALSE,0.017353381166455,"Not significant"
"P01008","High_vs_Control",0.0189832519893063,11.5571065903026,0.173762273591334,0.862120100789651,0.962835065835171,-5.58194611494721,FALSE,0.016448101382673,"Not significant"
"Q08495","High_vs_Control",0.029427872200209,8.89784463417336,0.171822231222489,0.863648284705414,0.963730879952557,-5.56488250068197,FALSE,0.0160442250898521,"Not significant"
"P98066","High_vs_Control",-0.0237244932713603,7.79306000620868,-0.170429190688849,0.864761088886496,0.963730879952557,-5.46077472264945,FALSE,0.0160442250898521,"Not significant"
"P30050","High_vs_Control",-0.0235245663269925,7.46031952050682,-0.169424678388716,0.865547711064982,0.963730879952557,-5.48039886749975,FALSE,0.0160442250898521,"Not significant"
"P05198","High_vs_Control",-0.0247113916313388,6.91544542132137,-0.169001939914567,0.865880632025614,0.963730879952557,-5.48567543257798,FALSE,0.0160442250898521,"Not significant"
"P00734","High_vs_Control",0.0236954096051196,15.8738402308554,0.168465838806323,0.866282499483156,0.963730879952557,-5.58273119298491,FALSE,0.0160442250898521,"Not significant"
"P30044","High_vs_Control",0.0256160812724664,7.52641254497419,0.164948474747759,0.869055519021492,0.964344391031126,-5.53850537373155,FALSE,0.0157678411861618,"Not significant"
"O60610","High_vs_Control",0.0276009307714737,7.52951399127403,0.164563979142334,0.86935829959454,0.964344391031126,-5.54836948909517,FALSE,0.0157678411861618,"Not significant"
"O75955","High_vs_Control",0.0217108941014654,7.34043308252422,0.164113339484557,0.869707248627272,0.964344391031126,-5.57377060616888,FALSE,0.0157678411861618,"Not significant"
"O75874","High_vs_Control",0.0190039656359549,8.12115255390187,0.163484038216372,0.870201401291165,0.964344391031126,-5.57731322920291,FALSE,0.0157678411861618,"Not significant"
"O60240","High_vs_Control",0.0211698507390574,6.78003423531578,0.162634751841072,0.870878611006539,0.964344391031126,-5.50695019880063,FALSE,0.0157678411861618,"Not significant"
"Q13214","High_vs_Control",-0.0178116282326313,7.88766559113989,-0.161924299980381,0.871435712340708,0.964344391031126,-5.52397698230646,FALSE,0.0157678411861618,"Not significant"
"P48960","High_vs_Control",-0.0135382901113843,7.6216305410627,-0.159937290009207,0.872993848419861,0.964344391031126,-5.57625408080271,FALSE,0.0157678411861618,"Not significant"
"P50281","High_vs_Control",0.020427599519337,9.31553080600294,0.159836126684505,0.873073498870911,0.964344391031126,-5.56980415143671,FALSE,0.0157678411861618,"Not significant"
"P80108","High_vs_Control",-0.0125093940824303,13.9926130962551,-0.159604301660252,0.873254932791959,0.964344391031126,-5.58399038374414,FALSE,0.0157678411861618,"Not significant"
"B0I1T2","High_vs_Control",-0.0138162263509898,7.3654303808682,-0.15840867310536,0.874197781892779,0.964344391031126,-5.57569880810847,FALSE,0.0157678411861618,"Not significant"
"P30626","High_vs_Control",-0.0246016607239898,7.82879556951052,-0.158307284549345,0.874291934257411,0.964344391031126,-5.49972191318667,FALSE,0.0157678411861618,"Not significant"
"P35749","High_vs_Control",0.0327459113884956,9.52261335525981,0.157536053389738,0.874903802462688,0.964344391031126,-5.47911058121066,FALSE,0.0157678411861618,"Not significant"
"Q9Y490","High_vs_Control",-0.0279044574746834,10.252932011198,-0.154731934686591,0.877092854590779,0.966014710816572,-5.58465374837283,FALSE,0.0150162599428756,"Not significant"
"P01344","High_vs_Control",-0.0136584889756382,10.9390044867965,-0.152330259143702,0.878985820888834,0.967202673913906,-5.58315860493558,FALSE,0.0144825115016587,"Not significant"
"Q92530","High_vs_Control",0.023081237137502,8.05557693931165,0.15166704076788,0.879520423140679,0.967202673913906,-5.52328678180517,FALSE,0.0144825115016587,"Not significant"
"Q16378","High_vs_Control",-0.0273664509914777,10.1440730591816,-0.149657118539998,0.881100226883871,0.968197490690782,-5.51109740459727,FALSE,0.0140360472689351,"Not significant"
"P62328","High_vs_Control",-0.0206364574042723,11.2201941674369,-0.147532601673622,0.882769435454064,0.969214224362043,-5.58426190719035,FALSE,0.013580220703937,"Not significant"
"A8MYB1","High_vs_Control",-0.0221687738916181,12.1465112764336,-0.145757650226169,0.884174726170573,0.969214224362043,-5.54877512185849,FALSE,0.013580220703937,"Not significant"
"P0DJI8","High_vs_Control",-0.0290538293897509,13.9628809768512,-0.145450862487107,0.884411424518053,0.969214224362043,-5.58586046104915,FALSE,0.013580220703937,"Not significant"
"Q14019","High_vs_Control",0.0260429666815707,7.91779830501664,0.144793316561004,0.884935270188206,0.969214224362043,-5.54968295847986,FALSE,0.013580220703937,"Not significant"
"O43488","High_vs_Control",0.0210367610449529,7.07182046940648,0.14420976231753,0.885404905100611,0.969214224362043,-5.50315946511113,FALSE,0.013580220703937,"Not significant"
"P23526","High_vs_Control",0.0208454645692164,8.03183262475543,0.142102122484526,0.887058893032276,0.970284098099377,-5.55195417656157,FALSE,0.0131010861749666,"Not significant"
"P20062","High_vs_Control",0.0138846144713023,7.51364105882447,0.141039241637012,0.88789671715396,0.970460283840533,-5.54341129295728,FALSE,0.0130222334459866,"Not significant"
"Q9Y5Y7","High_vs_Control",0.013781048200487,11.5213894157876,0.137491861543158,0.890695390349201,0.972777753054649,-5.58683585353422,FALSE,0.0119863700574461,"Not significant"
"P62942","High_vs_Control",0.0157823192974842,7.93440616698103,0.135430792076925,0.89232682932371,0.973817863965144,-5.5650691097542,FALSE,0.0115222629074719,"Not significant"
"Q7L576","High_vs_Control",0.0183583152360534,7.06837324067094,0.133442548943155,0.893898794301651,0.974791536903853,-5.56119612029471,FALSE,0.0110882499960449,"Not significant"
"P22105","High_vs_Control",-0.0121315350162163,13.1904145222922,-0.130306312467011,0.8963746153173,0.976042634374085,-5.58766932718608,FALSE,0.010531211565886,"Not significant"
"Q99435","High_vs_Control",0.0157583431391686,9.42658302999995,0.129611152776868,0.896925121598669,0.976042634374085,-5.5782375702273,FALSE,0.010531211565886,"Not significant"
"Q15833","High_vs_Control",0.0238027533622116,7.2884459124441,0.129412185308623,0.897088000073252,0.976042634374085,-5.53502567871626,FALSE,0.010531211565886,"Not significant"
"P55058","High_vs_Control",0.0124680837395506,14.1603260055939,0.126090478649335,0.899709173201849,0.976844527239524,-5.58813751682823,FALSE,0.0101745522842273,"Not significant"
"P00740","High_vs_Control",0.0140398682016851,14.5960564092345,0.125393248717914,0.900260827269109,0.976844527239524,-5.58821346411114,FALSE,0.0101745522842273,"Not significant"
"Q9UBP0","High_vs_Control",0.0200415953369131,13.8737837886197,0.124432120017835,0.901025828447982,0.976844527239524,-5.55563034738492,FALSE,0.0101745522842273,"Not significant"
"P01011","High_vs_Control",-0.0118365844856836,12.4322410209453,-0.12403339034747,0.901336897211618,0.976844527239524,-5.58836037807893,FALSE,0.0101745522842273,"Not significant"
"P28838","High_vs_Control",-0.0208257024658449,6.70490601472667,-0.123646978885425,0.901650548289648,0.976844527239524,-5.52184243420195,FALSE,0.0101745522842273,"Not significant"
"Q93008","High_vs_Control",0.0178714483066607,6.39835283522996,0.123023315626938,0.902148977682823,0.976844527239524,-5.48807844499621,FALSE,0.0101745522842273,"Not significant"
"P07203","High_vs_Control",-0.0161266586401947,8.65944250607567,-0.122446450578633,0.902593443927734,0.976844527239524,-5.58581072872464,FALSE,0.0101745522842273,"Not significant"
"Q96DA0","High_vs_Control",-0.0141600199379468,8.40210118876741,-0.121258891441965,0.903534251568267,0.977108129903835,-5.57033596550505,FALSE,0.010057373208469,"Not significant"
"P61978","High_vs_Control",-0.0188067582834908,7.4412428072953,-0.120420341543138,0.904199782693437,0.977108129903835,-5.55689644158545,FALSE,0.010057373208469,"Not significant"
"P00747","High_vs_Control",0.0126639569810187,15.1152510353278,0.1181009838448,0.90603337306761,0.977526368277004,-5.58898255624798,FALSE,0.00987151890115109,"Not significant"
"P30086","High_vs_Control",-0.0159816313179721,7.91745905845327,-0.117943230187906,0.906161110094729,0.977526368277004,-5.55620451578757,FALSE,0.00987151890115109,"Not significant"
"P98164","High_vs_Control",-0.0206482747120695,10.2936522238606,-0.117355933268173,0.906631847844084,0.977526368277004,-5.5202686947124,FALSE,0.00987151890115109,"Not significant"
"P00325","High_vs_Control",0.015561868299196,8.53607392474214,0.112887543642759,0.910165889463614,0.978857616204445,-5.56897181824298,FALSE,0.00928047570845157,"Not significant"
"P28300","High_vs_Control",0.0160672666953205,7.44752841850495,0.112099349106429,0.91079862691111,0.978857616204445,-5.50093003653598,FALSE,0.00928047570845157,"Not significant"
"Q9BX67","High_vs_Control",-0.0211094963069733,8.84899437266257,-0.110903125258517,0.911743669007287,0.978857616204445,-5.49821601215851,FALSE,0.00928047570845157,"Not significant"
"Q14974","High_vs_Control",0.0153673961997134,7.21598189421336,0.10985046753791,0.912572165680787,0.978857616204445,-5.57670321764904,FALSE,0.00928047570845157,"Not significant"
"O75822","High_vs_Control",0.0134469716006116,7.62857991580282,0.105092624518915,0.916349390391194,0.978857616204445,-5.51438064448384,FALSE,0.00928047570845157,"Not significant"
"P13639","High_vs_Control",0.0111181160744787,7.58573492878894,0.103793776931951,0.917373522826437,0.978857616204445,-5.58531108089893,FALSE,0.00928047570845157,"Not significant"
"P09668","High_vs_Control",-0.011340631964023,8.82305503641306,-0.103712464634063,0.917439575216149,0.978857616204445,-5.56038607576492,FALSE,0.00928047570845157,"Not significant"
"Q04917","High_vs_Control",0.0157751534889217,7.50379226446109,0.103362739883296,0.91771784466137,0.978857616204445,-5.56600717542165,FALSE,0.00928047570845157,"Not significant"
"P24592","High_vs_Control",-0.00972074613433094,9.98929400783351,-0.103186379398576,0.91785501682558,0.978857616204445,-5.58859445452253,FALSE,0.00928047570845157,"Not significant"
"P54578","High_vs_Control",-0.015214315874795,8.16321289748288,-0.102786485380306,0.918174008821554,0.978857616204445,-5.57757353982161,FALSE,0.00928047570845157,"Not significant"
"P02766","High_vs_Control",0.00835780547597942,13.3302924385239,0.102767000657,0.918187622321798,0.978857616204445,-5.59044951351341,FALSE,0.00928047570845157,"Not significant"
"Q01546","High_vs_Control",-0.0199531066629675,10.0824458163479,-0.102276646986383,0.918585262304309,0.978857616204445,-5.49035810263646,FALSE,0.00928047570845157,"Not significant"
"P04070","High_vs_Control",0.00929865569504251,14.313624815426,0.101901781743519,0.91887402392476,0.978857616204445,-5.59052621592453,FALSE,0.00928047570845157,"Not significant"
"P60709","High_vs_Control",-0.014837652433874,14.174590185557,-0.0997297416461721,0.92059742822255,0.978857616204445,-5.59071591183489,FALSE,0.00928047570845157,"Not significant"
"P35268","High_vs_Control",0.0132295528160888,8.02288120795457,0.0996711637521146,0.920652771621671,0.978857616204445,-5.49481213794555,FALSE,0.00928047570845157,"Not significant"
"Q8IWU5","High_vs_Control",0.0115557071143844,7.55484870945816,0.0994919299621857,0.920792641393058,0.978857616204445,-5.53065399353092,FALSE,0.00928047570845157,"Not significant"
"P28072","High_vs_Control",-0.0107822602927312,7.45889430859989,-0.0994779099876923,0.92080056761619,0.978857616204445,-5.54699487709642,FALSE,0.00928047570845157,"Not significant"
"P47755","High_vs_Control",-0.0126945253855713,7.99623947395014,-0.0986687249414668,0.921443675924881,0.978857616204445,-5.54774268858956,FALSE,0.00928047570845157,"Not significant"
"P61160","High_vs_Control",0.0144928112477274,8.47895240766827,0.0984354395537851,0.921625241646365,0.978857616204445,-5.58547583981207,FALSE,0.00928047570845157,"Not significant"
"Q9Y5C1","High_vs_Control",0.00831401077615546,9.13955679989305,0.0979822945972777,0.921984211259906,0.978857616204445,-5.59086555924468,FALSE,0.00928047570845157,"Not significant"
"Q9H4B7","High_vs_Control",0.0187719271824314,9.61681593635641,0.0959968732209735,0.92356035617771,0.978857616204445,-5.58964756696977,FALSE,0.00928047570845157,"Not significant"
"Q9NQH7","High_vs_Control",-0.00982830511308563,10.8062055956534,-0.0907897171203025,0.927695997300941,0.978857616204445,-5.57006899528603,FALSE,0.00928047570845157,"Not significant"
"A0A1B0GTC6","High_vs_Control",-0.0121353281142742,11.1880567286394,-0.0904140745161735,0.927993082660206,0.978857616204445,-5.59148314773547,FALSE,0.00928047570845157,"Not significant"
"P08758","High_vs_Control",0.0121275981800633,7.75782089143804,0.0902053385788593,0.928160050951639,0.978857616204445,-5.57529814275433,FALSE,0.00928047570845157,"Not significant"
"Q9BWS9","High_vs_Control",0.0111336758465486,7.10301008932266,0.0901040757326079,0.928244816809031,0.978857616204445,-5.505670603434,FALSE,0.00928047570845157,"Not significant"
"Q14204","High_vs_Control",0.019565381148416,7.16584093064545,0.0899036280433697,0.928404560339695,0.978857616204445,-5.53561390482738,FALSE,0.00928047570845157,"Not significant"
"P05997","High_vs_Control",-0.0122724712944793,7.77790539863726,-0.0889563087875866,0.929156780554907,0.978857616204445,-5.49825760014942,FALSE,0.00928047570845157,"Not significant"
"P01732","High_vs_Control",-0.0137770741289636,7.65808385097297,-0.0885550159954279,0.929476540657083,0.978857616204445,-5.51689166654279,FALSE,0.00928047570845157,"Not significant"
"P37837","High_vs_Control",0.0121292576383336,8.20036113124803,0.0865623968337205,0.931053425045377,0.978857616204445,-5.57425898301224,FALSE,0.00928047570845157,"Not significant"
"P15531","High_vs_Control",0.0113944446572507,8.38759452844259,0.0849037562618749,0.932371514639515,0.978857616204445,-5.57879695400025,FALSE,0.00928047570845157,"Not significant"
"P62993","High_vs_Control",0.0129156605615242,6.88449824470963,0.0847178602968545,0.932528662190891,0.978857616204445,-5.48014231773479,FALSE,0.00928047570845157,"Not significant"
"Q16610","High_vs_Control",0.00773612789182998,12.6541553213645,0.0840458075034895,0.933052444852797,0.978857616204445,-5.59196437581197,FALSE,0.00928047570845157,"Not significant"
"P50995","High_vs_Control",0.0151635394075091,7.01481876405097,0.0836384431000693,0.933387304906764,0.978857616204445,-5.47032540292157,FALSE,0.00928047570845157,"Not significant"
"P52907","High_vs_Control",-0.00987685536556882,9.00731496348031,-0.0832595234414669,0.933677498894961,0.978857616204445,-5.59080398779752,FALSE,0.00928047570845157,"Not significant"
"Q08830","High_vs_Control",-0.0081388351362488,10.5343884455737,-0.0830068730308931,0.933878104316456,0.978857616204445,-5.59203955131367,FALSE,0.00928047570845157,"Not significant"
"O95466","High_vs_Control",-0.00954964565342298,6.12674271442572,-0.0827669279059813,0.934075239028178,0.978857616204445,-5.51051938594601,FALSE,0.00928047570845157,"Not significant"
"P14780","High_vs_Control",0.0114673398531977,8.19688136185422,0.0821029795628404,0.934596686671036,0.978857616204445,-5.59043803485888,FALSE,0.00928047570845157,"Not significant"
"O75897","High_vs_Control",0.0205769155661031,11.1202022555596,0.0806227804520818,0.935779758822348,0.978857616204445,-5.51981306677195,FALSE,0.00928047570845157,"Not significant"
"P49189","High_vs_Control",0.00937329284716082,6.90590580374477,0.0803423923432442,0.936005165501608,0.978857616204445,-5.47977672163737,FALSE,0.00928047570845157,"Not significant"
"P63208","High_vs_Control",-0.0116320654522699,7.76716078842158,-0.0802472121591803,0.936079644980521,0.978857616204445,-5.5085042150018,FALSE,0.00928047570845157,"Not significant"
"Q13576","High_vs_Control",0.024948188752866,11.1940241837744,0.0796988809893896,0.936507793824474,0.978857616204445,-5.58682694240084,FALSE,0.00928047570845157,"Not significant"
"P01833","High_vs_Control",-0.00873825904919912,9.01119587924755,-0.0783247908769498,0.937600144353237,0.978857616204445,-5.58577592699665,FALSE,0.00928047570845157,"Not significant"
"P14770","High_vs_Control",0.00917345189994023,8.45709886456755,0.0779142460467629,0.937927587649889,0.978857616204445,-5.58362903592306,FALSE,0.00928047570845157,"Not significant"
"P05155","High_vs_Control",0.00747800689607558,14.0209567069648,0.0778402948463288,0.937985116815141,0.978857616204445,-5.59239950914885,FALSE,0.00928047570845157,"Not significant"
"Q9UN70","High_vs_Control",-0.00921523646685429,7.46155293047386,-0.0762216795248196,0.939272886610274,0.978857616204445,-5.58061125032999,FALSE,0.00928047570845157,"Not significant"
"P12931","High_vs_Control",-0.0136700710524362,7.22612233679061,-0.0757901942596356,0.939621969011545,0.978857616204445,-5.50800150383142,FALSE,0.00928047570845157,"Not significant"
"P16401","High_vs_Control",0.0124154384556565,9.24382771811394,0.0753709319420433,0.939949049869959,0.978857616204445,-5.58855196234537,FALSE,0.00928047570845157,"Not significant"
"P01859","High_vs_Control",0.00991696740409154,17.0919342032285,0.0744830259106062,0.940654768613681,0.978881667773598,-5.59262101661866,FALSE,0.00926980476380612,"Not significant"
"Q9NP58","High_vs_Control",0.00901226315357029,8.76581546089339,0.0721369146264267,0.9425224685676,0.979407553078065,-5.57249178050289,FALSE,0.00903655107594191,"Not significant"
"P62937","High_vs_Control",-0.00831073176123454,11.0535058900831,-0.0721302064947066,0.942526097104414,0.979407553078065,-5.59277043293197,FALSE,0.00903655107594191,"Not significant"
"P11150","High_vs_Control",0.0057936639506071,8.10982505289736,0.0693010315853736,0.944777901314827,0.979571886337393,-5.57109215589683,FALSE,0.00896368759769324,"Not significant"
"P35579","High_vs_Control",-0.0128364624695241,10.4092629794847,-0.0690001057110411,0.945016132324169,0.979571886337393,-5.5929617771088,FALSE,0.00896368759769324,"Not significant"
"P23141","High_vs_Control",0.00620349047576951,6.36581929569364,0.0688146415110195,0.945164587394417,0.979571886337393,-5.5700246134842,FALSE,0.00896368759769324,"Not significant"
"O15143","High_vs_Control",-0.020837873013237,8.91068287210991,-0.0681266791262865,0.94571461624994,0.979571886337393,-5.53773571808598,FALSE,0.00896368759769324,"Not significant"
"Q96EE4","High_vs_Control",-0.00499169700452384,8.58773230347274,-0.067296606280934,0.946371515911588,0.979571886337393,-5.59306234615202,FALSE,0.00896368759769324,"Not significant"
"Q9Y376","High_vs_Control",0.00844313938258345,6.89473151519236,0.0666143124262603,0.946919959796215,0.979571886337393,-5.51173792579688,FALSE,0.00896368759769324,"Not significant"
"P12814","High_vs_Control",0.010861617724391,9.12387050747892,0.065297730136661,0.947962113219666,0.979571886337393,-5.59317714777876,FALSE,0.00896368759769324,"Not significant"
"P24666","High_vs_Control",-0.00951061301028489,8.17394931800359,-0.0646894672926414,0.948451623157171,0.979571886337393,-5.50586568157789,FALSE,0.00896368759769324,"Not significant"
"Q96QR1","High_vs_Control",-0.00748927941032029,10.4275843966354,-0.0642062137053828,0.948832182791241,0.979571886337393,-5.56845183410412,FALSE,0.00896368759769324,"Not significant"
"P50991","High_vs_Control",0.00994970529840167,8.07318497551057,0.0592602098146425,0.952768597312182,0.982928178809834,-5.57696198775283,FALSE,0.0074782143002209,"Not significant"
"Q5H9R7","High_vs_Control",0.00837104312637127,6.2024474221783,0.0540803465843754,0.956897778238444,0.986465429501335,-5.49986434819933,FALSE,0.00591812991496417,"Not significant"
"P04439","High_vs_Control",0.00474357488789678,10.265000122105,0.0532249959519562,0.95757313658707,0.986465429501335,-5.59379693877053,FALSE,0.00591812991496417,"Not significant"
"P78371","High_vs_Control",0.00667388349218623,7.32778451365005,0.0493232657256896,0.96068135171678,0.988956969391143,-5.57953893313381,FALSE,0.00482260462379172,"Not significant"
"Q05682","High_vs_Control",0.00843481186581663,7.03747676900579,0.0476385574625995,0.962025041594005,0.988980521345471,-5.52995244798602,FALSE,0.00481226204840591,"Not significant"
"P0DJI9","High_vs_Control",0.00903441101367619,11.2077247000343,0.0475620833996889,0.962083561559925,0.988980521345471,-5.59404415880146,FALSE,0.00481226204840591,"Not significant"
"P21291","High_vs_Control",0.00566253786758963,8.92737837303985,0.0465942179490503,0.962854823067178,0.989040443832453,-5.5894156350813,FALSE,0.00478594887387002,"Not significant"
"P78417","High_vs_Control",-0.00648362220535681,9.64712903841864,-0.0457574763132352,0.963521269200793,0.989040443832453,-5.59001084592234,FALSE,0.00478594887387002,"Not significant"
"P54577","High_vs_Control",-0.00755267038117058,8.01287685759732,-0.0443422554589818,0.964651146774428,0.98906278023988,-5.54117990568357,FALSE,0.00477614091402905,"Not significant"
"P17987","High_vs_Control",-0.00654079067239088,7.29588099044236,-0.0440002084361282,0.964922475282839,0.98906278023988,-5.56738756322212,FALSE,0.00477614091402905,"Not significant"
"Q99996","High_vs_Control",-0.0063528036449938,9.79577081314168,-0.0428484599163347,0.96584178961374,0.989297947361502,-5.54284083698753,FALSE,0.0046728920147746,"Not significant"
"P25705","High_vs_Control",0.00888754172094153,7.65840412746712,0.0410419996713816,0.967280236441011,0.989594178727821,-5.5457382791605,FALSE,0.00454286810187522,"Not significant"
"Q15366","High_vs_Control",-0.00582035139468307,7.52903571261691,-0.0407525923991617,0.967511184502374,0.989594178727821,-5.53898294784049,FALSE,0.00454286810187522,"Not significant"
"Q3ZCW2","High_vs_Control",0.00787371433368378,7.55340015552602,0.0397697872269542,0.968296088359501,0.989691083897024,-5.5045536477838,FALSE,0.00450034226582611,"Not significant"
"P31948","High_vs_Control",0.00568170640747567,8.38158587049783,0.037417751413289,0.9701665436406,0.989713363342431,-5.58850107168059,FALSE,0.00449056574924404,"Not significant"
"O15145","High_vs_Control",0.00504581328914533,8.17446424303002,0.0358759652677603,0.971395392395963,0.989713363342431,-5.58585146294111,FALSE,0.00449056574924404,"Not significant"
"P07738","High_vs_Control",-0.00779250235071949,8.43357348372746,-0.0355489759645986,0.971657099859198,0.989713363342431,-5.55525122198794,FALSE,0.00449056574924404,"Not significant"
"P37802","High_vs_Control",-0.00640913915747454,9.39007492845621,-0.0354967678243421,0.971697335424919,0.989713363342431,-5.59370172730414,FALSE,0.00449056574924404,"Not significant"
"P01780","High_vs_Control",-0.00536650564137275,14.6375811353363,-0.0353279320060479,0.971831844561193,0.989713363342431,-5.59448341284212,FALSE,0.00449056574924404,"Not significant"
"Q15435","High_vs_Control",-0.00460477055674602,6.66332465729433,-0.0345444774802114,0.972458946268819,0.989713363342431,-5.52210354537523,FALSE,0.00449056574924404,"Not significant"
"P17301","High_vs_Control",-0.00306100983719126,8.34975047225922,-0.0327031326120246,0.973923908500619,0.990501336730417,-5.59456075987277,FALSE,0.00414493402321086,"Not significant"
"Q14118","High_vs_Control",-0.0030238858780951,9.26371366766278,-0.0315525749885522,0.974841003818849,0.990731395801722,-5.59459278275848,FALSE,0.00404407420599905,"Not significant"
"O60664","High_vs_Control",-0.00316563641447143,7.24963252769914,-0.0286261654335612,0.977174017160883,0.991858710045237,-5.57887794221982,FALSE,0.0035501885494037,"Not significant"
"Q9Y6B6","High_vs_Control",0.00309512488046337,8.4033985635945,0.026809356693286,0.978622736689885,0.991858710045237,-5.57210557731019,FALSE,0.0035501885494037,"Not significant"
"Q13177","High_vs_Control",0.00340251099921662,7.05355052394308,0.0262882362660584,0.979038534493555,0.991858710045237,-5.54770223177956,FALSE,0.0035501885494037,"Not significant"
"O75347","High_vs_Control",-0.00430340329108603,7.5960979704737,-0.0259155166790812,0.979337596414831,0.991858710045237,-5.48215612031294,FALSE,0.0035501885494037,"Not significant"
"O75223","High_vs_Control",0.00288841763397674,7.46750190751441,0.0258237682576007,0.979408600714126,0.991858710045237,-5.55295418515997,FALSE,0.0035501885494037,"Not significant"
"Q8IUL8","High_vs_Control",0.00205884891917751,7.80778526917754,0.0220630225106367,0.982406169470375,0.991889803338415,-5.59481316547925,FALSE,0.00353657427767376,"Not significant"
"P01699","High_vs_Control",0.00350794745785166,11.9357588006023,0.0215575998042824,0.982809164053292,0.991889803338415,-5.59300256569723,FALSE,0.00353657427767376,"Not significant"
"P08754","High_vs_Control",-0.00259463468334253,7.60478556702703,-0.0213011439063063,0.983014987922659,0.991889803338415,-5.5310983203335,FALSE,0.00353657427767376,"Not significant"
"Q15113","High_vs_Control",-0.00191259140649258,11.7487329708412,-0.0212626321429086,0.983044330735683,0.991889803338415,-5.59482818610084,FALSE,0.00353657427767376,"Not significant"
"P14649","High_vs_Control",-0.00402189056648794,10.3756028741508,-0.0212553152642713,0.98305042483295,0.991889803338415,-5.58586433100184,FALSE,0.00353657427767376,"Not significant"
"P20618","High_vs_Control",-0.0025848994178812,7.57510109498544,-0.019946075833408,0.984095102519636,0.991889803338415,-5.54411237201593,FALSE,0.00353657427767376,"Not significant"
"P59998","High_vs_Control",0.00272050407326496,9.1363183887628,0.0197114352850022,0.984281164679612,0.991889803338415,-5.59303554862819,FALSE,0.00353657427767376,"Not significant"
"P52566","High_vs_Control",0.00221886813576866,8.90501773137236,0.0167189566682375,0.986667342189329,0.993245384986769,-5.5893309595218,FALSE,0.00294344417286279,"Not significant"
"Q6YHK3","High_vs_Control",-0.00140106498995429,9.54395502397012,-0.0162426468163809,0.98704705965146,0.993245384986769,-5.59490973833637,FALSE,0.00294344417286279,"Not significant"
"P21589","High_vs_Control",0.00144150246618313,7.1587932737054,0.0148301601899389,0.988174421507948,0.993245384986769,-5.53005847734519,FALSE,0.00294344417286279,"Not significant"
"P18577","High_vs_Control",0.00245886128214856,9.71054162221855,0.0145500706459009,0.988396906817377,0.993245384986769,-5.578940800032,FALSE,0.00294344417286279,"Not significant"
"Q9UI15","High_vs_Control",0.00233686151380752,8.40302724159308,0.0132769503626093,0.989413030002258,0.993373860076591,-5.50923153060191,FALSE,0.0028872723394446,"Not significant"
"Q99439","High_vs_Control",0.00224694272831982,7.57163938586845,0.012502660580744,0.990030126067626,0.993373860076591,-5.53964375566684,FALSE,0.0028872723394446,"Not significant"
"P61158","High_vs_Control",0.00155217072419322,7.72470077544232,0.0117835745727546,0.990602942754202,0.993373860076591,-5.58266625990773,FALSE,0.0028872723394446,"Not significant"
"P20774","High_vs_Control",0.000476385470738805,8.57232892003858,0.00432772734382001,0.996548670960692,0.998637871528744,-5.59020189130826,FALSE,0.0005919681386279,"Not significant"
"Q9ULF5","High_vs_Control",-0.000736307164066474,9.85140039964801,-0.00345273166050732,0.997246565903767,0.998639368370113,-5.55207843285517,FALSE,0.000591317182482315,"Not significant"
"Q15063","High_vs_Control",0.000161053020567792,10.709472053943,0.00112514561075366,0.999102696553913,0.999730000892862,-5.595023465935,FALSE,0.000117274955127956,"Not significant"
"Q9NT22","High_vs_Control",-3.49671346349112e-05,7.74446129949712,-0.000338569051843208,0.999730000892862,0.999730000892862,-5.57891907509251,FALSE,0.000117274955127956,"Not significant"
