"pathway","pval","padj","log2err","ES","NES","size","leadingEdge","database","direction"
"R-HSA-109581",NA,NA,NA,0.275198152837136,NA,59,"PSMD1;PSMB5;PSMB2;DNM1L;H1-4;PSMB6;PSMD14;PSMA6;PSMA4;PSMA5;H1-5;VIM;YWHAQ;HMGB1;TNFSF10;PSMC5;PSMB4;YWHAG;HMGB2;PSMA7;PSMA2;GSN;ADD1;STK24;PSMB1;PSMA3;PSMC6;PSMF1;PSMA1;PSMC1;PSMC2;PSME1;PSMD11;DBNL;KPNB1;PSMD5;PSMD7;PSMC3;PSME2;PSMD12;PPP3CC;YWHAH;PSMD3;DSP;LMNA;PSMC4;YWHAE;PSMD2;YWHAZ;YWHAB;PLEC;PAK2;DSG1;RPS27A;DSG2;CD14;PSMD13;CDH1","Reactome",NA
"R-HSA-109582",0.336663336663337,0.928374655647383,0.0640703750499722,-0.305127409902344,-1.04603563658433,198,"SPP2;GPC1;IGF1;F11R;SERPINA3;CD58;CD109;TIMP3;FN1;GP1BA;SLC3A2;FCER1G;FGA;SELPLG;JCHAIN;CD44;MAPK1;FGG;SPN;CD99;PCDH7;F5;SERPINC1;CD48;ITGA4;GNG5;TGFB1;GNB2;RAP1A;RAB5A;ANXA2;GNAI2;HSPA5;CD47;ITGB1;CD9;CD36;FCAMR;LGALS3BP;CD74;ITGB3;CHID1;SERPINA5;GAS6;TFPI;QSOX1;EHD3;ITGAL;CLU;FGB;RAC2;SERPING1;CDC42;GP9;ITGB2;RHOG;GP6;SDC4;ANGPT1;PSAP;ITGA5;KRAS;SERPINE2;APLP2;ITGA2B;S100A10;SELP;GNA11;ITGA1;KLKB1;BSG;AHSG;ESAM;ATP2B4;ITGA6;APP;LYN;ACTN4;SERPINA4;GNA13;PROS1;PECAM1;RAP1B;TUBB4B;GNAS;STXBP3;SELENOP;ITGA2;RAC1;GP1BB;F7;PPP2CA;GP5;VWF;H3C12;CFD;SERPINA1;ITGAM;CALU;SERPINE1;F9;ITGAV;SERPINF2;YWHAZ;CAPZA1;RASGRP2;ANXA5;ITIH4;RHOA;PRKAR1A;NRAS;YES1;SELL;ECM1;F11","Reactome","Down"
"R-HSA-111465",0.188256162606642,0.661265229740206,0.249246554383295,0.32287954383464,1.13630828645824,11,"VIM;GSN;ADD1;STK24;DBNL;DSP;LMNA;PLEC;DSG1;DSG2;CDH1","Reactome","Up"
"R-HSA-111885",0.43595041322314,1,0.053457214108991,-0.389776749507839,-1.03546718039911,14,"MAPK1;PPP1CA;GNG5;GNB2;GNAI2","Reactome","Down"
"R-HSA-112314",0.98580121703854,1,0.0078803141868031,-0.18330838887639,-0.532110974040937,25,"MAPK1;GNG5;GNB2;GNAI2;KRAS;TUBB4B;RAC1;AP2M1;PRKAR1A;NRAS;TUBB4A;TUBA8;SRC;AP2A1;TUBA1B;GNG2;TUBB2A;TUBA4A;GNAI3","Reactome","Down"
"R-HSA-112315",0.973737373737374,1,0.00893801210835004,-0.198707106289992,-0.584818674411998,28,"CACNA2D3;MAPK1;GNG5;GNB2;GNAI2;HSPA8;KRAS;TUBB4B;RAC1;AP2M1;PRKAR1A;NRAS;TUBB4A;TUBA8;SRC;AP2A1;TUBA1B;GNG2;TUBB2A;TUBA4A;GNAI3","Reactome","Down"
"R-HSA-112316",0.988,1,0.00523322083191526,-0.182893252019371,-0.559070494110709,38,"CACNA2D3;MAPK1;GNG5;GNB2;GNAI2;HSPA8;PTPRF;KRAS;FLOT1;SLITRK1;TUBB4B;RAC1;AP2M1;PRKAR1A;NRAS;TUBB4A;TUBA8;SRC;FLOT2;AP2A1;TUBA1B;GNG2;TUBB2A;EPB41;TUBA4A;GNAI3;IL1RAP;DBNL","Reactome","Down"
"R-HSA-114608",0.752247752247752,1,0.0261841515946199,-0.274415224013021,-0.896118439132862,88,"SPP2;IGF1;SERPINA3;CD109;TIMP3;FN1;FGA;FGG;PCDH7;F5;TGFB1;HSPA5;CD9;CD36;LGALS3BP;ITGB3;CHID1;GAS6;QSOX1;CLU;FGB;SERPING1;PSAP;APLP2;ITGA2B;SELP;AHSG;APP;ACTN4;SERPINA4;PROS1;PECAM1;SELENOP;VWF;CFD;SERPINA1;CALU;SERPINE1;SERPINF2;ANXA5;ITIH4;ECM1;FERMT3;PF4;KNG1;PLG;HRG;VCL;STXBP2;SRGN;ORM2;ALB;SPARC;RARRES2;ACTN1;ITIH3;F13A1;F8;PPIA;MMRN1;ISLR;PLEK;IGF2;PFN1;TLN1","Reactome","Down"
"R-HSA-1168372",NA,NA,NA,0.306966618287373,NA,36,"PSMD1;PSMB5;PSMB2;PSMB6;PSMD14;PSMA6;PSMA4;PSMA5;SKP1;PSMC5;PSMB4;PSMA7;PSMA2;FKBP1A;PSMB1;PSMA3;PSMC6;PSMF1;PSMA1;PSMC1;PSMC2;PSME1;PSMD11;PSMD5;PSMD7;PSMC3;PSME2;PPIA;PSMD12;PSMD3;PSMC4;NRAS;PSMD2","Reactome",NA
"R-HSA-1169091",NA,NA,NA,0.359623733719247,NA,32,"PSMD1;PSMB5;PSMB2;PSMB6;PSMD14;PSMA6;PSMA4;PSMA5;SKP1;PSMC5;PSMB4;PSMA7;PSMA2;PSMB1;PSMA3;PSMC6;PSMF1;PSMA1;PSMC1;PSMC2;PSME1;PSMD11;PSMD5;PSMD7;PSMC3;PSME2;PSMD12;PSMD3;PSMC4;PSMD2","Reactome",NA
"R-HSA-1169410",0.961224489795918,1,0.0114177828322783,-0.20798645678933,-0.59208759133909,22,"DNAJC3;HSPA8;TUBB4B;RPS27A;PPP2CA;TUBB4A;SNCA;TUBA8;EIF4A1;TUBA1B;TUBB2A;KPNB1;TUBA4A;EIF4G1;PPP2R1A;TUBB6;UBE2N","Reactome","Down"
"R-HSA-1227986",0.280191925637228,0.833619603801672,0.203508959461977,0.301282051282051,1.02281553882705,10,"GRB2;CDC37;SRC;HSP90AA1;YES1;NRAS;RHOA;DIAPH1;RPS27A;KRAS","Reactome","Up"
"R-HSA-1234174",NA,NA,NA,0.359363702096891,NA,31,"PSMD1;PSMB5;PSMB2;PSMB6;PSMD14;PSMA6;PSMA4;PSMA5;PSMC5;PSMB4;PSMA7;PSMA2;PSMB1;PSMA3;PSMC6;PSMF1;PSMA1;PSMC1;PSMC2;PSME1;PSMD11;PSMD5;PSMD7;PSMC3;PSME2;PSMD12;PSMD3;PSMC4;PSMD2","Reactome",NA
"R-HSA-1234176",NA,NA,NA,0.359363702096891,NA,31,"PSMD1;PSMB5;PSMB2;PSMB6;PSMD14;PSMA6;PSMA4;PSMA5;PSMC5;PSMB4;PSMA7;PSMA2;PSMB1;PSMA3;PSMC6;PSMF1;PSMA1;PSMC1;PSMC2;PSME1;PSMD11;PSMD5;PSMD7;PSMC3;PSME2;PSMD12;PSMD3;PSMC4;PSMD2","Reactome",NA
"R-HSA-1236974",0.997002997002997,1,0.00250132493941571,-0.161879836731247,-0.503161975772522,46,"FGA;CALR;FGG;CD36;FGB;HLA-B;SNAP23;PSMD13;HLA-A;HLA-C;CD14","Reactome","Down"
"R-HSA-1236975",0.998001998001998,1,0.00204130030921835,-0.167455132191459,-0.523366005325425,51,"FGA;CALR;FGG;CD36;CTSS;FGB;HLA-B;LNPEP;SNAP23;PSMD13;HLA-A;HLA-C;CD14","Reactome","Down"
"R-HSA-1236978",NA,NA,NA,0.409739467326705,NA,30,"PSMD1;PSMB5;PSMB2;PSMB6;PSMD14;PSMA6;PSMA4;PSMA5;PSMC5;PSMB4;PSMA7;PSMA2;PSMB1;PSMA3;PSMC6;PSMF1;PSMA1;PSMC1;PSMC2;PSME1;PSMD11;PSMD5;PSMD7;PSMC3;PSME2;PSMD12;PSMD3;PSMC4;PSMD2","Reactome",NA
"R-HSA-1257604",NA,NA,NA,0.117981883806073,NA,47,"PSMD1;PSMB5;PSMB2;PSMB6;PSMD14;PSMA6;TNKS2;PSMA4;PSMA5;MET;PSMC5;PSMB4;PSMA7;PSMA2;PSMB1;PIP4K2A;PSMA3;PSMC6;PSMF1;PSMA1;PSMC1;PSMC2;GRB2;PSME1;PSMD11;PPP2R1A;IL1RAP;PSMD5;PSMD7;PSMC3;PSME2;PSMD12;SRC;LAMTOR1;PSMD3;PSMC4;FGFR1;PSMD2;PPP2CA;RPS27A;RAC1;PSMD13;FGFR3;RHOG;RAC2","Reactome",NA
"R-HSA-1266738",0.987012987012987,1,0.00523322083191526,-0.221394071455868,-0.758828521280876,196,"COL6A1;GPC1;NCAM1;NCAN;AGRN;NRP1;COL6A3;NEO1;PLXNB1;ALCAM;RPLP2;NRP2;CLTCL1;RRAS;MAPK1;PTGDS;PTPRC;ANGPTL4;MSN;LPL;LAMC1;TGFB1;COL6A2;CAPNS1;ST8SIA4;RPLP0;EZR;MMP2;DSC2;ITGB1;CD36;LAMB1;FABP4;ITGB3;CDH15;RPLP1;RELN;HSPA8;COL5A1;CDC42;DSC3;DAG1;RPL4;SPINK5;NRCAM;ITGA5;KRAS;RDX;ITGA2B;RPSA;CDH1;KRT80;CSTA;PLIN1;ITGA1;NELL2;PSMD13;HSP90AB1;LYN;DSG2;ARPC5;PCSK6;TUBB4B;ADAM10;DSC1;ITGA2;RAC1;LAMA2;RPS27A;DSG1;PAK2;H3C12;CAPN1;AP2M1;FLG;ACTR3;ITGAV;KRT6B;MMP9;CXCL12;KRT76;CDH2;H4C16;KRT71;RHOA;PSMD2;SDCBP;NRAS;DNM2;YES1;KRT10;KRT1;TUBB4A;FGFR1;TGM1;PSMC4;TUBA8;JUP;RPL10A;KRT5;RPL12;EIF4A1;KRT9;DSP;KRT77;HSP90AA1;PSMD3;ARPC3;ARPC1B;MYL9;KRT14;L1CAM;CHL1;SRC;PSMD12;KRT2;RPL22;KRT13;ARPC4;ADGRG6;AP2A1;PFN1;KRT6A;PSME2;PSMC3;TLN1;TUBA1B;PABPC1;RPS7;ACTR2;PSMD7;COL5A2;CFL1;RPS10;RPL18;TUBB2A;PSMD5;SPTA1;TUBA4A;KRT78;CLTC","Reactome","Down"
"R-HSA-1280215",0.995004995004995,1,0.00323243877654383,-0.197932640276012,-0.66397052224857,129,"NCAM1;CSF1;VCAM1;PTPRZ1;FN1;FCER2;CD44;MAPK1;MSN;TGFB1;CANX;DNAJC3;RPLP0;ANXA2;LBP;MMP2;ITGB1;CD36;SAA1;FSCN1;HSP90B1;HSPA8;MUC1;CDC42;ITGB2;BST2;HLA-B;KRAS;MMP3;PTPRJ;CSF1R;APP;PSMD13;HLA-A;HLA-C;ICAM1;LYN;IL7R;RAP1B;TUBB4B;RPS27A;PPP2CA;PAK2;H3C12;TCP1;P4HB;ITGAM;YWHAZ;CAPZA1;MMP9;HSPA9","Reactome","Down"
"R-HSA-1280218",0.995004995004995,1,0.00323243877654383,-0.209952361205946,-0.708128673866246,142,"CD34;VCAM1;FGA;CALR;FGG;RAB7A;CD99;PTPRC;ICAM3;CD81;ITGA4;ACTR1B;CANX;RAP1A;HSPA5;ITGB1;CD36;CD74;CTSS;CTSB;ITGAL;FGB;CDC42;ITGB2;HLA-B;KRAS;C3;CDH1;PTPRJ;LNPEP;CTSC;SNAP23;PSMD13;HLA-A;HLA-C;ICAM1;CD14;LYN;RAP1B;TUBB4B;SAR1B;RAC1;TPP2;RPS27A;DYNC1H1;PPP2CA;PAK2;FCGR3A;AP2M1;CTSF;YWHAB;PDIA3;CTSA;MADCAM1;ITGAV;YWHAZ;CAPZA1;RASGRP2;FYB1;PSMD2;NRAS;DNM2;YES1;SELL","Reactome","Down"
"R-HSA-140837",0.624872579001019,1,0.0363018462359236,-0.325696507468747,-0.922424794694475,21,"GP1BA;SERPINC1;SERPINA5;SERPING1;GP9;SERPINE2;KLKB1;PROS1;GP1BB;GP5;VWF;F9;F11;KNG1;F10","Reactome","Down"
"R-HSA-140875",0.486707566462168,1,0.047925896705813,-0.367219375794489,-1.00962414459358,17,"FGA;FGG;F5;SERPINC1;SERPINA5;FGB;SERPINE2","Reactome","Down"
"R-HSA-140877",0.519597989949749,1,0.0441523058441465,-0.333275863817407,-0.995561633595582,31,"GP1BA;FGA;FGG;F5;SERPINC1;SERPINA5;TFPI;FGB;SERPING1;GP9;SERPINE2;KLKB1;PROS1;GP1BB;F7;GP5;VWF;F9;F11;PF4;KNG1;F10;F13B","Reactome","Down"
"R-HSA-1430728",0.574425574425574,1,0.0392758570896778,-0.283726125193908,-0.981543363505849,247,"ACAN;HSPG2;B3GALNT1;OMD;DCN;GPC1;NCAN;FMOD;ST3GAL6;GPC4;CHST3;PODXL2;VCAN;AGRN;ASS1;CSPG5;RPLP2;APOA5;SLC3A2;B4GALT1;CSPG4;HS6ST3;ENO1;CD44;PON1;PON3;APOE;PTGDS;PGP;LUM;BGN;GPC6;ANGPTL4;PRSS3;B4GAT1;PPP1CA;ENO2;GCG;LPL;GNG5;BCAN;GRHPR;MARCKS;GNB2;RAP1A;PLA1A;RPLP0;RAB5A;GNAI2;CD36;ADH4;PRELP;PLIN3;ADH1A;RAB14;FABP4;CHST12;RPLP1;IDS;ENO3;TPST2;TYMP;CHST15;SUMF2;ADH1B;ADH1C;RPL4;SDC4;ST3GAL1;ABCB4;ENTPD5;PSAP;LRP2;IDH1;B3GNT2;GNA11;RPSA;GAPDH;PLIN1;ALDOB;LRP1;BSG","Reactome","Down"
"R-HSA-1442490",0.0274111675126904,0.224612144508425,0.276500599254472,-0.505701241832768,-1.42692154873884,20,"COL6A1;COL11A2;COL12A1;COL6A3;COL15A1;COL14A1;MMP19;COL18A1;COL6A2;MMP2;CTSB;COL5A1","Reactome","Down"
"R-HSA-1445148",0.0558562529353945,0.322725016960057,0.321775918075361,0.256573107119511,1.22837429959159,25,"YWHAQ;YWHAG;TUBB1;EXOC8;ACTB;TUBB6;MYH9;TUBA4A;TUBB2A;TUBA1B;YWHAH;RAB8A;TUBA8;TUBB4A;YWHAE;RAB10;YWHAZ;YWHAB;RAC1;STXBP3;TUBB4B;SNAP23;ASPSCR1;LNPEP","Reactome","Up"
"R-HSA-1474228",9.08091568466642e-05,0.00275454442434881,0.538434096309916,-0.523497885422153,-1.63614571559649,51,"ACAN;HSPG2;DCN;COL6A1;COL11A2;COL12A1;COL6A3;COL15A1;FN1;ADAM15;CD44;COL14A1;MMP19;BMP1;SPP1;COL18A1;TLL1;HTRA1;LAMC1;BCAN;COL6A2;CAPNS1;MMP2;LAMB1;NID1;CTSS;CTSB;COL5A1;CAPNS2;MMP3;CAPN2;CDH1;KLKB1;MMP14;BSG","Reactome","Down"
"R-HSA-1474244",5.71531682723354e-08,2.08037532511301e-05,0.719512826338911,-0.497197385368167,-1.66362388665494,122,"ACAN;DMP1;HSPG2;DCN;COL6A1;NCAM1;NCAN;FMOD;F11R;COL11A2;COL12A1;VCAN;AGRN;COL6A3;VTN;VCAM1;COL15A1;FN1;TNR;ADAM15;FGA;LAMB2;FBLN2;COMP;ASPN;LTBP2;EMILIN2;CD44;COL14A1;MMP19;BMP1;FGG;SPP1;COL18A1;LUM;BGN;ICAM3;TLL1;ITGA4;EFEMP2;HTRA1;EMILIN1;EMILIN3;LAMC1;BCAN;TGFB1;COL6A2;CAPNS1;MMP2;CD47;ITGB1;TNC;LAMB1;ITGB6;ITGB3;NID1;CTSS;LAMA4;CTSB;COL5A1;ITGAL;FGB;ITGB2;TNXB;PPIB;DAG1;SDC4;ITGA5;CAPNS2;ITGA2B;MMP3;CAPN2;NID2;CDH1;ITGA1;KLKB1;MMP14;PCOLCE2;BSG;ITGA6;APP;ICAM1","Reactome","Down"
"R-HSA-1474290",0.0283975659229209,0.224711173824852,0.271288554688953,-0.49089326609613,-1.42497403186872,25,"COL6A1;COL11A2;COL12A1;COL6A3;COL15A1;COL14A1;BMP1;COL18A1;TLL1;COL6A2;CTSS;CTSB;COL5A1;PPIB;MMP3;PCOLCE2;ITGA6;LOX","Reactome","Down"
"R-HSA-1500931",0.775775775775776,1,0.0246382257063476,-0.280257475687255,-0.851630167594695,36,"CDH13;F11R;CDH11;ANGPTL4;CD47;ITGB1;CDH19;CDH15;CDH1;ITGA6;ACTN4;CADM1;ANG;CDH5;PLEC;CDH2;FYB1;PARVB;ILK;JUP;CDH6;KRT5;RSU1;KRT14;ACTN1;PTPN6;SRC;IQGAP1;LIMS1","Reactome","Down"
"R-HSA-156580",0.968814968814969,1,0.0124136372369971,-0.219091715906487,-0.57230867798541,13,"PODXL2","Reactome","Down"
"R-HSA-1566948",0.0315985240813752,0.238626127064144,0.321775918075361,-0.525921447654361,-1.48397627793467,20,"VTN;FN1;FBLN2;LTBP2;EMILIN2;EFEMP2;EMILIN1;EMILIN3;TGFB1;ITGB1;ITGB6;ITGB3","Reactome","Down"
"R-HSA-156827",0.937055837563452,1,0.0132626420191661,-0.225749682631325,-0.636990895256919,20,"RPLP2;RPLP0;RPLP1;RPL4;RPSA;RPS27A;RPL10A;RPL12;EIF4A1;RPL22;PABPC1;RPS7;RPS10;RPL18","Reactome","Down"
"R-HSA-156842",0.732510288065844,1,0.0290688186426821,-0.310798902645791,-0.834912274539814,15,"RPLP2;RPLP0;RPLP1;RPL4;RPSA;RPS27A;RPL10A;RPL12;EEF2;RPL22;EEF1G;RPS7;RPS10;RPL18","Reactome","Down"
"R-HSA-156902",0.758264462809917,1,0.0275182928235944,-0.30968064814264,-0.822686699402472,14,"RPLP2;RPLP0;RPLP1;RPL4;RPSA;RPS27A;RPL10A;RPL12;EEF2;RPL22;RPS7;RPS10;RPL18","Reactome","Down"
"R-HSA-157118",0.998001998001998,1,0.00204130030921835,-0.165402064675318,-0.512633309107558,44,"ST3GAL6;FCER2;B4GALT1","Reactome","Down"
"R-HSA-157858",0.935185185185185,1,0.0145143429459948,-0.23440759803266,-0.629699072862904,15,"CLTCL1;TUBB4B;AP2M1;DNM2;TUBB4A;TUBA8;SRC;TUBA1B;TUBB2A;TUBA4A;CLTC;TUBB6;ACTB","Reactome","Down"
"R-HSA-15869",0.596812180128834,1,0.143902565267782,0.249107780157031,0.974253492621552,13,"PNP;AK1;NME2;HPRT1;NT5E;NME1;CMPK1;PAICS;APRT;TXN;ATIC","Reactome","Up"
"R-HSA-1592389",0.616424116424116,1,0.0378487722705029,-0.352302719306308,-0.920280818024702,13,"COL18A1;MMP2;MMP3;KLKB1;MMP14;TIMP2;MMP9;MMP7;PLG;MMP25;PRSS1","Reactome","Down"
"R-HSA-162582",0.94005994005994,1,0.0115202567953401,-0.245106093125976,-0.852894971729215,311,"APOD;GAL;PDGFRB;COL6A1;GOLGA3;NCAM1;ST3GAL6;THBS4;IGF1;F11R;COL11A2;GPNMB;NRP1;COL6A3;PTPRZ1;PLXNB1;TAC3;FN1;PDGFC;THBS3;PLTP;STEAP3;FCER2;AKAP12;FGA;B4GALT1;LAMB2;NRP2;LTBP2;MAPK1;LMAN1;FGG;SPP1;RAB7A;APOE;PCDH7;CILP;PPP1CA;RALB;GCG;HNRNPC;LAMC1;GNG5;TGFB1;COL6A2;GNB2;RAP1A;MMP2;GNAI2;ARF6;CETP;ITGB1;LAMB1;ADH4;SLC1A5;PLIN3;SAA1;ADH1A;ITGB6;ITGB3;NOTUM;TXNL1;ANGPTL3;LAMA4;COL5A1;PTPRF;FGB;MUC20;RAC2;CDC42;ADH1C;RHOG;GHRL;ANGPT1;PSAP;FGFBP2;ITGA5;NTS;KRAS;ITGA2B;FGFR3;MMP3;HSPB1;FLOT1;C3;SNX3;GNA11;CDH1;TGFBR3;PTPRJ;FSTL1;PLIN1;PPM1A;ATP6AP1;SNAP23;APP;STOM;PSMD13;HSP90AB1;LYN;DSG2;ARPC5;PRICKLE1;VCP;PCSK6;GNA13;WASF2;RAP1B;TUBB4B;GNAS;ADAM10;ITGA2;RAC1;LAMA2;RPS27A;TFRC;DSG1;ADGRE5;CDH5;STMN1;DYNC1H1;FLT4;PPP2CA;PAK2;VWF;H3C12;AP2M1;YWHAB;HSPE1;P4HB;DIAPH1;ACTR3;SERPINE1;ITGAV;THBS2;YKT6;YWHAZ;MMP9;CXCL12;RASGRP2;APOC1;H4C16;NCKAP1L;RHOA;LTBP1;PRKAR1A;PSMD2;NRAS;DNM2;YES1;MAPRE1","Reactome","Down"
"R-HSA-162906",NA,NA,NA,0.348495964783566,NA,51,"AP2A2;PSMD1;PSMB5;RANBP1;PSMB2;PSMB6;PSMD14;PSMA6;PSMA4;PSMA5;SKP1;PSMC5;PSMB4;PSMA7;PSMA2;PSMB1;AP2B1;RANGAP1;PSMA3;PSMC6;PSMF1;PSMA1;SLC25A5;PSMC1;PSMC2;BANF1;PSME1;PSMD11;ARF1;KPNB1;PSMD5;PSMD7;PSMC3;PSME2;AP2A1;PPIA;PSMD12;B2M;PSMD3;PSMC4;PSMD2;RAN;AP2M1;CHMP6;PDCD6IP;PAK2;RPS27A;RAC1;HLA-A;PSMD13;VPS4B","Reactome",NA
"R-HSA-162909",NA,NA,NA,0.363836017569546,NA,48,"AP2A2;PSMD1;PSMB5;RANBP1;PSMB2;PSMB6;PSMD14;PSMA6;PSMA4;PSMA5;SKP1;PSMC5;PSMB4;PSMA7;PSMA2;PSMB1;AP2B1;RANGAP1;PSMA3;PSMC6;PSMF1;PSMA1;SLC25A5;PSMC1;PSMC2;BANF1;PSME1;PSMD11;ARF1;KPNB1;PSMD5;PSMD7;PSMC3;PSME2;AP2A1;PPIA;PSMD12;B2M;PSMD3;PSMC4;PSMD2;RAN;AP2M1;PAK2;RPS27A;RAC1;HLA-A;PSMD13","Reactome",NA
"R-HSA-1630316",9.10966883775027e-06,0.000414489932117637,0.593325476396405,-0.592372815762222,-1.81077300091345,38,"ACAN;HSPG2;OMD;DCN;GPC1;NCAN;FMOD;ST3GAL6;GPC4;CHST3;VCAN;AGRN;CSPG5;B4GALT1;CSPG4;HS6ST3;CD44;LUM;BGN;GPC6;B4GAT1;BCAN;PRELP;CHST12;IDS;CHST15","Reactome","Down"
"R-HSA-1632852",0.935779816513762,1,0.0137183520206939,-0.234143739879177,-0.671511978736861,23,"PLIN3;HSPA8;VCP;TUBB4B;RPS27A;DYNC1H1;CHMP6;GABARAPL2;TUBB4A;TUBA8;HSP90AA1;LAMTOR1;SRC;TUBA1B;TUBB2A;PARK7;TUBA4A;UBE2V1;TUBB6;UBE2N","Reactome","Down"
"R-HSA-163685",0.377166156982671,1,0.0596037042575973,-0.370922744162685,-1.06378699690934,23,"GCG;GNG5;MARCKS;GNB2;RAP1A;GNAI2;CD36","Reactome","Down"
"R-HSA-1638074",0.0123233850577534,0.136040438860079,0.380730400722792,-0.624396369535028,-1.60958611520526,12,"ACAN;OMD;FMOD;ST3GAL6;B4GALT1;LUM;B4GAT1;PRELP;ST3GAL1;B3GNT2","Reactome","Down"
"R-HSA-1638091",4.1648399535103e-05,0.00137818340279795,0.557332238758646,-0.673169696706313,-1.87854891350002,19,"HSPG2;DCN;GPC1;NCAN;GPC4;VCAN;AGRN;CSPG5;CSPG4;HS6ST3;BGN;GPC6;BCAN","Reactome","Down"
"R-HSA-163841",0.816115702479339,1,0.0235793094960052,-0.292784588070472,-0.777801221484991,14,"ASPH;GAS6;TPST2;SUMF2;PROS1;F7;F9;EIF5A;F10;EEF2;F8","Reactome","Down"
"R-HSA-1640170",NA,NA,NA,0.296797407125832,NA,78,"PSMD1;PSMB5;DCTN1;PSMB2;PSMB6;AKAP9;PSMD14;PSMA6;PSMA4;PSMA5;H2BC26;YWHAQ;SKP1;PSMC5;PSMB4;YWHAG;MLH3;PSMA7;PSMA2;RFC1;PSMB1;TUBB1;RAB2A;RANGAP1;PSMA3;PSMC6;PSMF1;PSMA1;IST1;HERC2;PSMC1;PSMC2;BANF1;UBE2N;PSME1;TUBB6;PSMD11;PPP2R1A;TUBA4A;KPNB1;PSMD5;TUBB2A;PSMD7;TUBA1B;PSMC3;PSME2;SPAST;PSMD12;SRC;YWHAH;PSMD3;HSP90AA1;RAB8A;LMNA;PPP6R3;TUBA8;PSMC4;TUBB4A;YWHAE;MAPRE1;PSMD2;H4C16;YWHAZ;RAN;YWHAB;H3C12;CHMP6;PPP2CA;TUBB;DYNC1H1;RPS27A;TUBB4B;RAB1B;LYN;HSP90AB1;PSMD13","Reactome",NA
"R-HSA-1643685",0.606393606393606,1,0.0367619553883609,-0.280607080724813,-0.974928511798279,302,"ACAN;HSPG2;OMD;DCN;PDGFRB;GPC1;NCAN;MAN1B1;FMOD;GPC4;CHST3;VCAN;AGRN;KIAA1549;NRP1;CSPG5;EDEM2;MGAT1;FN1;RPLP2;GP1BA;SLC3A2;PRKCSH;FGA;B4GALT1;CSPG4;GALNT1;MAN2A1;ENO1;ADAMTS13;SPON2;THSD1;CALR;MAPK1;ADAMTSL4;FGG;RAB7A;LUM;BGN;GPC6;ITGA4;MSN;B4GAT1;ATP1A1;GNG5;BCAN;MASP2;TGFB1;CANX;GNB2;CAPNS1;RAP1A;MASP1;DNAJC3;RPLP0;RAB5A;MUC5B;GNAI2;ITGB1;CD9;CD36;PRELP;ITGB3;RPLP1;ST6GAL1;MGAT4B;IDS;MUC1;TPST2;FGB;MUC20;RAC2;SERPING1;CDC42;GP9;BST2;RHOG;PPIB;ANTXR1;DAG1;RPL4;SDC4;HLA-B;ST3GAL1;ABCB4;ENTPD5;KRAS;CAPNS2;ITGA2B;FGFR3;GANAB;IDH1;MGAT5;C3;CAPN2;RPSA;CDH1;ALDOB;KLKB1;VPS4B;LTF;BSG;ADAMTSL2;APP;PSMD13;HLA-A;HLA-C;CD14;HSP90AB1;LYN;ARPC5;VCP;WASF2;RAP1B;TUBB4B;SAR1B;GNAS;ADAM10;MGAT2;RAC1;GP1BB;RPS27A;DYNC1H1;TUBB;PPP2CA;PAK2;FCGR3A;PDCD6IP;GP5;VWF;CHMP6;H3C12;CAPN1;AP2M1","Reactome","Down"
"R-HSA-1650814",0.00359693566278057,0.0623468848215298,0.431707695803346,-0.608343357687131,-1.65228886214416,16,"COL6A1;COL11A2;COL12A1;COL6A3;COL15A1;COL14A1;BMP1;COL18A1;TLL1;COL6A2","Reactome","Down"
"R-HSA-166016",0.246700507614213,0.76751269035533,0.0806388495950661,-0.398257269847581,-1.14810441825255,24,"FGA;MAPK1;FGG;LBP;CD36;SAA1;FGB;ITGB2;APP;CD14;RPS27A;PPP2CA;ITGAM","Reactome","Down"
"R-HSA-166058",0.134969325153374,0.534009069085089,0.117249716749792,-0.450778162144119,-1.25794258248498,19,"FGA;MAPK1;FGG;CD36;SAA1;FGB;APP;CD14;RPS27A;PPP2CA","Reactome","Down"
"R-HSA-166166",0.551975051975052,1,0.0429311093452583,-0.366627620722235,-0.957700148818204,13,"MAPK1;SAA1;APP;CD14;RPS27A;PPP2CA","Reactome","Down"
"R-HSA-166520",0.87005076142132,1,0.0187018035626708,-0.259978065349124,-0.733572063817029,20,"MAPK1;RALB;RAP1A;KRAS;PCSK6;RAC1;PPP2CA;AP2M1;YWHAB;RHOA;NRAS;DNM2","Reactome","Down"
"R-HSA-166658",0.453546453546454,1,0.0500922874402106,-0.330402551319344,-1.02697163451014,46,"VTN;CD59;CD81;MASP2;MASP1;COLEC10;COLEC11;CR1;CLU;SERPING1;C1S;C1R;C8G;C3;C9;PROS1;CFD;C4B_2;C4BPA;C8B;C4A;C4BPB;FCN1;FCN2;C8A;CFHR5","Reactome","Down"
"R-HSA-166663",0.208588957055215,0.696572296955029,0.0902635484340068,-0.429695225238437,-1.19910848996516,19,"MASP2;MASP1;COLEC10;COLEC11;C1S;C1R;C3;CFD;C4B_2;C4A;FCN1;FCN2","Reactome","Down"
"R-HSA-166786",0.128898128898129,0.533169533169533,0.121543282035469,-0.49105732816809,-1.28273389587619,13,"MASP2;MASP1;COLEC10;COLEC11;C1S;C1R","Reactome","Down"
"R-HSA-168138",0.551975051975052,1,0.0429311093452583,-0.366627620722235,-0.957700148818204,13,"MAPK1;SAA1;APP;CD14;RPS27A;PPP2CA","Reactome","Down"
"R-HSA-168142",0.669464847848898,1,0.0344174840212229,-0.337749584730763,-0.870660158392353,12,"MAPK1;SAA1;APP;RPS27A;PPP2CA","Reactome","Down"
"R-HSA-168164",0.669464847848898,1,0.0344174840212229,-0.337749584730763,-0.870660158392353,12,"MAPK1;SAA1;APP;RPS27A;PPP2CA","Reactome","Down"
"R-HSA-168176",0.669464847848898,1,0.0344174840212229,-0.337749584730763,-0.870660158392353,12,"MAPK1;SAA1;APP;RPS27A;PPP2CA","Reactome","Down"
"R-HSA-168179",0.134969325153374,0.534009069085089,0.117249716749792,-0.450778162144119,-1.25794258248498,19,"FGA;MAPK1;FGG;CD36;SAA1;FGB;APP;CD14;RPS27A;PPP2CA","Reactome","Down"
"R-HSA-168181",0.551975051975052,1,0.0429311093452583,-0.366627620722235,-0.957700148818204,13,"MAPK1;SAA1;APP;CD14;RPS27A;PPP2CA","Reactome","Down"
"R-HSA-168188",0.134969325153374,0.534009069085089,0.117249716749792,-0.450778162144119,-1.25794258248498,19,"FGA;MAPK1;FGG;CD36;SAA1;FGB;APP;CD14;RPS27A;PPP2CA","Reactome","Down"
"R-HSA-168249",0.997002997002997,1,0.00250132493941571,-0.213335080862096,-0.742572190888125,314,"TSPAN14;ITLN1;SERPINA3;ATP6AP2;CD58;VTN;PTX3;FCER1G;PRKCSH;FGA;B4GALT1;CD44;CD59;MAPK1;FGG;RAB7A;RAB5C;CRISPLD2;PTPRC;ICAM3;CD81;PRSS3;ACTR1B;MASP2;RAP1A;MASP1;DNAJC3;ANXA2;MUC5B;LBP;CD47;CD36;SAA1;RAB14;BPIFB1;COLEC10;HRNR;HSP90B1;COLEC11;PGLYRP2;HSPA8;CR1;MUC1;CTSS;QSOX1;CTSB;ITGAL;CLU;FGB;MUC20;RAC2;SERPING1;CDC42;ITGB2;BST2;C1S;RHOG;C1R;C8G;HLA-B;PSAP;CALML5;KRAS;FLG2;IDH1;PTPRB;C3;PTPRJ;SERPINB1;CTSC;LTF;AHSG;SNAP23;APP;STOM;PSMD13;RAB5B;HLA-C;CD14;HSP90AB1;LYN;C9;ARPC5;CAMP;MVP;VCP;PROS1;PECAM1;WASF2;RAP1B;TUBB4B;ERP44;DCD;ADAM10;S100A7A;SERPINB12;DSC1;RAC1;PRG2;SERPINB3;TIMP2;RAP2B;RPS27A;PRKDC;CHGA;DSG1;ADGRE5;DYNC1H1;TUBB;PPP2CA;PAK2;FCGR3A;CAPN1;CFD;C4B_2;S100A7;SERPINA1;C4BPA;CTSA;C8B;ITGAM;LTA4H;DIAPH1;ANPEP;ACTR3;ITGAV;TTR;CAPZA1;MMP9;RASGRP2;TXNDC5;S100A11;NCKAP1L;C4A;RHOA;ARG1;PSMD2;SDCBP;NRAS;DNM2;C4BPB;FCN1;YES1;SELL;FCN2","Reactome","Down"
"R-HSA-168255",0.704081632653061,1,0.0306322550486472,-0.310229812164928,-0.883149917940876,22,"RPLP2;CALR;TGFB1;CANX;DNAJC3;RPLP0;RPLP1;RPL4;RPSA","Reactome","Down"
"R-HSA-168256",0.997002997002997,1,0.00250132493941571,-0.211185815234489,-0.740036780212727,400,"TSPAN14;NCAM1;ITLN1;CSF1;SERPINA3;ATP6AP2;CD58;CD34;VTN;VCAM1;PTX3;PTPRZ1;FN1;FCER2;FCER1G;PRKCSH;FGA;B4GALT1;CD44;CD59;CALR;MAPK1;FGG;RAB7A;CD99;RAB5C;CRISPLD2;PTPRC;ICAM3;CD81;ITGA4;PRSS3;MSN;ACTR1B;MASP2;TGFB1;CANX;RAP1A;MASP1;DNAJC3;RPLP0;ANXA2;MUC5B;LBP;MMP2;HSPA5;CD47;ITGB1;CD36;SAA1;RAB14;BPIFB1;CD74;COLEC10;HRNR;FSCN1;HSP90B1;COLEC11;PGLYRP2;HSPA8;CR1;MUC1;CTSS;QSOX1;CTSB;ITGAL;CLU;FGB;MUC20;RAC2;SERPING1;CDC42;ITGB2;BST2;C1S;RHOG;C1R;C8G;HLA-B;PSAP;CALML5;KRAS;MMP3;FLG2;IDH1;PTPRB;C3;CDH1;PTPRJ;SERPINB1;LNPEP;CSF1R;CTSC;LTF;AHSG;SNAP23;APP;STOM;PSMD13;RAB5B;HLA-A;HLA-C;ICAM1;CD14;HSP90AB1;LYN;C9;ARPC5;CAMP;IL7R;MVP;VCP;PROS1;PECAM1;WASF2;RAP1B;TUBB4B;SAR1B;ERP44;DCD;ADAM10;S100A7A;SERPINB12;DSC1;RAC1;PRG2;SERPINB3;TPP2;TIMP2;RAP2B;RPS27A;PRKDC;CHGA;DSG1;ADGRE5;DYNC1H1;TUBB;PPP2CA;PAK2;FCGR3A;H3C12;CAPN1;CFD;AP2M1;C4B_2;S100A7;SERPINA1;TCP1;CTSF;YWHAB;PDIA3;C4BPA;CTSA;P4HB;C8B;ITGAM;LTA4H;DIAPH1;ANPEP;MADCAM1;ACTR3;ITGAV;YWHAZ;TTR;CAPZA1;MMP9;HSPA9;RASGRP2;TXNDC5;FYB1;S100A11;NCKAP1L;C4A;RHOA;ARG1;PSMD2;SDCBP;NRAS;DNM2;C4BPB;FCN1;YES1;SELL;FCN2","Reactome","Down"
"R-HSA-168273",0.843782117163412,1,0.0213630317196063,-0.280274245221015,-0.761237889545121,16,"RPLP2;DNAJC3;RPLP0;RPLP1;RPL4;RPSA;RPS27A;RPL10A;RPL12;HSP90AA1;RPL22;RPS7;RPS10;RPL18","Reactome","Down"
"R-HSA-168898",0.28169014084507,0.833619603801672,0.0732558655828455,-0.378031842019329,-1.12065437269051,29,"FGA;MAPK1;FGG;LBP;CD36;SAA1;HSP90B1;CTSS;CTSB;FGB;ITGB2;APP;CD14;RPS27A;PPP2CA;ITGAM","Reactome","Down"
"R-HSA-169911",NA,NA,NA,0.359623733719247,NA,32,"PSMD1;PSMB5;PSMB2;PSMB6;PSMD14;PSMA6;PSMA4;PSMA5;PSMC5;PSMB4;PSMA7;PSMA2;PSMB1;PSMA3;PSMC6;PSMF1;PSMA1;PSMC1;PSMC2;PSME1;PSMD11;PSMD5;PSMD7;PSMC3;PSME2;PSMD12;PSMD3;PSMC4;PSMD2;PAK2;RPS27A;PSMD13","Reactome",NA
"R-HSA-170834",0.204498977505112,0.689237294554268,0.0913924325943768,-0.430521147140858,-1.20141330953743,19,"F11R;LTBP2;MAPK1;PPP1CA;TGFB1;ITGB1;ITGB6;ITGB3;TGFBR3;PPM1A;RPS27A;SERPINE1;ITGAV;RHOA;LTBP1","Reactome","Down"
"R-HSA-174084",NA,NA,NA,0.359363702096891,NA,31,"PSMD1;PSMB5;PSMB2;PSMB6;PSMD14;PSMA6;PSMA4;PSMA5;PSMC5;PSMB4;PSMA7;PSMA2;PSMB1;PSMA3;PSMC6;PSMF1;PSMA1;PSMC1;PSMC2;PSME1;PSMD11;PSMD5;PSMD7;PSMC3;PSME2;PSMD12;PSMD3;PSMC4;PSMD2","Reactome",NA
"R-HSA-174113",NA,NA,NA,0.359623733719247,NA,32,"PSMD1;PSMB5;PSMB2;PSMB6;PSMD14;PSMA6;PSMA4;PSMA5;SKP1;PSMC5;PSMB4;PSMA7;PSMA2;PSMB1;PSMA3;PSMC6;PSMF1;PSMA1;PSMC1;PSMC2;PSME1;PSMD11;PSMD5;PSMD7;PSMC3;PSME2;PSMD12;PSMD3;PSMC4;PSMD2","Reactome",NA
"R-HSA-174143",NA,NA,NA,0.359623733719247,NA,32,"PSMD1;PSMB5;PSMB2;PSMB6;PSMD14;PSMA6;PSMA4;PSMA5;SKP1;PSMC5;PSMB4;PSMA7;PSMA2;PSMB1;PSMA3;PSMC6;PSMF1;PSMA1;PSMC1;PSMC2;PSME1;PSMD11;PSMD5;PSMD7;PSMC3;PSME2;PSMD12;PSMD3;PSMC4;PSMD2","Reactome",NA
"R-HSA-174154",NA,NA,NA,0.359363702096891,NA,31,"PSMD1;PSMB5;PSMB2;PSMB6;PSMD14;PSMA6;PSMA4;PSMA5;PSMC5;PSMB4;PSMA7;PSMA2;PSMB1;PSMA3;PSMC6;PSMF1;PSMA1;PSMC1;PSMC2;PSME1;PSMD11;PSMD5;PSMD7;PSMC3;PSME2;PSMD12;PSMD3;PSMC4;PSMD2","Reactome",NA
"R-HSA-174178",NA,NA,NA,0.359363702096891,NA,31,"PSMD1;PSMB5;PSMB2;PSMB6;PSMD14;PSMA6;PSMA4;PSMA5;PSMC5;PSMB4;PSMA7;PSMA2;PSMB1;PSMA3;PSMC6;PSMF1;PSMA1;PSMC1;PSMC2;PSME1;PSMD11;PSMD5;PSMD7;PSMC3;PSME2;PSMD12;PSMD3;PSMC4;PSMD2","Reactome",NA
"R-HSA-174184",NA,NA,NA,0.359363702096891,NA,31,"PSMD1;PSMB5;PSMB2;PSMB6;PSMD14;PSMA6;PSMA4;PSMA5;PSMC5;PSMB4;PSMA7;PSMA2;PSMB1;PSMA3;PSMC6;PSMF1;PSMA1;PSMC1;PSMC2;PSME1;PSMD11;PSMD5;PSMD7;PSMC3;PSME2;PSMD12;PSMD3;PSMC4;PSMD2","Reactome",NA
"R-HSA-174824",0.466,1,0.0488970772260102,-0.330811380777149,-1.01445522814721,39,"APOBR;LIPG;APOA5;PLTP;BMP1;APOE;ANGPTL4;LPL;LCAT;CETP;LIPC;ANGPTL3;MTTP","Reactome","Down"
"R-HSA-176408",NA,NA,NA,0.359623733719247,NA,32,"PSMD1;PSMB5;PSMB2;PSMB6;PSMD14;PSMA6;PSMA4;PSMA5;SKP1;PSMC5;PSMB4;PSMA7;PSMA2;PSMB1;PSMA3;PSMC6;PSMF1;PSMA1;PSMC1;PSMC2;PSME1;PSMD11;PSMD5;PSMD7;PSMC3;PSME2;PSMD12;PSMD3;PSMC4;PSMD2","Reactome",NA
"R-HSA-176409",NA,NA,NA,0.359363702096891,NA,31,"PSMD1;PSMB5;PSMB2;PSMB6;PSMD14;PSMA6;PSMA4;PSMA5;PSMC5;PSMB4;PSMA7;PSMA2;PSMB1;PSMA3;PSMC6;PSMF1;PSMA1;PSMC1;PSMC2;PSME1;PSMD11;PSMD5;PSMD7;PSMC3;PSME2;PSMD12;PSMD3;PSMC4;PSMD2","Reactome",NA
"R-HSA-176814",NA,NA,NA,0.359363702096891,NA,31,"PSMD1;PSMB5;PSMB2;PSMB6;PSMD14;PSMA6;PSMA4;PSMA5;PSMC5;PSMB4;PSMA7;PSMA2;PSMB1;PSMA3;PSMC6;PSMF1;PSMA1;PSMC1;PSMC2;PSME1;PSMD11;PSMD5;PSMD7;PSMC3;PSME2;PSMD12;PSMD3;PSMC4;PSMD2","Reactome",NA
"R-HSA-1793185",0.000165415022170506,0.00463162062077416,0.518848077743792,-0.64012095002299,-1.81292529199518,21,"HSPG2;DCN;GPC1;NCAN;GPC4;CHST3;VCAN;AGRN;CSPG5;CSPG4;BGN;GPC6;BCAN;CHST12;IDS;CHST15","Reactome","Down"
"R-HSA-179419",NA,NA,NA,0.359363702096891,NA,31,"PSMD1;PSMB5;PSMB2;PSMB6;PSMD14;PSMA6;PSMA4;PSMA5;PSMC5;PSMB4;PSMA7;PSMA2;PSMB1;PSMA3;PSMC6;PSMF1;PSMA1;PSMC1;PSMC2;PSME1;PSMD11;PSMD5;PSMD7;PSMC3;PSME2;PSMD12;PSMD3;PSMC4;PSMD2","Reactome",NA
"R-HSA-1799339",0.778586278586279,1,0.0264649017470855,-0.308382805480284,-0.805553760842253,13,"RPLP2;RPLP0;RPLP1;RPL4;RPSA;RPS27A;RPL10A;RPL12;RPL22;RPS7;RPS10;RPL18","Reactome","Down"
"R-HSA-180534",NA,NA,NA,0.359623733719247,NA,32,"PSMD1;PSMB5;PSMB2;PSMB6;PSMD14;PSMA6;PSMA4;PSMA5;SKP1;PSMC5;PSMB4;PSMA7;PSMA2;PSMB1;PSMA3;PSMC6;PSMF1;PSMA1;PSMC1;PSMC2;PSME1;PSMD11;PSMD5;PSMD7;PSMC3;PSME2;PSMD12;PSMD3;PSMC4;PSMD2","Reactome",NA
"R-HSA-180585",NA,NA,NA,0.359363702096891,NA,31,"PSMD1;PSMB5;PSMB2;PSMB6;PSMD14;PSMA6;PSMA4;PSMA5;PSMC5;PSMB4;PSMA7;PSMA2;PSMB1;PSMA3;PSMC6;PSMF1;PSMA1;PSMC1;PSMC2;PSME1;PSMD11;PSMD5;PSMD7;PSMC3;PSME2;PSMD12;PSMD3;PSMC4;PSMD2","Reactome",NA
"R-HSA-181438",0.134969325153374,0.534009069085089,0.117249716749792,-0.450778162144119,-1.25794258248498,19,"FGA;MAPK1;FGG;CD36;SAA1;FGB;APP;CD14;RPS27A;PPP2CA","Reactome","Down"
"R-HSA-1852241",NA,NA,NA,0.296651389413296,NA,31,"DCTN1;AKAP9;CCT4;YWHAG;TUBB1;EXOC8;TUBB6;PPP2R1A;CCT3;TUBA4A;TUBB2A;TUBA1B;CCT8;HSP90AA1;RAB8A;CCT5;CCT2;TUBA8;ATP5F1A;TUBB4A;YWHAE;ARF4;MAPRE1;HSPA9;ATP5F1B;TCP1;TUBB;DYNC1H1;TUBB4B;IDH2","Reactome",NA
"R-HSA-186797",0.0337423312883436,0.238626127064144,0.248911114434702,-0.529945964325641,-1.45702072434361,17,"PDGFRB;COL6A1;THBS4;COL6A3;PDGFC;THBS3;SPP1;COL6A2","Reactome","Down"
"R-HSA-187037",0.935779816513762,1,0.0137183520206939,-0.227234667552774,-0.630555619229415,18,"MAPK1;RALB;RAP1A;KRAS;PPP2CA;AP2M1;YWHAB;RHOA;NRAS;DNM2","Reactome","Down"
"R-HSA-187577",NA,NA,NA,0.359623733719247,NA,32,"PSMD1;PSMB5;PSMB2;PSMB6;PSMD14;PSMA6;PSMA4;PSMA5;SKP1;PSMC5;PSMB4;PSMA7;PSMA2;PSMB1;PSMA3;PSMC6;PSMF1;PSMA1;PSMC1;PSMC2;PSME1;PSMD11;PSMD5;PSMD7;PSMC3;PSME2;PSMD12;PSMD3;PSMC4;PSMD2","Reactome",NA
"R-HSA-190236",0.683991683991684,1,0.0329431471724691,-0.332917981333319,-0.869644244585524,13,"MAPK1;FGFBP2;KRAS;FGFR3;TGFBR3;RPS27A;PPP2CA;NRAS;FGFR1","Reactome","Down"
"R-HSA-190828",0.93801652892562,1,0.0146010500585968,-0.231847354854078,-0.615917514620548,14,"CLTCL1;TUBB4B;AP2M1;DNM2;TUBB4A;TUBA8;TUBA1B;TUBB2A;TUBA4A;CLTC;TUBB6;ACTB","Reactome","Down"
"R-HSA-192823",0.708677685950413,1,0.030918431706181,-0.321720336176431,-0.854670910459124,14,"RPLP2;DNAJC3;RPLP0;RPLP1;RPL4;RPSA","Reactome","Down"
"R-HSA-194138",0.553061224489796,1,0.0419926218968594,-0.340032853092265,-0.967992032132576,22,"NRP1;NRP2;ITGB3;CDC42;KRAS;HSPB1;WASF2;RAC1;CDH5;FLT4;PAK2;ITGAV;NCKAP1L;RHOA;NRAS","Reactome","Down"
"R-HSA-194315",0.994005994005994,1,0.00354273909070668,-0.204257518575076,-0.678372196940205,107,"GOLGA3;PLXNB1;STEAP3;AKAP12;MAPK1;LMAN1;RAB7A;PCDH7;HNRNPC;ITGB1;SLC1A5;TXNL1;RAC2;CDC42;RHOG;FLOT1;CDH1;ATP6AP1;SNAP23;STOM;HSP90AB1;DSG2;ARPC5;VCP;GNA13;WASF2;TUBB4B;RAC1;TFRC;DSG1;DYNC1H1;PPP2CA;PAK2;H3C12;YWHAB;HSPE1;DIAPH1;ACTR3;YKT6;YWHAZ;H4C16;NCKAP1L;RHOA;MAPRE1;YWHAE;TUBB4A;DBN1;TUBA8;CCT2;JUP;DSP;HSP90AA1;ARPC3;YWHAH;ARPC1B;MYL9;LAMTOR1;CYFIP1;CAPZB;ACTN1;ARHGDIB;SRC;IQGAP1;ARPC4;FLOT2;PFN1;TUBA1B;ACTR2;CFL1;CDC37","Reactome","Down"
"R-HSA-195253",NA,NA,NA,0.360144927536232,NA,34,"PSMD1;PSMB5;PSMB2;PSMB6;PSMD14;PSMA6;PSMA4;PSMA5;SKP1;PSMC5;PSMB4;PSMA7;PSMA2;PSMB1;PSMA3;PSMC6;PSMF1;PSMA1;PSMC1;PSMC2;PSME1;PSMD11;PPP2R1A;PSMD5;PSMD7;PSMC3;PSME2;PSMD12;PSMD3;PSMC4;PSMD2;PPP2CA;RPS27A;PSMD13","Reactome",NA
"R-HSA-195258",NA,NA,NA,0.191545206385867,NA,60,"CYBB;S100A9;PIN1;S100A8;H2BC26;YWHAQ;YWHAG;MYL6;MYH11;ARPC2;TUBB1;RANGAP1;FLNA;IQGAP2;FMNL1;CTTN;GRB2;ACTB;TUBB6;PPP2R1A;MYH9;TUBA4A;TUBB2A;CFL1;ACTR2;TUBA1B;PFN1;ARPC4;IQGAP1;SRC;CYFIP1;MYL9;ARPC1B;YWHAH;ARPC3;TUBA8;TUBB4A;YWHAE;MAPRE1;RHOA;NCKAP1L;H4C16;YWHAZ;ACTR3;DIAPH1;YWHAB;H3C12;PAK2;PPP2CA;DYNC1H1;RAC1;TUBB4B;WASF2;ARPC5;CDH1;RHOG;CDC42;RAC2","Reactome",NA
"R-HSA-195721",NA,NA,NA,0.175635419561194,NA,56,"AP2A2;WNT8B;PSMD1;PSMB5;PSMB2;PSMB6;PSMD14;PSMA6;TNKS2;PSMA4;PSMA5;H2BC26;SKP1;PSMC5;PSMB4;PSMA7;PSMA2;PSMB1;AP2B1;PSMA3;ROR1;PSMC6;PSMF1;PSMA1;PSMC1;PSMC2;PSME1;PSMD11;PPP2R1A;CLTC;PSMD5;GNG2;PSMD7;PSMC3;PSME2;PFN1;AP2A1;PSMD12;PSMD3;PSMC4;PSMD2;RHOA;H4C16;YWHAZ;AP2M1;H3C12;PPP2CA;RPS27A;RAC1;PRICKLE1;PSMD13;SNX3;KRAS","Reactome",NA
"R-HSA-196849",0.794117647058823,1,0.276500599254472,0.207393677815745,0.833265368736117,14,"FASN;ENPP2;BTD;GSTO1;NT5E;TCN2;CYB5R3;MTHFD1;PRSS1;VNN2;ACP5;SLC2A1","Reactome","Up"
"R-HSA-196854",0.552657973921765,1,0.0412376090540065,-0.323705840787818,-0.981314088884836,35,"HSPG2;GPC1;GPC4;AGRN;APOE;GPC6;PRSS3;LPL","Reactome","Down"
"R-HSA-1971475",2.22647730255133e-05,0.000900486375698538,0.575610261071129,-0.724311310562553,-1.96726321746582,16,"HSPG2;DCN;GPC1;NCAN;GPC4;VCAN;AGRN;CSPG5;CSPG4;BGN;GPC6;BCAN","Reactome","Down"
"R-HSA-198933",0.0653061224489796,0.354797441364606,0.175204047558551,-0.472414137752484,-1.34484981981168,22,"CD34;VCAM1;CD99;ICAM3;CD81;ITGA4;ITGB1;ITGAL;ITGB2;HLA-B;C3;CDH1;HLA-A;HLA-C;ICAM1","Reactome","Down"
"R-HSA-199418",0.661157024793388,1,0.0342688261591917,-0.333845889729238,-0.88688322882844,14,"PDGFRB;MAPK1;RAC2;RHOG;FGFR3;RAC1;PPP2CA","Reactome","Down"
"R-HSA-199977",0.902,1,0.0151147394041638,-0.243581026116542,-0.74278024926525,37,"MIA3;CD59;LMAN1;F5;RAB1A;LMAN2;NAPA;CTSC;RAB1B;TUBB4B;MIA2;SAR1B;DYNC1H1;SERPINA1;YKT6;CAPZA1;ARF4;TUBB4A;TUBA8;PPP6R3;CAPZB;F8;PPP6R1;COPA;TUBA1B;TUBB2A;SPTA1;TUBA4A;ARF1;CAPZA2;TUBB6;ANK1","Reactome","Down"
"R-HSA-199991",0.959040959040959,1,0.00942834302346016,-0.229938202251905,-0.764917450426651,111,"MIA3;MAN2A2;GALNT1;MAN2A1;CD59;CLTCL1;LMAN1;RAB7A;RAB5C;GOLIM4;F5;CYTH1;RAB5A;RAB1A;GALNT2;ARF6;LMAN2;PLIN3;RAB14;NAPA;HSPA8;RAB8B;MAN1A1;LRP2;LNPEP;CTSC;VPS4B;ASPSCR1;SNAP23;APP;RAB5B;RAB1B;ARPC5;IL7R;TUBB4B;MIA2;SAR1B;STXBP3;RAC1;RPS27A;TFRC;DYNC1H1;RAB11B;CHMP6;AP2M1;SERPINA1;YWHAB;ACTR3;YKT6;YWHAZ;CAPZA1;TXNDC5;RAB21;DNM2;GABARAPL2;RAB10;ARF4;YWHAE;TUBB4A","Reactome","Down"
"R-HSA-199992",0.626326963906582,1,0.0380842053196415,-0.35726108054808,-0.901757641451581,11,"RAB5C;NAPA;HSPA8;SNAP23;APP;TFRC;TXNDC5;DNM2","Reactome","Down"
"R-HSA-201681",NA,NA,NA,0.361454545454545,NA,39,"WNT8B;PSMD1;PSMB5;PSMB2;PSMB6;PSMD14;PSMA6;TNKS2;PSMA4;PSMA5;H2BC26;PSMC5;PSMB4;PSMA7;PSMA2;PSMB1;PSMA3;PSMC6;PSMF1;PSMA1;PSMC1;PSMC2;PSME1;PSMD11;PPP2R1A;PSMD5;PSMD7;PSMC3;PSME2;PSMD12;PSMD3;PSMC4;PSMD2;H4C16;YWHAZ;H3C12;PPP2CA;RPS27A","Reactome",NA
"R-HSA-2022090",0.0277679848980196,0.224612144508425,0.352487857583619,-0.503608606596014,-1.43365299577701,22,"COL6A1;COL11A2;COL12A1;COL6A3;COL15A1;COL14A1;BMP1;COL18A1;TLL1;COL6A2;CTSS;CTSB;COL5A1;MMP3;ITGA6;LOX","Reactome","Down"
"R-HSA-2022854",0.0123233850577534,0.136040438860079,0.380730400722792,-0.624396369535028,-1.60958611520526,12,"ACAN;OMD;FMOD;ST3GAL6;B4GALT1;LUM;B4GAT1;PRELP;ST3GAL1;B3GNT2","Reactome","Down"
"R-HSA-2022870",0.000661157486471682,0.0160440883383795,0.477270815362862,-0.757122507122507,-1.87680195346792,10,"DCN;NCAN;CHST3;VCAN;CSPG5;CSPG4;BGN;BCAN;CHST12;CHST15","Reactome","Down"
"R-HSA-202403",NA,NA,NA,0.247087310830231,NA,39,"PSMD1;PSMB5;PSMB2;PSMB6;PSMD14;PSMA6;PSMA4;PSMA5;SKP1;PSMC5;PSMB4;PSMA7;PSMA2;PSMB1;VASP;PSMA3;PSMC6;PSMF1;PSMA1;PSMC1;PSMC2;UBE2N;PSME1;UBE2V1;PSMD11;PSMD5;PSMD7;PSMC3;PSME2;PSMD12;PSMD3;PSMC4;PSMD2;FYB1;PAK2;RPS27A;PSMD13;PTPRJ","Reactome",NA
"R-HSA-202424",NA,NA,NA,0.360144927536232,NA,34,"PSMD1;PSMB5;PSMB2;PSMB6;PSMD14;PSMA6;PSMA4;PSMA5;SKP1;PSMC5;PSMB4;PSMA7;PSMA2;PSMB1;PSMA3;PSMC6;PSMF1;PSMA1;PSMC1;PSMC2;UBE2N;PSME1;UBE2V1;PSMD11;PSMD5;PSMD7;PSMC3;PSME2;PSMD12;PSMD3;PSMC4;PSMD2","Reactome",NA
"R-HSA-202733",0.00539123635998424,0.0892004561379211,0.407017918923954,-0.457017127431515,-1.43147630100335,52,"GPC1;F11R;CD58;FN1;SLC3A2;FCER1G;SELPLG;JCHAIN;CD44;SPN;CD99;CD48;ITGA4;TGFB1;CD47;ITGB1;FCAMR;CD74;ITGB3;GAS6;ITGAL;ITGB2;GP6;SDC4;ANGPT1;ITGA5;KRAS;SELP;BSG;ESAM;ITGA6;LYN;PROS1;PECAM1","Reactome","Down"
"R-HSA-2029480",0.890927624872579,1,0.0173914717556673,-0.254398210451143,-0.72960073916696,23,"MAPK1;CDC42;HSP90AB1;LYN;ARPC5;WASF2;RAC1;FCGR3A;ACTR3;NCKAP1L;YES1;HSP90AA1;ARPC3;ARPC1B;CYFIP1;SRC;ARPC4;ACTR2;CFL1;MYH9;ACTB;GRB2","Reactome","Down"
"R-HSA-2029482",0.895431472081218,1,0.0167582341026205,-0.251165485596035,-0.708705880170559,20,"MAPK1;CDC42;HSP90AB1;ARPC5;WASF2;RAC1;FCGR3A;ACTR3;NCKAP1L;HSP90AA1;ARPC3;ARPC1B;CYFIP1;ARPC4;ACTR2;CFL1;MYH9;ACTB;GRB2","Reactome","Down"
"R-HSA-204005",0.320987654320988,0.909281374397654,0.0678338263479455,-0.41413385758403,-1.11250534688499,15,"CD59;LMAN1;F5;RAB1A;LMAN2;NAPA;CTSC;RAB1B;SAR1B;SERPINA1;YKT6","Reactome","Down"
"R-HSA-211733",NA,NA,NA,0.359623733719247,NA,32,"PSMD1;PSMB5;PSMB2;PSMB6;PSMD14;PSMA6;PSMA4;PSMA5;PSMC5;PSMB4;PSMA7;PSMA2;PSMB1;PSMA3;PSMC6;PSMF1;PSMA1;PSMC1;PSMC2;PSME1;PSMD11;PSMD5;PSMD7;PSMC3;PSME2;PSMD12;PSMD3;PSMC4;PSMD2;PAK2;RPS27A;PSMD13","Reactome",NA
"R-HSA-211859",0.969574036511156,1,0.00989821417740655,-0.206223538775153,-0.598629494047937,25,"PODXL2;ADH4;ADH1A;TPST2;ADH1B;ADH1C;HSP90AB1;UGP2;SULT1C4;CES1;DPEP2","Reactome","Down"
"R-HSA-211945",0.591880341880342,1,0.0409883873374721,-0.377416296263858,-0.935562785989168,10,"ADH4;ADH1A;ADH1B;ADH1C;HSP90AB1","Reactome","Down"
"R-HSA-212436",0.999000999000999,1,0.0014426950408889,-0.154220157907572,-0.50211896926932,84,"RABGGTA;GP1BA;STEAP3;MAPK1;SPP1;APOE;ITGA4;IGFBP1;TGFB1;CR1;ITGAL;ZFHX3;ITGA5;KRAS;ITGA2B;CSF1R;PPM1A;PSMD13;RPS27A;PPP2CA;H3C12;YWHAB;SERPINE1;CCN2;YWHAZ;H4C16;PSMD2;YES1;YWHAE;PF4;HSPD1;PSMC4;TXN;PSMD3;YWHAH;MYL9;LAMTOR1;CTSL;PRDX5;SRC;PSMD12","Reactome","Down"
"R-HSA-2129379",0.00356760285411365,0.0623468848215298,0.431707695803346,-0.594518504045874,-1.64973499642139,18,"VTN;FN1;FBLN2;LTBP2;EMILIN2;EFEMP2;EMILIN1;EMILIN3;TGFB1;ITGB1;ITGB6;ITGB3","Reactome","Down"
"R-HSA-2132295",0.984954864593781,1,0.00634596373149448,-0.184257233011656,-0.555894206197049,34,"RAB7A;ACTR1B;CANX;CD74;CTSS;CTSB;CTSC;TUBB4B;SAR1B;DYNC1H1;AP2M1;CTSF;CTSA;CAPZA1;DNM2;TUBB4A;CTSD;TUBA8;CTSL;CAPZB;AP2A1;TUBA1B;TUBB2A;TUBA4A;ARF1;CLTC","Reactome","Down"
"R-HSA-216083",0.000284809368655593,0.00740504358504543,0.49849310876659,-0.523829011022688,-1.62818820104645,46,"HSPG2;COL6A1;F11R;AGRN;COL6A3;VTN;VCAM1;FN1;FGA;COMP;CD44;FGG;SPP1;COL18A1;LUM;ICAM3;ITGA4;COL6A2;CD47;ITGB1;TNC;ITGB6;ITGB3;COL5A1;ITGAL;FGB;ITGB2;ITGA5;ITGA2B;CDH1;ITGA1;BSG;ITGA6;ICAM1","Reactome","Down"
"R-HSA-2168880",0.888535031847134,1,0.0201955124804332,-0.276291466962835,-0.697383384776705,11,"JCHAIN;AMBP","Reactome","Down"
"R-HSA-2173782",0.0852791878172589,0.386411889596603,0.151148761385484,-0.451738988837905,-1.30228264051584,24,"HYOU1;JCHAIN;CALR;SSC5D;APOE;AMBP;MASP1;CD36;SAA1;HSP90B1;COLEC11","Reactome","Down"
"R-HSA-2173789",0.354469854469854,0.970128022759602,0.0635007968065945,-0.415095591276486,-1.08430758368981,13,"LTBP2;PPP1CA;TGFB1;ITGB1;ITGB6;ITGB3","Reactome","Down"
"R-HSA-2187338",0.114720812182741,0.497123519458545,0.128142916898415,-0.451687104306581,-1.27451152796585,20,"HSPG2;GPC1;GPC4;AGRN;APOE;GPC6;LPL","Reactome","Down"
"R-HSA-2262752",1,1,0,-0.113715107781565,-0.380491078887851,122,"SOD3;RPLP2;HYOU1;CALR;MAPK1;IGFBP1;DNAJC3;RPLP0;HSPA5;RPLP1;DNAJB9;HSP90B1;HSPA8;RPL4;IDH1;RPSA;PSMD13;HSP90AB1;PDIA5;VCP;TUBB4B;IGFBP7;RPS27A;GPX3;DYNC1H1;H3C12;P4HB;CAPZA1;HSPA9;H4C16;PSMD2;YWHAE;TUBB4A;PSMC4;TUBA8;TXN;RPL10A;GPX1;LMNA;RPL12;HSP90AA1;PSMD3;GCLM;ALB;LAMTOR1;ST13;CAPZB;PRDX5;PRDX3;PSMD12;RPL22;HSPA13;PSME2;PSMC3;TLN1;HBB;TKT;TUBA1B;RPS7;PSMD7;RPS10;RPL18;TUBB2A;PSMD5;TUBA4A;HBA2;GSTP1;PTGES3;ATP6V1A;CAPZA2;PSMD11;PDIA6;TUBB6;PSME1","Reactome","Down"
"R-HSA-2408522",0.847107438016529,1,0.0214353576364558,-0.28011035838621,-0.744131309435428,14,"RPLP2;RPLP0;RPLP1;RPL4;RPSA;RPS27A;RPL10A;RPL12;RPL22;RPS7;RPS10;RPL18","Reactome","Down"
"R-HSA-2408557",0.778586278586279,1,0.0264649017470855,-0.308382805480284,-0.805553760842253,13,"RPLP2;RPLP0;RPLP1;RPL4;RPSA;RPS27A;RPL10A;RPL12;RPL22;RPS7;RPS10;RPL18","Reactome","Down"
"R-HSA-2454202",NA,NA,NA,0.159333995888001,NA,43,"PSMD1;PSMB5;PSMB2;PSMB6;PSMD14;PSMA6;PSMA4;PSMA5;SKP1;PSMC5;PSMB4;PSMA7;PSMA2;PSMB1;PSMA3;PSMC6;PSMF1;PSMA1;PSMC1;PSMC2;GRB2;UBE2N;PSME1;UBE2V1;PSMD11;PSMD5;PSMD7;PSMC3;PSME2;PSMD12;PSMD3;PSMC4;NRAS;PSMD2;RASGRP2;PAK2;RPS27A;RAC1;LYN;PSMD13","Reactome",NA
"R-HSA-2467813",NA,NA,NA,0.362773722627737,NA,44,"PSMD1;PSMB5;PSMB2;PSMB6;PSMD14;PSMA6;PSMA4;PSMA5;PSMC5;PSMB4;PSMA7;PSMA2;PSMB1;TUBB1;RANGAP1;PSMA3;PSMC6;PSMF1;PSMA1;PSMC1;PSMC2;PSME1;TUBB6;PSMD11;PPP2R1A;TUBA4A;PSMD5;TUBB2A;PSMD7;TUBA1B;PSMC3;PSME2;PSMD12;PSMD3;TUBA8;PSMC4;TUBB4A;MAPRE1;PSMD2;PPP2CA;DYNC1H1;RPS27A;TUBB4B;PSMD13","Reactome",NA
"R-HSA-2500257",0.0791626408932171,0.364749383356089,0.287805130535564,0.385438972162741,1.50744093414223,13,"TUBB1;RANGAP1;TUBB6;PPP2R1A;TUBA4A;TUBB2A;TUBA1B;TUBA8;TUBB4A;MAPRE1;PPP2CA;DYNC1H1;TUBB4B","Reactome","Up"
"R-HSA-2555396",NA,NA,NA,0.36463683052091,NA,51,"PSMD1;PSMB5;PSMB2;PSMB6;PSMD14;PSMA6;PSMA4;PSMA5;PSMC5;PSMB4;PSMA7;PSMA2;PSMB1;TUBB1;RANGAP1;PSMA3;PSMC6;PSMF1;PSMA1;IST1;PSMC1;PSMC2;BANF1;PSME1;TUBB6;PSMD11;PPP2R1A;TUBA4A;KPNB1;PSMD5;TUBB2A;PSMD7;TUBA1B;PSMC3;PSME2;SPAST;PSMD12;PSMD3;LMNA;TUBA8;PSMC4;TUBB4A;MAPRE1;PSMD2;RAN;CHMP6;PPP2CA;DYNC1H1;RPS27A;TUBB4B;PSMD13","Reactome",NA
"R-HSA-2565942",0.0340894467234491,0.238626127064144,0.321775918075361,0.385989992852037,1.59524029933306,15,"DCTN1;AKAP9;SKP1;YWHAG;PPP2R1A;TUBA4A;HSP90AA1;RAB8A;TUBB4A;YWHAE;MAPRE1;TUBB;DYNC1H1;RPS27A;TUBB4B","Reactome","Up"
"R-HSA-2682334",0.988955823293173,1,0.00581457622839549,-0.173411589125208,-0.517629524971203,30,"CLTCL1;MMP2;CDC42;LYN;ARPC5;ADAM10;RAC1;PAK2;AP2M1;ACTR3;MMP9;RHOA;SDCBP;YES1;ARPC3;ARPC1B;MYL9;SRC;ARPC4;AP2A1;ACTR2;CFL1","Reactome","Down"
"R-HSA-2871837",NA,NA,NA,0.254163819722509,NA,37,"PSMD1;PSMB5;PSMB2;PSMB6;PSMD14;PSMA6;PSMA4;PSMA5;SKP1;PSMC5;PSMB4;PSMA7;PSMA2;PSMB1;PSMA3;PSMC6;PSMF1;PSMA1;PSMC1;PSMC2;UBE2N;PSME1;UBE2V1;PSMD11;PSMD5;PSMD7;PSMC3;PSME2;PSMD12;PSMD3;PSMC4;PSMD2;RASGRP2;RPS27A;LYN;PSMD13","Reactome",NA
"R-HSA-2980736",0.629856850715746,1,0.0360729976388226,-0.333095183654197,-0.915803909141541,17,"IGF1;ATP6AP2;GCG;GHRL;ACE;INHBC;INHBE;P4HB;ANPEP;CES1;CTSD","Reactome","Down"
"R-HSA-2995410",0.012707073959458,0.136040438860079,0.380730400722792,0.386819484240688,1.58831128783405,18,"TUBB1;RANGAP1;IST1;BANF1;TUBB6;PPP2R1A;TUBA4A;KPNB1;TUBB2A;TUBA1B;SPAST;LMNA;TUBA8;TUBB4A;RAN;CHMP6;PPP2CA;TUBB4B","Reactome","Up"
"R-HSA-3000157",0.0299586776859504,0.232020397397573,0.266350657088526,-0.554911695574054,-1.47415886019902,14,"HSPG2;LAMB2;COL18A1;LAMC1;ITGB1;LAMB1;NID1;LAMA4;NID2;ITGA1;ITGA6;ITGA2;LAMA2","Reactome","Down"
"R-HSA-3000170",0.267489711934156,0.825137755457906,0.0770736734944102,-0.430002961747015,-1.15513519447723,15,"VTN;FN1;TGFB1;ITGB1;TNC;ITGB3;COL5A1;SDC4;ITGA6;ITGA2","Reactome","Down"
"R-HSA-3000171",0.016925503391476,0.169172202964369,0.352487857583619,-0.51003179980713,-1.48052972071143,25,"HSPG2;COL11A2;AGRN;VTN;FN1;LAMB2;LAMC1;TGFB1;ITGB1;TNC;LAMB1;ITGB3;LAMA4;COL5A1;DAG1;SDC4","Reactome","Down"
"R-HSA-3000178",4.17684674025689e-07,3.80093053363377e-05,0.674962860011025,-0.623162565535591,-1.91505134740819,40,"ACAN;DMP1;HSPG2;DCN;COL6A1;NCAM1;NCAN;FMOD;VCAN;AGRN;COL6A3;VTN;FN1;TNR;LAMB2;COMP;ASPN;LUM;BGN;LAMC1;BCAN;TGFB1;COL6A2;ITGB1;TNC;LAMB1;ITGB6;ITGB3;LAMA4;COL5A1;TNXB;DAG1","Reactome","Down"
"R-HSA-3299685",0.942827442827443,1,0.0146874349112173,-0.239775052301446,-0.626337434205379,13,"SOD3","Reactome","Down"
"R-HSA-3371497",0.452386091557574,1,0.203508959461977,0.246270900453107,1.01120772605999,18,"DCTN1;STIP1;TUBB1;TUBB6;CAPZA2;PTGES3;TUBA4A;TUBB2A;TUBA1B;CAPZB;HSP90AA1;TUBA8;TUBB4A;CAPZA1;DYNC1H1;TUBB4B;HSP90AB1","Reactome","Up"
"R-HSA-3371556",0.87408184679958,1,0.0204893625108019,-0.273083022131784,-0.703960916763389,12,"MAPK1;HSPA5;HSPA8;HSP90AB1;VCP;HSPA9;YWHAE;HSP90AA1;ST13;HSPA13","Reactome","Down"
"R-HSA-349425",NA,NA,NA,0.359363702096891,NA,31,"PSMD1;PSMB5;PSMB2;PSMB6;PSMD14;PSMA6;PSMA4;PSMA5;PSMC5;PSMB4;PSMA7;PSMA2;PSMB1;PSMA3;PSMC6;PSMF1;PSMA1;PSMC1;PSMC2;PSME1;PSMD11;PSMD5;PSMD7;PSMC3;PSME2;PSMD12;PSMD3;PSMC4;PSMD2","Reactome",NA
"R-HSA-350562",NA,NA,NA,0.409739467326705,NA,30,"PSMD1;PSMB5;PSMB2;PSMB6;PSMD14;PSMA6;PSMA4;PSMA5;PSMC5;PSMB4;PSMA7;PSMA2;PSMB1;PSMA3;PSMC6;PSMF1;PSMA1;PSMC1;PSMC2;PSME1;PSMD11;PSMD5;PSMD7;PSMC3;PSME2;PSMD12;PSMD3;PSMC4;PSMD2","Reactome",NA
"R-HSA-351202",NA,NA,NA,0.409739467326705,NA,30,"PSMD1;PSMB5;PSMB2;PSMB6;PSMD14;PSMA6;PSMA4;PSMA5;PSMC5;PSMB4;PSMA7;PSMA2;PSMB1;PSMA3;PSMC6;PSMF1;PSMA1;PSMC1;PSMC2;PSME1;PSMD11;PSMD5;PSMD7;PSMC3;PSME2;PSMD12;PSMD3;PSMC4;PSMD2","Reactome",NA
"R-HSA-354192",0.322245322245322,0.909281374397654,0.0681513438679483,-0.424667336799431,-1.1093107792857,13,"FN1;FGA;FGG;RAP1A;ITGB3;FGB;ITGA2B;RAP1B;VWF;RASGRP2","Reactome","Down"
"R-HSA-354194",0.21511017838405,0.704861111111111,0.0899860794997137,-0.465053659115541,-1.19882809872068,12,"FN1;FGA;FGG;RAP1A;ITGB3;FGB;ITGA2B;RAP1B;VWF","Reactome","Down"
"R-HSA-3560782",1.6667744209464e-07,3.03352944612245e-05,0.690132458796796,-0.737469593260446,-2.11502415603396,23,"ACAN;HSPG2;OMD;DCN;GPC1;NCAN;FMOD;GPC4;CHST3;VCAN;AGRN;CSPG5;B4GALT1;CSPG4;LUM;BGN;GPC6;BCAN","Reactome","Down"
"R-HSA-3560783",6.11196669525796e-06,0.000317822268153414,0.610526878385931,-0.772444002976504,-2.05204752409737,14,"HSPG2;DCN;GPC1;NCAN;GPC4;VCAN;AGRN;CSPG5;CSPG4;BGN;GPC6;BCAN","Reactome","Down"
"R-HSA-3560801",6.11196669525796e-06,0.000317822268153414,0.610526878385931,-0.772444002976504,-2.05204752409737,14,"HSPG2;DCN;GPC1;NCAN;GPC4;VCAN;AGRN;CSPG5;CSPG4;BGN;GPC6;BCAN","Reactome","Down"
"R-HSA-3700989",0.936799184505607,1,0.013628036219219,-0.226067082679763,-0.640258269726977,21,"RABGGTA;STEAP3","Reactome","Down"
"R-HSA-372708",0.179405520169851,0.661265229740206,0.101350743797099,-0.493047838647034,-1.24449507743487,11,"FN1;FGA;FGG;RAP1A;ITGB3;FGB;ITGA2B;RAP1B;VWF","Reactome","Down"
"R-HSA-372790",0.362637362637363,0.985074626865672,0.0605092988656667,-0.340939677524385,-1.06356705093977,49,"GAL;PLXNB1;TAC3;FN1;MAPK1;PPP1CA;GCG;GNG5;GNB2;GNAI2;ITGB1;SAA1;CDC42;GHRL;PSAP;ITGA5;NTS;KRAS;MMP3;C3;GNA11;APP;GNA13;GNAS;ADGRE5;PPP2CA;CXCL12;RASGRP2;RHOA;PRKAR1A;NRAS","Reactome","Down"
"R-HSA-373076",0.486238532110092,1,0.0478299633114229,-0.363240810209529,-1.00796034547796,18,"GAL;TAC3;SAA1;GHRL;PSAP;NTS;C3;APP","Reactome","Down"
"R-HSA-373755",0.645259938837921,1,0.0347904098478036,-0.32883453853745,-0.912486058155475,18,"NRP1;PLXNB1;RRAS;PTPRC;ITGB1;ITGA1;HSP90AB1;RAC1;PAK2","Reactome","Down"
"R-HSA-373760",0.701298701298701,1,0.029777461260706,-0.290243235954787,-0.902146697244792,46,"NCAM1;NCAN;NRP1;ALCAM;NRP2;MAPK1;MSN;LAMC1;EZR;ITGB1;LAMB1;ITGB3;HSPA8;NRCAM;ITGA5;RDX;ITGA2B","Reactome","Down"
"R-HSA-375165",0.0207533658021306,0.193698080819885,0.352487857583619,-0.530229215826924,-1.47965887676045,19,"COL6A1;NCAM1;NCAN;AGRN;COL6A3;MAPK1;COL6A2;ST8SIA4","Reactome","Down"
"R-HSA-375276",0.486238532110092,1,0.0478299633114229,-0.363240810209529,-1.00796034547796,18,"GAL;TAC3;SAA1;GHRL;PSAP;NTS;C3;APP","Reactome","Down"
"R-HSA-376176",1,1,0,-0.136016782921907,-0.430799971586555,59,"GPC1;NRP1;RPLP2;RPLP0;RPLP1;CDC42;DAG1;RPL4;RPSA;NELL2;PSMD13;RAC1;RPS27A;PAK2;CXCL12;RHOA;PSMD2;PSMC4;RPL10A;RPL12;PSMD3;SRC;PSMD12;RPL22;PFN1;PSME2;PSMC3;PABPC1;RPS7;PSMD7;RPS10;RPL18;PSMD5;EIF4G1;PSMD11;PSME1;PSMC2;PSMC1;PSMA1;PSMF1;PSMC6;PSMA3;VASP","Reactome","Down"
"R-HSA-3781865",3.07126871730598e-07,3.72647271033125e-05,0.674962860011025,-0.610059903923632,-1.89076858209787,44,"ACAN;HSPG2;OMD;DCN;GPC1;NCAN;MAN1B1;FMOD;GPC4;CHST3;VCAN;AGRN;CSPG5;B4GALT1;CSPG4;ADAMTS13;SPON2;THSD1;ADAMTSL4;LUM;BGN;GPC6;B4GAT1;BCAN;MUC5B;PRELP","Reactome","Down"
"R-HSA-380259",0.0782346190196608,0.364749383356089,0.287805130535564,0.385164051355207,1.42748225213803,12,"DCTN1;AKAP9;YWHAG;PPP2R1A;TUBA4A;HSP90AA1;TUBB4A;YWHAE;MAPRE1;TUBB;DYNC1H1;TUBB4B","Reactome","Up"
"R-HSA-380270",0.0782346190196608,0.364749383356089,0.287805130535564,0.385164051355207,1.42748225213803,12,"DCTN1;AKAP9;YWHAG;PPP2R1A;TUBA4A;HSP90AA1;TUBB4A;YWHAE;MAPRE1;TUBB;DYNC1H1;TUBB4B","Reactome","Up"
"R-HSA-380284",0.0782346190196608,0.364749383356089,0.287805130535564,0.385164051355207,1.42748225213803,12,"DCTN1;AKAP9;YWHAG;PPP2R1A;TUBA4A;HSP90AA1;TUBB4A;YWHAE;MAPRE1;TUBB;DYNC1H1;TUBB4B","Reactome","Up"
"R-HSA-380287",0.0782346190196608,0.364749383356089,0.287805130535564,0.385164051355207,1.42748225213803,12,"DCTN1;AKAP9;YWHAG;PPP2R1A;TUBA4A;HSP90AA1;TUBB4A;YWHAE;MAPRE1;TUBB;DYNC1H1;TUBB4B","Reactome","Up"
"R-HSA-380320",0.0113087481978014,0.136040438860079,0.380730400722792,0.386542591267001,1.6089810965704,17,"DCTN1;AKAP9;YWHAG;TUBB1;TUBB6;PPP2R1A;TUBA4A;TUBB2A;TUBA1B;HSP90AA1;TUBA8;TUBB4A;YWHAE;MAPRE1;TUBB;DYNC1H1;TUBB4B","Reactome","Up"
"R-HSA-381038",0.708289611752361,1,0.0317090865085553,-0.328599217086578,-0.847072089294399,12,"HYOU1;DNAJC3;DNAJB9","Reactome","Down"
"R-HSA-381070",0.432432432432432,1,0.0541200569620232,-0.395111629301118,-1.03210572470252,13,"HYOU1;DNAJC3;HSPA5;DNAJB9","Reactome","Down"
"R-HSA-381119",0.0468909276248726,0.284471627590894,0.208955027549354,-0.505708405865657,-1.40329501851245,18,"HYOU1;CALR;IGFBP1;DNAJC3;HSPA5;DNAJB9;HSP90B1","Reactome","Down"
"R-HSA-381426",0.0539460539460539,0.316715542521994,0.191892240384838,-0.385213822350425,-1.25085737587545,80,"DMP1;SPP2;IGF1;SPARCL1;CSF1;VCAN;MIA3;FN1;APOA5;PRKCSH;FGA;LAMB2;MFGE8;FGG;SPP1;APOE;GOLM1;F5;SERPINC1;IGFBP1;LAMC1;NUCB1;DNAJC3;MMP2;TNC;LAMB1;VWA1;NOTUM;HSP90B1;GAS6;QSOX1;LGALS1;RCN1;MSLN;APLP2;C3;SERPINA10;FSTL1;AHSG;APP;ITIH2","Reactome","Down"
"R-HSA-382551",0.992007992007992,1,0.00409492237559551,-0.209645126489469,-0.699214495066497,115,"APOD;APOBR;LIPG;APOA5;PLTP;STEAP3;ASPH;SLC3A2;ABCB9;BMP1;APOE;ANGPTL4;ATP1A1;LPL;GNG5;GNB2;LCAT;CETP;LIPC;SLC1A5","Reactome","Down"
"R-HSA-382556",NA,NA,NA,0.19672735097815,NA,38,"PSMD1;PSMB5;ABCB6;PSMB2;PSMB6;PSMD14;APOA1;PSMA6;PSMA4;PSMA5;EIF2S1;EIF2S3;PSMC5;PSMB4;PSMA7;PSMA2;PSMB1;PSMA3;PSMC6;PSMF1;PSMA1;PSMC1;PSMC2;PSME1;PSMD11;PSMD5;PSMD7;PSMC3;PSME2;PSMD12;PSMD3;PSMC4;PSMD2;RPS27A;VCP;PSMD13;ABCB4","Reactome",NA
"R-HSA-3858494",NA,NA,NA,0.164473684210526,NA,46,"AP2A2;PSMD1;PSMB5;PSMB2;PSMB6;PSMD14;PSMA6;PSMA4;PSMA5;PSMC5;PSMB4;PSMA7;PSMA2;PSMB1;AP2B1;PSMA3;ROR1;PSMC6;PSMF1;PSMA1;PSMC1;PSMC2;PSME1;PSMD11;CLTC;PSMD5;GNG2;PSMD7;PSMC3;PSME2;PFN1;AP2A1;PSMD12;PSMD3;PSMC4;PSMD2;RHOA;AP2M1;RPS27A;RAC1;PRICKLE1;PSMD13","Reactome",NA
"R-HSA-388396",0.31968031968032,0.909281374397654,0.0665892104103933,-0.34889106358901,-1.08540147520915,47,"GAL;PLXNB1;TAC3;FN1;MAPK1;PPP1CA;GCG;GNG5;GNB2;GNAI2;ITGB1;SAA1;CDC42;GHRL;PSAP;ITGA5;NTS;KRAS;MMP3;C3;GNA11;APP;GNA13;GNAS;PPP2CA;CXCL12;RASGRP2;RHOA;PRKAR1A;NRAS","Reactome","Down"
"R-HSA-388841",0.616666666666667,1,0.234392647294686,0.265858873841768,0.935635741388349,11,"ICOSLG;GRB2;PPP2R1A;SRC;PTPN6;YES1;PAK2;PPP2CA;RAC1;LYN;CDC42","Reactome","Up"
"R-HSA-389957",0.0340894467234491,0.238626127064144,0.321775918075361,0.385989992852037,1.59524029933306,15,"CCT4;CCT7;TUBB1;CCT6A;ACTB;TUBB6;CCT3;TUBA4A;TUBB2A;CCT8;CCT5;CCT2;TUBB4A;TCP1;TUBB4B","Reactome","Up"
"R-HSA-389958",0.0113087481978014,0.136040438860079,0.380730400722792,0.386542591267001,1.6089810965704,17,"CCT4;CCT7;TUBB1;CCT6A;ACTB;TUBB6;CCT3;TUBA4A;TUBB2A;TUBA1B;CCT8;CCT5;CCT2;TUBA8;TUBB4A;TCP1;TUBB4B","Reactome","Up"
"R-HSA-389960",0.0123474789442679,0.136040438860079,0.380730400722792,0.386266094420601,1.59457681669484,16,"CCT4;CCT7;TUBB1;CCT6A;TUBB6;CCT3;TUBA4A;TUBB2A;TUBA1B;CCT8;CCT5;CCT2;TUBA8;TUBB4A;TCP1;TUBB4B","Reactome","Up"
"R-HSA-390466",0.966360856269113,1,0.010787337352153,-0.211880782269325,-0.607662982710571,23,"GNG5;GNB2;GNA11;TUBB4B;TCP1;TUBB4A;GBA1;TUBA8;CCT2;CCT5;GNAQ;CCT8;TUBA1B;GNG2;TUBB2A;TUBA4A;CCT3;TUBB6;ACTB","Reactome","Down"
"R-HSA-3906995",0.0179863048603962,0.172289867610111,0.352487857583619,-0.541689342609628,-1.48930768694997,17,"ADAMTS13;SPON2;THSD1;ADAMTSL4;B4GAT1;MUC5B;MUC1;MUC20;DAG1;ADAMTSL2","Reactome","Down"
"R-HSA-391251",0.978680203045685,1,0.00893801210835004,-0.199722668053802,-0.57576470030419,24,"GNG5;GNB2;GNA11;TUBB4B;TCP1;TUBB4A;GBA1;TUBA8;CCT2;CCT5;GNAQ;CCT8;TUBA1B;GNG2;TUBB2A;TUBA4A;CCT3;TUBB6;ACTB","Reactome","Down"
"R-HSA-392499",0.694305694305694,1,0.0302754424728262,-0.273831093259851,-0.954043578452919,331,"TSPAN14;DMP1;HSPG2;SPP2;MAN1B1;ST3GAL6;IGF1;SPARCL1;CSF1;VCAN;ATP6AP2;GPLD1;RABGGTA;MIA3;CD109;EDEM2;MGAT1;ST8SIA5;ADGRF5;FN1;RPLP2;MAN2A2;APOA5;TGFBI;ASPH;DMBT1;PRKCSH;FGA;B4GALT1;GALNT1;LAMB2;MAN2A1;ADAMTS13;SPON2;THSD1;CD59;CALR;MFGE8;ADAMTSL4;LMAN1;FGG;SPP1;RAB7A;APOE;RAB5C;GOLM1;F5;SERPINC1;IGFBP1;B4GAT1;GCG;HNRNPC;LAMC1;GNG5;GALNT15;TGFB1;CANX;NUCB1;GNB2;ST8SIA4;DNAJC3;RPLP0;GALNT5;RAB5A;RAB1A;GALNT2;SAE1;MUC5B;MMP2;LMAN2;TNC;LAMB1;SAA1;RAB14;VWA1;NAPA;NOTUM;RPLP1;WARS1;ST6GAL1;MGAT4B;HSP90B1;HSPA8;GAS6;RAB8B;MUC1;TPST2;MAN1A1;QSOX1;SUMF2;LGALS1;MUC20;RCN1;MGAT3;DAG1;RPL4;GHRL;MSLN;ST3GAL1;APLP2;GANAB;B3GNT2;ASGR2;ACE;MGAT5;C3;SNX3;INHBC;GNA11;RPSA;SERPINA10;FSTL1;CTSC;LTF;AHSG;ADAMTSL2;APP;PSMD13;RAB5B;HLA-A;ITIH2","Reactome","Down"
"R-HSA-3928662",0.86522633744856,1,0.0199001825208318,-0.268298003134134,-0.720740305529658,15,"CDC42;LYN;ARPC5;RAC1;ACTR3;RHOA;YES1;ARPC3;ARPC1B;SRC;ARPC4;ACTR2;CFL1","Reactome","Down"
"R-HSA-3928665",0.964876033057851,1,0.01221929569568,-0.210721845417269,-0.559796230529981,14,"CLTCL1;MMP2;LYN;ADAM10;RAC1;AP2M1;MMP9;YES1","Reactome","Down"
"R-HSA-397014",0.984802431610942,1,0.0078803141868031,-0.183436634966276,-0.536749224920989,27,"ASPH;ATP1A1;ANXA2;CACNG6;ITGA1;ATP2B4;PAK2;ANXA6;CES1;CALD1;VCL;MYL9","Reactome","Down"
"R-HSA-4086400",NA,NA,NA,0.300853552573896,NA,42,"AP2A2;PSMD1;PSMB5;PSMB2;PSMB6;PSMD14;PSMA6;PSMA4;PSMA5;PSMC5;PSMB4;PSMA7;PSMA2;PSMB1;AP2B1;PSMA3;ROR1;PSMC6;PSMF1;PSMA1;PSMC1;PSMC2;PSME1;PSMD11;CLTC;PSMD5;PSMD7;PSMC3;PSME2;PFN1;AP2A1;PSMD12;PSMD3;PSMC4;PSMD2;RHOA;AP2M1;RPS27A;RAC1;PRICKLE1;PSMD13","Reactome",NA
"R-HSA-416476",0.182466870540265,0.661265229740206,0.0978773277424561,-0.42828604228424,-1.21297482645698,21,"TAC3;MAPK1;GCG;GNG5;GNB2;SAA1;GHRL;NTS;KRAS;MMP3;GNA11;APP","Reactome","Down"
"R-HSA-418346",0.896117523609654,1,0.0189287891242153,-0.267833289797875,-0.690428012529019,12,"GNG5;GNB2;ATP2B4;PECAM1;GNAS;PPP2CA","Reactome","Down"
"R-HSA-418555",0.151767151767152,0.587694077055779,0.110564716336619,-0.477969543800313,-1.2485461469771,13,"FN1;GCG;GNG5;GNB2;GNAI2;ITGB1","Reactome","Down"
"R-HSA-418594",0.826305220883534,1,0.0212181723861707,-0.271376392911833,-0.810052165832615,30,"GAL;MAPK1;PPP1CA;GNG5;GNB2;GNAI2;SAA1;PSAP;C3;GNA11;APP;GNAS;PPP2CA;CXCL12;PRKAR1A;PF4;KNG1;GNAQ;PPP3CC;SRC;C5;GNG2;GNAI3;PPP2R1A;C5AR1;PPBP;AGT","Reactome","Down"
"R-HSA-418990",0.508230452674897,1,0.0462302524077616,-0.370518264994602,-0.995338930580932,15,"CDH13;CDH11;ANGPTL4;CDH19;CDH15;CDH1;CADM1;ANG;CDH5;CDH2;JUP;CDH6","Reactome","Down"
"R-HSA-419037",0.00338301884159048,0.0623468848215298,0.431707695803346,-0.708380268668346,-1.75597668742895,10,"COL6A1;NCAM1;NCAN;AGRN;COL6A3;COL6A2;ST8SIA4;COL5A1","Reactome","Down"
"R-HSA-421270",0.44398766700925,1,0.0523759084097997,-0.383311445326074,-1.04109171875002,16,"CDH13;F11R;CDH11;ANGPTL4;CDH19;CDH15;CDH1;CADM1;ANG;CDH5","Reactome","Down"
"R-HSA-422356",0.173868312757202,0.652454287047643,0.101350743797099,-0.460639549425766,-1.23743555939247,15,"GCG;GNG5;MARCKS;GNB2;RAP1A;GNAI2;CD36","Reactome","Down"
"R-HSA-422475",0.994005994005994,1,0.00354273909070668,-0.211151193698725,-0.711380680224671,140,"COL6A1;GPC1;NCAM1;NCAN;AGRN;NRP1;COL6A3;NEO1;PLXNB1;ALCAM;RPLP2;NRP2;CLTCL1;RRAS;MAPK1;PTPRC;MSN;LAMC1;COL6A2;ST8SIA4;RPLP0;EZR;MMP2;ITGB1;LAMB1;ITGB3;RPLP1;RELN;HSPA8;COL5A1;CDC42;DAG1;RPL4;NRCAM;ITGA5;KRAS;RDX;ITGA2B;RPSA;ITGA1;NELL2;PSMD13;HSP90AB1;LYN;ARPC5;TUBB4B;ADAM10;ITGA2;RAC1","Reactome","Down"
"R-HSA-425407",0.729275970619098,1,0.0302754424728262,-0.324713241124015,-0.837054713700077,12,"APOD;SLC3A2","Reactome","Down"
"R-HSA-437239",0.996938775510204,1,0.00715048391330487,-0.149305977208143,-0.425038330775743,22,"MAPK1;MSN;EZR;RDX;TUBB4B;AP2M1;DNM2;TUBB4A;TUBA8;L1CAM;SRC;AP2A1;TUBA1B;TUBB2A;TUBA4A;CLTC;TUBB6;ACTB","Reactome","Down"
"R-HSA-438064",0.925925925925926,1,0.0152836130945825,-0.245255377187984,-0.658839922110364,15,"MAPK1;KRAS;TUBB4B;RAC1;PRKAR1A;NRAS;TUBB4A;TUBA8;SRC;TUBA1B;TUBB2A;TUBA4A","Reactome","Down"
"R-HSA-4420097",0.664621676891616,1,0.0335297167141207,-0.323563840526708,-0.902938002175877,19,"ITGB3;CDC42;KRAS;HSPB1;WASF2;RAC1;CDH5;PAK2;ITGAV;NCKAP1L;RHOA;NRAS;JUP;HSP90AA1;CYFIP1;SRC","Reactome","Down"
"R-HSA-4420332",6.11196669525796e-06,0.000317822268153414,0.610526878385931,-0.772444002976504,-2.05204752409737,14,"HSPG2;DCN;GPC1;NCAN;GPC4;VCAN;AGRN;CSPG5;CSPG4;BGN;GPC6;BCAN","Reactome","Down"
"R-HSA-442755",0.925925925925926,1,0.0152836130945825,-0.245255377187984,-0.658839922110364,15,"MAPK1;KRAS;TUBB4B;RAC1;PRKAR1A;NRAS;TUBB4A;TUBA8;SRC;TUBA1B;TUBB2A;TUBA4A","Reactome","Down"
"R-HSA-445144",0.226114649681529,0.721980109509442,0.0878312634480124,-0.472444747633231,-1.19249110675126,11,"NCAM1;NRP1;MAPK1;ITGB1;ITGB3;ITGA5;ITGA2B","Reactome","Down"
"R-HSA-445355",0.760671989812493,1,NA,0.178826895565093,0.738230007729095,16,"TPM1;ANXA1;TPM3;TPM4;MYL6;MYH11;ACTA2;MYL6B;TLN1;MYL9;VCL;CALD1;ANXA6;PAK2;ITGA1","Reactome","Up"
"R-HSA-446203",0.13986013986014,0.547409579667644,0.11331290842208,-0.363830996950747,-1.16710496338465,70,"MAN1B1;ST3GAL6;MIA3;EDEM2;MGAT1;ST8SIA5;MAN2A2;PRKCSH;B4GALT1;MAN2A1;CD59;CALR;LMAN1;F5;CANX;ST8SIA4;RAB1A;LMAN2;NAPA;ST6GAL1;MGAT4B;MAN1A1;MGAT3;ST3GAL1;GANAB;ASGR2;MGAT5;CTSC;RAB1B;VCP;TUBB4B;MIA2;SAR1B;MGAT2;UGGT1;RPS27A;DYNC1H1;SERPINA1;PDIA3;CTSA;CHST10;YKT6;CAPZA1","Reactome","Down"
"R-HSA-446652",NA,NA,NA,0.281321741965326,NA,42,"PSMD1;PSMB5;PSMB2;USP14;PSMB6;PSMD14;PSMA6;PSMA4;PSMA5;SKP1;HMGB1;PSMC5;PSMB4;S100A12;PSMA7;PSMA2;PSMB1;PSMA3;PSMC6;PSMF1;PSMA1;PSMC1;PSMC2;UBE2N;PSME1;UBE2V1;PSMD11;CTSG;IL1RAP;PSMD5;PSMD7;PSMC3;PSME2;PSMD12;PTPN6","Reactome",NA
"R-HSA-446728",0.774747474747475,1,0.0252009996957834,-0.288520657806423,-0.849150650870951,28,"CDH13;F11R;CDH11;ANGPTL4;ITGB1;CDH19;CDH15;CDH1;ITGA6;CADM1;ANG;CDH5;PLEC;CDH2;PARVB;ILK;JUP;CDH6;KRT5;RSU1;KRT14;ACTN1","Reactome","Down"
"R-HSA-447115",0.916411824668705,1,0.0153676328786693,-0.246152286919969,-0.705951862499197,23,"MSN;CANX;RPLP0;ANXA2;CDC42;RAP1B;PAK2;TCP1;P4HB;CAPZA1;HSPA9","Reactome","Down"
"R-HSA-449147",0.976023976023976,1,0.00715048391330487,-0.22255991831739,-0.735585556568482,101,"CSF1;VCAM1;PTPRZ1;FN1;FCER2;MAPK1;MSN;TGFB1;CANX;RPLP0;ANXA2;LBP;MMP2;ITGB1;CD36;SAA1;FSCN1;HSP90B1;HSPA8;MUC1;CDC42;ITGB2;MMP3;CSF1R;APP;PSMD13;ICAM1;LYN;IL7R;RAP1B;RPS27A;PPP2CA;PAK2;H3C12;TCP1;P4HB;ITGAM;YWHAZ;CAPZA1;MMP9;HSPA9","Reactome","Down"
"R-HSA-450408",NA,NA,NA,0.2356780275562,NA,35,"PSMD1;PSMB5;PSMB2;PSMB6;PSMD14;PSMA6;PSMA4;PSMA5;PSMC5;PSMB4;PSMA7;PSMA2;PSMB1;PSMA3;PSMC6;PSMF1;PSMA1;PSMC1;PSMC2;PSME1;PSMD11;EIF4G1;PSMD5;PSMD7;PABPC1;PSMC3;PSME2;PSMD12","Reactome",NA
"R-HSA-450531",NA,NA,NA,0.239490832972166,NA,38,"PSMD1;PSMB5;PSMB2;PSMB6;PSMD14;PSMA6;PSMA4;PSMA5;PSMC5;PSMB4;PSMA7;PSMA2;PSMB1;PSMA3;PSMC6;PSMF1;PSMA1;PSMC1;PSMC2;PSME1;PSMD11;EIF4G1;PSMD5;ANP32A;PSMD7;PABPC1;PSMC3;PSME2;PSMD12;PSMD3;PSMC4;PSMD2;YWHAZ;YWHAB;RPS27A;PSMD13;HSPB1","Reactome",NA
"R-HSA-453274",NA,NA,NA,0.364904552129222,NA,52,"PSMD1;PSMB5;DCTN1;PSMB2;PSMB6;AKAP9;PSMD14;PSMA6;PSMA4;PSMA5;SKP1;PSMC5;PSMB4;YWHAG;PSMA7;PSMA2;PSMB1;TUBB1;PSMA3;PSMC6;PSMF1;PSMA1;PSMC1;PSMC2;PSME1;TUBB6;PSMD11;PPP2R1A;TUBA4A;PSMD5;TUBB2A;PSMD7;TUBA1B;PSMC3;PSME2;PSMD12;PSMD3;HSP90AA1;RAB8A;TUBA8;PSMC4;TUBB4A;YWHAE;MAPRE1;PSMD2;PPP2CA;TUBB;DYNC1H1;RPS27A;TUBB4B;HSP90AB1;PSMD13","Reactome",NA
"R-HSA-453276",NA,NA,NA,0.359623733719247,NA,32,"PSMD1;PSMB5;PSMB2;PSMB6;PSMD14;PSMA6;PSMA4;PSMA5;SKP1;PSMC5;PSMB4;PSMA7;PSMA2;PSMB1;PSMA3;PSMC6;PSMF1;PSMA1;PSMC1;PSMC2;PSME1;PSMD11;PSMD5;PSMD7;PSMC3;PSME2;PSMD12;PSMD3;PSMC4;PSMD2","Reactome",NA
"R-HSA-453279",NA,NA,NA,0.36066763425254,NA,36,"PSMD1;PSMB5;PSMB2;PSMB6;PSMD14;PSMA6;PSMA4;PSMA5;SKP1;PSMC5;PSMB4;PSMA7;PSMA2;PSMB1;PSMA3;PSMC6;PSMF1;PSMA1;PSMC1;PSMC2;PSME1;PSMD11;PPP2R1A;PSMD5;PSMD7;PSMC3;PSME2;PSMD12;SRC;PSMD3;PSMC4;PSMD2;PPP2CA;RPS27A;LYN;PSMD13","Reactome",NA
"R-HSA-4608870",NA,NA,NA,0.359623733719247,NA,32,"PSMD1;PSMB5;PSMB2;PSMB6;PSMD14;PSMA6;PSMA4;PSMA5;PSMC5;PSMB4;PSMA7;PSMA2;PSMB1;PSMA3;PSMC6;PSMF1;PSMA1;PSMC1;PSMC2;PSME1;PSMD11;PSMD5;PSMD7;PSMC3;PSME2;PSMD12;PSMD3;PSMC4;PSMD2;RPS27A;PRICKLE1;PSMD13","Reactome",NA
"R-HSA-4641257",NA,NA,NA,0.359623733719247,NA,32,"PSMD1;PSMB5;PSMB2;PSMB6;PSMD14;PSMA6;TNKS2;PSMA4;PSMA5;PSMC5;PSMB4;PSMA7;PSMA2;PSMB1;PSMA3;PSMC6;PSMF1;PSMA1;PSMC1;PSMC2;PSME1;PSMD11;PSMD5;PSMD7;PSMC3;PSME2;PSMD12;PSMD3;PSMC4;PSMD2","Reactome",NA
"R-HSA-4641258",NA,NA,NA,0.359363702096891,NA,31,"PSMD1;PSMB5;PSMB2;PSMB6;PSMD14;PSMA6;PSMA4;PSMA5;PSMC5;PSMB4;PSMA7;PSMA2;PSMB1;PSMA3;PSMC6;PSMF1;PSMA1;PSMC1;PSMC2;PSME1;PSMD11;PSMD5;PSMD7;PSMC3;PSME2;PSMD12;PSMD3;PSMC4;PSMD2","Reactome",NA
"R-HSA-500792",0.517241379310345,1,0.044774889329693,-0.340742287572153,-0.98911300049241,25,"GAL;TAC3;GCG;GNG5;GNB2;SAA1;GHRL;PSAP;NTS;C3;APP;GNAS;ADGRE5","Reactome","Down"
"R-HSA-5173105",0.00890344257118386,0.124648195996574,0.380730400722792,-0.516464443469909,-1.50211590996878,26,"GALNT1;ADAMTS13;SPON2;THSD1;ADAMTSL4;B4GAT1;GALNT15;GALNT5;GALNT2;MUC5B;ST6GAL1;MUC1;MUC20;DAG1;ST3GAL1;B3GNT2;ADAMTSL2","Reactome","Down"
"R-HSA-5218859",0.230644404713947,0.730039681007622,0.249246554383295,0.312188168210977,1.09868218425763,11,"HMGB1;TNFSF10;UBE2L3;CDC37;FLOT2;HSP90AA1;SDCBP;CHMP6;PDCD6IP;RPS27A;FLOT1","Reactome","Up"
"R-HSA-532668",0.0859872611464968,0.386411889596603,0.154190966581424,-0.532779161314604,-1.34478034714714,11,"MAN1B1;EDEM2;PRKCSH;CALR;CANX;GANAB;VCP;UGGT1;RPS27A;PDIA3","Reactome","Down"
"R-HSA-5357801",NA,NA,NA,0.276379929242193,NA,67,"PSMD1;PSMB5;PSMB2;DNM1L;H1-4;PSMB6;PSMD14;PSMA6;PSMA4;PSMA5;H1-5;VIM;YWHAQ;HMGB1;TNFSF10;PSMC5;PSMB4;YWHAG;HMGB2;PSMA7;PSMA2;GSN;ADD1;STK24;PSMB1;PSMA3;PSMC6;PSMF1;PSMA1;PSMC1;PSMC2;PSME1;PSMD11;DBNL;KPNB1;PSMD5;UBE2L3;CDC37;PSMD7;PSMC3;PSME2;FLOT2;PSMD12;PPP3CC;YWHAH;PSMD3;HSP90AA1;DSP;LMNA;PSMC4;YWHAE;SDCBP;PSMD2;YWHAZ;YWHAB;PLEC;CHMP6;PDCD6IP;PAK2;DSG1;RPS27A;DSG2;CD14;PSMD13;CDH1;FLOT1","Reactome",NA
"R-HSA-5358346",NA,NA,NA,0.272950208434895,NA,34,"PSMD1;PSMB5;PSMB2;PSMB6;PSMD14;PSMA6;PSMA4;PSMA5;PSMC5;PSMB4;PSMA7;PSMA2;PSMB1;PSMA3;PSMC6;PSMF1;PSMA1;PSMC1;PSMC2;PSME1;PSMD11;PSMD5;PSMD7;PSMC3;PSME2;PSMD12;PSMD3;PSMC4;PSMD2;P4HB;RPS27A;VCP;PSMD13","Reactome",NA
"R-HSA-5358351",NA,NA,NA,0.299481835161441,NA,45,"PSMD1;PSMB5;PSMB2;PSMB6;PSMD14;PSMA6;PSMA4;PSMA5;PRKACB;SKP1;PSMC5;PSMB4;PSMA7;PSMA2;PSMB1;TUBB1;PSMA3;PSMC6;PSMF1;PSMA1;PSMC1;PSMC2;PSME1;TUBB6;PSMD11;TUBA4A;PSMD5;TUBB2A;PSMD7;TUBA1B;PSMC3;PSME2;PSMD12;PSMD3;PSMC4;TUBB4A;PSMD2;PRKAR1A;P4HB;RPS27A;GNAS;TUBB4B;VCP;PSMD13","Reactome",NA
"R-HSA-5362768",NA,NA,NA,0.359623733719247,NA,32,"PSMD1;PSMB5;PSMB2;PSMB6;PSMD14;PSMA6;PSMA4;PSMA5;PSMC5;PSMB4;PSMA7;PSMA2;PSMB1;PSMA3;PSMC6;PSMF1;PSMA1;PSMC1;PSMC2;PSME1;PSMD11;PSMD5;PSMD7;PSMC3;PSME2;PSMD12;PSMD3;PSMC4;PSMD2;RPS27A;VCP;PSMD13","Reactome",NA
"R-HSA-5387390",NA,NA,NA,0.359623733719247,NA,32,"PSMD1;PSMB5;PSMB2;PSMB6;PSMD14;PSMA6;PSMA4;PSMA5;PSMC5;PSMB4;PSMA7;PSMA2;PSMB1;PSMA3;PSMC6;PSMF1;PSMA1;PSMC1;PSMC2;PSME1;PSMD11;PSMD5;PSMD7;PSMC3;PSME2;PSMD12;PSMD3;PSMC4;PSMD2;RPS27A;VCP;PSMD13","Reactome",NA
"R-HSA-556833",0.188811188811189,0.661265229740206,0.0946646223153342,-0.378200455493064,-1.16903575961576,43,"B3GALNT1;APOA5;PON1;PON3;PTGDS;ANGPTL4;PPP1CA;PLA1A;RAB5A;CD36;PLIN3;RAB14;FABP4;SUMF2;ABCB4;PSAP;LRP2","Reactome","Down"
"R-HSA-5607761",NA,NA,NA,0.359623733719247,NA,32,"PSMD1;PSMB5;PSMB2;PSMB6;PSMD14;PSMA6;PSMA4;PSMA5;SKP1;PSMC5;PSMB4;PSMA7;PSMA2;PSMB1;PSMA3;PSMC6;PSMF1;PSMA1;PSMC1;PSMC2;PSME1;PSMD11;PSMD5;PSMD7;PSMC3;PSME2;PSMD12;PSMD3;PSMC4;PSMD2","Reactome",NA
"R-HSA-5607764",NA,NA,NA,0.360406091370558,NA,35,"PSMD1;PSMB5;PSMB2;PSMB6;PSMD14;PSMA6;PSMA4;PSMA5;SKP1;PSMC5;PSMB4;PSMA7;PSMA2;PSMB1;PSMA3;PSMC6;PSMF1;PSMA1;PSMC1;PSMC2;UBE2N;PSME1;UBE2V1;PSMD11;PSMD5;PSMD7;PSMC3;PSME2;PSMD12;SRC;PSMD3;PSMC4;PSMD2","Reactome",NA
"R-HSA-5610780",NA,NA,NA,0.35988414192614,NA,33,"PSMD1;PSMB5;PSMB2;PSMB6;PSMD14;PSMA6;PSMA4;PSMA5;PRKACB;SKP1;PSMC5;PSMB4;PSMA7;PSMA2;PSMB1;PSMA3;PSMC6;PSMF1;PSMA1;PSMC1;PSMC2;PSME1;PSMD11;PSMD5;PSMD7;PSMC3;PSME2;PSMD12;PSMD3;PSMC4;PSMD2","Reactome",NA
"R-HSA-5610783",NA,NA,NA,0.35988414192614,NA,33,"PSMD1;PSMB5;PSMB2;PSMB6;PSMD14;PSMA6;PSMA4;PSMA5;PRKACB;SKP1;PSMC5;PSMB4;PSMA7;PSMA2;PSMB1;PSMA3;PSMC6;PSMF1;PSMA1;PSMC1;PSMC2;PSME1;PSMD11;PSMD5;PSMD7;PSMC3;PSME2;PSMD12;PSMD3;PSMC4;PSMD2","Reactome",NA
"R-HSA-5610785",NA,NA,NA,0.35988414192614,NA,33,"PSMD1;PSMB5;PSMB2;PSMB6;PSMD14;PSMA6;PSMA4;PSMA5;PRKACB;SKP1;PSMC5;PSMB4;PSMA7;PSMA2;PSMB1;PSMA3;PSMC6;PSMF1;PSMA1;PSMC1;PSMC2;PSME1;PSMD11;PSMD5;PSMD7;PSMC3;PSME2;PSMD12;PSMD3;PSMC4;PSMD2","Reactome",NA
"R-HSA-5610787",NA,NA,NA,0.362244897959184,NA,42,"PSMD1;PSMB5;PSMB2;PSMB6;PSMD14;PSMA6;PSMA4;PSMA5;PRKACB;SKP1;PSMC5;PSMB4;PSMA7;PSMA2;PSMB1;TUBB1;PSMA3;PSMC6;PSMF1;PSMA1;PSMC1;PSMC2;PSME1;TUBB6;PSMD11;TUBA4A;PSMD5;TUBB2A;PSMD7;TUBA1B;PSMC3;PSME2;PSMD12;PSMD3;PSMC4;TUBB4A;PSMD2;PRKAR1A;RPS27A;GNAS;TUBB4B;PSMD13","Reactome",NA
"R-HSA-5617833",0.00335219873539631,0.0623468848215298,0.431707695803346,0.314044944635931,1.67297362576186,27,"DCTN1;AKAP9;CCT4;YWHAG;TUBB1;EXOC8;TUBB6;PPP2R1A;CCT3;TUBA4A;TUBB2A;TUBA1B;CCT8;HSP90AA1;RAB8A;CCT5;CCT2;TUBA8;TUBB4A;YWHAE;ARF4;MAPRE1;TCP1;TUBB;DYNC1H1;TUBB4B","Reactome","Up"
"R-HSA-5619084",NA,NA,NA,0.299492385786802,NA,35,"PSMD1;PSMB5;ABCB6;PSMB2;PSMB6;PSMD14;APOA1;PSMA6;PSMA4;PSMA5;PSMC5;PSMB4;PSMA7;PSMA2;PSMB1;PSMA3;PSMC6;PSMF1;PSMA1;PSMC1;PSMC2;PSME1;PSMD11;PSMD5;PSMD7;PSMC3;PSME2;PSMD12;PSMD3;PSMC4;PSMD2;RPS27A;VCP;PSMD13;ABCB4","Reactome",NA
"R-HSA-5619115",NA,NA,NA,0.212632257904741,NA,42,"PSMD1;CP;PSMB5;ABCB6;PSMB2;PSMB6;PSMD14;APOA1;PSMA6;PSMA4;PSMA5;PSMC5;PSMB4;PSMA7;PSMA2;PSMB1;PSMA3;PSMC6;PSMF1;PSMA1;PSMC1;PSMC2;PSME1;HK1;PSMD11;PSMD5;SLC4A1;PSMD7;PSMC3;PSME2;PSMD12;HEPH;PSMD3;PSMC4;SLC2A1;PSMD2;RPS27A;VCP;PSMD13;BSG;ABCB4","Reactome",NA
"R-HSA-5620912",0.0791626408932171,0.364749383356089,0.287805130535564,0.385438972162741,1.50744093414223,13,"DCTN1;AKAP9;YWHAG;PPP2R1A;TUBA4A;HSP90AA1;RAB8A;TUBB4A;YWHAE;MAPRE1;TUBB;DYNC1H1;TUBB4B","Reactome","Up"
"R-HSA-5620920",0.454545454545455,1,0.261663521711573,0.287037037037037,0.974455466069267,10,"CCT4;EXOC8;CCT3;CCT8;RAB8A;CCT5;CCT2;ARF4;TCP1","Reactome","Up"
"R-HSA-5621481",1,1,0,-0.101605852682059,-0.316961164156522,49,"FCER1G;ICAM3;MUC5B;MUC1;MUC20;KRAS;PSMD13;LYN;RPS27A;PAK2;PSMD2;NRAS;PSMC4;PSMD3;SRC;PSMD12;PSME2;PSMC3;PSMD7;PSMD5;PSMD11;UBE2V1;PSME1;UBE2N;PSMC2;ICAM2;PSMC1;PSMA1;PSMF1;PSMC6;PSMA3","Reactome","Down"
"R-HSA-5625740",0.0218504985777482,0.193989792251228,0.352487857583619,0.40385989992852,1.66909401689478,15,"H2BC26;YWHAQ;YWHAG;MYL6;MYH11;MYH9;MYL9;YWHAH;YWHAE;RHOA;H4C16;YWHAZ;YWHAB;H3C12;RAC1","Reactome","Up"
"R-HSA-5626467",0.275014795302705,0.833619603801672,0.203508959461977,0.266428571428571,1.07045549387722,14,"TUBB1;IQGAP2;ACTB;TUBB6;TUBA4A;TUBB2A;TUBA1B;IQGAP1;TUBA8;TUBB4A;RAC1;TUBB4B;CDH1;CDC42","Reactome","Up"
"R-HSA-5628897",0.023263809439314,0.201619681807388,0.352487857583619,0.444682369735903,1.73914018883446,13,"YWHAQ;PRDX2;YWHAG;GPI;G6PD;PRDX1;PRDX5;LAMTOR1;YWHAH;TXN;YWHAE;YWHAZ;YWHAB","Reactome","Up"
"R-HSA-5632684",NA,NA,NA,0.359363702096891,NA,31,"PSMD1;PSMB5;PSMB2;PSMB6;PSMD14;PSMA6;PSMA4;PSMA5;PSMC5;PSMB4;PSMA7;PSMA2;PSMB1;PSMA3;PSMC6;PSMF1;PSMA1;PSMC1;PSMC2;PSME1;PSMD11;PSMD5;PSMD7;PSMC3;PSME2;PSMD12;PSMD3;PSMC4;PSMD2","Reactome",NA
"R-HSA-5653656",0.947052947052947,1,0.010787337352153,-0.23848545099325,-0.802046737628093,134,"MIA3;MAN2A2;HYOU1;GALNT1;MAN2A1;JCHAIN;CD59;CLTCL1;CALR;LMAN1;SSC5D;RAB7A;APOE;AMBP;RAB5C;GOLIM4;F5;CYTH1;MASP1;RAB5A;RAB1A;GALNT2;ARF6;LMAN2;CD36;PLIN3;SAA1;RAB14;NAPA;HSP90B1;COLEC11;HSPA8;RAB8B;MAN1A1;LRP2;LNPEP;CTSC;VPS4B;LRP1;SCGB3A2;ASPSCR1;SNAP23;APP;RAB5B;RAB1B;ARPC5;IL7R;TUBB4B;MIA2;SAR1B;STXBP3;RAC1;RPS27A;TFRC;DYNC1H1;RAB11B;CHMP6;AP2M1;SERPINA1;YWHAB;ACTR3;YKT6;YWHAZ;CAPZA1;TXNDC5;RAB21;DNM2;GABARAPL2;RAB10;ARF4;YWHAE;TUBB4A","Reactome","Down"
"R-HSA-5654736",0.805555555555556,1,0.0261139619405561,-0.316169899985171,-0.783741442550872,10,"MAPK1;KRAS;TGFBR3;RPS27A;PPP2CA;NRAS;FGFR1","Reactome","Down"
"R-HSA-5654738",0.831196581196581,1,0.0244268887168729,-0.304174630034363,-0.754006827790028,10,"MAPK1;FGFBP2;KRAS;RPS27A;PPP2CA;NRAS","Reactome","Down"
"R-HSA-5658442",NA,NA,NA,0.306521739130435,NA,34,"PSMD1;PSMB5;PSMB2;PSMB6;PSMD14;PSMA6;PSMA4;PSMA5;PSMC5;PSMB4;PSMA7;PSMA2;PSMB1;PSMA3;PSMC6;PSMF1;PSMA1;PSMC1;PSMC2;PSME1;PSMD11;PSMD5;RASA3;PSMD7;PSMC3;PSME2;PSMD12;PSMD3;PSMC4;NRAS;PSMD2","Reactome",NA
"R-HSA-5663202",0.999000999000999,1,0.0014426950408889,-0.159108469634407,-0.51895034744516,86,"PDGFRB;KIAA1549;FN1;FGA;MAPK1;FGG;MSN;TGFB1;RAP1A;ITGB3;FGB;RAC2;RHOG;KRAS;ITGA2B;FGFR3;PSMD13;LYN;VCP;RAP1B;ADAM10;RAC1;RPS27A;PPP2CA;VWF;YWHAB;FAM114A2;PRKAR1A;PSMD2;NRAS;YES1;ATIC;FGFR1;PSMC4;LMNA;VCL;HSP90AA1;PSMD3;BIN2;SRC;PSMD12;IQGAP1;EEF1G;PSME2;PSMC3;TLN1;PSMD7;CDC37;PSMD5;CLTC;MYH9;PPP2R1A;PSMD11;ACTB;PSME1;GRB2;PSMC2;PEBP1;PSMC1","Reactome","Down"
"R-HSA-5663205",0.983016983016983,1,0.00599657425469861,-0.224830922381658,-0.767681517260453,179,"HSPG2;GPC1;MAN1B1;GPC4;AGRN;NRP1;EDEM2;MGAT1;RPLP2;PRKCSH;GALNT1;MAN2A1;ENO1;CALR;MAPK1;RAB7A;GPC6;ITGA4;ATP1A1;GNG5;MASP2;TGFB1;CANX;GNB2;MASP1;DNAJC3;RPLP0;RAB5A;GNAI2;ITGB1;CD9;RPLP1;ST6GAL1;MGAT4B;CDC42;BST2;PPIB;ANTXR1;RPL4;SDC4;HLA-B;ST3GAL1;ENTPD5;GANAB;MGAT5;C3;RPSA;CDH1;VPS4B;LTF;APP;PSMD13;HLA-A;HLA-C;HSP90AB1;LYN;ARPC5;VCP;WASF2;TUBB4B;SAR1B;GNAS;MGAT2;RAC1;RPS27A;DYNC1H1;TUBB;PAK2;FCGR3A;PDCD6IP;CHMP6;H3C12;AP2M1;YWHAB;RAN","Reactome","Down"
"R-HSA-5663213",0.92798353909465,1,0.0151147394041638,-0.244294009859904,-0.656257360281084,15,"MAPK1;CDC42;ARPC5;WASF2;RAC1;ACTR3;NCKAP1L;ARPC3;ARPC1B;CYFIP1;ARPC4;ACTR2;ACTB;GRB2","Reactome","Down"
"R-HSA-5663220",0.193818299509305,0.66556472661686,0.249246554383295,0.212683300908912,0.928034130423205,22,"TUBB1;RANGAP1;FMNL1;ACTB;TUBB6;PPP2R1A;TUBA4A;TUBB2A;TUBA1B;PFN1;SRC;TUBA8;TUBB4A;MAPRE1;RHOA;DIAPH1;PPP2CA;DYNC1H1;RAC1;TUBB4B","Reactome","Up"
"R-HSA-5668541",NA,NA,NA,0.359623733719247,NA,32,"PSMD1;PSMB5;PSMB2;PSMB6;PSMD14;PSMA6;PSMA4;PSMA5;SKP1;PSMC5;PSMB4;PSMA7;PSMA2;PSMB1;PSMA3;PSMC6;PSMF1;PSMA1;PSMC1;PSMC2;PSME1;PSMD11;PSMD5;PSMD7;PSMC3;PSME2;PSMD12;PSMD3;PSMC4;PSMD2","Reactome",NA
"R-HSA-5668914",3.17114252294084e-05,0.00115429587835047,0.557332238758646,-0.527393895024453,-1.66937029872343,58,"ACAN;HSPG2;OMD;DCN;GPC1;NCAN;MAN1B1;FMOD;GPC4;CHST3;VCAN;AGRN;CSPG5;B4GALT1;CSPG4;ADAMTS13;SPON2;THSD1;ADAMTSL4;LUM;BGN;GPC6;B4GAT1;BCAN;MUC5B;PRELP;IDS;MUC1;MUC20;DAG1;SDC4","Reactome","Down"
"R-HSA-5673001",0.999000999000999,1,0.0014426950408889,-0.155290059369309,-0.494021406972373,63,"PDGFRB;NCAM1;FN1;FGA;MAPK1;FGG;RAP1A;ITGB3;FGB;ANGPT1;KRAS;ITGA2B;FGFR3","Reactome","Down"
"R-HSA-5674135",0.488752556237219,1,0.0477342401407188,-0.361885103738159,-1.00987740797808,19,"FN1;FGA;MAPK1;FGG;RAP1A;ITGB3;FGB;KRAS;ITGA2B;RAP1B;VWF;YWHAB","Reactome","Down"
"R-HSA-5676590",NA,NA,NA,0.359623733719247,NA,32,"PSMD1;PSMB5;PSMB2;PSMB6;PSMD14;PSMA6;PSMA4;PSMA5;SKP1;PSMC5;PSMB4;PSMA7;PSMA2;PSMB1;PSMA3;PSMC6;PSMF1;PSMA1;PSMC1;PSMC2;PSME1;PSMD11;PSMD5;PSMD7;PSMC3;PSME2;PSMD12;PSMD3;PSMC4;PSMD2","Reactome",NA
"R-HSA-5678895",NA,NA,NA,0.359623733719247,NA,32,"PSMD1;PSMB5;PSMB2;PSMB6;PSMD14;PSMA6;PSMA4;PSMA5;PSMC5;PSMB4;PSMA7;PSMA2;PSMB1;PSMA3;PSMC6;PSMF1;PSMA1;PSMC1;PSMC2;PSME1;PSMD11;PSMD5;PSMD7;PSMC3;PSME2;PSMD12;PSMD3;PSMC4;PSMD2;RPS27A;VCP;PSMD13","Reactome",NA
"R-HSA-5683057",0.999000999000999,1,0.0014426950408889,-0.174769445290358,-0.560629217290059,70,"PDGFRB;NCAM1;FN1;FGA;MAPK1;FGG;RAP1A;ITGB3;FGB;CDC42;ANGPT1;KRAS;ITGA2B;FGFR3;HSPB1;PSMD13;RAP1B;RAC1;RPS27A;PPP2CA;PAK2;VWF;YWHAB","Reactome","Down"
"R-HSA-5684996",0.999000999000999,1,0.0014426950408889,-0.153924429826743,-0.489932138944499,64,"PDGFRB;NCAM1;FN1;FGA;MAPK1;FGG;RAP1A;ITGB3;FGB;ANGPT1;KRAS;ITGA2B;FGFR3;PSMD13;RAP1B;RPS27A;PPP2CA;VWF;YWHAB;PSMD2;NRAS;FGFR1;PSMC4;VCL;PSMD3;SRC;PSMD12;IQGAP1;IL6ST;PSME2;PSMC3;TLN1;PSMD7;RASA3;PSMD5;SPTA1;PPP2R1A;PSMD11;ACTB;PSME1;GRB2;PSMC2;PEBP1;PSMC1;PSMA1;PSMF1;PSMC6;PSMA3","Reactome","Down"
"R-HSA-5686938",0.061965811965812,0.341750841750842,0.184706471207739,-0.557886583008057,-1.38292366024412,10,"FGA;FGG;LBP;CD36;FGB;CD14","Reactome","Down"
"R-HSA-5687128",NA,NA,NA,0.270878721859114,NA,37,"PSMD1;PSMB5;SEPTIN7;PSMB2;PSMB6;PSMD14;PSMA6;PSMA4;PSMA5;PRKACB;PSMC5;PSMB4;PSMA7;PSMA2;PSMB1;PSMA3;PSMC6;PSMF1;PSMA1;PSMC1;PSMC2;PSME1;PSMD11;PSMD5;PSMD7;PSMC3;PSME2;PSMD12;PSMD3;PSMC4;PSMD2;PAK2;RPS27A;RAC1;PSMD13;HSPB1;CDC42","Reactome",NA
"R-HSA-5688426",NA,NA,NA,0.251225324615233,NA,45,"PSMD1;PSMB5;PSMB2;USP14;PSMB6;PSMD14;PSMA6;TNKS2;PSMA4;PSMA5;H2BC26;USP9X;PSMC5;PSMB4;PSMA7;PSMA2;PSMB1;USP19;PSMA3;IDE;PSMC6;PSMF1;PSMA1;PSMC1;PSMC2;PSME1;ACTB;PSMD11;PSMD5;USP5;PSMD7;PSMC3;PSME2;PSMD12;USP47;USP15;PSMD3;PSMC4;PSMD2;RHOA;RPS27A;VCP;PSMD13;SNX3","Reactome",NA
"R-HSA-5689603",NA,NA,NA,0.269355433107375,NA,34,"PSMD1;PSMB5;PSMB2;PSMB6;PSMD14;PSMA6;PSMA4;PSMA5;PSMC5;PSMB4;PSMA7;PSMA2;PSMB1;PSMA3;PSMC6;PSMF1;PSMA1;PSMC1;PSMC2;PSME1;ACTB;PSMD11;PSMD5;PSMD7;PSMC3;PSME2;PSMD12;USP15;PSMD3;PSMC4","Reactome",NA
"R-HSA-5689880",NA,NA,NA,0.324836125273125,NA,41,"PSMD1;PSMB5;PSMB2;USP14;PSMB6;PSMD14;PSMA6;TNKS2;PSMA4;PSMA5;H2BC26;USP9X;PSMC5;PSMB4;PSMA7;PSMA2;PSMB1;USP19;PSMA3;IDE;PSMC6;PSMF1;PSMA1;PSMC1;PSMC2;PSME1;PSMD11;PSMD5;USP5;PSMD7;PSMC3;PSME2;PSMD12;USP47;USP15;PSMD3","Reactome",NA
"R-HSA-5694530",0.121794871794872,0.515503875968992,0.127505315300183,-0.521824478078556,-1.29353069102032,10,"MIA3;CD59;LMAN1;F5;LMAN2;CTSC;MIA2;SAR1B;SERPINA1","Reactome","Down"
"R-HSA-597592",0.271728271728272,0.831168831168831,0.0747385227439092,-0.306697012938968,-1.06044201401201,251,"DMP1;SPP2;MAN1B1;ST3GAL6;SPARCL1;CSF1;VCAN;GPLD1;RABGGTA;MIA3;CD109;EDEM2;MGAT1;ST8SIA5;FN1;MAN2A2;APOA5;ASPH;PRKCSH;FGA;B4GALT1;GALNT1;LAMB2;MAN2A1;ADAMTS13;SPON2;THSD1;CD59;CALR;MFGE8;ADAMTSL4;LMAN1;FGG;SPP1;RAB7A;APOE;RAB5C;GOLM1;F5;SERPINC1;IGFBP1;B4GAT1;HNRNPC;LAMC1;GALNT15;TGFB1;CANX;NUCB1;ST8SIA4;DNAJC3;GALNT5;RAB5A;RAB1A;GALNT2;SAE1;MUC5B;LMAN2;TNC;LAMB1;RAB14;VWA1;NAPA;NOTUM;ST6GAL1;MGAT4B;HSP90B1;HSPA8;GAS6;RAB8B;MUC1;TPST2;MAN1A1;QSOX1;SUMF2;LGALS1;MUC20;RCN1;MGAT3;DAG1;MSLN;ST3GAL1;APLP2;GANAB;B3GNT2;ASGR2;MGAT5;C3;SNX3;SERPINA10;FSTL1;CTSC;AHSG;ADAMTSL2;APP;PSMD13;RAB5B;HLA-A;ITIH2;RAB1B;VCP;PROS1;TUBB4B;MIA2;SAR1B;CHGB;ADAM10;IGFBP7;MGAT2;UGGT1;F7;RPS27A;PRKDC;DYNC1H1;RAB11B;SERPINA1;PDIA3;CTSA;P4HB;CALU;F9;CHST10;IGFBP5;THBS2;YKT6;CAPZA1;ALPL;CDH2;B3GNT7;RAB21;EIF5A;H4C16;C4A;RHOA;LTBP1;PSMD2;PCSK9;PRSS23;RAB10;APOA2;CHRDL1","Reactome","Down"
"R-HSA-6785807",0.0080065825751048,0.116575842293526,0.380730400722792,-0.538837941037394,-1.54535898414894,23,"VCAM1;FN1;FCER2;TGFB1;LBP;MMP2;ITGB1;CD36;SAA1;FSCN1;HSP90B1;HSPA8;MUC1;ITGB2;MMP3","Reactome","Down"
"R-HSA-6791226",0.730371900826446,1,0.0294227657846801,-0.315615531971424,-0.838453102688319,14,"RPLP2;RPLP0;RPLP1;NCL;RPL4;RPSA","Reactome","Down"
"R-HSA-6798695",0.966033966033966,1,0.00855469372683394,-0.232966565482051,-0.798345121219021,195,"TSPAN14;SERPINA3;ATP6AP2;CD58;PTX3;FCER1G;B4GALT1;CD44;CD59;MAPK1;RAB7A;RAB5C;CRISPLD2;PTPRC;PRSS3;ACTR1B;RAP1A;DNAJC3;ANXA2;CD47;CD36;RAB14;HRNR;HSPA8;CR1;CTSS;QSOX1;CTSB;ITGAL;ITGB2;BST2;RHOG;HLA-B;PSAP;CALML5;FLG2;IDH1;PTPRB;C3;PTPRJ;SERPINB1;CTSC;LTF;AHSG;SNAP23;STOM;PSMD13;RAB5B;HLA-C;CD14;HSP90AB1;ARPC5;CAMP;MVP;VCP;PECAM1;RAP1B;TUBB4B;ERP44;ADAM10;SERPINB12;DSC1;RAC1;PRG2;SERPINB3;TIMP2;RAP2B;DSG1;ADGRE5;DYNC1H1;TUBB;CAPN1;CFD;S100A7;SERPINA1;CTSA;ITGAM;LTA4H;DIAPH1;ANPEP;ITGAV;TTR;MMP9;TXNDC5;S100A11;NCKAP1L;RHOA;ARG1;PSMD2;SDCBP;NRAS;FCN1;SELL;RAB10;HUWE1;PGM1;KRT1;CTSD;CCT2;JUP;HPSE;RAB18;LAMP1;FABP5;VCL;DSP;MMP25;PDAP1;MPO;HSP90AA1;PSMD3;COTL1;ORM2;LAMTOR1;B2M;CCT8;IGF2R;EEF2;CAND1;BIN2;CYFIP1;PTPN6;PSMD12;APRT;IQGAP1;PPIA;CYB5R3;PAFAH1B2;PSMC3;C6orf120;HBB;DNAJC13;PKM;ACTR2;PSMD7","Reactome","Down"
"R-HSA-6802946",0.488752556237219,1,0.0477342401407188,-0.361885103738159,-1.00987740797808,19,"FN1;FGA;MAPK1;FGG;RAP1A;ITGB3;FGB;KRAS;ITGA2B;RAP1B;VWF;YWHAB","Reactome","Down"
"R-HSA-6802948",0.488752556237219,1,0.0477342401407188,-0.361885103738159,-1.00987740797808,19,"FN1;FGA;MAPK1;FGG;RAP1A;ITGB3;FGB;KRAS;ITGA2B;RAP1B;VWF;YWHAB","Reactome","Down"
"R-HSA-6802949",0.488752556237219,1,0.0477342401407188,-0.361885103738159,-1.00987740797808,19,"FN1;FGA;MAPK1;FGG;RAP1A;ITGB3;FGB;KRAS;ITGA2B;RAP1B;VWF;YWHAB","Reactome","Down"
"R-HSA-6802952",0.523955147808359,1,0.0444181153081573,-0.342912923010588,-0.983456297333021,23,"KIAA1549;FN1;FGA;MAPK1;FGG;RAP1A;ITGB3;FGB;KRAS;ITGA2B","Reactome","Down"
"R-HSA-6802955",0.488752556237219,1,0.0477342401407188,-0.361885103738159,-1.00987740797808,19,"FN1;FGA;MAPK1;FGG;RAP1A;ITGB3;FGB;KRAS;ITGA2B;RAP1B;VWF;YWHAB","Reactome","Down"
"R-HSA-6802957",0.523955147808359,1,0.0444181153081573,-0.342912923010588,-0.983456297333021,23,"KIAA1549;FN1;FGA;MAPK1;FGG;RAP1A;ITGB3;FGB;KRAS;ITGA2B","Reactome","Down"
"R-HSA-6803157",0.0787321063394683,0.364749383356089,0.158514105424824,-0.491691060325962,-1.35184360877441,17,"ITLN1;PRSS3;BPIFB1;PGLYRP2;CLU;LTF;CAMP;DCD;S100A7A;CHGA;S100A7","Reactome","Down"
"R-HSA-6805567",0.885,1,0.0165175643261291,-0.250572892843384,-0.764101370179275,37,"CAPNS1;DSC2;DSC3;SPINK5;KRT80;CSTA;DSG2;PCSK6;DSC1;DSG1;CAPN1;FLG;KRT6B;KRT76;KRT71;KRT10;KRT1;TGM1;JUP;KRT5;KRT9;DSP;KRT77;KRT14;KRT2;KRT13;KRT6A","Reactome","Down"
"R-HSA-6806667",0.114720812182741,0.497123519458545,0.128142916898415,-0.451687104306581,-1.27451152796585,20,"HSPG2;GPC1;GPC4;AGRN;APOE;GPC6;LPL","Reactome","Down"
"R-HSA-6806834",0.0456389452332657,0.281569085845911,0.211400189384923,-0.472781998462641,-1.37240030995319,25,"COL11A2;FN1;LAMB2;LAMC1;RAP1A;ARF6;ITGB1;LAMB1;LAMA4;COL5A1;MUC20;KRAS;PTPRJ;RAP1B;ITGA2;RAC1;LAMA2;RPS27A","Reactome","Down"
"R-HSA-6807070",NA,NA,NA,0.25551079008065,NA,34,"PSMD1;PSMB5;PSMB2;PSMB6;PSMD14;PSMA6;TNKS2;PSMA4;PSMA5;PSMC5;PSMB4;PSMA7;PSMA2;PSMB1;PSMA3;PSMC6;PSMF1;PSMA1;PSMC1;PSMC2;PSME1;PSMD11;PSMD5;PSMD7;PSMC3;PSME2;PSMD12;LAMTOR1;PSMD3;PSMC4","Reactome",NA
"R-HSA-6807878",0.960325534079349,1,0.0112106917277743,-0.218690204567846,-0.636051600045588,26,"CD59;RAB1A;NAPA;RAB1B;TUBB4B;DYNC1H1;YKT6;CAPZA1;ARF4;TUBB4A;TUBA8;CAPZB;COPA;TUBA1B;TUBB2A;SPTA1;TUBA4A;ARF1;CAPZA2;TUBB6;ANK1","Reactome","Down"
"R-HSA-6809371",0.885,1,0.0165175643261291,-0.250572892843384,-0.764101370179275,37,"CAPNS1;DSC2;DSC3;SPINK5;KRT80;CSTA;DSG2;PCSK6;DSC1;DSG1;CAPN1;FLG;KRT6B;KRT76;KRT71;KRT10;KRT1;TGM1;JUP;KRT5;KRT9;DSP;KRT77;KRT14;KRT2;KRT13;KRT6A","Reactome","Down"
"R-HSA-6811434",0.932098765432099,1,0.0147735037814303,-0.238168779132742,-0.639802893180458,15,"RAB1A;NAPA;RAB1B;TUBB4B;ARF4;TUBB4A;TUBA8;COPA;TUBA1B;TUBB2A;TUBA4A;ARF1;TUBB6","Reactome","Down"
"R-HSA-6811436",0.933741080530071,1,0.0138978052489646,-0.229538980164766,-0.636949877999879,18,"GALNT1;GALNT2;TUBB4B;DYNC1H1;CAPZA1;TUBB4A;TUBA8;RAB18;CAPZB;PAFAH1B2;TUBA1B;TUBB2A;TUBA4A;CAPZA2;RAB6B;TUBB6","Reactome","Down"
"R-HSA-6811438",0.0272921241911761,0.224612144508425,0.352487857583619,-0.597118152509719,-1.5071774850175,11,"MAN2A2;MAN2A1;GOLIM4;CYTH1;NAPA;MAN1A1","Reactome","Down"
"R-HSA-6811442",0.804413239719157,1,0.0227269260340067,-0.273856464290064,-0.83019572982058,35,"MAN2A2;GALNT1;MAN2A1;GOLIM4;CYTH1;RAB1A;GALNT2;PLIN3;NAPA;MAN1A1","Reactome","Down"
"R-HSA-6811558",0.661157024793388,1,0.0342688261591917,-0.333845889729238,-0.88688322882844,14,"PDGFRB;MAPK1;RAC2;RHOG;FGFR3;RAC1;PPP2CA","Reactome","Down"
"R-HSA-6814122",0.937629937629938,1,0.0151147394041638,-0.244974754554367,-0.639920032296661,13,"GNG5;GNB2;GNA11;TCP1;CCT2;CCT5;GNAQ;CCT8;GNG2;CCT3","Reactome","Down"
"R-HSA-68867",NA,NA,NA,0.360406091370558,NA,35,"PSMD1;PSMB5;PSMB2;PSMB6;PSMD14;PSMA6;PSMA4;PSMA5;H2BC26;PSMC5;PSMB4;PSMA7;PSMA2;PSMB1;PSMA3;PSMC6;PSMF1;PSMA1;PSMC1;PSMC2;PSME1;PSMD11;KPNB1;PSMD5;PSMD7;PSMC3;PSME2;PSMD12;PSMD3;PSMC4;PSMD2;H4C16;H3C12;RPS27A;PSMD13","Reactome",NA
"R-HSA-68875",0.806794055201699,1,0.0256927476530375,-0.306710330568746,-0.774163208257119,11,"MAPK1;RAB1A;RAB1B;PPP2CA;H3C12;H4C16;LMNA","Reactome","Down"
"R-HSA-68877",0.00600483868068914,0.0950330991204717,0.407017918923954,0.387096774193548,1.73945125309773,19,"DCTN1;AKAP9;YWHAG;TUBB1;RANGAP1;TUBB6;PPP2R1A;TUBA4A;TUBB2A;TUBA1B;HSP90AA1;TUBA8;TUBB4A;YWHAE;MAPRE1;PPP2CA;TUBB;DYNC1H1;TUBB4B","Reactome","Up"
"R-HSA-68882",NA,NA,NA,0.36463683052091,NA,51,"PSMD1;PSMB5;PSMB2;PSMB6;PSMD14;PSMA6;PSMA4;PSMA5;PSMC5;PSMB4;PSMA7;PSMA2;PSMB1;TUBB1;RANGAP1;PSMA3;PSMC6;PSMF1;PSMA1;IST1;PSMC1;PSMC2;BANF1;PSME1;TUBB6;PSMD11;PPP2R1A;TUBA4A;KPNB1;PSMD5;TUBB2A;PSMD7;TUBA1B;PSMC3;PSME2;SPAST;PSMD12;PSMD3;LMNA;TUBA8;PSMC4;TUBB4A;MAPRE1;PSMD2;RAN;CHMP6;PPP2CA;DYNC1H1;RPS27A;TUBB4B;PSMD13","Reactome",NA
"R-HSA-68886",NA,NA,NA,0.27591119446688,NA,64,"PSMD1;PSMB5;DCTN1;PSMB2;PSMB6;AKAP9;PSMD14;PSMA6;PSMA4;PSMA5;H2BC26;PSMC5;PSMB4;YWHAG;PSMA7;PSMA2;PSMB1;TUBB1;RAB2A;RANGAP1;PSMA3;PSMC6;PSMF1;PSMA1;IST1;PSMC1;PSMC2;BANF1;PSME1;TUBB6;PSMD11;PPP2R1A;TUBA4A;KPNB1;PSMD5;TUBB2A;PSMD7;TUBA1B;PSMC3;PSME2;SPAST;PSMD12;PSMD3;HSP90AA1;LMNA;TUBA8;PSMC4;TUBB4A;YWHAE;MAPRE1;PSMD2;H4C16;RAN;H3C12;CHMP6;PPP2CA;TUBB;DYNC1H1;RPS27A;TUBB4B;RAB1B;PSMD13","Reactome",NA
"R-HSA-68949",NA,NA,NA,0.359623733719247,NA,32,"PSMD1;PSMB5;PSMB2;PSMB6;PSMD14;PSMA6;PSMA4;PSMA5;SKP1;PSMC5;PSMB4;PSMA7;PSMA2;PSMB1;PSMA3;PSMC6;PSMF1;PSMA1;PSMC1;PSMC2;PSME1;PSMD11;PSMD5;PSMD7;PSMC3;PSME2;PSMD12;PSMD3;PSMC4;PSMD2","Reactome",NA
"R-HSA-69002",NA,NA,NA,0.360406091370558,NA,35,"PSMD1;PSMB5;PSMB2;PSMB6;PSMD14;PSMA6;PSMA4;PSMA5;H2BC26;PSMC5;PSMB4;PSMA7;PSMA2;PSMB1;PSMA3;PSMC6;PSMF1;PSMA1;PSMC1;PSMC2;PSME1;PSMD11;KPNB1;PSMD5;PSMD7;PSMC3;PSME2;PSMD12;PSMD3;PSMC4;PSMD2;H4C16;H3C12;RPS27A;PSMD13","Reactome",NA
"R-HSA-69017",NA,NA,NA,0.359363702096891,NA,31,"PSMD1;PSMB5;PSMB2;PSMB6;PSMD14;PSMA6;PSMA4;PSMA5;PSMC5;PSMB4;PSMA7;PSMA2;PSMB1;PSMA3;PSMC6;PSMF1;PSMA1;PSMC1;PSMC2;PSME1;PSMD11;PSMD5;PSMD7;PSMC3;PSME2;PSMD12;PSMD3;PSMC4;PSMD2","Reactome",NA
"R-HSA-69052",NA,NA,NA,0.359623733719247,NA,32,"PSMD1;PSMB5;PSMB2;PSMB6;PSMD14;PSMA6;PSMA4;PSMA5;SKP1;PSMC5;PSMB4;PSMA7;PSMA2;PSMB1;PSMA3;PSMC6;PSMF1;PSMA1;PSMC1;PSMC2;PSME1;PSMD11;PSMD5;PSMD7;PSMC3;PSME2;PSMD12;PSMD3;PSMC4;PSMD2","Reactome",NA
"R-HSA-69202",NA,NA,NA,0.359623733719247,NA,32,"PSMD1;PSMB5;PSMB2;PSMB6;PSMD14;PSMA6;PSMA4;PSMA5;SKP1;PSMC5;PSMB4;PSMA7;PSMA2;PSMB1;PSMA3;PSMC6;PSMF1;PSMA1;PSMC1;PSMC2;PSME1;PSMD11;PSMD5;PSMD7;PSMC3;PSME2;PSMD12;PSMD3;PSMC4;PSMD2","Reactome",NA
"R-HSA-69206",NA,NA,NA,0.360144927536232,NA,34,"PSMD1;PSMB5;PSMB2;PSMB6;PSMD14;PSMA6;PSMA4;PSMA5;SKP1;PSMC5;PSMB4;PSMA7;PSMA2;PSMB1;PSMA3;PSMC6;PSMF1;PSMA1;PSMC1;PSMC2;PSME1;PSMD11;PPP2R1A;PSMD5;PSMD7;PSMC3;PSME2;PSMD12;PSMD3;PSMC4;PSMD2;PPP2CA;RPS27A;PSMD13","Reactome",NA
"R-HSA-69239",NA,NA,NA,0.35988414192614,NA,33,"PSMD1;PSMB5;PSMB2;PSMB6;PSMD14;PSMA6;PSMA4;PSMA5;SKP1;PSMC5;PSMB4;PSMA7;PSMA2;RFC1;PSMB1;PSMA3;PSMC6;PSMF1;PSMA1;PSMC1;PSMC2;PSME1;PSMD11;PSMD5;PSMD7;PSMC3;PSME2;PSMD12;PSMD3;PSMC4;PSMD2","Reactome",NA
"R-HSA-69242",NA,NA,NA,0.35988414192614,NA,33,"PSMD1;PSMB5;PSMB2;PSMB6;PSMD14;PSMA6;PSMA4;PSMA5;SKP1;PSMC5;PSMB4;PSMA7;PSMA2;RFC1;PSMB1;PSMA3;PSMC6;PSMF1;PSMA1;PSMC1;PSMC2;PSME1;PSMD11;PSMD5;PSMD7;PSMC3;PSME2;PSMD12;PSMD3;PSMC4;PSMD2","Reactome",NA
"R-HSA-69275",NA,NA,NA,0.364904552129222,NA,52,"PSMD1;PSMB5;DCTN1;PSMB2;PSMB6;AKAP9;PSMD14;PSMA6;PSMA4;PSMA5;SKP1;PSMC5;PSMB4;YWHAG;PSMA7;PSMA2;PSMB1;TUBB1;PSMA3;PSMC6;PSMF1;PSMA1;PSMC1;PSMC2;PSME1;TUBB6;PSMD11;PPP2R1A;TUBA4A;PSMD5;TUBB2A;PSMD7;TUBA1B;PSMC3;PSME2;PSMD12;PSMD3;HSP90AA1;RAB8A;TUBA8;PSMC4;TUBB4A;YWHAE;MAPRE1;PSMD2;PPP2CA;TUBB;DYNC1H1;RPS27A;TUBB4B;HSP90AB1;PSMD13","Reactome",NA
"R-HSA-69278",NA,NA,NA,0.286495477712096,NA,70,"PSMD1;PSMB5;DCTN1;PSMB2;PSMB6;AKAP9;PSMD14;PSMA6;PSMA4;PSMA5;H2BC26;SKP1;PSMC5;PSMB4;YWHAG;PSMA7;PSMA2;RFC1;PSMB1;TUBB1;RAB2A;RANGAP1;PSMA3;PSMC6;PSMF1;PSMA1;IST1;PSMC1;PSMC2;BANF1;PSME1;TUBB6;PSMD11;PPP2R1A;TUBA4A;KPNB1;PSMD5;TUBB2A;PSMD7;TUBA1B;PSMC3;PSME2;SPAST;PSMD12;SRC;PSMD3;HSP90AA1;RAB8A;LMNA;TUBA8;PSMC4;TUBB4A;YWHAE;MAPRE1;PSMD2;H4C16;RAN;H3C12;CHMP6;PPP2CA;TUBB;DYNC1H1;RPS27A;TUBB4B;RAB1B;LYN;HSP90AB1;PSMD13","Reactome",NA
"R-HSA-69306",NA,NA,NA,0.360929557007988,NA,37,"PSMD1;PSMB5;PSMB2;PSMB6;PSMD14;PSMA6;PSMA4;PSMA5;H2BC26;SKP1;PSMC5;PSMB4;PSMA7;PSMA2;RFC1;PSMB1;PSMA3;PSMC6;PSMF1;PSMA1;PSMC1;PSMC2;PSME1;PSMD11;KPNB1;PSMD5;PSMD7;PSMC3;PSME2;PSMD12;PSMD3;PSMC4;PSMD2;H4C16;H3C12;RPS27A;PSMD13","Reactome",NA
"R-HSA-69473",0.0356324720006119,0.242424242424242,0.321775918075361,0.443732193732194,1.50641626640485,10,"H2BC26;YWHAQ;YWHAG;HERC2;UBE2N;YWHAH;YWHAE;H4C16;YWHAZ;YWHAB","Reactome","Up"
"R-HSA-69481",NA,NA,NA,0.361981063364894,NA,41,"PSMD1;PSMB5;PSMB2;PSMB6;PSMD14;PSMA6;PSMA4;PSMA5;H2BC26;YWHAQ;PSMC5;PSMB4;YWHAG;PSMA7;PSMA2;PSMB1;PSMA3;PSMC6;PSMF1;PSMA1;HERC2;PSMC1;PSMC2;UBE2N;PSME1;PSMD11;PSMD5;PSMD7;PSMC3;PSME2;PSMD12;YWHAH;PSMD3;PSMC4;YWHAE;PSMD2;H4C16;YWHAZ;YWHAB;RPS27A","Reactome",NA
"R-HSA-69541",NA,NA,NA,0.359363702096891,NA,31,"PSMD1;PSMB5;PSMB2;PSMB6;PSMD14;PSMA6;PSMA4;PSMA5;PSMC5;PSMB4;PSMA7;PSMA2;PSMB1;PSMA3;PSMC6;PSMF1;PSMA1;PSMC1;PSMC2;PSME1;PSMD11;PSMD5;PSMD7;PSMC3;PSME2;PSMD12;PSMD3;PSMC4;PSMD2","Reactome",NA
"R-HSA-69563",NA,NA,NA,0.359363702096891,NA,31,"PSMD1;PSMB5;PSMB2;PSMB6;PSMD14;PSMA6;PSMA4;PSMA5;PSMC5;PSMB4;PSMA7;PSMA2;PSMB1;PSMA3;PSMC6;PSMF1;PSMA1;PSMC1;PSMC2;PSME1;PSMD11;PSMD5;PSMD7;PSMC3;PSME2;PSMD12;PSMD3;PSMC4;PSMD2","Reactome",NA
"R-HSA-69580",NA,NA,NA,0.359363702096891,NA,31,"PSMD1;PSMB5;PSMB2;PSMB6;PSMD14;PSMA6;PSMA4;PSMA5;PSMC5;PSMB4;PSMA7;PSMA2;PSMB1;PSMA3;PSMC6;PSMF1;PSMA1;PSMC1;PSMC2;PSME1;PSMD11;PSMD5;PSMD7;PSMC3;PSME2;PSMD12;PSMD3;PSMC4;PSMD2","Reactome",NA
"R-HSA-69601",NA,NA,NA,0.359363702096891,NA,31,"PSMD1;PSMB5;PSMB2;PSMB6;PSMD14;PSMA6;PSMA4;PSMA5;PSMC5;PSMB4;PSMA7;PSMA2;PSMB1;PSMA3;PSMC6;PSMF1;PSMA1;PSMC1;PSMC2;PSME1;PSMD11;PSMD5;PSMD7;PSMC3;PSME2;PSMD12;PSMD3;PSMC4;PSMD2","Reactome",NA
"R-HSA-69610",NA,NA,NA,0.359363702096891,NA,31,"PSMD1;PSMB5;PSMB2;PSMB6;PSMD14;PSMA6;PSMA4;PSMA5;PSMC5;PSMB4;PSMA7;PSMA2;PSMB1;PSMA3;PSMC6;PSMF1;PSMA1;PSMC1;PSMC2;PSME1;PSMD11;PSMD5;PSMD7;PSMC3;PSME2;PSMD12;PSMD3;PSMC4;PSMD2","Reactome",NA
"R-HSA-69613",NA,NA,NA,0.359363702096891,NA,31,"PSMD1;PSMB5;PSMB2;PSMB6;PSMD14;PSMA6;PSMA4;PSMA5;PSMC5;PSMB4;PSMA7;PSMA2;PSMB1;PSMA3;PSMC6;PSMF1;PSMA1;PSMC1;PSMC2;PSME1;PSMD11;PSMD5;PSMD7;PSMC3;PSME2;PSMD12;PSMD3;PSMC4;PSMD2","Reactome",NA
"R-HSA-69615",NA,NA,NA,0.359363702096891,NA,31,"PSMD1;PSMB5;PSMB2;PSMB6;PSMD14;PSMA6;PSMA4;PSMA5;PSMC5;PSMB4;PSMA7;PSMA2;PSMB1;PSMA3;PSMC6;PSMF1;PSMA1;PSMC1;PSMC2;PSME1;PSMD11;PSMD5;PSMD7;PSMC3;PSME2;PSMD12;PSMD3;PSMC4;PSMD2","Reactome",NA
"R-HSA-69620",NA,NA,NA,0.3716350460246,NA,46,"PSMD1;PSMB5;PSMB2;PSMB6;PSMD14;PSMA6;PSMA4;PSMA5;H2BC26;YWHAQ;PSMC5;PSMB4;YWHAG;PSMA7;PSMA2;PSMB1;RANGAP1;PSMA3;PSMC6;PSMF1;PSMA1;HERC2;PSMC1;PSMC2;UBE2N;PSME1;PSMD11;PPP2R1A;PSMD5;PSMD7;PSMC3;PSME2;PSMD12;YWHAH;PSMD3;PSMC4;YWHAE;MAPRE1;PSMD2;H4C16;YWHAZ;YWHAB;PPP2CA;DYNC1H1;RPS27A","Reactome",NA
"R-HSA-69656",NA,NA,NA,0.359623733719247,NA,32,"PSMD1;PSMB5;PSMB2;PSMB6;PSMD14;PSMA6;PSMA4;PSMA5;SKP1;PSMC5;PSMB4;PSMA7;PSMA2;PSMB1;PSMA3;PSMC6;PSMF1;PSMA1;PSMC1;PSMC2;PSME1;PSMD11;PSMD5;PSMD7;PSMC3;PSME2;PSMD12;PSMD3;PSMC4;PSMD2","Reactome",NA
"R-HSA-70171",0.844036697247706,1,0.0208547494438027,-0.27331793151821,-0.774080259031318,21,"ENO1;PGP;ENO2;ENO3;GAPDH;ALDOB","Reactome","Down"
"R-HSA-70263",0.455403987408185,1,0.0521630305460055,-0.397309311475687,-1.02419485825846,12,"ENO1;ENO2;ENO3;GAPDH;ALDOB","Reactome","Down"
"R-HSA-70326",0.930682976554536,1,0.0141641602737639,-0.237724609628104,-0.681781725568196,23,"ENO1;PGP;ENO2;ENO3;GAPDH;ALDOB","Reactome","Down"
"R-HSA-71291",1,1,0,-0.119083730750246,-0.372995951731778,52,"ASS1;RPLP2;SLC3A2;GRHPR;RPLP0;RPLP1;RPL4;RPSA;PSMD13;RPS27A;ARG1;PSMD2;PSMC4;RPL10A;RPL12;PSMD3;ALDH9A1;PSMD12;RPL22;PSME2;PSMC3;RPS7;PSMD7;RPS10;RPL18;PSMD5;CPS1;PSMD11;HAL;PSME1;PSMC2;PSMC1;PSMA1;AHCY;PSMF1;PSMC6;PSMA3","Reactome","Down"
"R-HSA-71387",0.00161071494698483,0.0366437650439049,0.45505986738723,-0.454175772725252,-1.46395391999444,73,"ACAN;HSPG2;OMD;DCN;GPC1;NCAN;FMOD;ST3GAL6;GPC4;CHST3;VCAN;AGRN;CSPG5;B4GALT1;CSPG4;HS6ST3;ENO1;CD44;PGP;LUM;BGN;GPC6;B4GAT1;ENO2;BCAN","Reactome","Down"
"R-HSA-72163",0.998950682056663,1,0.0103504582782501,-0.186158348122416,-0.479884104051599,12,"HNRNPC;HSPA8;SRSF6;DDX46;PCBP2;HNRNPU;HNRNPA2B1;PCBP1","Reactome","Down"
"R-HSA-72172",0.998950682056663,1,0.0103504582782501,-0.186158348122416,-0.479884104051599,12,"HNRNPC;HSPA8;SRSF6;DDX46;PCBP2;HNRNPU;HNRNPA2B1;PCBP1","Reactome","Down"
"R-HSA-72203",0.998950682056663,1,0.0103504582782501,-0.186158348122416,-0.479884104051599,12,"HNRNPC;HSPA8;SRSF6;DDX46;PCBP2;HNRNPU;HNRNPA2B1;PCBP1","Reactome","Down"
"R-HSA-72312",0.730371900826446,1,0.0294227657846801,-0.315615531971424,-0.838453102688319,14,"RPLP2;RPLP0;RPLP1;NCL;RPL4;RPSA","Reactome","Down"
"R-HSA-72613",0.959225280326198,1,0.0115202567953401,-0.209349668729041,-0.59291186969597,21,"RPLP2;RPLP0;RPLP1;RPL4;RPSA;RPS27A;RPL10A;RPL12;EIF4A1;RPL22;PABPC1;RPS7;RPS10;RPL18;EIF4G1;EIF5","Reactome","Down"
"R-HSA-72649",0.190749585501982,0.661265229740206,0.249246554383295,0.322166785459729,1.13379987964486,11,"EIF2S1;EIF2S3;EIF4B;EIF3J;EIF4G1;RPS10;RPS7;PABPC1;EIF4A1;RPS27A;RPSA","Reactome","Up"
"R-HSA-72662",0.190749585501982,0.661265229740206,0.249246554383295,0.322166785459729,1.13379987964486,11,"EIF2S1;EIF2S3;EIF4B;EIF3J;EIF4G1;RPS10;RPS7;PABPC1;EIF4A1;RPS27A;RPSA","Reactome","Up"
"R-HSA-72689",0.849173553719008,1,0.0212906370865403,-0.27923979496587,-0.741818601324038,14,"RPLP2;RPLP0;RPLP1;RPL4;RPSA;RPS27A;RPL10A;RPL12;RPL22;RPS7;RPS10;RPL18","Reactome","Down"
"R-HSA-72702",0.190749585501982,0.661265229740206,0.249246554383295,0.322166785459729,1.13379987964486,11,"EIF2S1;EIF2S3;EIF4B;EIF3J;EIF5;EIF4G1;RPS10;RPS7;EIF4A1;RPS27A;RPSA","Reactome","Up"
"R-HSA-72706",0.958375634517767,1,0.0112106917277743,-0.206587969228065,-0.582922881370351,20,"RPLP2;RPLP0;RPLP1;RPL4;RPSA;RPS27A;RPL10A;RPL12;EIF4A1;RPL22;RPS7;RPS10;RPL18;EIF4G1;EIF5","Reactome","Down"
"R-HSA-72737",0.959225280326198,1,0.0115202567953401,-0.209349668729041,-0.59291186969597,21,"RPLP2;RPLP0;RPLP1;RPL4;RPSA;RPS27A;RPL10A;RPL12;EIF4A1;RPL22;PABPC1;RPS7;RPS10;RPL18;EIF4G1;EIF5","Reactome","Down"
"R-HSA-72764",0.769628099173554,1,0.0267456741432593,-0.305495299781517,-0.811568050401597,14,"RPLP2;RPLP0;RPLP1;RPL4;RPSA;RPS27A;RPL10A;RPL12;RPL22;RPS7;RPS10;RPL18","Reactome","Down"
"R-HSA-72766",0.963377416073245,1,0.0108943796561199,-0.213287695183249,-0.6203386203759,26,"RPLP2;RPLP0;RPLP1;WARS1;RPL4;RPSA;RPS27A;RPL10A;RPL12;EIF4A1;EEF2;RPL22;EEF1G;PABPC1;RPS7;RPS10;RPL18;EIF4G1;EIF5","Reactome","Down"
"R-HSA-73857",0.999000999000999,1,0.0014426950408889,-0.158667739488822,-0.517437213828749,85,"RABGGTA;GP1BA;STEAP3;MAPK1;SPP1;APOE;ITGA4;IGFBP1;TGFB1;CR1;ITGAL;ZFHX3;ITGA5;KRAS;ITGA2B;SRSF6;CSF1R;PPM1A;PSMD13;RPS27A;PPP2CA;H3C12;YWHAB;SERPINE1;CCN2;YWHAZ;H4C16;PSMD2;YES1;YWHAE;PF4;HSPD1;PSMC4;TXN;PSMD3;YWHAH;MYL9;LAMTOR1;CTSL;PRDX5;SRC;PSMD12","Reactome","Down"
"R-HSA-74160",0.999000999000999,1,0.0014426950408889,-0.170579647759347,-0.559076965471556,91,"RABGGTA;MBIP;GP1BA;STEAP3;MAPK1;SPP1;APOE;ITGA4;IGFBP1;TGFB1;CR1;ITGAL;ZFHX3;ITGA5;KRAS;ITGA2B;SRSF6;CSF1R;PPM1A;PSMD13;RPS27A;ANG;PPP2CA;H3C12;YWHAB;RAN;SERPINE1;CCN2;YWHAZ;H4C16;PSMD2;YES1;YWHAE;PF4;HSPD1;PSMC4;TXN;HSP90AA1;PSMD3;POLR1F;YWHAH;MYL9;LAMTOR1;CTSL;PRDX5;SRC;PSMD12","Reactome","Down"
"R-HSA-74752",0.736621196222455,1,0.029777461260706,-0.321496589364865,-0.82876274042542,12,"MAPK1;PTPRF;KRAS;FGFR3;ATP6AP1;NRAS;FGFR1;CTSD","Reactome","Down"
"R-HSA-75153",0.0741450732041626,0.364749383356089,0.287805130535564,0.324498567335244,1.33241669146078,18,"DNM1L;H1-4;H1-5;VIM;HMGB1;HMGB2;GSN;ADD1;STK24;DBNL;KPNB1;DSP;LMNA;PLEC;PAK2;DSG1;DSG2;CDH1","Reactome","Up"
"R-HSA-75815",NA,NA,NA,0.359363702096891,NA,31,"PSMD1;PSMB5;PSMB2;PSMB6;PSMD14;PSMA6;PSMA4;PSMA5;PSMC5;PSMB4;PSMA7;PSMA2;PSMB1;PSMA3;PSMC6;PSMF1;PSMA1;PSMC1;PSMC2;PSME1;PSMD11;PSMD5;PSMD7;PSMC3;PSME2;PSMD12;PSMD3;PSMC4;PSMD2","Reactome",NA
"R-HSA-75892",0.0392781316348195,0.2508287704399,0.234392647294686,-0.577334283677833,-1.4572413014588,11,"GP1BA;FCER1G;ITGB1;GP9;GP6;ITGA1;LYN;ITGA2;GP1BB;GP5;VWF","Reactome","Down"
"R-HSA-76002",0.648351648351648,1,0.0336033244336697,-0.286205429755928,-0.955126672252535,118,"SPP2;IGF1;SERPINA3;CD109;TIMP3;FN1;GP1BA;FCER1G;FGA;MAPK1;FGG;PCDH7;F5;GNG5;TGFB1;GNB2;RAP1A;GNAI2;HSPA5;CD9;CD36;LGALS3BP;ITGB3;CHID1;GAS6;QSOX1;CLU;FGB;RAC2;SERPING1;CDC42;GP9;RHOG;GP6;PSAP;APLP2;ITGA2B;SELP;GNA11;AHSG;APP;LYN;ACTN4;SERPINA4;GNA13;PROS1;PECAM1;RAP1B;STXBP3;SELENOP;RAC1;GP1BB;GP5;VWF;CFD;SERPINA1;CALU;SERPINE1;SERPINF2;YWHAZ;RASGRP2;ANXA5;ITIH4;RHOA","Reactome","Down"
"R-HSA-76005",0.732267732267732,1,0.0275885895800029,-0.275638102743089,-0.901260390848453,89,"SPP2;IGF1;SERPINA3;CD109;TIMP3;FN1;FGA;FGG;PCDH7;F5;TGFB1;HSPA5;CD9;CD36;LGALS3BP;ITGB3;CHID1;GAS6;QSOX1;CLU;FGB;SERPING1;PSAP;APLP2;ITGA2B;SELP;AHSG;APP;ACTN4;SERPINA4;PROS1;PECAM1;STXBP3;SELENOP;VWF;CFD;SERPINA1;CALU;SERPINE1;SERPINF2;ANXA5;ITIH4;ECM1;FERMT3;PF4;KNG1;PLG;HRG;VCL;STXBP2;SRGN;ORM2;ALB;SPARC;RARRES2;ACTN1;ITIH3;F13A1;F8;PPIA;MMRN1;ISLR;PLEK;IGF2;PFN1;TLN1","Reactome","Down"
"R-HSA-76009",0.168195718654434,0.637742099898063,0.102821842840815,-0.444116398008444,-1.23238277579768,18,"FN1;GP1BA;FGA;FGG;RAP1A;ITGB3;FGB;GP9;ITGA2B;RAP1B;GP1BB;GP5;VWF","Reactome","Down"
"R-HSA-877300",0.0683760683760684,0.363229322577699,0.175204047558551,-0.55424806699888,-1.37390428241622,10,"NCAM1;VCAM1;CD44;MAPK1;HLA-B;HLA-A;HLA-C;ICAM1","Reactome","Down"
"R-HSA-8852135",0.123540394779321,0.516881651720378,0.287805130535564,0.355413105413105,1.20658381530661,10,"UBE2Q2;USP9X;UBA1;UBE2N;UBE2L3;USP5;PRKDC;RPS27A;VCP;HLA-A","Reactome","Up"
"R-HSA-8852276",NA,NA,NA,0.362244897959184,NA,42,"PSMD1;PSMB5;PSMB2;PSMB6;PSMD14;PSMA6;PSMA4;PSMA5;PSMC5;PSMB4;PSMA7;PSMA2;PSMB1;TUBB1;PSMA3;PSMC6;PSMF1;PSMA1;PSMC1;PSMC2;PSME1;TUBB6;PSMD11;TUBA4A;PSMD5;TUBB2A;PSMD7;TUBA1B;PSMC3;PSME2;PSMD12;PSMD3;HSP90AA1;TUBA8;PSMC4;TUBB4A;MAPRE1;PSMD2;RPS27A;TUBB4B;HSP90AB1;PSMD13","Reactome",NA
"R-HSA-8854050",NA,NA,NA,0.359623733719247,NA,32,"PSMD1;PSMB5;PSMB2;PSMB6;PSMD14;PSMA6;PSMA4;PSMA5;SKP1;PSMC5;PSMB4;PSMA7;PSMA2;PSMB1;PSMA3;PSMC6;PSMF1;PSMA1;PSMC1;PSMC2;PSME1;PSMD11;PSMD5;PSMD7;PSMC3;PSME2;PSMD12;PSMD3;PSMC4;PSMD2","Reactome",NA
"R-HSA-8854214",0.426282051282051,1,0.0560595875032335,-0.417418548398638,-1.03472283504781,10,"RAB7A;RAB5C;RAB5A;ARF6;RAB8B","Reactome","Down"
"R-HSA-8854518",0.0782346190196608,0.364749383356089,0.287805130535564,0.385164051355207,1.42748225213803,12,"DCTN1;AKAP9;YWHAG;PPP2R1A;TUBA4A;HSP90AA1;TUBB4A;YWHAE;MAPRE1;TUBB;DYNC1H1;TUBB4B","Reactome","Up"
"R-HSA-8856688",0.92393509127789,1,0.0143399359768684,-0.240396528637443,-0.697827479655547,25,"GALNT1;RAB1A;GALNT2;NAPA;RAB1B;TUBB4B;DYNC1H1;CAPZA1;ARF4;TUBB4A;TUBA8;RAB18;CAPZB;PAFAH1B2;COPA;TUBA1B;TUBB2A;TUBA4A;ARF1;CAPZA2;RAB6B;TUBB6","Reactome","Down"
"R-HSA-8856825",0.607455267590034,1,NA,0.163313277086269,0.674186964017252,16,"AP2A2;APOB","Reactome","Up"
"R-HSA-8856828",0.996987951807229,1,0.00409492237559551,-0.145910075163812,-0.437585747237369,32,"CLTCL1;RAB5C;RAB5A;ARF6;HSPA8;LRP2;RAB5B;ARPC5;IL7R;RPS27A;TFRC;AP2M1;ACTR3;DNM2;GAPVD1;ARPC3;IGF2R;ARPC4;AP2A1;ACTR2;CLTC;EPS15;TOR1A;ACTB;GRB2;CTTN","Reactome","Down"
"R-HSA-8862803",0.652777777777778,1,0.0364548541965309,-0.359338415470369,-0.890750220428637,10,"CAPNS1;CAPNS2;CAPN2;APP;CAPN1;YWHAE;LMNA","Reactome","Down"
"R-HSA-8863678",0.652777777777778,1,0.0364548541965309,-0.359338415470369,-0.890750220428637,10,"CAPNS1;CAPNS2;CAPN2;APP;CAPN1;YWHAE;LMNA","Reactome","Down"
"R-HSA-8868773",0.730371900826446,1,0.0294227657846801,-0.315615531971424,-0.838453102688319,14,"RPLP2;RPLP0;RPLP1;NCL;RPL4;RPSA","Reactome","Down"
"R-HSA-8873719",0.369120654396728,0.995258653336363,0.0607719451853533,-0.391654155856609,-1.07680454286417,17,"RABGGTA;RAB7A;RAB5C;RAB5A;RAB1A;RAB14;RAB8B;RAB5B;RAB1B;RAB11B;RAB21;RAB10;RAB18;RAB8A","Reactome","Down"
"R-HSA-8874081",0.0415800415800416,0.260950605778192,0.224966093540314,-0.555845101340978,-1.45197171785764,13,"COL11A2;FN1;LAMB2;LAMC1;ITGB1;LAMB1;LAMA4;COL5A1","Reactome","Down"
"R-HSA-8875878",0.0388548057259714,0.2508287704399,0.231126709673834,-0.519392348596421,-1.42800486637062,17,"COL11A2;FN1;LAMB2;LAMC1;RAP1A;ITGB1;LAMB1;LAMA4;COL5A1;RAP1B;ITGA2;RAC1;LAMA2","Reactome","Down"
"R-HSA-8876198",0.415132924335378,1,0.0552495663125249,-0.384089679708022,-1.05600695356406,17,"RAB7A;RAB5C;RAB5A;RAB1A;RAB14;RAB8B;RAB5B;RAB1B;RAB21;RAB10;YWHAE;GAPVD1;RAB18;RAB8A","Reactome","Down"
"R-HSA-8878159",NA,NA,NA,0.117090909090909,NA,39,"PSMD1;PSMB5;PSMB2;PSMB6;PSMD14;PSMA6;PSMA4;PSMA5;PSMC5;PSMB4;PSMA7;PSMA2;PSMB1;PSMA3;PSMC6;PSMF1;PSMA1;PSMC1;PSMC2;PSME1;PSMD11;PSMD5;PSMD7;PSMC3;PSME2;PSMD12;SRC;PSMD3;PSMC4;PSMD2;CCN2;RPS27A;PSMD13;KRAS;ZFHX3;ITGAL;TGFB1;ITGA4;SPP1","Reactome",NA
"R-HSA-8878166",NA,NA,NA,0.220898601145542,NA,37,"PSMD1;PSMB5;PSMB2;PSMB6;PSMD14;PSMA6;PSMA4;PSMA5;SKP1;PSMC5;PSMB4;PSMA7;PSMA2;PSMB1;PSMA3;PSMC6;PSMF1;PSMA1;LGALS3;PSMC1;PSMC2;PSME1;PSMD11;PSMD5;PSMD7;PSMC3;PSME2;PSMD12;SRC;PSMD3;PSMC4;YES1;PSMD2","Reactome",NA
"R-HSA-8878171",NA,NA,NA,0.173222474316739,NA,43,"PSMD1;PSMB5;PSMB2;PSMB6;PSMD14;PSMA6;PSMA4;PSMA5;H2BC26;PSMC5;PSMB4;PSMA7;PSMA2;PSMB1;PSMA3;PSMC6;PSMF1;PSMA1;THBS1;LGALS3;PSMC1;PSMC2;PSME1;PSMD11;PSMD5;PSMD7;PSMC3;PSME2;PSMD12;SRC;CTSL;MYL9;PSMD3;PSMC4;PF4;PSMD2;H4C16;H3C12;RPS27A","Reactome",NA
"R-HSA-8939211",0.674821610601427,1,0.0326513265618535,-0.312384225217668,-0.895901591519566,23,"MAPK1;GNG5;GNB2;MMP2;GNAI2;KRAS;MMP3;HSPB1;HSP90AB1;H3C12;MMP9;CXCL12;H4C16;NRAS;MMP7;CTSD","Reactome","Down"
"R-HSA-8939236",NA,NA,NA,0.360144927536232,NA,34,"PSMD1;PSMB5;PSMB2;PSMB6;PSMD14;PSMA6;PSMA4;PSMA5;H2BC26;PSMC5;PSMB4;PSMA7;PSMA2;PSMB1;PSMA3;PSMC6;PSMF1;PSMA1;PSMC1;PSMC2;PSME1;PSMD11;PSMD5;PSMD7;PSMC3;PSME2;PSMD12;PSMD3;PSMC4;PSMD2;H4C16;H3C12;RPS27A;PSMD13","Reactome",NA
"R-HSA-8939902",NA,NA,NA,0.359623733719247,NA,32,"PSMD1;PSMB5;PSMB2;PSMB6;PSMD14;PSMA6;PSMA4;PSMA5;SKP1;PSMC5;PSMB4;PSMA7;PSMA2;PSMB1;PSMA3;PSMC6;PSMF1;PSMA1;PSMC1;PSMC2;PSME1;PSMD11;PSMD5;PSMD7;PSMC3;PSME2;PSMD12;PSMD3;PSMC4;PSMD2","Reactome",NA
"R-HSA-8941858",NA,NA,NA,0.261646193789752,NA,33,"PSMD1;PSMB5;PSMB2;PSMB6;PSMD14;PSMA6;PSMA4;PSMA5;PSMC5;PSMB4;PSMA7;PSMA2;PSMB1;PSMA3;PSMC6;PSMF1;PSMA1;PSMC1;PSMC2;PSME1;PSMD11;PSMD5;PSMD7;PSMC3;PSME2;PSMD12;SRC;PSMD3;PSMC4","Reactome",NA
"R-HSA-8948216",0.00172257015163656,0.036883266776218,0.45505986738723,-0.729336990926995,-1.80792550271751,10,"COL6A1;COL11A2;COL12A1;COL6A3;COL15A1;COL14A1;COL18A1;COL6A2","Reactome","Down"
"R-HSA-8948751",NA,NA,NA,0.359623733719247,NA,32,"PSMD1;PSMB5;PSMB2;PSMB6;PSMD14;PSMA6;TNKS2;PSMA4;PSMA5;PSMC5;PSMB4;PSMA7;PSMA2;PSMB1;PSMA3;PSMC6;PSMF1;PSMA1;PSMC1;PSMC2;PSME1;PSMD11;PSMD5;PSMD7;PSMC3;PSME2;PSMD12;PSMD3;PSMC4;PSMD2","Reactome",NA
"R-HSA-8950505",0.908997955010225,1,0.0161937051076875,-0.248830603981548,-0.694387259322849,19,"MSN;RPLP0;ANXA2;CDC42;RAP1B;PAK2;TCP1;CAPZA1;HSPA9","Reactome","Down"
"R-HSA-8951664",NA,NA,NA,0.360406091370558,NA,35,"PSMD1;PSMB5;PSMB2;PSMB6;PSMD14;PSMA6;PSMA4;PSMA5;SKP1;PSMC5;PSMB4;PSMA7;PSMA2;PSMB1;PSMA3;PSMC6;PSMF1;PSMA1;PSMC1;PSMC2;PSME1;PSMD11;PSMD5;PSMD7;PSMC3;PSME2;PSMD12;CAND1;PSMD3;PSMC4;OBSL1;PSMD2;RPS27A;VCP;PSMD13","Reactome",NA
"R-HSA-8953854",0.999000999000999,1,0.0014426950408889,-0.118427273075646,-0.379192275898951,68,"RPLP2;HNRNPC;RPLP0;RPLP1;HSPA8;NCL;RPL4;HSPB1;RPSA;SRSF6;PSMD13;RPS27A;PPP2CA;YWHAB;RAN;YWHAZ;PSMD2;PSMC4;RPL10A;DDX46;RPL12;EIF4A1;CLNS1A;PCBP2;HNRNPU;PSMD3;HNRNPA2B1;PSMD12;RPL22;PCBP1;PSME2;PSMC3;PABPC1;RPS7;PSMD7;RPS10;ANP32A;RPL18;PSMD5;EIF4G1;PPP2R1A;PSMD11;PSME1;PSMC2;PSMC1;PSMA1;PSMF1;PSMC6;HNRNPK;PSMA3","Reactome","Down"
"R-HSA-8953897",1,1,0,-0.115718416660734,-0.38719245708846,123,"SOD3;RPLP2;HYOU1;CALR;MAPK1;IGFBP1;DNAJC3;RPLP0;HSPA5;RPLP1;DNAJB9;HSP90B1;HSPA8;RPL4;IDH1;RPSA;PSMD13;HSP90AB1;PDIA5;VCP;TUBB4B;IGFBP7;RPS27A;GPX3;CSRP1;DYNC1H1;H3C12;P4HB;CAPZA1;HSPA9;H4C16;PSMD2;YWHAE;TUBB4A;PSMC4;TUBA8;TXN;RPL10A;GPX1;LMNA;RPL12;HSP90AA1;PSMD3;GCLM;ALB;LAMTOR1;ST13;CAPZB;PRDX5;PRDX3;PSMD12;RPL22;HSPA13;PSME2;PSMC3;TLN1;HBB;TKT;TUBA1B;RPS7;PSMD7;RPS10;RPL18;TUBB2A;PSMD5;TUBA4A;HBA2;GSTP1;PTGES3;ATP6V1A;CAPZA2;PSMD11;PDIA6;TUBB6;PSME1","Reactome","Down"
"R-HSA-8957275",0.035964035964036,0.242424242424242,0.237793834423688,-0.403558656720971,-1.29568555916914,71,"DMP1;SPP2;SPARCL1;CSF1;VCAN;MIA3;FN1;APOA5;PRKCSH;FGA;LAMB2;MFGE8;FGG;SPP1;APOE;GOLM1;F5;SERPINC1;IGFBP1;LAMC1;NUCB1;DNAJC3;TNC;LAMB1;VWA1;NOTUM;HSP90B1;GAS6;QSOX1;LGALS1;RCN1;MSLN;APLP2;C3;SERPINA10;FSTL1;AHSG;APP;ITIH2;CHGB;ADAM10;IGFBP7;SERPINA1;P4HB;CALU;IGFBP5;CDH2;C4A;LTBP1;PCSK9;PRSS23;APOA2;CHRDL1","Reactome","Down"
"R-HSA-8963888",0.761752136752137,1,0.0289981119993578,-0.329520676519159,-0.8168361706082,10,"APOE;MTTP;SAR1B;P4HB;APOA2;APOC3","Reactome","Down"
"R-HSA-8963898",0.60082304526749,1,0.0385579101998489,-0.346034959273764,-0.929568387977263,15,"BMP1;APOE;MTTP;SAR1B;P4HB;APOC1;APOA2;APOC3","Reactome","Down"
"R-HSA-8963899",0.0601427115188583,0.341750841750842,0.183023938384487,-0.471460500233458,-1.35212401395573,23,"LIPG;APOA5;PLTP;APOE;ANGPTL4;LPL;LCAT;CETP;LIPC;ANGPTL3;MTTP","Reactome","Down"
"R-HSA-8964043",0.935251798561151,1,0.0144273071264209,-0.229031992071917,-0.622061545989201,16,"APOBR;APOE;LIPC;RPS27A;AP2M1;LSR;APOC1;PCSK9","Reactome","Down"
"R-HSA-8978868",0.222929936305732,0.718110591285722,0.0886261133285098,-0.473954105356963,-1.19630085523819,11,"PON1;PON3;PTGDS","Reactome","Down"
"R-HSA-8980692",0.692229038854806,1,0.0315649069021069,-0.320827372143535,-0.882075082399513,17,"LMAN1;PCDH7;FLOT1;ATP6AP1;SNAP23;STOM;TFRC;DIAPH1;YKT6;RHOA;JUP;ARHGDIB;IQGAP1;FLOT2","Reactome","Down"
"R-HSA-9006925",NA,NA,NA,0.123044299273394,NA,49,"PSMD1;PSMB5;PSMB2;PSMB6;PSMD14;PSMA6;TNKS2;PSMA4;PSMA5;PRKACB;MET;PSMC5;PSMB4;PSMA7;PSMA2;PSMB1;PIP4K2A;PSMA3;PSMC6;PSMF1;PSMA1;PSMC1;PSMC2;GRB2;PSME1;PSMD11;PPP2R1A;IL1RAP;PSMD5;PSMD7;PSMC3;PSME2;PSMD12;SRC;LAMTOR1;PSMD3;PSMC4;FGFR1;PSMD2;PRKAR1A;PPP2CA;RPS27A;RAC1;PSMD13;FGFR3;RHOG;RAC2","Reactome",NA
"R-HSA-9006931",0.376,1,0.0588438169595807,-0.348722648997107,-1.06597997208644,38,"APOD;PLTP;MAPK1;APOE;GNG5;GNB2;MMP2;GNAI2;CETP;ADH4;ADH1A;ANGPTL3;ADH1C;KRAS;MMP3;HSPB1;PLIN1;HSP90AB1;H3C12;MMP9;CXCL12;APOC1;H4C16;NRAS;MMP7;CTSD","Reactome","Down"
"R-HSA-9006934",0.116883116883117,0.500534759358289,0.12563992130984,-0.357490995447923,-1.17251480176365,94,"PDGFRB;COL6A1;THBS4;IGF1;COL11A2;NRP1;COL6A3;PTPRZ1;FN1;PDGFC;THBS3;LAMB2;NRP2;MAPK1;SPP1;APOE;CILP;RALB;LAMC1;COL6A2;RAP1A;ARF6;ITGB1;LAMB1;ITGB3;LAMA4;COL5A1;PTPRF;MUC20;CDC42;FGFBP2;KRAS;FGFR3;HSPB1;TGFBR3;PTPRJ;ATP6AP1;LYN;PCSK6;WASF2;RAP1B;ADAM10;ITGA2;RAC1;LAMA2;RPS27A;CDH5;STMN1;FLT4;PPP2CA;PAK2;AP2M1;YWHAB;DIAPH1;ITGAV;THBS2;MMP9;CXCL12;NCKAP1L;RHOA;NRAS;DNM2;YES1","Reactome","Down"
"R-HSA-9006936",0.216106014271152,0.704861111111111,0.0880945010398517,-0.418796208951209,-1.1860980950117,21,"F11R;LTBP2;MAPK1;PPP1CA;TGFB1;ITGB1;ITGB6;ITGB3;TGFBR3;FSTL1;PPM1A;RPS27A;SERPINE1;ITGAV;RHOA;LTBP1;CHRDL1","Reactome","Down"
"R-HSA-9007101",0.325888324873096,0.911036215886338,0.066436413766281,-0.393956959305429,-1.11161616386626,20,"RAB7A;RAB5C;RAB5A;RAB1A;ARF6;RAB14;RAB8B;RAB5B;RAB1B;RAB11B;RAB21;GABARAPL2;RAB10;YWHAE;GAPVD1;RAB18;RAB8A","Reactome","Down"
"R-HSA-9009391",0.388888888888889,1,0.0585937568945671,-0.399304415900763,-1.07266838870872,15,"MAPK1;GNG5;GNB2;MMP2;GNAI2;KRAS;MMP3;HSPB1","Reactome","Down"
"R-HSA-9010553",NA,NA,NA,0.119898470334891,NA,46,"PSMD1;PSMB5;PSMB2;PSMB6;PSMD14;PSMA6;PSMA4;PSMA5;PSMC5;PSMB4;PSMA7;PSMA2;RPL7;PSMB1;PSMA3;PSMC6;PSMF1;PSMA1;PSMC1;PSMC2;PSME1;PSMD11;EIF4G1;PSMD5;RPL18;RPS10;PSMD7;RPS7;PABPC1;PSMC3;PSME2;RPL22;PSMD12;PSMD3;RPL12;RPL10A;PSMC4","Reactome",NA
"R-HSA-9012999",0.878121878121878,1,0.0169971052149879,-0.253748383190218,-0.809870572015372,66,"GOLGA3;PLXNB1;STEAP3;AKAP12;LMAN1;RAB7A;PCDH7;HNRNPC;ITGB1;SLC1A5;TXNL1;RAC2;CDC42;RHOG;FLOT1;ATP6AP1;SNAP23;STOM;HSP90AB1;DSG2;VCP;GNA13;WASF2;RAC1;TFRC;DSG1;PAK2;HSPE1;DIAPH1;YKT6;NCKAP1L;RHOA;DBN1;CCT2;JUP;DSP;HSP90AA1;LAMTOR1;CYFIP1;CAPZB;ACTN1;ARHGDIB;SRC;IQGAP1;FLOT2","Reactome","Down"
"R-HSA-9013026",0.672008547008547,1,0.035090109926935,-0.353748478638021,-0.876893540343158,10,"PCDH7;FLOT1;SNAP23;STOM;TFRC;DIAPH1","Reactome","Down"
"R-HSA-9013106",0.818467995802728,1,0.024285888595648,-0.294608266000418,-0.759449281763269,12,"LMAN1;FLOT1;STOM;TFRC;DIAPH1;RHOA;JUP;IQGAP1;FLOT2","Reactome","Down"
"R-HSA-9013148",0.810838445807771,1,0.0233667307764121,-0.281309344471226,-0.773425164898948,17,"STEAP3;RAB7A;CDC42;SNAP23;STOM;GNA13;TFRC;PAK2;YKT6;JUP;LAMTOR1;ARHGDIB;IQGAP1","Reactome","Down"
"R-HSA-9013149",0.844897959183673,1,0.0208547494438027,-0.273221402343214,-0.777795845522481,22,"RAB7A;ITGB1;SLC1A5;CDC42;SNAP23;GNA13;WASF2;RAC1;TFRC;PAK2;YKT6;NCKAP1L","Reactome","Down"
"R-HSA-9013404",0.646216768916155,1,0.0348652196832942,-0.330657545889398,-0.909101926334153,17,"LMAN1;RAB7A;ITGB1;RAC2;CDC42;DSG2;WASF2;TFRC;PAK2","Reactome","Down"
"R-HSA-9013405",0.0171960755760485,0.169172202964369,0.352487857583619,-0.610819787531916,-1.57458802913306,12,"PLXNB1;STEAP3;AKAP12;LMAN1;RAB7A","Reactome","Down"
"R-HSA-9013406",0.437565582371459,1,0.0540088272801684,-0.401106690296231,-1.03398384570609,12,"STEAP3;RAB7A;SLC1A5;CDC42;SNAP23;STOM;TFRC;PAK2","Reactome","Down"
"R-HSA-9013407",0.760755508919203,1,0.0281514818960232,-0.312541028224896,-0.805676848885882,12,"RAB7A;SLC1A5;STOM;VCP;TFRC;PAK2;DBN1;JUP;LAMTOR1;ARHGDIB;TUBA1B","Reactome","Down"
"R-HSA-9013408",0.597137014314928,1,0.0385579101998489,-0.341859086858507,-0.939899174422161,17,"LMAN1;RAB7A;ITGB1;CDC42;RHOG;DSG2;TFRC;PAK2;HSPE1;YKT6","Reactome","Down"
"R-HSA-9013409",0.321656050955414,0.909281374397654,0.0692836467392548,-0.442336003180027,-1.11649405063885,11,"STEAP3;RAB7A;SLC1A5;CDC42;SNAP23;STOM;TFRC;PAK2","Reactome","Down"
"R-HSA-9013418",0.938034188034188,1,0.01707634511757,-0.25856948692991,-0.640957987131575,10,"HNRNPC;TXNL1;HSP90AB1;DBN1;CCT2;HSP90AA1;ACTN1;CDC37","Reactome","Down"
"R-HSA-9013423",0.500509683995923,1,0.0465084048719156,-0.35990795903527,-0.998711985363647,18,"LMAN1;RAB7A;ITGB1;SLC1A5;CDC42;SNAP23;DSG2;WASF2;TFRC;PAK2;YKT6;NCKAP1L","Reactome","Down"
"R-HSA-9013694",NA,NA,NA,0.360929557007988,NA,37,"PSMD1;PSMB5;PSMB2;PSMB6;PSMD14;PSMA6;PSMA4;PSMA5;NOTCH2;SKP1;PSMC5;PSMB4;PSMA7;PSMA2;PSMB1;ACTA2;PSMA3;PSMC6;PSMF1;PSMA1;PSMC1;PSMC2;PSME1;PSMD11;PSMD5;PSMD7;PSMC3;PSME2;PSMD12;PSMD3;PSMC4;PSMD2;YWHAZ;FLT4;RPS27A;ADAM10;PSMD13","Reactome",NA
"R-HSA-9020591",0.854822335025381,1,0.0198261062533673,-0.265527317738672,-0.749230217602333,20,"MSN;RPLP0;ANXA2;CDC42;RAP1B;PAK2;TCP1;P4HB;CAPZA1;HSPA9","Reactome","Down"
"R-HSA-9020702",NA,NA,NA,0.275926702209398,NA,40,"PSMD1;PSMB5;PSMB2;USP14;PSMB6;PSMD14;PSMA6;PSMA4;PSMA5;SKP1;HMGB1;PSMC5;PSMB4;S100A12;PSMA7;PSMA2;PSMB1;PSMA3;PSMC6;PSMF1;PSMA1;PSMC1;PSMC2;UBE2N;PSME1;UBE2V1;PSMD11;IL1RAP;PSMD5;PSMD7;PSMC3;PSME2;PSMD12;PSMD3;PSMC4;PSMD2;RPS27A;PSMD13;APP","Reactome",NA
"R-HSA-9024446",0.061965811965812,0.341750841750842,0.184706471207739,-0.55836004003328,-1.38409729471076,10,"APOD;PLTP;APOE;CETP;ANGPTL3;PLIN1","Reactome","Down"
"R-HSA-9035034",0.308917197452229,0.899566878980892,0.0713052987340038,-0.445071078491319,-1.12339761555592,11,"STEAP3;AKAP12;RAB7A","Reactome","Down"
"R-HSA-913531",0.857429718875502,1,0.0189287891242153,-0.258800084111974,-0.777814116177507,33,"NCAM1;VCAM1;CD44;MAPK1;DNAJC3;HSPA8;BST2;HLA-B;HLA-A;HLA-C;ICAM1;TUBB4B;RPS27A;PPP2CA","Reactome","Down"
"R-HSA-913709",0.0339157245632066,0.238626127064144,0.248911114434702,-0.535434512977895,-1.45426504789086,16,"GALNT1;GALNT15;GALNT5;GALNT2;MUC5B;ST6GAL1;MUC1;MUC20;ST3GAL1;B3GNT2","Reactome","Down"
"R-HSA-917937",0.98619957537155,1,0.0127010968624207,-0.213704697836677,-0.539409005852764,11,"STEAP3;ATP6AP1;RPS27A;TFRC","Reactome","Down"
"R-HSA-927802",0.860940695296524,1,0.0198261062533673,-0.269921690115455,-0.742116221129306,17,"RPLP2;RPLP0;RPLP1;RPL4;RPSA;RPS27A;PPP2CA;RPL10A;RPL12;RPL22;PABPC1;RPS7;RPS10;RPL18;EIF4G1;PPP2R1A","Reactome","Down"
"R-HSA-937061",0.551975051975052,1,0.0429311093452583,-0.366627620722235,-0.957700148818204,13,"MAPK1;SAA1;APP;CD14;RPS27A;PPP2CA","Reactome","Down"
"R-HSA-948021",0.681318681318681,1,0.0312052969963336,-0.293083482698508,-0.916006153764243,51,"MIA3;MGAT1;MAN2A2;B4GALT1;MAN2A1;CD59;LMAN1;F5;RAB1A;LMAN2;NAPA;ST6GAL1;MGAT4B;MAN1A1;MGAT3;MGAT5;CTSC;RAB1B;TUBB4B;MIA2;SAR1B;MGAT2;DYNC1H1;SERPINA1;CHST10;YKT6;CAPZA1","Reactome","Down"
"R-HSA-9604323",NA,NA,NA,0.35988414192614,NA,33,"PSMD1;PSMB5;PSMB2;PSMB6;PSMD14;PSMA6;PSMA4;PSMA5;SKP1;PSMC5;PSMB4;PSMA7;PSMA2;PSMB1;PSMA3;PSMC6;PSMF1;PSMA1;PSMC1;PSMC2;PSME1;PSMD11;PSMD5;PSMD7;PSMC3;PSME2;PSMD12;PSMD3;PSMC4;PSMD2;YWHAZ;RPS27A;PSMD13","Reactome",NA
"R-HSA-9609507",0.278644110291178,0.833619603801672,0.203508959461977,0.310492505353319,1.21432741917013,13,"USP9X;PRNP;CAT;HSD17B4;IDE;GET3;HSPD1;ATP5F1A;HSPA9;ATP5F1B;RPS27A;APP;IDH1","Reactome","Up"
"R-HSA-9609646",0.526216261905455,1,0.143902565267782,0.244677760295567,1.01121746885201,15,"H2BC26;TUBB1;HNRNPK;TUBB6;TUBA4A;TUBB2A;TUBA1B;TUBA8;TUBB4A;H4C16;H3C12;CHMP6;DYNC1H1;TUBB4B","Reactome","Up"
"R-HSA-9609690",0.945945945945946,1,0.0144273071264209,-0.237336534593584,-0.619967568325894,13,"ITGB1;TUBB4B;DYNC1H1;H3C12;H4C16;TUBB4A;TUBA8;TUBA1B;TUBB2A;TUBA4A;TUBB6","Reactome","Down"
"R-HSA-9612973",0.946083418107833,1,0.012605799966357,-0.229714646775678,-0.668115743566594,26,"PLIN3;HSPA8;HSP90AB1;VCP;TUBB4B;RPS27A;DYNC1H1;CHMP6;GABARAPL2;TUBB4A;TUBA8;HSP90AA1;LAMTOR1;SRC;HBB;TUBA1B;TUBB2A;PARK7;TUBA4A;UBE2V1;TUBB6;UBE2N","Reactome","Down"
"R-HSA-9633012",0.781893004115226,1,0.0256927476530375,-0.297560708688604,-0.799349952621997,15,"RPLP2;RPLP0;RPLP1;RPL4;RPSA;RPS27A;RPL10A;RPL12;RPL22;RPS7;RPS10;RPL18","Reactome","Down"
"R-HSA-9634597",0.307450157397691,0.899566878980892,0.0709609456938284,-0.436545388280278,-1.12533869496402,12,"FN1;GNG5;GNB2;GNAI2;ITGB1","Reactome","Down"
"R-HSA-9635486",0.453290870488323,1,0.0529129848430583,-0.404837824878227,-1.02184542904177,11,"ENO1;MAPK1;RAB7A;RAB5A","Reactome","Down"
"R-HSA-9645723",0.524948024948025,1,0.0452247443372884,-0.373427946599163,-0.975463876197818,13,"CAPNS1;CAPNS2;CAPN2;APP;H3C12;CAPN1;H4C16;YWHAE;LMNA","Reactome","Down"
"R-HSA-9646399",0.0147068404796216,0.152951140988065,0.380730400722792,0.378397711015737,1.56209469635476,16,"VIM;TUBB1;UBE2N;TUBB6;UBE2V1;TUBA4A;PARK7;TUBB2A;TUBA1B;HSP90AA1;TUBA8;TUBB4A;DYNC1H1;RPS27A;TUBB4B;VCP","Reactome","Up"
"R-HSA-9648025",0.0791626408932171,0.364749383356089,0.287805130535564,0.385438972162741,1.50744093414223,13,"TUBB1;RANGAP1;TUBB6;PPP2R1A;TUBA4A;TUBB2A;TUBA1B;TUBA8;TUBB4A;MAPRE1;PPP2CA;DYNC1H1;TUBB4B","Reactome","Up"
"R-HSA-9649948",0.488752556237219,1,0.0477342401407188,-0.361885103738159,-1.00987740797808,19,"FN1;FGA;MAPK1;FGG;RAP1A;ITGB3;FGB;KRAS;ITGA2B;RAP1B;VWF;YWHAB","Reactome","Down"
"R-HSA-9651496",0.620867768595041,1,0.0372254009247509,-0.344135357780542,-0.91421786714215,14,"GP1BA;TPST2;SERPING1;GP9;KLKB1;GP1BB;GP5;VWF;F9;F11","Reactome","Down"
"R-HSA-9656223",0.417940876656473,1,0.0547939500773363,-0.378307203402632,-1.04976822185415,18,"FN1;FGA;MAPK1;FGG;RAP1A;ITGB3;FGB;KRAS;ITGA2B;RAP1B;VWF;YWHAB","Reactome","Down"
"R-HSA-9658195",0.884884884884885,1,0.0165979932903048,-0.24912380037492,-0.757022960207763,36,"MAPK1;GNG5;GNB2;GNAI2;CDC42;ENTPD5;C3;APP;HSP90AB1;LYN;ARPC5;WASF2;GNAS;RAC1;FCGR3A;ACTR3;NCKAP1L;PRKAR1A;YES1;DPEP2;TXN;ARPC3;ARPC1B;CYFIP1;SRC;ARPC4;ACTR2;GNG2;GNAI3;CTSG;MYH9;ACTB;GRB2","Reactome","Down"
"R-HSA-9659379",0.797520661157025,1,0.0248493879589072,-0.29842254805106,-0.792778827336735,14,"CDH23;MSN;EZR","Reactome","Down"
"R-HSA-9662360",0.703043022035677,1,0.0320704174637537,-0.33039386849383,-0.851698390995827,12,"CDH23;MSN;EZR;RDX","Reactome","Down"
"R-HSA-9662361",0.380042462845011,1,0.0611692626746689,-0.427456137324581,-1.07893599164643,11,"CDH23;MSN;EZR;RDX","Reactome","Down"
"R-HSA-9662851",0.708677685950413,1,0.030918431706181,-0.321865870725195,-0.855057532413999,14,"GNG5;GNB2;GNAI2;LYN;GNAS;FCGR3A;PRKAR1A;YES1;DPEP2","Reactome","Down"
"R-HSA-9663891",0.914110429447853,1,0.0157837626630889,-0.245996150279669,-0.686477426262799,19,"PLIN3;HSPA8;VCP;TUBB4B;RPS27A;DYNC1H1;TUBB4A;TUBA8;HSP90AA1;SRC;TUBA1B;TUBB2A;PARK7;TUBA4A;UBE2V1;TUBB6;UBE2N","Reactome","Down"
"R-HSA-9664407",0.894416243654822,1,0.016838053046391,-0.25142643826656,-0.709442202247648,20,"MAPK1;CDC42;LYN;ARPC5;WASF2;RAC1;FCGR3A;ACTR3;NCKAP1L;YES1;ARPC3;ARPC1B;CYFIP1;SRC;ARPC4;ACTR2;MYH9;ACTB;GRB2","Reactome","Down"
"R-HSA-9664417",0.894416243654822,1,0.016838053046391,-0.25142643826656,-0.709442202247648,20,"MAPK1;CDC42;LYN;ARPC5;WASF2;RAC1;FCGR3A;ACTR3;NCKAP1L;YES1;ARPC3;ARPC1B;CYFIP1;SRC;ARPC4;ACTR2;MYH9;ACTB;GRB2","Reactome","Down"
"R-HSA-9664422",0.894416243654822,1,0.016838053046391,-0.25142643826656,-0.709442202247648,20,"MAPK1;CDC42;LYN;ARPC5;WASF2;RAC1;FCGR3A;ACTR3;NCKAP1L;YES1;ARPC3;ARPC1B;CYFIP1;SRC;ARPC4;ACTR2;MYH9;ACTB;GRB2","Reactome","Down"
"R-HSA-9664433",0.708677685950413,1,0.030918431706181,-0.321865870725195,-0.855057532413999,14,"GNG5;GNB2;GNAI2;LYN;GNAS;FCGR3A;PRKAR1A;YES1;DPEP2","Reactome","Down"
"R-HSA-9668328",0.0688539100490693,0.363229322577699,0.287805130535564,0.384889522451889,1.35453967922174,11,"TUBB1;IST1;TUBB6;TUBA4A;TUBB2A;TUBA1B;SPAST;TUBA8;TUBB4A;CHMP6;TUBB4B","Reactome","Up"
"R-HSA-9671793",0.620867768595041,1,0.0372254009247509,-0.344135357780542,-0.91421786714215,14,"GP1BA;TPST2;SERPING1;GP9;KLKB1;GP1BB;GP5;VWF;F9;F11","Reactome","Down"
"R-HSA-9675108",0.995004995004995,1,0.00323243877654383,-0.209267642211877,-0.705819249240317,142,"COL6A1;GPC1;NCAM1;NCAN;AGRN;NRP1;COL6A3;NEO1;PLXNB1;ALCAM;RPLP2;NRP2;CLTCL1;RRAS;MAPK1;PTPRC;MSN;LAMC1;COL6A2;ST8SIA4;RPLP0;EZR;MMP2;ITGB1;LAMB1;ITGB3;RPLP1;RELN;HSPA8;COL5A1;CDC42;DAG1;RPL4;NRCAM;ITGA5;KRAS;RDX;ITGA2B;RPSA;ITGA1;NELL2;PSMD13;HSP90AB1;LYN;ARPC5;TUBB4B;ADAM10;ITGA2;RAC1;LAMA2;RPS27A","Reactome","Down"
"R-HSA-9678108",0.819919517102616,1,0.0217960026831818,-0.275933570826382,-0.817989725592693,29,"MGAT1;PRKCSH;GALNT1;CANX;ST6GAL1;BST2;PPIB;ST3GAL1;GANAB;RPSA;VCP;RPS27A;CHMP6;YWHAB;YWHAZ","Reactome","Down"
"R-HSA-9679191",0.963617463617464,1,0.0128901829648689,-0.222054731802835,-0.580048631563628,13,"ITGA4;ATP1A1;ITGB1;HSP90AB1;TUBB;AP2M1","Reactome","Down"
"R-HSA-9679506",0.156843156843157,0.600956937799043,0.105920292736253,-0.365428820766035,-1.16631303964935,66,"HSPG2;GPC1;MAN1B1;GPC4;AGRN;NRP1;EDEM2;MGAT1;PRKCSH;GALNT1;MAN2A1;GPC6;ITGA4;ATP1A1;MASP2;CANX;MASP1;ITGB1;ST6GAL1;MGAT4B;BST2;PPIB;SDC4;HLA-B;ST3GAL1;GANAB;MGAT5;RPSA;HLA-A;HLA-C;HSP90AB1;VCP;SAR1B;MGAT2;RPS27A;TUBB;CHMP6;AP2M1;YWHAB","Reactome","Down"
"R-HSA-9692914",0.327872923849204,0.911036215886338,0.203508959461977,0.272922636103152,1.12064185308291,18,"YWHAQ;YWHAG;PKLR;FKBP1A;PSMC6;KPNB1;RPS10;RPS7;PPIA;YWHAH;PCBP2;YWHAE;YWHAZ;YWHAB;RPS27A;RPSA;PPIB;BST2","Reactome","Up"
"R-HSA-9694516",0.0539460539460539,0.316715542521994,0.191892240384838,-0.414387622362862,-1.2899791354985,48,"HSPG2;GPC1;MAN1B1;GPC4;AGRN;NRP1;EDEM2;MGAT1;PRKCSH;GALNT1;MAN2A1;GPC6;MASP2;CANX;MASP1;ST6GAL1;MGAT4B;SDC4;HLA-B;ST3GAL1;GANAB;MGAT5;RPSA;HLA-A;HLA-C;HSP90AB1;VCP;SAR1B;MGAT2;RPS27A;CHMP6;YWHAB","Reactome","Down"
"R-HSA-9694548",0.00792785865890214,0.116575842293526,0.380730400722792,-0.638676249534186,-1.64639718217312,12,"MAN1B1;EDEM2;MGAT1;PRKCSH;MAN2A1;CANX;ST6GAL1;MGAT4B;ST3GAL1;GANAB;MGAT5","Reactome","Down"
"R-HSA-9694614",0.0216846065753031,0.193989792251228,0.352487857583619,-0.643287444153367,-1.59462058051468,10,"HSPG2;GPC1;GPC4;AGRN;NRP1","Reactome","Down"
"R-HSA-9694635",0.0102778128650061,0.13361156724508,0.380730400722792,-0.600601736948724,-1.5955374143952,14,"MAN1B1;EDEM2;MGAT1;PRKCSH;GALNT1;MAN2A1;CANX;ST6GAL1;MGAT4B;ST3GAL1;GANAB;MGAT5","Reactome","Down"
"R-HSA-9700206",0.56198347107438,1,0.0418238690062304,-0.360921777203374,-0.958812077573389,14,"FN1;MAPK1;MSN","Reactome","Down"
"R-HSA-9705671",0.588842975206612,1,0.0396787203613389,-0.352231525194429,-0.93572586025534,14,"MASP2;MASP1;HLA-B;HLA-A;HLA-C;HSP90AB1;SAR1B;RPS27A","Reactome","Down"
"R-HSA-9705683",0.865443425076453,1,0.0193046440642709,-0.261485795132331,-0.749927560700544,23,"MASP2;MASP1;HLA-B;RPSA;HLA-A;HLA-C;HSP90AB1;SAR1B;RPS27A;YWHAB;YWHAZ;YWHAE;HSP90AA1;YWHAH;B2M;PTPN6;RPS7;RPS10","Reactome","Down"
"R-HSA-9706574",0.925690021231423,1,0.0175479783225763,-0.256889352285969,-0.648410781482379,11,"HNRNPC;TXNL1;HSP90AB1;DBN1;CCT2;HSP90AA1;ACTN1;CDC37","Reactome","Down"
"R-HSA-9709957",0.203610832497492,0.689237294554268,0.0905428948469474,-0.384974544635048,-1.16144758823353,34,"HSPG2;GPC1;GPC4;CDH23;AGRN;APOE;GPC6;MSN;LPL;EZR","Reactome","Down"
"R-HSA-9711097",0.902140672782875,1,0.0165175643261291,-0.250514785080821,-0.695155836624597,18,"RPLP2;RPLP0;RPLP1;RPL4;RPSA;RPS27A;RPL10A;RPL12;LAMTOR1;RPL22;RPS7;RPS10;RPL18;ATP6V1A","Reactome","Down"
"R-HSA-9711123",NA,NA,NA,0.241884166647044,NA,58,"PSMD1;CYBB;PSMB5;PSMB2;PSMB6;GCLC;PSMD14;PSMA6;PSMA4;PSMA5;TALDO1;BLVRA;SKP1;PGD;PSMC5;CAT;PSMB4;PRDX2;PSMA7;PSMA2;BLVRB;G6PD;PRDX6;PSMB1;PSMA3;PSMC6;PSMF1;PRDX1;PSMA1;PSMC1;PSMC2;PSME1;PSMD11;GSTP1;HBA2;PSMD5;PSMD7;TKT;HBB;PSMC3;PSME2;PSMD12;PRDX3;PRDX5;ALB;GCLM;PSMD3;GPX1;TXN;PSMC4;PSMD2;P4HB;GPX3;RPS27A;VCP;PSMD13","Reactome",NA
"R-HSA-9716542",0.991008991008991,1,0.00434551079568136,-0.206726600580353,-0.687267612829942,108,"GOLGA3;PLXNB1;STEAP3;AKAP12;MAPK1;LMAN1;RAB7A;PCDH7;HNRNPC;ITGB1;SLC1A5;PLIN3;TXNL1;RAC2;CDC42;RHOG;FLOT1;CDH1;ATP6AP1;SNAP23;STOM;HSP90AB1;DSG2;ARPC5;VCP;GNA13;WASF2;TUBB4B;RAC1;TFRC;DSG1;DYNC1H1;PPP2CA;PAK2;H3C12;YWHAB;HSPE1;DIAPH1;ACTR3;YKT6;YWHAZ;H4C16;NCKAP1L;RHOA;MAPRE1;YWHAE;TUBB4A;DBN1;TUBA8;CCT2;JUP;DSP;HSP90AA1;ARPC3;YWHAH;ARPC1B;MYL9;LAMTOR1;CYFIP1;CAPZB;ACTN1;ARHGDIB;SRC;IQGAP1;ARPC4;FLOT2;PFN1;TUBA1B;ACTR2;CFL1;CDC37","Reactome","Down"
"R-HSA-9725370",0.56198347107438,1,0.0418238690062304,-0.360921777203374,-0.958812077573389,14,"FN1;MAPK1;MSN","Reactome","Down"
"R-HSA-9734009",0.652777777777778,1,0.0364548541965309,-0.359338415470369,-0.890750220428637,10,"CAPNS1;CAPNS2;CAPN2;APP;CAPN1;YWHAE;LMNA","Reactome","Down"
"R-HSA-9748784",0.958077709611452,1,0.0119234526278759,-0.2106838973524,-0.579249254437762,17,"PON1;PON3;ADH1A;BSG;RAC1;SULT1C4;CES1","Reactome","Down"
"R-HSA-975138",0.551975051975052,1,0.0429311093452583,-0.366627620722235,-0.957700148818204,13,"MAPK1;SAA1;APP;CD14;RPS27A;PPP2CA","Reactome","Down"
"R-HSA-975155",0.551975051975052,1,0.0429311093452583,-0.366627620722235,-0.957700148818204,13,"MAPK1;SAA1;APP;CD14;RPS27A;PPP2CA","Reactome","Down"
"R-HSA-9755511",NA,NA,NA,0.207704426352371,NA,43,"PSMD1;PSMB5;PSMB2;PSMB6;GCLC;PSMD14;PSMA6;PSMA4;PSMA5;TALDO1;SKP1;PGD;PSMC5;PSMB4;PSMA7;PSMA2;G6PD;PSMB1;PSMA3;PSMC6;PSMF1;PRDX1;PSMA1;PSMC1;PSMC2;PSME1;PSMD11;PSMD5;PSMD7;TKT;PSMC3;PSME2;PSMD12;GCLM;PSMD3;TXN;PSMC4","Reactome",NA
"R-HSA-975576",0.181623931623932,0.661265229740206,0.100990587455923,-0.493626327282714,-1.2236313761803,10,"MAN2A2;B4GALT1;MAN2A1;ST6GAL1;MGAT4B;MGAT3;MGAT5","Reactome","Down"
"R-HSA-975634",0.114720812182741,0.497123519458545,0.128142916898415,-0.451687104306581,-1.27451152796585,20,"HSPG2;GPC1;GPC4;AGRN;APOE;GPC6;LPL","Reactome","Down"
"R-HSA-975871",0.669464847848898,1,0.0344174840212229,-0.337749584730763,-0.870660158392353,12,"MAPK1;SAA1;APP;RPS27A;PPP2CA","Reactome","Down"
"R-HSA-9758941",NA,NA,NA,0.338722243858284,NA,32,"PSMD1;PSMB5;PSMB2;PSMB6;PSMD14;PSMA6;PSMA4;PSMA5;PSMC5;PSMB4;PSMA7;PSMA2;PSMB1;PSMA3;PSMC6;PSMF1;PSMA1;PSMC1;PSMC2;PSME1;PSMD11;PSMD5;PSMD7;PSMC3;PSME2;PSMD12;PSMD3;PSMC4;FGFR1;PSMD2","Reactome",NA
"R-HSA-9759194",NA,NA,NA,0.227070562980443,NA,42,"PSMD1;PSMB5;PSMB2;PSMB6;GCLC;PSMD14;PSMA6;PSMA4;PSMA5;TALDO1;SKP1;PGD;PSMC5;PSMB4;PSMA7;PSMA2;G6PD;PSMB1;PSMA3;PSMC6;PSMF1;PRDX1;PSMA1;PSMC1;PSMC2;PSME1;PSMD11;PSMD5;PSMD7;TKT;PSMC3;PSME2;PSMD12;GCLM;PSMD3;TXN;PSMC4","Reactome",NA
"R-HSA-975956",0.856995884773663,1,0.0204893625108019,-0.274656959224551,-0.73782263898693,15,"RPLP2;RPLP0;RPLP1;RPL4;RPSA;RPS27A;RPL10A;RPL12;RPL22;PABPC1;RPS7;RPS10;RPL18","Reactome","Down"
"R-HSA-975957",0.860940695296524,1,0.0198261062533673,-0.269921690115455,-0.742116221129306,17,"RPLP2;RPLP0;RPLP1;RPL4;RPSA;RPS27A;PPP2CA;RPL10A;RPL12;RPL22;PABPC1;RPS7;RPS10;RPL18;EIF4G1;PPP2R1A","Reactome","Down"
"R-HSA-9762114",NA,NA,NA,0.359623733719247,NA,32,"PSMD1;PSMB5;PSMB2;PSMB6;PSMD14;PSMA6;PSMA4;PSMA5;SKP1;PSMC5;PSMB4;PSMA7;PSMA2;PSMB1;PSMA3;PSMC6;PSMF1;PSMA1;PSMC1;PSMC2;PSME1;PSMD11;PSMD5;PSMD7;PSMC3;PSME2;PSMD12;PSMD3;PSMC4;PSMD2","Reactome",NA
"R-HSA-977225",0.246700507614213,0.76751269035533,0.0806388495950661,-0.398386872912874,-1.14847804068997,24,"TSPAN14;HSPG2;TGFBI;FGA;MFGE8;APOE","Reactome","Down"
"R-HSA-9772572",0.0388247639034627,0.2508287704399,0.234392647294686,-0.582795688847446,-1.5023467376482,12,"HSPG2;GPC1;GPC4;AGRN;NRP1","Reactome","Down"
"R-HSA-9772573",0.0102778128650061,0.13361156724508,0.380730400722792,-0.600601736948724,-1.5955374143952,14,"MAN1B1;EDEM2;MGAT1;PRKCSH;GALNT1;MAN2A1;CANX;ST6GAL1;MGAT4B;ST3GAL1;GANAB;MGAT5","Reactome","Down"
"R-HSA-977606",0.663,1,0.0325785172778622,-0.301401316623029,-0.919098456310034,37,"VTN;CD59;CD81;CR1;CLU;SERPING1;C1S;C1R;C8G;C3;C9;PROS1;C4B_2;C4BPA;C8B;C4A;C4BPB;C8A;CFHR5","Reactome","Down"
"R-HSA-9793380",NA,NA,NA,0.415875150139306,NA,31,"PSMD1;PSMB5;PSMB2;PSMB6;PSMD14;PSMA6;PSMA4;PSMA5;PSMC5;PSMB4;PSMA7;PSMA2;PSMB1;PSMA3;PSMC6;PSMF1;PSMA1;PSMC1;PSMC2;PSME1;PSMD11;PSMD5;PSMD7;PSMC3;PSME2;PSMD12;PSMD3;PSMC4;FGFR1;PSMD2","Reactome",NA
"R-HSA-9824272",NA,NA,NA,0.409739467326705,NA,30,"PSMD1;PSMB5;PSMB2;PSMB6;PSMD14;PSMA6;PSMA4;PSMA5;PSMC5;PSMB4;PSMA7;PSMA2;PSMB1;PSMA3;PSMC6;PSMF1;PSMA1;PSMC1;PSMC2;PSME1;PSMD11;PSMD5;PSMD7;PSMC3;PSME2;PSMD12;PSMD3;PSMC4;PSMD2","Reactome",NA
"R-HSA-9824439",0.819571865443425,1,0.0225842720346634,-0.276158861384863,-0.792009145962908,23,"ENO1;MAPK1;RAB7A;RAB5A;CD9;ANTXR1;CDH1;LTF;HSP90AB1;RPS27A;PDCD6IP;ANTXR2","Reactome","Down"
"R-HSA-9824443",0.884884884884885,1,0.0165979932903048,-0.24912380037492,-0.757022960207763,36,"MAPK1;GNG5;GNB2;GNAI2;CDC42;ENTPD5;C3;APP;HSP90AB1;LYN;ARPC5;WASF2;GNAS;RAC1;FCGR3A;ACTR3;NCKAP1L;PRKAR1A;YES1;DPEP2;TXN;ARPC3;ARPC1B;CYFIP1;SRC;ARPC4;ACTR2;GNG2;GNAI3;CTSG;MYH9;ACTB;GRB2","Reactome","Down"
"R-HSA-9824446",0.947052947052947,1,0.010787337352153,-0.237281431353367,-0.797657328284971,133,"HSPG2;GPC1;MAN1B1;GPC4;AGRN;NRP1;EDEM2;MGAT1;RPLP2;PRKCSH;GALNT1;MAN2A1;CALR;GPC6;ITGA4;ATP1A1;MASP2;TGFB1;CANX;MASP1;DNAJC3;RPLP0;ITGB1;RPLP1;ST6GAL1;MGAT4B;BST2;PPIB;RPL4;SDC4;HLA-B;ST3GAL1;GANAB;MGAT5;RPSA;VPS4B;PSMD13;HLA-A;HLA-C;HSP90AB1;VCP;TUBB4B;SAR1B;MGAT2;RAC1;RPS27A;DYNC1H1;TUBB;PAK2;PDCD6IP;CHMP6;H3C12;AP2M1;YWHAB;RAN","Reactome","Down"
"R-HSA-983168",NA,NA,NA,0.342105263157895,NA,46,"PSMD1;PSMB5;UBAC1;PSMB2;PSMB6;PSMD14;PSMA6;NPEPPS;PSMA4;PSMA5;UBR4;UBE2Q2;SKP1;PSMC5;UBA1;PSMB4;PSMA7;PSMA2;PSMB1;UBE2O;PSMA3;PSMC6;PSMF1;PSMA1;HERC2;PSMC1;PSMC2;UBE2N;PSME1;UBE2V1;PSMD11;PSMD5;UBE2L3;PSMD7;PSMC3;PSME2;PSMD12;BLMH;PSMD3;PSMC4;HUWE1;PSMD2;RPS27A;TPP2;PSMD13;LNPEP","Reactome",NA
"R-HSA-983169",0.999000999000999,1,0.0014426950408889,-0.132643763639553,-0.425104637304755,69,"FGA;CALR;FGG;CANX;HSPA5;CD36;CTSS;FGB;HLA-B;LNPEP;SNAP23;PSMD13;HLA-A;HLA-C;CD14;SAR1B;TPP2;RPS27A","Reactome","Down"
"R-HSA-983170",0.216880341880342,0.704861111111111,0.0905428948469474,-0.481811803077453,-1.19434480511798,10,"CALR;CANX;HSPA5;HLA-B;HLA-A;HLA-C;SAR1B;PDIA3","Reactome","Down"
"R-HSA-983231",0.96243654822335,1,0.010787337352153,-0.215602574917439,-0.621543629182395,24,"RAB5A;EHD3;CDC42;TUBB4B;RAC1;H3C12;CAPZA1;PRKAR1A;TUBB4A;TUBA8;CAPZB;HBB;TUBA1B;EHD1;TUBB2A;TUBA4A;CAPZA2;TUBB6;ACTB;HBG1","Reactome","Down"
"R-HSA-9833482",0.941358024691358,1,0.0139869590598254,-0.229611647552204,-0.616815507669686,15,"DNAJC3;HSPA8;TUBB4B;PPP2CA;TUBB4A;SNCA;TUBA8;TUBA1B;TUBB2A;TUBA4A;PPP2R1A;TUBB6","Reactome","Down"
"R-HSA-983705",NA,NA,NA,0.307636363636364,NA,39,"PSMD1;PSMB5;PSMB2;PSMB6;PSMD14;PSMA6;PSMA4;PSMA5;SKP1;PSMC5;PSMB4;PSMA7;PSMA2;FKBP1A;PSMB1;PSMA3;PSMC6;PSMF1;PSMA1;PSMC1;PSMC2;GRB2;PSME1;PSMD11;PSMD5;PSMD7;PSMC3;PSME2;PPIA;PSMD12;PTPN6;PSMD3;PSMC4;NRAS;PSMD2;RPS27A;LYN;PSMD13;KRAS","Reactome",NA
"R-HSA-983712",0.441239316239316,1,0.0544555953940371,-0.413064570025986,-1.0239299249992,10,"ASPH;ATP1A1;ATP6AP1;ATP2B4;STOM;RPS27A","Reactome","Down"
