"PG.ProteinGroups","Gene_symbol","Display_label","Method","logFC","AveExpr","t","P.Value","adj.P.Val","B","Significant_FDR_0.05"
"P16112","ACAN","ACAN","KNN_IMPUTATION",-0.485827645913437,10.6192276016162,-4.70671718840485,3.23395066131077e-06,0.00194768426236779,4.22229277966817,TRUE
"Q92696","RABGGTA","RABGGTA","KNN_IMPUTATION",-0.445022867805916,9.19858531306526,-4.66657415042925,3.90311262667068e-06,0.00194768426236779,4.05039166618868,TRUE
"Q8TB73","NDNF","NDNF","KNN_IMPUTATION",-0.436442841265064,8.06181169124966,-4.64234841735574,4.36934778070451e-06,0.00194768426236779,3.94730409557528,TRUE
"P13591","NCAM1","NCAM1","KNN_IMPUTATION",-0.377030017430075,13.0415600066814,-4.51237277146379,7.93703473674187e-06,0.00194768426236779,3.4026330071448,TRUE
"P07585","DCN","DCN","KNN_IMPUTATION",-0.303334431128075,12.3218478838271,-4.47547232884734,9.37828779202029e-06,0.00194768426236779,3.25059334755861,TRUE
"Q13316","DMP1","DMP1","KNN_IMPUTATION",-0.372484871610348,8.76246258079476,-4.45232661616461,1.04068820329549e-05,0.00194768426236779,3.15581431678144,TRUE
"O75752","B3GALNT1","B3GALNT1","KNN_IMPUTATION",-0.27172272335922,9.07924280034396,-4.44767135624617,1.06264238309275e-05,0.00194768426236779,3.1368063328474,TRUE
"O14594","NCAN","NCAN","KNN_IMPUTATION",-0.338048803475971,11.5404132603241,-4.44270052559823,1.08657420494716e-05,0.00194768426236779,3.11653009730968,TRUE
"O14786","NRP1","NRP1","KNN_IMPUTATION",-0.293258576953324,14.1057122819407,-4.3776237208322,1.45158563627358e-05,0.00216579519539158,2.85301177584145,TRUE
"Q9Y240","CLEC11A","CLEC11A","KNN_IMPUTATION",-0.379634582288464,12.7172879304592,-4.355276020117,1.60204756198626e-05,0.00216579519539158,2.76334801061532,TRUE
"P98160","HSPG2","HSPG2","KNN_IMPUTATION",-0.331180140853975,12.0119256250694,-4.34106183708205,1.70538587942598e-05,0.00216579519539158,2.70653877021835,TRUE
"Q99983","OMD","OMD","KNN_IMPUTATION",-0.405920109753758,14.0210376603404,-4.3271870103914,1.81238091664568e-05,0.00216579519539158,2.65125178068538,TRUE
"P05090","APOD","APOD","KNN_IMPUTATION",-0.310231470196234,12.5090928069042,-4.24998320330079,2.53507134747561e-05,0.00271698949320069,2.34661770690977,TRUE
"P28482","MAPK1","MAPK1","KNN_IMPUTATION",-0.489569983485637,9.65873805723712,-4.23946894612115,2.6525699375739e-05,0.00271698949320069,2.30552424965196,TRUE
"Q92859","NEO1","NEO1","KNN_IMPUTATION",-0.335777933302136,10.3580887885757,-4.2045699255622,3.08093571254157e-05,0.00276672599447663,2.16980519187361,TRUE
"O75487","GPC4","GPC4","KNN_IMPUTATION",-0.345036493970639,8.63063406647682,-4.20410970455274,3.0870025042975e-05,0.00276672599447663,2.1680224094181,TRUE
"Q14520","HABP2","HABP2","KNN_IMPUTATION",-0.344859582489377,17.7652235911754,-4.14998550303725,3.88562727231438e-05,0.00312772629564767,1.95962673003835,TRUE
"P09326","CD48","CD48","KNN_IMPUTATION",-0.412946590820313,8.24036231714706,-4.14753897462549,3.92601627068746e-05,0.00312772629564767,1.9502662680676,TRUE
"Q6UWP8","SBSN","SBSN","KNN_IMPUTATION",-0.434119086010783,8.86699732756677,-4.11776034197686,4.45077712046669e-05,0.00321880752824784,1.83674557115692,TRUE
"Q06828","FMOD","FMOD","KNN_IMPUTATION",-0.290548621602927,11.3865768349313,-4.11570953896626,4.4892713085744e-05,0.00321880752824784,1.82895569863216,TRUE
"P49746","THBS3","THBS3","KNN_IMPUTATION",-0.346564228366676,12.0163436387452,-4.05903375529143,5.68737491369798e-05,0.0033418445333674,1.61511056307431,TRUE
"Q53EL9","SEZ6","SEZ6","KNN_IMPUTATION",-0.356867672552168,7.93717362820198,-4.05752317077738,5.72313042400531e-05,0.0033418445333674,1.60944886295563,TRUE
"O15335","CHAD","CHAD","KNN_IMPUTATION",-0.366008636182293,11.1646172019808,-4.05507547978756,5.78152091875474e-05,0.0033418445333674,1.60027905497539,TRUE
"Q14956","GPNMB","GPNMB","KNN_IMPUTATION",-0.384760063652648,8.11638317589325,-4.04864925866442,5.93752547163012e-05,0.0033418445333674,1.57622908069027,TRUE
"P35052","GPC1","GPC1","KNN_IMPUTATION",-0.290024136196072,7.97811099423777,-4.04541839266749,6.0174610020692e-05,0.0033418445333674,1.56415112771443,TRUE
"Q99715","COL12A1","COL12A1","KNN_IMPUTATION",-0.320290009890424,10.7379249597153,-4.04375023063256,6.05913234780699e-05,0.0033418445333674,1.55791856651326,TRUE
"O00468","AGRN","AGRN","KNN_IMPUTATION",-0.276281453354587,10.1802458113195,-4.03186280208224,6.36411717299576e-05,0.00338005334299108,1.51357460892706,TRUE
"Q8NG11","TSPAN14","TSPAN14","KNN_IMPUTATION",-0.304469946713145,7.1214127000179,-4.01091311849717,6.93738763729857e-05,0.00343839121140904,1.435723096486,TRUE
"Q7LGC8","CHST3","CHST3","KNN_IMPUTATION",-0.278969044252412,11.0081953095231,-4.00278440414024,7.17275015543753e-05,0.00343839121140904,1.40561814759425,TRUE
"Q9NR99","MXRA5","MXRA5","KNN_IMPUTATION",-0.290871863924691,10.2462125740413,-4.00208717255104,7.193287053157e-05,0.00343839121140904,1.40303859359385,TRUE
"Q08378","GOLGA3","GOLGA3","KNN_IMPUTATION",-0.353903721490513,10.9671177658342,-3.9769355712321,7.97255480288073e-05,0.0035369256226742,1.31026670653109,TRUE
"O43897","TLL1","TLL1","KNN_IMPUTATION",-0.345841538409134,9.65854843807993,-3.97215462907845,8.12946162404271e-05,0.0035369256226742,1.29269420351641,TRUE
"P09603","CSF1","CSF1","KNN_IMPUTATION",-0.299395117325982,11.5767337196292,-3.97007032630358,8.19877918170961e-05,0.0035369256226742,1.28503948993847,TRUE
"Q0VD83","APOBR","APOBR","KNN_IMPUTATION",-0.342918078277039,10.4164400313693,-3.96452271549246,8.38601612070591e-05,0.0035369256226742,1.26468396047932,TRUE
"Q9UKM7","MAN1B1","MAN1B1","KNN_IMPUTATION",-0.326302054051277,9.59108330370966,-3.95180890062475,8.8305204555856e-05,0.00361799038094564,1.21813464914884,TRUE
"P78539","SRPX","SRPX","KNN_IMPUTATION",-0.301615971812838,9.3653415944547,-3.94377241318023,9.1229128660779e-05,0.00363396029165436,1.18878291898655,TRUE
"Q6ZRP7","QSOX2","QSOX2","KNN_IMPUTATION",-0.361076103515192,8.45863801831273,-3.92772476699755,9.73443608281279e-05,0.00377275171425771,1.13033986648002,TRUE
"Q13103","SPP2","SPP2","KNN_IMPUTATION",-0.30571895391865,16.3182058800291,-3.91345256405585,0.000103107284885183,0.00389094332961454,1.07855080436032,TRUE
"P35443","THBS4","THBS4","KNN_IMPUTATION",-0.352856303425291,15.3802682371216,-3.90535495956739,0.000106519068516044,0.00391662421158994,1.04924608627653,TRUE
"Q14515","SPARCL1","SPARCL1","KNN_IMPUTATION",-0.323722684974175,14.4478341156698,-3.88190269162849,0.000117013162195313,0.00412109590628428,0.964695866863118,TRUE
"Q9BYH1","SEZ6L","SEZ6L","KNN_IMPUTATION",-0.310548175266486,11.0767575573965,-3.87440728001806,0.000120568326766371,0.00412109590628428,0.937774402385987,TRUE
"Q9HC84","MUC5B","MUC5B","KNN_IMPUTATION",-0.5666720288669,8.74140926365107,-3.87413047663352,0.000120701553740544,0.00412109590628428,0.936781137913945,TRUE
"P04004","VTN","VTN","KNN_IMPUTATION",-0.272652972367123,18.311104894547,-3.86231065404901,0.000126522152130727,0.00421936665477821,0.894429924075615,TRUE
"Q6P4E1","GOLM2","GOLM2","KNN_IMPUTATION",-0.2898375651728,11.2987990677628,-3.85622189090306,0.000129623099075105,0.00422453463803866,0.872661020030244,TRUE
"P06734","FCER2","FCER2","KNN_IMPUTATION",-0.378278493517886,9.28898504033539,-3.84185828979756,0.000137225336352516,0.0042560327952759,0.821435573884988,TRUE
"Q5JRA6","MIA3","MIA3","KNN_IMPUTATION",-0.329167581397352,11.1089883338995,-3.84130345179763,0.000137527283113293,0.0042560327952759,0.819460446259955,TRUE
"Q9H251","CDH23","CDH23","KNN_IMPUTATION",-0.340042349521346,10.1743566385053,-3.8289950506938,0.00014438922370722,0.0042560327952759,0.775713775121453,TRUE
"P08294","SOD3","SOD3","KNN_IMPUTATION",-0.314605377643598,9.55487548000719,-3.82726295730301,0.000145380430175814,0.0042560327952759,0.769568166090727,TRUE
"P08493","MGP","MGP","KNN_IMPUTATION",-0.31932544773318,14.5087894097268,-3.82717785923565,0.000145429293562426,0.0042560327952759,0.769266298722382,TRUE
"Q8IUX7","AEBP1","AEBP1","KNN_IMPUTATION",-0.291694663019666,10.8583446705053,-3.80992833868593,0.000155660650562548,0.00446434745813388,0.708207904454723,TRUE
"P49747","COMP","COMP","KNN_IMPUTATION",-0.318139621116435,15.0549524769849,-3.78592009036526,0.000171036345441309,0.00480913959534974,0.623658529115565,TRUE
"P22466","GAL","GAL","KNN_IMPUTATION",-0.48373103884304,8.23517473093115,-3.77690201234342,0.000177173547839433,0.00488590130003361,0.592030034414109,TRUE
"Q8IZF2","ADGRF5","ADGRF5","KNN_IMPUTATION",-0.285626412674647,10.4755511402166,-3.76855646773146,0.000183037566170497,0.00495237490355648,0.562823703655877,TRUE
"Q9BY76","ANGPTL4","ANGPTL4","KNN_IMPUTATION",-0.417311816728164,7.99874752796864,-3.75420787672761,0.000193549563976217,0.00513981619892399,0.512751533388153,TRUE
"O95196","CSPG5","CSPG5","KNN_IMPUTATION",-0.31309240293707,9.53164434504846,-3.74756807205968,0.00019860422893579,0.00517815389625315,0.489641716845686,TRUE
"P07359","GP1BA","GP1BA","KNN_IMPUTATION",-0.272122274218855,17.2216117069061,-3.73718256468213,0.000206760497028902,0.00521806442688748,0.453572503978498,TRUE
"P28906","CD34","CD34","KNN_IMPUTATION",-0.351967442963964,10.8654724305766,-3.7363689743136,0.000207412602742389,0.00521806442688748,0.450750872690082,TRUE
"Q9BV94","EDEM2","EDEM2","KNN_IMPUTATION",-0.346363082447514,9.51032394493838,-3.72092531551205,0.000220164441574145,0.00544337602098834,0.397300500184628,TRUE
"P19256","CD58","CD58","KNN_IMPUTATION",-0.289692362054952,7.91112839475452,-3.70748151626376,0.000231862459279194,0.00563543672214177,0.350942053157257,TRUE
"O15466","ST8SIA5","ST8SIA5","KNN_IMPUTATION",-0.31353287491431,9.26316248615607,-3.68492145274515,0.000252816968287998,0.00594764527691285,0.273504585544678,TRUE
"Q13444","ADAM15","ADAM15","KNN_IMPUTATION",-0.43695234024938,7.53716959779178,-3.68096887771495,0.000256666851730876,0.00594764527691285,0.259983413668995,TRUE
"O95715","CXCL14","CXCL14","KNN_IMPUTATION",-0.411127064982258,8.67157629464865,-3.68047614162669,0.000257150632614084,0.00594764527691285,0.258298799650927,TRUE
"Q6Q788","APOA5","APOA5","KNN_IMPUTATION",-0.293823111485372,12.4906748574499,-3.64756697420698,0.000291474433394883,0.00649743298567868,0.146269248466008,TRUE
"P49641","MAN2A2","MAN2A2","KNN_IMPUTATION",-0.288579745289779,9.51224490637486,-3.63964703558634,0.000300354650792304,0.00649743298567868,0.119450475944326,TRUE
"Q6UVK1","CSPG4","CSPG4","KNN_IMPUTATION",-0.298144912410397,10.2513471448004,-3.63848494843818,0.000301678819164352,0.00649743298567868,0.115520023923892,TRUE
"O75787","ATP6AP2","ATP6AP2","KNN_IMPUTATION",-0.339441208497044,9.87541007003625,-3.63607505786285,0.000304442321380539,0.00649743298567868,0.107372998906689,TRUE
"O60279","SUSD5","SUSD5","KNN_IMPUTATION",-0.260853453113453,12.8655236198375,-3.63417598451911,0.000306636782729053,0.00649743298567868,0.100956478899882,TRUE
"O94985","CLSTN1","CLSTN1","KNN_IMPUTATION",-0.266971332514078,10.9705470510569,-3.63291079121418,0.000308107003504986,0.00649743298567868,0.0966834534187431,TRUE
"P14314","PRKCSH","PRKCSH","KNN_IMPUTATION",-0.233194681339732,12.3645363561711,-3.62335397677311,0.000319428261980576,0.00659908008151392,0.0644521296960221,TRUE
"P10451","SPP1","SPP1","KNN_IMPUTATION",-0.295592210078141,12.3126779788882,-3.6211196708008,0.000322130826852144,0.00659908008151392,0.0569283172488459,TRUE
"Q14393","GAS6","GAS6","KNN_IMPUTATION",-0.442999791104343,9.1374563120816,-3.6080659222581,0.000338354249564205,0.00676261266698529,0.0130590459614366,TRUE
"Q9HCM3","KIAA1549","KIAA1549","KNN_IMPUTATION",-0.261616201315963,9.58969756289802,-3.60713078362401,0.000339545405873738,0.00676261266698529,0.00992212724234331,TRUE
"O15400","STX7","STX7","KNN_IMPUTATION",-0.350885340654537,8.58181890357791,-3.59679180543466,0.000352979808890126,0.00693387734175945,-0.0247085133491804,TRUE
"Q9NQ79","CRTAC1","CRTAC1","KNN_IMPUTATION",-0.285547015445275,12.4205866055037,-3.58964386967296,0.000362557567366689,0.006949351168744,-0.0485955314255424,TRUE
"P40967","PMEL","PMEL","KNN_IMPUTATION",-0.321025098420263,11.9632614282273,-3.58599587512536,0.000367539050368428,0.006949351168744,-0.060769040060201,TRUE
"P51888","PRELP","PRELP","KNN_IMPUTATION",-0.344302187975631,7.67302747866858,-3.57996103117104,0.000375921015332405,0.006949351168744,-0.0808817656386704,TRUE
"Q12797","ASPH","ASPH","KNN_IMPUTATION",-0.266443501051951,9.33365917433276,-3.57928885776645,0.000376865627588735,0.006949351168744,-0.0831199719660685,TRUE
"Q9BRK5","SDF4","SDF4","KNN_IMPUTATION",-0.352007245233523,9.51665916467102,-3.57848502705898,0.000377998180726661,0.006949351168744,-0.0857960474877961,TRUE
"P09619","PDGFRB","PDGFRB","KNN_IMPUTATION",-0.348245667087998,10.0526943388665,-3.57146472880088,0.000388025892490049,0.00696054293145133,-0.10914343621388,TRUE
"Q8WWA0","ITLN1","ITLN1","KNN_IMPUTATION",-0.344883563722574,11.3286383558247,-3.57126499276791,0.000388314807891288,0.00696054293145133,-0.10980706086132,TRUE
"Q14517","FAT1","FAT1","KNN_IMPUTATION",-0.36159708067219,10.1621116505705,-3.56755078351812,0.000393724229932549,0.006967765905503,-0.122141130074678,TRUE
"P55290","CDH13","CDH13","KNN_IMPUTATION",-0.285866949942312,10.6100003232899,-3.56392121615821,0.000399078531876279,0.006967765905503,-0.134182345504453,TRUE
"P05154","SERPINA5","SERPINA5","KNN_IMPUTATION",-0.251864091241194,11.1060086987,-3.56109514835853,0.000403294679328277,0.006967765905503,-0.143549861440857,TRUE
"P13942","COL11A2","COL11A2","KNN_IMPUTATION",-0.333771095662177,9.11401878097648,-3.54007526875416,0.000435988319406835,0.00744294345273097,-0.21300249737564,TRUE
"Q11201","ST3GAL1","ST3GAL1","KNN_IMPUTATION",-0.41086048356362,7.95264128707548,-3.5174577289043,0.00047392894586135,0.00799546009841384,-0.287297433794514,TRUE
"Q9BUD6","SPON2","SPON2","KNN_IMPUTATION",-0.385226061938068,8.2358007922849,-3.50141633185141,0.000502686959778425,0.00829971479265516,-0.33971625449749,TRUE
"P27797","CALR","CALR","KNN_IMPUTATION",-0.243937020258299,11.9731163602869,-3.50095417261075,0.000503539181981171,0.00829971479265516,-0.341223083558266,TRUE
"O43157","PLXNB1","PLXNB1","KNN_IMPUTATION",-0.26125899060035,12.5580045037599,-3.48658997205198,0.000530710131015559,0.00864816281677627,-0.387961899492945,TRUE
"P12109","COL6A1","COL6A1","KNN_IMPUTATION",-0.278703927251083,9.44232007752995,-3.48187575167726,0.000539921995952388,0.00869941732804184,-0.403261350620364,TRUE
"P23471","PTPRZ1","PTPRZ1","KNN_IMPUTATION",-0.269196109156308,11.5453431595551,-3.47196750408986,0.000559772404763395,0.00891904031589677,-0.43535315844874,TRUE
"P56715","RP1","RP1","KNN_IMPUTATION",-0.265094877324087,10.6759602357678,-3.45217340544963,0.000601485896604969,0.0094783601728739,-0.499203378180319,TRUE
"P98164","LRP2","LRP2","KNN_IMPUTATION",-0.518233398941508,10.2234572986316,-3.4474435270861,0.00061187420189662,0.00952831497253211,-0.514409151345895,TRUE
"Q8NBJ7","SUMF2","SUMF2","KNN_IMPUTATION",-0.363032109511727,7.70961845308127,-3.44471397361674,0.000617945113281371,0.00952831497253211,-0.523175170714771,TRUE
"P05019","IGF1","IGF1","KNN_IMPUTATION",-0.25164383335523,9.16187148626685,-3.44094938934252,0.000626410337462413,0.00955608961618192,-0.535254355584396,TRUE
"Q9BXX0","EMILIN2","EMILIN2","KNN_IMPUTATION",-0.266991973434157,9.85025822369753,-3.4375788691451,0.000634081132592386,0.00956550136142766,-0.546058449376218,TRUE
"Q8NEH6","MNS1","MNS1","KNN_IMPUTATION",-0.329784704405483,10.1233182494328,-3.43450170635577,0.000641160728982635,0.00956550136142766,-0.555913381130845,TRUE
"P13611","VCAN","VCAN","KNN_IMPUTATION",-0.280279878285388,13.0080616075689,-3.4319707802083,0.000647038795019863,0.00956550136142766,-0.564012627179719,TRUE
"P12259","F5","F5","KNN_IMPUTATION",-0.218536716263515,18.0051179461592,-3.41838741504903,0.000679454220094304,0.00994221787362481,-0.607383631439707,TRUE
"Q9NRA1","PDGFC","PDGFC","KNN_IMPUTATION",-0.305084814092639,9.46322529784544,-3.40976921962225,0.000700799102276185,0.0101509688147884,-0.634816032418988,TRUE
"Q9Y5X9","LIPG","LIPG","KNN_IMPUTATION",-0.266011652231917,8.29181346906899,-3.39144276550886,0.000748282453956255,0.0106298242369962,-0.692930935702591,TRUE
"P12111","COL6A3","COL6A3","KNN_IMPUTATION",-0.235627192518967,9.63917569220986,-3.39129261709132,0.000748683575966956,0.0106298242369962,-0.693405835886607,TRUE
"Q9UHF0","TAC3","TAC3","KNN_IMPUTATION",-0.392943184505467,7.56835424195746,-3.37295599180913,0.000799203594266426,0.0110496607459077,-0.75125130730179,TRUE
"P14625","HSP90B1","HSP90B1","KNN_IMPUTATION",-0.294868761956373,14.0300943662412,-3.37293641684509,0.000799259182452593,0.0110496607459077,-0.751312899270753,TRUE
"Q6V0I7","FAT4","FAT4","KNN_IMPUTATION",-0.346723746392032,9.78190102316283,-3.37219401052465,0.000801370095937517,0.0110496607459077,-0.753648603911247,TRUE
"P39059","COL15A1","COL15A1","KNN_IMPUTATION",-0.325688269257764,10.3370924022234,-3.36948067992574,0.000809129232209967,0.0110503935141818,-0.762180909885602,TRUE
"Q02952","AKAP12","AKAP12","KNN_IMPUTATION",-0.311415554329919,10.8424876721318,-3.36144067353099,0.000832533160072369,0.0111085715311458,-0.787424895295446,TRUE
"Q13740","ALCAM","ALCAM","KNN_IMPUTATION",-0.300347397989247,10.0373851217156,-3.36061257327701,0.000834979148199985,0.0111085715311458,-0.790021689339543,TRUE
"Q9NS73","MBIP","MBIP","KNN_IMPUTATION",-0.293161065816058,13.1493686635018,-3.36005534339626,0.000836628818245289,0.0111085715311458,-0.791768731848974,TRUE
"Q9HCU0","CD248","CD248","KNN_IMPUTATION",-0.279272956172186,14.1819509543834,-3.3496219339633,0.000868082120355961,0.0114204565191784,-0.824428732997902,TRUE
"Q9NZ53","PODXL2","PODXL2","KNN_IMPUTATION",-0.314099805899708,8.5286590404344,-3.33368560913105,0.000918253596542126,0.0119706877949219,-0.874127286592562,TRUE
"Q9Y274","ST3GAL6","ST3GAL6","KNN_IMPUTATION",-0.249521480667884,9.52568151004066,-3.33079514250551,0.000927637299985538,0.011984071064678,-0.883117136351535,TRUE
"Q6UXD5","SEZ6L2","SEZ6L2","KNN_IMPUTATION",-0.297185062055505,9.64127741702673,-3.3218771195415,0.000957153595816709,0.0121513111277064,-0.910806733465712,TRUE
"Q76I76","SSH2","SSH2","KNN_IMPUTATION",-0.303978094440145,9.11281814449532,-3.32176502325024,0.000957530095837397,0.0121513111277064,-0.911154329815108,TRUE
"Q08431","MFGE8","MFGE8","KNN_IMPUTATION",-0.258054811120942,6.99481456644358,-3.31244931919783,0.000989304088072735,0.0124101323773275,-0.940001936517798,TRUE
"Q9H2X3","CLEC4M","CLEC4M","KNN_IMPUTATION",-0.28938460488429,8.28694102991637,-3.3105461309672,0.000995914755570552,0.0124101323773275,-0.945885938066855,TRUE
"Q6UWD8","C16orf54","C16orf54","KNN_IMPUTATION",-0.270291172120347,7.13976744540117,-3.30477358750387,0.00101621721230544,0.0124101323773275,-0.963712863785821,TRUE
"O95967","EFEMP2","EFEMP2","KNN_IMPUTATION",-0.314280156299978,8.85317319800424,-3.30428805314153,0.00101794227202462,0.0124101323773275,-0.96521094710351,TRUE
"O00339","MATN2","MATN2","KNN_IMPUTATION",-0.348774512354983,7.06352646015353,-3.30337422708868,0.0010211963880925,0.0124101323773275,-0.968029924162057,TRUE
"Q86TY3","ARMH4","ARMH4","KNN_IMPUTATION",-0.254806361703793,8.84725532054918,-3.30034670054587,0.00103204646425578,0.0124365935272504,-0.977363929098822,TRUE
"P16070","CD44","CD44","KNN_IMPUTATION",-0.250512243953107,16.2862815297193,-3.29617732411318,0.00104716390794999,0.0125136087000024,-0.990204904775069,TRUE
"P52943","CRIP2","CRIP2","KNN_IMPUTATION",-0.274449956012717,7.93549503690943,-3.28537127720073,0.00108730648194844,0.0128824228577298,-1.0234133924178,TRUE
"Q14767","LTBP2","LTBP2","KNN_IMPUTATION",-0.377218221936417,9.52562470471201,-3.28102825810508,0.00110383850239069,0.0128824228577298,-1.03673068762377,TRUE
"Q09327","MGAT3","MGAT3","KNN_IMPUTATION",-0.326446379017041,7.47312068446938,-3.27957248892203,0.0011094319551984,0.0128824228577298,-1.04119083776841,TRUE
"Q7Z7M9","GALNT5","GALNT5","KNN_IMPUTATION",-0.262747387578527,7.48609995268314,-3.27630564337102,0.00112207985275214,0.0128824228577298,-1.05119282129329,TRUE
"Q92823","NRCAM","NRCAM","KNN_IMPUTATION",-0.311124250565447,8.66771758471406,-3.27507725538707,0.00112687016160301,0.0128824228577298,-1.05495126343657,TRUE
"P29966","MARCKS","MARCKS","KNN_IMPUTATION",-0.276530360028677,7.16127514877248,-3.27378541401663,0.00113192836825241,0.0128824228577298,-1.05890239503981,TRUE
"Q9ULI3","HEG1","HEG1","KNN_IMPUTATION",-0.172724104273938,13.5651344668898,-3.2624182440523,0.00117735273387667,0.0132938883494421,-1.09360482870124,TRUE
"Q02818","NUCB1","NUCB1","KNN_IMPUTATION",-0.283677452961255,8.53375996100122,-3.25890970047224,0.00119171080131127,0.0133508850709403,-1.10429258888555,TRUE
"Q92187","ST8SIA4","ST8SIA4","KNN_IMPUTATION",-0.233118216179955,10.9889736113409,-3.25322414662865,0.00121532277715239,0.0135051766360981,-1.12158858734027,TRUE
"P98095","FBLN2","FBLN2","KNN_IMPUTATION",-0.298786541681766,8.7324993247417,-3.24957539257256,0.00123070349427899,0.0135051766360981,-1.13267320259556,TRUE
"P02760","AMBP","AMBP","KNN_IMPUTATION",-0.172662685662496,15.7761766532437,-3.24672925671845,0.0012428258573783,0.0135051766360981,-1.14131125491317,TRUE
"Q658P3","STEAP3","STEAP3","KNN_IMPUTATION",-0.326133817724557,8.56418473413584,-3.24518117269671,0.00124946585159271,0.0135051766360981,-1.14600666080656,TRUE
"P22607","FGFR3","FGFR3","KNN_IMPUTATION",-0.285449545483021,6.96001001313515,-3.24445956280651,0.00125257217057256,0.0135051766360981,-1.14819460157798,TRUE
"Q15582","TGFBI","TGFBI","KNN_IMPUTATION",-0.258773821009751,10.6948285205239,-3.24056030548603,0.00126948141090395,0.0135853458450468,-1.16000918804662,TRUE
"P26572","MGAT1","MGAT1","KNN_IMPUTATION",-0.355314448499175,8.86379462651671,-3.23500273905856,0.00129394745662549,0.013645814239573,-1.17682484616721,TRUE
"O00461","GOLIM4","GOLIM4","KNN_IMPUTATION",-0.282960568641922,8.94365281764459,-3.2336651907656,0.00129990054415891,0.013645814239573,-1.1808677666428,TRUE
"Q92752","TNR","TNR","KNN_IMPUTATION",-0.296672347909515,7.10872815444823,-3.23278983731581,0.00130381023328288,0.013645814239573,-1.18351277309241,TRUE
"P26022","PTX3","PTX3","KNN_IMPUTATION",-0.295036713350385,10.4315416554361,-3.2306984111185,0.00131319551259489,0.013645814239573,-1.18982953899321,TRUE
"Q9Y625","GPC6","GPC6","KNN_IMPUTATION",-0.293556736437596,8.42807230073922,-3.22660642370439,0.00133173940523159,0.0136980321464531,-1.20217729482046,TRUE
"O60462","NRP2","NRP2","KNN_IMPUTATION",-0.255842940490183,12.4714194419794,-3.22538414079768,0.0013373253141586,0.0136980321464531,-1.20586267821077,TRUE
"Q8IZP7","HS6ST3","HS6ST3","KNN_IMPUTATION",-0.261440066503813,8.72217445323731,-3.22189957728074,0.00135336920620294,0.0137640527779788,-1.21636185952328,TRUE
"Q76LX8","ADAMTS13","ADAMTS13","KNN_IMPUTATION",-0.294736636685709,9.86551978752602,-3.2029820016015,0.00144362203717431,0.0145785493049856,-1.27317160295809,TRUE
"Q9NP78","ABCB9","ABCB9","KNN_IMPUTATION",-0.335232710356982,10.578046172265,-3.19599515501367,0.00147833915430621,0.0147945841858054,-1.29407204708792,TRUE
"Q8IZP9","ADGRG2","ADGRG2","KNN_IMPUTATION",-0.30436862486035,8.78534229472591,-3.19454346446598,0.00148564862116874,0.0147945841858054,-1.29840913763817,TRUE
"P20908","COL5A1","COL5A1","KNN_IMPUTATION",-0.289513535412253,7.6993787232087,-3.19211885194625,0.00149793139809751,0.0148140249991161,-1.30564872693911,TRUE
"Q9UGM3","DMBT1","DMBT1","KNN_IMPUTATION",-0.339942409484042,8.54928106245951,-3.1782266342899,0.00157013517040343,0.0153451900538097,-1.34702743674219,TRUE
"P16871","IL7R","IL7R","KNN_IMPUTATION",-0.300120345626206,10.2870750821815,-3.17767970324628,0.00157304249505581,0.0153451900538097,-1.34865295564637,TRUE
"Q9H159","CDH19","CDH19","KNN_IMPUTATION",-0.275128594243997,9.42644628681729,-3.17229252668142,0.00160194593391712,0.0155215572245753,-1.36464968571237,TRUE
"Q07507","DPT","DPT","KNN_IMPUTATION",-0.2791597989685,13.3688479173569,-3.16497106516353,0.00164201351260881,0.0158030025307452,-1.38634832150856,TRUE
"Q96AQ6","PBXIP1","PBXIP1","KNN_IMPUTATION",-0.31013674216589,8.57692552666087,-3.16110991806036,0.00166351467275232,0.015870673224067,-1.39777222315277,TRUE
"Q8IUK5","PLXDC1","PLXDC1","KNN_IMPUTATION",-0.241450435308362,11.4501229134404,-3.15974457544429,0.00167117967701124,0.015870673224067,-1.40180863087634,TRUE
"P24821","TNC","TNC","KNN_IMPUTATION",-0.324609108312316,13.2618975828428,-3.1510920637546,0.00172051721165437,0.0162317215888972,-1.4273493984167,TRUE
"Q7Z5L7","PODN","PODN","KNN_IMPUTATION",-0.295430049938587,7.12646952889074,-3.14795138970181,0.00173875551689204,0.0162965713151842,-1.43660350093672,TRUE
"Q86YZ3","HRNR","HRNR","KNN_IMPUTATION",-0.373385419591642,8.67238478934581,-3.14221689243292,0.00177251718805771,0.0164375744530858,-1.4534775185244,TRUE
"Q6EMK4","VASN","VASN","KNN_IMPUTATION",-0.209511215241774,10.3663343732983,-3.14150921177658,0.00177672527212573,0.0164375744530858,-1.45555785172056,TRUE
"P32942","ICAM3","ICAM3","KNN_IMPUTATION",-0.245322274199392,9.77838801341332,-3.13833188537936,0.00179573236476799,0.0164813807076665,-1.46489252923729,TRUE
"Q6YHK3","CD109","CD109","KNN_IMPUTATION",-0.258776249189143,9.54395502397012,-3.13688547990659,0.0018044468417738,0.0164813807076665,-1.4691389220206,TRUE
"P55287","CDH11","CDH11","KNN_IMPUTATION",-0.32028967464494,8.19579064930108,-3.11723705099024,0.00192675271715474,0.0174871101037968,-1.52663687370897,TRUE
"P50895","BCAM","BCAM","KNN_IMPUTATION",-0.312711314491192,8.55902773284911,-3.11231312640514,0.00195857654795308,0.0176412295722637,-1.54099151579395,TRUE
"Q14242","SELPLG","SELPLG","KNN_IMPUTATION",-0.236784097470755,12.0745274897736,-3.11081754649548,0.0019683380275887,0.0176412295722637,-1.54534723675652,TRUE
"Q8NBJ4","GOLM1","GOLM1","KNN_IMPUTATION",-0.243269208530837,11.3961039174354,-3.10325053275085,0.00201841723037767,0.0179777037786434,-1.56735451321626,TRUE
"P21810","BGN","BGN","KNN_IMPUTATION",-0.255156077599995,10.8041489404627,-3.10041273658254,0.00203749844660518,0.0180356343977273,-1.57559443370832,TRUE
"Q9BXN1","ASPN","ASPN","KNN_IMPUTATION",-0.26211184469213,11.3457933130182,-3.09174791103302,0.00209679223751191,0.0184466261876814,-1.60070903809725,TRUE
"Q7Z304","MAMDC2","MAMDC2","KNN_IMPUTATION",-0.286636747569821,7.18644977968059,-3.08778003601565,0.00212447091012457,0.0185177436054976,-1.61218717140626,TRUE
"Q6UX71","PLXDC2","PLXDC2","KNN_IMPUTATION",-0.259297358490002,10.1139582367603,-3.08689323613994,0.00213070271611374,0.0185177436054976,-1.6147505367471,TRUE
"Q9NYQ6","CELSR1","CELSR1","KNN_IMPUTATION",-0.29167066999411,8.54594187205375,-3.07821414776715,0.00219258670755623,0.0189407791484074,-1.63980072942732,TRUE
"Q8NI99","ANGPTL6","ANGPTL6","KNN_IMPUTATION",-0.376744036144384,11.9412872681069,-3.07374833086597,0.00222506888519963,0.0190388857468435,-1.65266383390668,TRUE
"P05387","RPLP2","RPLP2","KNN_IMPUTATION",-0.309628162101212,8.66655477476809,-3.07042661021625,0.00224951563822175,0.0190388857468435,-1.66221988619252,TRUE
"O94769","ECM2","ECM2","KNN_IMPUTATION",-0.282012511621854,9.26428866579649,-3.06907347549535,0.0022595448174735,0.0190388857468435,-1.66610978461053,TRUE
"Q10472","GALNT1","GALNT1","KNN_IMPUTATION",-0.218544109743631,8.96950019788416,-3.06789405550577,0.00226831995026265,0.0190388857468435,-1.66949895357636,TRUE
"P00966","ASS1","ASS1","KNN_IMPUTATION",-0.339037092591223,7.84103251393427,-3.06645858647043,0.00227904238389447,0.0190388857468435,-1.67362221045223,TRUE
"O14645","DNALI1","DNALI1","KNN_IMPUTATION",-0.340871706272383,11.3430404941471,-3.064822943694,0.00229131679029049,0.0190388857468435,-1.67831818418497,TRUE
"Q9Y4L1","HYOU1","HYOU1","KNN_IMPUTATION",-0.252866355474646,8.97105158380125,-3.06286371039817,0.00230609945561255,0.0190388857468435,-1.68394001974128,TRUE
"Q9H8L6","MMRN2","MMRN2","KNN_IMPUTATION",-0.289188384755947,10.7485586581377,-3.06232786786038,0.00231015768476344,0.0190388857468435,-1.68547696672868,TRUE
"Q9H1Z8","ECRG4","ECRG4","KNN_IMPUTATION",-0.25516719357539,7.3063419611497,-3.0563263519313,0.00235606078209059,0.0193062352086738,-1.70267331126774,TRUE
"O60245","PCDH7","PCDH7","KNN_IMPUTATION",-0.325279407659945,6.74164482198521,-3.04296027432331,0.00246131734679458,0.0200201251921247,-1.74085483422912,TRUE
"Q9H0B8","CRISPLD2","CRISPLD2","KNN_IMPUTATION",-0.417953981270246,7.22600708855151,-3.04174439402128,0.00247110331869322,0.0200201251921247,-1.74432011859304,TRUE
"Q92743","HTRA1","HTRA1","KNN_IMPUTATION",-0.27432406058978,10.3821006219859,-3.03690499226916,0.00251040796763477,0.0202242978965633,-1.75809929287555,TRUE
"P51884","LUM","LUM","KNN_IMPUTATION",-0.231395482821593,16.8642744203719,-3.0262289107633,0.00259915317953773,0.0208222662539503,-1.78842242420781,TRUE
"Q9BWP8","COLEC11","COLEC11","KNN_IMPUTATION",-0.316323849147013,13.8883739953902,-3.01207942892273,0.0027212046596592,0.0216377431227208,-1.82845242237404,TRUE
"Q13217","DNAJC3","DNAJC3","KNN_IMPUTATION",-0.349077991440899,9.75248545568246,-3.01095520797104,0.00273112378327229,0.0216377431227208,-1.83162517739903,TRUE
"Q15438","CYTH1","CYTH1","KNN_IMPUTATION",-0.333471197813818,9.6796134367832,-3.00032137612705,0.00282659921922658,0.0222711169251149,-1.86157929206902,TRUE
"Q8NFU4","FDCSP","FDCSP","KNN_IMPUTATION",-0.339648627029414,10.731038081964,-2.98901005345073,0.00293150447092237,0.022971461263949,-1.89332964140799,TRUE
"Q9H8J5","MANSC1","MANSC1","KNN_IMPUTATION",-0.30196032429328,10.6626319630852,-2.98574294391428,0.00296246134576516,0.0230478426179167,-1.9024787347341,TRUE
"A1L4H1","SSC5D","SSC5D","KNN_IMPUTATION",-0.272344644166798,11.5110008924975,-2.98459631733528,0.00297339671151645,0.0230478426179167,-1.90568741758524,TRUE
"P00736","C1R","C1R","KNN_IMPUTATION",-0.281890875447919,15.7427185587393,-2.9742622198062,0.00307363235326442,0.0236563569956474,-1.93455237515359,TRUE
"Q8TD06","AGR3","AGR3","KNN_IMPUTATION",-0.288424277587123,8.03298328462859,-2.97312044507749,0.0030848945315105,0.0236563569956474,-1.93773562767637,TRUE
"P80108","GPLD1","GPLD1","KNN_IMPUTATION",-0.222537114178104,13.9926130962551,-2.96855825829899,0.00313027244375035,0.023876652576266,-1.95044317192264,TRUE
"Q8WWZ8","OIT3","OIT3","KNN_IMPUTATION",-0.605686218453402,10.3959110692191,-2.9629367285188,0.0031870261539062,0.0241809285963042,-1.96607551819903,TRUE
"Q15293","RCN1","RCN1","KNN_IMPUTATION",-0.27650235161836,10.5406115393328,-2.96058925658884,0.00321100286062751,0.0242346215902097,-1.97259490235623,TRUE
"Q92765","FRZB","FRZB","KNN_IMPUTATION",-0.302247180833151,7.99703092438113,-2.95751144236362,0.00324268892934499,0.0243456331135116,-1.98113503227449,TRUE
"Q16706","MAN2A1","MAN2A1","KNN_IMPUTATION",-0.185318254675012,9.45858734553247,-2.94980899318425,0.00332324172116763,0.0248204616049707,-2.00246973447119,TRUE
"P04233","CD74","CD74","KNN_IMPUTATION",-0.234833426138092,9.2938345044362,-2.93677952861227,0.00346367605032869,0.0255534769468222,-2.03843722932414,TRUE
"P15291","B4GALT1","B4GALT1","KNN_IMPUTATION",-0.220079850213354,8.76843422974652,-2.93661807780371,0.00346544968121916,0.0255534769468222,-2.03888194565018,TRUE
"Q8N3T1","GALNT15","GALNT15","KNN_IMPUTATION",-0.275933190224129,7.16154920323649,-2.93576407534547,0.00347484519151349,0.0255534769468222,-2.04123390305015,TRUE
"P07942","LAMB1","LAMB1","KNN_IMPUTATION",-0.277385771508028,9.9521803158994,-2.93216943200174,0.0035146479417873,0.0255630899947672,-2.05112645359174,TRUE
"P60033","CD81","CD81","KNN_IMPUTATION",-0.261491336475883,10.6880370789864,-2.93106668766432,0.00352694153824133,0.0255630899947672,-2.05415888789349,TRUE
"Q08554","DSC1","DSC1","KNN_IMPUTATION",-0.339050518268781,10.2240043507186,-2.92967149556108,0.00354255161986532,0.0255630899947672,-2.05799394494735,TRUE
"Q6ZN30","BNC2","BNC2","KNN_IMPUTATION",-0.25398487172423,15.4200820060836,-2.9292341249822,0.00354745809550813,0.0255630899947672,-2.05919581136831,TRUE
"P01011","SERPINA3","SERPINA3","KNN_IMPUTATION",-0.266744612621203,12.4322410209453,-2.92292413436825,0.00361893770508202,0.0259477833454381,-2.07651597346741,TRUE
"Q99969","RARRES2","RARRES2","KNN_IMPUTATION",-0.2734710909269,12.6740520470718,-2.92070487584261,0.00364438810656501,0.0260002614169862,-2.08259899347073,TRUE
"Q92563","SPOCK2","SPOCK2","KNN_IMPUTATION",-0.257383490615071,8.20465965154002,-2.90830855613378,0.00378957540829586,0.0269022333440409,-2.1164953736367,TRUE
"Q14574","DSC3","DSC3","KNN_IMPUTATION",-0.370787890857295,11.9750992507169,-2.90451284711553,0.00383507408078991,0.0269607687367378,-2.12684646406137,TRUE
"Q07954","LRP1","LRP1","KNN_IMPUTATION",-0.409638795159573,10.8348134453399,-2.90399804243364,0.00384128316441801,0.0269607687367378,-2.12824935633113,TRUE
"Q9UBS9","SUCO","SUCO","KNN_IMPUTATION",-0.276337585014857,7.95162092699462,-2.90292750861661,0.00385422426152807,0.0269607687367378,-2.13116589440036,TRUE
"O15031","PLXNB2","PLXNB2","KNN_IMPUTATION",-0.275292470040963,7.15726805678979,-2.89872595937083,0.0039053992769167,0.0271861289470803,-2.14260245539167,TRUE
"P07355","ANXA2","ANXA2","KNN_IMPUTATION",-0.259258488680407,9.09851511318522,-2.8956546365721,0.00394319885705172,0.0273166529517496,-2.1509524249993,TRUE
"P19320","VCAM1","VCAM1","KNN_IMPUTATION",-0.162930886270264,10.0822398176976,-2.88864594982563,0.00403070743479339,0.0276291999105841,-2.16997481589855,TRUE
"P35625","TIMP3","TIMP3","KNN_IMPUTATION",-0.364713127877963,8.89398764015291,-2.88843435606723,0.00403337662124453,0.0276291999105841,-2.17054841291921,TRUE
"Q9NS62","THSD1","THSD1","KNN_IMPUTATION",-0.22993356275054,9.3969343798607,-2.88742613305974,0.00404611714171734,0.0276291999105841,-2.17328098716001,TRUE
"Q86TH1","ADAMTSL2","ADAMTSL2","KNN_IMPUTATION",-0.30193394862134,9.02453794597641,-2.8856055789988,0.00406921561489856,0.0276552378756613,-2.17821287562712,TRUE
"O60844","ZG16","ZG16","KNN_IMPUTATION",-0.29551981347008,7.09587514464436,-2.88130859499198,0.0041242107893947,0.0278515110810528,-2.18984149583072,TRUE
"Q13609","DNASE1L3","DNASE1L3","KNN_IMPUTATION",-0.340861335570498,7.48451211498149,-2.88032145377446,0.00413693993044926,0.0278515110810528,-2.19251055850295,TRUE
"P08833","IGFBP1","IGFBP1","KNN_IMPUTATION",-0.350618309883622,10.0510251709315,-2.87834565532785,0.00416252521259438,0.0278928091348614,-2.19785012622373,TRUE
"P78509","RELN","RELN","KNN_IMPUTATION",-0.334544386095981,11.7936462855301,-2.87271338064485,0.00423625161503369,0.0282548130974805,-2.21305182203404,TRUE
"Q15166","PON3","PON3","KNN_IMPUTATION",-0.193904543197643,16.1902261268496,-2.86507527402611,0.00433813212720245,0.0288003771778162,-2.23362131382682,TRUE
"P14543","NID1","NID1","KNN_IMPUTATION",-0.280114957561084,12.1827363047751,-2.86021025835278,0.00440418007884858,0.0290328704828606,-2.24669522854052,TRUE
"Q15758","SLC1A5","SLC1A5","KNN_IMPUTATION",-0.288399446910651,7.35389146791064,-2.85951858316742,0.00441364418777099,0.0290328704828606,-2.24855224445844,TRUE
"Q6UXI9","NPNT","NPNT","KNN_IMPUTATION",-0.303108420719528,11.0646983569581,-2.85173498703466,0.00452142792667428,0.0294297526683395,-2.26941975469783,TRUE
"Q6E0U4","DMKN","DMKN","KNN_IMPUTATION",-0.329969550091183,9.8383231057984,-2.85118480925373,0.0045291362927245,0.0294297526683395,-2.27089267675339,TRUE
"Q9NQ38","SPINK5","SPINK5","KNN_IMPUTATION",-0.316966600238827,8.85905793593773,-2.85072785150383,0.00453554765669667,0.0294297526683395,-2.27211582343882,TRUE
"P35030","PRSS3","PRSS3","KNN_IMPUTATION",-0.226757645251675,11.2633780653342,-2.84889684103413,0.00456132051627373,0.0294636649564709,-2.2770150176367,TRUE
"P16150","SPN","SPN","KNN_IMPUTATION",-0.253775326611992,11.7068321898301,-2.83668346329112,0.0047366638210177,0.0304590848400869,-2.30961614795367,TRUE
"Q8WWV6","FCAMR","FCAMR","KNN_IMPUTATION",-0.29128981419227,10.3174185191478,-2.83445883197152,0.00476925315288676,0.0305317367019626,-2.3155397531784,TRUE
"Q504Y2","PKDCC","PKDCC","KNN_IMPUTATION",-0.309738296403227,7.67811779502099,-2.82597343378819,0.00489543544716013,0.0312002419165672,-2.33809281657015,TRUE
"P51148","RAB5C","RAB5C","KNN_IMPUTATION",-0.286961845709104,7.19639918942789,-2.8209843987529,0.00497103136085297,0.0314819618251452,-2.35132244774074,TRUE
"P13987","CD59","CD59","KNN_IMPUTATION",-0.249502143518324,10.2639515204756,-2.82016511141332,0.00498354625823429,0.0314819618251452,-2.35349282215441,TRUE
"Q16270","IGFBP7","IGFBP7","KNN_IMPUTATION",-0.28014361831114,10.7307720236852,-2.80389287523736,0.00523810343635908,0.0328120600164889,-2.39647311554149,TRUE
"P01275","GCG","GCG","KNN_IMPUTATION",-0.361281181043323,8.53497926250493,-2.80378299202173,0.00523986174600834,0.0328120600164889,-2.3967625341294,TRUE
"Q96EE4","CCDC126","CCDC126","KNN_IMPUTATION",-0.198086430051122,8.58773230347274,-2.79229494904946,0.00542666668188825,0.0337560175429227,-2.42695996611665,TRUE
"P13686","ACP5","ACP5","KNN_IMPUTATION",-0.251741850492979,7.26664037977899,-2.78941730237756,0.00547439425251463,0.0337560175429227,-2.43450532398743,TRUE
"Q8TER0","SNED1","SNED1","KNN_IMPUTATION",-0.239364621682418,9.20717810656895,-2.78891577100311,0.00548275124253898,0.0337560175429227,-2.43581959711946,TRUE
"Q9NPG4","PCDH12","PCDH12","KNN_IMPUTATION",-0.285387676214157,9.59185789561415,-2.7883073762996,0.00549290439098801,0.0337560175429227,-2.43741360037033,TRUE
"P08575","PTPRC","PTPRC","KNN_IMPUTATION",-0.207999322792395,10.3628173713372,-2.78700853842703,0.00551463691998459,0.0337560175429227,-2.44081544737644,TRUE
"P01040","CSTA","CSTA","KNN_IMPUTATION",-0.339942168913955,10.1736106990784,-2.78501261311978,0.0055481850334117,0.0337560175429227,-2.44604007486391,TRUE
"Q9UBP4","DKK3","DKK3","KNN_IMPUTATION",-0.233401783000335,10.6168891899377,-2.78458575996338,0.00555538364025785,0.0337560175429227,-2.44715695482862,TRUE
"Q641Q3","METRNL","METRNL","KNN_IMPUTATION",-0.289517860022283,8.16379674603952,-2.78079682538506,0.00561965307264773,0.0340024578319698,-2.45706359519037,TRUE
"P55157","MTTP","MTTP","KNN_IMPUTATION",-0.314190038909545,7.49800632641267,-2.7748760663989,0.00572143115815527,0.0344247639288877,-2.47251797738534,TRUE
"P41222","PTGDS","PTGDS","KNN_IMPUTATION",-0.194943625925434,9.7018591666354,-2.77359801766599,0.00574361846432254,0.0344247639288877,-2.47584975386265,TRUE
"O75339","CILP","CILP","KNN_IMPUTATION",-0.27351369897152,9.72981043169935,-2.77146659559527,0.0057807937372981,0.0344247639288877,-2.48140290029367,TRUE
"O43396","TXNL1","TXNL1","KNN_IMPUTATION",-0.440100847478744,8.03276160858351,-2.77119919870659,0.00578547287786745,0.0344247639288877,-2.48209927637833,TRUE
"P08238","HSP90AB1","HSP90AB1","KNN_IMPUTATION",-0.234764218216146,12.9432715320142,-2.76825647024689,0.00583719397313636,0.0344984916973404,-2.48975865914622,TRUE
"P15311","EZR","EZR","KNN_IMPUTATION",-0.232518632715985,8.15961480207606,-2.76733841582337,0.00585341494448724,0.0344984916973404,-2.49214657194516,TRUE
"Q99542","MMP19","MMP19","KNN_IMPUTATION",-0.241552947574224,11.0254164838195,-2.76640008687132,0.00587003624417787,0.0344984916973404,-2.49458642644017,TRUE
"P42025","ACTR1B","ACTR1B","KNN_IMPUTATION",-0.337825958140948,8.19459257868988,-2.75805666344689,0.00601971627920186,0.0351697612575636,-2.51624581593983,TRUE
"Q8IZS8","CACNA2D3","CACNA2D3","KNN_IMPUTATION",-0.197769795219362,9.66367256590784,-2.75730844377604,0.00603330632451928,0.0351697612575636,-2.51818508223175,TRUE
"P39060","COL18A1","COL18A1","KNN_IMPUTATION",-0.215702776824871,14.1331964245221,-2.75266482438979,0.00611827084018287,0.0354046617966066,-2.53020919424439,TRUE
"Q9BYE9","CDHR2","CDHR2","KNN_IMPUTATION",-0.380813061372482,9.3211487711656,-2.75168313846294,0.00613637059250265,0.0354046617966066,-2.53274863888521,TRUE
"P55291","CDH15","CDH15","KNN_IMPUTATION",-0.332679457014831,7.81636754146806,-2.75107153589031,0.00614767139982918,0.0354046617966066,-2.53433030041099,TRUE
"Q08722","CD47","CD47","KNN_IMPUTATION",-0.343541219568475,8.04607969100557,-2.73941152664732,0.00636674352552396,0.0365196408624054,-2.56441894900485,TRUE
"Q99784","OLFM1","OLFM1","KNN_IMPUTATION",-0.232311989012283,8.99926726650334,-2.73512756468563,0.00644898549626303,0.0368440047874151,-2.57544256867792,TRUE
"P08195","SLC3A2","SLC3A2","KNN_IMPUTATION",-0.231252578153643,7.33897449576226,-2.7306084273179,0.00653678004982694,0.03719739123592,-2.58705320628463,TRUE
"Q08174","PCDH1","PCDH1","KNN_IMPUTATION",-0.280765091853819,9.56417662809902,-2.71426909778044,0.0068632758301974,0.0387639503191333,-2.62887699590013,TRUE
"Q8TDL5","BPIFB1","BPIFB1","KNN_IMPUTATION",-0.262831734242852,10.8404710350567,-2.71296899524516,0.00688987545318325,0.0387639503191333,-2.63219440508158,TRUE
"Q9NRB3","CHST12","CHST12","KNN_IMPUTATION",-0.263044446134774,9.56108809663708,-2.71280823069781,0.00689317108185426,0.0387639503191333,-2.6326045130731,TRUE
"P20930","FLG","FLG","KNN_IMPUTATION",-0.32665816960486,8.52835840987143,-2.71099765850476,0.00693038550333554,0.038820987546028,-2.63722162710794,TRUE
"P98161","PKD1","PKD1","KNN_IMPUTATION",-0.255824652905783,6.74316765313038,-2.7066609656981,0.00702025869376844,0.0391099765225312,-2.64826839736742,TRUE
"O43505","B4GAT1","B4GAT1","KNN_IMPUTATION",-0.233098641129781,6.81868517655672,-2.70588150617055,0.00703652297267299,0.0391099765225312,-2.65025207867545,TRUE
"P48740","MASP1","MASP1","KNN_IMPUTATION",-0.277617067480957,13.6339737745166,-2.69998696660704,0.00716062175548901,0.0396460679435183,-2.66523539624325,TRUE
"Q8IVW4","CDKL3","CDKL3","KNN_IMPUTATION",-0.272474270972991,10.6931073085465,-2.69728785514116,0.00721810152246888,0.0397964713940752,-2.67208567209899,TRUE
"Q9BYJ0","FGFBP2","FGFBP2","KNN_IMPUTATION",-0.272980237252302,10.4278262147083,-2.69597620712197,0.00724618379666251,0.0397964713940752,-2.67541219917319,TRUE
"Q08629","SPOCK1","SPOCK1","KNN_IMPUTATION",-0.233295160718739,7.19192653026919,-2.6948189171322,0.00727104289068878,0.0397964713940752,-2.67834594748566,TRUE
"P12830","CDH1","CDH1","KNN_IMPUTATION",-0.26114263492253,10.6249873131711,-2.68825041005658,0.00741359686555549,0.040422425495082,-2.69497404144594,TRUE
"P31025","LCN1","LCN1","KNN_IMPUTATION",-0.294767386393574,7.6256402682877,-2.68654070948011,0.00745111191677034,0.0404268135323496,-2.69929566313309,TRUE
"Q53RD9","FBLN7","FBLN7","KNN_IMPUTATION",-0.271913813708407,8.57161112660455,-2.6856472295845,0.00747078492752625,0.0404268135323496,-2.70155305591345,TRUE
"P27169","PON1","PON1","KNN_IMPUTATION",-0.199260730955679,16.6344859599093,-2.67757181406249,0.00765072311725077,0.0411959671861808,-2.72192265012816,TRUE
"Q7Z7G0","ABI3BP","ABI3BP","KNN_IMPUTATION",-0.20097481755092,13.2619748609732,-2.67670006224197,0.00767037882755249,0.0411959671861808,-2.72411801143449,TRUE
"P09871","C1S","C1S","KNN_IMPUTATION",-0.220802752235368,16.6449281024388,-2.66131311968567,0.00802486632906735,0.0428548206370642,-2.7627531306911,TRUE
"Q9Y6Z7","COLEC10","COLEC10","KNN_IMPUTATION",-0.286338713153581,14.4793507807971,-2.66071176404155,0.0080390144709695,0.0428548206370642,-2.76425868179422,TRUE
"Q6P988","NOTUM","NOTUM","KNN_IMPUTATION",-0.303116156839209,8.6113047648414,-2.65217810325045,0.00824221474288468,0.0437753183010986,-2.78558787381039,TRUE
"Q9NZT1","CALML5","CALML5","KNN_IMPUTATION",-0.341140885146887,9.98380099274,-2.64927295172,0.00831243563156864,0.0439470849212905,-2.79283386909713,TRUE
"O75309","CDH16","CDH16","KNN_IMPUTATION",-0.286529163323007,7.26321278894995,-2.64830920749077,0.00833584874378731,0.0439470849212905,-2.79523592365797,TRUE
"P13645","KRT10","KRT10","KNN_IMPUTATION",-0.318538944006621,14.3720868518528,-2.64509443879939,0.00841437647828778,0.0441985929299072,-2.80324233121198,TRUE
"Q9NQ30","ESM1","ESM1","KNN_IMPUTATION",-0.227928941843436,9.48666607203592,-2.64128009233714,0.00850841049978945,0.0444464914481928,-2.81272972901104,TRUE
"O95084","PRSS23","PRSS23","KNN_IMPUTATION",-0.315999307128229,7.2817679469663,-2.64066911222059,0.00852356007549025,0.0444464914481928,-2.81424817890348,TRUE
"P07333","CSF1R","CSF1R","KNN_IMPUTATION",-0.233644655041504,11.7107416919824,-2.63779668206602,0.0085951081645204,0.0446571924200082,-2.82138236306612,TRUE
"P48454","PPP3CC","PPP3CC","KNN_IMPUTATION",-0.280584371437152,10.5573243448829,-2.63395602065332,0.0086916146615872,0.0449955791505994,-2.83090952408274,TRUE
"A6NDG6","PGP","PGP","KNN_IMPUTATION",-0.247427367903839,7.24154172505151,-2.62756219981397,0.00885443173269929,0.0456735795132762,-2.84674012210993,TRUE
"Q8NBP7","PCSK9","PCSK9","KNN_IMPUTATION",-0.234199722056703,11.9076921862924,-2.62286136197757,0.0089758748523137,0.0460097416070595,-2.85835516015042,TRUE
"P11150","LIPC","LIPC","KNN_IMPUTATION",-0.20250033115525,8.09524320810167,-2.62255769209716,0.00898377102508832,0.0460097416070595,-2.85910478557628,TRUE
"O00592","PODXL","PODXL","KNN_IMPUTATION",-0.282802506058177,12.9048476261429,-2.61172595986121,0.00926952309326067,0.0471798166193113,-2.88578828622691,TRUE
"P22735","TGM1","TGM1","KNN_IMPUTATION",-0.420104722256658,8.77356008014016,-2.61140775642972,0.00927803925149637,0.0471798166193113,-2.88657054222781,TRUE
"Q9BWS9","CHID1","CHID1","KNN_IMPUTATION",-0.268331879263765,7.04423270865927,-2.60656556744129,0.00940849873118739,0.0476741596484902,-2.89846290502291,TRUE
"Q5D862","FLG2","FLG2","KNN_IMPUTATION",-0.291820096479109,9.69199225845977,-2.60294224386899,0.00950719011405052,0.0479853631736769,-2.90734770150972,TRUE
"P11047","LAMC1","LAMC1","KNN_IMPUTATION",-0.261091340471138,9.26542368320038,-2.60186026039803,0.00953683996129562,0.0479853631736769,-2.90999851494913,TRUE
"Q02487","DSC2","DSC2","KNN_IMPUTATION",-0.292943057738625,6.63868034952196,-2.59800760649836,0.00964308775362092,0.0480847496874331,-2.91942864537751,TRUE
"Q6KB66","KRT80","KRT80","KNN_IMPUTATION",-0.454171398004339,9.45250946397447,-2.59755974388872,0.00965550723876892,0.0480847496874331,-2.92052399525131,TRUE
"P02751","FN1","FN1","KNN_IMPUTATION",-0.232958711357112,13.8064220105094,-2.59749916505798,0.00965718822174389,0.0480847496874331,-2.92067214045115,TRUE
"P25774","CTSS","CTSS","KNN_IMPUTATION",-0.250940662933838,7.69372908663509,-2.59173655492327,0.00981829429267838,0.0487177647602104,-2.93474919986674,TRUE
"P35908","KRT2","KRT2","KNN_IMPUTATION",-0.324099209395486,14.6817118010482,-2.58876363724303,0.00990234417720929,0.0489038616329717,-2.94199962549609,TRUE
"Q08830","FGL1","FGL1","KNN_IMPUTATION",-0.242654396206655,10.5343884455737,-2.58800111599675,0.0099240053941386,0.0489038616329717,-2.94385797622265,TRUE
"Q8N8M0","NAT16","NAT16","KNN_IMPUTATION",-0.28008791238738,8.33663033637683,-2.58487604745905,0.0100132232842345,0.0491745280465487,-2.95146855568913,TRUE
"Q96PC5","MIA2","MIA2","KNN_IMPUTATION",-0.218666742363779,7.72558199542122,-2.58280750858908,0.0100726715883827,0.0492976486612313,-2.95650121162716,TRUE
"Q9UKU9","ANGPTL2","ANGPTL2","KNN_IMPUTATION",-0.269911449793154,10.8524297525899,-2.58092817284117,0.0101269554073731,0.0493947416808606,-2.96107014529624,TRUE
"Q6PCB0","VWA1","VWA1","KNN_IMPUTATION",-0.240220912887579,6.73794112078893,-2.57069899166223,0.0104270268898222,0.0506859544406953,-2.98588197520783,FALSE
"Q15599","NHERF2","NHERF2","KNN_IMPUTATION",-0.246054848990023,6.87139008965981,-2.56766375516228,0.0105175787277879,0.0508183589029166,-2.99322576732066,FALSE
"P04264","KRT1","KRT1","KNN_IMPUTATION",-0.273907837901966,16.7632817540826,-2.56477917679397,0.0106042854081208,0.0508183589029166,-3.00019721090039,FALSE
"P17927","CR1","CR1","KNN_IMPUTATION",-0.244929620229014,7.49167785372973,-2.56440496227456,0.0106155804055248,0.0508183589029166,-3.00110105268314,FALSE
"P55268","LAMB2","LAMB2","KNN_IMPUTATION",-0.249874462710823,7.83843207849001,-2.56404673197849,0.0106264029990861,0.0508183589029166,-3.00196616739528,FALSE
"Q9HDC9","APMAP","APMAP","KNN_IMPUTATION",-0.259866593120913,13.598423170542,-2.56387959330068,0.0106314558374303,0.0508183589029166,-3.00236976169398,FALSE
"P06733","ENO1","ENO1","KNN_IMPUTATION",-0.249940763768622,12.3827193222578,-2.56077554276664,0.0107256859160364,0.0510984505102863,-3.00986054049449,FALSE
"Q96GI7","FAM89A","FAM89A","KNN_IMPUTATION",-0.256275955384099,9.26045204848814,-2.55943786634696,0.010766523048878,0.0511231591128842,-3.01308593272914,FALSE
"P60985","KRTDAP","KRTDAP","KNN_IMPUTATION",-0.285494087900537,10.9812272597266,-2.55667120408398,0.010851424981852,0.0513562489240125,-3.01975167382178,FALSE
"P23470","PTPRG","PTPRG","KNN_IMPUTATION",-0.218256481899552,12.5096786107109,-2.55143922993606,0.0110136141185071,0.0519523771248,-3.03233791575566,FALSE
"P11049","CD37","CD37","KNN_IMPUTATION",-0.244209539582613,11.200619894368,-2.54923915570384,0.0110824582506299,0.052105721742306,-3.0376230000915,FALSE
"Q4LDE5","SVEP1","SVEP1","KNN_IMPUTATION",-0.280714616661072,10.6076096730931,-2.5331438086496,0.0115978801764457,0.0543508502386376,-3.07615261598876,FALSE
"Q14118","DAG1","DAG1","KNN_IMPUTATION",-0.232035367138833,9.26371366766278,-2.53178979871213,0.0116421973687316,0.0543808176767465,-3.07938305069574,FALSE
"P81605","DCD","DCD","KNN_IMPUTATION",-0.25967231261135,12.8945605089236,-2.52764252981333,0.0117788778643554,0.054840619667161,-3.08926724804612,FALSE
"A0A1B0GTC6","C3orf85","C3orf85","KNN_IMPUTATION",-0.323372770859171,11.1880567286394,-2.51983087391152,0.0120402058311757,0.0554502789592945,-3.10784190243761,FALSE
"Q9H6X2","ANTXR1","ANTXR1","KNN_IMPUTATION",-0.221404637511718,8.48097339830864,-2.51953749177619,0.0120501201647728,0.0554502789592945,-3.10853841843247,FALSE
"P22304","IDS","IDS","KNN_IMPUTATION",-0.242777300771449,8.61410204696353,-2.51773077880988,0.0121113349660723,0.0554502789592945,-3.11282597783386,FALSE
"P19823","ITIH2","ITIH2","KNN_IMPUTATION",-0.237445840503977,20.3494201718466,-2.51661717049185,0.0121492036337543,0.0554502789592945,-3.11546721850164,FALSE
"P35555","FBN1","FBN1","KNN_IMPUTATION",-0.396331505809875,7.99490087784661,-2.51571248959057,0.012180045078281,0.0554502789592945,-3.1176120895563,FALSE
"Q9Y624","F11R","F11R","KNN_IMPUTATION",-0.238395384179372,8.13035353103753,-2.5142754247233,0.0122291790626121,0.0554502789592945,-3.12101762262577,FALSE
"Q9GZM7","TINAGL1","TINAGL1","KNN_IMPUTATION",-0.215965627139701,8.09364467253413,-2.51414086186426,0.0122337888414988,0.0554502789592945,-3.12133641039016,FALSE
"P07307","ASGR2","ASGR2","KNN_IMPUTATION",-0.295403515787635,7.40096742272796,-2.51390736065363,0.0122417916593331,0.0554502789592945,-3.12188954978037,FALSE
"P02671","FGA","FGA","KNN_IMPUTATION",-0.30543395946799,16.1605282045091,-2.51314410197285,0.0122679833888531,0.0554502789592945,-3.1236972785544,FALSE
"Q8IUL8","CILP2","CILP2","KNN_IMPUTATION",-0.224138244534007,7.80778526917754,-2.5123145818373,0.0122965053759105,0.0554502789592945,-3.12566133649609,FALSE
"P29508","SERPINB3","SERPINB3","KNN_IMPUTATION",-0.332713474220586,7.89291674749309,-2.50856597308913,0.0124261324806953,0.0557483846734164,-3.13452904938584,FALSE
"P10909","CLU","CLU","KNN_IMPUTATION",-0.203894887369714,18.9245639243143,-2.50786408393738,0.0124505383087863,0.0557483846734164,-3.13618800433744,FALSE
"P45877","PPIC","PPIC","KNN_IMPUTATION",-0.202391882545156,7.16544159915411,-2.50704018516842,0.0124792409206183,0.0557483846734164,-3.13813475853186,FALSE
"Q9NY97","B3GNT2","B3GNT2","KNN_IMPUTATION",-0.244136047110178,9.37285697620145,-2.50138016358181,0.0126780156846272,0.0564604797880601,-3.15149171630355,FALSE
"P02649","APOE","APOE","KNN_IMPUTATION",-0.155563177495349,16.5870912448175,-2.4983727914036,0.0127847711467653,0.0567596341314595,-3.15857677119917,FALSE
"Q9BZE9","ASPSCR1","ASPSCR1","KNN_IMPUTATION",-0.293052263222734,11.7970376798003,-2.49597338055293,0.0128705166569668,0.0569639533521307,-3.16422357198201,FALSE
"Q02413","DSG1","DSG1","KNN_IMPUTATION",-0.294529756088023,10.0624156623788,-2.4912220674472,0.0130418169653309,0.0575445093177986,-3.17538975418076,FALSE
"P04275","VWF","VWF","KNN_IMPUTATION",-0.268680644307292,16.8930241035935,-2.48857098855549,0.0131382734045075,0.0576541650028899,-3.18161110383199,FALSE
"P55058","PLTP","PLTP","KNN_IMPUTATION",-0.235294618427035,14.1603260055939,-2.4883298170454,0.0131470794671862,0.0576541650028899,-3.18217674614977,FALSE
"Q7LFX5","CHST15","CHST15","KNN_IMPUTATION",-0.221985321943578,8.52295385874585,-2.47816297835739,0.0135231020848179,0.0590535642402041,-3.20597335409225,FALSE
"P15907","ST6GAL1","ST6GAL1","KNN_IMPUTATION",-0.254448978264032,9.24805423601795,-2.47748397491091,0.0135485513493913,0.0590535642402041,-3.20755925116161,FALSE
"Q9UIQ6","LNPEP","LNPEP","KNN_IMPUTATION",-0.255619164799398,6.8928719696356,-2.47333729102389,0.0137048933072353,0.0594411705654401,-3.21723514720632,FALSE
"Q10589","BST2","BST2","KNN_IMPUTATION",-0.301019041969606,7.39773689859918,-2.47292877256458,0.0137203817692892,0.0594411705654401,-3.2181875309007,FALSE
"P03950","ANG","ANG","KNN_IMPUTATION",-0.484608818980886,9.85946323232789,-2.45984207118312,0.0142248217225628,0.0614409468378165,-3.24861548741843,FALSE
"P17655","CAPN2","CAPN2","KNN_IMPUTATION",-0.27671345471791,9.22678585237046,-2.45599470011402,0.0143762111964757,0.0618073875864278,-3.25753106264938,FALSE
"P51693","APLP1","APLP1","KNN_IMPUTATION",-0.253575521228534,12.0721161511754,-2.45549790718643,0.0143958629385404,0.0618073875864278,-3.25868129611066,FALSE
"P19021","PAM","PAM","KNN_IMPUTATION",-0.242512409729128,9.82548248787503,-2.44883392658499,0.0146617777744901,0.0627611621749816,-3.27408857338334,FALSE
"P13497","BMP1","BMP1","KNN_IMPUTATION",-0.210788314422082,9.69773799030464,-2.44740612734217,0.0147193133335503,0.0628199265485448,-3.27738436221881,FALSE
"Q96JP9","CDHR1","CDHR1","KNN_IMPUTATION",-0.227466715614345,6.6068643029451,-2.44130635002257,0.0149673677228534,0.0636478174718832,-3.29144334718874,FALSE
"Q96GW7","BCAN","BCAN","KNN_IMPUTATION",-0.213377673365913,7.63689644759559,-2.44022207911662,0.015011845377559,0.0636478174718832,-3.2939388286243,FALSE
"A8MYB1","TMCO5B","TMCO5B","KNN_IMPUTATION",-0.332328390162075,12.1403861432336,-2.4393804390963,0.0150464505738971,0.0636478174718832,-3.29587514187234,FALSE
"P10645","CHGA","CHGA","KNN_IMPUTATION",-0.254767223072438,10.5482874704391,-2.43108008523833,0.0153915234527294,0.0647683973448724,-3.3149363638473,FALSE
"P21439","ABCB4","ABCB4","KNN_IMPUTATION",-0.235077313883222,9.0684146553571,-2.43083804065857,0.0154016900241293,0.0647683973448724,-3.31549125161107,FALSE
"P13727","PRG2","PRG2","KNN_IMPUTATION",-0.265276131489939,13.7495493722786,-2.42847165148518,0.0155013979075314,0.0649970894719297,-3.3209133624391,FALSE
"Q86X29","LSR","LSR","KNN_IMPUTATION",-0.282143649632749,9.55497689871368,-2.42572015400798,0.0156180482911649,0.0652952806108758,-3.32721138878853,FALSE
"O43529","CHST10","CHST10","KNN_IMPUTATION",-0.23211794056528,7.04621386565539,-2.42166400052137,0.015791422387847,0.0656402084828595,-3.33648298609285,FALSE
"P48061","CXCL12","CXCL12","KNN_IMPUTATION",-0.320925519227414,10.111736274147,-2.42086327114735,0.0158258482957413,0.0656402084828595,-3.33831151060164,FALSE
"P01266","TG","TG","KNN_IMPUTATION",-0.308358300226486,7.89411623220164,-2.42058390807665,0.0158378745711781,0.0656402084828595,-3.33894931779369,FALSE
"Q3SY84","KRT71","KRT71","KNN_IMPUTATION",-0.346577648806342,9.53148822260428,-2.41831229246724,0.0159359647674226,0.0658564077132105,-3.34413292067761,FALSE
"P15090","FABP4","FABP4","KNN_IMPUTATION",-0.232596339145463,7.54756238897304,-2.40991140792691,0.0163033913921815,0.0671607855209057,-3.36326161521127,FALSE
"O00187","MASP2","MASP2","KNN_IMPUTATION",-0.22011204821402,15.9306280839167,-2.40896456023994,0.016345267884795,0.0671607855209057,-3.36541349682719,FALSE
"P08263;P09210","GSTA1","GSTA1","KNN_IMPUTATION",-0.263968676849176,7.35820856053422,-2.40163157307464,0.0166728078968349,0.0683108757830323,-3.38205105579545,FALSE
"Q9BZQ8","NIBAN1","NIBAN1","KNN_IMPUTATION",-0.198548889699603,6.72072978266809,-2.39907133860139,0.0167885187607117,0.0685889911762411,-3.38784821183196,FALSE
"Q9Y4F3","MARF1","MARF1","KNN_IMPUTATION",-0.292326919250748,12.6924401685202,-2.39128318560679,0.017144865450836,0.069845843910508,-3.40544583706148,FALSE
"P30990","NTS","NTS","KNN_IMPUTATION",-0.206537087800255,8.84312306598727,-2.3899507155409,0.0172064947498352,0.0698983384455061,-3.40845100214325,FALSE
"P53634","CTSC","CTSC","KNN_IMPUTATION",-0.236713222315164,10.2574386809939,-2.38789176756669,0.017302108302563,0.0700882014290262,-3.4130913989006,FALSE
"P14209","CD99","CD99","KNN_IMPUTATION",-0.260408314945821,8.64415663734407,-2.38662379388104,0.0173612227816783,0.0701295590673989,-3.41594717636353,FALSE
"O75081","CBFA2T3","CBFA2T3","KNN_IMPUTATION",-0.339120445429094,13.2042187523419,-2.38073011022944,0.0176383312271531,0.0710487836509483,-3.42920169128406,FALSE
"O60704","TPST2","TPST2","KNN_IMPUTATION",-0.207692991091305,7.99698952384901,-2.37942481009594,0.0177002269782979,0.0710983907195496,-3.43213289484613,FALSE
"Q96PX8","SLITRK1","SLITRK1","KNN_IMPUTATION",-0.243942690797969,6.81488956637919,-2.37596244693297,0.0178653337459353,0.0715611413175174,-3.43990042338772,FALSE
"O75340","PDCD6","PDCD6","KNN_IMPUTATION",-0.225695276948112,8.92749489220785,-2.3722540931034,0.0180436702797784,0.0720741592791148,-3.44820754971401,FALSE
"Q969P0","IGSF8","IGSF8","KNN_IMPUTATION",-0.187289293294218,6.51969334747314,-2.3695891221936,0.0181727938548987,0.0723882955220131,-3.45416954899085,FALSE
"P12110","COL6A2","COL6A2","KNN_IMPUTATION",-0.200957514872353,8.96268026833987,-2.36737624143595,0.0182806286277771,0.0725486638843515,-3.45911516631406,FALSE
"Q05707","COL14A1","COL14A1","KNN_IMPUTATION",-0.205360403418704,7.74312730032567,-2.36668889895594,0.0183142373264542,0.0725486638843515,-3.46065040414167,FALSE
"P10646","TFPI","TFPI","KNN_IMPUTATION",-0.21782490436425,11.7922847893331,-2.36484169188791,0.0184048283793835,0.0727066773995481,-3.46477413854492,FALSE
"Q9HCL0","PCDH18","PCDH18","KNN_IMPUTATION",-0.237751263734335,9.72909957725949,-2.36104363889515,0.0185923298281761,0.0732304313623302,-3.47324308199062,FALSE
"Q9HBW9","ADGRL4","ADGRL4","KNN_IMPUTATION",-0.214807462805972,7.91825665364264,-2.36003890157027,0.0186422109989224,0.0732304313623302,-3.47548123106381,FALSE
"P27824","CANX","CANX","KNN_IMPUTATION",-0.212945843960838,10.9622146784188,-2.35845618393994,0.0187210247574751,0.0732304313623302,-3.47900499759439,FALSE
"P50591","TNFSF10","TNFSF10","KNN_IMPUTATION",-0.212414232839117,6.93203550831201,-2.35804236887602,0.0187416794351291,0.0732304313623302,-3.47992593532924,FALSE
"P10301","RRAS","RRAS","KNN_IMPUTATION",-0.223074639565146,6.99707297231194,-2.35208291355716,0.0190413573263677,0.074199202190248,-3.49317106826548,FALSE
"P05186","ALPL","ALPL","KNN_IMPUTATION",-0.213675967434826,6.5353263421074,-2.34892941062898,0.0192016282891912,0.0744987526988326,-3.50016659688218,FALSE
"Q9H3G5","CPVL","CPVL","KNN_IMPUTATION",-0.209583266712357,8.68743792054222,-2.34852762794494,0.0192221328441897,0.0744987526988326,-3.5010572266247,FALSE
"P00325","ADH1B","ADH1B","KNN_IMPUTATION",-0.302872377708342,8.45415387782512,-2.34682084415885,0.0193094508436228,0.0746354515087737,-3.50483898516972,FALSE
"Q99972","MYOC","MYOC","KNN_IMPUTATION",-0.255002441075403,7.23890025189672,-2.34306779041646,0.0195026782861881,0.0751796791999832,-3.51314525220629,FALSE
"Q96MT3","PRICKLE1","PRICKLE1","KNN_IMPUTATION",-0.370435581611787,11.7993223910943,-2.33709505562509,0.0198136807667992,0.0761737753876409,-3.52633730990465,FALSE
"P14923","JUP","JUP","KNN_IMPUTATION",-0.327402739248877,9.00011474228864,-2.33569952238031,0.0198869695348567,0.0762511077887286,-3.52941489581445,FALSE
"P02538","KRT6A","KRT6A","KNN_IMPUTATION",-0.260696260065316,14.7975265149345,-2.3343156051305,0.0199598825551703,0.0763265908909712,-3.5324650890543,FALSE
"P03951","F11","F11","KNN_IMPUTATION",-0.216348611451538,15.4570022484042,-2.32877736843437,0.0202540172381078,0.0772453742538473,-3.54465382155813,FALSE
"P16949","STMN1","STMN1","KNN_IMPUTATION",-0.258844797194497,8.20966645632292,-2.32725387550901,0.0203355919067809,0.077350766032689,-3.54800180710579,FALSE
"Q9NT22","EMILIN3","EMILIN3","KNN_IMPUTATION",-0.224344858453447,7.67134275374347,-2.32561637973212,0.0204235911720597,0.0774799728590836,-3.55159793197917,FALSE
"Q6UY14","ADAMTSL4","ADAMTSL4","KNN_IMPUTATION",-0.314568969842412,8.9986755359268,-2.31939697764029,0.0207608651197967,0.0785516638041913,-3.56523387201241,FALSE
"P19022","CDH2","CDH2","KNN_IMPUTATION",-0.232212983578352,9.03003520170015,-2.31737801641394,0.0208713940186531,0.0787620500598646,-3.56965273040293,FALSE
"Q10471","GALNT2","GALNT2","KNN_IMPUTATION",-0.177291275010601,7.63195647874214,-2.31545933911522,0.0209769091493521,0.0789524612077976,-3.57384860980502,FALSE
"P13647","KRT5","KRT5","KNN_IMPUTATION",-0.307019139804648,12.5492825171657,-2.30796727352228,0.0213934024201783,0.080309264582554,-3.59020014154513,FALSE
"Q9UN70","PCDHGC3","PCDHGC3","KNN_IMPUTATION",-0.263679870168823,7.43246318100522,-2.30528738057128,0.0215441250413686,0.0804324137999716,-3.59603644926158,FALSE
"Q15911","ZFHX3","ZFHX3","KNN_IMPUTATION",-0.175045525358129,10.3644139401612,-2.30473854943029,0.0215751065472825,0.0804324137999716,-3.59723088251612,FALSE
"P04632","CAPNS1","CAPNS1","KNN_IMPUTATION",-0.244138321649986,9.03758582237769,-2.30439576394851,0.0215944765083606,0.0804324137999716,-3.59797675286122,FALSE
"P08253","MMP2","MMP2","KNN_IMPUTATION",-0.218741910297526,10.0067525674466,-2.30032714834769,0.0218255460308948,0.0810227112318939,-3.60682140055158,FALSE
"P07327","ADH1A","ADH1A","KNN_IMPUTATION",-0.25465196845178,7.74331183672167,-2.29917524824563,0.0218913567756856,0.0810227112318939,-3.60932270454633,FALSE
"P01042","KNG1","KNG1","KNN_IMPUTATION",-0.346780035136995,15.4118958099664,-2.29863184026408,0.02192246301114,0.0810227112318939,-3.61050226703747,FALSE
"P18428","LBP","LBP","KNN_IMPUTATION",-0.238014928414746,12.3409508522869,-2.29612520356806,0.0220664498969197,0.0813452163295188,-3.6159398290907,FALSE
"P18065","IGFBP2","IGFBP2","KNN_IMPUTATION",-0.358737895938907,11.940981647929,-2.2950762610855,0.0221269479571633,0.0813590855655695,-3.61821354079428,FALSE
"P14151","SELL","SELL","KNN_IMPUTATION",-0.170364491685845,14.5484473128604,-2.28750736527697,0.0225677905018048,0.0827678045513762,-3.63458990350904,FALSE
"Q8WUJ3","CEMIP","CEMIP","KNN_IMPUTATION",-0.349060902357214,7.68941211015624,-2.28150237742592,0.0229229722525538,0.0836566910498732,-3.64754485268474,FALSE
"P06858","LPL","LPL","KNN_IMPUTATION",-0.204561633469599,10.2916095332125,-2.28143753878691,0.0229268337396096,0.0836566910498732,-3.64768455132495,FALSE
"Q8IWU5","SULF2","SULF2","KNN_IMPUTATION",-0.23144036735203,7.45779024506584,-2.2684861704937,0.0237096081023476,0.0861713499516289,-3.6755110794839,FALSE
"Q96P63","SERPINB12","SERPINB12","KNN_IMPUTATION",-0.30030808791606,8.72359381363964,-2.26805308166484,0.0237361807746816,0.0861713499516289,-3.6764389072246,FALSE
"P63218","GNG5","GNG5","KNN_IMPUTATION",-0.273166448544089,9.08515587499173,-2.26593790058344,0.0238663328196576,0.0864250536954269,-3.68096787178219,FALSE
"P24593","IGFBP5","IGFBP5","KNN_IMPUTATION",-0.260590841731815,12.2932239801639,-2.26448710722496,0.0239559620602855,0.0865311072908045,-3.68407187555562,FALSE
"P07477","PRSS1","PRSS1","KNN_IMPUTATION",-0.268550506350044,11.7131852269967,-2.26024550869495,0.0242196869385049,0.0872638971603416,-3.69313569833303,FALSE
"P05089","ARG1","ARG1","KNN_IMPUTATION",-0.283103339061361,9.02269501951393,-2.25430509526085,0.0245932782470112,0.0883878721960253,-3.70580171644656,FALSE
"P04406","GAPDH","GAPDH","KNN_IMPUTATION",-0.24151835534526,12.5170949340456,-2.25300878217733,0.0246754654515527,0.0884615436438165,-3.70856134607868,FALSE
"P05060","CHGB","CHGB","KNN_IMPUTATION",-0.247060801286031,8.86851548397289,-2.24690408647314,0.0250657233395093,0.0896365268550032,-3.72153629592568,FALSE
"P11362","FGFR1","FGFR1","KNN_IMPUTATION",-0.249649301074122,8.76910249981166,-2.24499357959357,0.0251889532348331,0.0898531316884345,-3.72558980995922,FALSE
"P05023","ATP1A1","ATP1A1","KNN_IMPUTATION",-0.187060895843347,7.79698784420065,-2.24041122951984,0.0254866656130894,0.0906895247870227,-3.73529839156775,FALSE
"Q9BU40","CHRDL1","CHRDL1","KNN_IMPUTATION",-0.291511290328151,8.43807483544892,-2.23429492186941,0.025888792584343,0.0918399035064262,-3.74822666522069,FALSE
"O75882","ATRN","ATRN","KNN_IMPUTATION",-0.239234431815184,8.33201310290891,-2.23355142605996,0.0259380480614384,0.0918399035064262,-3.74979585972539,FALSE
"P01008","SERPINC1","SERPINC1","KNN_IMPUTATION",-0.232535977614111,11.5571065903026,-2.22600750490805,0.0264424340796946,0.0933888147609682,-3.76568883215223,FALSE
"O43173","ST8SIA3","ST8SIA3","KNN_IMPUTATION",-0.205926048469038,6.7677709605145,-2.22506931864039,0.0265057514698146,0.0933888147609682,-3.76766164856723,FALSE
"Q9HBB8","CDHR5","CDHR5","KNN_IMPUTATION",-0.21208999935951,7.25544606017981,-2.21842433459963,0.0269579872711828,0.0944699753397146,-3.78161137398227,FALSE
"P00740","F9","F9","KNN_IMPUTATION",-0.237403537193041,14.5960564092345,-2.2173894505501,0.0270290159640559,0.0944699753397146,-3.78378021128506,FALSE
"P33908","MAN1A1","MAN1A1","KNN_IMPUTATION",-0.174541299298347,10.7925896868047,-2.21691220589254,0.0270618259342294,0.0944699753397146,-3.78478005287498,FALSE
"Q8IZA0","KIAA0319L","KIAA0319L","KNN_IMPUTATION",-0.191890961965968,7.42013526446422,-2.21626510057824,0.0271063686756509,0.0944699753397146,-3.78613542054518,FALSE
"Q9UKZ9","PCOLCE2","PCOLCE2","KNN_IMPUTATION",-0.210749685774848,8.66903585809895,-2.21574810172239,0.0271420012830979,0.0944699753397146,-3.78721800035576,FALSE
"P31944","CASP14","CASP14","KNN_IMPUTATION",-0.289762173566904,9.40457623178975,-2.21421805988119,0.0272476925084377,0.0946082107920088,-3.79042041049886,FALSE
"P13612","ITGA4","ITGA4","KNN_IMPUTATION",-0.183495826055228,7.85501331373713,-2.21288990629626,0.0273397264299294,0.0946984727065669,-3.79319850585265,FALSE
"Q08380","LGALS3BP","LGALS3BP","KNN_IMPUTATION",-0.175319320552251,16.369462900768,-2.21183688620465,0.0274128861391293,0.0947230812614733,-3.79539994371936,FALSE
"Q86UX2","ITIH5","ITIH5","KNN_IMPUTATION",-0.181974879979989,7.57983023834369,-2.20616079323785,0.0278101629928455,0.0958648407012992,-3.80724865775428,FALSE
"Q15185","PTGES3","PTGES3","KNN_IMPUTATION",-0.246196676872284,8.90439988283985,-2.20487405951676,0.0279009122200673,0.0959470218790805,-3.80993053421305,FALSE
"P0DJI8","SAA1","SAA1","KNN_IMPUTATION",-0.420730900879429,13.9628809768512,-2.20307819971618,0.0280279964660953,0.0960766534071161,-3.81367099247702,FALSE
"Q96S96","PEBP4","PEBP4","KNN_IMPUTATION",-0.251978392824276,10.0620823366402,-2.20244947240495,0.0280726065394572,0.0960766534071161,-3.81497981392877,FALSE
"Q06033","ITIH3","ITIH3","KNN_IMPUTATION",-0.167599847634119,17.8933602998174,-2.20020919911802,0.0282320599132395,0.0963923188466321,-3.81964041200341,FALSE
"P07910","HNRNPC","HNRNPC","KNN_IMPUTATION",-0.232196609770504,8.36551122408114,-2.19571935988177,0.0285539855755047,0.0972598938605077,-3.8289669381622,FALSE
"P05155","SERPING1","SERPING1","KNN_IMPUTATION",-0.201399207136756,14.0209567069648,-2.1922063961496,0.0288080747704497,0.0978928417555092,-3.83625121943571,FALSE
"P49908","SELENOP","SELENOP","KNN_IMPUTATION",-0.205567115684703,14.5925479974934,-2.19041031340268,0.0289387362702863,0.0979181473878389,-3.83997105481276,FALSE
"P35527","KRT9","KRT9","KNN_IMPUTATION",-0.277335726611584,14.6157384664334,-2.18945815521579,0.029008211192013,0.0979181473878389,-3.84194184003112,FALSE
"Q9NQ76","MEPE","MEPE","KNN_IMPUTATION",-0.268794903657794,8.7620675345737,-2.1892917007764,0.0290203714364237,0.0979181473878389,-3.84228628256008,FALSE
"Q9UBU3","GHRL","GHRL","KNN_IMPUTATION",-0.235915308233281,8.53525486712702,-2.18683442131798,0.0292003993490441,0.0982943020341061,-3.84736811827089,FALSE
"Q9Y543","HES2","HES2","KNN_IMPUTATION",-0.252336761689824,10.5625685008841,-2.18436557106411,0.0293822447808258,0.0986747986316258,-3.85246824572048,FALSE
"Q9NPA2","MMP25","MMP25","KNN_IMPUTATION",-0.297012709530009,8.67769948895134,-2.1743750937203,0.0301281136235329,0.100923431285324,-3.87304877250083,FALSE
"Q03167","TGFBR3","TGFBR3","KNN_IMPUTATION",-0.231116465059968,7.7939395965075,-2.17320036280151,0.0302168797886868,0.100923431285324,-3.87546265368413,FALSE
"P02533","KRT14","KRT14","KNN_IMPUTATION",-0.268767887142292,13.6158015743628,-2.17259179430398,0.0302629535932281,0.100923431285324,-3.87671265983415,FALSE
"Q8WUT4","LRRN4","LRRN4","KNN_IMPUTATION",-0.24344635766664,9.42917201192623,-2.16765383683291,0.0306390423771431,0.10170468450253,-3.88684257593549,FALSE
"Q09666","AHNAK","AHNAK","KNN_IMPUTATION",-0.173371885009299,8.9200180950976,-2.16765350043512,0.0306390681346534,0.10170468450253,-3.88684326526455,FALSE
"P49257","LMAN1","LMAN1","KNN_IMPUTATION",-0.226313884487112,7.79795111777915,-2.16587905657966,0.0307751945896019,0.101920621342931,-3.89047790340029,FALSE
"P22105","TNXB","TNXB","KNN_IMPUTATION",-0.19255729867127,13.1904145222922,-2.16274334674625,0.0310170240814017,0.102484821503986,-3.89689371592747,FALSE
"P0DJI9","SAA2","SAA2","KNN_IMPUTATION",-0.392007898295471,11.2077247000343,-2.15858921272608,0.0313399132671642,0.103313645115203,-3.90537922671523,FALSE
"P20701","ITGAL","ITGAL","KNN_IMPUTATION",-0.17560977048981,8.57395550348174,-2.15383624600489,0.0317128916714106,0.104300161902689,-3.91506831433049,FALSE
"Q9UBX7","KLK11","KLK11","KNN_IMPUTATION",-0.333943030640869,10.9881473761435,-2.15292748253145,0.0317846379020049,0.104300161902689,-3.91691847322747,FALSE
"Q9BXT2","CACNG6","CACNG6","KNN_IMPUTATION",-0.213839023579313,8.62279148201077,-2.14816215041219,0.0321631466265382,0.105301260873187,-3.92660770616328,FALSE
"Q92954","PRG4","PRG4","KNN_IMPUTATION",-0.208556031448031,12.2104989802304,-2.14699470572839,0.0322564649904401,0.105316560983325,-3.92897822908476,FALSE
"P10586","PTPRF","PTPRF","KNN_IMPUTATION",-0.202719480709261,7.28294210106856,-2.14626757459202,0.032314704904228,0.105316560983325,-3.93045404611657,FALSE
"Q5HYC2","BRD10","BRD10","KNN_IMPUTATION",-0.280102245463754,9.49022623872637,-2.14332216591375,0.0325515440328683,0.105683629045013,-3.93642715628105,FALSE
"O14745","NHERF1","NHERF1","KNN_IMPUTATION",-0.206650531200166,8.15823668301972,-2.14225164797885,0.0326379926399406,0.105683629045013,-3.93859610667164,FALSE
"O14960","LECT2","LECT2","KNN_IMPUTATION",-0.330381542453964,11.8546863734443,-2.14212257219674,0.032648429335384,0.105683629045013,-3.93885755212207,FALSE
"Q9BS26","ERP44","ERP44","KNN_IMPUTATION",-0.26636385762952,9.65624583867055,-2.14056859076094,0.0327743049532406,0.10585214707871,-3.94200395726528,FALSE
"P26038","MSN","MSN","KNN_IMPUTATION",-0.21905384896872,10.0554581270799,-2.13932236328496,0.0328755527971059,0.10594054541809,-3.94452562172448,FALSE
"P05386","RPLP1","RPLP1","KNN_IMPUTATION",-0.219752422435123,8.49278067222982,-2.13177747916321,0.0334942777328821,0.107690951808303,-3.95976144397406,FALSE
"Q13421","MSLN","MSLN","KNN_IMPUTATION",-0.216570902821206,7.18612400949459,-2.13053344507304,0.0335972493785598,0.107690951808303,-3.96226851895427,FALSE
"Q9UBQ7","GRHPR","GRHPR","KNN_IMPUTATION",-0.235921915026141,6.58599170536612,-2.12996929118525,0.0336440351535006,0.107690951808303,-3.96340497252712,FALSE
"P01591","JCHAIN","JCHAIN","KNN_IMPUTATION",-0.275556531943069,10.7534476961789,-2.12859385008361,0.0337583359587175,0.107816155378176,-3.96617447619579,FALSE
"Q9UBS3","DNAJB9","DNAJB9","KNN_IMPUTATION",-0.215136561170947,7.50905613923043,-2.12435552978799,0.034112641957818,0.108705619038913,-3.97469745143517,FALSE
"P11597","CETP","CETP","KNN_IMPUTATION",-0.221605585249279,14.3690496337631,-2.1231143907186,0.0342169975462089,0.108796395745595,-3.97719014060618,FALSE
"A6NM11;A6NMS7","LRRC37A2","LRRC37A2","KNN_IMPUTATION",-0.194549611140101,7.32450392160659,-2.12029079642958,0.0344554265147554,0.10925861888217,-3.98285568526641,FALSE
"Q14697","GANAB","GANAB","KNN_IMPUTATION",-0.177855938985386,9.82950310667084,-2.11959083660989,0.0345147519899743,0.10925861888217,-3.98425901010539,FALSE
"Q16658","FSCN1","FSCN1","KNN_IMPUTATION",-0.237666144859667,6.35510777258537,-2.11758224678568,0.0346854772305615,0.109557212221642,-3.98828343496514,FALSE
"Q9NYQ8","FAT2","FAT2","KNN_IMPUTATION",-0.373310579827612,7.89424384428101,-2.11206269334147,0.0351583553935031,0.110806772822601,-3.9993231551567,FALSE
"P04062","GBA1","GBA1","KNN_IMPUTATION",-0.179531766755519,7.16496435613337,-2.10888353345837,0.0354332211209256,0.111428155893437,-4.00566898446599,FALSE
"Q9Y6C2","EMILIN1","EMILIN1","KNN_IMPUTATION",-0.249586867322796,10.4729699752306,-2.10740645510317,0.0355615516275695,0.111587013203358,-4.00861414347622,FALSE
"Q9H5I5","PIEZO2","PIEZO2","KNN_IMPUTATION",-0.191453048638257,10.5821304926275,-2.09671710645502,0.0365021614232143,0.113912447505412,-4.02986731288691,FALSE
"Q53H76","PLA1A","PLA1A","KNN_IMPUTATION",-0.178850272756549,8.01034856645253,-2.09629263359288,0.036539947733568,0.113912447505412,-4.03070908223369,FALSE
"P16035","TIMP2","TIMP2","KNN_IMPUTATION",-0.185898392169424,7.93766063718769,-2.0962813519151,0.0365409524773287,0.113912447505412,-4.03073145257073,FALSE
"Q8TC71","SPATA18","SPATA18","KNN_IMPUTATION",-0.236764562185353,12.7685413867723,-2.09055900649694,0.0370536355406029,0.115022518081016,-4.04206299453428,FALSE
"A2CJ06","DYTN","DYTN","KNN_IMPUTATION",-0.179520724480716,9.45981917051997,-2.09051653011955,0.0370574639842605,0.115022518081016,-4.04214699361258,FALSE
"Q86SG5","S100A7A","S100A7A","KNN_IMPUTATION",-0.295127543155241,7.77510302832783,-2.08330375225765,0.0377124771403565,0.116802790970348,-4.0563862892933,FALSE
"Q96TC7","RMDN3","RMDN3","KNN_IMPUTATION",-0.239480298489712,7.87893138091725,-2.07798210310602,0.0382020616794766,0.118064130276658,-4.06686116115541,FALSE
"P01893","HLA-H","HLA-H","KNN_IMPUTATION",-0.171334654260823,9.66289377123681,-2.06730844527179,0.0392003752844606,0.120888899264337,-4.08779129753837,FALSE
"P24043","LAMA2","LAMA2","KNN_IMPUTATION",-0.220370518780384,6.66114783118907,-2.05561268104962,0.0403197135917517,0.123806047583497,-4.11060404834125,FALSE
"Q09328","MGAT5","MGAT5","KNN_IMPUTATION",-0.142071958534959,8.89504720732085,-2.05478629131309,0.0403998208794394,0.123806047583497,-4.1122111204776,FALSE
"Q96Q06","PLIN4","PLIN4","KNN_IMPUTATION",-0.211533864608349,8.04252877804011,-2.05472960332658,0.0404053209686726,0.123806047583497,-4.11232133777397,FALSE
"Q7Z3Y7","KRT28","KRT28","KNN_IMPUTATION",-0.224699886001899,15.3801810104043,-2.0532211662471,0.0405519094813184,0.123990273339468,-4.11525306313397,FALSE
"Q14764","MVP","MVP","KNN_IMPUTATION",-0.222143904952195,6.38000963557443,-2.04922883519781,0.040942064136321,0.124825182884052,-4.12300214979209,FALSE
"P23467","PTPRB","PTPRB","KNN_IMPUTATION",-0.17654625402634,8.79390050319255,-2.04864825919852,0.0409990663447617,0.124825182884052,-4.1241278087748,FALSE
"Q8N307","MUC20","MUC20","KNN_IMPUTATION",-0.183183419092124,10.2171746755657,-2.04571892162568,0.0412877046265574,0.125437644988312,-4.1298026183965,FALSE
"P30050","RPL12","RPL12","KNN_IMPUTATION",-0.231706090760448,7.25454026426956,-2.04394672711026,0.0414631620232947,0.125644446421569,-4.13323189605009,FALSE
"P28300","LOX","LOX","KNN_IMPUTATION",-0.239330038685392,7.28408162264014,-2.04326314610055,0.0415310094866274,0.125644446421569,-4.13455387565237,FALSE
"A6NL88","SHISA7","SHISA7","KNN_IMPUTATION",-0.285336582597115,9.34556696506486,-2.04143873375276,0.0417125496215136,0.12587805752606,-4.13807998399174,FALSE
"O94973","AP2A2","AP2A2","KNN_IMPUTATION",0.225787760463328,7.31171845434712,2.04072463165589,0.0417837903642988,0.12587805752606,-4.1394593117719,FALSE
"Q99435","NELL2","NELL2","KNN_IMPUTATION",-0.233426479448582,9.41656575388566,-2.03820228511409,0.0420362537603994,0.126199836180003,-4.14432756561845,FALSE
"P50281","MMP14","MMP14","KNN_IMPUTATION",-0.243756313765944,9.30453584290802,-2.037449800413,0.0421118207266108,0.126199836180003,-4.14577875177522,FALSE
"P00742","F10","F10","KNN_IMPUTATION",-0.134452566263997,14.9378782243176,-2.0370241443096,0.0421546175245616,0.126199836180003,-4.14659940720505,FALSE
"P53675","CLTCL1","CLTCL1","KNN_IMPUTATION",-0.284430756357804,7.75721777179294,-2.03611210583618,0.0422464409981075,0.126211242481846,-4.14835722924288,FALSE
"P15941","MUC1","MUC1","KNN_IMPUTATION",-0.178476034492901,9.94171600989193,-2.03181483132091,0.0426813747230017,0.126643934006352,-4.1566291863103,FALSE
"Q16378","PRR4","PRR4","KNN_IMPUTATION",-0.310626371099744,10.1105039936399,-2.03085840980588,0.0427786905213707,0.126643934006352,-4.15846789342557,FALSE
"P11021","HSPA5","HSPA5","KNN_IMPUTATION",-0.181338927977549,10.2124101408684,-2.03054341902297,0.0428107819605145,0.126643934006352,-4.15907327246369,FALSE
"P23327","HRC","HRC","KNN_IMPUTATION",-0.193571333243058,9.41157338826285,-2.03042736784253,0.0428226104648322,0.126643934006352,-4.15929628730333,FALSE
"P21926","CD9","CD9","KNN_IMPUTATION",-0.194987685025085,11.3964357816732,-2.0303269207395,0.0428328507622599,0.126643934006352,-4.15948930576258,FALSE
"P50238","CRIP1","CRIP1","KNN_IMPUTATION",-0.199355607001863,11.6740194590177,-2.02469671933959,0.043410162802451,0.128086776664022,-4.17029324539707,FALSE
"P12821","ACE","ACE","KNN_IMPUTATION",-0.177030835171262,8.01368710585844,-2.02300355929956,0.0435850609880632,0.128338762745139,-4.17353652283189,FALSE
"P04259","KRT6B","KRT6B","KNN_IMPUTATION",-0.17466130653977,14.4216868862115,-2.02122190597133,0.0437697444133107,0.12847162307023,-4.1769464289619,FALSE
"Q7Z794","KRT77","KRT77","KNN_IMPUTATION",-0.566507324072667,11.3011121903495,-2.02084055166802,0.0438093610051203,0.12847162307023,-4.17767591895358,FALSE
"P07858","CTSB","CTSB","KNN_IMPUTATION",-0.207630658952816,8.01170907536406,-2.01884596268467,0.0440170618899057,0.128630470808757,-4.1814891482744,FALSE
"P07225","PROS1","PROS1","KNN_IMPUTATION",-0.186026225369556,14.80708803435,-2.01859810796111,0.04404292968417,0.128630470808757,-4.18196273498154,FALSE
"Q9NRY5","FAM114A2","FAM114A2","KNN_IMPUTATION",-0.236555708821478,7.30653270071888,-2.01565812986622,0.0443507486862271,0.129266206536686,-4.18757591479545,FALSE
"Q16610","ECM1","ECM1","KNN_IMPUTATION",-0.177243729779875,12.6541553213645,-2.01353668970866,0.0445739950983541,0.129653365052819,-4.19162129470836,FALSE
"Q9BUN1","MENT","MENT","KNN_IMPUTATION",-0.232759565247997,11.5226432236128,-2.01025218223677,0.0449215103131112,0.130324808879235,-4.19787626384313,FALSE
"P13929","ENO3","ENO3","KNN_IMPUTATION",-0.282379654639708,8.25404653646939,-2.00963941061273,0.0449865972072673,0.130324808879235,-4.19904210542658,FALSE
"P01344","IGF2","IGF2","KNN_IMPUTATION",-0.171522359897168,10.9376109923697,-2.00564796021172,0.0454125124749661,0.131293433244156,-4.20662756626084,FALSE
"P08319","ADH4","ADH4","KNN_IMPUTATION",-0.279827935157629,10.3536398454033,-2.00178612180537,0.0458278365091827,0.132227600712612,-4.21395258591313,FALSE
"Q9Y5C1","ANGPTL3","ANGPTL3","KNN_IMPUTATION",-0.162323538580672,9.13955679989305,-2.00027229725497,0.0459915150577196,0.132433398780663,-4.21682017321545,FALSE
"O75170","PPP6R2","PPP6R2","KNN_IMPUTATION",-0.288837939820761,8.72932968079299,-1.99755748914829,0.0462862838764143,0.133015092342241,-4.22195739691254,FALSE
"Q15904","ATP6AP1","ATP6AP1","KNN_IMPUTATION",-0.209531428497543,7.88617061720837,-1.99630427688088,0.0464228925827544,0.13314085592734,-4.22432653081984,FALSE
"P10321","HLA-C","HLA-C","KNN_IMPUTATION",-0.204687434049211,8.13227146277478,-1.99215064679325,0.0468781028014798,0.134178042749146,-4.23216829602412,FALSE
"P01116","KRAS","KRAS","KNN_IMPUTATION",-0.205332519381562,7.95474666414988,-1.98813401373144,0.0473218755671004,0.135178425424745,-4.23973613336719,FALSE
"P01871","IGHM","IGHM","KNN_IMPUTATION",-0.236783125498061,16.5502013049158,-1.9857769141935,0.0475839426791526,0.135643031326198,-4.24417020375918,FALSE
"P19338","NCL","NCL","KNN_IMPUTATION",-0.204847699951094,8.08530543839544,-1.98497211740275,0.0476737013866135,0.135643031326198,-4.24568296599453,FALSE
"P05107","ITGB2","ITGB2","KNN_IMPUTATION",-0.154141803230722,9.4635606364959,-1.98377848130761,0.0478070900251458,0.135753202170414,-4.24792551118631,FALSE
"P61769","B2M","B2M","KNN_IMPUTATION",-0.187769939574334,10.7897548478479,-1.98214861108078,0.0479897356951385,0.136002531594523,-4.25098548760757,FALSE
"P09104","ENO2","ENO2","KNN_IMPUTATION",-0.175863841337888,11.6577824283136,-1.97459090475839,0.0488443667375305,0.1381515224884,-4.26514223976103,FALSE
"P15924","DSP","DSP","KNN_IMPUTATION",-0.268026281329069,10.1590568985184,-1.97071100188069,0.0492880637695053,0.139132054026517,-4.27238921757512,FALSE
"P60903","S100A10","S100A10","KNN_IMPUTATION",-0.186341565868576,8.01481666237395,-1.96694129296455,0.0497224029001752,0.1400823688779,-4.27941693256001,FALSE
"P05388","RPLP0","RPLP0","KNN_IMPUTATION",-0.220163486445157,8.46458219325106,-1.96467840422974,0.0499846718225758,0.140545136065831,-4.28362918116963,FALSE
"P30273","FCER1G","FCER1G","KNN_IMPUTATION",-0.190155885538475,8.21762094839825,-1.96275334040598,0.0502087015621225,0.140898782857307,-4.28720882844974,FALSE
"P00747","PLG","PLG","KNN_IMPUTATION",-0.200532287324652,15.1152510353278,-1.95571126683611,0.051035428317767,0.142939070718121,-4.30027409415223,FALSE
"P00746","CFD","CFD","KNN_IMPUTATION",-0.205261876366984,12.1788872745757,-1.95475733478216,0.0511482925563628,0.142975928900242,-4.3020403826514,FALSE
"P62330","ARF6","ARF6","KNN_IMPUTATION",-0.175355303929166,8.04563646498617,-1.95055528256249,0.0516479554093084,0.144091766647759,-4.30981074754045,FALSE
"P62820","RAB1A","RAB1A","KNN_IMPUTATION",-0.259848816384812,7.50992707654129,-1.94943470566228,0.0517818921329266,0.144108621394323,-4.31188011858436,FALSE
"Q13867","BLMH","BLMH","KNN_IMPUTATION",-0.20406080076366,9.39995571357548,-1.94882420133949,0.0518549851042334,0.144108621394323,-4.31300704503353,FALSE
"P20062","TCN2","TCN2","KNN_IMPUTATION",-0.171118725624344,7.50066761473388,-1.9453872599732,0.0522680921458793,0.144975713998435,-4.31934478863424,FALSE
"P23284","PPIB","PPIB","KNN_IMPUTATION",-0.195131216760283,10.4278361273034,-1.9440710958429,0.0524270191655422,0.145135802091482,-4.32176888702703,FALSE
"P07948","LYN","LYN","KNN_IMPUTATION",-0.31977930553786,8.04069513305336,-1.93769339331862,0.0532028776267748,0.146907504329175,-4.33349239316705,FALSE
"O95373","IPO7","IPO7","KNN_IMPUTATION",-0.259232929425531,9.12321701351237,-1.93712981283666,0.0532718983620441,0.146907504329175,-4.33452654341217,FALSE
"P54920","NAPA","NAPA","KNN_IMPUTATION",-0.211529598451815,8.21274735920506,-1.93317484448921,0.0537583697166617,0.147964495534919,-4.3417754346368,FALSE
"Q86WI1","PKHD1L1","PKHD1L1","KNN_IMPUTATION",-0.224489977129405,9.4720873850835,-1.93073930628719,0.0540597937122783,0.14850908847396,-4.34623216741152,FALSE
"P08709","F7","F7","KNN_IMPUTATION",-0.156755765758286,9.82365052615428,-1.92807001170689,0.0543917710433401,0.148691505528093,-4.35111028860032,FALSE
"Q15063","POSTN","POSTN","KNN_IMPUTATION",-0.263871274845876,10.709472053943,-1.9280638993236,0.0543925331869914,0.148691505528093,-4.35112145131805,FALSE
"O60936","NOL3","NOL3","KNN_IMPUTATION",-0.190651004857081,7.27167979900392,-1.92770526279334,0.0544372666682348,0.148691505528093,-4.35177634894893,FALSE
"P0C0L5","C4B_2","C4B_2","KNN_IMPUTATION",-0.227753223529225,12.6998549130921,-1.92290961143173,0.0550384016765671,0.150047657802656,-4.36052204136243,FALSE
"P03952","KLKB1","KLKB1","KNN_IMPUTATION",-0.168679153643204,13.4525817248286,-1.91990922496874,0.055417315233476,0.150793984904753,-4.36598284652222,FALSE
"O60493","SNX3","SNX3","KNN_IMPUTATION",-0.276254216298215,8.81142496253247,-1.91871372750525,0.0555688987323116,0.150920077238892,-4.36815635183752,FALSE
"Q01546","KRT76","KRT76","KNN_IMPUTATION",-0.31821045175918,9.82058091804225,-1.91488322179478,0.0560569243488528,0.151957711750955,-4.37511151862866,FALSE
"Q9UJJ9","GNPTG","GNPTG","KNN_IMPUTATION",-0.162317438891375,9.88353673564591,-1.89958026999847,0.0580424510520124,0.1570431600162,-4.40276090331376,FALSE
"P16671","CD36","CD36","KNN_IMPUTATION",-0.239888667820647,9.10617531522595,-1.89331952880216,0.0588714953937132,0.158962033561383,-4.41400979358681,FALSE
"Q86UD1","OAF","OAF","KNN_IMPUTATION",-0.136676155607089,10.3448795806351,-1.89255532723404,0.0589733625206803,0.158962033561383,-4.41538035449218,FALSE
"P35916","FLT4","FLT4","KNN_IMPUTATION",-0.168702283158678,9.52083692251428,-1.88990184258007,0.0593282088122673,0.159433138401048,-4.42013502461998,FALSE
"P23381","WARS1","WARS1","KNN_IMPUTATION",-0.191273113368019,7.34442898326022,-1.88958648306967,0.0593704992372105,0.159433138401048,-4.42069966719745,FALSE
"P11279","LAMP1","LAMP1","KNN_IMPUTATION",-0.197049084282169,7.44978232334405,-1.88813355142931,0.0595656648394816,0.159658249308069,-4.42329990185753,FALSE
"Q8NI51","CTCFL","CTCFL","KNN_IMPUTATION",0.364602257169276,12.532293546391,1.88426536058133,0.0600878648283425,0.160498839037633,-4.43021298598722,FALSE
"P08254","MMP3","MMP3","KNN_IMPUTATION",-0.198973371562133,9.21836908683984,-1.88415276626151,0.0601031217316661,0.160498839037633,-4.430414000977,FALSE
"Q8NCH0","CHST14","CHST14","KNN_IMPUTATION",-0.179578751174945,7.16168342227751,-1.88100034493511,0.0605315946899871,0.161050092888915,-4.43603722170734,FALSE
"Q8WUM4","PDCD6IP","PDCD6IP","KNN_IMPUTATION",-0.268042340244619,10.5002343077627,-1.88045474488242,0.0606060090533308,0.161050092888915,-4.43700950893519,FALSE
"P30101","PDIA3","PDIA3","KNN_IMPUTATION",-0.182286382537095,10.8976814926054,-1.88015825993661,0.0606464784937338,0.161050092888915,-4.43753774368301,FALSE
"Q16363","LAMA4","LAMA4","KNN_IMPUTATION",-0.209420698999947,7.9357130090179,-1.87844238469906,0.0608811324273899,0.16121822568278,-4.4405932336445,FALSE
"Q8WUA8","TSKU","TSKU","KNN_IMPUTATION",-0.183241005819962,9.59701879076165,-1.8773756825914,0.0610273888056849,0.16121822568278,-4.44249134297695,FALSE
"P63000","RAC1","RAC1","KNN_IMPUTATION",-0.204286244503951,9.4627364751477,-1.87723231181751,0.0610470687208853,0.16121822568278,-4.44274637853406,FALSE
"P19971","TYMP","TYMP","KNN_IMPUTATION",-0.172783143374899,7.13805226402349,-1.8695042772213,0.062115691253111,0.163738789075296,-4.45646500305115,FALSE
"P05362","ICAM1","ICAM1","KNN_IMPUTATION",-0.139830949270737,9.51469582533687,-1.8682399694012,0.0622919869217945,0.163902218799731,-4.45870406147968,FALSE
"Q9Y646","CPQ","CPQ","KNN_IMPUTATION",-0.135688153965965,8.4086356050369,-1.86553585216614,0.0626704439136978,0.164596001048063,-4.46348797403401,FALSE
"P11166","SLC2A1","SLC2A1","KNN_IMPUTATION",-0.224145011581328,9.61595683594161,-1.86363786545253,0.0629372155532812,0.164994455399278,-4.46684166268409,FALSE
"P07093","SERPINE2","SERPINE2","KNN_IMPUTATION",-0.231255057132206,7.51110742078301,-1.86075762081819,0.0633438464192824,0.16575743752783,-4.47192454298301,FALSE
"Q9H4A9","DPEP2","DPEP2","KNN_IMPUTATION",-0.182417064785928,6.66939959607949,-1.85791963910137,0.0637466377958412,0.166507611291869,-4.47692525754283,FALSE
"P55103","INHBC","INHBC","KNN_IMPUTATION",-0.156559905665958,10.8149609178478,-1.84622339505957,0.0654291256815048,0.170591574958687,-4.49745538403167,FALSE
"Q9BY67","CADM1","CADM1","KNN_IMPUTATION",-0.143236328582169,10.5867555749713,-1.84419847722765,0.0657241037182857,0.170917061531733,-4.50099668636302,FALSE
"P02679","FGG","FGG","KNN_IMPUTATION",-0.169830011491786,16.7947678506265,-1.84373111862648,0.0657923416774873,0.170917061531733,-4.50181348772397,FALSE
"P59768","GNG2","GNG2","KNN_IMPUTATION",-0.160931734446269,7.87106916053837,-1.84064812516851,0.0662439513040041,0.171725054698783,-4.50719651054645,FALSE
"P31431","SDC4","SDC4","KNN_IMPUTATION",-0.225502045017196,8.97947961589843,-1.83997513643781,0.0663428732936721,0.171725054698783,-4.50837039263831,FALSE
"P49773","HINT1","HINT1","KNN_IMPUTATION",-0.243908079994345,7.24863748226833,-1.82869293052172,0.0680194851430962,0.175747642694054,-4.52798668261261,FALSE
"P31151","S100A7","S100A7","KNN_IMPUTATION",-0.233746201444298,9.02271245071072,-1.82035205777888,0.0692813354674671,0.178686034281201,-4.54241236743387,FALSE
"Q7Z4R8","C6orf120","C6orf120","KNN_IMPUTATION",-0.129796407959997,7.91794105983786,-1.81492936444353,0.07011200495372,0.180503797313527,-4.5517561055924,FALSE
"Q04756","HGFAC","HGFAC","KNN_IMPUTATION",-0.178723179562915,10.4808548624243,-1.81389984410966,0.0702706330707097,0.180587971009673,-4.553526945304,FALSE
"O75147","OBSL1","OBSL1","KNN_IMPUTATION",-0.251633046081604,10.1084126160701,-1.81174232913573,0.0706040201996315,0.181120151996908,-4.55723479046985,FALSE
"Q04721","NOTCH2","NOTCH2","KNN_IMPUTATION",-0.216910411381471,7.88244177848336,-1.80741610675844,0.0712764443808608,0.18251860936099,-4.5646565947656,FALSE
"P08648","ITGA5","ITGA5","KNN_IMPUTATION",-0.171883960377589,7.88925676613513,-1.798344223724,0.0727035847749107,0.185694632073898,-4.58016290395992,FALSE
"Q6P3X8","PGBD2","PGBD2","KNN_IMPUTATION",-0.205385852018946,9.47550174461756,-1.79788957501308,0.072775720519896,0.185694632073898,-4.58093799548944,FALSE
"P55072","VCP","VCP","KNN_IMPUTATION",-0.270414360180263,10.0739114170884,-1.79428208336441,0.0733501792415025,0.186827987624005,-4.58708124118026,FALSE
"Q14112","NID2","NID2","KNN_IMPUTATION",-0.19902032784675,10.4174647778282,-1.79290498047298,0.0735704484998179,0.187056778632516,-4.58942311603486,FALSE
"Q9UBE0","SAE1","SAE1","KNN_IMPUTATION",-0.220870595469709,9.43900563427525,-1.78902463539211,0.0741940337575576,0.188308397182898,-4.59601240989364,FALSE
"P60520","GABARAPL2","GABARAPL2","KNN_IMPUTATION",-0.180253232621904,7.03020978462034,-1.77700310510029,0.0761534872274754,0.192901396176379,-4.61633694836712,FALSE
"P00451","F8","F8","KNN_IMPUTATION",-0.202024987302433,9.99236903700199,-1.77593450296938,0.0763296943640595,0.192901396176379,-4.61813706305666,FALSE
"Q6IAA8","LAMTOR1","LAMTOR1","KNN_IMPUTATION",-0.186438094178307,7.05707606940813,-1.7754648235179,0.0764072475789283,0.192901396176379,-4.61892792378238,FALSE
"Q14126","DSG2","DSG2","KNN_IMPUTATION",-0.161844220298981,10.1360289382692,-1.7739941474616,0.0766505017152997,0.193175429630474,-4.62140295753174,FALSE
"P04196","HRG","HRG","KNN_IMPUTATION",-0.138690288382385,16.6690913818707,-1.76664802361417,0.077875070266726,0.195917282039448,-4.63373559141401,FALSE
"Q5H9R7","PPP6R3","PPP6R3","KNN_IMPUTATION",-0.215973769653781,6.08220217536529,-1.76072118731697,0.0788746539884064,0.198084507564579,-4.64364869985241,FALSE
"Q8N1N4","KRT78","KRT78","KNN_IMPUTATION",-0.226976331042513,9.14204387596919,-1.75712477353068,0.0794862894595351,0.199271571826877,-4.64964795185839,FALSE
"Q96L46","CAPNS2","CAPNS2","KNN_IMPUTATION",-0.175953852407355,10.829796173746,-1.75452069682577,0.0799315695150238,0.200038168733934,-4.6539843042775,FALSE
"P16452","EPB42","EPB42","KNN_IMPUTATION",-0.343772395752868,8.96424073487286,-1.75342447073903,0.0801196240687016,0.200159478945153,-4.65580785868611,FALSE
"Q8WVV4","POF1B","POF1B","KNN_IMPUTATION",-0.198418769313304,6.96666618622037,-1.74857645621998,0.0809556149752573,0.201428765795548,-4.66385895537994,FALSE
"P05556","ITGB1","ITGB1","KNN_IMPUTATION",-0.13277200350916,10.9983636869684,-1.74833963262495,0.0809966340713332,0.201428765795548,-4.66425168423985,FALSE
"P07711","CTSL","CTSL","KNN_IMPUTATION",-0.174572582179286,8.21200818107063,-1.74803690948245,0.0810490919553915,0.201428765795548,-4.66475361900789,FALSE
"O75874","IDH1","IDH1","KNN_IMPUTATION",-0.192132597234805,8.11834301144116,-1.74424199543473,0.0817090496765942,0.202662598067153,-4.67103855070029,FALSE
"O43399","TPD52L2","TPD52L2","KNN_IMPUTATION",-0.35410304581116,11.3045776441271,-1.74346336295465,0.0818449975441469,0.202662598067153,-4.67232641161634,FALSE
"P61586","RHOA","RHOA","KNN_IMPUTATION",-0.202507488136181,8.57302853524387,-1.74275103087912,0.0819695305989881,0.202662598067153,-4.67350411390104,FALSE
"Q12907","LMAN2","LMAN2","KNN_IMPUTATION",-0.12939317312118,9.51431777581196,-1.736509588207,0.0830672914690097,0.205023228858107,-4.68380279054117,FALSE
"P00326","ADH1C","ADH1C","KNN_IMPUTATION",-0.221741036643349,9.48409471272158,-1.73155211440267,0.0839477116381019,0.206840237953674,-4.69195684638649,FALSE
"P56199","ITGA1","ITGA1","KNN_IMPUTATION",-0.240127763905886,7.73893424315063,-1.727236153361,0.0847203577880249,0.208385922929722,-4.69903698784555,FALSE
"O60240","PLIN1","PLIN1","KNN_IMPUTATION",-0.184778405773074,6.77113671406298,-1.72258530451055,0.0855594035469947,0.21008935733971,-4.70664695514033,FALSE
"Q9UL25","RAB21","RAB21","KNN_IMPUTATION",-0.166476012502005,6.70847792869826,-1.72115945903751,0.0858179810149069,0.210258212724309,-4.70897593910827,FALSE
"P12273","PIP","PIP","KNN_IMPUTATION",-0.179444637416402,8.36123477232243,-1.72035127879528,0.0859648257185589,0.210258212724309,-4.71029517905567,FALSE
"P04180","LCAT","LCAT","KNN_IMPUTATION",-0.135646472001982,11.8711718459701,-1.71978388809173,0.0860680410524195,0.210258212724309,-4.71122099833869,FALSE
"Q15113","PCOLCE","PCOLCE","KNN_IMPUTATION",-0.147821304780971,11.7487329708412,-1.71844260817915,0.0863124355993534,0.21049665416577,-4.71340838351472,FALSE
"O14672","ADAM10","ADAM10","KNN_IMPUTATION",-0.17576463559749,8.29614266444496,-1.71513897459963,0.0869167884584684,0.211610653055083,-4.71878882063773,FALSE
"Q99733","NAP1L4","NAP1L4","KNN_IMPUTATION",-0.242642562078347,9.84311754708418,-1.70573198004481,0.0886564487259578,0.215480249954277,-4.73405340135813,FALSE
"Q92688","ANP32B","ANP32B","KNN_IMPUTATION",-0.190735147336959,9.46032509470744,-1.7038795028203,0.0890023269444871,0.215954884667334,-4.73704960863071,FALSE
"P32004","L1CAM","L1CAM","KNN_IMPUTATION",-0.203743598390552,7.62614428818859,-1.6974345533121,0.0902141742640124,0.218525550497625,-4.74744863424908,FALSE
"Q16775","HAGH","HAGH","KNN_IMPUTATION",-0.278302615117691,8.01595877024207,-1.69290665782623,0.0910734946495995,0.220235061260583,-4.7547311670765,FALSE
"O15498","YKT6","YKT6","KNN_IMPUTATION",-0.178360761803017,7.06776779513612,-1.69148206138186,0.0913452207213025,0.220520280327185,-4.75701846923714,FALSE
"P01137","TGFB1","TGFB1","KNN_IMPUTATION",-0.221830288850221,8.29958588579247,-1.68967655041395,0.0916905407345282,0.220842029903176,-4.75991462479772,FALSE
"Q9BXR6","CFHR5","CFHR5","KNN_IMPUTATION",-0.179622674565964,9.6589599723453,-1.68917576705435,0.0917865061522264,0.220842029903176,-4.76071737183202,FALSE
"P35613","BSG","BSG","KNN_IMPUTATION",-0.152572724535464,9.78147904051629,-1.67632973400556,0.0942759867855157,0.226214334264714,-4.78122892478479,FALSE
"Q6UW49","SPESP1","SPESP1","KNN_IMPUTATION",-0.206117949169031,7.86851711875176,-1.67602932250237,0.0943348479011849,0.226214334264714,-4.78170674617004,FALSE
"P18827","SDC1","SDC1","KNN_IMPUTATION",-0.159004433310983,12.3284182995062,-1.66989050848673,0.0955441394378802,0.228416921888691,-4.79145233089183,FALSE
"P51149","RAB7A","RAB7A","KNN_IMPUTATION",-0.187129096594642,9.31593765826493,-1.66975014925569,0.0955719338446404,0.228416921888691,-4.79167474266734,FALSE
"P55285","CDH6","CDH6","KNN_IMPUTATION",-0.192840868395074,8.74913208509471,-1.66844308123709,0.0958310757173106,0.228655178999373,-4.79374502142102,FALSE
"P00748","F12","F12","KNN_IMPUTATION",-0.202399361772395,13.4292198143478,-1.66647624036005,0.0962220882323654,0.22892279230359,-4.79685730016155,FALSE
"Q9Y6W5","WASF2","WASF2","KNN_IMPUTATION",-0.20362102336289,6.84546817881355,-1.66564888620892,0.0963869502624075,0.22892279230359,-4.79816539955279,FALSE
"Q96FZ7","CHMP6","CHMP6","KNN_IMPUTATION",-0.183345344461713,7.13355014456778,-1.66547237265538,0.0964221524068119,0.22892279230359,-4.79844439553622,FALSE
"Q9BQE5","APOL2","APOL2","KNN_IMPUTATION",-0.148641199231831,10.9826113737804,-1.66294816377808,0.0969266854530601,0.229740275933369,-4.80243094222145,FALSE
"P13646","KRT13","KRT13","KNN_IMPUTATION",-0.175900769776849,12.9634269236569,-1.6608786523956,0.0973419122669304,0.230343732988083,-4.80569491285838,FALSE
"O00391","QSOX1","QSOX1","KNN_IMPUTATION",-0.144743792349074,10.4747569374785,-1.65658045112432,0.0982088597988663,0.232012364005888,-4.81246106224643,FALSE
"P04899","GNAI2","GNAI2","KNN_IMPUTATION",-0.140047168945506,8.55361827523871,-1.65379960932196,0.0987730435249482,0.232766132904739,-4.81682937406719,FALSE
"Q562R1","ACTBL2","ACTBL2","KNN_IMPUTATION",-0.211495991270928,14.2266059939733,-1.65330908908359,0.0988728301341266,0.232766132904739,-4.81759915936879,FALSE
"P09237","MMP7","MMP7","KNN_IMPUTATION",-0.156555863709322,8.08544429903581,-1.65261148809542,0.0990148821979712,0.232766132904739,-4.81869353252184,FALSE
"Q96J42","TXNDC15","TXNDC15","KNN_IMPUTATION",-0.116449004053255,9.97326320443207,-1.65066085473326,0.0994129556598793,0.233319440943154,-4.82175119661471,FALSE
"P07339","CTSD","CTSD","KNN_IMPUTATION",-0.172809915210367,9.11978319751669,-1.64761662775048,0.100036760737818,0.234399860944495,-4.82651595798992,FALSE
"P11171","EPB41","EPB41","KNN_IMPUTATION",-0.313543516932619,8.84958718660791,-1.64330226181226,0.100926192650283,0.236098140718607,-4.83325381305711,FALSE
"P68104;Q5VTE0","EEF1A1","EEF1A1","KNN_IMPUTATION",-0.191774222052461,9.95519905502337,-1.64076124191697,0.101452988518612,0.23694395038386,-4.83721401154423,FALSE
"P48960","ADGRE5","ADGRE5","KNN_IMPUTATION",-0.130678190154647,7.61489384443593,-1.6355197697374,0.102546569364202,0.238978753643547,-4.84536373557757,FALSE
"P16109","SELP","SELP","KNN_IMPUTATION",-0.25561607102355,8.5251843902713,-1.6347792018515,0.102701836949532,0.238978753643547,-4.84651313071089,FALSE
"B2RUZ4","SMIM1","SMIM1","KNN_IMPUTATION",-0.17027591009599,8.62343243303706,-1.63419624444204,0.102824191769922,0.238978753643547,-4.84741754495537,FALSE
"P05067","APP","APP","KNN_IMPUTATION",-0.217277114505567,11.1199488298907,-1.63294395436665,0.103087423561251,0.239202856613001,-4.84935929907335,FALSE
"Q8N128","FAM177A1","FAM177A1","KNN_IMPUTATION",-0.174228954688568,7.44756626080012,-1.63191920741078,0.103303225271582,0.239316357091194,-4.85094713779942,FALSE
"Q15485","FCN2","FCN2","KNN_IMPUTATION",-0.192241768815768,9.59034586877115,-1.62483771474312,0.104804379489307,0.242012936205866,-4.86189291099005,FALSE
"Q9HCN6","GP6","GP6","KNN_IMPUTATION",-0.147964966320282,9.22475358814851,-1.62483590533309,0.104804765260699,0.242012936205866,-4.86189570175385,FALSE
"Q9NSC7","ST6GALNAC1","ST6GALNAC1","KNN_IMPUTATION",-0.19404975865113,7.38804461800202,-1.62387131429384,0.10501057983675,0.242098346440352,-4.86338301183072,FALSE
"O43866","CD5L","CD5L","KNN_IMPUTATION",-0.15049221488524,15.9075253245005,-1.61628237511438,0.106641074104357,0.245462761261073,-4.87505396970068,FALSE
"P84095","RHOG","RHOG","KNN_IMPUTATION",-0.136116170108751,7.75634534460362,-1.61121332335184,0.107741332138885,0.24756646753521,-4.88281948147613,FALSE
"P43686","PSMC4","PSMC4","KNN_IMPUTATION",-0.219944751132134,7.0851990269365,-1.61048430006425,0.10790030837483,0.24756646753521,-4.88393432014818,FALSE
"P09668","CTSH","CTSH","KNN_IMPUTATION",-0.160135572446835,8.79445819346871,-1.60871775070386,0.108286307736244,0.247740265793652,-4.88663369604512,FALSE
"P02766","TTR","TTR","KNN_IMPUTATION",-0.12509182470264,13.3302924385239,-1.60819636475886,0.108400442253748,0.247740265793652,-4.88742983954237,FALSE
"P07602","PSAP","PSAP","KNN_IMPUTATION",-0.152683328101551,8.94243646159421,-1.60776773969636,0.10849434234199,0.247740265793652,-4.88808414817995,FALSE
"Q13214","SEMA3B","SEMA3B","KNN_IMPUTATION",-0.157295847058352,7.80522895612639,-1.60576305407535,0.108934371605306,0.248214388914419,-4.8911420677114,FALSE
"Q96H15","TIMD4","TIMD4","KNN_IMPUTATION",-0.146758279813241,9.57143318887088,-1.60524569107453,0.109048162493783,0.248214388914419,-4.89193063308419,FALSE
"P49913","CAMP","CAMP","KNN_IMPUTATION",-0.126863607050703,10.6461035985805,-1.59950238060892,0.110317711007212,0.250706176837308,-4.90066770260558,FALSE
"P02654","APOC1","APOC1","KNN_IMPUTATION",-0.122405173318636,17.1817592442441,-1.59310673334387,0.111745206974018,0.253548460127756,-4.9103606709855,FALSE
"Q6ZRK6","CCDC73","CCDC73","KNN_IMPUTATION",-0.236365604342319,11.3347863715642,-1.59105087672334,0.11220716150039,0.253833033728758,-4.91346827510706,FALSE
"P80303","NUCB2","NUCB2","KNN_IMPUTATION",-0.159235790958369,6.41307584737101,-1.59090849563891,0.11223921061622,0.253833033728758,-4.91368334929429,FALSE
"Q9Y5Y7","LYVE1","LYVE1","KNN_IMPUTATION",-0.152307017483793,11.5213894157876,-1.58909232976051,0.112648653944461,0.253833033728758,-4.91642509281769,FALSE
"P05062","ALDOB","ALDOB","KNN_IMPUTATION",-0.38063096475161,9.11943000488815,-1.58870183280034,0.112736843112415,0.253833033728758,-4.91701419490774,FALSE
"Q6ZMY3","SPOCD1","SPOCD1","KNN_IMPUTATION",-0.139939509177472,13.2489966529008,-1.58861846349297,0.112755678162635,0.253833033728758,-4.91713994693372,FALSE
"P23142","FBLN1","FBLN1","KNN_IMPUTATION",-0.187054348833824,12.8767889188737,-1.58433111360924,0.113727647064631,0.255619821145269,-4.92359806454023,FALSE
"O75955","FLOT1","FLOT1","KNN_IMPUTATION",-0.199106519572871,7.30833845936634,-1.58145743663681,0.114382823319615,0.256690091768902,-4.92791706857636,FALSE
"P23634","ATP2B4","ATP2B4","KNN_IMPUTATION",-0.144897483566692,7.09874410418143,-1.57752737988503,0.115283665199284,0.258307462337145,-4.93381119580191,FALSE
"Q96M27","PRRC1","PRRC1","KNN_IMPUTATION",-0.134862487289064,6.78396408605908,-1.57115039700385,0.116757283373412,0.260805850394795,-4.94334422220379,FALSE
"Q13790","APOF","APOF","KNN_IMPUTATION",-0.114259969953704,16.1382179947488,-1.5702562752807,0.116965081265933,0.260805850394795,-4.94467779928233,FALSE
"P53367","ARFIP1","ARFIP1","KNN_IMPUTATION",-0.346443863042943,13.5242103425526,-1.56984061148631,0.117061782509224,0.260805850394795,-4.94529750336228,FALSE
"P36383","GJC1","GJC1","KNN_IMPUTATION",-0.243093881075627,10.1073071378179,-1.56956387668059,0.11712619780631,0.260805850394795,-4.94570999117166,FALSE
"Q9BX97","PLVAP","PLVAP","KNN_IMPUTATION",-0.148701097106384,7.48352170436523,-1.56655449419616,0.117828492237774,0.261962880417005,-4.95019098547134,FALSE
"P39687","ANP32A","ANP32A","KNN_IMPUTATION",-0.179930242008298,9.39195629195124,-1.56524575424507,0.11813494264829,0.262237628107815,-4.95213705287278,FALSE
"Q06481","APLP2","APLP2","KNN_IMPUTATION",-0.198681316172282,9.15788080242623,-1.56232862490809,0.11882026465183,0.263324432439866,-4.95646896427496,FALSE
"P01859","IGHG2","IGHG2","KNN_IMPUTATION",-0.198722324246773,17.0919342032285,-1.56100484436574,0.119132290048991,0.263324432439866,-4.95843212731269,FALSE
"Q96JQ0","DCHS1","DCHS1","KNN_IMPUTATION",-0.190503146838457,6.90259250370341,-1.56082206531933,0.119175423049842,0.263324432439866,-4.95870305868746,FALSE
"Q92930","RAB8B","RAB8B","KNN_IMPUTATION",-0.151583963194819,6.89672614661558,-1.55790737575095,0.119864903991129,0.26444041895889,-4.96301922625163,FALSE
"P36980","CFHR2","CFHR2","KNN_IMPUTATION",-0.180296979174241,12.9073889442323,-1.55510195457959,0.120531492518184,0.265502550339595,-4.96716604030137,FALSE
"O75356","ENTPD5","ENTPD5","KNN_IMPUTATION",-0.106933905531826,6.74065004353793,-1.55359551110427,0.120890633409655,0.265574359191383,-4.96938972508466,FALSE
"Q15517","CDSN","CDSN","KNN_IMPUTATION",-0.379613760618545,10.6855568718499,-1.55265520498153,0.121115230700224,0.265574359191383,-4.97077664381466,FALSE
"Q13200","PSMD2","PSMD2","KNN_IMPUTATION",-0.195998492557435,7.56206575395359,-1.55263656266362,0.121119686827869,0.265574359191383,-4.97080413217685,FALSE
"P05997","COL5A2","COL5A2","KNN_IMPUTATION",-0.176090180972943,7.69126298992218,-1.55094362740499,0.121524890600473,0.265716797807293,-4.97329902666074,FALSE
"P0C0L4","C4A","C4A","KNN_IMPUTATION",-0.196417477206381,13.6922299484283,-1.55081699127004,0.121555243627325,0.265716797807293,-4.97348554315798,FALSE
"Q13442","PDAP1","PDAP1","KNN_IMPUTATION",-0.168478898583732,7.78103462182963,-1.54462553786395,0.123046518832213,0.268567287679441,-4.98258625192632,FALSE
"O00186","STXBP3","STXBP3","KNN_IMPUTATION",-0.166714979662197,6.72438592092247,-1.54338853335474,0.123346174488295,0.268625001838168,-4.98440018161171,FALSE
"Q6UXB8","PI16","PI16","KNN_IMPUTATION",-0.198411005592748,9.73609478217592,-1.54297032193205,0.123447612420748,0.268625001838168,-4.9850131166336,FALSE
"E9PAV3","NACA","NACA","KNN_IMPUTATION",-0.139052705968377,7.29120167082503,-1.53808465319338,0.124637484296783,0.270803261335738,-4.9921614158652,FALSE
"P62834","RAP1A","RAP1A","KNN_IMPUTATION",-0.160349098751373,8.894994474477,-1.53506696497319,0.125376891549074,0.271997673950638,-4.99656542521563,FALSE
"P15144","ANPEP","ANPEP","KNN_IMPUTATION",-0.203226013962292,7.56678240532503,-1.53377307241192,0.125694975116185,0.272275822230528,-4.9984511057862,FALSE
"Q96IY4","CPB2","CPB2","KNN_IMPUTATION",-0.110556796538242,12.6369758746046,-1.53221976319585,0.12607766477558,0.272692867704649,-5.00071277207863,FALSE
"O00560","SDCBP","SDCBP","KNN_IMPUTATION",-0.174277985363922,9.4102406150926,-1.5305080328915,0.126500438179516,0.273195223417809,-5.00320247527793,FALSE
"P18564","ITGB6","ITGB6","KNN_IMPUTATION",-0.117572711919243,11.1269611005027,-1.52770259169938,0.127195735791995,0.27428373703116,-5.00727701385124,FALSE
"P0DOX5","","P0DOX5","KNN_IMPUTATION",-0.197772780672661,9.27851734168662,-1.52689399124092,0.127396691157041,0.274304587266061,-5.00845002607942,FALSE
"Q6AHZ1","ZNF518A","ZNF518A","KNN_IMPUTATION",-0.333474971463524,11.8499567114691,-1.5235489998026,0.128230629553712,0.275364376719073,-5.0132959673939,FALSE
"P02545","LMNA","LMNA","KNN_IMPUTATION",-0.20542706432645,8.96029306257536,-1.52337972058237,0.128272945361465,0.275364376719073,-5.01354092495565,FALSE
"P54105","CLNS1A","CLNS1A","KNN_IMPUTATION",-0.195556921360916,8.82290800207345,-1.52183310651689,0.128660066642155,0.275782564371973,-5.01577772309731,FALSE
"P62136","PPP1CA","PPP1CA","KNN_IMPUTATION",-0.197821440348794,6.6046331095182,-1.51940095659061,0.129270680754521,0.276648756631804,-5.01929067869971,FALSE
"P20774","OGN","OGN","KNN_IMPUTATION",-0.158598639754903,8.56232424076035,-1.51868836316736,0.129450010948355,0.276648756631804,-5.02031888200083,FALSE
"P02765","AHSG","AHSG","KNN_IMPUTATION",-0.154052798038563,17.0126491328544,-1.51234893917124,0.131053920916212,0.279659706240846,-5.02944502059493,FALSE
"Q9H4G4","GLIPR2","GLIPR2","KNN_IMPUTATION",-0.10029536710014,8.31275103470703,-1.51106087499489,0.131381689670974,0.279942560160738,-5.03129467498622,FALSE
"P02788","LTF","LTF","KNN_IMPUTATION",-0.172457459048396,6.71771074040166,-1.5054584688993,0.132814732193461,0.282576151284011,-5.03932153789948,FALSE
"P01732","CD8A","CD8A","KNN_IMPUTATION",-0.195333986531768,7.52618567150578,-1.50094297134974,0.133978563407195,0.284253168326168,-5.04576962702419,FALSE
"Q08188","TGM3","TGM3","KNN_IMPUTATION",-0.189790865069041,8.3097069083158,-1.50022505006097,0.13416432821394,0.284253168326168,-5.04679304362933,FALSE
"Q99895","CTRC","CTRC","KNN_IMPUTATION",-0.167641645719035,9.17488743442006,-1.49970987734515,0.134297754135418,0.284253168326168,-5.04752713753916,FALSE
"P04278","SHBG","SHBG","KNN_IMPUTATION",-0.148477392260681,10.6527842920064,-1.49933137322504,0.134395849459653,0.284253168326168,-5.04806632670049,FALSE
"P61106","RAB14","RAB14","KNN_IMPUTATION",-0.176574622277117,8.09664727125072,-1.49697885025934,0.135006789270453,0.285124795013005,-5.05141453388347,FALSE
"Q7Z7M8","B3GNT8","B3GNT8","KNN_IMPUTATION",-0.135470374390387,8.60136985441398,-1.49220049061849,0.13625433169551,0.287336340663767,-5.05819925178402,FALSE
"Q9UK55","SERPINA10","SERPINA10","KNN_IMPUTATION",-0.117192823190134,13.0240269931966,-1.48883913441371,0.137137254364438,0.288773601701328,-5.06295910857621,FALSE
"P58166","INHBE","INHBE","KNN_IMPUTATION",-0.12331351974742,8.71969712374475,-1.47880614074401,0.139798935682599,0.293946735731448,-5.07710308427803,FALSE
"O00533","CHL1","CHL1","KNN_IMPUTATION",-0.133269587430954,9.02526859553548,-1.4704061337408,0.142057912589824,0.298259219112457,-5.08887205475036,FALSE
"Q7L014","DDX46","DDX46","KNN_IMPUTATION",-0.249465937429472,15.4670417283647,-1.46351261579528,0.143932674111185,0.301753588706782,-5.09848068394516,FALSE
"P02675","FGB","FGB","KNN_IMPUTATION",-0.167260016459092,18.9589394046273,-1.45937711241135,0.145066461996125,0.303686578835683,-5.10422353248154,FALSE
"P07237","P4HB","P4HB","KNN_IMPUTATION",-0.153786784848444,10.0203056356611,-1.45683203466374,0.145767622298809,0.304709577808298,-5.10774979622372,FALSE
"Q16627","CCL14","CCL14","KNN_IMPUTATION",-0.18892120977012,10.7716705370607,-1.4535809119437,0.146667076701645,0.306143505080291,-5.11224542476479,FALSE
"Q9UBX5","FBLN5","FBLN5","KNN_IMPUTATION",-0.177944243710318,9.52759456112737,-1.44817654874885,0.148171658753462,0.308834532925094,-5.11969650192325,FALSE
"P62826","RAN","RAN","KNN_IMPUTATION",-0.211827339779969,11.7218192147756,-1.44626999474487,0.148705258391304,0.309357010730297,-5.12231852992921,FALSE
"P35998","PSMC2","PSMC2","KNN_IMPUTATION",-0.233309328011693,8.3996705081314,-1.44544868256871,0.148935577344137,0.309357010730297,-5.1234470010001,FALSE
"Q9UQ53","MGAT4B","MGAT4B","KNN_IMPUTATION",-0.120262639592939,7.20420610230213,-1.4449714864081,0.149069521906998,0.309357010730297,-5.12410236968821,FALSE
"P78527","PRKDC","PRKDC","KNN_IMPUTATION",-0.307335960363902,9.82885430487862,-1.44300843091081,0.149621503613877,0.310053809511994,-5.12679612158277,FALSE
"P22891","PROZ","PROZ","KNN_IMPUTATION",-0.157953411295225,14.7352282588151,-1.4411997015461,0.150131474205106,0.310661665238271,-5.12927488904654,FALSE
"Q9C075","KRT23","KRT23","KNN_IMPUTATION",-0.147715471689964,7.22224004536,-1.43812801501046,0.15100057951973,0.312009842984571,-5.13347740850634,FALSE
"Q96PL1","SCGB3A2","SCGB3A2","KNN_IMPUTATION",-0.188416170040867,9.91488837366103,-1.42900370309095,0.153604896845511,0.316934420253903,-5.1459083721912,FALSE
"Q9UKX5","ITGA11","ITGA11","KNN_IMPUTATION",-0.120783131794881,6.80708541408016,-1.42546893511968,0.154622966381309,0.318576629009766,-5.15070305251537,FALSE
"P20339","RAB5A","RAB5A","KNN_IMPUTATION",-0.131726158515237,9.17515779811134,-1.41194532667046,0.158565476472888,0.325856759584735,-5.16893820347902,FALSE
"P01780","IGHV3-7","IGHV3-7","KNN_IMPUTATION",-0.204993808265646,14.6375811353363,-1.41142360146645,0.158719088985951,0.325856759584735,-5.16963824029263,FALSE
"P36578","RPL4","RPL4","KNN_IMPUTATION",-0.18515135404159,7.29754562213551,-1.41101956569678,0.158838127580007,0.325856759584735,-5.17018018826212,FALSE
"Q8IWE2","FAM114A1","FAM114A1","KNN_IMPUTATION",-0.126286661851291,6.35189741663944,-1.40416635304419,0.160867584705712,0.329548737811417,-5.17934920545752,FALSE
"Q86Y38","XYLT1","XYLT1","KNN_IMPUTATION",-0.122683392662585,7.85461566719177,-1.40231534514785,0.161419083503529,0.330206798493668,-5.18181810079645,FALSE
"P01889","HLA-B","HLA-B","KNN_IMPUTATION",-0.135665971720572,9.13689700491098,-1.39844512072755,0.162576823295789,0.331860342011898,-5.18696980968836,FALSE
"P04114","APOB","APOB","KNN_IMPUTATION",0.115290238570449,16.2906814788437,1.39806706360465,0.162690251348929,0.331860342011898,-5.18747228940485,FALSE
"P04792","HSPB1","HSPB1","KNN_IMPUTATION",-0.142463763645846,8.98135833607331,-1.39633758805022,0.163209907440315,0.332447453507688,-5.18976923490533,FALSE
"Q14213","EBI3","EBI3","KNN_IMPUTATION",-0.124255472743482,7.43815162653568,-1.39285157001106,0.164261165647011,0.333446706831825,-5.19439050044948,FALSE
"P13667","PDIA4","PDIA4","KNN_IMPUTATION",-0.154972990723282,7.90728196248636,-1.39277211231378,0.164285186732813,0.333446706831825,-5.19449570053442,FALSE
"Q9UBP0","SPAST","SPAST","KNN_IMPUTATION",-0.198558223174327,13.8997200475439,-1.39239885556231,0.164398062573292,0.333446706831825,-5.19498980383198,FALSE
"P62879","GNB2","GNB2","KNN_IMPUTATION",-0.120928020748591,10.1651402543917,-1.39037149089543,0.16501217740337,0.334219579655979,-5.19767125800667,FALSE
"Q9Y2V2","CARHSP1","CARHSP1","KNN_IMPUTATION",-0.191989531499852,7.91644796236198,-1.38081101502756,0.16793152803833,0.339652766159331,-5.21026398580139,FALSE
"P11234","RALB","RALB","KNN_IMPUTATION",-0.142243354658468,9.01136192248749,-1.3773846774775,0.168987195234215,0.341306532346288,-5.2147560515207,FALSE
"P68036","UBE2L3","UBE2L3","KNN_IMPUTATION",-0.160777378448597,7.38643098967222,-1.37132832945243,0.170865379086073,0.344132449795649,-5.2226690758704,FALSE
"P55010","EIF5","EIF5","KNN_IMPUTATION",-0.19278534556762,7.71601870516913,-1.37097266296458,0.170976163265208,0.344132449795649,-5.22313270215201,FALSE
"O00232","PSMD12","PSMD12","KNN_IMPUTATION",-0.185212953694617,7.18968928426949,-1.37055508158138,0.171106301746372,0.344132449795649,-5.22367688478767,FALSE
"P05121","SERPINE1","SERPINE1","KNN_IMPUTATION",-0.149901172117044,7.44353290587469,-1.3681696096809,0.171851156368499,0.3445795830763,-5.22678242346639,FALSE
"Q12913","PTPRJ","PTPRJ","KNN_IMPUTATION",-0.108402327085386,9.70641249931558,-1.36762675443761,0.172021000281134,0.3445795830763,-5.22748839236429,FALSE
"P22223","CDH3","CDH3","KNN_IMPUTATION",-0.275280085909714,8.59868559358196,-1.367535706408,0.172049498941863,0.3445795830763,-5.22760677069185,FALSE
"P04156","PRNP","PRNP","KNN_IMPUTATION",-0.149203397031351,6.48561423386773,-1.36434054213419,0.173051852495349,0.346103704990697,-5.23175608809045,FALSE
"B0I1T2","MYO1G","MYO1G","KNN_IMPUTATION",-0.112679237670737,7.35023556555035,-1.36262173325598,0.173592867146263,0.34670218870159,-5.23398418985597,FALSE
"Q5JWF2","GNAS","GNAS","KNN_IMPUTATION",-0.1543462416368,6.84502351629907,-1.35619632351964,0.175626565870103,0.350276071568467,-5.24228879441336,FALSE
"P05106","ITGB3","ITGB3","KNN_IMPUTATION",-0.16721966966548,10.0797960755054,-1.35199336628029,0.176966448052977,0.352458175705512,-5.24769988297904,FALSE
"Q01469","FABP5","FABP5","KNN_IMPUTATION",-0.143483085869386,9.05928245657489,-1.34423246338397,0.179460635050715,0.356444692893119,-5.25764782443496,FALSE
"Q96PL5","ERMAP","ERMAP","KNN_IMPUTATION",-0.152251244946824,6.97316011535167,-1.34421839468682,0.179465180103788,0.356444692893119,-5.25766580609776,FALSE
"Q13247","SRSF6","SRSF6","KNN_IMPUTATION",-0.117160933988944,7.80487035123065,-1.34307511941983,0.179834815142495,0.356684820075157,-5.25912643919311,FALSE
"P35813","PPM1A","PPM1A","KNN_IMPUTATION",-0.17262048363405,6.64453154235206,-1.34209808160659,0.180151152974676,0.35681872011835,-5.2603737118147,FALSE
"P67775","PPP2CA","PPP2CA","KNN_IMPUTATION",-0.165095984572268,8.1605795740092,-1.3310667794243,0.183751596546124,0.363447985444334,-5.27439359095138,FALSE
"P42357","HAL","HAL","KNN_IMPUTATION",-0.18233992144724,6.64568072093821,-1.32071963490091,0.187177067417035,0.369535814594379,-5.28743953993695,FALSE
"P33151","CDH5","CDH5","KNN_IMPUTATION",-0.114675384271337,11.9755936829786,-1.31937482191772,0.187625724185767,0.369535814594379,-5.28912769182749,FALSE
"Q96PD5","PGLYRP2","PGLYRP2","KNN_IMPUTATION",-0.122347189868629,12.8582879207523,-1.31929631192982,0.187651941277517,0.369535814594379,-5.28922619313147,FALSE
"Q8IXL6","FAM20C","FAM20C","KNN_IMPUTATION",-0.140646192077718,8.08194907919069,-1.31867277516994,0.187860257210113,0.369535814594379,-5.29000829689572,FALSE
"P19827","ITIH1","ITIH1","KNN_IMPUTATION",-0.116117938652472,19.7874187546431,-1.31766259856476,0.188198107930926,0.369693269551984,-5.29127458479934,FALSE
"P02730","SLC4A1","SLC4A1","KNN_IMPUTATION",-0.228470851420678,12.6738209139273,-1.3126735146809,0.189873288018887,0.372473727796285,-5.29751442470191,FALSE
"Q14847","LASP1","LASP1","KNN_IMPUTATION",-0.156168956318398,9.01726746725086,-1.30851743163559,0.191277162783383,0.37471509758384,-5.30269448440033,FALSE
"Q12805","EFEMP1","EFEMP1","KNN_IMPUTATION",-0.129233974816664,11.1129893101802,-1.30744426441594,0.191640906933978,0.37491549869485,-5.30402940875168,FALSE
"P02549","SPTA1","SPTA1","KNN_IMPUTATION",-0.305341429729873,10.1123705972051,-1.30538049897805,0.192341842688008,0.375774117731067,-5.3065934917452,FALSE
"P60891","PRPS1","PRPS1","KNN_IMPUTATION",-0.162623604609545,8.42347772889384,-1.30085529079702,0.193885393593571,0.378274359745823,-5.31220166262885,FALSE
"Q9HCB6","SPON1","SPON1","KNN_IMPUTATION",-0.152275610652089,7.41682627282028,-1.29977013865409,0.194256891620216,0.378484215466561,-5.31354363568126,FALSE
"Q5SZK8","FREM2","FREM2","KNN_IMPUTATION",-0.145915948014538,6.93332250613041,-1.29610737857752,0.19551469317379,0.380418005442625,-5.31806504073445,FALSE
"P15151","PVR","PVR","KNN_IMPUTATION",-0.128090663255456,8.23025717370011,-1.29397619091438,0.196249298833116,0.381329938383046,-5.3206900013074,FALSE
"P02656","APOC3","APOC3","KNN_IMPUTATION",-0.148469013056193,15.5166529124963,-1.28969015203328,0.197732803453529,0.383692611843519,-5.32595607704185,FALSE
"Q9UBV8","PEF1","PEF1","KNN_IMPUTATION",-0.124524979962935,6.63092093748971,-1.2869101813831,0.198699410114054,0.385047235275073,-5.32936243125265,FALSE
"P21730","C5AR1","C5AR1","KNN_IMPUTATION",-0.112107488665638,7.42754005362485,-1.27668940649932,0.202282995681894,0.391462639416782,-5.34182338073258,FALSE
"P02652","APOA2","APOA2","KNN_IMPUTATION",-0.0998882007135222,17.9693766328163,-1.27513851804659,0.202830866699035,0.391993885237758,-5.34370556547739,FALSE
"Q13477","MADCAM1","MADCAM1","KNN_IMPUTATION",-0.104483757684458,10.9696199989344,-1.27417161042641,0.203172987224616,0.392126599838627,-5.34487787086974,FALSE
"P24158","PRTN3","PRTN3","KNN_IMPUTATION",0.223976603567668,7.61064986902969,1.27281278890436,0.203654490498353,0.392527606686341,-5.34652385028729,FALSE
"P00734","F2","F2","KNN_IMPUTATION",-0.170600345248598,15.8738402308554,-1.26855968682344,0.205166975788209,0.394912004403076,-5.35166447694514,FALSE
"O75822","EIF3J","EIF3J","KNN_IMPUTATION",-0.142738160606085,7.4933177800089,-1.26712130727463,0.205680339895192,0.3953694469299,-5.3533991449534,FALSE
"P62333","PSMC6","PSMC6","KNN_IMPUTATION",-0.16113858332786,7.753591222426,-1.26579404986381,0.206154873811315,0.395393012421572,-5.35499806649565,FALSE
"P10599","TXN","TXN","KNN_IMPUTATION",-0.133012413582945,9.2148918943363,-1.26522885118409,0.20635719103893,0.395393012421572,-5.3556784450653,FALSE
"Q15149","PLEC","PLEC","KNN_IMPUTATION",-0.182344201607737,8.50577666143745,-1.26477492736152,0.206519781243903,0.395393012421572,-5.35622465385582,FALSE
"O60664","PLIN3","PLIN3","KNN_IMPUTATION",-0.129830994638353,7.23895369999472,-1.26069027667684,0.20798705335869,0.397383492151812,-5.36113097376052,FALSE
"Q15389","ANGPT1","ANGPT1","KNN_IMPUTATION",-0.155192553055828,7.58670804147037,-1.26033878028318,0.208113669878669,0.397383492151812,-5.36155244036858,FALSE
"Q6UXH0","ANGPTL8","ANGPTL8","KNN_IMPUTATION",-0.116045891113572,9.03951940659777,-1.25952074825685,0.208408559505699,0.397417386078687,-5.36253286084633,FALSE
"P29622","SERPINA4","SERPINA4","KNN_IMPUTATION",-0.0960179002519546,13.2159780939648,-1.25873217416972,0.208693117379575,0.397431514372258,-5.36347737691999,FALSE
"P63241","EIF5A","EIF5A","KNN_IMPUTATION",-0.175017522390156,9.35695464664387,-1.25530589302808,0.20993277391172,0.399262066033696,-5.36757438653455,FALSE
"P48723","HSPA13","HSPA13","KNN_IMPUTATION",-0.111607777811162,6.81176995582031,-1.24560448620198,0.213471801630007,0.405455051042953,-5.37911474648205,FALSE
"P21281","ATP6V1B2","ATP6V1B2","KNN_IMPUTATION",0.161737767848707,6.70877101696006,1.24065495496145,0.215293913036203,0.408374962028988,-5.38496821125754,FALSE
"P08727","KRT19","KRT19","KNN_IMPUTATION",-0.169149604621747,8.50006773769285,-1.23981279978434,0.215605057957928,0.408424905035229,-5.38596186367918,FALSE
"P09382","LGALS1","LGALS1","KNN_IMPUTATION",-0.103206767749676,9.25519552771231,-1.23819530636328,0.216203572271184,0.408889113158917,-5.38786845098773,FALSE
"Q9ULV4","CORO1C","CORO1C","KNN_IMPUTATION",0.218311808843412,7.77337760603146,1.23691809589497,0.216677019996724,0.408889113158917,-5.38937218892855,FALSE
"Q10469","MGAT2","MGAT2","KNN_IMPUTATION",-0.180952326152978,8.37273484159534,-1.23627802157626,0.216914569686292,0.408889113158917,-5.3901252073817,FALSE
"Q96QA5","GSDMA","GSDMA","KNN_IMPUTATION",-0.119525535956742,7.10952034395117,-1.2360730879614,0.21699066604877,0.408889113158917,-5.39036622063301,FALSE
"Q12841","FSTL1","FSTL1","KNN_IMPUTATION",-0.145506464717892,8.8124888168847,-1.23508686514627,0.217357141673955,0.409042180000592,-5.39152551776965,FALSE
"P01111","NRAS","NRAS","KNN_IMPUTATION",-0.121659464732573,8.93173756907902,-1.23184404110648,0.218565306189614,0.410776735355055,-5.39533094825683,FALSE
"P05164","MPO","MPO","KNN_IMPUTATION",-0.152053085025737,6.38136586255992,-1.22856061068745,0.219793521419343,0.412184513924156,-5.39917389892198,FALSE
"P20851","C4BPB","C4BPB","KNN_IMPUTATION",-0.159857747785194,9.74243426112577,-1.22830530989596,0.219889228139456,0.412184513924156,-5.399472277662,FALSE
"P29144","TPP2","TPP2","KNN_IMPUTATION",-0.183666296694333,7.09296418799362,-1.227392314656,0.220231735617349,0.412287609497753,-5.40053882200382,FALSE
"Q5QJ74","TBCEL","TBCEL","KNN_IMPUTATION",-0.17490410162547,8.57813681298887,-1.22541485159562,0.220974890636823,0.413139495662586,-5.40284615565003,FALSE
"P46940","IQGAP1","IQGAP1","KNN_IMPUTATION",-0.161176294838885,9.73664473237261,-1.22343173780685,0.221721978264824,0.41399650629135,-5.40515636889911,FALSE
"P47929","LGALS7B","LGALS7B","KNN_IMPUTATION",-0.170602356093544,8.03072867207054,-1.21934923095803,0.223265668449772,0.416336760152111,-5.40990054487236,FALSE
"P10809","HSPD1","HSPD1","KNN_IMPUTATION",-0.243117010360884,7.44188494632494,-1.21760054140854,0.223929242015218,0.417031861103666,-5.41192783009927,FALSE
"Q9NPY3","CD93","CD93","KNN_IMPUTATION",-0.137107026468,9.70670221356886,-1.21640682667431,0.224383031299565,0.417102894287484,-5.41331006272394,FALSE
"P02748","C9","C9","KNN_IMPUTATION",-0.0951393580597433,15.2630173335489,-1.21597036167494,0.224549117426735,0.417102894287484,-5.41381512016661,FALSE
"Q8NFL0","B3GNT7","B3GNT7","KNN_IMPUTATION",-0.108811353500534,7.56259166357648,-1.21245300898328,0.225890776975554,0.419052230508337,-5.41787866402134,FALSE
"P08865","RPSA","RPSA","KNN_IMPUTATION",-0.147752773607246,7.63887611595911,-1.20953851846472,0.22700682036754,0.42057852765769,-5.42123686525094,FALSE
"P00491","PNP","PNP","KNN_IMPUTATION",0.169150857705032,8.5187401727078,1.20599658143687,0.228368432279045,0.422555266952453,-5.42530722190667,FALSE
"Q9BX67","JAM3","JAM3","KNN_IMPUTATION",-0.187227934847815,8.74804857959473,-1.20181279377361,0.229984290861408,0.424996743679457,-5.43009989887502,FALSE
"P62979","RPS27A","RPS27A","KNN_IMPUTATION",-0.116745268915539,11.3767942276717,-1.20025626934223,0.230587526675047,0.425563080118426,-5.43187872661265,FALSE
"Q9NR34","MAN1C1","MAN1C1","KNN_IMPUTATION",-0.147047826486876,9.62491548307415,-1.19743352056382,0.231684367387674,0.427037767138721,-5.43509877410549,FALSE
"P09960","LTA4H","LTA4H","KNN_IMPUTATION",-0.143503026057215,7.82636045703905,-1.19558788777827,0.23240353429881,0.427813437977526,-5.43720010200005,FALSE
"Q9UBX1","CTSF","CTSF","KNN_IMPUTATION",-0.0985784375493672,7.90342805595569,-1.18869656190747,0.23510283677611,0.43222752299608,-5.44501767443894,FALSE
"Q7L9L4","MOB1B","MOB1B","KNN_IMPUTATION",-0.149257929661745,6.98815863326958,-1.18674202376677,0.235872456937878,0.43268411581169,-5.44722673810061,FALSE
"O15117","FYB1","FYB1","KNN_IMPUTATION",-0.171057669998392,6.6776161212222,-1.18653353421965,0.235954657297588,0.43268411581169,-5.44746216439901,FALSE
"O14656","TOR1A","TOR1A","KNN_IMPUTATION",-0.0994448056599406,6.43622127999682,-1.18380928048179,0.237030606282718,0.433972735181133,-5.45053461053832,FALSE
"P02753","RBP4","RBP4","KNN_IMPUTATION",-0.158016107575257,12.7428919981947,-1.18322293379512,0.237262639039057,0.433972735181133,-5.45119498099547,FALSE
"P04075","ALDOA","ALDOA","KNN_IMPUTATION",0.140894262737126,9.79401082826091,1.17957274655634,0.238710733961245,0.436065213376339,-5.45529867227168,FALSE
"P07195","LDHB","LDHB","KNN_IMPUTATION",0.156186203523246,9.04988265123491,1.16902998240212,0.242928324714711,0.443205111502411,-5.46708048245215,FALSE
"P23229","ITGA6","ITGA6","KNN_IMPUTATION",-0.112545666455247,9.94467402587353,-1.16692671567775,0.243775976083559,0.443976931019525,-5.46941835097551,FALSE
"Q96DA0","ZG16B","ZG16B","KNN_IMPUTATION",-0.125968943098524,8.39613269543216,-1.16644455784483,0.243970586920074,0.443976931019525,-5.46995369956002,FALSE
"P14770","GP9","GP9","KNN_IMPUTATION",-0.130138173354601,8.40613472742471,-1.16412498011751,0.244908355416992,0.444223299100287,-5.47252609325785,FALSE
"P01699","IGLV1-44","IGLV1-44","KNN_IMPUTATION",-0.180591493292022,11.9347088264304,-1.16400504946177,0.244956910357423,0.444223299100287,-5.47265895696569,FALSE
"P60953","CDC42","CDC42","KNN_IMPUTATION",-0.111129931056023,8.81284987312914,-1.16343226991252,0.245188898440409,0.444223299100287,-5.47329331600035,FALSE
"O43681","GET3","GET3","KNN_IMPUTATION",-0.175065635668986,7.2652277758767,-1.16304685767337,0.245345085695556,0.444223299100287,-5.47371998910709,FALSE
"Q96CW1","AP2M1","AP2M1","KNN_IMPUTATION",-0.132458284469015,6.9581992418796,-1.16191448354564,0.245804382089447,0.444493674547625,-5.47497277780005,FALSE
"P35268","RPL22","RPL22","KNN_IMPUTATION",-0.12844443970405,7.86839185171442,-1.16014485817726,0.24652336082447,0.445232367030592,-5.47692815140688,FALSE
"P22694","PRKACB","PRKACB","KNN_IMPUTATION",0.158194248471299,6.70218286751414,1.15877619097859,0.247080447420404,0.445440796684824,-5.47843844752433,FALSE
"P11940","PABPC1","PABPC1","KNN_IMPUTATION",-0.176200849607621,7.4187295869348,-1.15833546429379,0.24726002382226,0.445440796684824,-5.47892440294067,FALSE
"A0A087WSX0","IGLV5-45","IGLV5-45","KNN_IMPUTATION",-0.225670174330421,12.4807386093113,-1.15284767530343,0.249503730640908,0.448918882985022,-5.48495996717674,FALSE
"O75897","SULT1C4","SULT1C4","KNN_IMPUTATION",-0.24047708693012,11.0122314470425,-1.15173714418681,0.249959506774826,0.449175354279574,-5.48617788000867,FALSE
"P08729","KRT7","KRT7","KNN_IMPUTATION",-0.26575359908581,12.8739219185754,-1.15054857355149,0.250447957178289,0.449489825523988,-5.48748008486103,FALSE
"O15143","ARPC1B","ARPC1B","KNN_IMPUTATION",-0.29902343953947,8.82799636763766,-1.14810062265139,0.251456062566438,0.45073499215034,-5.49015786028328,FALSE
"P07360","C8G","C8G","KNN_IMPUTATION",-0.128904684180993,11.6507440094732,-1.14652005516137,0.252108471905431,0.451340260564779,-5.49188380446324,FALSE
"P16157","ANK1","ANK1","KNN_IMPUTATION",-0.240830312724512,9.54493432062779,-1.14331549339938,0.253434845899302,0.453149088553116,-5.4953758551013,FALSE
"O43707","ACTN4","ACTN4","KNN_IMPUTATION",-0.139919682631165,6.95635355955471,-1.14235092084229,0.253835036749648,0.453299430509334,-5.49642505808042,FALSE
"P29122","PCSK6","PCSK6","KNN_IMPUTATION",-0.144937436226972,8.87589392173894,-1.14099738800822,0.254397346602429,0.453738551029705,-5.49789586289525,FALSE
"P50502","ST13","ST13","KNN_IMPUTATION",-0.105213905791839,9.64150433720301,-1.13725008415344,0.255958653532976,0.455291371272941,-5.50195878947797,FALSE
"Q14344","GNA13","GNA13","KNN_IMPUTATION",-0.131394495168268,6.59023238153227,-1.1366661125357,0.256202564198352,0.455291371272941,-5.50259074960447,FALSE
"P62191","PSMC1","PSMC1","KNN_IMPUTATION",-0.195022224478752,7.79723815416518,-1.13662328665422,0.256220457892094,0.455291371272941,-5.50263708204136,FALSE
"O00602","FCN1","FCN1","KNN_IMPUTATION",-0.107477034120249,8.22760511039371,-1.13237900158439,0.257998143209098,0.457800165783184,-5.50722027180995,FALSE
"P06727","APOA4","APOA4","KNN_IMPUTATION",-0.0789362567160552,15.9857521585886,-1.13172981402367,0.258270804824684,0.457800165783184,-5.50791979271843,FALSE
"O43242","PSMD3","PSMD3","KNN_IMPUTATION",-0.136825753257999,6.5536342450012,-1.12678778685405,0.260353046232004,0.460921318884808,-5.51323190623838,FALSE
"Q96MF2","STAC3","STAC3","KNN_IMPUTATION",-0.145555086650424,12.3969483443438,-1.12453059026497,0.261307943971093,0.462041420042598,-5.51565043994959,FALSE
"P18577","RHCE","RHCE","KNN_IMPUTATION",-0.183844803214704,9.63026693877809,-1.12179968251103,0.262466486051445,0.463518400243563,-5.51857009396416,FALSE
"P14317","HCLS1","HCLS1","KNN_IMPUTATION",-0.138478361817052,8.01658367085634,-1.11292666155196,0.2662552541828,0.469631038743095,-5.52800761561767,FALSE
"O75351","VPS4B","VPS4B","KNN_IMPUTATION",-0.122494791215792,6.97191806644068,-1.10944989074212,0.267750074755986,0.471632163146354,-5.53168524420362,FALSE
"Q9NP58","ABCB6","ABCB6","KNN_IMPUTATION",0.127657126936583,8.72325089381849,1.10875955474695,0.268047568315397,0.471632163146354,-5.53241409943598,FALSE
"P07384","CAPN1","CAPN1","KNN_IMPUTATION",-0.103427536614911,10.3337772026497,-1.10645588621072,0.269041959647534,0.472801679086475,-5.53484304101594,FALSE
"P68871","HBB","HBB","KNN_IMPUTATION",-0.192937100329548,17.565119952175,-1.1052385502124,0.269568453858188,0.473147078130528,-5.53612454543734,FALSE
"P25705","ATP5F1A","ATP5F1A","KNN_IMPUTATION",-0.209717093029084,7.54232478124158,-1.10365088535977,0.270256178880006,0.47377427935688,-5.53779379026373,FALSE
"Q8N257","H2BC26","H2BC26","KNN_IMPUTATION",0.17142707752936,9.01965605095893,1.10231617342826,0.270835265649536,0.474209732529225,-5.53919523706868,FALSE
"Q04637","EIF4G1","EIF4G1","KNN_IMPUTATION",-0.12298414865816,6.28591538407178,-1.1009024687361,0.271449554157629,0.474564525381516,-5.54067778587478,FALSE
"P48507","GCLM","GCLM","KNN_IMPUTATION",-0.139949012056882,7.44222393034984,-1.10032725135794,0.271699773597088,0.474564525381516,-5.54128047309802,FALSE
"P11215","ITGAM","ITGAM","KNN_IMPUTATION",-0.0861383479074043,8.18119304638152,-1.0967937677906,0.273240313035872,0.476674706683018,-5.54497582347963,FALSE
"P62258","YWHAE","YWHAE","KNN_IMPUTATION",-0.124039539280535,8.06641297332326,-1.09176094890567,0.275444862265172,0.479878352350129,-5.55021877078821,FALSE
"Q96DR8","MUCL1","MUCL1","KNN_IMPUTATION",-0.148732142731859,8.98805228291353,-1.09107562065093,0.275745998839963,0.479878352350129,-5.55093085624005,FALSE
"Q9BTT0","ANP32E","ANP32E","KNN_IMPUTATION",-0.119407170938861,7.17024766265521,-1.08771440390414,0.277226194794536,0.481869531315594,-5.55441686127075,FALSE
"P11142","HSPA8","HSPA8","KNN_IMPUTATION",-0.101517204438563,10.7516461618715,-1.08031234340776,0.280504991135832,0.486978398654702,-5.56205598601943,FALSE
"P98066","TNFAIP6","TNFAIP6","KNN_IMPUTATION",-0.127579669284194,7.52317069490259,-1.07805993712313,0.281507931589859,0.488128626239247,-5.56437022693774,FALSE
"Q86SF2","GALNT7","GALNT7","KNN_IMPUTATION",-0.0857407473508323,6.59458490075915,-1.07403796406966,0.283304879000107,0.489629074551666,-5.56849065727969,FALSE
"O00161","SNAP23","SNAP23","KNN_IMPUTATION",-0.14041278019005,7.12350800063111,-1.07391457361505,0.283360130632682,0.489629074551666,-5.56861682595505,FALSE
"P29279","CCN2","CCN2","KNN_IMPUTATION",-0.127923326528851,8.19130694320976,-1.07383094592085,0.2833975815048,0.489629074551666,-5.56870232838109,FALSE
"Q14684","RRP1B","RRP1B","KNN_IMPUTATION",-0.116990259546338,13.6039356774864,-1.06939873527845,0.285387264503275,0.492473330081464,-5.57322441455876,FALSE
"P07741","APRT","APRT","KNN_IMPUTATION",-0.126254652225324,9.21918649378425,-1.06313326215995,0.288216048926176,0.496326783017463,-5.5795851766948,FALSE
"Q14C86","GAPVD1","GAPVD1","KNN_IMPUTATION",-0.145360552024197,7.60806698659388,-1.06292023672943,0.288312559451567,0.496326783017463,-5.57980078794196,FALSE
"Q16181","SEPTIN7","SEPTIN7","KNN_IMPUTATION",-0.436276800177659,11.4404376882976,-1.06178942586181,0.288828406124293,0.496618626357598,-5.58094188766055,FALSE
"P55209","NAP1L1","NAP1L1","KNN_IMPUTATION",-0.136926625100932,10.0790493763418,-1.06000762298506,0.289634302199072,0.497204502002325,-5.5827444422422,FALSE
"Q9NQH7","XPNPEP3","XPNPEP3","KNN_IMPUTATION",-0.106305652189631,10.792930484566,-1.05950545944993,0.289862596704284,0.497204502002325,-5.58325114482712,FALSE
"O00429","DNM1L","DNM1L","KNN_IMPUTATION",0.164676513403009,6.96417830491144,1.0572031416206,0.290910835845357,0.498406378258354,-5.58557121325526,FALSE
"Q9UNW1","MINPP1","MINPP1","KNN_IMPUTATION",-0.0952764281743725,10.2503186421278,-1.05336252989789,0.292665140084877,0.500813616803954,-5.58943025427029,FALSE
"O75531","BANF1","BANF1","KNN_IMPUTATION",-0.127629714266745,7.12978038921582,-1.05010464402877,0.294158841938808,0.502769701239871,-5.59269281249115,FALSE
"P13489","RNH1","RNH1","KNN_IMPUTATION",-0.12358626055617,7.98360981492767,-1.04735340234971,0.29542423931131,0.504331379967165,-5.59544016390247,FALSE
"Q14554","PDIA5","PDIA5","KNN_IMPUTATION",-0.15628276895451,7.75520601071893,-1.04279892379914,0.297527036494822,0.50725935434492,-5.59997243079986,FALSE
"P08571","CD14","CD14","KNN_IMPUTATION",-0.0835937980050421,12.3595402191225,-1.04210813819833,0.297846845438231,0.50725935434492,-5.60065813001073,FALSE
"P01700","IGLV1-47","IGLV1-47","KNN_IMPUTATION",0.167626309761522,12.3474401941656,1.03782026355091,0.299837128778795,0.510043229737594,-5.6049043126563,FALSE
"Q96JI7","SPG11","SPG11","KNN_IMPUTATION",-0.134535303638351,10.5582443243599,-1.03676207517615,0.300329668577855,0.51020802429097,-5.6059495302947,FALSE
"P12955","PEPD","PEPD","KNN_IMPUTATION",0.118719146033865,6.57127642858541,1.03608394333335,0.300645593114275,0.51020802429097,-5.60661879176422,FALSE
"Q9Y4E8","USP15","USP15","KNN_IMPUTATION",-0.141456040186874,7.97798167416333,-1.03149673751119,0.302788487678165,0.513164364325385,-5.61113454394301,FALSE
"A0A0B4J1Y9","IGHV3-72","IGHV3-72","KNN_IMPUTATION",-0.160567491870175,12.0075295843226,-1.03082453313056,0.30310335884491,0.513164364325385,-5.61179460152402,FALSE
"P23280","CA6","CA6","KNN_IMPUTATION",-0.0905207504063137,7.3295354024785,-1.03005339873267,0.303464839168723,0.513170494537675,-5.6125512737805,FALSE
"Q9H173","SIL1","SIL1","KNN_IMPUTATION",-0.0959438861662818,7.02308176599053,-1.02593287953104,0.305401259638039,0.515416185388411,-5.6165849591706,FALSE
"P58335","ANTXR2","ANTXR2","KNN_IMPUTATION",-0.0805428443131699,9.06891161186794,-1.02569842768579,0.305511685899686,0.515416185388411,-5.61681398620946,FALSE
"P04070","PROC","PROC","KNN_IMPUTATION",-0.0892625237458713,14.313624815426,-1.02287347989854,0.306844317365609,0.517056111753565,-5.6195694719372,FALSE
"P01033","TIMP1","TIMP1","KNN_IMPUTATION",0.115052562445445,8.11580973345461,1.02146462772217,0.307510365608483,0.517553813584371,-5.62094085402129,FALSE
"Q14254","FLOT2","FLOT2","KNN_IMPUTATION",-0.123952401548305,7.81856831410117,-1.02072269188565,0.307861508359462,0.517553813584371,-5.62166230058158,FALSE
"P01876","IGHA1","IGHA1","KNN_IMPUTATION",-0.141928499546886,15.9423771207632,-1.01507406349123,0.310543608734142,0.521451446047728,-5.62713782046694,FALSE
"P17980","PSMC3","PSMC3","KNN_IMPUTATION",-0.146216587152262,7.45596473361676,-1.01175440466669,0.312127054763062,0.523497305883311,-5.63034162757752,FALSE
"Q99996","AKAP9","AKAP9","KNN_IMPUTATION",0.125701723796976,9.80860458124099,1.00901054249512,0.313439872346302,0.525085019795091,-5.63298184307566,FALSE
"Q01518","CAP1","CAP1","KNN_IMPUTATION",0.160668724943353,10.0188308191564,1.00796300389139,0.313942033548543,0.525312574222416,-5.63398792853734,FALSE
"P53621","COPA","COPA","KNN_IMPUTATION",-0.168048146108914,6.67873616611042,-1.00523874025788,0.315250454364714,0.526887123029138,-5.63659951488699,FALSE
"P19652","ORM2","ORM2","KNN_IMPUTATION",-0.178384287254342,13.5509536726081,-1.00029993149015,0.317631634797422,0.530248852502332,-5.6413161029139,FALSE
"P35241","RDX","RDX","KNN_IMPUTATION",-0.0736609087782014,11.5144485471076,-0.997134618118172,0.319163949236319,0.532187329308002,-5.64432682774169,FALSE
"P04921","GYPC","GYPC","KNN_IMPUTATION",-0.106298893871093,8.68224282759306,-0.989818114825358,0.322724375469375,0.537499134057009,-5.65124963165387,FALSE
"P30085","CMPK1","CMPK1","KNN_IMPUTATION",-0.126765960267951,7.20118847794144,-0.985398283155783,0.32488773475407,0.540418730124935,-5.65540702882172,FALSE
"A0A0B4J1Y8","IGLV9-49","IGLV9-49","KNN_IMPUTATION",0.176480145291189,9.0140560253104,0.984698590230834,0.325231076776721,0.540418730124935,-5.65606347721829,FALSE
"P08697","SERPINF2","SERPINF2","KNN_IMPUTATION",-0.0918217121857694,14.3363074833072,-0.976980727131086,0.329033962745857,0.546104979835137,-5.66327351997608,FALSE
"P22352","GPX3","GPX3","KNN_IMPUTATION",-0.119260019525456,11.9538249521091,-0.975637698633183,0.329698664836515,0.546413844903263,-5.66452240696393,FALSE
"Q14696","MESD","MESD","KNN_IMPUTATION",-0.147139597871723,7.68882932144065,-0.97483903014964,0.330094361331271,0.546413844903263,-5.66526428015754,FALSE
"P09493","TPM1","TPM1","KNN_IMPUTATION",0.152444608450148,8.69761623059579,0.974296799926864,0.330363182378751,0.546413844903263,-5.66576760611527,FALSE
"A0A0G2JS06","IGLV5-39","IGLV5-39","KNN_IMPUTATION",-0.191730702603556,10.503453674534,-0.969352290671633,0.332821071760415,0.549844950350732,-5.67034448294312,FALSE
"P50570","DNM2","DNM2","KNN_IMPUTATION",-0.111898370134109,6.58061338448771,-0.967135650330368,0.333926786216252,0.550356265759315,-5.67238878132716,FALSE
"Q9UHG3","PCYOX1","PCYOX1","KNN_IMPUTATION",-0.0685285110707898,10.6741638976403,-0.966535460440216,0.334226583932332,0.550356265759315,-5.67294150482321,FALSE
"Q96AP7","ESAM","ESAM","KNN_IMPUTATION",-0.140724467851242,6.56419465953769,-0.966424668923652,0.334281943846836,0.550356265759315,-5.67304349694981,FALSE
"P63208","SKP1","SKP1","KNN_IMPUTATION",-0.124979233227182,7.46778112730571,-0.965309978744799,0.334839258187276,0.550641624129075,-5.67406900700719,FALSE
"A2A3L6","TTC24","TTC24","KNN_IMPUTATION",-0.203864470769885,11.0340075864799,-0.961575199427518,0.336710918094009,0.553085288140674,-5.67749639406799,FALSE
"P11217","PYGM","PYGM","KNN_IMPUTATION",-0.23340426941493,8.88961678524007,-0.960581593169542,0.337209991552076,0.55327131337034,-5.67840599204508,FALSE
"P01019","AGT","AGT","KNN_IMPUTATION",-0.0699935542622949,15.1860369171155,-0.959533753062514,0.33773682222286,0.553502403505808,-5.67936422347036,FALSE
"P23141","CES1","CES1","KNN_IMPUTATION",-0.0794529991717088,6.36571407025524,-0.95711709685531,0.338953883976746,0.554862864866042,-5.68157024049293,FALSE
"P40189","IL6ST","IL6ST","KNN_IMPUTATION",-0.105112243826898,7.21914458628482,-0.954335225853309,0.340358362932409,0.556081560486882,-5.68410277745626,FALSE
"P00338","LDHA","LDHA","KNN_IMPUTATION",0.129665290709818,9.06440036887043,0.954106657022534,0.340473926155845,0.556081560486882,-5.68431053356352,FALSE
"P28074","PSMB5","PSMB5","KNN_IMPUTATION",0.111365298527491,6.94528148143381,0.951234141150478,0.341928404366158,0.557821765484722,-5.68691726052391,FALSE
"P07988","SFTPB","SFTPB","KNN_IMPUTATION",0.0975977872143492,7.97445941141279,0.946850346476032,0.344155780162585,0.56052130861402,-5.69088033488634,FALSE
"P02768","ALB","ALB","KNN_IMPUTATION",-0.188427526414079,15.624335027664,-0.946439694400405,0.344364904385601,0.56052130861402,-5.691250641639,FALSE
"Q9UNM6","PSMD13","PSMD13","KNN_IMPUTATION",-0.114911434510951,6.84337866027732,-0.944517719992809,0.345344749002991,0.561478877630714,-5.6929816602555,FALSE
"P04040","CAT","CAT","KNN_IMPUTATION",-0.114317344081881,9.6874781854886,-0.943150964361847,0.346042620147185,0.561976350273004,-5.69421049010593,FALSE
"P04439","HLA-A","HLA-A","KNN_IMPUTATION",-0.0803049975532879,10.265000122105,-0.942228782210655,0.346513998917146,0.562105287836185,-5.69503860872527,FALSE
"P01833","PIGR","PIGR","KNN_IMPUTATION",-0.099382417109048,9.00612515020626,-0.940589788955882,0.34735279135323,0.562829268701166,-5.69650843075046,FALSE
"P05452","CLEC3B","CLEC3B","KNN_IMPUTATION",-0.0906783876037611,12.5226266652949,-0.939610125890341,0.347854774504976,0.563006486049814,-5.69738575883465,FALSE
"Q96P70","IPO9","IPO9","KNN_IMPUTATION",-0.119574902396842,6.75332373431803,-0.9332642468821,0.35111762350515,0.567165992364865,-5.70304668787256,FALSE
"Q96NZ9","PRAP1","PRAP1","KNN_IMPUTATION",-0.0992854655247104,10.0565247433426,-0.933073962813672,0.351215760962343,0.567165992364865,-5.70321584309457,FALSE
"P50990","CCT8","CCT8","KNN_IMPUTATION",-0.163735114206272,8.19945559239832,-0.929487051084645,0.353068941976755,0.569517280983876,-5.70639803898586,FALSE
"P04003","C4BPA","C4BPA","KNN_IMPUTATION",-0.110524236828756,14.3590996404846,-0.927358883260399,0.354171387921584,0.570321960298719,-5.70828030981126,FALSE
"Q9NZN3","EHD3","EHD3","KNN_IMPUTATION",-0.105700869176626,8.92238146581321,-0.926792938143426,0.354464928844636,0.570321960298719,-5.70878013963405,FALSE
"Q9UGM5","FETUB","FETUB","KNN_IMPUTATION",0.109026359339744,12.109130419024,0.926222530118185,0.35476094043686,0.570321960298719,-5.7092836033184,FALSE
"P61026","RAB10","RAB10","KNN_IMPUTATION",-0.186767909817897,10.9448482472608,-0.924729783430005,0.355536337531239,0.570928452429783,-5.71059969606694,FALSE
"Q92496","CFHR4","CFHR4","KNN_IMPUTATION",-0.114950065669879,9.59864972902011,-0.916416538747035,0.359874186550529,0.577247856279037,-5.71789044136901,FALSE
"P62906","RPL10A","RPL10A","KNN_IMPUTATION",-0.11304167993968,7.05700689606189,-0.91562979369358,0.360286429478026,0.577263396504458,-5.71857702091781,FALSE
"Q14974","KPNB1","KPNB1","KNN_IMPUTATION",-0.12315840023988,7.14993527099886,-0.914281438151575,0.360993639155959,0.577750980524158,-5.71975234205691,FALSE
"P01009","SERPINA1","SERPINA1","KNN_IMPUTATION",-0.0829999645987591,15.066071405462,-0.910924556566256,0.362758106787189,0.579927675733366,-5.72267093662675,FALSE
"P02786","TFRC","TFRC","KNN_IMPUTATION",-0.0867108767410603,11.0945437943766,-0.909103900745627,0.363717353807262,0.580813680801352,-5.72424940551643,FALSE
"Q92530","PSMF1","PSMF1","KNN_IMPUTATION",-0.125013296141738,7.7649435356622,-0.889250251447897,0.374280677810488,0.597017232458553,-5.74125777343265,FALSE
"Q07020","RPL18","RPL18","KNN_IMPUTATION",-0.114753348101498,7.15754841992232,-0.884133462787974,0.377033654847366,0.600740290056804,-5.74558059062766,FALSE
"P62736","ACTA2","ACTA2","KNN_IMPUTATION",0.119459898341317,11.2847387127707,0.882211289201828,0.37807106614946,0.601724649121337,-5.74719807543753,FALSE
"Q6X4W1","NSMF","NSMF","KNN_IMPUTATION",-0.149566456689964,10.8746551453166,-0.880222680891041,0.379146186572861,0.602766775549316,-5.74886777087,FALSE
"P61604","HSPE1","HSPE1","KNN_IMPUTATION",-0.184785594379356,9.11503720425156,-0.878899064937499,0.379862830374512,0.60323731866783,-5.74997703660502,FALSE
"P48735","IDH2","IDH2","KNN_IMPUTATION",-0.118648296652118,7.85895410260507,-0.875583963191897,0.38166138390762,0.605423035977353,-5.7527479777832,FALSE
"O75083","WDR1","WDR1","KNN_IMPUTATION",0.136397884713306,9.19857322579188,0.872782719438333,0.38318522968939,0.607168640192912,-5.75508127136432,FALSE
"Q8NDA2","HMCN2","HMCN2","KNN_IMPUTATION",-0.0962058372980481,6.07256430855274,-0.87153257458596,0.383866499274361,0.607576776997168,-5.75612017289856,FALSE
"Q8WZ42","TTN","TTN","KNN_IMPUTATION",0.0963445434360768,9.78542887119041,0.869056034953151,0.385218289442235,0.609044131268097,-5.75817385549812,FALSE
"Q14204","DYNC1H1","DYNC1H1","KNN_IMPUTATION",-0.156397741427479,7.10026609465583,-0.862672278190567,0.388716219673736,0.613897642083852,-5.76344075120897,FALSE
"A0A075B6J9","IGLV2-18","IGLV2-18","KNN_IMPUTATION",0.153299377091322,9.14684740566889,0.860908772965641,0.38968592710099,0.614375604457989,-5.76488890025517,FALSE
"O43491","EPB41L2","EPB41L2","KNN_IMPUTATION",-0.095959430814621,7.30953544434066,-0.860563907651876,0.389875732257162,0.614375604457989,-5.76517175016329,FALSE
"P61158","ACTR3","ACTR3","KNN_IMPUTATION",-0.107426279889553,7.69404360253316,-0.859492729834657,0.390465640883776,0.614629779393343,-5.76604958290631,FALSE
"Q7Z6Z7","HUWE1","HUWE1","KNN_IMPUTATION",-0.106527312605006,7.19360160640179,-0.858673528930379,0.390917150099238,0.614665782063934,-5.76672018435931,FALSE
"P04350","TUBB4A","TUBB4A","KNN_IMPUTATION",-0.100413557136326,9.26591835892519,-0.850329489595589,0.395534129104215,0.621244185252403,-5.77351433094524,FALSE
"P61225","RAP2B","RAP2B","KNN_IMPUTATION",-0.109954558512683,9.57484771396813,-0.849015196266743,0.396264363348353,0.621710171817876,-5.77457846598113,FALSE
"P01602","IGKV1-5","IGKV1-5","KNN_IMPUTATION",0.114219784986998,8.2919741113584,0.847881385904739,0.396894974893716,0.62201900983343,-5.77549515193711,FALSE
"A0A0C4DH38","IGHV5-51","IGHV5-51","KNN_IMPUTATION",0.143989379105653,9.54301480181636,0.846496574462418,0.39766601340236,0.6225470122478,-5.77661311534237,FALSE
"P00739","HPR","HPR","KNN_IMPUTATION",-0.089814919898501,14.0046574050228,-0.845330835663969,0.398315777623123,0.622727372792942,-5.77755280803459,FALSE
"P08637","FCGR3A","FCGR3A","KNN_IMPUTATION",-0.080247891618189,8.69831045357665,-0.844727654803667,0.398652232662155,0.622727372792942,-5.77803852037633,FALSE
"P38606","ATP6V1A","ATP6V1A","KNN_IMPUTATION",-0.122161508953639,6.49523609476149,-0.843770501577626,0.399186486055956,0.622727372792942,-5.77880855998288,FALSE
"P08670","VIM","VIM","KNN_IMPUTATION",0.13340558644188,8.52998491465074,0.84317649623943,0.399518258695612,0.622727372792942,-5.77928600562878,FALSE
"P17301","ITGA2","ITGA2","KNN_IMPUTATION",-0.0752492974987309,8.34975047225922,-0.840762727147261,0.400868143247477,0.62328565208579,-5.78122267955067,FALSE
"O14602;P47813","EIF1AY","EIF1AY","KNN_IMPUTATION",-0.109829788880123,7.63365484820419,-0.84042494662556,0.401057263691383,0.62328565208579,-5.78149325425794,FALSE
"P01024","C3","C3","KNN_IMPUTATION",-0.0862746827503891,12.8690672400851,-0.840205115038243,0.401180374389947,0.62328565208579,-5.78166928926085,FALSE
"P61626","LYZ","LYZ","KNN_IMPUTATION",-0.072824204912779,10.6027256520192,-0.833668267942182,0.4048515480337,0.628308571299053,-5.78688282903018,FALSE
"P51665","PSMD7","PSMD7","KNN_IMPUTATION",-0.112123429772232,6.72002181312475,-0.827314901274065,0.408438912671025,0.632779755215614,-5.7919111191074,FALSE
"P24592","IGFBP6","IGFBP6","KNN_IMPUTATION",-0.0742781662964784,9.98759599007425,-0.82653410208925,0.408881089268855,0.632779755215614,-5.79252642569489,FALSE
"P01034","CST3","CST3","KNN_IMPUTATION",-0.0863356297261344,11.1223200221661,-0.826224731249024,0.409056368957374,0.632779755215614,-5.79277006424743,FALSE
"P10412","H1-4","H1-4","KNN_IMPUTATION",0.140507082618141,10.4593305489851,0.822734268792216,0.41103705944783,0.635158559534685,-5.79551260266122,FALSE
"Q08495","DMTN","DMTN","KNN_IMPUTATION",-0.133984670157052,8.78706678863119,-0.820790939161809,0.412142287746751,0.635988087117616,-5.7970345045336,FALSE
"P49189","ALDH9A1","ALDH9A1","KNN_IMPUTATION",-0.0773148490289524,6.78210628569609,-0.820231308828211,0.412460893318956,0.635988087117616,-5.79747210857616,FALSE
"P11586","MTHFD1","MTHFD1","KNN_IMPUTATION",-0.101714222869873,7.6709984451816,-0.818334707598559,0.413541744019495,0.636969775428525,-5.79895294587189,FALSE
"P04083","ANXA1","ANXA1","KNN_IMPUTATION",0.100227737730932,7.65664513553846,0.813227518416368,0.416460619921366,0.640777391595749,-5.80292356261191,FALSE
"Q9NZP8","C1RL","C1RL","KNN_IMPUTATION",-0.0834553536257765,10.0023614465442,-0.808437271937163,0.419209404210688,0.644315418690381,-5.80662523840966,FALSE
"P04839","CYBB","CYBB","KNN_IMPUTATION",0.0983693360471714,6.89927107702807,0.801394751703018,0.423269982729936,0.649859909244891,-5.81202775940268,FALSE
"Q27J81","INF2","INF2","KNN_IMPUTATION",0.114255458157829,6.75971567831971,0.798796012900932,0.424774177123499,0.65147183956695,-5.81400941862612,FALSE
"Q9Y696","CLIC4","CLIC4","KNN_IMPUTATION",-0.0734488838850975,7.43571249377934,-0.793861274243908,0.427639094238393,0.654604584072557,-5.81775471625181,FALSE
"Q00839","HNRNPU","HNRNPU","KNN_IMPUTATION",-0.0865351842560056,7.59677578742103,-0.793705397731527,0.427729773553686,0.654604584072557,-5.8178726440114,FALSE
"Q9C0C9","UBE2O","UBE2O","KNN_IMPUTATION",-0.116860955457172,8.53031062263403,-0.792055248189477,0.428690416908503,0.655154709565003,-5.81911964152555,FALSE
"Q01973","ROR1","ROR1","KNN_IMPUTATION",-0.116642753677628,9.15049518760349,-0.790893316224088,0.429367596197266,0.655154709565003,-5.81999614593017,FALSE
"P46060","RANGAP1","RANGAP1","KNN_IMPUTATION",-0.108608489304411,7.93053070734615,-0.790735103572896,0.429459851458231,0.655154709565003,-5.82011539450111,FALSE
"O14498","ISLR","ISLR","KNN_IMPUTATION",-0.0626045256470871,7.95238349685459,-0.783479935705636,0.433702802568073,0.660924355879507,-5.82555821671139,FALSE
"P69891","HBG1","HBG1","KNN_IMPUTATION",-0.144338821247949,17.4526143943947,-0.779975902466337,0.435760696894685,0.663355455782355,-5.82816901826094,FALSE
"Q01082","SPTBN1","SPTBN1","KNN_IMPUTATION",-0.163175236468341,8.07495467300215,-0.778071940132702,0.436881244662874,0.664260385993016,-5.82958273651518,FALSE
"Q13526","PIN1","PIN1","KNN_IMPUTATION",-0.101937105593004,8.2474635151915,-0.777084348616457,0.437463131391783,0.664260385993016,-5.83031467922078,FALSE
"P35442","THBS2","THBS2","KNN_IMPUTATION",-0.088765601161688,13.7305289299725,-0.776606541050455,0.437744815037238,0.664260385993016,-5.83066846822819,FALSE
"P46783","RPS10","RPS10","KNN_IMPUTATION",-0.0991972332866276,6.93273289126503,-0.775130315631467,0.438615760468814,0.664878436059491,-5.83176015683049,FALSE
"P22314","UBA1","UBA1","KNN_IMPUTATION",0.143930319990353,7.23558090110872,0.772394243296618,0.440232630319573,0.666624701033017,-5.8337780399323,FALSE
"P15153","RAC2","RAC2","KNN_IMPUTATION",-0.0755802853771392,10.45131392517,-0.770115399475011,0.441581916157993,0.667962518745319,-5.83545327872841,FALSE
"Q13177","PAK2","PAK2","KNN_IMPUTATION",-0.0898781773658026,6.96815681627505,-0.768489612495017,0.442545981953506,0.668418126499033,-5.83664541991086,FALSE
"P30153","PPP2R1A","PPP2R1A","KNN_IMPUTATION",-0.0918419831637047,7.74289939137452,-0.767827672298245,0.442938847541944,0.668418126499033,-5.83713008096116,FALSE
"P61020","RAB5B","RAB5B","KNN_IMPUTATION",-0.0787095848649342,7.06756235455322,-0.767250649503809,0.443281477197057,0.668418126499033,-5.83755222706881,FALSE
"P22626","HNRNPA2B1","HNRNPA2B1","KNN_IMPUTATION",-0.121303141248523,7.39548801102794,-0.766257954437973,0.443871283670053,0.668604433595438,-5.83827773541963,FALSE
"P21589","NT5E","NT5E","KNN_IMPUTATION",-0.0632034701531863,7.10126406825582,-0.763844381065969,0.445307173437977,0.670063469790198,-5.84003777973621,FALSE
"P00738","HP","HP","KNN_IMPUTATION",0.158400138689647,14.4818798965806,0.762807367957291,0.445924930800977,0.670289675858073,-5.84079229695586,FALSE
"Q9BQS7","HEPH","HEPH","KNN_IMPUTATION",-0.0735589030716284,8.91465194810482,-0.761457696907101,0.446729673829016,0.670796180388282,-5.84177276840707,FALSE
"P13671","C6","C6","KNN_IMPUTATION",-0.0907430161709719,12.8819134303032,-0.759139389058107,0.448113900335734,0.671772969353021,-5.84345286491151,FALSE
"Q13576","IQGAP2","IQGAP2","KNN_IMPUTATION",-0.224426167427159,11.1883967675701,-0.758119087319316,0.448723880555941,0.671772969353021,-5.84419066616663,FALSE
"P22792","CPN2","CPN2","KNN_IMPUTATION",-0.0862878539228351,13.3147089201418,-0.757241290222744,0.449249043421967,0.671772969353021,-5.8448246271325,FALSE
"P35611","ADD1","ADD1","KNN_IMPUTATION",-0.132191067580239,7.84341020365157,-0.757129904529371,0.449315707536822,0.671772969353021,-5.84490501950774,FALSE
"P23526","AHCY","AHCY","KNN_IMPUTATION",-0.102100333713716,7.942241006221,-0.756450435987228,0.449722489943445,0.671772969353021,-5.84539516889544,FALSE
"P18085","ARF4","ARF4","KNN_IMPUTATION",-0.0812882669377535,7.4668559994661,-0.755335957995876,0.450390155808561,0.672070222091026,-5.84619817112051,FALSE
"P41218","MNDA","MNDA","KNN_IMPUTATION",0.140327454327282,7.25599020393672,0.748028939526519,0.454781597033748,0.67791768206486,-5.8514337532789,FALSE
"P02776","PF4","PF4","KNN_IMPUTATION",-0.134079842372879,13.9093681376418,-0.744580027566593,0.456862731510886,0.680312727919637,-5.85388730709582,FALSE
"Q9NT62","ATG3","ATG3","KNN_IMPUTATION",-0.0803154427785309,7.58346809795059,-0.743530644753643,0.457497010868757,0.68055053276535,-5.85463159258219,FALSE
"Q96KN2","CNDP1","CNDP1","KNN_IMPUTATION",-0.0678552526137448,12.246569904361,-0.741446451456636,0.45875823070526,0.681719484799319,-5.85610672212715,FALSE
"P49327","FASN","FASN","KNN_IMPUTATION",0.131021686586225,6.91664218676698,0.740090509268805,0.459579808096637,0.681842620438236,-5.85706419903903,FALSE
"P17936","IGFBP3","IGFBP3","KNN_IMPUTATION",-0.111419151838408,11.3536831685522,-0.739640942586758,0.459852386811397,0.681842620438236,-5.85738126735083,FALSE
"P0DP23;P0DP24;P0DP25","CALM1","CALM1","KNN_IMPUTATION",-0.0702541768215692,9.9010744250056,-0.738956508922333,0.460267542945755,0.681842620438236,-5.85786361244754,FALSE
"P21333","FLNA","FLNA","KNN_IMPUTATION",0.124972550465579,10.0672036214897,0.737235043562863,0.461312659249553,0.682685607186645,-5.85907482151122,FALSE
"P25786","PSMA1","PSMA1","KNN_IMPUTATION",-0.0833524269078794,8.64084506702665,-0.735747784272872,0.462216656695673,0.682946369667754,-5.86011897550737,FALSE
"Q00013","MPP1","MPP1","KNN_IMPUTATION",-0.106880358499355,8.67391892526136,-0.735378337618051,0.462441370256199,0.682946369667754,-5.8603780251657,FALSE
"P69905","HBA2","HBA2","KNN_IMPUTATION",-0.130319650261367,17.1221016525983,-0.731222875150193,0.464973109862477,0.685695852328081,-5.86328282150913,FALSE
"P11717","IGF2R","IGF2R","KNN_IMPUTATION",-0.0646177048326582,6.39812860557592,-0.730753672689773,0.465259459076166,0.685695852328081,-5.86360977647781,FALSE
"P28838","LAP3","LAP3","KNN_IMPUTATION",-0.104829879610848,6.64399420933799,-0.72705670678281,0.46751911337621,0.687420620620916,-5.86617861259831,FALSE
"P11277","SPTB","SPTB","KNN_IMPUTATION",-0.157467708514158,10.0193802628686,-0.726586683259472,0.467806836964366,0.687420620620916,-5.86650427681875,FALSE
"P45974","USP5","USP5","KNN_IMPUTATION",-0.100594115234555,8.13128569950473,-0.726487000548462,0.467867870101823,0.687420620620916,-5.86657331676041,FALSE
"P38646","HSPA9","HSPA9","KNN_IMPUTATION",-0.110510558641042,6.76093224939855,-0.724198234039612,0.469270438819413,0.688775649198606,-5.86815590938027,FALSE
"P23588","EIF4B","EIF4B","KNN_IMPUTATION",-0.140647462592487,8.69502915391121,-0.722981139342699,0.470017229848967,0.689166367692658,-5.8689954532894,FALSE
"Q3B726","POLR1F","POLR1F","KNN_IMPUTATION",-0.159263191011366,13.7504017398905,-0.720601220344973,0.471479413290467,0.689570544223817,-5.870633033945,FALSE
"P62195","PSMC5","PSMC5","KNN_IMPUTATION",-0.101009562716472,7.14689258424303,-0.7203350874868,0.471643077216026,0.689570544223817,-5.87081582035892,FALSE
"P08581","MET","MET","KNN_IMPUTATION",0.0939227207539854,7.05509411216668,0.72018482548399,0.471735497826754,0.689570544223817,-5.87091899413653,FALSE
"P48426","PIP4K2A","PIP4K2A","KNN_IMPUTATION",0.0957952126525772,7.3177199038987,0.718446622676661,0.472805329675517,0.690430593436549,-5.87211092778267,FALSE
"P55160","NCKAP1L","NCKAP1L","KNN_IMPUTATION",-0.083050660550013,6.76232252323067,-0.71588509245919,0.474384342861117,0.691644286209215,-5.87386220086258,FALSE
"P08514","ITGA2B","ITGA2B","KNN_IMPUTATION",-0.0813734551738357,12.1339082171125,-0.715533828310559,0.474601100160298,0.691644286209215,-5.87410186728679,FALSE
"P07900","HSP90AA1","HSP90AA1","KNN_IMPUTATION",-0.0662430776773135,10.2591200670229,-0.713734477241127,0.475712294660185,0.692559827962138,-5.87532771813679,FALSE
"P0DOX2","","P0DOX2","KNN_IMPUTATION",-0.0992284421277745,15.3709035027304,-0.712923725655815,0.476213443877086,0.692586286531178,-5.87587905539272,FALSE
"O15204","ADAMDEC1","ADAMDEC1","KNN_IMPUTATION",-0.0666139137941073,9.79362198276776,-0.711034177767917,0.477382553933337,0.693583163465456,-5.87716158185423,FALSE
"P0DOX8","","P0DOX8","KNN_IMPUTATION",-0.0894646961857148,16.3612820323272,-0.709890565576151,0.478090899492651,0.693909261004516,-5.87793615604991,FALSE
"Q93084","ATP2A3","ATP2A3","KNN_IMPUTATION",0.129940115101025,7.80168235236972,0.70654783960013,0.480164660883235,0.696214483019777,-5.88019306701514,FALSE
"P07437","TUBB","TUBB","KNN_IMPUTATION",-0.0866808539465698,10.2213722059714,-0.701880286609024,0.48306852809949,0.699717443731989,-5.8833266763789,FALSE
"P78417","GSTO1","GSTO1","KNN_IMPUTATION",0.0944363892388314,9.64113335544272,0.700254821580936,0.484082034283787,0.700477938610445,-5.88441308269331,FALSE
"P35612","ADD2","ADD2","KNN_IMPUTATION",-0.134113900650049,7.70274696519379,-0.699156637609399,0.484767425484983,0.700762588856317,-5.88514564907622,FALSE
"P58546","MTPN","MTPN","KNN_IMPUTATION",0.0887662277631378,7.78750757858979,0.69502000989648,0.487353877240573,0.703792003990918,-5.88789477035228,FALSE
"P60174","TPI1","TPI1","KNN_IMPUTATION",-0.0756442124149492,7.01531008451683,-0.685248722741037,0.493492993001054,0.711940595536732,-5.89432391974613,FALSE
"Q96QR1","SCGB3A1","SCGB3A1","KNN_IMPUTATION",-0.0725233688782136,10.4181837008436,-0.684411111419439,0.494021174076032,0.711986295100532,-5.89487080946629,FALSE
"P43487","RANBP1","RANBP1","KNN_IMPUTATION",-0.101696797983857,8.3675915335501,-0.681212176777225,0.496041147114991,0.71417972385833,-5.89695330077927,FALSE
"Q06830","PRDX1","PRDX1","KNN_IMPUTATION",-0.0887068037414664,11.3367596012712,-0.680119021526598,0.496732433786809,0.714457683099583,-5.89766270721675,FALSE
"Q16401","PSMD5","PSMD5","KNN_IMPUTATION",-0.0822135968498552,6.72350163662987,-0.678181684130972,0.497958826215888,0.715503964723029,-5.89891715467173,FALSE
"P25311","AZGP1","AZGP1","KNN_IMPUTATION",-0.0824858693518742,9.7618582244991,-0.677196935745872,0.49858282023038,0.715683447658023,-5.89955342098758,FALSE
"P06703","S100A6","S100A6","KNN_IMPUTATION",-0.0760355002201774,9.97150316313753,-0.674768456871664,0.500123426298071,0.717176993311434,-5.90111856733296,FALSE
"P08754","GNAI3","GNAI3","KNN_IMPUTATION",-0.0705518372313945,7.51651663351098,-0.672038529703664,0.501858287993963,0.718945839144199,-5.90287129530136,FALSE
"P26447","S100A4","S100A4","KNN_IMPUTATION",-0.0701953428578559,10.5362318613705,-0.669930354675728,0.503200210482526,0.720148804223496,-5.90421997883777,FALSE
"Q9NZ08","ERAP1","ERAP1","KNN_IMPUTATION",0.0822672454183282,6.64232018663155,0.668175231390347,0.50431885239209,0.720323388216788,-5.90533957454589,FALSE
"P27482","CALML3","CALML3","KNN_IMPUTATION",-0.067736888623994,10.6227701300678,-0.668162713855722,0.504326835264753,0.720323388216788,-5.90534754897041,FALSE
"P26641","EEF1G","EEF1G","KNN_IMPUTATION",-0.0996641472512678,7.28291239236777,-0.667328353208233,0.504859087105852,0.720366100407754,-5.90587875077849,FALSE
"P60660","MYL6","MYL6","KNN_IMPUTATION",0.11086399823798,9.92435098322188,0.666123012081514,0.505628517206506,0.720746812797345,-5.90664497008765,FALSE
"Q3ZCW2","LGALSL","LGALSL","KNN_IMPUTATION",-0.106959759027665,7.33234309726303,-0.65984538682937,0.509645830361266,0.725751857733918,-5.91061321846621,FALSE
"Q9Y566","SHANK1","SHANK1","KNN_IMPUTATION",-0.0544982573575439,13.2311147089015,-0.656332835733677,0.511900946892817,0.728240037543948,-5.91281722719151,FALSE
"P35749","MYH11","MYH11","KNN_IMPUTATION",0.109612901659466,9.19922564413452,0.65349592799719,0.513726093469409,0.729642620869011,-5.91458871980615,FALSE
"P08779","KRT16","KRT16","KNN_IMPUTATION",-0.117430923035512,10.3661373549456,-0.652938123847742,0.514085360226759,0.729642620869011,-5.91493613658581,FALSE
"P19013","KRT4","KRT4","KNN_IMPUTATION",-0.0772387311349352,12.9778460815295,-0.652429117109695,0.514413312202629,0.729642620869011,-5.9152529024756,FALSE
"P11413","G6PD","G6PD","KNN_IMPUTATION",0.0969979790047635,7.2022228507516,0.651239572811478,0.515180158227436,0.730008247923067,-5.91599221998811,FALSE
"P12931","SRC","SRC","KNN_IMPUTATION",-0.0958505056197829,7.05635366020093,-0.649640104537831,0.51621220160705,0.730020915826468,-5.91698418759116,FALSE
"P00488","F13A1","F13A1","KNN_IMPUTATION",0.0749484891167835,10.2655126239926,0.649603628654336,0.516235749895284,0.730020915826468,-5.91700678101819,FALSE
"Q9H0U4","RAB1B","RAB1B","KNN_IMPUTATION",-0.0707214504728881,9.08255893679801,-0.648859394100413,0.516716338607995,0.730020915826468,-5.91746748877267,FALSE
"P43121","MCAM","MCAM","KNN_IMPUTATION",-0.0650229404217288,8.27519704681166,-0.64620036984248,0.518435298174041,0.731341834827916,-5.91910921277421,FALSE
"Q5TDH0","DDI2","DDI2","KNN_IMPUTATION",-0.0919972279985126,7.37469922174881,-0.645302824589206,0.519016195987354,0.731341834827916,-5.91966185223611,FALSE
"Q96KP4","CNDP2","CNDP2","KNN_IMPUTATION",-0.102093304713107,7.20885249566865,-0.645047813413819,0.519181302548688,0.731341834827916,-5.91981872865239,FALSE
"P31939","ATIC","ATIC","KNN_IMPUTATION",-0.0814463698440306,6.70006580823972,-0.644098246755919,0.519796336991341,0.731489644009405,-5.9204023336049,FALSE
"P34932","HSPA4","HSPA4","KNN_IMPUTATION",-0.0725058859327508,7.0192916137272,-0.642409892968145,0.520890814085819,0.732311203332416,-5.92143787834892,FALSE
"P13473","LAMP2","LAMP2","KNN_IMPUTATION",-0.0755649332664072,7.32207047923959,-0.641298500307727,0.521611924635146,0.732606758008619,-5.92211806539324,FALSE
"Q9NYU2","UGGT1","UGGT1","KNN_IMPUTATION",-0.0577054135631681,8.06053131950278,-0.635911928400737,0.525114204841158,0.736339987692657,-5.92539805907296,FALSE
"P67936","TPM4","TPM4","KNN_IMPUTATION",0.115773524962401,9.96768333894424,0.635631390968899,0.52529693682677,0.736339987692657,-5.9255681273205,FALSE
"P69892","HBG2","HBG2","KNN_IMPUTATION",-0.119698242871813,10.4207463871582,-0.63231408256991,0.527460183570449,0.738650296132836,-5.92757347501908,FALSE
"P16284","PECAM1","PECAM1","KNN_IMPUTATION",-0.0544202968360263,9.198070943068,-0.630599852786323,0.52857983135873,0.739496076261873,-5.92860563933565,FALSE
"P14735","IDE","IDE","KNN_IMPUTATION",-0.0682833627140349,6.55578484837165,-0.627067973298263,0.530890495601656,0.741675627597369,-5.93072341898466,FALSE
"P09486","SPARC","SPARC","KNN_IMPUTATION",-0.0788691698382298,10.4959586609223,-0.626137343785953,0.531500196587368,0.741675627597369,-5.93127946463748,FALSE
"P0DOX7","","P0DOX7","KNN_IMPUTATION",0.063288330349863,13.6163596429041,0.625627019667413,0.531834685985532,0.741675627597369,-5.93158403025087,FALSE
"P49721","PSMB2","PSMB2","KNN_IMPUTATION",0.0692717651536512,6.94130794938845,0.625059835338747,0.532206569593928,0.741675627597369,-5.93192223958511,FALSE
"P01701","IGLV1-51","IGLV1-51","KNN_IMPUTATION",0.109446453814385,12.7722849430398,0.623791675974448,0.533038536336615,0.742113845734666,-5.93267732907026,FALSE
"Q86SQ4","ADGRG6","ADGRG6","KNN_IMPUTATION",-0.0453719618510213,7.91326394209216,-0.622999722233474,0.533558426250386,0.742117151545154,-5.9331480987937,FALSE
"P37840","SNCA","SNCA","KNN_IMPUTATION",-0.103337831740436,9.38733738220967,-0.62215411585784,0.53411382080174,0.742169785881488,-5.93365010266522,FALSE
"O94966","USP19","USP19","KNN_IMPUTATION",-0.138964687950599,10.5641279943894,-0.618587968946479,0.536459283546261,0.744019557339922,-5.93575969699529,FALSE
"Q9UBW5","BIN2","BIN2","KNN_IMPUTATION",-0.0981440582944506,7.36722160777947,-0.618552372982249,0.536482721261841,0.744019557339922,-5.93578069315627,FALSE
"A0A0B4J1X5","IGHV3-74","IGHV3-74","KNN_IMPUTATION",-0.11335748633433,12.4603084130509,-0.614467230944174,0.53917595923958,0.747032198598607,-5.93818228683734,FALSE
"P61019","RAB2A","RAB2A","KNN_IMPUTATION",-0.0805788342871905,6.98037109452486,-0.613448531396757,0.539848620671701,0.74724220274442,-5.93877868985397,FALSE
"A0A0B4J1V0","IGHV3-15","IGHV3-15","KNN_IMPUTATION",-0.0912045085395974,9.97396987138921,-0.610099999025845,0.542062666982236,0.74895558206299,-5.94073214385146,FALSE
"P31949","S100A11","S100A11","KNN_IMPUTATION",-0.0612057914839568,7.96781603150235,-0.609996718637507,0.542131028020491,0.74895558206299,-5.94079222544714,FALSE
"Q9NPH3","IL1RAP","IL1RAP","KNN_IMPUTATION",-0.0722497099812411,8.42975446492922,-0.608906078682102,0.542853183068331,0.749231438421547,-5.94142606662826,FALSE
"O43852","CALU","CALU","KNN_IMPUTATION",-0.0715932538455437,11.7898510912097,-0.600897368024438,0.548170739505362,0.755843115817971,-5.94604575012975,FALSE
"O60610","DIAPH1","DIAPH1","KNN_IMPUTATION",-0.0905592707654472,7.42633758616778,-0.597281103565127,0.550580266370122,0.758436217074693,-5.94811171360797,FALSE
"O95744","PMS2P2","PMS2P2","KNN_IMPUTATION",-0.0887199858817009,10.5485934317724,-0.591003932850101,0.554775136687654,0.763469217246665,-5.95166827802384,FALSE
"Q93098","WNT8B","WNT8B","KNN_IMPUTATION",-0.0739911143482992,11.0729959290063,-0.590222055887504,0.555298740298656,0.763469217246665,-5.95210865154111,FALSE
"O60476","MAN1A2","MAN1A2","KNN_IMPUTATION",-0.0515605492784417,7.89704568722413,-0.586730321561072,0.557640018695769,0.765953818783269,-5.9540681822377,FALSE
"P27105","STOM","STOM","KNN_IMPUTATION",-0.0815160741077143,9.47549868001666,-0.582448858573137,0.560517385718074,0.76754583589518,-5.95645505489301,FALSE
"P14780","MMP9","MMP9","KNN_IMPUTATION",-0.077688069955963,8.18671519321019,-0.582196713032605,0.56068706534318,0.76754583589518,-5.95659507918159,FALSE
"P06753","TPM3","TPM3","KNN_IMPUTATION",0.0787229986927898,9.82037714685162,0.581453645570647,0.561187252566388,0.76754583589518,-5.9570073756012,FALSE
"P29350","PTPN6","PTPN6","KNN_IMPUTATION",-0.078099410511987,7.712349597541,-0.581363804859133,0.561247742466335,0.76754583589518,-5.95705718874587,FALSE
"Q96CX2","KCTD12","KCTD12","KNN_IMPUTATION",-0.0458488393009269,6.43938466694811,-0.581025872584546,0.561475301153448,0.76754583589518,-5.9572444900795,FALSE
"O95498","VNN2","VNN2","KNN_IMPUTATION",-0.0593355321410716,7.62780702469435,-0.577532748061661,0.563830138898178,0.770030875409511,-5.95917420644276,FALSE
"P20618","PSMB1","PSMB1","KNN_IMPUTATION",-0.067267981063484,7.44799439490791,-0.574060006286774,0.566175955895233,0.771776328627292,-5.96108114341506,FALSE
"P07203","GPX1","GPX1","KNN_IMPUTATION",-0.0726033039131515,8.63369164273123,-0.573791487092433,0.566357534527133,0.771776328627292,-5.96122811312942,FALSE
"P50995","ANXA11","ANXA11","KNN_IMPUTATION",0.0806687734244482,6.82380144822375,0.573251478312787,0.566722785247238,0.771776328627292,-5.96152347043956,FALSE
"P41091","EIF2S3","EIF2S3","KNN_IMPUTATION",-0.0704373129336835,7.05231164691576,-0.570261202452951,0.568747393291374,0.773798635654487,-5.9631539720307,FALSE
"Q9UPN7","PPP6R1","PPP6R1","KNN_IMPUTATION",-0.0682634335798351,6.64315755741538,-0.569354469486351,0.569361993700444,0.773900567740698,-5.96364670174901,FALSE
"P16152","CBR1","CBR1","KNN_IMPUTATION",0.08383059163019,6.98244103128487,0.567406413680018,0.570683496364593,0.774531943018553,-5.96470265058492,FALSE
"P13796","LCP1","LCP1","KNN_IMPUTATION",0.0531471538093626,10.4338015386787,0.567077539787584,0.570906739031109,0.774531943018553,-5.96488056094983,FALSE
"P60709","ACTB","ACTB","KNN_IMPUTATION",0.0805035080329777,14.174590185557,0.565927980988686,0.571687397729348,0.774857966298569,-5.96550162650674,FALSE
"A0A0A0MS15","IGHV3-49","IGHV3-49","KNN_IMPUTATION",0.094694712371945,10.9242059053489,0.563409575000767,0.573399409582353,0.776444526289986,-5.96685783218877,FALSE
"P68402","PAFAH1B2","PAFAH1B2","KNN_IMPUTATION",-0.0614564128764279,7.8500849895565,-0.561343517361734,0.574805733000721,0.777614548229277,-5.96796592959672,FALSE
"Q16851","UGP2","UGP2","KNN_IMPUTATION",-0.0749771766080496,7.02010238308321,-0.560476243770746,0.575396555682483,0.77768017045116,-5.96842986654575,FALSE
"P68431","H3C12","H3C12","KNN_IMPUTATION",-0.0683498622067269,10.8600713555101,-0.556376052123704,0.578193665326837,0.777944164028962,-5.97061351179289,FALSE
"P02750","LRG1","LRG1","KNN_IMPUTATION",0.127419400851561,9.85234448009057,0.556243061595165,0.578284497411388,0.777944164028962,-5.97068407064172,FALSE
"A0A0C4DH67","IGKV1-8","IGKV1-8","KNN_IMPUTATION",0.0679626007207421,8.21032703904662,0.55608835534645,0.578390169726062,0.777944164028962,-5.97076612968655,FALSE
"P13798","APEH","APEH","KNN_IMPUTATION",-0.0741929478486458,8.10793753588118,-0.555598707565947,0.578724684306417,0.777944164028962,-5.97102569762865,FALSE
"Q9H4B7","TUBB1","TUBB1","KNN_IMPUTATION",0.103674298568272,9.60298799646462,0.554700037036623,0.579338869641622,0.777944164028962,-5.9715014990516,FALSE
"P06312","IGKV4-1","IGKV4-1","KNN_IMPUTATION",-0.0852358643846092,12.0200099772002,-0.554432196630132,0.579521981210176,0.777944164028962,-5.97164315844484,FALSE
"P35542","SAA4","SAA4","KNN_IMPUTATION",-0.04178521600811,14.933962285977,-0.554114424525095,0.579739264362995,0.777944164028962,-5.97181113782456,FALSE
"P68371","TUBB4B","TUBB4B","KNN_IMPUTATION",-0.0707858126324012,10.4026087253665,-0.55383277965506,0.579931876810991,0.777944164028962,-5.97195993937005,FALSE
"P30086","PEBP1","PEBP1","KNN_IMPUTATION",-0.0689730061105696,7.86152732034454,-0.552135326301004,0.581093374894889,0.778773737943244,-5.97285515558853,FALSE
"Q96K76","USP47","USP47","KNN_IMPUTATION",0.070634710083505,6.02778049910763,0.548390022218916,0.583659988064596,0.781119162639172,-5.97482067461667,FALSE
"Q9NTK5","OLA1","OLA1","KNN_IMPUTATION",-0.067656412218688,7.5647573995091,-0.547992268717456,0.583932874720496,0.781119162639172,-5.97502862902883,FALSE
"P55786","NPEPPS","NPEPPS","KNN_IMPUTATION",0.0617248879739192,6.70335520735306,0.546340118105975,0.585067002552041,0.781906879459111,-5.97589079720143,FALSE
"P30043","BLVRB","BLVRB","KNN_IMPUTATION",-0.0830427434726175,9.76574747147828,-0.538968406620272,0.590139820126664,0.787952050336719,-5.97970601152676,FALSE
"P21291","CSRP1","CSRP1","KNN_IMPUTATION",-0.0623188890560478,8.91249565923464,-0.536924958577396,0.591549599955863,0.789099652406239,-5.9807544300715,FALSE
"O00194","RAB27B","RAB27B","KNN_IMPUTATION",-0.150127346079772,9.38720178260911,-0.534616883447799,0.593143810230674,0.790490914378054,-5.98193383513431,FALSE
"P15169","CPN1","CPN1","KNN_IMPUTATION",-0.0755405610003628,11.7112089566281,-0.533091680175046,0.594198365175138,0.790757819477971,-5.98271041506694,FALSE
"P28289","TMOD1","TMOD1","KNN_IMPUTATION",-0.0851036903201772,7.321444814258,-0.53169329363054,0.595165991432321,0.790757819477971,-5.98342047699197,FALSE
"Q14766","LTBP1","LTBP1","KNN_IMPUTATION",-0.0776624801981249,12.3736337899634,-0.530461511842805,0.596018931082871,0.790757819477971,-5.98404439841507,FALSE
"P62805","H4C16","H4C16","KNN_IMPUTATION",-0.0660123293508619,12.673943238704,-0.529951903276424,0.596371969685145,0.790757819477971,-5.98430210234654,FALSE
"P52565","ARHGDIA","ARHGDIA","KNN_IMPUTATION",0.0521122946201764,7.83696124634464,0.529727391266471,0.596527533887004,0.790757819477971,-5.98441555730428,FALSE
"O15144","ARPC2","ARPC2","KNN_IMPUTATION",0.0789695750980322,8.13044459333017,0.529546780725683,0.596652692242095,0.790757819477971,-5.98450679222869,FALSE
"Q07960","ARHGAP1","ARHGAP1","KNN_IMPUTATION",0.0623275260204341,7.90162057900244,0.52859579988831,0.597311894615752,0.790900514200359,-5.98498666501515,FALSE
"P08519","LPA","LPA","KNN_IMPUTATION",-0.073025159280574,16.033889218948,-0.527397473101763,0.598143025220894,0.791270385762695,-5.98559012375173,FALSE
"Q7L576","CYFIP1","CYFIP1","KNN_IMPUTATION",-0.0667573832011996,7.02876769825718,-0.525821773395732,0.599236693263984,0.791479484953775,-5.98638153949034,FALSE
"P29992","GNA11","GNA11","KNN_IMPUTATION",-0.0608990303188097,7.52294034379288,-0.525579451531871,0.599404965592608,0.791479484953775,-5.98650303895383,FALSE
"Q5T4S7","UBR4","UBR4","KNN_IMPUTATION",-0.0624337119153022,7.11202583575132,-0.52316770228423,0.601080892963901,0.792240228991467,-5.98770923374172,FALSE
"P62081","RPS7","RPS7","KNN_IMPUTATION",-0.0554970928892935,6.75776224036866,-0.523160312375048,0.601086031480276,0.792240228991467,-5.98771292116138,FALSE
"P00568","AK1","AK1","KNN_IMPUTATION",-0.0757229095137593,8.60593086646581,-0.520915107904085,0.602648137338636,0.793143573498333,-5.98883082491098,FALSE
"P49368","CCT3","CCT3","KNN_IMPUTATION",-0.0700703632742457,7.56891755712086,-0.519835430985748,0.603399977055104,0.793143573498333,-5.98936669389846,FALSE
"P47755","CAPZA2","CAPZA2","KNN_IMPUTATION",0.0601648476805252,7.9136923221697,0.51979130941091,0.603430710381228,0.793143573498333,-5.98938856885109,FALSE
"P07996","THBS1","THBS1","KNN_IMPUTATION",0.0631405367093905,16.5819902692783,0.518530992774035,0.604308894465137,0.793182269472028,-5.9900126357098,FALSE
"A0A087WSY6","IGKV3D-15","IGKV3D-15","KNN_IMPUTATION",-0.0766962576469545,11.5538599466388,-0.518161589903206,0.604566402045277,0.793182269472028,-5.99019526493091,FALSE
"P55060","CSE1L","CSE1L","KNN_IMPUTATION",0.0628824143890316,12.5386728009525,0.512421339135893,0.60857420913824,0.797362124343492,-5.99301648249574,FALSE
"A0A075B6K4","IGLV3-10","IGLV3-10","KNN_IMPUTATION",0.104465939965204,9.85600215984576,0.512006389643884,0.608864383651411,0.797362124343492,-5.99321920506908,FALSE
"P68363","TUBA1B","TUBA1B","KNN_IMPUTATION",0.0695987175352002,10.5568844341365,0.509244377572226,0.610797432433858,0.799163793896124,-5.9945643991208,FALSE
"P06331","IGHV4-34","IGHV4-34","KNN_IMPUTATION",-0.0783555840137815,11.5912683195758,-0.507977036462691,0.611685318779928,0.799353081947073,-5.99517920468271,FALSE
"P07947","YES1","YES1","KNN_IMPUTATION",-0.0550614924376855,8.38868711856621,-0.507446806718341,0.612056962327675,0.799353081947073,-5.99543597275192,FALSE
"O95714","HERC2","HERC2","KNN_IMPUTATION",-0.13856032726631,10.0514915701438,-0.505862091320788,0.613168302510915,0.800075837853187,-5.99620178735814,FALSE
"P05543","SERPINA7","SERPINA7","KNN_IMPUTATION",0.0486126110001752,9.61578474060375,0.502946909712189,0.615215010835854,0.802016659580559,-5.99760430091391,FALSE
"O14818","PSMA7","PSMA7","KNN_IMPUTATION",-0.0608538973722208,8.45913914345484,-0.499091255860548,0.617926628637573,0.804819968634223,-5.99944684456692,FALSE
"P08758","ANXA5","ANXA5","KNN_IMPUTATION",-0.0623416572601627,7.73738259575866,-0.496660419412431,0.619638886141006,0.805787285406681,-6.00060121454677,FALSE
"P17987","TCP1","TCP1","KNN_IMPUTATION",-0.0689380246936153,7.19635322876045,-0.496106968695887,0.620029021210281,0.805787285406681,-6.00086325358489,FALSE
"O60234","GMFG","GMFG","KNN_IMPUTATION",0.0647147954117537,7.14318431241006,0.495644555540733,0.620355064915604,0.805787285406681,-6.00108196580008,FALSE
"A0A0C4DH43","IGHV2-70D","IGHV2-70D","KNN_IMPUTATION",0.108594382682826,9.40720584262885,0.493964723407571,0.621540130120301,0.806595969766978,-6.00187477842007,FALSE
"P22692","IGFBP4","IGFBP4","KNN_IMPUTATION",-0.0511885365879099,13.9996789840765,-0.491740633254589,0.623110666357791,0.807902979708022,-6.00292032191518,FALSE
"P02655","APOC2","APOC2","KNN_IMPUTATION",-0.0376308458367483,16.9610412985901,-0.490170133138449,0.624220708569893,0.808403470731746,-6.00365577374298,FALSE
"O15511","ARPC5","ARPC5","KNN_IMPUTATION",-0.0636724122698311,8.26040826769516,-0.489599625491576,0.624624160091196,0.808403470731746,-6.00392235564232,FALSE
"P35858","IGFALS","IGFALS","KNN_IMPUTATION",-0.0402501881094341,12.4726178298046,-0.487127804970248,0.62637348446189,0.809650079023716,-6.00507378362167,FALSE
"A0M8Q6","IGLC7","IGLC7","KNN_IMPUTATION",-0.0712684741612719,15.2548979674962,-0.486643344132429,0.626716588365638,0.809650079023716,-6.00529877366744,FALSE
"Q06323","PSME1","PSME1","KNN_IMPUTATION",-0.0571757043614891,9.34210059839701,-0.483389548535208,0.629023081464836,0.811898378776395,-6.00680408400091,FALSE
"O00410","IPO5","IPO5","KNN_IMPUTATION",-0.0580572288307932,6.1360994244898,-0.480304574014055,0.631213261866306,0.813992641651333,-6.0082219748268,FALSE
"P13598","ICAM2","ICAM2","KNN_IMPUTATION",-0.0475760740266313,8.78781414318559,-0.476601637542253,0.63384645847986,0.816653927637124,-6.00991191173557,FALSE
"Q9BUF5","TUBB6","TUBB6","KNN_IMPUTATION",-0.0547832319631283,8.99943863677728,-0.475609926840583,0.634552466249574,0.816829655836525,-6.01036228777151,FALSE
"Q8WXI7","MUC16","MUC16","KNN_IMPUTATION",-0.0551477564825555,6.72668177960924,-0.471787207932901,0.637277010567316,0.817792371291765,-6.01208956980287,FALSE
"P10619","CTSA","CTSA","KNN_IMPUTATION",-0.0502041449891184,6.63802870143682,-0.470680697399545,0.638066567992506,0.817792371291765,-6.01258694370074,FALSE
"P40227","CCT6A","CCT6A","KNN_IMPUTATION",-0.0670803662036317,7.44933088114636,-0.470554862727398,0.638156384200917,0.817792371291765,-6.01264343219847,FALSE
"P04217","A1BG","A1BG","KNN_IMPUTATION",0.103325693988863,12.4061879138691,0.470319090307175,0.638324684310457,0.817792371291765,-6.01274923227283,FALSE
"Q5TEC6","H3-7","H3-7","KNN_IMPUTATION",0.056667499602792,9.06651029246353,0.469874995028171,0.638641741117569,0.817792371291765,-6.01294837088542,FALSE
"P25787","PSMA2","PSMA2","KNN_IMPUTATION",0.0548921099149347,7.19253495269226,0.469220191257917,0.639109351744232,0.817792371291765,-6.01324165128806,FALSE
"P02746","C1QB","C1QB","KNN_IMPUTATION",0.0830010195852999,11.5328830290063,0.468710371466236,0.63947352558389,0.817792371291765,-6.01346971181116,FALSE
"P84077","ARF1","ARF1","KNN_IMPUTATION",0.0505075759077727,10.1061140627285,0.468165756802332,0.639862650341255,0.817792371291765,-6.01371306367352,FALSE
"P35579","MYH9","MYH9","KNN_IMPUTATION",0.0829667176482314,10.4092629794847,0.466466009088084,0.641077751199613,0.81861575709728,-6.01447074937824,FALSE
"P17844","DDX5","DDX5","KNN_IMPUTATION",-0.0751250140352866,11.6113505550288,-0.463914727987973,0.642903399717755,0.819015206847294,-6.0156028495292,FALSE
"P16401","H1-5","H1-5","KNN_IMPUTATION",0.0730883414043593,9.21700205478116,0.463766748967375,0.643009357236286,0.819015206847294,-6.01566832308998,FALSE
"P31327","CPS1","CPS1","KNN_IMPUTATION",-0.0585262810269853,7.26260847486985,-0.46363459334633,0.643103990871725,0.819015206847294,-6.01572677791981,FALSE
"Q9NP72","RAB18","RAB18","KNN_IMPUTATION",-0.0498296902772957,6.72069264683821,-0.460008479985811,0.645702829446329,0.820910918382278,-6.01732417952587,FALSE
"Q9UQ80","PA2G4","PA2G4","KNN_IMPUTATION",-0.0719861034120903,7.88461729160871,-0.459960203226825,0.645737458811164,0.820910918382278,-6.01734536222021,FALSE
"P26927","MST1","MST1","KNN_IMPUTATION",-0.0759200064829439,8.42912590828404,-0.457679677090708,0.647374177602499,0.822166024378059,-6.01834347201897,FALSE
"P02647","APOA1","APOA1","KNN_IMPUTATION",0.0412579600790224,17.2948546553064,0.456987324075433,0.647871413910186,0.822166024378059,-6.01864551084909,FALSE
"P15814","IGLL1","IGLL1","KNN_IMPUTATION",-0.0766492598676258,9.90564905437205,-0.455377395631823,0.649028246420434,0.822905840289038,-6.01934607540028,FALSE
"P02747","C1QC","C1QC","KNN_IMPUTATION",0.0734507516717269,12.4027070874143,0.449892519624255,0.652975831238802,0.824692305632554,-6.02171428874022,FALSE
"P62942","FKBP1A","FKBP1A","KNN_IMPUTATION",0.0492532764935127,7.8811368514739,0.44918785445561,0.653483704206496,0.824692305632554,-6.02201646455185,FALSE
"Q15366","PCBP2","PCBP2","KNN_IMPUTATION",-0.0585330452638342,7.35377962027421,-0.448802275309875,0.653761670642702,0.824692305632554,-6.02218160897184,FALSE
"P36955","SERPINF1","SERPINF1","KNN_IMPUTATION",-0.0497732828964796,12.433505351928,-0.448681471485688,0.653848768794632,0.824692305632554,-6.02223332036978,FALSE
"P05160","F13B","F13B","KNN_IMPUTATION",-0.0631190851999648,10.9026283900716,-0.447131043460626,0.654967028771856,0.824692305632554,-6.02289576318609,FALSE
"Q96MY7","FAM161B","FAM161B","KNN_IMPUTATION",-0.0658699908751021,13.1787416117275,-0.446381953267725,0.65550759513942,0.824692305632554,-6.02321500189574,FALSE
"P02774","GC","GC","KNN_IMPUTATION",-0.0731422995382918,13.6123337445535,-0.446278652792543,0.655582154129668,0.824692305632554,-6.02325898334987,FALSE
"P25815","S100P","S100P","KNN_IMPUTATION",0.0665327242728537,7.58673028133978,0.446008335893317,0.655777276540678,0.824692305632554,-6.02337402597907,FALSE
"P50148","GNAQ","GNAQ","KNN_IMPUTATION",-0.0554826590341406,7.30264050724382,-0.445773001820938,0.655947166540397,0.824692305632554,-6.02347412375518,FALSE
"Q04695","KRT17","KRT17","KNN_IMPUTATION",-0.0770975134583303,9.29611763067156,-0.445439120728517,0.656188229237618,0.824692305632554,-6.02361604727459,FALSE
"O95747","OXSR1","OXSR1","KNN_IMPUTATION",-0.0560325418254575,8.16912299044388,-0.444209505542162,0.657076322901664,0.825085330158482,-6.02413780609778,FALSE
"P01857","IGHG1","IGHG1","KNN_IMPUTATION",0.0570752990944232,15.6503950284986,0.443180144204154,0.657820156296315,0.825296679027923,-6.02457348362813,FALSE
"P01703","IGLV1-40","IGLV1-40","KNN_IMPUTATION",-0.0651342580522218,10.5886867162871,-0.436941831873327,0.662335312868001,0.828960664851909,-6.027192243859,FALSE
"P01860","IGHG3","IGHG3","KNN_IMPUTATION",0.0721897199122044,13.5268326662248,0.436238769707793,0.662844950753616,0.828960664851909,-6.02748505408435,FALSE
"Q14624","ITIH4","ITIH4","KNN_IMPUTATION",-0.0487618281641957,15.3913001162041,-0.43606055586926,0.662974159837107,0.828960664851909,-6.02755920145082,FALSE
"P61224","RAP1B","RAP1B","KNN_IMPUTATION",-0.0524843119528082,12.4679114084468,-0.435951935887142,0.663052916726039,0.828960664851909,-6.02760437885916,FALSE
"O95466","FMNL1","FMNL1","KNN_IMPUTATION",0.0415974733100546,6.12511929649193,0.434209698653263,0.664316667381266,0.829152206924472,-6.02832747627137,FALSE
"P17900","GM2A","GM2A","KNN_IMPUTATION",-0.0411973467133127,7.48024843242705,-0.434146479140412,0.664362542368353,0.829152206924472,-6.02835366047181,FALSE
"Q14644","RASA3","RASA3","KNN_IMPUTATION",0.0581229593925006,6.68950215064373,0.429227289811201,0.6679359875289,0.832887135753428,-6.03037940440318,FALSE
"P10643","C7","C7","KNN_IMPUTATION",-0.0569198037408452,12.0970092931249,-0.427386456652053,0.669275172327944,0.833831969694415,-6.03113153659861,FALSE
"O60814;P57053;P58876;P62807;Q5QNW6;Q93079;Q99877;Q99879","H2BC12","H2BC12","KNN_IMPUTATION",0.0527500120391657,12.3550016592123,0.425938734734916,0.670329115023805,0.834420096305674,-6.03172078126434,FALSE
"P30613","PKLR","PKLR","KNN_IMPUTATION",0.0446110103513533,10.1280358423141,0.423687523653893,0.671969291279334,0.835736308494852,-6.0326330892307,FALSE
"Q9UHC1","MLH3","MLH3","KNN_IMPUTATION",0.0777574493953974,9.36811775892543,0.420659974623991,0.674177558526611,0.83775616891435,-6.03385239235817,FALSE
"Q7LDG7","RASGRP2","RASGRP2","KNN_IMPUTATION",-0.0590659746265247,6.4549721296079,-0.419634881114202,0.674925892165186,0.837860363282363,-6.03426325435094,FALSE
"P54577","YARS1","YARS1","KNN_IMPUTATION",-0.0612378328599155,7.95260486921078,-0.418912375025151,0.675453526235002,0.837860363282363,-6.03455223614052,FALSE
"P07357","C8A","C8A","KNN_IMPUTATION",-0.0367199059834356,13.2653744776644,-0.418144792588895,0.676014254056969,0.837860363282363,-6.034858702012,FALSE
"O00231","PSMD11","PSMD11","KNN_IMPUTATION",-0.0573823222816836,6.89477090247056,-0.414338602769939,0.678797377764168,0.840378910078997,-6.03637006806405,FALSE
"P38571","LIPA","LIPA","KNN_IMPUTATION",-0.0287680538571866,7.71485390193555,-0.413763366293755,0.679218379903457,0.840378910078997,-6.03659728226515,FALSE
"Q15833","STXBP2","STXBP2","KNN_IMPUTATION",-0.0653974178231378,7.2078545082993,-0.412022358777213,0.680493193789812,0.841230379219474,-6.03728304533483,FALSE
"Q86U17","SERPINA11","SERPINA11","KNN_IMPUTATION",-0.0373005587130972,8.15393276564469,-0.408079439381497,0.68338369077893,0.843658197990939,-6.03882543386299,FALSE
"P09211","GSTP1","GSTP1","KNN_IMPUTATION",0.0543664003322117,7.85024573962616,0.407232899669443,0.68400488596148,0.843658197990939,-6.03915465006018,FALSE
"P04211","IGLV7-43","IGLV7-43","KNN_IMPUTATION",-0.0594120698495626,11.7714573923022,-0.406936964921186,0.684222095023335,0.843658197990939,-6.03926957683971,FALSE
"O75368","SH3BGRL","SH3BGRL","KNN_IMPUTATION",-0.0533751287627151,7.22918881257105,-0.403905990153941,0.686448263978093,0.845675954076105,-6.04044185453633,FALSE
"Q9H1B5","XYLT2","XYLT2","KNN_IMPUTATION",-0.0449847277549207,8.72378670887137,-0.40091347272232,0.688648866773494,0.846968563673493,-6.04159066590713,FALSE
"P43251","BTD","BTD","KNN_IMPUTATION",-0.0277842100100667,10.7671646735011,-0.40003336204306,0.689296576645471,0.846968563673493,-6.04192691096593,FALSE
"P15531","NME1","NME1","KNN_IMPUTATION",-0.0507378668749272,8.35615615931706,-0.399915524791119,0.68938331530626,0.846968563673493,-6.04197187446752,FALSE
"Q9Y490","TLN1","TLN1","KNN_IMPUTATION",0.0688410843301615,10.252932011198,0.399267992434424,0.689860029547169,0.846968563673493,-6.04221871901688,FALSE
"P37802","TAGLN2","TAGLN2","KNN_IMPUTATION",0.0681274402147078,9.38090193846444,0.394341558398981,0.693490907980926,0.849901523783379,-6.04408362545028,FALSE
"O95782","AP2A1","AP2A1","KNN_IMPUTATION",-0.0493306513462999,6.4186458919076,-0.394238342297471,0.693567056167815,0.849901523783379,-6.04412245053338,FALSE
"P02743","APCS","APCS","KNN_IMPUTATION",0.0696297751674226,11.3213624916876,0.393615026326661,0.694026976534405,0.849901523783379,-6.04435669704942,FALSE
"P52209","PGD","PGD","KNN_IMPUTATION",0.0539267864824122,8.26593005833827,0.391275234856892,0.695754424054842,0.851016280592818,-6.04523270208629,FALSE
"Q9UKN7","MYO15A","MYO15A","KNN_IMPUTATION",-0.03602421403885,11.8169188059738,-0.390249878137036,0.69651193582167,0.851016280592818,-6.04561494512549,FALSE
"P19367","HK1","HK1","KNN_IMPUTATION",-0.0742867215846603,7.13242611123726,-0.388565131236754,0.697757250125868,0.851016280592818,-6.04624082584118,FALSE
"P29401","TKT","TKT","KNN_IMPUTATION",-0.047765727284478,6.61442010970427,-0.387889789065529,0.698256672283604,0.851016280592818,-6.04649095453364,FALSE
"P00352","ALDH1A1","ALDH1A1","KNN_IMPUTATION",-0.060638891007013,7.55027189765158,-0.387831946925335,0.698299453209419,0.851016280592818,-6.04651235749959,FALSE
"Q9BSL1","UBAC1","UBAC1","KNN_IMPUTATION",-0.0485329030717541,7.43689723351279,-0.386422738647011,0.699342021771365,0.851016280592818,-6.04703281248388,FALSE
"O00151","PDLIM1","PDLIM1","KNN_IMPUTATION",0.0687444063600324,9.32752204141454,0.386387161297995,0.699368350178999,0.851016280592818,-6.04704592756238,FALSE
"P30740","SERPINB1","SERPINB1","KNN_IMPUTATION",-0.0575826539469411,7.77630049005588,-0.385959403173065,0.699684933625476,0.851016280592818,-6.04720351996535,FALSE
"P30041","PRDX6","PRDX6","KNN_IMPUTATION",0.0491363964497662,10.5314032298132,0.380470842308641,0.703751641625415,0.854601775574143,-6.04921010652537,FALSE
"P37837","TALDO1","TALDO1","KNN_IMPUTATION",0.0500159300229139,8.17916153151675,0.380372273217792,0.703824753802694,0.854601775574143,-6.04924588027981,FALSE
"P28072","PSMB6","PSMB6","KNN_IMPUTATION",0.0380517728426089,7.37861520088499,0.376976065053027,0.706345514368594,0.856936943827888,-6.05047281030574,FALSE
"P40925","MDH1","MDH1","KNN_IMPUTATION",-0.0838996144200976,9.36199555166416,-0.375450335215323,0.7074790081701,0.857586557663503,-6.05102042250116,FALSE
"P09172","DBH","DBH","KNN_IMPUTATION",0.0531929183944273,7.19594727695524,0.369057405156281,0.71223548546733,0.862623045743371,-6.05329082683061,FALSE
"P0DOX3","","P0DOX3","KNN_IMPUTATION",0.0564408988911591,9.27577493503006,0.365763094746487,0.714690927682438,0.864866489701786,-6.05444556352065,FALSE
"P35251","RFC1","RFC1","KNN_IMPUTATION",-0.0642970684647537,9.05685473028672,-0.364121068633849,0.71591593462487,0.865498060673289,-6.0550172695456,FALSE
"P00450","CP","CP","KNN_IMPUTATION",0.0602829777197122,12.0127084230485,0.362253539625415,0.717310066151924,0.865498060673289,-6.0556643643302,FALSE
"P10768","ESD","ESD","KNN_IMPUTATION",0.048847307527855,7.37546357451267,0.361385754573843,0.717958199361539,0.865498060673289,-6.05596391828993,FALSE
"P80723","BASP1","BASP1","KNN_IMPUTATION",-0.0326599770410532,7.06560303198283,-0.360516781656204,0.718607423815651,0.865498060673289,-6.05626316274916,FALSE
"Q15848","ADIPOQ","ADIPOQ","KNN_IMPUTATION",-0.0441079419732944,7.64042045569589,-0.360059803979001,0.718948921394447,0.865498060673289,-6.05642024129062,FALSE
"P46459","NSF","NSF","KNN_IMPUTATION",0.0533181745695472,7.09600469080627,0.359464667179899,0.719393749107522,0.865498060673289,-6.05662451121774,FALSE
"Q9NRW1","RAB6B","RAB6B","KNN_IMPUTATION",-0.0607408659940116,8.76718134609355,-0.359405847286474,0.71943771849551,0.865498060673289,-6.05664468174128,FALSE
"P42566","EPS15","EPS15","KNN_IMPUTATION",-0.05231007857439,6.78126642134693,-0.357176707462044,0.721104743104469,0.866226573741912,-6.05740666692471,FALSE
"Q9NY65","TUBA8","TUBA8","KNN_IMPUTATION",-0.0556576720883406,7.48067989900228,-0.356980663569529,0.721251414956655,0.866226573741912,-6.05747345377872,FALSE
"P22061","PCMT1","PCMT1","KNN_IMPUTATION",-0.0313824923345543,8.69819217236332,-0.355934991648848,0.72203391658111,0.866440699897333,-6.05782906686343,FALSE
"P01023","A2M","A2M","KNN_IMPUTATION",0.0532968906376023,14.0829017662383,0.35016750837257,0.726355086696192,0.870308787887236,-6.05977174270375,FALSE
"P10124","SRGN","SRGN","KNN_IMPUTATION",-0.0393732429424389,13.0435180040798,-0.349338268594824,0.726977100299322,0.870308787887236,-6.06004844943078,FALSE
"P13639","EEF2","EEF2","KNN_IMPUTATION",-0.0356047016730585,7.57686768559043,-0.349203705934795,0.727078052921136,0.870308787887236,-6.06009328943571,FALSE
"A0A0C4DH25","IGKV3D-20","IGKV3D-20","KNN_IMPUTATION",0.0559178448551112,10.4205936611245,0.346318230997047,0.729243956675709,0.871679386604384,-6.0610506546433,FALSE
"Q02985","CFHR3","CFHR3","KNN_IMPUTATION",-0.0425038852502126,9.579725229793,-0.34601688974015,0.729470275710997,0.871679386604384,-6.06115017809525,FALSE
"Q92882","OSTF1","OSTF1","KNN_IMPUTATION",-0.0485028324117911,7.40174658924758,-0.345249552067937,0.730046682923197,0.871679386604384,-6.0614032143734,FALSE
"P63104","YWHAZ","YWHAZ","KNN_IMPUTATION",-0.0457448382100036,10.7482325970314,-0.342803552124998,0.73188508398377,0.873147429644531,-6.06220605652794,FALSE
"P05141","SLC25A5","SLC25A5","KNN_IMPUTATION",0.0537052663049558,8.12348968005217,0.339717333824186,0.734206872850296,0.875020181103749,-6.06321089444734,FALSE
"Q13630","GFUS","GFUS","KNN_IMPUTATION",-0.039901692078387,7.58233631684352,-0.338706311020259,0.734968005575292,0.875020181103749,-6.06353809692123,FALSE
"P28066","PSMA5","PSMA5","KNN_IMPUTATION",0.0385566110414857,7.34168422442405,0.337640353154352,0.735770778090342,0.875020181103749,-6.06388202264438,FALSE
"P26599","PTBP1","PTBP1","KNN_IMPUTATION",0.0448619571982309,6.84032110845033,0.337474599045976,0.735895633480559,0.875020181103749,-6.06393540499098,FALSE
"Q92820","GGH","GGH","KNN_IMPUTATION",-0.0341942058026117,8.06198372195215,-0.336224146735519,0.736837770305087,0.87541455063587,-6.06433727807852,FALSE
"P08603","CFH","CFH","KNN_IMPUTATION",-0.0520644396127228,12.4737109225411,-0.330269728187388,0.741329470326683,0.880021904344754,-6.06623046581016,FALSE
"P11766","ADH5","ADH5","KNN_IMPUTATION",-0.0548915266370251,8.02669315996503,-0.326357818446167,0.744285238918035,0.882799861545461,-6.06745584062294,FALSE
"P36871","PGM1","PGM1","KNN_IMPUTATION",-0.040109132841077,7.5123779177353,-0.322512532922262,0.747194354080212,0.884931135179587,-6.06864612235508,FALSE
"O75558","STX11","STX11","KNN_IMPUTATION",-0.0473642722877381,6.4189719146525,-0.321638450986188,0.74785613849648,0.884931135179587,-6.06891472136336,FALSE
"P11226","MBL2","MBL2","KNN_IMPUTATION",0.056426926282855,9.36830921965282,0.320776794164556,0.748508698064226,0.884931135179587,-6.06917878903961,FALSE
"Q93008","USP9X","USP9X","KNN_IMPUTATION",0.0400695019478814,6.23106638863093,0.319653886261439,0.749359382345741,0.884931135179587,-6.06952185837399,FALSE
"P28676","GCA","GCA","KNN_IMPUTATION",-0.0463086208227068,8.13265678698022,-0.319587728407082,0.749409511277313,0.884931135179587,-6.06954203332169,FALSE
"Q9Y6R7","FCGBP","FCGBP","KNN_IMPUTATION",0.0431542125416566,7.06884949126082,0.318822916424753,0.749989099358816,0.884931135179587,-6.06977496094854,FALSE
"Q8WVN8","UBE2Q2","UBE2Q2","KNN_IMPUTATION",-0.0676658546411577,10.7090462411295,-0.318278366559812,0.750401855215048,0.884931135179587,-6.06994046655087,FALSE
"Q9UBS4","DNAJB11","DNAJB11","KNN_IMPUTATION",0.0340333311880112,6.70096074766782,0.31631800797297,0.751888353046957,0.885955545003564,-6.07053393873447,FALSE
"P53990","IST1","IST1","KNN_IMPUTATION",-0.0413847174097892,7.92415994255956,-0.31225556910561,0.754971747687229,0.888390600100328,-6.07175211991589,FALSE
"Q9BUL8","PDCD10","PDCD10","KNN_IMPUTATION",-0.0430382886374527,7.60433415103931,-0.311962997075074,0.755193962009972,0.888390600100328,-6.07183924427848,FALSE
"P01834","IGKC","IGKC","KNN_IMPUTATION",-0.0318926560805597,14.7461063565728,-0.309845619479414,0.756802757287938,0.889084230402326,-6.07246733999615,FALSE
"P62937","PPIA","PPIA","KNN_IMPUTATION",0.0341034563092304,11.0535058900831,0.309555068726876,0.757023602037127,0.889084230402326,-6.07255319490412,FALSE
"P37235","HPCAL1","HPCAL1","KNN_IMPUTATION",-0.0369375997925392,6.96220252632002,-0.306997063392174,0.758968773425704,0.890027502734296,-6.07330558567383,FALSE
"P01709","IGLV2-8","IGLV2-8","KNN_IMPUTATION",-0.0560613387231061,11.7870891363198,-0.306091751403789,0.759657562712353,0.890027502734296,-6.0735703715453,FALSE
"Q9ULF5","SLC39A10","SLC39A10","KNN_IMPUTATION",-0.0580427728377373,9.83105326834796,-0.306050770069372,0.759688747103751,0.890027502734296,-6.07358233928242,FALSE
"O14950;P19105","MYL12B","MYL12B","KNN_IMPUTATION",0.0516513294144705,9.6377150469779,0.30489674325827,0.760567054496627,0.890329107059725,-6.07391869089822,FALSE
"Q9Y376","CAB39","CAB39","KNN_IMPUTATION",-0.0317594628247706,6.81456465981116,-0.30333104445726,0.761759172262367,0.890780028438138,-6.07437299736741,FALSE
"P25789","PSMA4","PSMA4","KNN_IMPUTATION",-0.0355508902541519,8.0923941991032,-0.302759314776356,0.762194626843511,0.890780028438138,-6.07453830889101,FALSE
"P17858","PFKL","PFKL","KNN_IMPUTATION",-0.0397254647316068,6.8811341563817,-0.30031880506793,0.764054274414605,0.891574892031462,-6.07524045892743,FALSE
"O75367","MACROH2A1","MACROH2A1","KNN_IMPUTATION",0.0519558087371914,7.87318420127538,0.300234904415106,0.764118230339377,0.891574892031462,-6.07526449666954,FALSE
"P02042","HBD","HBD","KNN_IMPUTATION",-0.0489858830903795,13.2833962962613,-0.299196669981254,0.764909790780106,0.89177287803144,-6.07556139777632,FALSE
"P51659","HSD17B4","HSD17B4","KNN_IMPUTATION",0.0359066075806593,6.91927918482706,0.297159580876444,0.76646360329442,0.892858494820632,-6.0761409510722,FALSE
"P07737","PFN1","PFN1","KNN_IMPUTATION",0.0364066319437022,11.2049345835876,0.293437066729461,0.76930542326874,0.895441539746244,-6.07718978422999,FALSE
"P07358","C8B","C8B","KNN_IMPUTATION",-0.0227024444781101,12.6829791610266,-0.292214086884949,0.770239744157861,0.895801940894057,-6.0775314792543,FALSE
"Q9NP55","BPIFA1","BPIFA1","KNN_IMPUTATION",-0.0358336361485163,7.91849682700186,-0.290149386570617,0.771817873406573,0.896909911235839,-6.07810510989918,FALSE
"Q13228","SELENBP1","SELENBP1","KNN_IMPUTATION",0.0432586398124695,7.93094877707048,0.287035777704686,0.774199513049296,0.898633013633219,-6.07896246694749,FALSE
"P48643","CCT5","CCT5","KNN_IMPUTATION",-0.0371088457290716,6.93637804020457,-0.286572610671454,0.774553978278004,0.898633013633219,-6.07908921361395,FALSE
"P61006","RAB8A","RAB8A","KNN_IMPUTATION",-0.0306659947150987,7.79963701122548,-0.285425561397909,0.775432026512218,0.898731094105299,-6.07940222528488,FALSE
"Q96IZ5","RBM41","RBM41","KNN_IMPUTATION",0.0300118445717441,9.77971242961893,0.284824850017134,0.775891976640419,0.898731094105299,-6.07956564924153,FALSE
"P78371","CCT2","CCT2","KNN_IMPUTATION",-0.0362299300747502,7.27936976029093,-0.280806757767868,0.778970552362625,0.90156882331558,-6.08064992306536,FALSE
"P25788","PSMA3","PSMA3","KNN_IMPUTATION",-0.032456828352279,7.58614065399306,-0.277658973222298,0.781384751572493,0.902087284985148,-6.08148858840398,FALSE
"O14791","APOL1","APOL1","KNN_IMPUTATION",-0.0206619200324454,15.286307556677,-0.276908975403913,0.781960276575039,0.902087284985148,-6.08168701637213,FALSE
"P10644","PRKAR1A","PRKAR1A","KNN_IMPUTATION",0.0357118324224492,7.41366991856846,0.276814735582541,0.782032601758391,0.902087284985148,-6.0817119115882,FALSE
"Q8IYI6","EXOC8","EXOC8","KNN_IMPUTATION",-0.0286029229960594,8.72329682709359,-0.276478333930535,0.782290791589373,0.902087284985148,-6.08180070930099,FALSE
"Q99459","CDC5L","CDC5L","KNN_IMPUTATION",0.0456236184223577,11.1253882038172,0.276122574110311,0.782563865077771,0.902087284985148,-6.0818944994203,FALSE
"P01714","IGLV3-19","IGLV3-19","KNN_IMPUTATION",-0.0449041318592815,9.74588198111436,-0.273287564230127,0.784740914619938,0.903870258285133,-6.08263758804297,FALSE
"P50552","VASP","VASP","KNN_IMPUTATION",0.0408613075129178,7.20737986874979,0.269463245640998,0.787680345310522,0.906050273163321,-6.08362783952976,FALSE
"Q8NBS9","TXNDC5","TXNDC5","KNN_IMPUTATION",-0.0300843458612103,7.88361419744106,-0.269181169926224,0.787897273803809,0.906050273163321,-6.08370032647436,FALSE
"A0A0J9YXX1","IGHV5-10-1","IGHV5-10-1","KNN_IMPUTATION",0.0524536583146329,9.92980481751948,0.268023673713218,0.788787611348959,0.906186181501112,-6.08399698154272,FALSE
"A0A0A0MRZ8;P04433","IGKV3D-11","IGKV3D-11","KNN_IMPUTATION",0.0403497481804962,12.0578974892034,0.267384578821005,0.789279317081512,0.906186181501112,-6.08416022775148,FALSE
"P06744","GPI","GPI","KNN_IMPUTATION",-0.0420149443938476,7.22288896083164,-0.264295817754743,0.791656926007136,0.907055121148948,-6.08494370885926,FALSE
"P14649","MYL6B","MYL6B","KNN_IMPUTATION",0.0476229549817919,10.3156944374949,0.264193544212456,0.7917356856159,0.907055121148948,-6.08496949544588,FALSE
"P22234","PAICS","PAICS","KNN_IMPUTATION",-0.0314562223820696,7.0069953607811,-0.263936346465528,0.791933759887366,0.907055121148948,-6.08503429951861,FALSE
"P06681","C2","C2","KNN_IMPUTATION",0.0450924300475108,10.8469637887999,0.260247453586069,0.794776142610007,0.907488052760625,-6.08595681771096,FALSE
"P54578","USP14","USP14","KNN_IMPUTATION",0.0370387168358022,8.07463405775029,0.259664097012983,0.795225884580854,0.907488052760625,-6.0861015148161,FALSE
"P0DOY2;P0DOY3","IGLC2","IGLC2","KNN_IMPUTATION",-0.0403329281627904,16.74225802611,-0.259635202190365,0.795248162979145,0.907488052760625,-6.08610867351656,FALSE
"P01880","IGHD","IGHD","KNN_IMPUTATION",0.0579043924196334,9.74903724773355,0.259226872203134,0.79556301021812,0.907488052760625,-6.08620975223401,FALSE
"Q15691","MAPRE1","MAPRE1","KNN_IMPUTATION",-0.0412720461114437,7.32791915015923,-0.258947960469074,0.795778087312568,0.907488052760625,-6.08627870310836,FALSE
"P02790","HPX","HPX","KNN_IMPUTATION",0.0439130187915655,15.0135403054659,0.257511555455536,0.79688598784517,0.907488052760625,-6.08663262730973,FALSE
"P53004","BLVRA","BLVRA","KNN_IMPUTATION",0.0329618076614056,6.97272773408174,0.256887015262434,0.797367824486005,0.907488052760625,-6.0867858974931,FALSE
"O95445","APOM","APOM","KNN_IMPUTATION",-0.0162735884753804,13.7308689348061,-0.256878441593555,0.797374439664147,0.907488052760625,-6.0867879989925,FALSE
"Q14019","COTL1","COTL1","KNN_IMPUTATION",0.0414689558270354,7.82311683684688,0.25454062133144,0.799178772631614,0.908131264510368,-6.08735840780948,FALSE
"P08185","SERPINA6","SERPINA6","KNN_IMPUTATION",-0.035483560633601,10.3594173246589,-0.254505126897328,0.799206175601175,0.908131264510368,-6.08736702797892,FALSE
"P01031","C5","C5","KNN_IMPUTATION",-0.0289807502744015,11.1023038508442,-0.251903646758166,0.801215284137791,0.909582706340842,-6.08799555080236,FALSE
"P00918","CA2","CA2","KNN_IMPUTATION",-0.0390312899148402,10.490286440996,-0.250914538762707,0.801979513588821,0.909582706340842,-6.08823282734259,FALSE
"Q13822","ENPP2","ENPP2","KNN_IMPUTATION",-0.0294060801298528,7.27597911866729,-0.250388000856652,0.802386418076126,0.909582706340842,-6.08835875757147,FALSE
"P05198","EIF2S1","EIF2S1","KNN_IMPUTATION",0.029691784055764,6.73445794081817,0.247946888700127,0.804273591495542,0.910643817447489,-6.0889391344769,FALSE
"Q9UI15","TAGLN3","TAGLN3","KNN_IMPUTATION",-0.0359840165717475,8.23989596010465,-0.247534453441338,0.804592550004162,0.910643817447489,-6.08903663003038,FALSE
"Q9Y6E0","STK24","STK24","KNN_IMPUTATION",0.0300612458221634,7.11193838597757,0.245207784823054,0.806392498429211,0.911961232450701,-6.08958359137425,FALSE
"P31948","STIP1","STIP1","KNN_IMPUTATION",0.0355212464104628,8.35309355262362,0.244345808005573,0.807059599348269,0.911996426686696,-6.08978491689226,FALSE
"P01717","IGLV3-25","IGLV3-25","KNN_IMPUTATION",0.0424609627506314,11.3416003913519,0.242480837431662,0.808503418149703,0.912725307202656,-6.09021807844767,FALSE
"O75144","ICOSLG","ICOSLG","KNN_IMPUTATION",-0.0250240120611664,8.08384556090283,-0.241868536312752,0.808977590972508,0.912725307202656,-6.09035956915042,FALSE
"P43652","AFM","AFM","KNN_IMPUTATION",0.0398255005937234,12.1597625545238,0.239670242291251,0.810680552941827,0.913927604495739,-6.09086460446587,FALSE
"A0A0C4DH34","IGHV4-28","IGHV4-28","KNN_IMPUTATION",0.0361957171878906,9.2179028778463,0.237173071628321,0.812616137317205,0.91539005570532,-6.09143271077181,FALSE
"Q04760","GLO1","GLO1","KNN_IMPUTATION",0.0308171942055431,8.0148811926868,0.234291437195477,0.814851150765646,0.917187245053325,-6.09208088938292,FALSE
"Q9Y251","HPSE","HPSE","KNN_IMPUTATION",0.0327565426003815,6.68579211577538,0.232037121450719,0.81660066709917,0.918435573819773,-6.0925824398272,FALSE
"O14773","TPP1","TPP1","KNN_IMPUTATION",0.0263845766216093,7.91363997343783,0.23084554806445,0.817525787494582,0.918624716938193,-6.09284558795246,FALSE
"P36915","GNL1","GNL1","KNN_IMPUTATION",-0.0318590048643692,6.65030728150622,-0.230170440760752,0.818050044302701,0.918624716938193,-6.0929940781337,FALSE
"P06396","GSN","GSN","KNN_IMPUTATION",0.0231992374994867,15.190367794031,0.225095976211675,0.821993233164385,0.922073941973493,-6.09409629215213,FALSE
"O75347","TBCA","TBCA","KNN_IMPUTATION",-0.0298876844769946,7.3933898871663,-0.224563003644489,0.822407651174406,0.922073941973493,-6.09421063245453,FALSE
"A0A0B4J1U7","IGHV6-1","IGHV6-1","KNN_IMPUTATION",0.0380239629122094,11.1024875954883,0.222678088934474,0.82387368285207,0.92299598532021,-6.0946128352528,FALSE
"P06310","IGKV2-30","IGKV2-30","KNN_IMPUTATION",-0.0289609452137984,11.3662125349078,-0.219799203122514,0.826113984619045,0.924783336411952,-6.09522058955142,FALSE
"Q86VP6","CAND1","CAND1","KNN_IMPUTATION",-0.0256104380445068,7.89533963043312,-0.218910130684004,0.826806134161375,0.924836190629807,-6.0954066814056,FALSE
"Q01813","PFKP","PFKP","KNN_IMPUTATION",0.0287007606130425,6.77598318309875,0.214731811649475,0.83006078584025,0.927753052918877,-6.09627114594924,FALSE
"P59998","ARPC4","ARPC4","KNN_IMPUTATION",0.0280599299998041,9.13415659384497,0.213007042927587,0.831405130362162,0.928531897927835,-6.09662313162855,FALSE
"Q9H2K2","TNKS2","TNKS2","KNN_IMPUTATION",-0.0212893281257731,8.81147421871916,-0.211262297252451,0.832765549125545,0.929327468829597,-6.09697630654535,FALSE
"P28070","PSMB4","PSMB4","KNN_IMPUTATION",-0.0246033124684564,6.96688770851065,-0.210009144425718,0.833742971797053,0.929694729048969,-6.09722818016612,FALSE
"Q04917","YWHAH","YWHAH","KNN_IMPUTATION",-0.0294877679001386,7.41471975990207,-0.207595834716154,0.835626007848248,0.931070470283129,-6.09770901511893,FALSE
"P00751","CFB","CFB","KNN_IMPUTATION",-0.0258841943386905,14.527263135654,-0.206618386340497,0.836388952242359,0.931197016704614,-6.0979021838182,FALSE
"O00487","PSMD14","PSMD14","KNN_IMPUTATION",0.0290565431073251,7.91296500246336,0.20066777189502,0.84103699173315,0.935645497397468,-6.09905851070388,FALSE
"P61088","UBE2N","UBE2N","KNN_IMPUTATION",-0.0225229781698406,8.37552178760033,-0.198179663715537,0.8429821177607,0.936571214367952,-6.09953198534227,FALSE
"P12814","ACTN1","ACTN1","KNN_IMPUTATION",0.031478483222088,9.12387050747892,0.197932570650832,0.843175340131818,0.936571214367952,-6.0995786835216,FALSE
"O75636","FCN3","FCN3","KNN_IMPUTATION",0.0297386793252041,11.3094926594842,0.194255231195329,0.846052066754147,0.939039213409788,-6.10026678044223,FALSE
"P60900","PSMA6","PSMA6","KNN_IMPUTATION",-0.0229270061656086,7.53153776761629,-0.193074670594048,0.84697603984495,0.939337696162148,-6.10048494889662,FALSE
"Q6IBS0","TWF2","TWF2","KNN_IMPUTATION",-0.0293717172662644,7.20609005623874,-0.189271536319123,0.849954015136549,0.941023082058654,-6.1011787291375,FALSE
"P0DMV8;P0DMV9","HSPA1A","HSPA1A","KNN_IMPUTATION",0.0197296697742502,9.49332050639304,0.189148323298791,0.850050531009832,0.941023082058654,-6.1012009752773,FALSE
"P27348","YWHAQ","YWHAQ","KNN_IMPUTATION",-0.0246782866919606,7.0378568041981,-0.188620038444655,0.850464375417026,0.941023082058654,-6.10129619304373,FALSE
"Q9Y6B6","SAR1B","SAR1B","KNN_IMPUTATION",-0.0199711843333752,8.36592425944154,-0.187745437770416,0.851149605261942,0.941055153389071,-6.10145324525881,FALSE
"P68366","TUBA4A","TUBA4A","KNN_IMPUTATION",0.0309006466602657,10.3471946947191,0.185920428768597,0.852579820998858,0.941910218268384,-6.10177861215266,FALSE
"Q9UL46","PSME2","PSME2","KNN_IMPUTATION",-0.0188234062951,7.68394736971087,-0.182818379450744,0.855011935812574,0.943869989188015,-6.10232436155477,FALSE
"Q00610","CLTC","CLTC","KNN_IMPUTATION",-0.0273810498577642,9.12320043005344,-0.181202012017304,0.856279773430215,0.944434619114707,-6.1026050937917,FALSE
"Q15365","PCBP1","PCBP1","KNN_IMPUTATION",-0.0219613170903408,7.80371091583362,-0.179899242044796,0.857301904106167,0.944434619114707,-6.10282954589679,FALSE
"O00264","PGRMC1","PGRMC1","KNN_IMPUTATION",0.0188910426642561,8.1024015688327,0.178472295929839,0.85842173660128,0.944434619114707,-6.10307353389312,FALSE
"P06756","ITGAV","ITGAV","KNN_IMPUTATION",-0.0147841284456147,6.746892714828,-0.178100782442635,0.858713338295175,0.944434619114707,-6.10313673879978,FALSE
"P13224","GP1BB","GP1BB","KNN_IMPUTATION",-0.0203438878116042,10.6262846486971,-0.177742118027247,0.858994873066525,0.944434619114707,-6.10319763278101,FALSE
"P62993","GRB2","GRB2","KNN_IMPUTATION",-0.0214655562491739,6.70881216979578,-0.177130482866411,0.859475019487234,0.944434619114707,-6.10330119297065,FALSE
"P30048","PRDX3","PRDX3","KNN_IMPUTATION",-0.0242491000516427,6.9608860403038,-0.173021563399438,0.862701949907285,0.947254667815503,-6.10398764935401,FALSE
"P0DP02","IGHV3-30-3","IGHV3-30-3","KNN_IMPUTATION",0.0219046215667511,12.1586038216111,0.170769926772283,0.864471246114488,0.948471130013906,-6.10435698654942,FALSE
"P05156","CFI","CFI","KNN_IMPUTATION",-0.0277779175051798,11.9175031779048,-0.163397476228791,0.870269111280153,0.9539640481671,-6.10553244420995,FALSE
"Q15435","PPP1R7","PPP1R7","KNN_IMPUTATION",-0.0189897344202032,6.53951365645751,-0.162712457255656,0.870808186227848,0.9539640481671,-6.10563902988631,FALSE
"Q96JM4","LRRIQ1","LRRIQ1","KNN_IMPUTATION",0.0172855936656084,8.95979334308757,0.160275767941739,0.872726222512329,0.955335422200518,-6.1060145381586,FALSE
"Q5VU65","NUP210L","NUP210L","KNN_IMPUTATION",0.0293593985493992,11.0360071276561,0.156066865738381,0.8760410151814,0.956651909836681,-6.10664981079564,FALSE
"P02775","PPBP","PPBP","KNN_IMPUTATION",0.0237844761063517,15.281641962055,0.154179627563065,0.877528053813134,0.956651909836681,-6.10692917324095,FALSE
"O75223","GGCT","GGCT","KNN_IMPUTATION",-0.0154912981670545,7.42363511039169,-0.153539768894807,0.878032325504767,0.956651909836681,-6.10702311824764,FALSE
"P18669","PGAM1","PGAM1","KNN_IMPUTATION",0.0190204957150151,7.61289527839656,0.153407099801754,0.87813688804481,0.956651909836681,-6.10704254802583,FALSE
"O95236","APOL3","APOL3","KNN_IMPUTATION",0.0241155343169925,8.95357541427508,0.153068617241668,0.878403671184287,0.956651909836681,-6.10709204370716,FALSE
"P30044","PRDX5","PRDX5","KNN_IMPUTATION",0.0213171374797207,7.42243680649628,0.151803206631676,0.879401157295716,0.956651909836681,-6.10727611408961,FALSE
"A0A075B6H9","IGLV4-69","IGLV4-69","KNN_IMPUTATION",-0.0281373129414053,10.6934849357448,-0.151438741321435,0.879688490302896,0.956651909836681,-6.1073288468915,FALSE
"Q96P67","GPR82","GPR82","KNN_IMPUTATION",0.0232456260546279,9.88327648052954,0.150689386493941,0.880279307998699,0.956651909836681,-6.10743686938267,FALSE
"P30040","ERP29","ERP29","KNN_IMPUTATION",0.0207303442669824,6.98083370300184,0.150263587900063,0.880615052385803,0.956651909836681,-6.10749801122737,FALSE
"P60842","EIF4A1","EIF4A1","KNN_IMPUTATION",-0.0187332331030738,7.5561076972438,-0.149084194759007,0.881545122144624,0.956651909836681,-6.10766646103879,FALSE
"P18206","VCL","VCL","KNN_IMPUTATION",0.0237192263112131,9.12417010865966,0.148643748503729,0.881892500274069,0.956651909836681,-6.10772902851213,FALSE
"P02144","MB","MB","KNN_IMPUTATION",-0.0184703775711004,7.62144644642448,-0.146988383463445,0.883198283005793,0.956651909836681,-6.10796252576984,FALSE
"Q96C19","EFHD2","EFHD2","KNN_IMPUTATION",-0.0165578148535364,6.84268559497535,-0.146101631259987,0.883897900807819,0.956651909836681,-6.10808653099859,FALSE
"P55056","APOC4","APOC4","KNN_IMPUTATION",0.0118522931528044,12.4475615596113,0.146079108033325,0.883915672064559,0.956651909836681,-6.10808967092163,FALSE
"O00299","CLIC1","CLIC1","KNN_IMPUTATION",-0.0161536094630979,10.2654260656412,-0.14568597688806,0.884225869486407,0.956651909836681,-6.10814439867734,FALSE
"P40121","CAPG","CAPG","KNN_IMPUTATION",-0.0160843930950989,6.49095815343088,-0.145208286147622,0.884602812024713,0.956651909836681,-6.10821069950648,FALSE
"Q14203","DCTN1","DCTN1","KNN_IMPUTATION",0.0172823403418789,9.89238388473168,0.140639065787722,0.888209664492676,0.959828680393743,-6.10883388005588,FALSE
"P80748","IGLV3-21","IGLV3-21","KNN_IMPUTATION",-0.0261282302304924,10.6038156051454,-0.139213120936631,0.889335756299496,0.960321893474004,-6.10902428130569,FALSE
"P02763","ORM1","ORM1","KNN_IMPUTATION",-0.0310732097216331,12.0592377645924,-0.137158488115006,0.890958726510686,0.960743104990976,-6.10929521712988,FALSE
"Q15907","RAB11B","RAB11B","KNN_IMPUTATION",-0.0171307235971803,8.94794383225004,-0.136532789692789,0.891453061833631,0.960743104990976,-6.1093769252325,FALSE
"Q9H299","SH3BGRL3","SH3BGRL3","KNN_IMPUTATION",-0.018542390477478,8.90844003823327,-0.136174998561226,0.891735755050899,0.960743104990976,-6.10942348023342,FALSE
"P26583","HMGB2","HMGB2","KNN_IMPUTATION",-0.019379385235645,7.69824008297323,-0.133704642616201,0.893687974817839,0.962123540457043,-6.10974158429856,FALSE
"P08567","PLEK","PLEK","KNN_IMPUTATION",0.0210686823955619,9.20074591380844,0.13247230455391,0.894662082731052,0.962449682397846,-6.10989809365288,FALSE
"P78324;Q5TFQ8","SIRPA","SIRPA","KNN_IMPUTATION",-0.0262014771747818,10.549162237548,-0.13098034671947,0.895841621507799,0.962996165848713,-6.11008563603863,FALSE
"P00492","HPRT1","HPRT1","KNN_IMPUTATION",-0.0163873602443374,6.70166599293491,-0.129773479521444,0.896795937315854,0.963299905701074,-6.11023578792663,FALSE
"P00558","PGK1","PGK1","KNN_IMPUTATION",0.0155752744541768,9.7820827112913,0.127817999921341,0.898342526742113,0.963797269695626,-6.11047612776555,FALSE
"P48059","LIMS1","LIMS1","KNN_IMPUTATION",0.016417663520107,8.72192523252173,0.127488492380239,0.898603172652058,0.963797269695626,-6.110516266942,FALSE
"Q13201","MMRN1","MMRN1","KNN_IMPUTATION",0.0182162742878536,13.5818124872409,0.124828765656376,0.90070745969032,0.965137252156901,-6.1108364700513,FALSE
"P40926","MDH2","MDH2","KNN_IMPUTATION",-0.0164201539677356,7.37695675736044,-0.124208124182658,0.901198591797832,0.965137252156901,-6.11091021739982,FALSE
"P06576","ATP5F1B","ATP5F1B","KNN_IMPUTATION",0.0203476207843671,7.24306874620809,0.122812670270483,0.90230299434157,0.965598876034187,-6.11107468909321,FALSE
"Q13885","TUBB2A","TUBB2A","KNN_IMPUTATION",-0.0140790316629307,9.83702663174511,-0.120972556485892,0.903759603132763,0.966190875164654,-6.11128872890619,FALSE
"P01861","IGHG4","IGHG4","KNN_IMPUTATION",-0.0209270250650295,13.8759859550291,-0.120261624181602,0.904322454655294,0.966190875164654,-6.11137055839986,FALSE
"P80511","S100A12","S100A12","KNN_IMPUTATION",-0.0172845018536139,7.85893317640943,-0.119560602307182,0.904877507214874,0.966190875164654,-6.11145077493904,FALSE
"P20073","ANXA7","ANXA7","KNN_IMPUTATION",-0.0137748259671984,6.9474679637587,-0.116674413770345,0.907163211170971,0.96742955508486,-6.11177609606169,FALSE
"P20810","CAST","CAST","KNN_IMPUTATION",0.0164622124261733,7.4956488146925,0.116392067101261,0.90738685605937,0.96742955508486,-6.11180749435985,FALSE
"Q9NUQ9","CYRIB","CYRIB","KNN_IMPUTATION",-0.0113624138252195,7.26356821188968,-0.115296285565447,0.908254886793351,0.967611714220742,-6.1119286300006,FALSE
"P52907","CAPZA1","CAPZA1","KNN_IMPUTATION",-0.013023595065766,8.99429243425475,-0.114219516096196,0.909107964035292,0.967611714220742,-6.11204654778352,FALSE
"Q86UX7","FERMT3","FERMT3","KNN_IMPUTATION",0.0167757251077933,10.1858235340547,0.113621234344611,0.909582001931353,0.967611714220742,-6.11211158789962,FALSE
"P63313","TMSB10","TMSB10","KNN_IMPUTATION",0.0131668621353942,8.90307111926076,0.110193968526983,0.912298152124017,0.969781727313447,-6.11247758860082,FALSE
"P06276","BCHE","BCHE","KNN_IMPUTATION",0.0165675700186192,8.43595329339061,0.107721415734784,0.914258320658065,0.971145505054567,-6.1127346746925,FALSE
"O43488","AKR7A2","AKR7A2","KNN_IMPUTATION",0.0133291643315356,6.84699180992858,0.106126093599718,0.915523324439784,0.971769391004182,-6.11289745358549,FALSE
"P50225","SULT1A1","SULT1A1","KNN_IMPUTATION",-0.0148387559477721,7.22040974796644,-0.105055844005662,0.916372094693769,0.97195087558496,-6.11300529550121,FALSE
"Q02817","MUC2","MUC2","KNN_IMPUTATION",-0.0140057563227254,7.80055114446642,-0.103682393652026,0.917461460763808,0.972082792547357,-6.11314208758156,FALSE
"P06702","S100A9","S100A9","KNN_IMPUTATION",0.0161941887179644,11.6268807621307,0.101453567752514,0.919229606504671,0.972082792547357,-6.11336024211854,FALSE
"P01619","IGKV3-20","IGKV3-20","KNN_IMPUTATION",0.015153042906757,11.5001280025789,0.10131990697829,0.919335653505288,0.972082792547357,-6.11337317399749,FALSE
"P08237","PFKM","PFKM","KNN_IMPUTATION",-0.0131544786301463,6.77335404958031,-0.100654964026833,0.919863243288898,0.972082792547357,-6.11343725485459,FALSE
"P53396","ACLY","ACLY","KNN_IMPUTATION",-0.0162924877430308,7.33233791406433,-0.100432971091004,0.920039388400961,0.972082792547357,-6.1134585544735,FALSE
"P13797","PLS3","PLS3","KNN_IMPUTATION",-0.0102201530917894,6.29172748578563,-0.0997101414053023,0.92061296051968,0.972082792547357,-6.11352758216936,FALSE
"Q99439","CNN2","CNN2","KNN_IMPUTATION",0.0156430997382353,7.39759148990951,0.0981471415149654,0.921853356777459,0.972082792547357,-6.1136751385298,FALSE
"Q14247","CTTN","CTTN","KNN_IMPUTATION",-0.0150492872130368,8.02541752939991,-0.0972890768506204,0.922534397903071,0.972082792547357,-6.11375515367978,FALSE
"P09429","HMGB1","HMGB1","KNN_IMPUTATION",0.0136548758775064,7.84738640074775,0.0956665867168286,0.923822314536445,0.972082792547357,-6.11390453179001,FALSE
"Q15942","ZYX","ZYX","KNN_IMPUTATION",0.0172132756157115,9.17774719053498,0.0956387654888627,0.923844400508657,0.972082792547357,-6.11390707130588,FALSE
"Q99460","PSMD1","PSMD1","KNN_IMPUTATION",-0.0135231641968518,7.2310951767162,-0.0948192259311622,0.924495020989615,0.972082792547357,-6.11398154736657,FALSE
"Q15084","PDIA6","PDIA6","KNN_IMPUTATION",-0.0122523469574487,7.71120297753879,-0.0939130144454898,0.925214508006353,0.972082792547357,-6.11406315360828,FALSE
"P40197","GP5","GP5","KNN_IMPUTATION",-0.0116377462717843,8.7162800292999,-0.0937940879362188,0.925308934328551,0.972082792547357,-6.11407380502027,FALSE
"P01624","IGKV3-15","IGKV3-15","KNN_IMPUTATION",-0.0113759608969239,12.7404701048851,-0.0898344319379974,0.9284534513843,0.974663872897944,-6.11442073811022,FALSE
"A0A075B6K5","IGLV3-9","IGLV3-9","KNN_IMPUTATION",0.0157167928038753,10.4280864652592,0.0889887537762274,0.929125184275795,0.974663872897944,-6.11449289494288,FALSE
"P52566","ARHGDIB","ARHGDIB","KNN_IMPUTATION",-0.010956578971733,8.88912110806926,-0.08691368115482,0.930773654421172,0.975679400906404,-6.11466705714049,FALSE
"Q9UQ16","DNM3","DNM3","KNN_IMPUTATION",-0.0109093864588603,7.09503794994639,-0.0852464842672748,0.932098317861876,0.97584330214686,-6.11480400920775,FALSE
"P22392","NME2","NME2","KNN_IMPUTATION",-0.0107322633841775,7.39600238339806,-0.0848848780992995,0.932385655361392,0.97584330214686,-6.11483336334993,FALSE
"Q16543","CDC37","CDC37","KNN_IMPUTATION",-0.0105261159909826,6.4884583845227,-0.0841476116799619,0.932971525274299,0.97584330214686,-6.11489282595152,FALSE
"O75165","DNAJC13","DNAJC13","KNN_IMPUTATION",0.0122415567154501,7.60240514898364,0.0804649973757043,0.935898459425671,0.978191246950737,-6.11518207298878,FALSE
"P50991","CCT4","CCT4","KNN_IMPUTATION",-0.0125053322815774,8.01994379953262,-0.0793516591923386,0.936783511188204,0.978403171918343,-6.11526697130431,FALSE
"A0A075B6I0","IGLV8-61","IGLV8-61","KNN_IMPUTATION",-0.0158513248036378,12.0901805007364,-0.0772553707161481,0.938450174198011,0.979074013420402,-6.11542361483046,FALSE
"P21980","TGM2","TGM2","KNN_IMPUTATION",0.0119956015604572,7.87578008619289,0.0759903615255134,0.939456056412786,0.979074013420402,-6.11551611285316,FALSE
"P08133","ANXA6","ANXA6","KNN_IMPUTATION",-0.00755206868818448,9.34076333893893,-0.075967685668311,0.939474088191404,0.979074013420402,-6.11551775698972,FALSE
"Q9HBI1","PARVB","PARVB","KNN_IMPUTATION",-0.0117925574458475,9.28328842151868,-0.0748854962542741,0.940334678222304,0.97925920738619,-6.11559565175901,FALSE
"P47756","CAPZB","CAPZB","KNN_IMPUTATION",-0.0105157314526867,9.00003910924042,-0.0725910068950818,0.942159556052226,0.98044760767699,-6.11575710978514,FALSE
"Q9UBQ6","EXTL2","EXTL2","KNN_IMPUTATION",-0.00904139184895225,6.97543897359906,-0.0711653394379051,0.943293587166779,0.980915883971835,-6.11585490019353,FALSE
"A2NJV5","IGKV2-29","IGKV2-29","KNN_IMPUTATION",0.00917861996403424,11.2133011808804,0.0695204207177998,0.944602162321774,0.981383767251983,-6.11596531969272,FALSE
"Q13418","ILK","ILK","KNN_IMPUTATION",-0.0095785220461817,9.40625799848527,-0.0688792622147728,0.945112261209894,0.981383767251983,-6.11600765978793,FALSE
"P31146","CORO1A","CORO1A","KNN_IMPUTATION",0.00863992105778166,9.37174291186412,0.067411731789694,0.946279897429936,0.981885219185621,-6.1161030943596,FALSE
"Q99536","VAT1","VAT1","KNN_IMPUTATION",-0.00489217194956382,7.89995573864207,-0.0640532471776057,0.948952497196812,0.983946407071748,-6.1163137655629,FALSE
"P02787","TF","TF","KNN_IMPUTATION",-0.0113618631009658,13.0689381564924,-0.0616499022544167,0.950865375588936,0.984808587728214,-6.11645791545643,FALSE
"P48506","GCLC","GCLC","KNN_IMPUTATION",0.00808570332912861,7.07163917349706,0.0612828740322604,0.951157527199147,0.984808587728214,-6.11647944423368,FALSE
"Q9UJU6","DBNL","DBNL","KNN_IMPUTATION",0.00874500954786317,6.78481800383716,0.0601903980482554,0.952027168397177,0.984997806263746,-6.11654276481917,FALSE
"Q99497","PARK7","PARK7","KNN_IMPUTATION",-0.0078709113586708,8.67894361678394,-0.0591051370651159,0.952891122986529,0.985180872647932,-6.11660453953944,FALSE
"P14618","PKM","PKM","KNN_IMPUTATION",0.00708283541630905,9.90762554767167,0.0574208467741688,0.954232062428998,0.985856467956184,-6.11669818619552,FALSE
"Q13093","PLA2G7","PLA2G7","KNN_IMPUTATION",0.00623188764804894,7.45711216231285,0.0548142097865184,0.956307578460485,0.987289465451646,-6.11683777861931,FALSE
"A0A0J9YX35","IGHV3-64D","IGHV3-64D","KNN_IMPUTATION",0.00913622015179705,10.3163843921614,0.0536875190033124,0.957204790727943,0.987504798491993,-6.11689610893763,FALSE
"P31946","YWHAB","YWHAB","KNN_IMPUTATION",-0.00600887483545165,10.2183421075278,-0.0512053292166776,0.959181611266911,0.988832804138569,-6.11702034108069,FALSE
"P24666","ACP1","ACP1","KNN_IMPUTATION",-0.00651854828810094,7.96529074144078,-0.0503032564580103,0.959900086692197,0.98886258930791,-6.11706403264697,FALSE
"P01704","IGLV2-14","IGLV2-14","KNN_IMPUTATION",-0.00885964936319539,9.99595144072017,-0.0489280128309809,0.960995491988968,0.989280355715851,-6.11712914772367,FALSE
"Q99832","CCT7","CCT7","KNN_IMPUTATION",0.0061453961244009,7.07142054979493,0.0463123490714905,0.963079115432417,0.990635749278159,-6.11724801340661,FALSE
"P32119","PRDX2","PRDX2","KNN_IMPUTATION",-0.0072808518861347,12.1770416152324,-0.0454770130706658,0.963744593483574,0.990635749278159,-6.1172845987581,FALSE
"P06454","PTMA","PTMA","KNN_IMPUTATION",0.00370343056547462,10.8402365057597,0.0441082944704927,0.964835050192057,0.990635749278159,-6.11734310533997,FALSE
"P50395","GDI2","GDI2","KNN_IMPUTATION",0.00473647120884735,8.84589954259532,0.043344447391854,0.965443635186465,0.990635749278159,-6.11737497912967,FALSE
"Q13642","FHL1","FHL1","KNN_IMPUTATION",-0.0061290525069122,8.9064339028613,-0.042939559343558,0.965766232559878,0.990635749278159,-6.11739164849853,FALSE
"O15145","ARPC3","ARPC3","KNN_IMPUTATION",0.00546142341858413,8.14573434907919,0.0408643844066566,0.96741972971559,0.991622510659154,-6.11747462844639,FALSE
"P05109","S100A8","S100A8","KNN_IMPUTATION",0.00638884952243224,11.374811309215,0.0381205371342874,0.969606238786553,0.99257472692122,-6.11757803743334,FALSE
"P78423","CX3CL1","CX3CL1","KNN_IMPUTATION",-0.00425642366368351,10.389700041817,-0.0379614120584495,0.969733049105041,0.99257472692122,-6.11758381406291,FALSE
"P02749","APOH","APOH","KNN_IMPUTATION",0.00515989263516659,13.8718077363673,0.0357178425537879,0.971521079836646,0.993695598064016,-6.11766268901128,FALSE
"Q92614","MYO18A","MYO18A","KNN_IMPUTATION",-0.00432491071452645,7.53780408338698,-0.0343743922029459,0.972591822680046,0.993851961049275,-6.11770762000033,FALSE
"A0A075B6P5;P01615","IGKV2-28","IGKV2-28","KNN_IMPUTATION",0.00518848568496644,9.75177590510957,0.0337868953301584,0.973060079018955,0.993851961049275,-6.1177267272357,FALSE
"P05546","SERPIND1","SERPIND1","KNN_IMPUTATION",-0.00260534506102772,16.0905144451672,-0.0322238398352638,0.974305935913288,0.994416165195484,-6.11777595878911,FALSE
"P18124","RPL7","RPL7","KNN_IMPUTATION",0.00351912730147763,6.17821901978542,0.0302295557156743,0.975895600947898,0.995330221734911,-6.11783538769825,FALSE
"O95810","CAVIN2","CAVIN2","KNN_IMPUTATION",-0.00448830746358375,8.6664292373013,-0.024352995058094,0.980580404283709,0.995645996519401,-6.11798843719911,FALSE
"P30626","SRI","SRI","KNN_IMPUTATION",-0.00323354956200639,7.5684987131862,-0.0240267719750162,0.980840491010921,0.995645996519401,-6.11799596786661,FALSE
"P04908;P0C0S8;P20671;Q16777;Q6FI13;Q7L7L0;Q93077;Q96KK5;Q99878;Q9BTM1","H2AC8","H2AC8","KNN_IMPUTATION",-0.00304354413776942,12.3520710485,-0.0237034967363537,0.981098229535609,0.995645996519401,-6.11800333029959,FALSE
"P01817","IGHV2-5","IGHV2-5","KNN_IMPUTATION",-0.00399921850716289,8.69512874478178,-0.0228380065812881,0.981788270880914,0.995645996519401,-6.11802255048583,FALSE
"Q16643","DBN1","DBN1","KNN_IMPUTATION",0.00301503459099095,6.66206473465964,0.0226987730167627,0.981899280846463,0.995645996519401,-6.11802557573623,FALSE
"P07738","BPGM","BPGM","KNN_IMPUTATION",0.00438117063344556,8.28197820105442,0.0222187777316676,0.982281980474701,0.995645996519401,-6.11803586319536,FALSE
"Q13404","UBE2V1","UBE2V1","KNN_IMPUTATION",-0.00275033853292239,7.13571353522314,-0.0213269259846558,0.982993063525306,0.995645996519401,-6.1180543939494,FALSE
"Q9NZD4","AHSP","AHSP","KNN_IMPUTATION",0.00270533081882007,7.78486982220978,0.0196191724382614,0.984354711247178,0.995645996519401,-6.11808775908401,FALSE
"Q5SYB0","FRMPD1","FRMPD1","KNN_IMPUTATION",0.00248748431219781,11.0836090829435,0.01948280943401,0.984463439950888,0.995645996519401,-6.11809030327979,FALSE
"P63010","AP2B1","AP2B1","KNN_IMPUTATION",0.0022537858332532,6.5509390026038,0.0192083966353577,0.984682243191418,0.995645996519401,-6.1180953693573,FALSE
"P01706","IGLV2-11","IGLV2-11","KNN_IMPUTATION",0.00340647985769671,11.370148487994,0.0187257248587611,0.985067104670051,0.995645996519401,-6.11810410585061,FALSE
"P61981","YWHAG","YWHAG","KNN_IMPUTATION",-0.00242853083992767,7.50664124170688,-0.01833915299685,0.985375342774772,0.995645996519401,-6.11811094257447,FALSE
"P24844","MYL9","MYL9","KNN_IMPUTATION",0.00278733906546513,8.11969519584209,0.0182445306086192,0.985450791502706,0.995645996519401,-6.118112594295,FALSE
"P00915","CA1","CA1","KNN_IMPUTATION",0.00338059851372208,11.9714019846895,0.0176490594622798,0.985925603247943,0.995645996519401,-6.11812279271439,FALSE
"Q68DL7","C18orf63","C18orf63","KNN_IMPUTATION",0.00248525477734418,10.9116913828252,0.0160507853401111,0.987200045797565,0.995962107064518,-6.11814849279272,FALSE
"Q15404","RSU1","RSU1","KNN_IMPUTATION",0.00207233698061238,9.75144754114855,0.0142558332196075,0.98863135566236,0.995962107064518,-6.11817444926551,FALSE
"P23528","CFL1","CFL1","KNN_IMPUTATION",0.00166976240181604,10.7042326867001,0.0128685774660111,0.989737590407072,0.995962107064518,-6.11819240371992,FALSE
"Q05682","CALD1","CALD1","KNN_IMPUTATION",-0.00152654499384397,6.94760899328535,-0.0100118427560421,0.992015686826625,0.995962107064518,-6.11822359184867,FALSE
"Q9H4M9","EHD1","EHD1","KNN_IMPUTATION",0.00102371160667936,7.91199081939358,0.00981062394747514,0.99217615097402,0.995962107064518,-6.1182254950368,FALSE
"P61160","ACTR2","ACTR2","KNN_IMPUTATION",0.00137242674364835,8.45529915530043,0.00979861211875095,0.992185729948776,0.995962107064518,-6.1182256074262,FALSE
"P00387","CYB5R3","CYB5R3","KNN_IMPUTATION",0.00124788572714785,8.63369419111696,0.00892396464016393,0.992883230862744,0.995962107064518,-6.11823342107915,FALSE
"P17931","LGALS3","LGALS3","KNN_IMPUTATION",-0.000818941106896176,6.517907203779,-0.00888392080987278,0.992915164557958,0.995962107064518,-6.11823376133335,FALSE
"P01597;P04432","IGKV1-39","IGKV1-39","KNN_IMPUTATION",0.000995040216908549,8.89775406879362,0.00782174261269662,0.993762222258847,0.995962107064518,-6.11824222808022,FALSE
"P61978","HNRNPK","HNRNPK","KNN_IMPUTATION",0.00100395174470513,7.37310199729996,0.00695603262294283,0.994452607263443,0.995962107064518,-6.11824833239561,FALSE
"P02745","C1QA","C1QA","KNN_IMPUTATION",-0.0012008612117409,11.1660501725861,-0.00681425432999012,0.994565672798272,0.995962107064518,-6.11824926395001,FALSE
"P0DPH7;P0DPH8","TUBA3C","TUBA3C","KNN_IMPUTATION",0.000992791594979892,11.0208180644804,0.00680501803446761,0.994573038574888,0.995962107064518,-6.11824932397153,FALSE
"P08311","CTSG","CTSG","KNN_IMPUTATION",-0.000342901734175172,9.26652854100135,-0.00250222659307792,0.998004475823577,0.99870091997977,-6.11826843248613,FALSE
"P62328","TMSB4X","TMSB4X","KNN_IMPUTATION",0.000104993288557509,11.2141083153943,0.00078702695553617,0.999372345893369,0.999372345893369,-6.11827112443964,FALSE
