"PG.ProteinGroups","logFC_canonical","AveExpr_canonical","t_canonical","P.Value_canonical","adj.P.Val_canonical","B_canonical","logFC_D0","AveExpr_D0","t_D0","P.Value_D0","adj.P.Val_D0","B_D0","abs_diff_logFC","abs_diff_AveExpr","abs_diff_t","abs_diff_P.Value","abs_diff_adj.P.Val","abs_diff_B","Canonical_FDR_lt_0.05","D0_FDR_lt_0.05"
"P16112",-0.485827645913437,10.6192276016162,-4.7064894918868,3.23784959379927e-06,0.00222043175614817,4.22119519608349,-0.485827645913437,10.6192276016162,-4.7064894918868,3.23784959379928e-06,0.00222043175614817,4.22119519608349,5.55111512312578e-17,3.19744231092045e-14,4.44089209850063e-15,9.74087889342445e-21,3.90312782094782e-18,1.77635683940025e-15,TRUE,TRUE
"Q08378",-0.442043249452322,10.9803317747758,-4.5591107170844,6.64582868503172e-06,0.00222043175614817,3.56419778160695,-0.442043249452322,10.9803317747758,-4.5591107170844,6.64582868503175e-06,0.00222043175614817,3.56419778160695,1.11022302462516e-16,8.88178419700125e-15,4.44089209850063e-15,2.71050543121376e-20,3.90312782094782e-18,3.5527136788005e-15,TRUE,TRUE
"Q92696",-0.464069862261104,9.20255972567773,-4.54915970733747,6.83846140763912e-06,0.00222043175614817,3.5387660831808,-0.464069862261104,9.20255972567773,-4.54915970733747,6.83846140763912e-06,0.00222043175614817,3.5387660831808,3.33066907387547e-16,0,1.77635683940025e-15,3.3881317890172e-21,3.90312782094782e-18,3.5527136788005e-15,TRUE,TRUE
"P13591",-0.377030017430075,13.0415600066814,-4.51288950269405,7.91935535745394e-06,0.00222043175614817,3.40467967514497,-0.377030017430075,13.0415600066814,-4.51288950269405,7.91935535745398e-06,0.00222043175614817,3.40467967514497,3.33066907387547e-16,1.77635683940025e-14,8.88178419700125e-16,3.55753837846806e-20,3.90312782094782e-18,0,TRUE,TRUE
"Q8TB73",-0.420930130056909,8.07615447087365,-4.47801951235436,9.29427112264782e-06,0.00222043175614817,3.25912848510633,-0.420930130056909,8.07615447087365,-4.47801951235436,9.29427112264782e-06,0.00222043175614817,3.25912848510633,4.9960036108132e-16,1.77635683940025e-15,2.66453525910038e-15,3.3881317890172e-21,3.90312782094782e-18,2.66453525910038e-15,TRUE,TRUE
"P07585",-0.303334431128075,12.3218478838271,-4.47675053653027,9.32545892917131e-06,0.00222043175614817,3.25575507268628,-0.303334431128075,12.3218478838271,-4.47675053653027,9.32545892917131e-06,0.00222043175614817,3.25575507268628,0,1.77635683940025e-15,2.66453525910038e-15,0,3.90312782094782e-18,0,TRUE,TRUE
"O14594",-0.338048803475971,11.5404132603241,-4.44327643726295,1.08389276799422e-05,0.00222043175614817,3.11879712974412,-0.338048803475971,11.5404132603241,-4.44327643726295,1.08389276799422e-05,0.00222043175614817,3.11879712974412,2.22044604925031e-16,2.30926389122033e-14,8.88178419700125e-16,3.3881317890172e-20,3.90312782094782e-18,8.88178419700125e-16,TRUE,TRUE
"O14786",-0.293258576953324,14.1057122819407,-4.37906373725451,1.44251683923063e-05,0.00236141885577988,2.85873140999053,-0.293258576953324,14.1057122819407,-4.37906373725451,1.44251683923064e-05,0.00236141885577989,2.85873140999053,0,3.37507799486048e-14,2.66453525910038e-15,8.97854924089558e-20,9.10729824887824e-18,3.5527136788005e-15,TRUE,TRUE
"Q9Y240",-0.379634582288464,12.7172879304592,-4.35560652765205,1.59987846371112e-05,0.00236141885577988,2.76460142870678,-0.379634582288464,12.7172879304592,-4.35560652765205,1.59987846371112e-05,0.00236141885577989,2.76460142870678,5.55111512312578e-17,4.79616346638068e-14,0,1.6940658945086e-20,9.10729824887824e-18,3.5527136788005e-15,TRUE,TRUE
"P98160",-0.331180140853975,12.0119256250694,-4.34173897792126,1.70049085770336e-05,0.00236141885577988,2.70917339006531,-0.331180140853975,12.0119256250694,-4.34173897792126,1.70049085770336e-05,0.00236141885577989,2.70917339006531,3.88578058618805e-16,8.88178419700125e-15,4.44089209850063e-15,2.03287907341032e-20,9.10729824887824e-18,2.22044604925031e-15,TRUE,TRUE
"Q99983",-0.405920109753758,14.0210376603404,-4.32733189112763,1.81140916412683e-05,0.00236141885577988,2.65176229156186,-0.405920109753758,14.0210376603404,-4.32733189112763,1.81140916412683e-05,0.00236141885577989,2.65176229156186,1.66533453693773e-16,7.105427357601e-15,5.32907051820075e-15,2.37169225231204e-20,9.10729824887824e-18,3.99680288865056e-15,TRUE,TRUE
"P05090",-0.310231470196234,12.5090928069042,-4.25089175026703,2.52538676478494e-05,0.00281842874659094,2.35011662079472,-0.310231470196234,12.5090928069042,-4.25089175026703,2.52538676478494e-05,0.00281842874659093,2.35011662079472,1.11022302462516e-16,3.01980662698043e-14,1.77635683940025e-15,1.6940658945086e-20,1.47451495458029e-17,2.22044604925031e-15,TRUE,TRUE
"Q13316",-0.362469661182347,8.79183929707337,-4.24892628619516,2.56663538243007e-05,0.00281842874659094,2.33931725280601,-0.362469661182347,8.79183929707337,-4.24892628619516,2.56663538243005e-05,0.00281842874659093,2.33931725280601,0,0,8.88178419700125e-16,1.52465930505774e-19,1.47451495458029e-17,4.44089209850063e-15,TRUE,TRUE
"O75752",-0.255696667271577,9.08650774546357,-4.23111517778811,2.75160407616967e-05,0.00281842874659094,2.27253342711408,-0.255696667271577,9.08650774546357,-4.23111517778811,2.75160407616966e-05,0.00281842874659093,2.27253342711408,0,0,2.66453525910038e-15,8.13151629364128e-20,1.47451495458029e-17,3.99680288865056e-15,TRUE,TRUE
"Q92859",-0.335777933302136,10.3580887885757,-4.20499461026952,3.07561899862387e-05,0.00294029176268442,2.17139955150684,-0.335777933302136,10.3580887885757,-4.20499461026952,3.07561899862388e-05,0.00294029176268443,2.17139955150684,2.22044604925031e-16,2.8421709430404e-14,2.66453525910038e-15,1.28749007982654e-19,1.17093834628434e-17,1.33226762955019e-15,TRUE,TRUE
"O75487",-0.342779620231813,8.63209285874185,-4.17166485164974,3.54597542026574e-05,0.00317808047041317,2.04259978357757,-0.342779620231813,8.63209285874185,-4.17166485164974,3.54597542026574e-05,0.00317808047041317,2.04259978357757,2.77555756156289e-16,0,3.5527136788005e-15,4.06575814682064e-20,3.03576608295941e-18,3.5527136788005e-15,TRUE,TRUE
"Q14520",-0.344859582489377,17.7652235911754,-4.15027761936659,3.8811577244848e-05,0.00320865829552815,1.96070021206284,-0.344859582489377,17.7652235911754,-4.15027761936659,3.8811577244848e-05,0.00320865829552817,1.96070021206284,2.22044604925031e-16,1.06581410364015e-14,1.77635683940025e-15,4.06575814682064e-20,1.82145964977565e-17,1.99840144432528e-15,TRUE,TRUE
"P28482",-0.482759223999901,9.66480459812693,-4.12820809718986,4.26984475888027e-05,0.00320865829552815,1.87555897801232,-0.482759223999901,9.66480459812693,-4.12820809718986,4.26984475888027e-05,0.00320865829552817,1.87555897801232,0,5.32907051820075e-15,4.44089209850063e-15,3.3881317890172e-20,1.82145964977565e-17,1.55431223447522e-15,TRUE,TRUE
"Q6UWP8",-0.434119086010783,8.86699732756677,-4.11741073006935,4.45768114273447e-05,0.00320865829552815,1.83537659759168,-0.434119086010783,8.86699732756677,-4.11741073006935,4.45768114273449e-05,0.00320865829552817,1.83537659759168,3.33066907387547e-16,3.5527136788005e-15,2.66453525910038e-15,1.62630325872826e-19,1.82145964977565e-17,2.22044604925031e-16,TRUE,TRUE
"Q06828",-0.290548621602927,11.3865768349313,-4.11648114196776,4.47511617228473e-05,0.00320865829552815,1.83184554047762,-0.290548621602927,11.3865768349313,-4.11648114196776,4.47511617228475e-05,0.00320865829552817,1.83184554047762,2.77555756156289e-16,3.5527136788005e-15,2.66453525910038e-15,2.37169225231204e-19,1.82145964977565e-17,2.22044604925031e-15,TRUE,TRUE
"P22466",-0.551231399747444,8.46941183115627,-4.08846855012968,5.1539853641315e-05,0.00333617930149253,1.71265670402869,-0.551231399747444,8.46941183115627,-4.08846855012968,5.15398536413152e-05,0.00333617930149253,1.71265670402869,3.33066907387547e-16,3.5527136788005e-15,2.66453525910038e-15,2.43945488809238e-19,4.33680868994202e-18,3.99680288865056e-15,TRUE,TRUE
"Q14956",-0.407432461317501,8.13264599466575,-4.06165330200944,5.66151365500641e-05,0.00333617930149253,1.62741792565941,-0.407432461317501,8.13264599466575,-4.06165330200944,5.66151365500641e-05,0.00333617930149253,1.62741792565941,3.33066907387547e-16,1.77635683940025e-15,3.5527136788005e-15,6.7762635780344e-21,4.33680868994202e-18,0,TRUE,TRUE
"P49746",-0.346564228366676,12.0163436387452,-4.05931417217803,5.6812009059856e-05,0.00333617930149253,1.61612756234314,-0.346564228366676,12.0163436387452,-4.05931417217803,5.68120090598563e-05,0.00333617930149253,1.61612756234314,3.33066907387547e-16,2.66453525910038e-14,8.88178419700125e-16,3.32036915323686e-19,4.33680868994202e-18,2.44249065417534e-15,TRUE,TRUE
"O15335",-0.366008636182293,11.1646172019808,-4.05511642891275,5.78098550129799e-05,0.00333617930149253,1.60039865750979,-0.366008636182293,11.1646172019808,-4.05511642891275,5.78098550129799e-05,0.00333617930149253,1.60039865750979,3.88578058618805e-16,3.19744231092045e-14,8.88178419700125e-16,3.3881317890172e-20,4.33680868994202e-18,2.66453525910038e-15,TRUE,TRUE
"P35052",-0.290024136196072,7.97811099423777,-4.04480963705042,6.03309747818824e-05,0.00333617930149253,1.56184379421508,-0.290024136196072,7.97811099423777,-4.04480963705042,6.03309747818825e-05,0.00333617930149253,1.56184379421508,5.55111512312578e-17,2.66453525910038e-15,1.77635683940025e-15,1.42301535138722e-19,4.33680868994202e-18,2.66453525910038e-15,TRUE,TRUE
"Q99715",-0.320290009890424,10.7379249597153,-4.04417887480627,6.04886065821519e-05,0.00333617930149253,1.55948726822885,-0.320290009890424,10.7379249597153,-4.04417887480627,6.04886065821519e-05,0.00333617930149253,1.55948726822885,4.44089209850063e-16,3.90798504668055e-14,8.88178419700125e-16,4.74338450462408e-20,4.33680868994202e-18,1.33226762955019e-15,TRUE,TRUE
"O00468",-0.276281453354587,10.1802458113195,-4.03281988996433,6.3395117371869e-05,0.00336698512263927,1.51710901001048,-0.276281453354587,10.1802458113195,-4.03281988996433,6.33951173718693e-05,0.00336698512263928,1.51710901001048,2.22044604925031e-16,1.77635683940025e-14,8.88178419700125e-16,2.57498015965307e-19,8.67361737988404e-18,0,TRUE,TRUE
"Q7LGC8",-0.278969044252412,11.0081953095231,-4.00358735390772,7.14969439846514e-05,0.00354711847400752,1.40856118315198,-0.278969044252412,11.0081953095231,-4.00358735390772,7.14969439846516e-05,0.00354711847400752,1.40856118315198,4.44089209850063e-16,7.105427357601e-15,1.77635683940025e-15,2.43945488809238e-19,4.33680868994202e-19,2.22044604925031e-15,TRUE,TRUE
"Q9NR99",-0.290871863924691,10.2462125740413,-4.00278052989275,7.17339161410168e-05,0.00354711847400752,1.40557573257644,-0.290871863924691,10.2462125740413,-4.00278052989275,7.17339161410168e-05,0.00354711847400752,1.40557573257645,0,2.30926389122033e-14,2.66453525910038e-15,0,4.33680868994202e-19,5.55111512312578e-15,TRUE,TRUE
"P09603",-0.299395117325982,11.5767337196292,-3.97061442749003,8.18121408599366e-05,0.00377185485648467,1.28701270210178,-0.299395117325982,11.5767337196292,-3.97061442749003,8.18121408599369e-05,0.00377185485648467,1.28701270210178,3.33066907387547e-16,2.30926389122033e-14,3.10862446895044e-15,2.57498015965307e-19,8.67361737988404e-19,8.88178419700125e-16,TRUE,TRUE
"Q0VD83",-0.342918078277039,10.4164400313693,-3.9647236270911,8.37975980160914e-05,0.00377185485648467,1.26539664184893,-0.342918078277039,10.4164400313693,-3.9647236270911,8.37975980160917e-05,0.00377185485648467,1.26539664184893,1.11022302462516e-16,1.95399252334028e-14,2.22044604925031e-15,2.57498015965307e-19,8.67361737988404e-19,3.99680288865056e-15,TRUE,TRUE
"Q8NG11",-0.346357582439577,7.23294595188545,-3.97297696417439,8.41697039103971e-05,0.00377185485648467,1.28366249645,-0.346357582439577,7.23294595188545,-3.97297696417439,8.41697039103971e-05,0.00377185485648467,1.28366249645,1.66533453693773e-16,4.44089209850063e-15,1.77635683940025e-15,2.71050543121376e-20,8.67361737988404e-19,3.33066907387547e-15,TRUE,TRUE
"Q9UKM7",-0.326302054051277,9.59108330370966,-3.95223637656872,8.81583742262591e-05,0.0038308820800138,1.21967475437192,-0.326302054051277,9.59108330370966,-3.95223637656872,8.81583742262593e-05,0.00383088208001381,1.21967475437192,3.33066907387547e-16,5.32907051820075e-15,2.22044604925031e-15,1.49077798716757e-19,1.0842021724855e-17,8.88178419700125e-16,TRUE,TRUE
"Q6ZRP7",-0.361076103515192,8.45863801831273,-3.92756441043777,9.74140595942879e-05,0.00409842065051398,1.1297368170612,-0.361076103515192,8.45863801831273,-3.92756441043777,9.74140595942881e-05,0.00409842065051399,1.1297368170612,2.77555756156289e-16,5.32907051820075e-15,0,1.89735380184963e-19,1.21430643318376e-17,3.77475828372553e-15,TRUE,TRUE
"P78539",-0.300069477399235,9.36449724584815,-3.91870049819233,0.000100982617145012,0.00409842065051398,1.09751995673201,-0.300069477399235,9.36449724584815,-3.91870049819233,0.000100982617145012,0.00409842065051399,1.09751995673201,3.88578058618805e-16,3.5527136788005e-15,1.77635683940025e-15,2.71050543121376e-20,1.21430643318376e-17,6.66133814775094e-16,TRUE,TRUE
"Q13103",-0.30571895391865,16.3182058800291,-3.91399552365239,0.000102889221351815,0.00409842065051398,1.08049898740072,-0.30571895391865,16.3182058800291,-3.91399552365239,0.000102889221351816,0.00409842065051399,1.08049898740072,4.44089209850063e-16,4.61852778244065e-14,3.99680288865056e-15,7.04731412115578e-19,1.21430643318376e-17,3.77475828372553e-15,TRUE,TRUE
"P35443",-0.352856303425291,15.3802682371216,-3.90552672217365,0.000106452749782255,0.00412576332939874,1.04984916047251,-0.352856303425291,15.3802682371216,-3.90552672217365,0.000106452749782255,0.00412576332939874,1.04984916047251,1.66533453693773e-16,5.32907051820075e-15,3.10862446895044e-15,1.35525271560688e-19,2.60208521396521e-18,4.44089209850063e-15,TRUE,TRUE
"Q14515",-0.323722684974175,14.4478341156698,-3.88233312203969,0.000116819715707254,0.00435901778539578,0.966227752829758,-0.323722684974175,14.4478341156698,-3.88233312203969,0.000116819715707255,0.00435901778539578,0.966227752829759,2.22044604925031e-16,3.19744231092045e-14,3.5527136788005e-15,5.14996031930615e-19,4.33680868994202e-18,1.33226762955019e-15,TRUE,TRUE
"Q9BYH1",-0.310548175266486,11.0767575573965,-3.87475079293524,0.000120411036115217,0.00435901778539578,0.938992307326198,-0.310548175266486,11.0767575573965,-3.87475079293524,0.000120411036115217,0.00435901778539578,0.938992307326199,4.9960036108132e-16,1.77635683940025e-14,2.66453525910038e-15,4.20128341838133e-19,4.33680868994202e-18,9.99200722162641e-16,TRUE,TRUE
"P28906",-0.360813359055095,10.8771231873645,-3.87247959138573,0.000121590454264875,0.00435901778539578,0.931078435433412,-0.360813359055095,10.8771231873645,-3.87247959138573,0.000121590454264875,0.00435901778539578,0.931078435433412,2.77555756156289e-16,2.1316282072803e-14,8.88178419700125e-16,2.03287907341032e-19,4.33680868994202e-18,3.33066907387547e-16,TRUE,TRUE
"P04004",-0.272652972367123,18.311104894547,-3.86305241744395,0.000126157341298347,0.0044124299371178,0.897070466603965,-0.272652972367123,18.311104894547,-3.86305241744395,0.000126157341298348,0.00441242993711782,0.897070466603965,2.77555756156289e-16,3.5527136788005e-15,3.5527136788005e-15,6.23416249179165e-19,1.73472347597681e-17,4.44089209850063e-16,TRUE,TRUE
"Q6P4E1",-0.2898375651728,11.2987990677628,-3.85673212986718,0.000129368797456571,0.00441702037030292,0.874470978881428,-0.2898375651728,11.2987990677628,-3.85673212986718,0.000129368797456571,0.00441702037030292,0.874470978881429,4.44089209850063e-16,1.4210854715202e-14,2.66453525910038e-15,2.43945488809238e-19,3.46944695195361e-18,8.88178419700125e-16,TRUE,TRUE
"O95196",-0.320096612381255,9.55429030817418,-3.84336714211573,0.00013691543110305,0.00443006302497877,0.827592052308364,-0.320096612381255,9.55429030817418,-3.84336714211573,0.00013691543110305,0.00443006302497878,0.827592052308364,4.44089209850063e-16,3.5527136788005e-15,1.77635683940025e-15,3.25260651745651e-19,1.04083408558608e-17,0,TRUE,TRUE
"Q5JRA6",-0.329167581397352,11.1089883338995,-3.84146029072625,0.00013745054694316,0.00443006302497877,0.820007208092116,-0.329167581397352,11.1089883338995,-3.84146029072625,0.00013745054694316,0.00443006302497878,0.820007208092117,4.44089209850063e-16,3.73034936274053e-14,2.66453525910038e-15,3.79470760369927e-19,1.04083408558608e-17,1.22124532708767e-15,TRUE,TRUE
"Q9H251",-0.340042349521346,10.1743566385053,-3.8291107050261,0.000144332274319628,0.00443006302497877,0.776113897455027,-0.340042349521346,10.1743566385053,-3.8291107050261,0.000144332274319629,0.00443006302497878,0.776113897455028,3.88578058618805e-16,4.9737991503207e-14,4.44089209850063e-16,5.6920614055489e-19,1.04083408558608e-17,1.11022302462516e-15,TRUE,TRUE
"P08294",-0.314605377643598,9.55487548000719,-3.82771018576075,0.000145132930732732,0.00443006302497877,0.771144532794319,-0.314605377643598,9.55487548000719,-3.82771018576075,0.000145132930732732,0.00443006302497878,0.77114453279432,3.88578058618805e-16,3.5527136788005e-15,2.22044604925031e-15,2.71050543121376e-19,1.04083408558608e-17,1.22124532708767e-15,TRUE,TRUE
"P08493",-0.31932544773318,14.5087894097268,-3.82759786594069,0.000145197323691773,0.00443006302497877,0.770746070428116,-0.31932544773318,14.5087894097268,-3.82759786594069,0.000145197323691773,0.00443006302497878,0.770746070428117,4.9960036108132e-16,8.88178419700125e-15,1.33226762955019e-15,1.35525271560688e-19,1.04083408558608e-17,5.55111512312578e-16,TRUE,TRUE
"Q8IUX7",-0.291694663019666,10.8583446705053,-3.81039013130216,0.00015538763003863,0.00464220544740407,0.709830625687233,-0.291694663019666,10.8583446705053,-3.81039013130216,0.00015538763003863,0.00464220544740408,0.709830625687234,4.9960036108132e-16,1.06581410364015e-14,3.5527136788005e-15,2.43945488809238e-19,8.67361737988404e-18,7.7715611723761e-16,TRUE,TRUE
"P49747",-0.318139621116435,15.0549524769849,-3.78629008097318,0.000170799109039263,0.00499848821147557,0.624951497638611,-0.318139621116435,15.0549524769849,-3.78629008097318,0.000170799109039263,0.00499848821147557,0.624951497638612,1.11022302462516e-16,2.1316282072803e-14,4.88498130835069e-15,5.42101086242752e-20,2.60208521396521e-18,1.33226762955019e-15,TRUE,TRUE
"Q9HC84",-0.558904752870545,8.75911052980223,-3.76977423323489,0.000182603918120471,0.00513533483371889,0.56751846671771,-0.558904752870545,8.75911052980223,-3.76977423323489,0.000182603918120472,0.0051353348337189,0.56751846671771,3.33066907387547e-16,1.77635683940025e-15,8.88178419700125e-16,8.40256683676266e-19,6.07153216591882e-18,4.44089209850063e-16,TRUE,TRUE
"Q8IZF2",-0.285626412674647,10.4755511402166,-3.76913296042052,0.00018263743132473,0.00513533483371889,0.564834686662553,-0.285626412674647,10.4755511402166,-3.76913296042052,0.000182637431324731,0.0051353348337189,0.564834686662554,5.55111512312578e-17,0,1.77635683940025e-15,6.23416249179165e-19,6.07153216591882e-18,7.7715611723761e-16,TRUE,TRUE
"P09326",-0.382030297331022,8.27252669852262,-3.74169207306107,0.000204265124819723,0.0055795634154485,0.47185411379767,-0.382030297331022,8.27252669852262,-3.74169207306107,0.000204265124819723,0.00557956341544851,0.47185411379767,3.33066907387547e-16,1.77635683940025e-15,4.44089209850063e-15,4.60785923306339e-19,9.54097911787244e-18,4.9960036108132e-16,TRUE,TRUE
"P07359",-0.272122274218855,17.2216117069061,-3.7378757768296,0.000206218173653257,0.0055795634154485,0.45597546319553,-0.272122274218855,17.2216117069061,-3.7378757768296,0.000206218173653257,0.00557956341544851,0.45597546319553,1.66533453693773e-16,1.77635683940025e-14,3.5527136788005e-15,3.25260651745651e-19,9.54097911787244e-18,3.88578058618805e-16,TRUE,TRUE
"Q13444",-0.458229327159033,7.67045513309621,-3.71601628984113,0.000226983196809475,0.00602766489305162,0.381088303187581,-0.458229327159033,7.67045513309621,-3.71601628984113,0.000226983196809475,0.00602766489305162,0.381088303187581,4.44089209850063e-16,3.5527136788005e-15,3.99680288865056e-15,3.79470760369927e-19,4.33680868994202e-18,1.11022302462516e-16,TRUE,TRUE
"P19256",-0.30410409387196,7.92849692399026,-3.68119529845926,0.000258169836641522,0.00668058606099324,0.269900705154023,-0.30410409387196,7.92849692399026,-3.68119529845926,0.000258169836641522,0.00668058606099324,0.269900705154023,3.33066907387547e-16,2.66453525910038e-15,1.77635683940025e-15,4.33680868994202e-19,8.67361737988404e-19,0,TRUE,TRUE
"P06734",-0.374318015664242,9.32929477376901,-3.67806183320427,0.000260887600708244,0.00668058606099324,0.257673143095375,-0.374318015664242,9.32929477376901,-3.67806183320427,0.000260887600708244,0.00668058606099324,0.257673143095375,5.55111512312578e-17,3.5527136788005e-15,3.5527136788005e-15,3.79470760369927e-19,8.67361737988404e-19,1.66533453693773e-16,TRUE,TRUE
"Q6Q788",-0.293823111485372,12.4906748574499,-3.64802172940539,0.000290987290918198,0.0071113664990785,0.147817317921491,-0.293823111485372,12.4906748574499,-3.64802172940539,0.000290987290918198,0.0071113664990785,0.147817317921492,2.22044604925031e-16,2.1316282072803e-14,4.44089209850063e-16,3.79470760369927e-19,3.46944695195361e-18,6.66133814775094e-16,TRUE,TRUE
"P49641",-0.288579745289779,9.51224490637486,-3.64018162414955,0.000299762858446164,0.0071113664990785,0.121266154194875,-0.288579745289779,9.51224490637486,-3.64018162414955,0.000299762858446166,0.0071113664990785,0.121266154194876,2.77555756156289e-16,3.5527136788005e-15,1.33226762955019e-15,1.68051336735253e-18,3.46944695195361e-18,8.46545056276682e-16,TRUE,TRUE
"Q6UVK1",-0.298144912410397,10.2513471448004,-3.63876532163137,0.000301374423862441,0.0071113664990785,0.116475501947654,-0.298144912410397,10.2513471448004,-3.63876532163136,0.000301374423862441,0.0071113664990785,0.116475501947654,2.22044604925031e-16,1.77635683940025e-15,4.88498130835069e-15,2.71050543121376e-19,3.46944695195361e-18,4.30211422042248e-16,TRUE,TRUE
"O75787",-0.339441208497044,9.87541007003625,-3.6361000584041,0.000304429229992186,0.0071113664990785,0.107465023532867,-0.339441208497044,9.87541007003625,-3.6361000584041,0.000304429229992187,0.0071113664990785,0.107465023532868,3.88578058618805e-16,5.32907051820075e-15,4.44089209850063e-16,1.02999206386123e-18,3.46944695195361e-18,5.82867087928207e-16,TRUE,TRUE
"O60279",-0.260853453113453,12.8655236198375,-3.6350754112165,0.000305611355009349,0.0071113664990785,0.10400265531563,-0.260853453113453,12.8655236198375,-3.6350754112165,0.00030561135500935,0.0071113664990785,0.104002655315631,4.44089209850063e-16,3.01980662698043e-14,3.10862446895044e-15,9.75781955236954e-19,3.46944695195361e-18,5.82867087928207e-16,TRUE,TRUE
"O94985",-0.266971332514078,10.9705470510569,-3.63347622333106,0.000307464939290702,0.0071113664990785,0.0986007145991206,-0.266971332514078,10.9705470510569,-3.63347622333106,0.000307464939290702,0.0071113664990785,0.0986007145991215,3.33066907387547e-16,1.77635683940025e-15,3.99680288865056e-15,3.79470760369927e-19,3.46944695195361e-18,8.46545056276682e-16,TRUE,TRUE
"P14314",-0.233194681339732,12.3645363561711,-3.62461605121435,0.000317927313540475,0.00720715375774807,0.0687125254463803,-0.233194681339732,12.3645363561711,-3.62461605121435,0.000317927313540475,0.00720715375774809,0.0687125254463812,3.05311331771918e-16,1.24344978758018e-14,2.66453525910038e-15,0,2.25514051876985e-17,8.74300631892311e-16,TRUE,TRUE
"P10451",-0.295592210078141,12.3126779788882,-3.621522624044,0.000321658187235618,0.00720715375774807,0.0582937030263855,-0.295592210078141,12.3126779788882,-3.621522624044,0.000321658187235619,0.00720715375774809,0.0582937030263864,2.77555756156289e-16,1.4210854715202e-14,1.33226762955019e-15,1.19262238973405e-18,2.25514051876985e-17,8.67361737988404e-16,TRUE,TRUE
"Q9HCM3",-0.261616201315963,9.58969756289802,-3.60793268026544,0.000338540695972842,0.00746872858500086,0.0126220198429046,-0.261616201315963,9.58969756289802,-3.60793268026544,0.000338540695972842,0.00746872858500086,0.0126220198429055,5.55111512312578e-17,5.32907051820075e-15,2.22044604925031e-15,2.71050543121376e-19,1.73472347597681e-18,8.51749226704612e-16,TRUE,TRUE
"O15466",-0.305638253385021,9.26655341569532,-3.59916178507883,0.000349935271164512,0.00759083958367728,-0.0166976255746949,-0.305638253385021,9.26655341569532,-3.59916178507883,0.000349935271164512,0.00759083958367729,-0.0166976255746949,4.9960036108132e-16,3.5527136788005e-15,1.77635683940025e-15,3.25260651745651e-19,1.21430643318376e-17,3.46944695195361e-18,TRUE,TRUE
"Q9NQ79",-0.285547015445275,12.4205866055037,-3.59012684944906,0.000361920616225291,0.00759083958367728,-0.0469714189204549,-0.285547015445275,12.4205866055037,-3.59012684944906,0.000361920616225292,0.00759083958367729,-0.046971418920454,3.88578058618805e-16,1.77635683940025e-14,8.88178419700125e-16,6.50521303491303e-19,1.21430643318376e-17,9.22872889219661e-16,TRUE,TRUE
"P40967",-0.321025098420263,11.9632614282273,-3.58612500551765,0.000367379632740723,0.00759083958367728,-0.0603264776943497,-0.321025098420263,11.9632614282273,-3.58612500551765,0.000367379632740724,0.00759083958367729,-0.0603264776943488,2.77555756156289e-16,3.37507799486048e-14,8.88178419700125e-16,5.96311194867027e-19,1.21430643318376e-17,8.53483950180589e-16,TRUE,TRUE
"Q12797",-0.266443501051951,9.33365917433276,-3.58006623982665,0.000375791669086251,0.00759083958367728,-0.0805190406257736,-0.266443501051951,9.33365917433276,-3.58006623982665,0.000375791669086251,0.00759083958367729,-0.0805190406257728,2.22044604925031e-16,0,8.88178419700125e-16,2.71050543121376e-19,1.21430643318376e-17,8.46545056276682e-16,TRUE,TRUE
"Q9BUD6",-0.397306702209899,8.30220130383214,-3.58059602139138,0.000376874236770287,0.00759083958367728,-0.0766211730132884,-0.397306702209899,8.30220130383214,-3.58059602139138,0.000376874236770287,0.00759083958367729,-0.0766211730132884,4.9960036108132e-16,1.77635683940025e-15,3.99680288865056e-15,4.87890977618477e-19,1.21430643318376e-17,1.38777878078145e-17,TRUE,TRUE
"Q9BRK5",-0.352007245233523,9.51665916467102,-3.57848081958735,0.000378022499435981,0.00759083958367728,-0.0857975542158895,-0.352007245233523,9.51665916467102,-3.57848081958735,0.000378022499435982,0.00759083958367729,-0.0857975542158886,2.22044604925031e-16,1.77635683940025e-15,4.44089209850063e-15,1.19262238973405e-18,1.21430643318376e-17,8.60422844084496e-16,TRUE,TRUE
"P09619",-0.348245667087998,10.0526943388665,-3.57139819507059,0.000388140847572887,0.00759083958367728,-0.109351400572341,-0.348245667087998,10.0526943388665,-3.57139819507059,0.000388140847572888,0.00759083958367729,-0.10935140057234,3.33066907387547e-16,2.30926389122033e-14,8.88178419700125e-16,1.02999206386123e-18,1.21430643318376e-17,1.0547118733939e-15,TRUE,TRUE
"Q8WWA0",-0.344883563722574,11.3286383558247,-3.57116691943514,0.00038847549243782,0.00759083958367728,-0.110119779466213,-0.344883563722574,11.3286383558247,-3.57116691943514,0.000388475492437821,0.00759083958367729,-0.110119779466212,2.22044604925031e-16,2.66453525910038e-14,3.99680288865056e-15,1.02999206386123e-18,1.21430643318376e-17,1.346145417358e-15,TRUE,TRUE
"Q14517",-0.36159708067219,10.1621116505705,-3.56740754780393,0.000393953187700191,0.00759083958367728,-0.122603105097091,-0.36159708067219,10.1621116505705,-3.56740754780393,0.000393953187700192,0.00759083958367729,-0.12260310509709,4.44089209850063e-16,2.48689957516035e-14,4.88498130835069e-15,8.67361737988404e-19,1.21430643318376e-17,1.06858966120171e-15,TRUE,TRUE
"P55290",-0.285866949942312,10.6100003232899,-3.56428268242005,0.000398561357156973,0.00759083958367728,-0.13296999251647,-0.285866949942312,10.6100003232899,-3.56428268242005,0.000398561357156973,0.00759083958367729,-0.132969992516469,1.11022302462516e-16,4.61852778244065e-14,8.88178419700125e-16,3.79470760369927e-19,1.21430643318376e-17,8.60422844084496e-16,TRUE,TRUE
"P05154",-0.251864091241194,11.1060086987,-3.56176961597333,0.00040230391098987,0.00759083958367728,-0.141300947778442,-0.251864091241194,11.1060086987,-3.56176961597333,0.00040230391098987,0.00759083958367729,-0.141300947778441,4.44089209850063e-16,4.9737991503207e-14,4.88498130835069e-15,4.87890977618477e-19,1.21430643318376e-17,1.16573417585641e-15,TRUE,TRUE
"P13942",-0.333771095662177,9.11401878097648,-3.54014135250202,0.000435902127754929,0.00811796949611128,-0.212769045056826,-0.333771095662177,9.11401878097648,-3.54014135250202,0.00043590212775493,0.00811796949611128,-0.212769045056826,3.33066907387547e-16,3.5527136788005e-15,4.44089209850063e-16,5.42101086242752e-19,5.20417042793042e-18,4.16333634234434e-16,TRUE,TRUE
"Q9BV94",-0.330906483518373,9.52629169095206,-3.50291702246326,0.000500672508643351,0.00911250129352759,-0.329199037553746,-0.330906483518373,9.52629169095206,-3.50291702246326,0.000500672508643351,0.00911250129352759,-0.329199037553746,3.88578058618805e-16,3.5527136788005e-15,1.33226762955019e-15,3.25260651745651e-19,5.20417042793042e-18,1.11022302462516e-16,TRUE,TRUE
"P27797",-0.243937020258299,11.9731163602869,-3.50179422631371,0.000502013669587643,0.00911250129352759,-0.338465161693174,-0.243937020258299,11.9731163602869,-3.50179422631371,0.000502013669587643,0.00911250129352759,-0.338465161693173,1.11022302462516e-16,5.32907051820075e-15,3.10862446895044e-15,0,5.20417042793042e-18,1.11022302462516e-15,TRUE,TRUE
"Q9Y5X9",-0.276639887532323,8.29807601065005,-3.49727501796637,0.000510961577177694,0.00915898627091017,-0.351441488485086,-0.276639887532323,8.29807601065005,-3.49727501796637,0.000510961577177694,0.00915898627091017,-0.351441488485086,3.88578058618805e-16,1.77635683940025e-15,4.44089209850063e-16,3.25260651745651e-19,0,4.9960036108132e-16,TRUE,TRUE
"O43157",-0.26125899060035,12.5580045037599,-3.48725870242735,0.00052943876857555,0.00937302708811528,-0.385769981786797,-0.26125899060035,12.5580045037599,-3.48725870242735,0.00052943876857555,0.00937302708811528,-0.385769981786796,5.55111512312578e-17,3.73034936274053e-14,2.66453525910038e-15,4.33680868994202e-19,5.20417042793042e-18,1.33226762955019e-15,TRUE,TRUE
"P12109",-0.278703927251083,9.44232007752995,-3.48238767098831,0.00053893820727383,0.00942484621013016,-0.401580503416936,-0.278703927251083,9.44232007752995,-3.48238767098831,0.000538938207273831,0.00942484621013017,-0.401580503416935,1.66533453693773e-16,3.5527136788005e-15,2.22044604925031e-15,9.75781955236954e-19,6.93889390390723e-18,1.16573417585641e-15,TRUE,TRUE
"P23471",-0.269196109156308,11.5453431595551,-3.47236684363967,0.000558983687113058,0.00965762177494127,-0.434040194012414,-0.269196109156308,11.5453431595551,-3.47236684363967,0.000558983687113059,0.00965762177494129,-0.434040194012413,0,5.32907051820075e-15,3.99680288865056e-15,1.40946282423116e-18,2.08166817117217e-17,1.22124532708767e-15,TRUE,TRUE
"Q14393",-0.423813894355977,9.14485263270739,-3.45060895438996,0.000605110229710756,0.0103300960643479,-0.503182308365179,-0.423813894355977,9.14485263270739,-3.45060895438996,0.000605110229710756,0.0103300960643479,-0.503182308365179,1.66533453693773e-16,1.77635683940025e-15,1.33226762955019e-15,1.0842021724855e-19,8.67361737988404e-18,4.44089209850063e-16,TRUE,TRUE
"Q9BY76",-0.392981085620209,8.04806467104058,-3.44341718483724,0.000623187425359183,0.0104349010104512,-0.520940066865484,-0.392981085620209,8.04806467104058,-3.44341718483724,0.000623187425359182,0.0104349010104512,-0.520940066865484,4.9960036108132e-16,1.77635683940025e-15,8.88178419700125e-16,1.19262238973405e-18,1.38777878078145e-17,2.22044604925031e-16,TRUE,TRUE
"Q08431",-0.322704376708656,7.06597142600765,-3.44564843591406,0.000630870290021013,0.0104349010104512,-0.492429021129739,-0.322704376708656,7.06597142600765,-3.44564843591406,0.000630870290021013,0.0104349010104512,-0.492429021129739,1.66533453693773e-16,1.77635683940025e-15,0,1.0842021724855e-19,1.38777878078145e-17,2.77555756156289e-16,TRUE,TRUE
"Q9BXX0",-0.266991973434157,9.85025822369753,-3.43802832958968,0.000633079768416493,0.0104349010104512,-0.544594361078929,-0.266991973434157,9.85025822369753,-3.43802832958968,0.000633079768416495,0.0104349010104512,-0.544594361078929,2.77555756156289e-16,3.5527136788005e-15,2.22044604925031e-15,1.62630325872826e-18,1.38777878078145e-17,4.44089209850063e-16,TRUE,TRUE
"P13611",-0.280279878285388,13.0080616075689,-3.43242381315099,0.000646009909033217,0.010527025108564,-0.562538911411978,-0.280279878285388,13.0080616075689,-3.43242381315098,0.000646009909033219,0.010527025108564,-0.562538911411977,2.77555756156289e-16,1.06581410364015e-14,5.32907051820075e-15,2.05998412772246e-18,4.68375338513738e-17,9.99200722162641e-16,TRUE,TRUE
"O95967",-0.323758496444871,8.86334903445566,-3.42106583489661,0.000673364351170427,0.0107862158998774,-0.598623443566312,-0.323758496444871,8.86334903445566,-3.42106583489661,0.000673364351170426,0.0107862158998774,-0.598623443566312,2.22044604925031e-16,3.5527136788005e-15,3.5527136788005e-15,1.0842021724855e-18,3.81639164714898e-17,4.44089209850063e-16,TRUE,TRUE
"P12259",-0.218536716263515,18.0051179461592,-3.41942269636835,0.000676959156896069,0.0107862158998774,-0.604058417255776,-0.218536716263515,18.0051179461592,-3.41942269636835,0.000676959156896069,0.0107862158998774,-0.604058417255775,4.44089209850063e-16,1.06581410364015e-14,2.22044604925031e-15,3.25260651745651e-19,3.81639164714898e-17,9.99200722162641e-16,TRUE,TRUE
"Q9NRA1",-0.305084814092639,9.46322529784544,-3.40997122085409,0.00070032026240366,0.0110358160031522,-0.634147685963071,-0.305084814092639,9.46322529784544,-3.40997122085409,0.000700320262403662,0.0110358160031522,-0.63414768596307,4.44089209850063e-16,1.77635683940025e-15,2.66453525910038e-15,1.62630325872826e-18,8.67361737988404e-18,1.11022302462516e-15,TRUE,TRUE
"Q9NZ53",-0.320847273575835,8.53113110112218,-3.40518649040424,0.000712532344014184,0.0111062106664819,-0.64920078958144,-0.320847273575835,8.53113110112218,-3.40518649040424,0.000712532344014184,0.0111062106664819,-0.64920078958144,4.44089209850063e-16,1.77635683940025e-15,4.44089209850063e-16,4.33680868994202e-19,4.85722573273506e-17,2.22044604925031e-16,TRUE,TRUE
"P12111",-0.235627192518967,9.63917569220986,-3.3921582325895,0.000746403663657182,0.011509062942843,-0.690640249895647,-0.235627192518967,9.63917569220986,-3.3921582325895,0.000746403663657184,0.011509062942843,-0.690640249895646,2.77555756156289e-17,5.32907051820075e-15,3.5527136788005e-15,2.38524477946811e-18,3.64291929955129e-17,1.33226762955019e-15,TRUE,TRUE
"O15400",-0.327481716347751,8.60855116887885,-3.38434674088257,0.000768355907890809,0.0117215145948449,-0.714351768974925,-0.327481716347751,8.60855116887885,-3.38434674088257,0.000768355907890809,0.0117215145948449,-0.714351768974925,4.9960036108132e-16,5.32907051820075e-15,2.66453525910038e-15,1.0842021724855e-19,1.73472347597681e-18,2.22044604925031e-16,TRUE,TRUE
"P14625",-0.294868761956373,14.0300943662412,-3.37320737986481,0.000798521303324079,0.0117488855678119,-0.750431378834717,-0.294868761956373,14.0300943662412,-3.37320737986481,0.00079852130332408,0.0117488855678119,-0.750431378834716,2.22044604925031e-16,3.73034936274053e-14,3.99680288865056e-15,7.58941520739853e-19,2.42861286636753e-17,6.66133814775094e-16,TRUE,TRUE
"Q6V0I7",-0.346723746392032,9.78190102316283,-3.37204585174451,0.000801823342971536,0.0117488855678119,-0.754085670062612,-0.346723746392032,9.78190102316283,-3.37204585174451,0.000801823342971537,0.0117488855678119,-0.754085670062611,3.88578058618805e-16,1.77635683940025e-15,3.5527136788005e-15,7.58941520739853e-19,2.42861286636753e-17,1.33226762955019e-15,TRUE,TRUE
"Q8NEH6",-0.345264693865811,10.1664893061128,-3.3732968881325,0.000806715104195617,0.0117488855678119,-0.735270999549779,-0.345264693865811,10.1664893061128,-3.3732968881325,0.000806715104195617,0.0117488855678119,-0.735270999549779,2.77555756156289e-16,2.30926389122033e-14,4.44089209850063e-15,2.16840434497101e-19,2.42861286636753e-17,2.22044604925031e-16,TRUE,TRUE
"P39059",-0.325688269257764,10.3370924022234,-3.36941648902467,0.000809345203282214,0.0117488855678119,-0.762353485320582,-0.325688269257764,10.3370924022234,-3.36941648902467,0.000809345203282216,0.0117488855678119,-0.762353485320581,5.55111512312578e-17,3.19744231092045e-14,2.22044604925031e-15,1.73472347597681e-18,2.42861286636753e-17,8.88178419700125e-16,TRUE,TRUE
"P56715",-0.262508048857956,10.6761899901176,-3.36830065473943,0.000813918888947449,0.0117488855678119,-0.762938643285104,-0.262508048857956,10.6761899901176,-3.36830065473943,0.000813918888947447,0.0117488855678119,-0.762938643285104,3.33066907387547e-16,4.79616346638068e-14,3.10862446895044e-15,1.62630325872826e-18,2.42861286636753e-17,4.44089209850063e-16,TRUE,TRUE
"Q02952",-0.311415554329919,10.8424876721318,-3.36143064379354,0.000832594936558031,0.0117488855678119,-0.787426553244898,-0.311415554329919,10.8424876721318,-3.36143064379354,0.000832594936558032,0.0117488855678119,-0.787426553244897,5.55111512312578e-17,2.1316282072803e-14,1.33226762955019e-15,1.19262238973405e-18,2.42861286636753e-17,9.99200722162641e-16,TRUE,TRUE
"Q13740",-0.300347397989247,10.0373851217156,-3.36071874980648,0.000834697405290671,0.0117488855678119,-0.789658919748203,-0.300347397989247,10.0373851217156,-3.36071874980648,0.000834697405290671,0.0117488855678119,-0.789658919748202,2.77555756156289e-16,4.61852778244065e-14,2.22044604925031e-15,1.0842021724855e-19,2.42861286636753e-17,7.7715611723761e-16,TRUE,TRUE
"P05019",-0.251856732076652,9.16828486185053,-3.35870077837274,0.000842078357611763,0.0117488855678119,-0.788051177555848,-0.251856732076652,9.16828486185053,-3.35870077837274,0.000842078357611763,0.0117488855678119,-0.788051177555848,1.66533453693773e-16,5.32907051820075e-15,1.33226762955019e-15,4.33680868994202e-19,2.42861286636753e-17,3.33066907387547e-16,TRUE,TRUE
"P51888",-0.326904262930632,7.70211132190347,-3.35829572852104,0.00084388787551229,0.0117488855678119,-0.793384809717395,-0.326904262930632,7.70211132190347,-3.35829572852104,0.00084388787551229,0.0117488855678119,-0.793384809717395,2.22044604925031e-16,1.77635683940025e-15,8.88178419700125e-16,4.33680868994202e-19,2.42861286636753e-17,0,TRUE,TRUE
"Q9HCU0",-0.279272956172186,14.1819509543834,-3.35000405166663,0.000866944127399279,0.0119538257566401,-0.82320364252282,-0.279272956172186,14.1819509543834,-3.35000405166663,0.000866944127399279,0.0119538257566401,-0.823203642522819,3.88578058618805e-16,2.30926389122033e-14,8.88178419700125e-16,4.33680868994202e-19,3.64291929955129e-17,6.66133814775094e-16,TRUE,TRUE
"Q9NS73",-0.295324205111617,13.1537598581502,-3.34762675792192,0.000875443111452428,0.0119560516364074,-0.829751900286731,-0.295324205111617,13.1537598581502,-3.34762675792192,0.000875443111452428,0.0119560516364074,-0.829751900286731,3.88578058618805e-16,3.90798504668055e-14,2.66453525910038e-15,3.25260651745651e-19,4.85722573273506e-17,3.33066907387547e-16,TRUE,TRUE
"Q9Y274",-0.249521480667884,9.52568151004066,-3.33145280748641,0.000925529070803101,0.0125208366748269,-0.881040321550984,-0.249521480667884,9.52568151004066,-3.33145280748641,0.000925529070803104,0.0125208366748269,-0.881040321550983,1.66533453693773e-16,5.32907051820075e-15,4.44089209850063e-15,2.49366499671666e-18,8.67361737988404e-18,1.22124532708767e-15,TRUE,TRUE
"Q6UXD5",-0.297185062055505,9.64127741702673,-3.32202467587188,0.000956693635772822,0.0128214829317591,-0.910316454089476,-0.297185062055505,9.64127741702673,-3.32202467587188,0.000956693635772823,0.0128214829317591,-0.910316454089475,4.44089209850063e-16,1.77635683940025e-15,3.10862446895044e-15,7.58941520739853e-19,3.81639164714898e-17,7.7715611723761e-16,TRUE,TRUE
"Q6UWD8",-0.303080047197466,7.21463163009614,-3.32246214011042,0.000967516513887407,0.0128464692677272,-0.882761645119355,-0.303080047197466,7.21463163009614,-3.32246214011042,0.000967516513887404,0.0128464692677272,-0.882761645119355,5.55111512312578e-17,1.77635683940025e-15,2.22044604925031e-15,3.36102673470506e-18,6.93889390390723e-18,2.22044604925031e-16,TRUE,TRUE
"P26572",-0.363749683883542,8.8671349175869,-3.31226723817126,0.000990098269487841,0.0130256964995006,-0.940354478970073,-0.363749683883542,8.8671349175869,-3.31226723817126,0.000990098269487841,0.0130256964995006,-0.940354478970073,1.11022302462516e-16,1.77635683940025e-15,0,2.16840434497101e-19,1.73472347597681e-17,3.33066907387547e-16,TRUE,TRUE
"Q9UGM3",-0.358368075190482,8.55711416424444,-3.30159130940832,0.00102948558184273,0.0133216298702043,-0.97096027557928,-0.358368075190482,8.55711416424444,-3.30159130940832,0.00102948558184273,0.0133216298702043,-0.97096027557928,1.66533453693773e-16,1.77635683940025e-15,8.88178419700125e-16,4.33680868994202e-18,4.16333634234434e-17,1.11022302462516e-16,TRUE,TRUE
"Q86TY3",-0.254806361703793,8.84725532054918,-3.3005999205503,0.00103117218660577,0.0133216298702043,-0.976549290534549,-0.254806361703793,8.84725532054918,-3.3005999205503,0.00103117218660577,0.0133216298702043,-0.976549290534548,4.44089209850063e-16,3.5527136788005e-15,4.44089209850063e-15,1.0842021724855e-18,4.16333634234434e-17,1.11022302462516e-15,TRUE,TRUE
"P16070",-0.250512243953107,16.2862815297193,-3.29671349900066,0.00104524602672953,0.0133828821636621,-0.988519903764975,-0.250512243953107,16.2862815297193,-3.29671349900066,0.00104524602672953,0.0133828821636621,-0.988519903764974,1.11022302462516e-16,4.2632564145606e-14,4.44089209850063e-16,4.55364912443912e-18,2.42861286636753e-17,8.88178419700125e-16,TRUE,TRUE
"Q92823",-0.311124250565447,8.66771758471406,-3.27491658115025,0.00112753777772484,0.0143087537456409,-1.05540667040384,-0.311124250565447,8.66771758471406,-3.27491658115025,0.00112753777772484,0.014308753745641,-1.05540667040384,0,0,2.66453525910038e-15,4.98732999343332e-18,5.20417042793042e-17,2.22044604925031e-15,TRUE,TRUE
"Q9ULI3",-0.172724104273938,13.5651344668898,-3.26471637135996,0.00116807574198227,0.0146931632807243,-1.08656145720821,-0.172724104273938,13.5651344668898,-3.26471637135996,0.00116807574198227,0.0146931632807243,-1.08656145720821,4.16333634234434e-16,2.66453525910038e-14,2.22044604925031e-15,6.50521303491303e-19,3.64291929955129e-17,3.99680288865056e-15,TRUE,TRUE
"Q02818",-0.283677452961255,8.53375996100122,-3.25891603698271,0.00119172587967213,0.0148603035778247,-1.10423606522076,-0.283677452961255,8.53375996100122,-3.25891603698271,0.00119172587967214,0.0148603035778247,-1.10423606522076,1.11022302462516e-16,1.77635683940025e-15,0,6.93889390390723e-18,3.46944695195361e-17,2.22044604925031e-16,TRUE,TRUE
"Q504Y2",-0.363995873900211,7.74771695121705,-3.25751079858569,0.00120262232495459,0.0148669001205594,-1.09867194778447,-0.363995873900211,7.74771695121705,-3.25751079858569,0.00120262232495459,0.0148669001205594,-1.09867194778447,5.55111512312578e-17,3.5527136788005e-15,3.10862446895044e-15,1.95156391047391e-18,4.85722573273506e-17,4.44089209850063e-15,TRUE,TRUE
"Q92187",-0.233118216179955,10.9889736113409,-3.25378807608482,0.00121300322528852,0.0148670651714849,-1.1198367613621,-0.233118216179955,10.9889736113409,-3.25378807608482,0.00121300322528852,0.0148670651714849,-1.1198367613621,2.77555756156289e-17,1.59872115546023e-14,4.44089209850063e-15,1.95156391047391e-18,1.56125112837913e-17,3.77475828372553e-15,TRUE,TRUE
"P02760",-0.172662685662496,15.7761766532437,-3.24879263290423,0.00123406862536349,0.0149970712607733,-1.13501166859099,-0.172662685662496,15.7761766532437,-3.24879263290423,0.00123406862536349,0.0149970712607733,-1.13501166859099,4.16333634234434e-16,8.88178419700125e-15,8.88178419700125e-16,6.50521303491303e-19,3.12250225675825e-17,2.44249065417534e-15,TRUE,TRUE
"Q53EL9",-0.301136788267518,8.00871898914271,-3.2434014502199,0.0012652803317016,0.0151539573323163,-1.12718898513959,-0.301136788267518,8.00871898914271,-3.2434014502199,0.0012652803317016,0.0151539573323163,-1.12718898513959,4.44089209850063e-16,3.5527136788005e-15,4.44089209850063e-16,6.50521303491303e-19,1.56125112837913e-17,4.21884749357559e-15,TRUE,TRUE
"Q15582",-0.258773821009751,10.6948285205239,-3.24088377749016,0.00126811358429425,0.0151539573323163,-1.15899110707257,-0.258773821009751,10.6948285205239,-3.24088377749016,0.00126811358429425,0.0151539573323163,-1.15899110707257,4.44089209850063e-16,2.30926389122033e-14,1.33226762955019e-15,2.38524477946811e-18,1.56125112837913e-17,2.88657986402541e-15,TRUE,TRUE
"O00461",-0.282960568641922,8.94365281764459,-3.23373748044442,0.00129962178610703,0.015402129266756,-1.18061031405832,-0.282960568641922,8.94365281764459,-3.23373748044442,0.00129962178610703,0.015402129266756,-1.18061031405832,1.11022302462516e-16,0,4.88498130835069e-15,4.33680868994202e-19,3.64291929955129e-17,3.99680288865056e-15,TRUE,TRUE
"P26022",-0.295036713350385,10.4315416554361,-3.23076586100697,0.00131293578960769,0.015432376412274,-1.18958668640554,-0.295036713350385,10.4315416554361,-3.23076586100697,0.00131293578960769,0.015432376412274,-1.18958668640554,3.88578058618805e-16,3.01980662698043e-14,4.44089209850063e-16,8.67361737988404e-19,5.20417042793042e-18,3.77475828372553e-15,TRUE,TRUE
"O60462",-0.255842940490183,12.4714194419794,-3.22582639272215,0.00133534613078617,0.0155681817198973,-1.2044898359336,-0.255842940490183,12.4714194419794,-3.22582639272215,0.00133534613078617,0.0155681817198973,-1.2044898359336,5.55111512312578e-17,3.37507799486048e-14,2.22044604925031e-15,3.25260651745651e-18,3.98986399474666e-17,2.44249065417534e-15,TRUE,TRUE
"Q8IZP7",-0.261440066503813,8.72217445323731,-3.22202159368112,0.00135284923680292,0.0156450468191564,-1.21595460455969,-0.261440066503813,8.72217445323731,-3.22202159368112,0.00135284923680292,0.0156450468191564,-1.21595460455969,4.44089209850063e-16,3.5527136788005e-15,1.77635683940025e-15,4.55364912443912e-18,0,3.33066907387547e-15,TRUE,TRUE
"P29966",-0.275976819924358,7.17387665492518,-3.20883233771389,0.00141802360604192,0.0162675668085129,-1.25152528887676,-0.275976819924358,7.17387665492518,-3.20883233771389,0.00141802360604192,0.0162675668085129,-1.25152528887676,2.77555756156289e-16,4.44089209850063e-15,3.99680288865056e-15,1.30104260698261e-18,1.04083408558608e-17,4.21884749357559e-15,TRUE,TRUE
"Q14767",-0.368237871251832,9.5297482203054,-3.20546772902101,0.00143166332577641,0.0162936921362173,-1.2654973240199,-0.368237871251832,9.5297482203054,-3.20546772902101,0.00143166332577641,0.0162936921362173,-1.2654973240199,1.66533453693773e-16,1.77635683940025e-15,3.99680288865056e-15,1.30104260698261e-18,4.5102810375397e-17,2.22044604925031e-16,TRUE,TRUE
"Q76LX8",-0.294736636685709,9.86551978752602,-3.20302887858914,0.00144343848330318,0.0162983526382422,-1.27299013215271,-0.294736636685709,9.86551978752602,-3.20302887858914,0.00144343848330318,0.0162983526382422,-1.27299013215271,5.55111512312578e-17,3.5527136788005e-15,3.99680288865056e-15,1.51788304147971e-18,2.08166817117217e-17,1.55431223447522e-15,TRUE,TRUE
"P16871",-0.300120345626206,10.2870750821815,-3.17765192484389,0.00157323985359226,0.0176252027347758,-1.34869270107282,-0.300120345626206,10.2870750821815,-3.17765192484389,0.00157323985359227,0.0176252027347758,-1.34869270107282,4.9960036108132e-16,4.2632564145606e-14,3.10862446895044e-15,5.20417042793042e-18,4.85722573273506e-17,1.77635683940025e-15,TRUE,TRUE
"Q9H159",-0.275128594243997,9.42644628681729,-3.17256742654305,0.00160050937299684,0.0177917088440114,-1.36379087994165,-0.275128594243997,9.42644628681729,-3.17256742654305,0.00160050937299684,0.0177917088440114,-1.36379087994165,2.77555756156289e-16,1.77635683940025e-15,2.66453525910038e-15,4.33680868994202e-18,3.46944695195361e-17,8.88178419700125e-16,TRUE,TRUE
"Q07507",-0.2791597989685,13.3688479173569,-3.16520634987568,0.00164076259481997,0.0180988735459372,-1.38560811961866,-0.2791597989685,13.3688479173569,-3.16520634987568,0.00164076259481997,0.0180988735459372,-1.38560811961865,1.66533453693773e-16,2.30926389122033e-14,1.77635683940025e-15,3.03576608295941e-18,4.16333634234434e-17,5.10702591327572e-15,TRUE,TRUE
"P00966",-0.362197878692168,7.86739839602239,-3.16186500868749,0.00166426444559807,0.0181325247291018,-1.38824986810389,-0.362197878692168,7.86739839602239,-3.16186500868749,0.00166426444559807,0.0181325247291019,-1.38824986810389,0,1.77635683940025e-15,1.77635683940025e-15,4.11996825544492e-18,7.97972798949331e-17,6.66133814775094e-16,TRUE,TRUE
"Q8IUK5",-0.241450435308362,11.4501229134404,-3.16012314169799,0.00166910269472904,0.0181325247291018,-1.40064565692436,-0.241450435308362,11.4501229134404,-3.16012314169799,0.00166910269472904,0.0181325247291019,-1.40064565692436,1.94289029309402e-16,2.48689957516035e-14,8.88178419700125e-16,3.46944695195361e-18,7.97972798949331e-17,1.11022302462516e-15,TRUE,TRUE
"P98095",-0.289679393335529,8.73646571131464,-3.15775687443846,0.00168263038765847,0.0181420449315958,-1.40743836233502,-0.289679393335529,8.73646571131464,-3.15775687443846,0.00168263038765847,0.0181420449315958,-1.40743836233502,5.55111512312578e-17,3.5527136788005e-15,2.66453525910038e-15,4.55364912443912e-18,1.38777878078145e-17,4.21884749357559e-15,TRUE,TRUE
"Q96AQ6",-0.310011275973494,8.57699336824384,-3.1553805644866,0.00169613297648053,0.0181511543900977,-1.41451037845216,-0.310011275973494,8.57699336824384,-3.1553805644866,0.00169613297648054,0.0181511543900977,-1.41451037845216,1.11022302462516e-16,5.32907051820075e-15,4.88498130835069e-15,5.85469173142172e-18,2.42861286636753e-17,1.55431223447522e-15,TRUE,TRUE
"P24821",-0.324609108312316,13.2618975828428,-3.15103481332233,0.00172090067385849,0.0182797893800968,-1.42747359420902,-0.324609108312316,13.2618975828428,-3.15103481332233,0.00172090067385849,0.0182797893800968,-1.42747359420902,1.66533453693773e-16,3.19744231092045e-14,2.66453525910038e-15,2.60208521396521e-18,2.42861286636753e-17,3.77475828372553e-15,TRUE,TRUE
"Q658P3",-0.318889023802424,8.60031979857161,-3.1468669570808,0.00174841441597637,0.0184354872978685,-1.43639442239659,-0.318889023802424,8.60031979857161,-3.1468669570808,0.00174841441597637,0.0184354872978685,-1.43639442239659,4.44089209850063e-16,3.5527136788005e-15,3.99680288865056e-15,3.25260651745651e-18,2.42861286636753e-17,4.44089209850063e-16,TRUE,TRUE
"Q6EMK4",-0.209511215241774,10.3663343732983,-3.14234149246151,0.00177183083338054,0.0184610984350618,-1.45306604670541,-0.209511215241774,10.3663343732983,-3.14234149246151,0.00177183083338054,0.0184610984350618,-1.45306604670541,2.4980018054066e-16,4.61852778244065e-14,4.44089209850063e-15,3.25260651745651e-18,3.46944695195361e-17,4.44089209850063e-15,TRUE,TRUE
"Q86YZ3",-0.374262172725114,8.67645995600954,-3.14118200627042,0.00177910550875881,0.0184610984350618,-1.45549450834133,-0.374262172725114,8.67645995600954,-3.14118200627042,0.00177910550875881,0.0184610984350618,-1.45549450834133,1.11022302462516e-16,3.5527136788005e-15,4.88498130835069e-15,2.38524477946811e-18,3.46944695195361e-17,6.66133814775094e-16,TRUE,TRUE
"P32942",-0.245322274199392,9.77838801341332,-3.13872483569113,0.00179342561118946,0.0184610984350618,-1.46369318971442,-0.245322274199392,9.77838801341332,-3.13872483569113,0.00179342561118946,0.0184610984350618,-1.46369318971442,1.11022302462516e-16,3.5527136788005e-15,2.22044604925031e-15,2.81892564846231e-18,3.46944695195361e-17,2.88657986402541e-15,TRUE,TRUE
"Q6YHK3",-0.258776249189143,9.54395502397012,-3.13724376911755,0.00180233875935052,0.0184610984350618,-1.46804174487985,-0.258776249189143,9.54395502397012,-3.13724376911755,0.00180233875935052,0.0184610984350618,-1.46804174487985,2.22044604925031e-16,0,3.99680288865056e-15,1.30104260698261e-18,3.46944695195361e-17,4.66293670342566e-15,TRUE,TRUE
"P20908",-0.292857084774441,7.7270153505008,-3.12068466547747,0.0019097650984223,0.0194227173839545,-1.50473269767206,-0.292857084774441,7.7270153505008,-3.12068466547747,0.00190976509842231,0.0194227173839545,-1.50473269767206,3.88578058618805e-16,8.88178419700125e-16,4.44089209850063e-16,7.58941520739853e-18,3.12250225675825e-17,3.77475828372553e-15,TRUE,TRUE
"Q10472",-0.222112284728084,8.97031374351362,-3.1137624067206,0.00194941694785291,0.0194840548165674,-1.53592767095076,-0.222112284728084,8.97031374351362,-3.1137624067206,0.00194941694785291,0.0194840548165674,-1.53592767095076,1.38777878078145e-16,3.5527136788005e-15,3.99680288865056e-15,4.33680868994202e-19,3.12250225675825e-17,1.99840144432528e-15,TRUE,TRUE
"P50895",-0.312988698108146,8.56125338970368,-3.11305862318356,0.00195398497742732,0.0194840548165674,-1.5387582246171,-0.312988698108146,8.56125338970368,-3.11305862318356,0.00195398497742732,0.0194840548165674,-1.5387582246171,2.22044604925031e-16,3.5527136788005e-15,3.10862446895044e-15,4.33680868994202e-19,3.12250225675825e-17,4.44089209850063e-16,TRUE,TRUE
"Q14242",-0.236784097470755,12.0745274897736,-3.11131612346276,0.00196513625819503,0.0194840548165674,-1.54384824936915,-0.236784097470755,12.0745274897736,-3.11131612346276,0.00196513625819504,0.0194840548165674,-1.54384824936915,1.38777878078145e-16,8.88178419700125e-15,4.44089209850063e-15,1.04083408558608e-17,3.12250225675825e-17,1.99840144432528e-15,TRUE,TRUE
"Q8IZP9",-0.295922207034891,8.7888843028214,-3.11058099135201,0.00197014501283283,0.0194840548165674,-1.54577735216502,-0.295922207034891,8.7888843028214,-3.11058099135201,0.00197014501283283,0.0194840548165674,-1.54577735216502,4.44089209850063e-16,0,1.77635683940025e-15,0,3.12250225675825e-17,8.88178419700125e-16,TRUE,TRUE
"Q8NBJ4",-0.243269208530837,11.3961039174354,-3.10355845478724,0.00201641501543103,0.0198050625488226,-1.56641232957967,-0.243269208530837,11.3961039174354,-3.10355845478724,0.00201641501543104,0.0198050625488226,-1.56641232957967,2.22044604925031e-16,1.24344978758018e-14,1.33226762955019e-15,5.20417042793042e-18,3.12250225675825e-17,0,TRUE,TRUE
"P21810",-0.255156077599995,10.8041489404627,-3.10065066173689,0.00203595098011708,0.0198609095611421,-1.57485602413036,-0.255156077599995,10.8041489404627,-3.10065066173689,0.00203595098011708,0.0198609095611422,-1.57485602413036,2.77555756156289e-16,1.59872115546023e-14,2.66453525910038e-15,3.03576608295941e-18,5.55111512312578e-17,1.33226762955019e-15,TRUE,TRUE
"O95715",-0.363457232280329,8.76671663485513,-3.09942260606512,0.00205541640559966,0.0199153184164183,-1.55999222215006,-0.363457232280329,8.76671663485513,-3.09942260606512,0.00205541640559966,0.0199153184164183,-1.55999222215006,3.33066907387547e-16,3.5527136788005e-15,3.99680288865056e-15,2.16840434497101e-18,6.93889390390723e-18,3.99680288865056e-15,TRUE,TRUE
"Q9BXN1",-0.26211184469213,11.3457933130182,-3.09189372482692,0.00209584122788223,0.0201707135623028,-1.60023856475821,-0.26211184469213,11.3457933130182,-3.09189372482692,0.00209584122788223,0.0201707135623028,-1.60023856475821,4.44089209850063e-16,2.1316282072803e-14,2.22044604925031e-15,8.67361737988404e-19,3.46944695195361e-18,8.88178419700125e-16,TRUE,TRUE
"Q9H2X3",-0.276762037593478,8.3005088189529,-3.08987018629384,0.00211271334334497,0.0201975395623779,-1.59768918685679,-0.276762037593478,8.3005088189529,-3.08987018629384,0.00211271334334497,0.0201975395623779,-1.59768918685679,2.77555756156289e-16,1.77635683940025e-15,4.44089209850063e-16,4.33680868994202e-19,1.73472347597681e-17,3.99680288865056e-15,TRUE,TRUE
"Q6UX71",-0.259297358490002,10.1139582367603,-3.08709299291899,0.00212935791166581,0.020221849306813,-1.61412448340474,-0.259297358490002,10.1139582367603,-3.08709299291899,0.00212935791166581,0.020221849306813,-1.61412448340474,2.22044604925031e-16,2.8421709430404e-14,2.66453525910038e-15,3.90312782094782e-18,2.08166817117217e-17,2.44249065417534e-15,TRUE,TRUE
"Q8NI99",-0.376744036144384,11.9412872681069,-3.07341049010804,0.00222760627050579,0.0210157065256928,-1.65358663661136,-0.376744036144384,11.9412872681069,-3.07341049010804,0.00222760627050579,0.0210157065256928,-1.65358663661136,1.11022302462516e-16,7.105427357601e-15,1.77635683940025e-15,8.67361737988404e-19,1.04083408558608e-17,1.55431223447522e-15,TRUE,TRUE
"O94769",-0.282012511621854,9.26428866579649,-3.06921877045771,0.00225852869698548,0.0211681709246874,-1.66564235228069,-0.282012511621854,9.26428866579649,-3.06921877045771,0.00225852869698548,0.0211681709246875,-1.66564235228068,1.66533453693773e-16,3.5527136788005e-15,4.44089209850063e-15,3.90312782094782e-18,7.63278329429795e-17,5.32907051820075e-15,TRUE,TRUE
"Q9NP78",-0.336049527634415,10.6115179720627,-3.06622181371404,0.00228969442568467,0.0212378207322746,-1.66441167544797,-0.336049527634415,10.6115179720627,-3.06622181371404,0.00228969442568467,0.0212378207322746,-1.66441167544797,3.33066907387547e-16,3.5527136788005e-15,8.88178419700125e-16,1.30104260698261e-18,1.73472347597681e-17,1.11022302462516e-15,TRUE,TRUE
"Q9Y4L1",-0.252866355474646,8.97105158380125,-3.06306388831108,0.00230464864177558,0.0212378207322746,-1.68331557477501,-0.252866355474646,8.97105158380125,-3.06306388831108,0.00230464864177558,0.0212378207322746,-1.68331557477501,2.22044604925031e-16,1.77635683940025e-15,2.66453525910038e-15,4.33680868994202e-19,1.73472347597681e-17,1.99840144432528e-15,TRUE,TRUE
"Q9H8L6",-0.289188384755947,10.7485586581377,-3.06230554684909,0.00231039053991272,0.0212378207322746,-1.68549072473656,-0.289188384755947,10.7485586581377,-3.06230554684909,0.00231039053991272,0.0212378207322746,-1.68549072473656,3.33066907387547e-16,7.105427357601e-15,2.22044604925031e-15,3.46944695195361e-18,1.73472347597681e-17,3.77475828372553e-15,TRUE,TRUE
"Q92752",-0.291769357325912,7.13519394326189,-3.04778781084309,0.0024289169191245,0.0221851392485639,-1.70976020672988,-0.291769357325912,7.13519394326189,-3.04778781084309,0.0024289169191245,0.0221851392485639,-1.70976020672988,3.33066907387547e-16,3.5527136788005e-15,2.22044604925031e-15,3.46944695195361e-18,3.81639164714898e-17,4.44089209850063e-16,TRUE,TRUE
"Q92743",-0.27432406058978,10.3821006219859,-3.03696404912906,0.00250999200107666,0.0227805603135692,-1.75787944196241,-0.27432406058978,10.3821006219859,-3.03696404912906,0.00250999200107667,0.0227805603135692,-1.75787944196241,3.33066907387547e-16,2.8421709430404e-14,4.44089209850063e-16,6.07153216591882e-18,3.46944695195361e-17,1.55431223447522e-15,TRUE,TRUE
"P51884",-0.231395482821593,16.8642744203719,-3.02667800657959,0.0025954313975434,0.0234078529816178,-1.78709648116234,-0.231395482821593,16.8642744203719,-3.02667800657959,0.0025954313975434,0.0234078529816178,-1.78709648116234,3.88578058618805e-16,7.105427357601e-15,4.44089209850063e-16,8.67361737988404e-19,4.16333634234434e-17,2.44249065417534e-15,TRUE,TRUE
"O00339",-0.34008383057583,7.11179314684611,-3.01702716004191,0.0026892113078918,0.0241020563469803,-1.79147529617617,-0.34008383057583,7.11179314684611,-3.01702716004191,0.0026892113078918,0.0241020563469803,-1.79147529617617,2.22044604925031e-16,2.66453525910038e-15,0,2.16840434497101e-18,2.08166817117217e-17,4.44089209850063e-15,TRUE,TRUE
"Q9BWP8",-0.316323849147013,13.8883739953902,-3.01199403124396,0.00272202762489568,0.0242446435658411,-1.8286401238408,-0.316323849147013,13.8883739953902,-3.01199403124396,0.00272202762489569,0.0242446435658411,-1.8286401238408,1.66533453693773e-16,4.9737991503207e-14,1.33226762955019e-15,9.97465998686664e-18,1.38777878078145e-17,1.99840144432528e-15,TRUE,TRUE
"Q8NBJ7",-0.329301487802988,7.97717781860112,-3.01255475516838,0.0027466530987842,0.0243129663188675,-1.79582058022074,-0.329301487802988,7.97717781860112,-3.01255475516838,0.0027466530987842,0.0243129663188675,-1.79582058022074,2.77555756156289e-16,5.32907051820075e-15,3.5527136788005e-15,3.90312782094782e-18,1.04083408558608e-17,6.66133814775094e-16,TRUE,TRUE
"Q76I76",-0.305457957839197,9.18738133900111,-3.00271466619607,0.00282776041219087,0.0248282528508993,-1.81507887640181,-0.305457957839197,9.18738133900111,-3.00271466619607,0.00282776041219087,0.0248282528508993,-1.81507887640181,5.55111512312578e-17,3.5527136788005e-15,4.88498130835069e-15,1.73472347597681e-18,4.85722573273506e-17,4.44089209850063e-16,TRUE,TRUE
"P05387",-0.298449005127107,8.69342973546772,-2.99911527052129,0.00283949335254358,0.0248282528508993,-1.86257061336516,-0.298449005127107,8.69342973546772,-2.99911527052129,0.00283949335254358,0.0248282528508993,-1.86257061336516,3.88578058618805e-16,5.32907051820075e-15,8.88178419700125e-16,4.33680868994202e-19,4.85722573273506e-17,1.99840144432528e-15,TRUE,TRUE
"O43897",-0.265468965506154,9.74825856850589,-2.99554839907377,0.00288789041985929,0.0249681613263044,-1.84779996225905,-0.265468965506154,9.74825856850589,-2.99554839907377,0.00288789041985929,0.0249681613263044,-1.84779996225905,4.9960036108132e-16,5.32907051820075e-15,2.22044604925031e-15,3.03576608295941e-18,4.85722573273506e-17,4.88498130835069e-15,TRUE,TRUE
"P55287",-0.307549165527874,8.20605459663454,-2.99347210044853,0.00289081204056824,0.0249681613263044,-1.88022124286313,-0.307549165527874,8.20605459663454,-2.99347210044853,0.00289081204056824,0.0249681613263044,-1.88022124286313,5.55111512312578e-17,3.5527136788005e-15,2.66453525910038e-15,4.33680868994202e-19,4.85722573273506e-17,6.66133814775094e-16,TRUE,TRUE
"P52943",-0.249442565773917,7.95101101224923,-2.99140411487274,0.0029109120048662,0.0249681613263044,-1.88512798605417,-0.249442565773917,7.95101101224923,-2.99140411487274,0.0029109120048662,0.0249681613263044,-1.88512798605417,2.22044604925031e-16,1.77635683940025e-15,3.10862446895044e-15,4.77048955893622e-18,4.85722573273506e-17,4.44089209850063e-16,TRUE,TRUE
"Q8TD06",-0.29970231594734,8.06156396628907,-2.98703807279774,0.00295735349504457,0.0249681613263044,-1.88770744880588,-0.29970231594734,8.06156396628907,-2.98703807279774,0.00295735349504457,0.0249681613263044,-1.88770744880588,2.22044604925031e-16,0,1.33226762955019e-15,2.16840434497101e-18,4.85722573273506e-17,4.21884749357559e-15,TRUE,TRUE
"Q9H8J5",-0.30196032429328,10.6626319630852,-2.98562014383353,0.0029637052519194,0.0249681613263044,-1.90276750539101,-0.30196032429328,10.6626319630852,-2.98562014383353,0.0029637052519194,0.0249681613263044,-1.90276750539101,4.44089209850063e-16,4.61852778244065e-14,3.5527136788005e-15,4.33680868994202e-18,4.85722573273506e-17,2.44249065417534e-15,TRUE,TRUE
"A1L4H1",-0.272344644166798,11.5110008924975,-2.98461036322816,0.00297333720920706,0.0249681613263044,-1.90559313327173,-0.272344644166798,11.5110008924975,-2.98461036322816,0.00297333720920707,0.0249681613263044,-1.90559313327173,4.9960036108132e-16,3.73034936274053e-14,2.22044604925031e-15,5.20417042793042e-18,4.85722573273506e-17,1.99840144432528e-15,TRUE,TRUE
"Q9NYQ6",-0.282068850695751,8.54993929967085,-2.98421536465183,0.00297737488619112,0.0249681613263044,-1.90645624376896,-0.282068850695751,8.54993929967085,-2.98421536465183,0.00297737488619112,0.0249681613263044,-1.90645624376896,5.55111512312578e-17,0,1.77635683940025e-15,3.90312782094782e-18,4.85722573273506e-17,1.77635683940025e-15,TRUE,TRUE
"P00736",-0.281890875447919,15.7427185587393,-2.97429614007793,0.00307337458077179,0.0256233671443416,-1.93440219167009,-0.281890875447919,15.7427185587393,-2.97429614007793,0.0030733745807718,0.0256233671443416,-1.93440219167009,2.22044604925031e-16,1.77635683940025e-14,4.44089209850063e-16,5.63785129692462e-18,3.46944695195361e-18,1.77635683940025e-15,TRUE,TRUE
"P80108",-0.222537114178104,13.9926130962551,-2.96917709451745,0.00312415861503492,0.0258962049361854,-1.94866466786838,-0.222537114178104,13.9926130962551,-2.96917709451745,0.00312415861503493,0.0258962049361855,-1.94866466786838,2.77555756156289e-16,1.77635683940025e-14,3.10862446895044e-15,6.50521303491303e-18,6.24500451351651e-17,4.44089209850063e-15,TRUE,TRUE
"Q8WWZ8",-0.605686218453402,10.3959110692191,-2.96229132828535,0.00319367987837037,0.0263115595784522,-1.96781211524962,-0.605686218453402,10.3959110692191,-2.96229132828535,0.00319367987837037,0.0263115595784522,-1.96781211524962,4.44089209850063e-16,4.08562073062058e-14,4.44089209850063e-16,4.77048955893622e-18,3.46944695195361e-18,0,TRUE,TRUE
"Q15293",-0.27650235161836,10.5406115393328,-2.96060065418322,0.00321096438370232,0.0263115595784522,-1.97250686072243,-0.27650235161836,10.5406115393328,-2.96060065418322,0.00321096438370233,0.0263115595784522,-1.97250686072243,0,2.66453525910038e-14,4.44089209850063e-16,5.20417042793042e-18,3.46944695195361e-18,2.88657986402541e-15,TRUE,TRUE
"Q16706",-0.185318254675012,9.45858734553247,-2.95100458523097,0.00331069929450749,0.0269746749336576,-1.99910467416631,-0.185318254675012,9.45858734553247,-2.95100458523097,0.0033106992945075,0.0269746749336577,-1.99910467416631,2.77555756156289e-16,3.5527136788005e-15,4.44089209850063e-15,9.54097911787244e-18,9.71445146547012e-17,3.33066907387547e-15,TRUE,TRUE
"P15291",-0.220079850213354,8.76843422974652,-2.93688005488127,0.00346265419469449,0.0280533678824401,-2.03810254102448,-0.220079850213354,8.76843422974652,-2.93688005488127,0.00346265419469449,0.0280533678824401,-2.03810254102448,8.32667268468867e-17,3.5527136788005e-15,2.66453525910038e-15,4.33680868994202e-18,3.12250225675825e-17,2.22044604925031e-15,TRUE,TRUE
"P07942",-0.277385771508028,9.9521803158994,-2.93215686740116,0.00351487061609749,0.0283164295701337,-2.05110296286406,-0.277385771508028,9.9521803158994,-2.93215686740116,0.0035148706160975,0.0283164295701338,-2.05110296286406,1.11022302462516e-16,1.77635683940025e-15,1.77635683940025e-15,6.50521303491303e-18,6.59194920871187e-17,2.66453525910038e-15,TRUE,TRUE
"P01011",-0.266744612621203,12.4322410209453,-2.92302951839007,0.00361781750397806,0.0289829625737684,-2.07616843251076,-0.266744612621203,12.4322410209453,-2.92302951839007,0.00361781750397807,0.0289829625737685,-2.07616843251075,2.77555756156289e-16,1.24344978758018e-14,8.88178419700125e-16,9.97465998686664e-18,5.20417042793042e-17,5.77315972805081e-15,TRUE,TRUE
"Q99969",-0.2734710909269,12.6740520470718,-2.92078636077397,0.0036435354244441,0.029026832214738,-2.08231702226977,-0.2734710909269,12.6740520470718,-2.92078636077397,0.0036435354244441,0.029026832214738,-2.08231702226977,4.9960036108132e-16,1.77635683940025e-15,3.99680288865056e-15,8.67361737988404e-19,1.04083408558608e-17,3.5527136788005e-15,TRUE,TRUE
"Q13217",-0.336995983888675,9.75793109598678,-2.91443259731054,0.0037175898580943,0.0293706507398877,-2.09945037255568,-0.336995983888675,9.75793109598678,-2.91443259731054,0.0037175898580943,0.0293706507398877,-2.09945037255568,3.33066907387547e-16,3.5527136788005e-15,4.44089209850063e-16,2.16840434497101e-18,4.16333634234434e-17,1.33226762955019e-15,TRUE,TRUE
"Q9NS62",-0.233292211733797,9.39777268852531,-2.91362598518589,0.00372765581217542,0.0293706507398877,-2.09984300432831,-0.233292211733797,9.39777268852531,-2.91362598518589,0.00372765581217542,0.0293706507398877,-2.09984300432831,2.22044604925031e-16,1.77635683940025e-15,1.33226762955019e-15,8.67361737988404e-19,4.16333634234434e-17,1.77635683940025e-15,TRUE,TRUE
"O43505",-0.291127936697015,6.92739931445802,-2.90975883974141,0.00381381556619615,0.029533879018191,-2.06310524622,-0.291127936697015,6.92739931445802,-2.90975883974141,0.00381381556619615,0.029533879018191,-2.06310524622,4.44089209850063e-16,8.88178419700125e-16,3.10862446895044e-15,3.03576608295941e-18,3.46944695195361e-18,1.77635683940025e-15,TRUE,TRUE
"Q14574",-0.370787890857295,11.9750992507169,-2.90415867411668,0.00383943220226742,0.029533879018191,-2.1277520038861,-0.370787890857295,11.9750992507169,-2.90415867411668,0.00383943220226742,0.029533879018191,-2.1277520038861,4.44089209850063e-16,3.90798504668055e-14,1.77635683940025e-15,3.46944695195361e-18,3.46944695195361e-18,8.88178419700125e-16,TRUE,TRUE
"Q09327",-0.311716429751576,7.51174105797776,-2.90466172712863,0.00384626946495227,0.029533879018191,-2.09767387873036,-0.311716429751576,7.51174105797776,-2.90466172712863,0.00384626946495227,0.029533879018191,-2.09767387873036,2.22044604925031e-16,0,3.5527136788005e-15,8.67361737988404e-19,3.46944695195361e-18,2.66453525910038e-15,TRUE,TRUE
"Q07954",-0.409638795159573,10.8348134453399,-2.90354116593597,0.00384688875326,0.029533879018191,-2.1294345111624,-0.409638795159573,10.8348134453399,-2.90354116593597,0.00384688875326,0.029533879018191,-2.1294345111624,0,1.77635683940025e-14,2.66453525910038e-15,4.33680868994202e-18,3.46944695195361e-18,1.33226762955019e-15,TRUE,TRUE
"Q9Y625",-0.264424592605062,8.46083034028952,-2.90359062617944,0.0038513496348687,0.029533879018191,-2.12300843722168,-0.264424592605062,8.46083034028952,-2.90359062617944,0.0038513496348687,0.029533879018191,-2.12300843722168,1.11022302462516e-16,3.5527136788005e-15,0,1.30104260698261e-18,3.46944695195361e-18,4.44089209850063e-16,TRUE,TRUE
"Q8N3T1",-0.275596594748105,7.20070048461002,-2.90006590970436,0.00389788816366659,0.0297317639717973,-2.1265410371923,-0.275596594748105,7.20070048461002,-2.90006590970436,0.00389788816366659,0.0297317639717973,-2.1265410371923,1.66533453693773e-16,3.5527136788005e-15,1.33226762955019e-15,3.90312782094782e-18,4.5102810375397e-17,8.88178419700125e-16,TRUE,TRUE
"P07355",-0.259258488680407,9.09851511318522,-2.89579513611493,0.00394155125313008,0.0299057380793044,-2.15051052544669,-0.259258488680407,9.09851511318522,-2.89579513611493,0.00394155125313008,0.0299057380793044,-2.15051052544668,2.22044604925031e-16,1.77635683940025e-15,3.99680288865056e-15,1.73472347597681e-18,0,5.32907051820075e-15,TRUE,TRUE
"P19320",-0.162930886270264,10.0822398176976,-2.89005072878367,0.00401311712493814,0.0302884734587436,-2.16610522004098,-0.162930886270264,10.0822398176976,-2.89005072878367,0.00401311712493814,0.0302884734587437,-2.16610522004098,3.60822483003176e-16,3.5527136788005e-15,3.5527136788005e-15,3.46944695195361e-18,7.28583859910259e-17,1.77635683940025e-15,TRUE,TRUE
"Q9UHF0",-0.357022814377159,7.85842642136385,-2.8888155636543,0.00406924871175463,0.0304074113461027,-2.14011917068488,-0.357022814377159,7.85842642136385,-2.8888155636543,0.00406924871175463,0.0304074113461027,-2.14011917068488,2.22044604925031e-16,3.5527136788005e-15,8.88178419700125e-16,3.46944695195361e-18,0,2.66453525910038e-15,TRUE,TRUE
"Q86TH1",-0.30193394862134,9.02453794597641,-2.88545003587884,0.00407128520115182,0.0304074113461027,-2.17857341294891,-0.30193394862134,9.02453794597641,-2.88545003587884,0.00407128520115183,0.0304074113461027,-2.17857341294891,2.77555756156289e-16,1.77635683940025e-15,2.22044604925031e-15,6.07153216591882e-18,0,1.77635683940025e-15,TRUE,TRUE
"Q08554",-0.334259103717493,10.2262778523657,-2.87940719238527,0.00414917403048705,0.0308285780296292,-2.19354274380321,-0.334259103717493,10.2262778523657,-2.87940719238527,0.00414917403048705,0.0308285780296292,-2.19354274380321,3.33066907387547e-16,2.1316282072803e-14,3.5527136788005e-15,1.73472347597681e-18,2.08166817117217e-17,1.33226762955019e-15,TRUE,TRUE
"P08833",-0.352034235171971,10.056158224592,-2.87362980297408,0.00422590448398608,0.0311800080650509,-2.20942657528866,-0.352034235171971,10.056158224592,-2.87362980297408,0.00422590448398608,0.031180008065051,-2.20942657528866,4.9960036108132e-16,3.73034936274053e-14,2.22044604925031e-15,8.67361737988404e-19,1.07552855510562e-16,3.99680288865056e-15,TRUE,TRUE
"P78509",-0.334544386095981,11.7936462855301,-2.87243952669659,0.00423995925570776,0.0311800080650509,-2.21372881669694,-0.334544386095981,11.7936462855301,-2.87243952669659,0.00423995925570777,0.031180008065051,-2.21372881669694,1.66533453693773e-16,2.8421709430404e-14,1.77635683940025e-15,1.30104260698261e-17,1.07552855510562e-16,3.5527136788005e-15,TRUE,TRUE
"Q15166",-0.193904543197643,16.1902261268496,-2.86587454013501,0.00432746168856932,0.0316209336344992,-2.23140959033246,-0.193904543197643,16.1902261268496,-2.86587454013501,0.00432746168856933,0.0316209336344992,-2.23140959033245,1.66533453693773e-16,1.77635683940025e-14,2.66453525910038e-15,1.04083408558608e-17,4.16333634234434e-17,5.32907051820075e-15,TRUE,TRUE
"P35625",-0.369667180512963,8.9238477481363,-2.86502305665445,0.0043440194741955,0.0316209336344992,-2.22526706133245,-0.369667180512963,8.9238477481363,-2.86502305665445,0.0043440194741955,0.0316209336344992,-2.22526706133245,4.44089209850063e-16,0,3.99680288865056e-15,2.60208521396521e-18,4.16333634234434e-17,3.5527136788005e-15,TRUE,TRUE
"P14543",-0.280114957561084,12.1827363047751,-2.86018511564809,0.00440461871750771,0.0319001173783134,-2.24670065302132,-0.280114957561084,12.1827363047751,-2.86018511564809,0.00440461871750771,0.0319001173783134,-2.24670065302132,5.55111512312578e-17,4.79616346638068e-14,3.99680288865056e-15,1.73472347597681e-18,0,3.99680288865056e-15,TRUE,TRUE
"Q6ZN30",-0.253181013609394,15.4410483494086,-2.85616863219272,0.00446680650209376,0.0321794129002044,-2.2496641248578,-0.253181013609394,15.4410483494086,-2.85616863219272,0.00446680650209376,0.0321794129002045,-2.2496641248578,1.66533453693773e-16,3.5527136788005e-15,0,8.67361737988404e-19,6.93889390390723e-17,2.22044604925031e-15,TRUE,TRUE
"Q08722",-0.402388829694333,8.23883829507143,-2.85635171549646,0.00449531680922354,0.0321794129002044,-2.21536598700802,-0.402388829694333,8.23883829507143,-2.85635171549646,0.00449531680922353,0.0321794129002045,-2.21536598700802,0,0,4.44089209850063e-16,8.67361737988404e-18,6.93889390390723e-17,1.33226762955019e-15,TRUE,TRUE
"Q6UXI9",-0.303108420719528,11.0646983569581,-2.85153859165695,0.00452427465625241,0.0321794129002044,-2.26988301185465,-0.303108420719528,11.0646983569581,-2.85153859165695,0.00452427465625241,0.0321794129002045,-2.26988301185465,4.9960036108132e-16,3.5527136788005e-15,2.66453525910038e-15,1.73472347597681e-18,6.93889390390723e-17,3.5527136788005e-15,TRUE,TRUE
"Q6E0U4",-0.329969550091183,9.8383231057984,-2.85092024823476,0.00453294379765781,0.0321794129002044,-2.27153826206646,-0.329969550091183,9.8383231057984,-2.85092024823476,0.00453294379765781,0.0321794129002045,-2.27153826206646,4.44089209850063e-16,1.77635683940025e-15,3.10862446895044e-15,2.60208521396521e-18,6.93889390390723e-17,4.44089209850063e-16,TRUE,TRUE
"P35030",-0.226757645251675,11.2633780653342,-2.84914263409347,0.0045579499708762,0.0321975382179137,-2.27629484193815,-0.226757645251675,11.2633780653342,-2.84914263409347,0.0045579499708762,0.0321975382179137,-2.27629484193815,3.05311331771918e-16,1.24344978758018e-14,2.66453525910038e-15,3.46944695195361e-18,2.77555756156289e-17,3.5527136788005e-15,TRUE,TRUE
"P16150",-0.253775326611992,11.7068321898301,-2.8367527216541,0.00473575159977451,0.0332895480101797,-2.30936829774329,-0.253775326611992,11.7068321898301,-2.8367527216541,0.00473575159977451,0.0332895480101797,-2.30936829774329,2.22044604925031e-16,3.73034936274053e-14,4.88498130835069e-15,8.67361737988404e-19,4.85722573273506e-17,4.88498130835069e-15,TRUE,TRUE
"P98164",-0.481314449975043,10.2936522238606,-2.83020333815534,0.00486602289478391,0.0340384235664396,-2.28049335332706,-0.481314449975043,10.2936522238606,-2.83020333815534,0.00486602289478391,0.0340384235664396,-2.28049335332706,2.22044604925031e-16,4.61852778244065e-14,2.22044604925031e-15,1.73472347597681e-18,3.46944695195361e-17,8.88178419700125e-16,TRUE,TRUE
"Q5D862",-0.313154762533696,9.72044929392317,-2.80993135931901,0.0051449843482798,0.0358150852205497,-2.37357182883612,-0.313154762533696,9.72044929392317,-2.80993135931901,0.0051449843482798,0.0358150852205497,-2.37357182883612,3.33066907387547e-16,1.77635683940025e-15,4.88498130835069e-15,2.60208521396521e-18,4.16333634234434e-17,0,TRUE,TRUE
"Q16270",-0.28014361831114,10.7307720236852,-2.80379278562649,0.00523981018994074,0.0362334519700918,-2.39667161760692,-0.28014361831114,10.7307720236852,-2.80379278562648,0.00523981018994075,0.0362334519700918,-2.39667161760692,1.11022302462516e-16,4.79616346638068e-14,5.32907051820075e-15,6.07153216591882e-18,0,1.77635683940025e-15,TRUE,TRUE
"P55291",-0.349854445958238,7.85112566053338,-2.8032844970876,0.00525561925368138,0.0362334519700918,-2.38265593968557,-0.349854445958238,7.85112566053338,-2.8032844970876,0.00525561925368138,0.0362334519700918,-2.38265593968557,0,4.44089209850063e-15,0,3.46944695195361e-18,0,2.22044604925031e-15,TRUE,TRUE
"Q96EE4",-0.198086430051122,8.58773230347274,-2.79270462694413,0.00542000990826334,0.0369051920761932,-2.42581944805013,-0.198086430051122,8.58773230347274,-2.79270462694413,0.00542000990826335,0.0369051920761933,-2.42581944805012,1.94289029309402e-16,5.32907051820075e-15,3.99680288865056e-15,1.04083408558608e-17,9.71445146547012e-17,5.77315972805081e-15,TRUE,TRUE
"P08195",-0.238850832608696,7.34264566609518,-2.79160041998521,0.0054401584026257,0.0369051920761932,-2.42293597694644,-0.238850832608696,7.34264566609518,-2.79160041998521,0.0054401584026257,0.0369051920761933,-2.42293597694644,0,0,4.88498130835069e-15,8.67361737988404e-19,9.71445146547012e-17,4.44089209850063e-15,TRUE,TRUE
"Q9H0B8",-0.453311755660997,7.3761908131981,-2.79230874909665,0.00547612527779161,0.0369051920761932,-2.36973336040644,-0.453311755660997,7.3761908131981,-2.79230874909665,0.0054761252777916,0.0369051920761933,-2.36973336040644,1.11022302462516e-16,4.44089209850063e-15,4.88498130835069e-15,6.07153216591882e-18,9.71445146547012e-17,3.99680288865056e-15,TRUE,TRUE
"Q8TER0",-0.239364621682418,9.20717810656895,-2.78917015352181,0.00547861897849081,0.0369051920761932,-2.43508712033858,-0.239364621682418,9.20717810656895,-2.78917015352181,0.00547861897849081,0.0369051920761933,-2.43508712033863,3.33066907387547e-16,1.77635683940025e-15,3.5527136788005e-15,0,9.71445146547012e-17,5.24025267623074e-14,TRUE,TRUE
"Q9NPG4",-0.285387676214157,9.59185789561415,-2.7882349779364,0.00549422185621597,0.0369051920761932,-2.43753732294498,-0.285387676214157,9.59185789561415,-2.7882349779364,0.00549422185621597,0.0369051920761933,-2.43753732294498,2.77555756156289e-16,3.5527136788005e-15,4.88498130835069e-15,3.46944695195361e-18,9.71445146547012e-17,3.10862446895044e-15,TRUE,TRUE
"P08575",-0.207999322792395,10.3628173713372,-2.78744285764054,0.00550746938933428,0.0369051920761932,-2.43961209134104,-0.207999322792395,10.3628173713372,-2.78744285764054,0.00550746938933429,0.0369051920761933,-2.43961209134104,3.60822483003176e-16,3.90798504668055e-14,2.66453525910038e-15,6.07153216591882e-18,9.71445146547012e-17,1.33226762955019e-15,TRUE,TRUE
"Q9UBP4",-0.233401783000335,10.6168891899377,-2.7847783092506,0.00555224415102058,0.0370321772677373,-2.446587041344,-0.233401783000335,10.6168891899377,-2.7847783092506,0.00555224415102058,0.0370321772677373,-2.44658704134399,4.16333634234434e-16,2.66453525910038e-14,3.10862446895044e-15,8.67361737988404e-19,2.77555756156289e-17,4.88498130835069e-15,TRUE,TRUE
"P41222",-0.194943625925434,9.7018591666354,-2.77425656796931,0.00573228693594425,0.0379146367242385,-2.4740664811843,-0.194943625925434,9.7018591666354,-2.77425656796931,0.00573228693594427,0.0379146367242385,-2.4740664811843,4.71844785465692e-16,0,2.22044604925031e-15,2.42861286636753e-17,2.08166817117217e-17,1.77635683940025e-15,TRUE,TRUE
"Q13609",-0.333635306522108,7.5187821663947,-2.77435300029948,0.00573743108030667,0.0379146367242385,-2.46422709060767,-0.333635306522108,7.5187821663947,-2.77435300029948,0.00573743108030667,0.0379146367242385,-2.46422709060767,2.77555756156289e-16,4.44089209850063e-15,0,3.46944695195361e-18,2.08166817117217e-17,3.5527136788005e-15,TRUE,TRUE
"O75339",-0.27351369897152,9.72981043169935,-2.77141264630977,0.00578184886287035,0.0380328957309912,-2.4814765896599,-0.27351369897152,9.72981043169935,-2.77141264630977,0.00578184886287035,0.0380328957309912,-2.4814765896599,1.11022302462516e-16,1.77635683940025e-15,1.77635683940025e-15,1.73472347597681e-18,1.38777878078145e-17,1.33226762955019e-15,TRUE,TRUE
"P08238",-0.234764218216146,12.9432715320142,-2.76853612675945,0.00583237275277272,0.0381900572030871,-2.48896414022105,-0.234764218216146,12.9432715320142,-2.76853612675945,0.00583237275277273,0.0381900572030872,-2.48896414022105,1.94289029309402e-16,1.77635683940025e-14,3.5527136788005e-15,6.93889390390723e-18,6.93889390390723e-17,3.99680288865056e-15,TRUE,TRUE
"Q99542",-0.241552947574224,11.0254164838195,-2.7664793423082,0.00586874299600673,0.0382458119101941,-2.49431330683255,-0.241552947574224,11.0254164838195,-2.7664793423082,0.00586874299600673,0.0382458119101941,-2.49431330683255,2.77555756156289e-17,2.48689957516035e-14,4.44089209850063e-16,8.67361737988404e-19,4.16333634234434e-17,3.99680288865056e-15,TRUE,TRUE
"P04233",-0.222200729948437,9.29893092877623,-2.76513417588583,0.00589422903218473,0.0382458119101941,-2.49436095077785,-0.222200729948437,9.29893092877623,-2.76513417588583,0.00589422903218473,0.0382458119101941,-2.49436095077785,2.4980018054066e-16,3.5527136788005e-15,4.44089209850063e-16,1.73472347597681e-18,4.16333634234434e-17,2.22044604925031e-15,TRUE,TRUE
"O60245",-0.330959017285474,6.86650584901509,-2.76426181753042,0.0059478060518977,0.0382909821776414,-2.45247730963412,-0.330959017285474,6.86650584901509,-2.76426181753042,0.00594780605189769,0.0382909821776414,-2.45247730963412,3.88578058618805e-16,8.88178419700125e-16,3.99680288865056e-15,1.30104260698261e-17,3.46944695195361e-17,3.10862446895044e-15,TRUE,TRUE
"Q7Z7M9",-0.233993591837632,7.51042260469756,-2.76242232527861,0.00595459485747143,0.0382909821776414,-2.48256711719521,-0.233993591837632,7.51042260469756,-2.76242232527861,0.00595459485747144,0.0382909821776414,-2.48256711719521,1.38777878078145e-16,3.5527136788005e-15,3.10862446895044e-15,6.07153216591882e-18,3.46944695195361e-17,4.88498130835069e-15,TRUE,TRUE
"P39060",-0.215702776824871,14.1331964245221,-2.75312091807389,0.00610999299616138,0.0389796815457881,-2.52896130771104,-0.215702776824871,14.1331964245221,-2.75312091807389,0.00610999299616139,0.0389796815457882,-2.52896130771104,3.88578058618805e-16,5.32907051820075e-15,2.66453525910038e-15,8.67361737988404e-18,8.32667268468867e-17,2.66453525910038e-15,TRUE,TRUE
"Q8WWV6",-0.282427471328401,10.3210369568537,-2.75191601943932,0.00613259159708477,0.0389796815457881,-2.53178618580468,-0.282427471328401,10.3210369568537,-2.75191601943932,0.00613259159708477,0.0389796815457882,-2.53178618580468,4.9960036108132e-16,3.5527136788005e-14,8.88178419700125e-16,1.73472347597681e-18,8.32667268468867e-17,3.99680288865056e-15,TRUE,TRUE
"Q9BYE9",-0.380813061372482,9.3211487711656,-2.75131741084823,0.00614324130359004,0.0389796815457881,-2.5336266381504,-0.380813061372482,9.3211487711656,-2.75131741084823,0.00614324130359005,0.0389796815457882,-2.5336266381504,5.55111512312578e-17,3.5527136788005e-15,1.33226762955019e-15,7.80625564189563e-18,8.32667268468867e-17,3.10862446895044e-15,TRUE,TRUE
"Q9H1Z8",-0.253334564529744,7.34562600262294,-2.74718174419348,0.00624513039612495,0.0394516166874149,-2.50564484505339,-0.253334564529744,7.34562600262294,-2.74718174419348,0.00624513039612495,0.0394516166874149,-2.50564484505339,4.44089209850063e-16,8.88178419700125e-16,8.88178419700125e-16,0,1.38777878078145e-17,3.99680288865056e-15,TRUE,TRUE
"Q9UBS9",-0.264965397549887,7.97251842963129,-2.74085322531567,0.00634444506951631,0.0398719515876813,-2.55045694158351,-0.264965397549887,7.97251842963129,-2.74085322531567,0.00634444506951631,0.0398719515876813,-2.55045694158351,3.33066907387547e-16,8.88178419700125e-16,0,1.73472347597681e-18,2.77555756156289e-17,4.44089209850063e-15,TRUE,TRUE
"P01275",-0.355378844900882,8.5357857833907,-2.73943300145013,0.00636727818241214,0.0398719515876813,-2.56132745181591,-0.355378844900882,8.5357857833907,-2.73943300145013,0.00636727818241214,0.0398719515876813,-2.56132745181591,3.33066907387547e-16,1.77635683940025e-15,4.44089209850063e-15,2.60208521396521e-18,2.77555756156289e-17,4.44089209850063e-15,TRUE,TRUE
"Q99784",-0.232311989012283,8.99926726650334,-2.73527138903328,0.00644632741200386,0.0401338173643078,-2.5750040846624,-0.232311989012283,8.99926726650334,-2.73527138903328,0.00644632741200386,0.0401338173643078,-2.5750040846624,1.11022302462516e-16,3.5527136788005e-15,3.5527136788005e-15,4.33680868994202e-18,3.46944695195361e-17,2.66453525910038e-15,TRUE,TRUE
"P60033",-0.245966667528393,10.7007451178476,-2.73452048174397,0.00646507099801612,0.0401338173643078,-2.57183940212593,-0.245966667528393,10.7007451178476,-2.73452048174397,0.00646507099801612,0.0401338173643078,-2.57183940212593,3.05311331771918e-16,5.32907051820075e-15,8.88178419700125e-16,4.33680868994202e-18,3.46944695195361e-17,4.88498130835069e-15,TRUE,TRUE
"O15031",-0.277159877752512,7.25153157887261,-2.7299919400809,0.00657738086208638,0.0406550179147925,-2.56646881908897,-0.277159877752512,7.25153157887261,-2.7299919400809,0.00657738086208638,0.0406550179147925,-2.56646881908897,2.77555756156289e-16,0,4.44089209850063e-16,3.46944695195361e-18,1.38777878078145e-17,4.88498130835069e-15,TRUE,TRUE
"Q9NQ38",-0.306565365700257,8.86406303968596,-2.72025282079829,0.00674387655173244,0.0414059543430883,-2.60746947853269,-0.306565365700257,8.86406303968596,-2.72025282079829,0.00674387655173242,0.0414059543430883,-2.60746947853269,2.77555756156289e-16,1.77635683940025e-15,1.33226762955019e-15,1.56125112837913e-17,6.93889390390723e-18,2.66453525910038e-15,TRUE,TRUE
"Q11201",-0.355818971416977,8.11844883503902,-2.72180814906413,0.00675662016477173,0.0414059543430883,-2.56094427772983,-0.355818971416977,8.11844883503902,-2.72180814906413,0.00675662016477173,0.0414059543430883,-2.56094427772983,2.77555756156289e-16,3.5527136788005e-15,2.22044604925031e-15,1.73472347597681e-18,6.93889390390723e-18,3.10862446895044e-15,TRUE,TRUE
"A6NDG6",-0.273731301983248,7.29856461672947,-2.71863777337831,0.00679831352649796,0.0414841770085024,-2.59176965481128,-0.273731301983248,7.29856461672947,-2.71863777337831,0.00679831352649796,0.0414841770085024,-2.59176965481128,1.11022302462516e-16,4.44089209850063e-15,4.44089209850063e-16,8.67361737988404e-19,4.16333634234434e-17,8.88178419700125e-16,TRUE,TRUE
"Q08174",-0.280765091853819,9.56417662809902,-2.71419349993754,0.00686494275061268,0.0415314082900168,-2.62900021782934,-0.280765091853819,9.56417662809902,-2.71419349993754,0.00686494275061269,0.0415314082900169,-2.62900021782934,3.88578058618805e-16,1.77635683940025e-15,3.10862446895044e-15,6.07153216591882e-18,9.71445146547012e-17,3.10862446895044e-15,TRUE,TRUE
"Q8TDL5",-0.262831734242852,10.8404710350567,-2.71289860004957,0.00689144137931877,0.0415314082900168,-2.63230420091993,-0.262831734242852,10.8404710350567,-2.71289860004957,0.00689144137931877,0.0415314082900169,-2.63230420091993,3.33066907387547e-16,2.1316282072803e-14,3.99680288865056e-15,0,9.71445146547012e-17,4.44089209850063e-16,TRUE,TRUE
"Q9NRB3",-0.263044446134774,9.56108809663708,-2.71282552831406,0.00689293945120224,0.0415314082900168,-2.63249060043328,-0.263044446134774,9.56108809663708,-2.71282552831406,0.00689293945120225,0.0415314082900169,-2.63249060043328,2.77555756156289e-16,1.77635683940025e-15,8.88178419700125e-16,6.07153216591882e-18,9.71445146547012e-17,3.10862446895044e-15,TRUE,TRUE
"O14645",-0.314808493026346,11.3959261975532,-2.71175662203875,0.00693108960382073,0.0415865376229244,-2.61111906173299,-0.314808493026346,11.3959261975532,-2.71175662203875,0.00693108960382073,0.0415865376229244,-2.61111906173299,1.66533453693773e-16,1.24344978758018e-14,4.44089209850063e-16,0,2.08166817117217e-17,3.10862446895044e-15,TRUE,TRUE
"Q15438",-0.339959923833076,9.7178601519215,-2.70575365316631,0.00706947366493631,0.0422401051479944,-2.60855290117431,-0.339959923833076,9.7178601519215,-2.70575365316631,0.00706947366493631,0.0422401051479944,-2.60855290117431,1.66533453693773e-16,5.32907051820075e-15,3.10862446895044e-15,3.46944695195361e-18,2.77555756156289e-17,1.33226762955019e-15,TRUE,TRUE
"P48740",-0.277617067480957,13.6339737745166,-2.69994334345835,0.00716167314931114,0.0426134410627061,-2.66527573742111,-0.277617067480957,13.6339737745166,-2.69994334345835,0.00716167314931115,0.0426134410627062,-2.66527573742111,5.55111512312578e-17,1.4210854715202e-14,4.44089209850063e-16,1.04083408558608e-17,8.32667268468867e-17,2.22044604925031e-15,TRUE,TRUE
"Q9BYJ0",-0.272980237252302,10.4278262147083,-2.69588135744358,0.00724834486030071,0.0429509360730216,-2.67558206432004,-0.272980237252302,10.4278262147083,-2.69588135744358,0.00724834486030072,0.0429509360730216,-2.67558206432004,2.22044604925031e-16,2.66453525910038e-14,3.10862446895044e-15,6.07153216591882e-18,0,2.22044604925031e-15,TRUE,TRUE
"Q15599",-0.287811132520919,6.91723309314914,-2.69324898037272,0.00733927876510386,0.0433108055520944,-2.64190342874949,-0.287811132520919,6.91723309314914,-2.69324898037272,0.00733927876510386,0.0433108055520944,-2.64190342874949,1.66533453693773e-16,5.32907051820075e-15,4.44089209850063e-16,1.73472347597681e-18,6.93889390390723e-18,2.22044604925031e-15,TRUE,TRUE
"P12830",-0.26114263492253,10.6249873131711,-2.68819831376374,0.00741486560851733,0.0435775298467781,-2.69503476165989,-0.26114263492253,10.6249873131711,-2.68819831376374,0.00741486560851735,0.0435775298467782,-2.69503476165989,1.11022302462516e-16,3.01980662698043e-14,2.66453525910038e-15,1.82145964977565e-17,8.32667268468867e-17,3.10862446895044e-15,TRUE,TRUE
"P07307",-0.327651646624734,7.51681961779253,-2.68198111841902,0.00757946068480314,0.0443630474367661,-2.69015492197895,-0.327651646624734,7.51681961779253,-2.68198111841902,0.00757946068480313,0.0443630474367661,-2.69015492197895,3.33066907387547e-16,0,3.99680288865056e-15,5.20417042793042e-18,6.93889390390723e-18,1.77635683940025e-15,TRUE,TRUE
"P27169",-0.199260730955679,16.6344859599093,-2.67804273289023,0.00764025425474294,0.0444591551843874,-2.72066493199291,-0.199260730955679,16.6344859599093,-2.67804273289023,0.00764025425474295,0.0444591551843875,-2.72066493199291,1.38777878078145e-16,7.105427357601e-15,2.66453525910038e-15,6.93889390390723e-18,6.93889390390723e-17,2.66453525910038e-15,TRUE,TRUE
"Q7Z7G0",-0.20097481755092,13.2619748609732,-2.6772595996837,0.00765788795714343,0.0444591551843874,-2.72263745277241,-0.20097481755092,13.2619748609732,-2.6772595996837,0.00765788795714345,0.0444591551843875,-2.72263745277241,1.66533453693773e-16,3.90798504668055e-14,2.66453525910038e-15,1.82145964977565e-17,6.93889390390723e-17,1.77635683940025e-15,TRUE,TRUE
"Q8NFU4",-0.316523061591061,10.7797888315624,-2.66685924721321,0.00791246797694757,0.0457519317699307,-2.72921690903423,-0.316523061591061,10.7797888315624,-2.66685924721321,0.00791246797694757,0.0457519317699307,-2.72921690903423,2.77555756156289e-16,4.08562073062058e-14,1.77635683940025e-15,3.46944695195361e-18,1.38777878078145e-17,2.22044604925031e-15,TRUE,TRUE
"Q641Q3",-0.296227815109768,8.20933482721477,-2.66429427656734,0.00797163047451625,0.045908908033961,-2.72471771240355,-0.296227815109768,8.20933482721477,-2.66429427656734,0.00797163047451625,0.045908908033961,-2.72471771240355,1.66533453693773e-16,3.5527136788005e-15,3.99680288865056e-15,3.46944695195361e-18,2.77555756156289e-17,2.22044604925031e-15,TRUE,TRUE
"P09871",-0.220802752235368,16.6449281024388,-2.661545896698,0.00801952955028882,0.0459445042393073,-2.76209796596121,-0.220802752235368,16.6449281024388,-2.661545896698,0.00801952955028884,0.0459445042393073,-2.76209796596127,1.66533453693773e-16,4.61852778244065e-14,4.44089209850063e-16,1.73472347597681e-17,2.77555756156289e-17,5.72875080706581e-14,TRUE,TRUE
"Q9Y6Z7",-0.286338713153581,14.4793507807971,-2.66059533769439,0.00804189021204053,0.0459445042393073,-2.76447778578149,-0.286338713153581,14.4793507807971,-2.66059533769439,0.00804189021204053,0.0459445042393073,-2.76447778578149,2.77555756156289e-16,2.8421709430404e-14,3.5527136788005e-15,3.46944695195361e-18,2.77555756156289e-17,4.88498130835069e-15,TRUE,TRUE
"P55157",-0.31134046985193,7.52973044151518,-2.65027683312179,0.00830077384640948,0.0472353559355206,-2.77485165108047,-0.31134046985193,7.52973044151518,-2.65027683312179,0.00830077384640949,0.0472353559355206,-2.77485165108047,2.22044604925031e-16,3.5527136788005e-15,4.44089209850063e-15,5.20417042793042e-18,4.16333634234434e-17,3.99680288865056e-15,TRUE,TRUE
"P15311",-0.222941052605151,8.1655479546288,-2.64715406101041,0.00836557245387371,0.0473520498537741,-2.79516192678308,-0.222941052605151,8.1655479546288,-2.64715406101041,0.00836557245387371,0.0473520498537741,-2.79516192678308,5.55111512312578e-17,1.77635683940025e-15,1.77635683940025e-15,3.46944695195361e-18,1.38777878078145e-17,8.88178419700125e-16,TRUE,TRUE
"P51148",-0.286829540044971,7.28598695620949,-2.64714228366317,0.00839572989411675,0.0473520498537741,-2.76823078534188,-0.286829540044971,7.28598695620949,-2.64714228366317,0.00839572989411675,0.0473520498537741,-2.76823078534188,3.88578058618805e-16,4.44089209850063e-15,4.88498130835069e-15,3.46944695195361e-18,1.38777878078145e-17,2.66453525910038e-15,TRUE,TRUE
"P13645",-0.318538944006621,14.3720868518528,-2.64485685538768,0.00842034359324434,0.0473520498537741,-2.80376056488313,-0.318538944006621,14.3720868518528,-2.64485685538768,0.00842034359324435,0.0473520498537741,-2.80376056488313,3.88578058618805e-16,3.73034936274053e-14,3.10862446895044e-15,1.21430643318376e-17,1.38777878078145e-17,3.10862446895044e-15,TRUE,TRUE
"P07333",-0.233644655041504,11.7107416919824,-2.63787691388414,0.00859324131004461,0.0481355782757968,-2.82110977002827,-0.233644655041504,11.7107416919824,-2.63787691388414,0.00859324131004463,0.0481355782757969,-2.82110977002827,3.33066907387547e-16,3.90798504668055e-14,4.44089209850063e-16,1.90819582357449e-17,6.24500451351651e-17,4.44089209850063e-15,TRUE,TRUE
"Q8NBP7",-0.234199722056703,11.9076921862924,-2.6229541679337,0.00897360506886928,0.0500706212792161,-2.85805191838551,-0.234199722056703,11.9076921862924,-2.6229541679337,0.0089736050688693,0.0500706212792163,-2.85805191838551,3.05311331771918e-16,0,2.22044604925031e-15,2.25514051876985e-17,1.59594559789866e-16,4.44089209850063e-16,FALSE,FALSE
"Q9NQ30",-0.227516633478968,9.49458803488336,-2.61762718608158,0.00911603927755129,0.0506682183101107,-2.86655978117677,-0.227516633478968,9.49458803488336,-2.61762718608158,0.0091160392775513,0.0506682183101107,-2.86655978117677,4.44089209850063e-16,5.32907051820075e-15,4.88498130835069e-15,1.04083408558608e-17,1.38777878078145e-17,1.77635683940025e-15,FALSE,FALSE
"O00592",-0.282802506058177,12.9048476261429,-2.61160819590126,0.00927281869579798,0.0513406255203641,-2.88600314430813,-0.282802506058177,12.9048476261429,-2.61160819590126,0.00927281869579799,0.0513406255203642,-2.88600314430813,5.55111512312578e-17,2.66453525910038e-14,1.33226762955019e-15,1.38777878078145e-17,8.32667268468867e-17,1.33226762955019e-15,FALSE,FALSE
"P11047",-0.261091340471138,9.26542368320038,-2.60184785921731,0.00953732711932329,0.0526020272658062,-2.90995378082983,-0.261091340471138,9.26542368320038,-2.60184785921731,0.00953732711932329,0.0526020272658062,-2.90995378082983,1.11022302462516e-16,0,1.33226762955019e-15,3.46944695195361e-18,2.77555756156289e-17,2.66453525910038e-15,FALSE,FALSE
"P02751",-0.232958711357112,13.8064220105094,-2.59766586582863,0.0096527109078313,0.0530344346430272,-2.92018916337874,-0.232958711357112,13.8064220105094,-2.59766586582863,0.00965271090783132,0.0530344346430272,-2.92018916337873,1.11022302462516e-16,2.1316282072803e-14,1.77635683940025e-15,1.73472347597681e-17,4.16333634234434e-17,5.77315972805081e-15,FALSE,FALSE
"Q9Y624",-0.244707399604128,8.15987962735892,-2.5957561594574,0.00971110562884039,0.0531516239380043,-2.92130364183063,-0.244707399604128,8.15987962735892,-2.5957561594574,0.00971110562884039,0.0531516239380043,-2.92130364183063,4.16333634234434e-16,5.32907051820075e-15,8.88178419700125e-16,1.73472347597681e-18,3.46944695195361e-17,4.88498130835069e-15,FALSE,FALSE
"P35908",-0.324099209395486,14.6817118010482,-2.5884908491743,0.00991023835467857,0.0537020187479925,-2.94258877777554,-0.324099209395486,14.6817118010482,-2.5884908491743,0.00991023835467857,0.0537020187479926,-2.94258877777554,2.22044604925031e-16,0,4.88498130835069e-15,3.46944695195361e-18,1.04083408558608e-16,4.88498130835069e-15,FALSE,FALSE
"P13987",-0.231420101076369,10.2741209241963,-2.58833532081029,0.00991946211478326,0.0537020187479925,-2.93590394486381,-0.231420101076369,10.2741209241963,-2.58833532081029,0.00991946211478326,0.0537020187479926,-2.93590394486381,4.44089209850063e-16,3.19744231092045e-14,3.10862446895044e-15,3.46944695195361e-18,1.04083408558608e-16,3.99680288865056e-15,FALSE,FALSE
"Q08830",-0.242654396206655,10.5343884455737,-2.58800611414518,0.00992401322748816,0.0537020187479925,-2.94377005033811,-0.242654396206655,10.5343884455737,-2.58800611414518,0.00992401322748817,0.0537020187479926,-2.94377005033811,2.77555756156289e-17,3.90798504668055e-14,3.99680288865056e-15,1.38777878078145e-17,1.04083408558608e-16,1.77635683940025e-15,FALSE,FALSE
"Q8IVW4",-0.268157043897482,10.7039918382996,-2.5818017941942,0.0101083497257665,0.0544158788787022,-2.94606913179775,-0.268157043897482,10.7039918382996,-2.5818017941942,0.0101083497257665,0.0544158788787022,-2.94606913179769,3.88578058618805e-16,4.9737991503207e-14,2.22044604925031e-15,2.42861286636753e-17,6.93889390390723e-18,5.90638649100583e-14,FALSE,FALSE
"Q9UKU9",-0.269911449793154,10.8524297525899,-2.58076519544169,0.0101318268205115,0.0544158788787022,-2.9613901370485,-0.269911449793154,10.8524297525899,-2.58076519544169,0.0101318268205115,0.0544158788787022,-2.9613901370485,2.77555756156289e-16,4.61852778244065e-14,1.77635683940025e-15,5.20417042793042e-18,6.93889390390723e-18,4.44089209850063e-16,FALSE,FALSE
"P01040",-0.31886075860459,10.1976676246588,-2.57897267796855,0.0101881919916672,0.0545144302837713,-2.9545388268286,-0.31886075860459,10.1976676246588,-2.57897267796855,0.0101881919916672,0.0545144302837713,-2.9545388268286,2.77555756156289e-16,4.08562073062058e-14,1.77635683940025e-15,3.46944695195361e-17,2.77555756156289e-17,1.33226762955019e-15,FALSE,FALSE
"P04264",-0.273907837901966,16.7632817540826,-2.56463189745737,0.0106088847585867,0.0564691236592092,-3.00047614305976,-0.273907837901966,16.7632817540826,-2.56463189745737,0.0106088847585867,0.0564691236592093,-3.00047614305975,5.55111512312578e-17,0,2.22044604925031e-15,6.93889390390723e-18,9.0205620750794e-17,5.32907051820075e-15,FALSE,FALSE
"Q9HDC9",-0.259866593120913,13.598423170542,-2.56385808122916,0.0106322617768385,0.0564691236592092,-3.0023448632611,-0.259866593120913,13.598423170542,-2.56385808122915,0.0106322617768386,0.0564691236592093,-3.0023448632611,0,1.59872115546023e-14,5.32907051820075e-15,6.93889390390723e-17,9.0205620750794e-17,3.5527136788005e-15,FALSE,FALSE
"Q8IZS8",-0.212784488191005,9.69851791463775,-2.5630677638588,0.0107204416186863,0.0565486243434219,-2.9405375746119,-0.212784488191005,9.69851791463775,-2.5630677638588,0.0107204416186863,0.056548624343422,-2.9405375746119,2.77555756156289e-17,5.32907051820075e-15,0,4.5102810375397e-17,8.32667268468867e-17,4.44089209850063e-15,FALSE,FALSE
"P06733",-0.249940763768622,12.3827193222578,-2.56076711571936,0.0107260988991707,0.0565486243434219,-3.00980388353059,-0.249940763768622,12.3827193222578,-2.56076711571936,0.0107260988991707,0.056548624343422,-3.00980388353058,1.66533453693773e-16,2.66453525910038e-14,1.77635683940025e-15,3.46944695195361e-18,8.32667268468867e-17,4.88498130835069e-15,FALSE,FALSE
"P55268",-0.249799144312421,7.83828639508727,-2.55916911502877,0.0107754497918202,0.0566007142910997,-3.01340092881922,-0.249799144312421,7.83828639508727,-2.55916911502877,0.0107754497918202,0.0566007142910997,-3.01340092881922,0,5.32907051820075e-15,3.10862446895044e-15,3.81639164714898e-17,1.38777878078145e-17,1.77635683940025e-15,FALSE,FALSE
"P60985",-0.285494087900537,10.9812272597266,-2.55644129427875,0.0108586642693573,0.0568296516870744,-3.02022810604766,-0.285494087900537,10.9812272597266,-2.55644129427875,0.0108586642693573,0.0568296516870744,-3.02022810604766,4.44089209850063e-16,3.90798504668055e-14,4.44089209850063e-16,3.46944695195361e-18,4.16333634234434e-17,8.88178419700125e-16,FALSE,FALSE
"O43396",-0.437290300888533,8.10964613365551,-2.55293517678857,0.0109977923541791,0.0570976095964838,-3.00006855061722,-0.437290300888533,8.10964613365551,-2.55293517678857,0.0109977923541791,0.0570976095964838,-3.00006855061722,2.77555756156289e-16,3.5527136788005e-15,2.22044604925031e-15,6.93889390390723e-18,6.93889390390723e-18,4.88498130835069e-15,FALSE,FALSE
"P23470",-0.218256481899552,12.5096786107109,-2.5516452816441,0.0110073442103101,0.0570976095964838,-3.03176531503515,-0.218256481899552,12.5096786107109,-2.5516452816441,0.0110073442103101,0.0570976095964838,-3.03176531503515,3.88578058618805e-16,1.4210854715202e-14,2.22044604925031e-15,5.20417042793042e-18,6.93889390390723e-18,4.44089209850063e-15,FALSE,FALSE
"Q9NZT1",-0.330415746044755,10.0037100961864,-2.55104920229772,0.0110293151033654,0.0570976095964838,-3.02586615668546,-0.330415746044755,10.0037100961864,-2.55104920229772,0.0110293151033654,0.0570976095964838,-3.02586615668546,2.22044604925031e-16,4.2632564145606e-14,3.99680288865056e-15,2.25514051876985e-17,6.93889390390723e-18,3.99680288865056e-15,FALSE,FALSE
"Q53RD9",-0.255863589679329,8.59774592693435,-2.54820913044723,0.0111195042040497,0.0572102912310972,-3.03753980976946,-0.255863589679329,8.59774592693435,-2.54820913044723,0.0111195042040497,0.0572102912310971,-3.03753980976946,1.11022302462516e-16,3.5527136788005e-15,3.99680288865056e-15,1.56125112837913e-17,6.24500451351651e-17,4.44089209850063e-16,FALSE,FALSE
"O75309",-0.280246691408116,7.29110766952984,-2.548015201208,0.0111308725616988,0.0572102912310972,-3.03145162027033,-0.280246691408116,7.29110766952984,-2.548015201208,0.0111308725616988,0.0572102912310971,-3.03145162027033,3.33066907387547e-16,8.88178419700125e-16,2.22044604925031e-15,1.56125112837913e-17,6.24500451351651e-17,4.44089209850063e-15,FALSE,FALSE
"Q9UIQ6",-0.305407717022779,6.95431634648819,-2.54832619758069,0.0111728001362283,0.0572206978405409,-2.98152559450796,-0.305407717022779,6.95431634648819,-2.54832619758069,0.0111728001362283,0.0572206978405408,-2.98152559450796,3.33066907387547e-16,4.44089209850063e-15,2.22044604925031e-15,3.98986399474666e-17,5.55111512312578e-17,8.88178419700125e-16,FALSE,FALSE
"Q6P988",-0.298742511537023,8.66458723108072,-2.54477860590542,0.0112386935524313,0.0573533329330481,-3.0308608929244,-0.298742511537023,8.66458723108072,-2.54477860590542,0.0112386935524313,0.0573533329330481,-3.0308608929244,2.22044604925031e-16,1.77635683940025e-15,4.44089209850063e-16,1.56125112837913e-17,3.46944695195361e-17,2.66453525910038e-15,FALSE,FALSE
"A8MYB1",-0.368186421920864,12.1465112764336,-2.53983489145816,0.0114090178470393,0.0580160694774979,-3.03553900923887,-0.368186421920864,12.1465112764336,-2.53983489145816,0.0114090178470393,0.0580160694774979,-3.03553900923887,1.66533453693773e-16,2.48689957516035e-14,3.10862446895044e-15,4.16333634234434e-17,2.77555756156289e-17,3.99680288865056e-15,FALSE,FALSE
"Q4LDE5",-0.280714616661072,10.6076096730931,-2.53294632644627,0.0116044970505107,0.0587651836304356,-3.07654566050526,-0.280714616661072,10.6076096730931,-2.53294632644626,0.0116044970505107,0.0587651836304356,-3.07654566050526,1.11022302462516e-16,2.1316282072803e-14,5.32907051820075e-15,3.12250225675825e-17,6.93889390390723e-18,1.77635683940025e-15,FALSE,FALSE
"Q14118",-0.232035367138833,9.26371366766278,-2.53191387128624,0.0116382929923596,0.0587651836304356,-3.07900884058817,-0.232035367138833,9.26371366766278,-2.53191387128624,0.0116382929923596,0.0587651836304356,-3.07900884058817,1.11022302462516e-16,3.5527136788005e-15,4.44089209850063e-16,2.94902990916057e-17,6.93889390390723e-18,3.10862446895044e-15,FALSE,FALSE
"P81605",-0.25967231261135,12.8945605089236,-2.52759268250506,0.0117806931434076,0.0592754876057774,-3.0893074989266,-0.25967231261135,12.8945605089236,-2.52759268250506,0.0117806931434076,0.0592754876057774,-3.0893074989266,2.77555756156289e-16,1.4210854715202e-14,3.10862446895044e-15,4.5102810375397e-17,6.93889390390723e-18,8.88178419700125e-16,FALSE,FALSE
"Q9H6X2",-0.221404637511718,8.48097339830864,-2.51950795670772,0.0120512843729315,0.0602168192620115,-3.10852972479397,-0.221404637511718,8.48097339830864,-2.51950795670771,0.0120512843729316,0.0602168192620115,-3.10852972479397,1.94289029309402e-16,1.77635683940025e-15,5.32907051820075e-15,5.20417042793042e-17,4.85722573273506e-17,3.10862446895044e-15,FALSE,FALSE
"A0A1B0GTC6",-0.323372770859171,11.1880567286394,-2.51949382079359,0.0120517622930246,0.0602168192620115,-3.10856328174916,-0.323372770859171,11.1880567286394,-2.51949382079359,0.0120517622930246,0.0602168192620115,-3.10856328174916,1.66533453693773e-16,3.90798504668055e-14,3.99680288865056e-15,6.93889390390723e-18,4.85722573273506e-17,3.5527136788005e-15,FALSE,FALSE
"P22304",-0.242777300771449,8.61410204696353,-2.51760105100377,0.0121159071707136,0.0603014255898007,-3.11305483164935,-0.242777300771449,8.61410204696353,-2.51760105100377,0.0121159071707137,0.0603014255898008,-3.11305483164935,1.11022302462516e-16,5.32907051820075e-15,4.44089209850063e-16,5.89805981832114e-17,6.93889390390723e-17,4.44089209850063e-15,FALSE,FALSE
"P19823",-0.237445840503977,20.3494201718466,-2.51651652376078,0.0121527977653085,0.0603014255898007,-3.11562693623557,-0.237445840503977,20.3494201718466,-2.51651652376078,0.0121527977653085,0.0603014255898008,-3.11562693623557,2.22044604925031e-16,3.5527136788005e-14,0,2.25514051876985e-17,6.93889390390723e-17,8.88178419700125e-16,FALSE,FALSE
"P02671",-0.30543395946799,16.1605282045091,-2.5128840962566,0.0122770842963445,0.0606333724727707,-3.1242338663778,-0.30543395946799,16.1605282045091,-2.5128840962566,0.0122770842963445,0.0606333724727707,-3.1242338663778,2.22044604925031e-16,1.4210854715202e-14,2.66453525910038e-15,1.04083408558608e-17,2.77555756156289e-17,3.10862446895044e-15,FALSE,FALSE
"Q8IUL8",-0.224138244534007,7.80778526917754,-2.51178132530465,0.0123150393489957,0.0606333724727707,-3.12684445163882,-0.224138244534007,7.80778526917754,-2.51178132530465,0.0123150393489957,0.0606333724727707,-3.12684445163882,2.22044604925031e-16,4.44089209850063e-15,4.44089209850063e-15,2.60208521396521e-17,2.77555756156289e-17,4.44089209850063e-16,FALSE,FALSE
"P11150",-0.201714807251053,8.10982505289736,-2.51125886167286,0.0123465444644694,0.0606333724727707,-3.10887012986201,-0.201714807251053,8.10982505289736,-2.51125886167286,0.0123465444644694,0.0606333724727707,-3.10887012986201,3.88578058618805e-16,1.77635683940025e-15,2.22044604925031e-15,4.5102810375397e-17,2.77555756156289e-17,3.99680288865056e-15,FALSE,FALSE
"P10909",-0.203894887369714,18.9245639243143,-2.50803083137508,0.0124449047941356,0.0608085274926929,-3.13571462103894,-0.203894887369714,18.9245639243143,-2.50803083137508,0.0124449047941356,0.0608085274926929,-3.13571462103894,2.77555756156289e-16,0,2.66453525910038e-15,2.25514051876985e-17,6.93889390390723e-18,4.44089209850063e-16,FALSE,FALSE
"P11049",-0.241161896159966,11.2024668889406,-2.50641703517841,0.0125023441331829,0.0608085274926929,-3.13753535784854,-0.241161896159966,11.2024668889406,-2.50641703517841,0.0125023441331829,0.0608085274926929,-3.13753535784854,2.4980018054066e-16,1.24344978758018e-14,4.44089209850063e-15,1.21430643318376e-17,6.93889390390723e-18,2.66453525910038e-15,FALSE,FALSE
"Q15758",-0.283375991615266,7.40097123466772,-2.50754979534156,0.0125094251118162,0.0608085274926929,-3.09374703364422,-0.283375991615266,7.40097123466772,-2.50754979534156,0.0125094251118162,0.0608085274926929,-3.09374703364422,1.66533453693773e-16,2.66453525910038e-15,8.88178419700125e-16,1.90819582357449e-17,6.93889390390723e-18,3.10862446895044e-15,FALSE,FALSE
"P22607",-0.274121017338564,6.99276615756357,-2.50432756510003,0.0126389256133705,0.0612092906296403,-3.05223266833335,-0.274121017338564,6.99276615756357,-2.50432756510003,0.0126389256133705,0.0612092906296403,-3.05223266833335,4.44089209850063e-16,3.5527136788005e-15,4.44089209850063e-15,2.42861286636753e-17,2.08166817117217e-17,4.44089209850063e-15,FALSE,FALSE
"Q9NY97",-0.244136047110178,9.37285697620145,-2.50140695995526,0.012677238017436,0.0612092906296403,-3.15134895605964,-0.244136047110178,9.37285697620145,-2.50140695995526,0.012677238017436,0.0612092906296403,-3.15134895605964,1.11022302462516e-16,5.32907051820075e-15,0,4.16333634234434e-17,2.08166817117217e-17,1.77635683940025e-15,FALSE,FALSE
"P02649",-0.155563177495349,16.5870912448175,-2.49929856242632,0.0127519939943529,0.0613636221070537,-3.15631695246219,-0.155563177495349,16.5870912448175,-2.49929856242632,0.0127519939943529,0.0613636221070537,-3.15631695246219,2.77555756156289e-17,2.1316282072803e-14,1.77635683940025e-15,4.16333634234434e-17,1.38777878078145e-17,2.22044604925031e-15,FALSE,FALSE
"P04275",-0.268680644307292,16.8930241035935,-2.48841379886001,0.0131441854468741,0.0628318990288049,-3.18189963070683,-0.268680644307292,16.8930241035935,-2.48841379886001,0.0131441854468741,0.0628318990288049,-3.18189963070689,2.22044604925031e-16,4.61852778244065e-14,2.66453525910038e-15,3.98986399474666e-17,1.38777878078145e-17,6.03961325396085e-14,FALSE,FALSE
"P55058",-0.235294618427035,14.1603260055939,-2.48839837344827,0.013144748750796,0.0628318990288049,-3.18193580809433,-0.235294618427035,14.1603260055939,-2.48839837344827,0.013144748750796,0.0628318990288049,-3.18193580809433,4.71844785465692e-16,8.88178419700125e-15,3.5527136788005e-15,6.93889390390723e-18,1.38777878078145e-17,2.66453525910038e-15,FALSE,FALSE
"Q8N8M0",-0.308480052149003,8.40221414328716,-2.48587727506731,0.0132904453291507,0.063317271102997,-3.13061469768424,-0.308480052149003,8.40221414328716,-2.48587727506731,0.0132904453291507,0.0633172711029969,-3.13061469768424,2.22044604925031e-16,5.32907051820075e-15,0,1.73472347597681e-17,5.55111512312578e-17,2.22044604925031e-15,FALSE,FALSE
"Q7LFX5",-0.221985321943578,8.52295385874585,-2.47812812399293,0.0135245829141225,0.0641294903383349,-3.20597418224172,-0.221985321943578,8.52295385874585,-2.47812812399293,0.0135245829141225,0.0641294903383349,-3.20597418224172,3.33066907387547e-16,3.5527136788005e-15,1.77635683940025e-15,2.08166817117217e-17,4.16333634234434e-17,1.33226762955019e-15,FALSE,FALSE
"P15907",-0.254448978264032,9.24805423601795,-2.47744008520837,0.013550373481531,0.0641294903383349,-3.20758112838155,-0.254448978264032,9.24805423601795,-2.47744008520837,0.013550373481531,0.0641294903383349,-3.20758112838155,4.44089209850063e-16,3.5527136788005e-15,3.5527136788005e-15,2.25514051876985e-17,4.16333634234434e-17,4.44089209850063e-15,FALSE,FALSE
"P35555",-0.406019942656906,8.03190824669307,-2.4721921925716,0.0137627563689228,0.0649203705034056,-3.19819415165004,-0.406019942656906,8.03190824669307,-2.4721921925716,0.0137627563689228,0.0649203705034056,-3.19819415165004,0,3.5527136788005e-15,1.33226762955019e-15,8.67361737988404e-18,1.38777878078145e-17,1.77635683940025e-15,FALSE,FALSE
"Q92563",-0.231963961676314,8.24064865592277,-2.46695059267729,0.0139709837292518,0.0656865267794988,-3.19636211899335,-0.231963961676314,8.24064865592277,-2.4669505926773,0.0139709837292518,0.0656865267794986,-3.19636211899335,5.55111512312578e-17,1.77635683940025e-15,5.32907051820075e-15,6.93889390390723e-18,1.94289029309402e-16,3.10862446895044e-15,FALSE,FALSE
"Q7Z5L7",-0.275303113058599,7.23146187714848,-2.46092324844949,0.0142626360640868,0.0668386278297401,-3.16659133820766,-0.275303113058599,7.23146187714848,-2.46092324844949,0.0142626360640868,0.0668386278297401,-3.16659133820766,0,3.5527136788005e-15,4.44089209850063e-15,3.46944695195361e-18,0,2.66453525910038e-15,FALSE,FALSE
"P51693",-0.253575521228534,12.0721161511754,-2.45540248850271,0.0143998211071312,0.0672617051062743,-3.25882064946009,-0.253575521228534,12.0721161511754,-2.45540248850271,0.0143998211071313,0.0672617051062743,-3.25882064946009,2.22044604925031e-16,2.30926389122033e-14,4.44089209850063e-15,5.3776427755281e-17,2.77555756156289e-17,3.10862446895044e-15,FALSE,FALSE
"P19021",-0.242512409729128,9.82548248787503,-2.44877038938928,0.0146645164282743,0.0682757031108616,-3.27415345471077,-0.242512409729128,9.82548248787503,-2.44877038938928,0.0146645164282743,0.0682757031108616,-3.27415345471077,4.71844785465692e-16,0,3.10862446895044e-15,2.77555756156289e-17,2.77555756156289e-17,4.44089209850063e-16,FALSE,FALSE
"P13497",-0.210788314422082,9.69773799030464,-2.44756831349441,0.0147129505779985,0.0682795182163427,-3.27692821100344,-0.210788314422082,9.69773799030464,-2.44756831349441,0.0147129505779986,0.0682795182163428,-3.27692821100344,1.11022302462516e-16,0,3.99680288865056e-15,5.72458747072346e-17,1.11022302462516e-16,4.44089209850063e-15,FALSE,FALSE
"P10645",-0.254767223072438,10.5482874704391,-2.43095002792323,0.0153971723536573,0.0712243392101437,-3.3151519698709,-0.254767223072438,10.5482874704391,-2.43095002792323,0.0153971723536573,0.0712243392101438,-3.3151519698709,5.55111512312578e-17,3.73034936274053e-14,3.99680288865056e-15,3.46944695195361e-18,5.55111512312578e-17,3.5527136788005e-15,FALSE,FALSE
"P13727",-0.265276131489939,13.7495493722786,-2.42835989210365,0.0155063084310667,0.071393630448263,-3.32108664577284,-0.265276131489939,13.7495493722786,-2.42835989210365,0.0155063084310667,0.071393630448263,-3.32108664577284,0,1.77635683940025e-14,2.66453525910038e-15,2.25514051876985e-17,4.16333634234434e-17,3.5527136788005e-15,FALSE,FALSE
"P01266",-0.315136455636078,7.90081172809841,-2.42786290718829,0.0155333421895802,0.071393630448263,-3.31295925391347,-0.315136455636078,7.90081172809841,-2.42786290718829,0.0155333421895802,0.071393630448263,-3.31295925391347,5.55111512312578e-17,0,3.10862446895044e-15,2.60208521396521e-17,4.16333634234434e-17,4.44089209850063e-16,FALSE,FALSE
"O00187",-0.22011204821402,15.9306280839167,-2.40903990731553,0.0163421241965448,0.0746509877705422,-3.36515883766731,-0.22011204821402,15.9306280839167,-2.40903990731553,0.0163421241965448,0.0746509877705422,-3.36515883766731,2.4980018054066e-16,3.19744231092045e-14,3.5527136788005e-15,3.81639164714898e-17,1.38777878078145e-17,4.44089209850063e-16,FALSE,FALSE
"Q05707",-0.208549232432294,7.75126753491606,-2.40899433936011,0.0163461716596585,0.0746509877705422,-3.36443694791009,-0.208549232432294,7.75126753491606,-2.40899433936011,0.0163461716596585,0.0746509877705422,-3.36443694791009,4.9960036108132e-16,4.44089209850063e-15,2.22044604925031e-15,3.12250225675825e-17,1.38777878078145e-17,4.44089209850063e-16,FALSE,FALSE
"Q6UY14",-0.327615012098081,9.02827132250117,-2.40421585047389,0.0165638184957363,0.0754048118186855,-3.37377602106413,-0.327615012098081,9.02827132250117,-2.40421585047389,0.0165638184957363,0.0754048118186854,-3.37377602106413,4.9960036108132e-16,1.77635683940025e-15,2.66453525910038e-15,2.42861286636753e-17,1.38777878078145e-16,3.5527136788005e-15,FALSE,FALSE
"P04632",-0.253461913351032,9.04059286069673,-2.39418743646691,0.0170120933685651,0.0772004490206405,-3.39841996629789,-0.253461913351032,9.04059286069673,-2.39418743646691,0.0170120933685651,0.0772004490206405,-3.39841996629789,1.66533453693773e-16,1.77635683940025e-15,1.77635683940025e-15,3.12250225675825e-17,1.38777878078145e-17,1.77635683940025e-15,FALSE,FALSE
"P20930",-0.290614984193228,8.55168975297521,-2.38805573237333,0.0173010002280339,0.0778531024723599,-3.40403062184411,-0.290614984193228,8.55168975297521,-2.38805573237333,0.0173010002280339,0.0778531024723599,-3.40403062184411,5.55111512312578e-17,1.77635683940025e-15,3.99680288865056e-15,2.08166817117217e-17,1.38777878078145e-17,3.10862446895044e-15,FALSE,FALSE
"P53634",-0.236713222315164,10.2574386809939,-2.38780822097542,0.0173061952443641,0.0778531024723599,-3.41319531007612,-0.236713222315164,10.2574386809939,-2.38780822097542,0.0173061952443641,0.0778531024723599,-3.41319531007612,4.44089209850063e-16,3.37507799486048e-14,0,0,1.38777878078145e-17,3.99680288865056e-15,FALSE,FALSE
"Q9BZE9",-0.282971348893936,11.8006852623762,-2.3867008324991,0.0173599112244934,0.0778531024723599,-3.41053803732966,-0.282971348893936,11.8006852623762,-2.3867008324991,0.0173599112244934,0.0778531024723599,-3.41053803732966,1.66533453693773e-16,1.59872115546023e-14,1.33226762955019e-15,2.42861286636753e-17,1.38777878078145e-17,1.77635683940025e-15,FALSE,FALSE
"P14209",-0.260408314945821,8.64415663734407,-2.38637421065109,0.0173730772602198,0.0778531024723599,-3.41642476415845,-0.260408314945821,8.64415663734407,-2.38637421065109,0.0173730772602198,0.0778531024723599,-3.41642476415845,4.9960036108132e-16,1.77635683940025e-15,4.44089209850063e-15,2.42861286636753e-17,1.38777878078145e-17,3.10862446895044e-15,FALSE,FALSE
"Q96P63",-0.325242372390091,8.7873251422855,-2.38188406370137,0.0175999604425239,0.0786241223507141,-3.40025900268442,-0.325242372390091,8.7873251422855,-2.38188406370137,0.0175999604425239,0.0786241223507141,-3.40025900268442,4.44089209850063e-16,0,3.10862446895044e-15,2.77555756156289e-17,2.77555756156289e-17,4.44089209850063e-15,FALSE,FALSE
"P17655",-0.267198250203149,9.23033736729687,-2.3744164216262,0.0179403980421685,0.0798031642883466,-3.44292054783327,-0.267198250203149,9.23033736729687,-2.3744164216262,0.0179403980421685,0.0798031642883466,-3.44292054783327,3.33066907387547e-16,5.32907051820075e-15,0,4.85722573273506e-17,1.38777878078145e-17,4.44089209850063e-15,FALSE,FALSE
"P29508",-0.359964105805002,7.94705885421987,-2.37465095358941,0.0179751897246415,0.0798031642883466,-3.38791539127911,-0.359964105805002,7.94705885421987,-2.37465095358941,0.0179751897246415,0.0798031642883466,-3.38791539127911,1.66533453693773e-16,0,1.77635683940025e-15,3.46944695195361e-17,1.38777878078145e-17,4.44089209850063e-16,FALSE,FALSE
"O75340",-0.225695276948112,8.92749489220785,-2.37219159318839,0.0180468904548302,0.0798742003463782,-3.44826252843058,-0.225695276948112,8.92749489220785,-2.37219159318839,0.0180468904548302,0.0798742003463782,-3.44826252843058,4.16333634234434e-16,0,4.44089209850063e-16,3.12250225675825e-17,4.16333634234434e-17,0,FALSE,FALSE
"Q02413",-0.2818462344841,10.0690036841247,-2.36812538469852,0.0182463974466552,0.0805087198107802,-3.45277733590328,-0.2818462344841,10.0690036841247,-2.36812538469852,0.0182463974466552,0.08050871981078,-3.45277733590328,4.9960036108132e-16,4.44089209850063e-14,3.99680288865056e-15,3.12250225675825e-17,1.66533453693773e-16,3.99680288865056e-15,FALSE,FALSE
"P10646",-0.21782490436425,11.7922847893331,-2.36487108652861,0.01840358669265,0.0809532003596936,-3.46462333531511,-0.21782490436425,11.7922847893331,-2.36487108652861,0.01840358669265,0.0809532003596937,-3.46462333531511,4.9960036108132e-16,1.06581410364015e-14,2.66453525910038e-15,4.16333634234434e-17,1.38777878078145e-16,4.88498130835069e-15,FALSE,FALSE
"P12110",-0.200679868293639,8.96326542801048,-2.36158258637225,0.0185665400120119,0.0810536199094342,-3.4716729519555,-0.200679868293639,8.96326542801048,-2.36158258637225,0.0185665400120119,0.0810536199094343,-3.4716729519555,1.94289029309402e-16,1.77635683940025e-15,4.88498130835069e-15,3.81639164714898e-17,6.93889390390723e-17,4.88498130835069e-15,FALSE,FALSE
"P98161",-0.260644726046387,6.76716309380277,-2.3628180149226,0.0185711479562551,0.0810536199094342,-3.39956394229891,-0.260644726046387,6.76716309380277,-2.3628180149226,0.0185711479562551,0.0810536199094343,-3.39956394229891,3.33066907387547e-16,8.88178419700125e-16,8.88178419700125e-16,4.85722573273506e-17,6.93889390390723e-17,3.5527136788005e-15,FALSE,FALSE
"Q9HCL0",-0.237751263734335,9.72909957725949,-2.36097406716811,0.018595983926223,0.0810536199094342,-3.47331273050545,-0.237751263734335,9.72909957725949,-2.36097406716811,0.0185959839262231,0.0810536199094343,-3.47331273050545,8.32667268468867e-17,3.5527136788005e-15,3.5527136788005e-15,6.24500451351651e-17,6.93889390390723e-17,4.44089209850063e-16,FALSE,FALSE
"P27824",-0.212945843960838,10.9622146784188,-2.35848297271525,0.0187198928723565,0.0813464435726037,-3.47885991781244,-0.212945843960838,10.9622146784188,-2.35848297271525,0.0187198928723565,0.0813464435726037,-3.47885991781244,4.9960036108132e-16,3.37507799486048e-14,3.10862446895044e-15,0,0,4.44089209850063e-16,FALSE,FALSE
"Q86X29",-0.275307620311638,9.55767542120689,-2.35153987618775,0.0190705280114524,0.0826197497535432,-3.49083465128576,-0.275307620311638,9.55767542120689,-2.35153987618775,0.0190705280114524,0.0826197497535432,-3.49083465128576,2.22044604925031e-16,1.77635683940025e-15,3.5527136788005e-15,4.16333634234434e-17,0,8.88178419700125e-16,FALSE,FALSE
"P02538",-0.260696260065316,14.7975265149345,-2.33416972690765,0.0199677923982919,0.0862464286118995,-3.53270010976897,-0.260696260065316,14.7975265149345,-2.33416972690765,0.019967792398292,0.0862464286118996,-3.53270010976897,2.22044604925031e-16,4.9737991503207e-14,1.33226762955019e-15,5.55111512312578e-17,9.71445146547012e-17,0,FALSE,FALSE
"P03951",-0.216348611451538,15.4570022484042,-2.32883764607107,0.0202510073962341,0.0872070408594584,-3.54443471310159,-0.216348611451538,15.4570022484042,-2.32883764607107,0.0202510073962341,0.0872070408594584,-3.54443471310159,2.77555756156289e-16,3.90798504668055e-14,4.88498130835069e-15,3.46944695195361e-17,0,1.33226762955019e-15,FALSE,FALSE
"P03950",-0.464434089810538,9.87591082263149,-2.31976349249712,0.0207463854737381,0.089072804698624,-3.55600538225106,-0.464434089810538,9.87591082263149,-2.31976349249712,0.0207463854737381,0.089072804698624,-3.55600538225106,3.33066907387547e-16,1.77635683940025e-15,1.77635683940025e-15,1.04083408558608e-17,2.77555756156289e-17,8.88178419700125e-16,FALSE,FALSE
"P19022",-0.232212983578352,9.03003520170015,-2.31730344772489,0.020875700768827,0.0893604623955162,-3.56972882693841,-0.232212983578352,9.03003520170015,-2.31730344772489,0.020875700768827,0.0893604623955162,-3.56972882693841,2.4980018054066e-16,0,4.88498130835069e-15,1.04083408558608e-17,1.38777878078145e-17,4.88498130835069e-15,FALSE,FALSE
"P15090",-0.247388636414348,7.59543334074799,-2.31501198765058,0.0210538878994376,0.0898549858565285,-3.52800792451065,-0.247388636414348,7.59543334074799,-2.31501198765058,0.0210538878994376,0.0898549858565284,-3.52800792451065,1.66533453693773e-16,3.5527136788005e-15,3.10862446895044e-15,3.46944695195361e-18,1.38777878078145e-16,8.88178419700125e-16,FALSE,FALSE
"P05060",-0.254183534449657,8.87073273487393,-2.31080949460317,0.021235531741869,0.0903612834357274,-3.58351597483816,-0.254183534449657,8.87073273487393,-2.31080949460317,0.021235531741869,0.0903612834357274,-3.58351597483816,2.22044604925031e-16,5.32907051820075e-15,3.5527136788005e-15,1.04083408558608e-17,1.38777878078145e-17,2.22044604925031e-15,FALSE,FALSE
"P13647",-0.307019139804648,12.5492825171657,-2.30767322672789,0.021410112090781,0.0908346175685796,-3.59075344330946,-0.307019139804648,12.5492825171657,-2.30767322672789,0.021410112090781,0.0908346175685796,-3.59075344330946,2.22044604925031e-16,2.1316282072803e-14,3.5527136788005e-15,3.81639164714898e-17,2.77555756156289e-17,1.77635683940025e-15,FALSE,FALSE
"Q9BWS9",-0.273441264300218,7.10301008932266,-2.30347782093546,0.0217094473270035,0.0918328833832539,-3.5292685094134,-0.273441264300218,7.10301008932266,-2.30347782093546,0.0217094473270035,0.0918328833832539,-3.5292685094134,2.22044604925031e-16,0,3.99680288865056e-15,4.16333634234434e-17,1.38777878078145e-17,4.44089209850063e-16,FALSE,FALSE
"P08253",-0.218741910297526,10.0067525674466,-2.30031524468314,0.0218264440153863,0.0920562374060703,-3.6067595777898,-0.218741910297526,10.0067525674466,-2.30031524468314,0.0218264440153863,0.0920562374060703,-3.6067595777898,1.11022302462516e-16,3.90798504668055e-14,8.88178419700125e-16,3.12250225675825e-17,2.77555756156289e-17,2.66453525910038e-15,FALSE,FALSE
"P01042",-0.346780035136995,15.4118958099664,-2.29826167678021,0.0219438935977469,0.0921309762014727,-3.61121786155473,-0.346780035136995,15.4118958099664,-2.29826167678021,0.021943893597747,0.0921309762014727,-3.61121786155473,4.9960036108132e-16,1.95399252334028e-14,3.5527136788005e-15,5.20417042793042e-17,2.77555756156289e-17,1.77635683940025e-15,FALSE,FALSE
"P18428",-0.238014928414746,12.3409508522869,-2.29604304145716,0.0220714032353966,0.0921309762014727,-3.61603012543815,-0.238014928414746,12.3409508522869,-2.29604304145716,0.0220714032353966,0.0921309762014727,-3.61603012543815,3.05311331771918e-16,1.95399252334028e-14,1.33226762955019e-15,3.81639164714898e-17,2.77555756156289e-17,2.22044604925031e-15,FALSE,FALSE
"Q96GW7",-0.207919381814382,7.67663917719924,-2.2960341394688,0.0220955584365746,0.0921309762014727,-3.59255721825995,-0.207919381814382,7.67663917719924,-2.2960341394688,0.0220955584365746,0.0921309762014727,-3.59255721825995,3.05311331771918e-16,3.5527136788005e-15,4.88498130835069e-15,3.46944695195361e-18,2.77555756156289e-17,4.44089209850063e-16,FALSE,FALSE
"Q3SY84",-0.336432145618353,9.58802080940412,-2.29576160983333,0.0221011546815248,0.0921309762014727,-3.59644854399025,-0.336432145618353,9.58802080940412,-2.29576160983333,0.0221011546815248,0.0921309762014727,-3.59644854399025,2.22044604925031e-16,1.77635683940025e-15,3.99680288865056e-15,4.16333634234434e-17,2.77555756156289e-17,2.66453525910038e-15,FALSE,FALSE
"P14151",-0.170364491685845,14.5484473128604,-2.28798195817016,0.022540146832573,0.0935129016370507,-3.63347647545588,-0.170364491685845,14.5484473128604,-2.28798195817016,0.022540146832573,0.0935129016370507,-3.63347647545588,1.11022302462516e-16,5.32907051820075e-15,1.77635683940025e-15,1.04083408558608e-17,4.16333634234434e-17,4.44089209850063e-16,FALSE,FALSE
"P31025",-0.310305914324935,7.66912996664374,-2.28917025053308,0.0225630850532912,0.0935129016370507,-3.5417882391388,-0.310305914324935,7.66912996664374,-2.28917025053308,0.0225630850532912,0.0935129016370507,-3.5417882391388,3.88578058618805e-16,3.5527136788005e-15,4.44089209850063e-15,2.08166817117217e-17,4.16333634234434e-17,2.22044604925031e-15,FALSE,FALSE
"P08263;P09210",-0.30930853655076,7.44960818469554,-2.28364054839784,0.0229207280023611,0.0944635159255825,-3.55927263582125,-0.30930853655076,7.44960818469554,-2.28364054839784,0.0229207280023611,0.0944635159255826,-3.55927263582125,5.55111512312578e-17,1.77635683940025e-15,3.99680288865056e-15,2.77555756156289e-17,5.55111512312578e-17,2.22044604925031e-15,FALSE,FALSE
"P06858",-0.204561633469599,10.2916095332125,-2.28148550346979,0.0229242005175054,0.0944635159255825,-3.64749283241302,-0.204561633469599,10.2916095332125,-2.28148550346979,0.0229242005175054,0.0944635159255826,-3.64749283241302,4.44089209850063e-16,1.06581410364015e-14,4.44089209850063e-15,6.93889390390723e-18,5.55111512312578e-17,1.33226762955019e-15,FALSE,FALSE
"Q9Y4F3",-0.280317259962409,12.713313291584,-2.271431964115,0.0235386622295469,0.0967175978142414,-3.6647147013315,-0.280317259962409,12.713313291584,-2.271431964115,0.0235386622295469,0.0967175978142414,-3.6647147013315,5.55111512312578e-17,1.95399252334028e-14,3.99680288865056e-15,3.46944695195361e-18,4.16333634234434e-17,8.88178419700125e-16,FALSE,FALSE
"P17927",-0.22631691071011,7.51328681995119,-2.26766239518016,0.0237803781105543,0.0972763034644732,-3.65687649407089,-0.22631691071011,7.51328681995119,-2.26766239518016,0.0237803781105543,0.0972763034644732,-3.65687649407089,2.77555756156289e-16,2.66453525910038e-15,3.99680288865056e-15,4.85722573273506e-17,4.16333634234434e-17,4.44089209850063e-15,FALSE,FALSE
"Q9NT22",-0.224648855830743,7.74446129949712,-2.26735026011562,0.0238103085885845,0.0972763034644732,-3.66281924268725,-0.224648855830743,7.74446129949712,-2.26735026011562,0.0238103085885845,0.0972763034644732,-3.66281924268725,3.33066907387547e-16,8.88178419700125e-16,4.44089209850063e-15,4.16333634234434e-17,4.16333634234434e-17,4.44089209850063e-15,FALSE,FALSE
"P24593",-0.260590841731815,12.2932239801639,-2.26430398413116,0.0239675236605415,0.0976404230943649,-3.68437452667602,-0.260590841731815,12.2932239801639,-2.26430398413116,0.0239675236605415,0.0976404230943651,-3.68437452667602,4.44089209850063e-16,7.105427357601e-15,3.10862446895044e-15,3.46944695195361e-18,1.94289029309402e-16,2.66453525910038e-15,FALSE,FALSE
"Q10471",-0.173581844044384,7.63284988649175,-2.26030008126879,0.0242173080089863,0.098378526019508,-3.69116086030245,-0.173581844044384,7.63284988649175,-2.26030008126879,0.0242173080089863,0.098378526019508,-3.69116086030245,1.38777878078145e-16,8.88178419700125e-16,3.10862446895044e-15,1.04083408558608e-17,4.16333634234434e-17,8.88178419700125e-16,FALSE,FALSE
"P18065",-0.357215175116147,11.9484702190205,-2.25656617480255,0.0244555985724659,0.099065899302023,-3.69580729575752,-0.357215175116147,11.9484702190205,-2.25656617480255,0.0244555985724659,0.099065899302023,-3.69580729575752,4.44089209850063e-16,4.79616346638068e-14,4.44089209850063e-16,3.81639164714898e-17,2.77555756156289e-17,4.44089209850063e-15,FALSE,FALSE
"Q9H3G5",-0.200776403755912,8.69120738308076,-2.25497072017469,0.0245522055952171,0.0991770783761726,-3.70391682727325,-0.200776403755912,8.69120738308076,-2.25497072017469,0.0245522055952171,0.0991770783761726,-3.70391682727325,3.33066907387547e-16,3.5527136788005e-15,2.66453525910038e-15,3.81639164714898e-17,1.38777878078145e-17,8.88178419700125e-16,FALSE,FALSE
"P04406",-0.24151835534526,12.5170949340456,-2.25289991749914,0.0246826087405976,0.0994237666685871,-3.7087036097042,-0.24151835534526,12.5170949340456,-2.25289991749914,0.0246826087405976,0.0994237666685871,-3.7087036097042,0,1.77635683940025e-15,2.66453525910038e-15,2.77555756156289e-17,2.77555756156289e-17,0,FALSE,FALSE
"P25774",-0.249449621128174,7.74668522773546,-2.25288009672525,0.0247524004636498,0.0994256085850807,-3.64248675652053,-0.249449621128174,7.74668522773546,-2.25288009672525,0.0247524004636498,0.0994256085850807,-3.64248675652053,2.77555756156289e-17,2.66453525910038e-15,2.66453525910038e-15,3.46944695195361e-18,1.38777878078145e-17,4.44089209850063e-15,FALSE,FALSE
"P13612",-0.187235939416109,7.87621061934555,-2.24712943693487,0.0250605715075638,0.100039279108935,-3.71420311219186,-0.187235939416109,7.87621061934555,-2.24712943693487,0.0250605715075638,0.100039279108935,-3.71420311219186,2.77555756156289e-16,8.88178419700125e-16,4.44089209850063e-16,3.46944695195361e-18,5.55111512312578e-17,2.66453525910038e-15,FALSE,FALSE
"Q9GZM7",-0.196508353014332,8.14315932998817,-2.24669339714035,0.0251026384896055,0.100039279108935,-3.69667783624342,-0.196508353014332,8.14315932998817,-2.24669339714035,0.0251026384896055,0.100039279108935,-3.69667783624342,1.11022302462516e-16,3.5527136788005e-15,4.44089209850063e-16,3.46944695195361e-17,5.55111512312578e-17,3.10862446895044e-15,FALSE,FALSE
"P07327",-0.253572959713098,7.76743088812502,-2.24565844318917,0.0251596555640304,0.100039279108935,-3.71791548129058,-0.253572959713098,7.76743088812502,-2.24565844318917,0.0251596555640304,0.100039279108935,-3.71791548129058,4.44089209850063e-16,8.88178419700125e-16,1.33226762955019e-15,3.46944695195361e-18,5.55111512312578e-17,1.33226762955019e-15,FALSE,FALSE
"Q96GI7",-0.248319375652585,9.3160434184986,-2.24534631645374,0.0252321862713551,0.100039279108935,-3.67425991703494,-0.248319375652585,9.3160434184986,-2.24534631645374,0.0252321862713551,0.100039279108935,-3.67425991703494,0,0,4.44089209850063e-15,1.04083408558608e-17,5.55111512312578e-17,8.88178419700125e-16,FALSE,FALSE
"Q969P0",-0.202342635343641,6.55218704633007,-2.24512874880007,0.0252539881711537,0.100039279108935,-3.66407716182313,-0.202342635343641,6.55218704633007,-2.24512874880007,0.0252539881711537,0.100039279108935,-3.66407716182313,4.9960036108132e-16,3.5527136788005e-15,3.10862446895044e-15,2.77555756156289e-17,5.55111512312578e-17,1.33226762955019e-15,FALSE,FALSE
"O60704",-0.200252423133396,8.00567400083972,-2.24197695089425,0.0253939993202053,0.10031679070296,-3.72010589871031,-0.200252423133396,8.00567400083972,-2.24197695089425,0.0253939993202053,0.10031679070296,-3.72010589871031,2.4980018054066e-16,0,4.44089209850063e-16,6.93889390390723e-18,2.35922392732846e-16,3.5527136788005e-15,FALSE,FALSE
"P05089",-0.27982825725641,9.06051742196426,-2.2346727184104,0.025872409439517,0.101794967278696,-3.73834637775287,-0.27982825725641,9.06051742196426,-2.2346727184104,0.025872409439517,0.101794967278696,-3.73834637775287,1.66533453693773e-16,0,2.22044604925031e-15,1.04083408558608e-17,1.2490009027033e-16,4.44089209850063e-15,FALSE,FALSE
"P07477",-0.268382626977715,11.7153669213911,-2.23297562353728,0.0259814821314847,0.101794967278696,-3.74609890558048,-0.268382626977715,11.7153669213911,-2.23297562353728,0.0259814821314847,0.101794967278696,-3.74609890558048,0,5.32907051820075e-15,3.10862446895044e-15,1.73472347597681e-17,1.2490009027033e-16,0,FALSE,FALSE
"Q99972",-0.252941876110719,7.28084850181818,-2.2327640165142,0.026016757689355,0.101794967278696,-3.72695223886694,-0.252941876110719,7.28084850181818,-2.2327640165142,0.026016757689355,0.101794967278696,-3.72695223886694,5.55111512312578e-17,4.44089209850063e-15,4.44089209850063e-16,1.38777878078145e-17,1.2490009027033e-16,3.99680288865056e-15,FALSE,FALSE
"P49257",-0.242599170060171,7.8521838951863,-2.23226002307166,0.026052129003683,0.101794967278696,-3.72977490176698,-0.242599170060171,7.8521838951863,-2.23226002307166,0.026052129003683,0.101794967278696,-3.72977490176698,3.88578058618805e-16,4.44089209850063e-15,0,3.81639164714898e-17,1.2490009027033e-16,8.88178419700125e-16,FALSE,FALSE
"P11362",-0.253940329488305,8.7918583621456,-2.23069865320148,0.0261399031774815,0.101860383577469,-3.74106914399428,-0.253940329488305,8.7918583621456,-2.23069865320148,0.0261399031774815,0.101860383577469,-3.74106914399428,1.11022302462516e-16,1.77635683940025e-15,2.22044604925031e-15,3.46944695195361e-17,1.94289029309402e-16,4.44089209850063e-15,FALSE,FALSE
"O75081",-0.325009402638749,13.2039206979968,-2.22945762117772,0.0262202355561297,0.10189652516935,-3.7487827434605,-0.325009402638749,13.2039206979968,-2.22945762117772,0.0262202355561297,0.10189652516935,-3.7487827434605,3.33066907387547e-16,5.32907051820075e-15,3.5527136788005e-15,3.46944695195361e-17,2.91433543964104e-16,3.99680288865056e-15,FALSE,FALSE
"P01008",-0.232535977614111,11.5571065903026,-2.22587291656259,0.0264517461385276,0.102518389088239,-3.76588150779462,-0.232535977614111,11.5571065903026,-2.22587291656259,0.0264517461385276,0.10251838908824,-3.76588150779462,5.55111512312578e-17,3.5527136788005e-15,4.44089209850063e-16,2.42861286636753e-17,4.9960036108132e-16,3.5527136788005e-15,FALSE,FALSE
"O94973",0.270787641934373,7.3006284861976,2.22452454586643,0.0265897903848121,0.102775631837791,-3.7303584631615,0.270787641934373,7.3006284861976,2.22452454586643,0.0265897903848121,0.102775631837791,-3.7303584631615,3.33066907387547e-16,1.77635683940025e-15,4.88498130835069e-15,4.16333634234434e-17,9.71445146547012e-17,1.33226762955019e-15,FALSE,FALSE
"P00740",-0.237403537193041,14.5960564092345,-2.21729583145107,0.027035688367277,0.103975981990282,-3.7838856733351,-0.237403537193041,14.5960564092345,-2.21729583145107,0.027035688367277,0.103975981990282,-3.7838856733351,2.4980018054066e-16,2.1316282072803e-14,3.99680288865056e-15,3.46944695195361e-17,6.93889390390723e-17,1.33226762955019e-15,FALSE,FALSE
"P33908",-0.174541299298347,10.7925896868047,-2.21715517824487,0.0270453565428,0.103975981990282,-3.78418035071823,-0.174541299298347,10.7925896868047,-2.21715517824487,0.0270453565428,0.103975981990282,-3.78418035071822,4.9960036108132e-16,2.8421709430404e-14,1.33226762955019e-15,2.42861286636753e-17,6.93889390390723e-17,5.32907051820075e-15,FALSE,FALSE
"Q08380",-0.175319320552251,16.369462900768,-2.21211589450906,0.0273937254238996,0.105033695876663,-3.79472587928728,-0.175319320552251,16.369462900768,-2.21211589450906,0.0273937254238997,0.105033695876663,-3.79472587928728,4.16333634234434e-16,2.8421709430404e-14,4.44089209850063e-16,6.59194920871187e-17,4.16333634234434e-16,2.22044604925031e-15,FALSE,FALSE
"P0DJI8",-0.420730900879429,13.9628809768512,-2.20263563356006,0.0280596338864852,0.10683427386014,-3.81450111803083,-0.420730900879429,13.9628809768512,-2.20263563356006,0.0280596338864852,0.10683427386014,-3.81450111803083,3.33066907387547e-16,3.37507799486048e-14,2.22044604925031e-15,2.08166817117217e-17,3.7470027081099e-16,3.99680288865056e-15,FALSE,FALSE
"O75882",-0.238067313526644,8.33429264489881,-2.20244983671626,0.0280753843544469,0.10683427386014,-3.81006118085627,-0.238067313526644,8.33429264489881,-2.20244983671626,0.0280753843544469,0.10683427386014,-3.81006118085627,2.22044604925031e-16,1.77635683940025e-15,3.99680288865056e-15,6.93889390390723e-18,3.7470027081099e-16,4.44089209850063e-16,FALSE,FALSE
"Q96S96",-0.251978392824276,10.0620823366402,-2.20225253598511,0.0280868348990744,0.10683427386014,-3.81529848528556,-0.251978392824276,10.0620823366402,-2.20225253598511,0.0280868348990744,0.10683427386014,-3.81529848528556,3.88578058618805e-16,3.5527136788005e-14,2.22044604925031e-15,3.46944695195361e-17,3.7470027081099e-16,3.5527136788005e-15,FALSE,FALSE
"Q06033",-0.167599847634119,17.8933602998174,-2.20050365704757,0.0282112999733095,0.107023820533666,-3.81893681934436,-0.167599847634119,17.8933602998174,-2.20050365704757,0.0282112999733095,0.107023820533666,-3.81893681934436,4.9960036108132e-16,2.8421709430404e-14,2.66453525910038e-15,2.08166817117217e-17,1.11022302462516e-16,3.99680288865056e-15,FALSE,FALSE
"P23381",-0.225700446420349,7.40481678366745,-2.19859529886358,0.0283709821728241,0.107345615925672,-3.8087220669294,-0.225700446420349,7.40481678366745,-2.19859529886358,0.0283709821728241,0.107345615925672,-3.8087220669294,3.60822483003176e-16,0,2.22044604925031e-15,3.46944695195361e-18,1.94289029309402e-16,4.44089209850063e-15,FALSE,FALSE
"P05155",-0.201399207136756,14.0209567069648,-2.19230865869092,0.0288008956027978,0.108685484985295,-3.83594777473805,-0.201399207136756,14.0209567069648,-2.19230865869092,0.0288008956027978,0.108685484985295,-3.83594777473805,8.32667268468867e-17,2.1316282072803e-14,2.66453525910038e-15,3.12250225675825e-17,1.38777878078145e-17,4.88498130835069e-15,FALSE,FALSE
"P49908",-0.205567115684703,14.5925479974934,-2.19047200011201,0.028934485527769,0.108700460119721,-3.83975172216519,-0.205567115684703,14.5925479974934,-2.19047200011201,0.028934485527769,0.108700460119721,-3.83975172216519,2.77555756156289e-17,1.24344978758018e-14,2.22044604925031e-15,1.38777878078145e-17,4.57966997657877e-16,4.44089209850063e-16,FALSE,FALSE
"P35527",-0.277335726611584,14.6157384664334,-2.18921960821187,0.0290258850985613,0.108700460119721,-3.84234378785806,-0.277335726611584,14.6157384664334,-2.18921960821187,0.0290258850985613,0.108700460119721,-3.84234378785805,1.11022302462516e-16,7.105427357601e-15,0,0,4.57966997657877e-16,5.32907051820075e-15,FALSE,FALSE
"P14923",-0.308657391791595,9.01345856411896,-2.18856557287962,0.0290771836816613,0.108700460119721,-3.83845911355695,-0.308657391791595,9.01345856411896,-2.18856557287962,0.0290771836816613,0.108700460119721,-3.83845911355695,1.11022302462516e-16,3.5527136788005e-15,2.22044604925031e-15,3.81639164714898e-17,4.57966997657877e-16,0,FALSE,FALSE
"P07910",-0.231672821456245,8.38794334764666,-2.18804624832741,0.0291205200438926,0.108700460119721,-3.83601782519772,-0.231672821456245,8.38794334764666,-2.18804624832741,0.0291205200438926,0.108700460119721,-3.83601782519772,8.32667268468867e-17,1.77635683940025e-15,1.77635683940025e-15,2.08166817117217e-17,4.57966997657877e-16,3.99680288865056e-15,FALSE,FALSE
"Q9UN70",-0.251426250612869,7.46155293047386,-2.18721925172034,0.0291838752762151,0.108700460119721,-3.84072536583765,-0.251426250612869,7.46155293047386,-2.18721925172034,0.0291838752762151,0.108700460119721,-3.84072536583765,4.9960036108132e-16,0,4.44089209850063e-15,3.46944695195361e-17,4.57966997657877e-16,0,FALSE,FALSE
"Q9UBX7",-0.347652624485256,11.0180551557968,-2.18534792284611,0.0293261119756763,0.108947265733471,-3.83649297859077,-0.347652624485256,11.0180551557968,-2.18534792284611,0.0293261119756763,0.108947265733471,-3.83649297859077,4.44089209850063e-16,2.30926389122033e-14,2.66453525910038e-15,6.93889390390723e-18,1.38777878078145e-17,8.88178419700125e-16,FALSE,FALSE
"Q02487",-0.266487326397544,6.72112674295257,-2.18264327952222,0.0295686465624461,0.109531154607608,-3.82057119714851,-0.266487326397544,6.72112674295257,-2.18264327952222,0.0295686465624461,0.109531154607608,-3.82057119714851,2.22044604925031e-16,8.88178419700125e-16,2.22044604925031e-15,1.73472347597681e-17,2.35922392732846e-16,3.5527136788005e-15,FALSE,FALSE
"Q08629",-0.213085502442051,7.25794963168698,-2.1821298562541,0.0296360446218633,0.109531154607608,-3.7911882178349,-0.213085502442051,7.25794963168698,-2.1821298562541,0.0296360446218633,0.109531154607608,-3.7911882178349,5.55111512312578e-17,8.88178419700125e-16,2.66453525910038e-15,1.38777878078145e-17,2.35922392732846e-16,3.5527136788005e-15,FALSE,FALSE
"O43529",-0.225090325647294,7.08046953571719,-2.17474369729243,0.0301373237308837,0.111049007549855,-3.82994510807112,-0.225090325647294,7.08046953571719,-2.17474369729243,0.0301373237308836,0.111049007549855,-3.82994510807112,1.94289029309402e-16,1.77635683940025e-15,1.77635683940025e-15,5.89805981832114e-17,2.77555756156289e-17,3.5527136788005e-15,FALSE,FALSE
"P30990",-0.194330135803011,8.86237445889297,-2.17363918511178,0.0302049478560188,0.111049007549855,-3.85690134260226,-0.194330135803011,8.86237445889297,-2.17363918511178,0.0302049478560188,0.111049007549855,-3.85690134260226,4.9960036108132e-16,1.77635683940025e-15,3.99680288865056e-15,1.73472347597681e-17,2.77555756156289e-17,3.10862446895044e-15,FALSE,FALSE
"P02533",-0.268767887142292,13.6158015743628,-2.1723826259449,0.0302790529651278,0.111049007549855,-3.87704997068012,-0.268767887142292,13.6158015743628,-2.1723826259449,0.0302790529651278,0.111049007549855,-3.87704997068012,4.9960036108132e-16,7.105427357601e-15,2.66453525910038e-15,2.08166817117217e-17,2.77555756156289e-17,4.44089209850063e-15,FALSE,FALSE
"Q09666",-0.173371885009299,8.9200180950976,-2.16781479061457,0.0306269711563769,0.112038460811848,-3.88642034663521,-0.173371885009299,8.9200180950976,-2.16781479061457,0.0306269711563769,0.112038460811848,-3.88642034663521,1.11022302462516e-16,3.5527136788005e-15,3.99680288865056e-15,2.42861286636753e-17,2.35922392732846e-16,1.33226762955019e-15,FALSE,FALSE
"P22105",-0.19255729867127,13.1904145222922,-2.1628929007877,0.0310057050623325,0.113135320761794,-3.89649536259058,-0.19255729867127,13.1904145222922,-2.1628929007877,0.0310057050623325,0.113135320761794,-3.89649536259058,1.94289029309402e-16,1.77635683940025e-14,3.5527136788005e-15,4.16333634234434e-17,4.44089209850063e-16,3.10862446895044e-15,FALSE,FALSE
"P0DJI9",-0.392007898295471,11.2077247000343,-2.15814775392546,0.0313746489271129,0.114190981120507,-3.90618731293933,-0.392007898295471,11.2077247000343,-2.15814775392546,0.0313746489271129,0.114190981120507,-3.90618731293933,3.33066907387547e-16,4.2632564145606e-14,2.66453525910038e-15,1.38777878078145e-17,2.91433543964104e-16,2.22044604925031e-15,FALSE,FALSE
"P20701",-0.17560977048981,8.57395550348174,-2.15392937424996,0.0317058010172597,0.115104097870254,-3.91478580281025,-0.17560977048981,8.57395550348174,-2.15392937424996,0.0317058010172597,0.115104097870254,-3.91478580281025,3.05311331771918e-16,1.77635683940025e-15,2.22044604925031e-15,4.85722573273506e-17,3.7470027081099e-16,4.44089209850063e-15,FALSE,FALSE
"P42025",-0.310561936500054,8.33137849152856,-2.14865013869821,0.0322463311939599,0.116372000062622,-3.85806742325886,-0.310561936500054,8.33137849152856,-2.14865013869821,0.0322463311939599,0.116372000062622,-3.85806742325886,2.77555756156289e-16,3.5527136788005e-15,2.22044604925031e-15,4.85722573273506e-17,2.4980018054066e-16,4.44089209850063e-15,FALSE,FALSE
"Q92954",-0.208556031448031,12.2104989802304,-2.14698667150815,0.0322573634891855,0.116372000062622,-3.92890143819949,-0.208556031448031,12.2104989802304,-2.14698667150815,0.0322573634891856,0.116372000062622,-3.92890143819948,4.71844785465692e-16,7.105427357601e-15,4.44089209850063e-16,6.24500451351651e-17,2.4980018054066e-16,4.88498130835069e-15,FALSE,FALSE
"P10586",-0.203418361054466,7.28704665708896,-2.14650660821264,0.032298504898831,0.116372000062622,-3.92926541256147,-0.203418361054466,7.28704665708896,-2.14650660821264,0.032298504898831,0.116372000062622,-3.92926541256147,4.16333634234434e-16,2.66453525910038e-15,3.10862446895044e-15,0,2.4980018054066e-16,8.88178419700125e-16,FALSE,FALSE
"Q9HBW9",-0.199635937101867,7.94242196286746,-2.14448333617147,0.0324749693204412,0.116569502902454,-3.91901827702145,-0.199635937101867,7.94242196286746,-2.14448333617147,0.0324749693204412,0.116569502902454,-3.91901827702145,0,3.5527136788005e-15,4.88498130835069e-15,4.85722573273506e-17,6.93889390390723e-17,3.99680288865056e-15,FALSE,FALSE
"Q8WUJ3",-0.329895389440945,7.7314309567969,-2.14317214454008,0.0325777664925625,0.116569502902454,-3.92986530114438,-0.329895389440945,7.7314309567969,-2.14317214454008,0.0325777664925625,0.116569502902454,-3.92986530114438,1.11022302462516e-16,0,4.44089209850063e-16,6.93889390390723e-18,6.93889390390723e-17,2.66453525910038e-15,FALSE,FALSE
"Q96MT3",-0.382237492651718,11.9342487165789,-2.14371313585282,0.0326193103058956,0.116569502902454,-3.88092261937685,-0.382237492651718,11.9342487165789,-2.14371313585282,0.0326193103058956,0.116569502902454,-3.88092261937685,4.44089209850063e-16,4.61852778244065e-14,2.22044604925031e-15,2.08166817117217e-17,6.93889390390723e-17,3.99680288865056e-15,FALSE,FALSE
"O14960",-0.330381542453964,11.8546863734443,-2.14175429160232,0.0326784798931565,0.116569502902454,-3.93951015187752,-0.330381542453964,11.8546863734443,-2.14175429160232,0.0326784798931565,0.116569502902454,-3.93951015187752,4.44089209850063e-16,1.77635683940025e-15,1.77635683940025e-15,4.85722573273506e-17,6.93889390390723e-17,1.77635683940025e-15,FALSE,FALSE
"Q8N307",-0.191378484406082,10.2198904475629,-2.13941204018984,0.0328694176097624,0.116719259340317,-3.94382519464573,-0.191378484406082,10.2198904475629,-2.13941204018984,0.0328694176097624,0.116719259340317,-3.94382519464573,2.4980018054066e-16,3.73034936274053e-14,2.22044604925031e-15,2.08166817117217e-17,1.94289029309402e-16,1.33226762955019e-15,FALSE,FALSE
"P26038",-0.21905384896872,10.0554581270799,-2.13923091525011,0.032883250190717,0.116719259340317,-3.9446172459562,-0.21905384896872,10.0554581270799,-2.13923091525011,0.032883250190717,0.116719259340317,-3.9446172459562,5.55111512312578e-17,4.08562073062058e-14,0,2.08166817117217e-17,1.94289029309402e-16,8.88178419700125e-16,FALSE,FALSE
"Q86UX2",-0.177856506431843,7.58101922272637,-2.13781531738136,0.0330022417317134,0.116852381835252,-3.94370197680059,-0.177856506431843,7.58101922272637,-2.13781531738136,0.0330022417317134,0.116852381835252,-3.94370197680059,3.60822483003176e-16,3.5527136788005e-15,4.44089209850063e-15,1.38777878078145e-17,1.52655665885959e-16,3.5527136788005e-15,FALSE,FALSE
"P01591",-0.275556531943069,10.7534476961789,-2.12831113030312,0.0337821312993684,0.119319153407129,-3.96664980616489,-0.275556531943069,10.7534476961789,-2.12831113030312,0.0337821312993684,0.119319153407129,-3.96664980616489,5.55111512312578e-17,3.90798504668055e-14,1.33226762955019e-15,6.93889390390723e-18,2.08166817117217e-16,1.33226762955019e-15,FALSE,FALSE
"P11597",-0.221605585249279,14.3690496337631,-2.12305439473586,0.0342223099288219,0.120576885596881,-3.9772167072327,-0.221605585249279,14.3690496337631,-2.12305439473586,0.0342223099288219,0.120576885596881,-3.9772167072327,3.60822483003176e-16,3.5527136788005e-14,8.88178419700125e-16,0,9.71445146547012e-17,4.44089209850063e-15,FALSE,FALSE
"Q14697",-0.177855938985386,9.82950310667084,-2.1197437251016,0.0345020480931814,0.121264551386329,-3.98385852735382,-0.177855938985386,9.82950310667084,-2.1197437251016,0.0345020480931814,0.121264551386329,-3.98385852735382,4.44089209850063e-16,1.77635683940025e-15,3.10862446895044e-15,6.93889390390723e-18,2.22044604925031e-16,4.44089209850063e-16,FALSE,FALSE
"P22694",0.343557617778823,6.90782281647317,2.11970891163392,0.034641959118355,0.121458604830614,-3.8928214904362,0.343557617778823,6.90782281647317,2.11970891163392,0.034641959118355,0.121458604830614,-3.8928214904362,3.33066907387547e-16,3.5527136788005e-15,4.44089209850063e-16,6.93889390390723e-18,1.80411241501588e-16,2.22044604925031e-15,FALSE,FALSE
"P05186",-0.222416712154224,6.64416715983363,-2.11787834792391,0.0347842864140661,0.121607339464928,-3.91673083050493,-0.222416712154224,6.64416715983363,-2.11787834792391,0.0347842864140661,0.121607339464928,-3.91673083050493,4.16333634234434e-16,3.5527136788005e-15,2.66453525910038e-15,4.85722573273506e-17,1.80411241501588e-16,0,FALSE,FALSE
"Q7Z3Y7",-0.231908696206849,15.3859550198003,-2.11564352374609,0.0348539864156801,0.121607339464928,-3.98948234815601,-0.231908696206849,15.3859550198003,-2.11564352374609,0.0348539864156801,0.121607339464928,-3.98948234815601,2.77555756156289e-16,4.44089209850063e-14,3.10862446895044e-15,4.85722573273506e-17,1.80411241501588e-16,2.22044604925031e-15,FALSE,FALSE
"Q9Y6C2",-0.249586867322796,10.4729699752306,-2.10719571564576,0.0355801578646375,0.123839675674491,-4.00893976394872,-0.249586867322796,10.4729699752306,-2.10719571564576,0.0355801578646375,0.123839675674491,-4.00893976394872,3.33066907387547e-16,2.48689957516035e-14,4.44089209850063e-15,2.77555756156289e-17,1.80411241501588e-16,8.88178419700125e-16,FALSE,FALSE
"Q9BXT2",-0.23923387534149,8.77237096449732,-2.10119236097217,0.0362626818048524,0.125909650625081,-3.94354855178079,-0.23923387534149,8.77237096449732,-2.10119236097217,0.0362626818048524,0.125909650625081,-3.94354855178079,4.44089209850063e-16,3.5527136788005e-15,4.44089209850063e-15,4.16333634234434e-17,1.38777878078145e-16,8.88178419700125e-16,FALSE,FALSE
"Q6KB66",-0.376506480607331,9.52359920940855,-2.09285829285671,0.0368656546585417,0.127694079179587,-4.01515786278492,-0.376506480607331,9.52359920940855,-2.09285829285671,0.0368656546585418,0.127694079179587,-4.01515786278492,1.66533453693773e-16,0,3.10862446895044e-15,1.38777878078145e-16,5.55111512312578e-17,8.88178419700125e-16,FALSE,FALSE
"P00325",-0.274297036946612,8.53607392474214,-2.09107251330979,0.0370354302395383,0.127907967687113,-4.02704090991122,-0.274297036946612,8.53607392474214,-2.09107251330979,0.0370354302395383,0.127907967687113,-4.02704090991122,2.22044604925031e-16,3.5527136788005e-15,4.44089209850063e-16,6.93889390390723e-18,4.16333634234434e-16,1.77635683940025e-15,FALSE,FALSE
"Q16658",-0.28753643452073,6.41987347472856,-2.09152308185652,0.037105798157489,0.127907967687113,-3.95171615979264,-0.28753643452073,6.41987347472856,-2.09152308185652,0.037105798157489,0.127907967687113,-3.95171615979264,1.66533453693773e-16,1.77635683940025e-15,3.99680288865056e-15,3.46944695195361e-17,4.16333634234434e-16,3.5527136788005e-15,FALSE,FALSE
"P63218",-0.267843595896638,9.16578414948582,-2.08864588399886,0.0372833684903579,0.128211871499216,-4.01376014246519,-0.267843595896638,9.16578414948582,-2.08864588399886,0.0372833684903579,0.128211871499216,-4.01376014246519,1.11022302462516e-16,5.32907051820075e-15,0,2.77555756156289e-17,2.4980018054066e-16,4.44089209850063e-15,FALSE,FALSE
"Q15911",-0.188814144619821,10.3802555256637,-2.08310668807156,0.0378123447818432,0.129719862242017,-3.97094499809421,-0.188814144619821,10.3802555256637,-2.08310668807156,0.0378123447818432,0.129719862242017,-3.97094499809421,1.66533453693773e-16,4.79616346638068e-14,3.5527136788005e-15,2.77555756156289e-17,0,8.88178419700125e-16,FALSE,FALSE
"Q9NYQ8",-0.384732795302275,7.98396282762633,-2.08054294248942,0.0380005150715037,0.130054268765003,-4.03798289414096,-0.384732795302275,7.98396282762633,-2.08054294248942,0.0380005150715037,0.130054268765003,-4.03798289414096,2.22044604925031e-16,3.5527136788005e-15,4.88498130835069e-15,2.77555756156289e-17,2.77555756156289e-17,3.5527136788005e-15,FALSE,FALSE
"P22735",-0.371949903549227,8.92787899244459,-2.07663004205953,0.0383884067342231,0.131068988706847,-4.00583992563904,-0.371949903549227,8.92787899244459,-2.07663004205953,0.0383884067342231,0.131068988706847,-4.00583992563904,2.77555756156289e-16,3.5527136788005e-15,3.5527136788005e-15,0,4.44089209850063e-16,8.88178419700125e-16,FALSE,FALSE
"P43686",-0.294944830554285,7.18829969733734,-2.06572395126042,0.0394037403756781,0.13421606579269,-4.05357839567518,-0.294944830554285,7.18829969733734,-2.06572395126042,0.0394037403756781,0.13421606579269,-4.05357839567518,0,2.66453525910038e-15,3.99680288865056e-15,4.16333634234434e-17,8.32667268468867e-17,3.5527136788005e-15,FALSE,FALSE
"P05023",-0.173427801930475,7.81301349238323,-2.06233677578296,0.0396829796319685,0.134846902351286,-4.08953439121997,-0.173427801930475,7.81301349238323,-2.06233677578296,0.0396829796319685,0.134846902351286,-4.08953439121997,1.38777878078145e-16,3.5527136788005e-15,4.44089209850063e-15,3.46944695195361e-17,4.44089209850063e-16,1.77635683940025e-15,FALSE,FALSE
"Q9H5I5",-0.190356692367644,10.5868250915879,-2.06061781798703,0.0398445142367428,0.135075729114632,-4.09528070980627,-0.190356692367644,10.5868250915879,-2.06061781798703,0.0398445142367428,0.135075729114632,-4.09528070980627,3.60822483003176e-16,2.66453525910038e-14,3.10862446895044e-15,4.16333634234434e-17,2.4980018054066e-16,2.66453525910038e-15,FALSE,FALSE
"Q09328",-0.142071958534959,8.89504720732085,-2.05515781823748,0.0403640655643437,0.136514316083181,-4.11139263084859,-0.142071958534959,8.89504720732085,-2.05515781823748,0.0403640655643437,0.136514316083181,-4.11139263084859,4.71844785465692e-16,1.77635683940025e-15,2.22044604925031e-15,0,3.05311331771918e-16,3.5527136788005e-15,FALSE,FALSE
"P21439",-0.225910986459947,9.11995590656218,-2.05141539105129,0.040839503823929,0.137797290549445,-4.04872931450874,-0.225910986459947,9.11995590656218,-2.05141539105129,0.0408395038239289,0.137797290549445,-4.04872931450874,3.33066907387547e-16,3.5527136788005e-15,2.66453525910038e-15,5.55111512312578e-17,5.55111512312578e-17,3.5527136788005e-15,FALSE,FALSE
"P23467",-0.17654625402634,8.79390050319255,-2.04864859520108,0.0409993106329162,0.137930858274935,-4.12403089168991,-0.17654625402634,8.79390050319255,-2.04864859520108,0.0409993106329162,0.137930858274935,-4.12403089168991,3.88578058618805e-16,3.5527136788005e-15,4.88498130835069e-15,0,2.77555756156289e-17,2.66453525910038e-15,FALSE,FALSE
"Q9NQ76",-0.2583241400972,8.79101973270035,-2.04805675384437,0.0410714619828433,0.137930858274935,-4.10735944217285,-0.2583241400972,8.79101973270035,-2.04805675384437,0.0410714619828433,0.137930858274935,-4.10735944217285,3.88578058618805e-16,3.5527136788005e-15,3.10862446895044e-15,4.16333634234434e-17,2.77555756156289e-17,3.5527136788005e-15,FALSE,FALSE
"Q96PX8",-0.235318437139433,6.86352433217813,-2.04528348270595,0.0414020987450105,0.1387163775709,-4.07583541710057,-0.235318437139433,6.86352433217813,-2.04528348270595,0.0414020987450104,0.138716377570899,-4.07583541710057,4.44089209850063e-16,1.77635683940025e-15,3.99680288865056e-15,7.63278329429795e-17,5.82867087928207e-16,1.77635683940025e-15,FALSE,FALSE
"Q10589",-0.283711444692487,7.42872267096345,-2.04122409920497,0.0418145462517711,0.139721146468106,-4.08259571780957,-0.283711444692487,7.42872267096345,-2.04122409920497,0.0418145462517711,0.139721146468106,-4.08259571780957,3.33066907387547e-16,4.44089209850063e-15,0,1.38777878078145e-17,1.94289029309402e-16,4.44089209850063e-15,FALSE,FALSE
"Q96Q06",-0.212845000627683,8.04826891436327,-2.0377954467777,0.0420853272983809,0.139721146468106,-4.13874150869303,-0.212845000627683,8.04826891436327,-2.0377954467777,0.0420853272983809,0.139721146468106,-4.13874150869303,4.71844785465692e-16,0,4.44089209850063e-16,6.93889390390723e-18,1.94289029309402e-16,8.88178419700125e-16,FALSE,FALSE
"P00742",-0.134452566263997,14.9378782243176,-2.0377004195584,0.0420869195379238,0.139721146468106,-4.14519888110838,-0.134452566263997,14.9378782243176,-2.0377004195584,0.0420869195379239,0.139721146468106,-4.14519888110838,5.55111512312578e-17,1.59872115546023e-14,2.66453525910038e-15,9.0205620750794e-17,1.94289029309402e-16,0,FALSE,FALSE
"Q9UKZ9",-0.194579229259588,8.67758135914371,-2.03771171551459,0.0420917261326512,0.139721146468106,-4.1411480358386,-0.194579229259588,8.67758135914371,-2.03771171551459,0.0420917261326512,0.139721146468106,-4.1411480358386,2.4980018054066e-16,3.5527136788005e-15,1.33226762955019e-15,3.46944695195361e-17,1.94289029309402e-16,3.5527136788005e-15,FALSE,FALSE
"P62136",-0.300191872585164,6.65518436711675,-2.03450305805667,0.042510300576332,0.140784690592287,-4.08695686137433,-0.300191872585164,6.65518436711675,-2.03450305805667,0.042510300576332,0.140784690592287,-4.08695686137433,0,2.66453525910038e-15,4.88498130835069e-15,2.08166817117217e-17,3.33066907387547e-16,8.88178419700125e-16,FALSE,FALSE
"P11021",-0.181338927977549,10.2124101408684,-2.03059231134391,0.042806080517473,0.141437602447134,-4.15888249100748,-0.181338927977549,10.2124101408684,-2.03059231134391,0.0428060805174731,0.141437602447135,-4.15888249100748,2.4980018054066e-16,1.4210854715202e-14,4.44089209850063e-16,1.04083408558608e-16,6.38378239159465e-16,8.88178419700125e-16,FALSE,FALSE
"Q9BZQ8",-0.17478221131669,6.73695629140164,-2.02971623419182,0.0429278981148749,0.141514036544208,-4.13905043980131,-0.17478221131669,6.73695629140164,-2.02971623419182,0.0429278981148749,0.141514036544208,-4.13905043980131,8.32667268468867e-17,4.44089209850063e-15,8.88178419700125e-16,0,3.05311331771918e-16,8.88178419700125e-16,FALSE,FALSE
"Q6PCB0",-0.211427350205784,6.80868966858959,-2.02573058783449,0.0433878471512544,0.142702231226832,-4.10745217409431,-0.211427350205784,6.80868966858959,-2.02573058783449,0.0433878471512544,0.142702231226832,-4.10745217409431,2.77555756156289e-17,4.44089209850063e-15,3.5527136788005e-15,2.77555756156289e-17,2.22044604925031e-16,0,FALSE,FALSE
"P04259",-0.17466130653977,14.4216868862115,-2.0213929418856,0.0437522693478543,0.143571520011037,-4.1765221096665,-0.17466130653977,14.4216868862115,-2.0213929418856,0.0437522693478543,0.143571520011037,-4.1765221096665,2.77555756156289e-17,3.01980662698043e-14,2.66453525910038e-15,2.77555756156289e-17,3.60822483003176e-16,2.66453525910038e-15,FALSE,FALSE
"P07225",-0.186026225369556,14.80708803435,-2.01867332166749,0.0440353620317327,0.144170568843618,-4.18172184257027,-0.186026225369556,14.80708803435,-2.01867332166749,0.0440353620317327,0.144170568843618,-4.18172184257027,5.55111512312578e-17,1.4210854715202e-14,1.77635683940025e-15,4.16333634234434e-17,1.11022302462516e-16,4.44089209850063e-15,FALSE,FALSE
"Q16610",-0.177243729779875,12.6541553213645,-2.01367150951069,0.0445600638442518,0.145556108320403,-4.19126699554217,-0.177243729779875,12.6541553213645,-2.01367150951069,0.0445600638442518,0.145556108320403,-4.19126699554217,4.16333634234434e-16,1.77635683940025e-15,8.88178419700125e-16,2.08166817117217e-17,3.05311331771918e-16,2.66453525910038e-15,FALSE,FALSE
"Q8WUT4",-0.227567252410987,9.43637876328759,-2.01162792047589,0.0447809942416385,0.145945331232976,-4.19037436760345,-0.227567252410987,9.43637876328759,-2.01162792047589,0.0447809942416385,0.145945331232976,-4.19037436760345,1.38777878078145e-16,0,8.88178419700125e-16,6.93889390390723e-18,3.60822483003176e-16,3.5527136788005e-15,FALSE,FALSE
"Q9BUN1",-0.232759565247997,11.5226432236128,-2.0100488967404,0.0449433791627895,0.14614241659737,-4.19816562291902,-0.232759565247997,11.5226432236128,-2.0100488967404,0.0449433791627895,0.14614241659737,-4.19816562291902,4.44089209850063e-16,4.08562073062058e-14,4.44089209850063e-16,0,5.55111512312578e-17,2.66453525910038e-15,FALSE,FALSE
"Q7Z304",-0.203377476325587,7.25033801421109,-2.00826503330913,0.0451897151107958,0.146408753363069,-4.14714421071152,-0.203377476325587,7.25033801421109,-2.00826503330913,0.0451897151107958,0.146408753363069,-4.14714421071152,3.33066907387547e-16,2.66453525910038e-15,3.5527136788005e-15,3.46944695195361e-17,3.60822483003176e-16,8.88178419700125e-16,FALSE,FALSE
"Q9BS26",-0.251107991540271,9.66366149782884,-2.00696003859701,0.0452764502384036,0.146408753363069,-4.20098162753276,-0.251107991540271,9.66366149782884,-2.00696003859701,0.0452764502384035,0.146408753363069,-4.20098162753276,3.88578058618805e-16,3.5527136788005e-15,2.22044604925031e-15,8.32667268468867e-17,3.60822483003176e-16,8.88178419700125e-16,FALSE,FALSE
"P13929",-0.282802931208504,8.25455558862086,-2.0064254329117,0.0453315805391928,0.146408753363069,-4.20428526156294,-0.282802931208504,8.25455558862086,-2.0064254329117,0.0453315805391928,0.146408753363069,-4.20428526156294,2.77555756156289e-16,1.77635683940025e-15,8.88178419700125e-16,0,3.60822483003176e-16,0,FALSE,FALSE
"P08319",-0.279827935157629,10.3536398454033,-2.00148045647224,0.0458611330880542,0.147786213142179,-4.21443406773754,-0.279827935157629,10.3536398454033,-2.00148045647224,0.0458611330880542,0.147786213142179,-4.21443406773753,2.77555756156289e-16,1.4210854715202e-14,2.66453525910038e-15,6.93889390390723e-18,1.66533453693773e-16,5.32907051820075e-15,FALSE,FALSE
"Q9Y5C1",-0.162323538580672,9.13955679989305,-2.00052441446701,0.0459645084523397,0.147787231212231,-4.2162450137764,-0.162323538580672,9.13955679989305,-2.00052441446701,0.0459645084523397,0.147787231212231,-4.2162450137764,2.77555756156289e-16,3.5527136788005e-15,8.88178419700125e-16,2.08166817117217e-17,3.05311331771918e-16,2.66453525910038e-15,FALSE,FALSE
"P45877",-0.189954338509152,7.18481915819725,-2.00009949025477,0.04616081036786,0.148086358092866,-4.12718635821539,-0.189954338509152,7.18481915819725,-2.00009949025477,0.04616081036786,0.148086358092866,-4.12718635821539,4.44089209850063e-16,2.66453525910038e-15,4.44089209850063e-16,4.16333634234434e-17,1.94289029309402e-16,3.5527136788005e-15,FALSE,FALSE
"Q92765",-0.225648778627207,8.10868573676018,-1.99495979787919,0.0466531402140109,0.149331703274312,-4.15756404807107,-0.225648778627207,8.10868573676018,-1.99495979787919,0.0466531402140108,0.149331703274311,-4.15756404807107,2.22044604925031e-16,5.32907051820075e-15,2.88657986402541e-15,9.0205620750794e-17,6.10622663543836e-16,0,FALSE,FALSE
"P07858",-0.213739403173035,8.05039577322391,-1.99015857029711,0.0471325729175173,0.150530310832338,-4.21038037783755,-0.213739403173035,8.05039577322391,-1.99015857029711,0.0471325729175173,0.150530310832338,-4.21038037783755,1.38777878078145e-16,1.77635683940025e-15,4.44089209850063e-16,1.38777878078145e-17,5.55111512312578e-17,1.77635683940025e-15,FALSE,FALSE
"P50238",-0.197238341986644,11.6856486064895,-1.98723222550319,0.0474379536545021,0.151033794205045,-4.23389994756307,-0.197238341986644,11.6856486064895,-1.98723222550319,0.0474379536545021,0.151033794205046,-4.23389994756307,8.32667268468867e-17,0,3.99680288865056e-15,1.38777878078145e-17,4.9960036108132e-16,8.88178419700125e-16,FALSE,FALSE
"Q03167",-0.211985048167385,7.82279798926101,-1.98600211046767,0.0475705521231018,0.151033794205045,-4.23901716165482,-0.211985048167385,7.82279798926101,-1.98600211046767,0.0475705521231018,0.151033794205046,-4.23901716165482,5.55111512312578e-17,0,1.99840144432528e-15,4.16333634234434e-17,4.9960036108132e-16,4.44089209850063e-15,FALSE,FALSE
"P01871",-0.236783125498061,16.5502013049158,-1.98557993192672,0.0476061889683965,0.151033794205045,-4.24444234938929,-0.236783125498061,16.5502013049158,-1.98557993192672,0.0476061889683965,0.151033794205046,-4.24444234938929,1.94289029309402e-16,1.06581410364015e-14,4.44089209850063e-15,1.38777878078145e-17,4.9960036108132e-16,0,FALSE,FALSE
"P05107",-0.154141803230722,9.4635606364959,-1.9841124516745,0.0477700276226745,0.151219027838665,-4.24719998021233,-0.154141803230722,9.4635606364959,-1.9841124516745,0.0477700276226745,0.151219027838665,-4.24719998021233,2.77555756156289e-17,5.32907051820075e-15,3.77475828372553e-15,2.77555756156289e-17,1.11022302462516e-16,2.66453525910038e-15,FALSE,FALSE
"P61769",-0.187769939574334,10.7897548478479,-1.98212979270819,0.0479921387124699,0.151587504215158,-4.25092252747631,-0.187769939574334,10.7897548478479,-1.98212979270819,0.0479921387124699,0.151587504215158,-4.25092252747631,1.94289029309402e-16,3.01980662698043e-14,2.44249065417534e-15,2.08166817117217e-17,1.66533453693773e-16,4.44089209850063e-15,FALSE,FALSE
"P30273",-0.195555490441443,8.26531640914818,-1.977541797667,0.0485396765520581,0.152664831729304,-4.24433725972333,-0.195555490441443,8.26531640914818,-1.977541797667,0.0485396765520581,0.152664831729304,-4.24433725972333,2.77555756156289e-16,1.77635683940025e-15,4.66293670342566e-15,0,2.22044604925031e-16,8.88178419700125e-16,FALSE,FALSE
"Q9Y543",-0.233763850552524,10.5836936364859,-1.9773667986795,0.048546138959946,0.152664831729304,-4.24774316402469,-0.233763850552524,10.5836936364859,-1.9773667986795,0.048546138959946,0.152664831729304,-4.24774316402469,1.38777878078145e-16,4.44089209850063e-14,3.33066907387547e-15,2.77555756156289e-17,2.22044604925031e-16,5.32907051820075e-15,FALSE,FALSE
"P09104",-0.175863841337888,11.6577824283136,-1.97464063262141,0.0488389940802922,0.15324971009002,-4.26495076990863,-0.175863841337888,11.6577824283136,-1.97464063262141,0.0488389940802922,0.15324971009002,-4.26495076990863,8.32667268468867e-17,1.77635683940025e-14,1.77635683940025e-15,6.93889390390723e-18,2.4980018054066e-16,1.77635683940025e-15,FALSE,FALSE
"P15924",-0.268026281329069,10.1590568985184,-1.97042545448665,0.0493211449097557,0.154424720088624,-4.27282339660226,-0.268026281329069,10.1590568985184,-1.97042545448665,0.0493211449097558,0.154424720088624,-4.27282339660226,2.22044604925031e-16,4.2632564145606e-14,2.66453525910038e-15,6.93889390390723e-17,5.55111512312578e-17,8.88178419700125e-16,FALSE,FALSE
"P08648",-0.191180012620878,7.92067956258223,-1.96597397474385,0.0498538492754612,0.1557525487168,-4.26586538690983,-0.191180012620878,7.92067956258223,-1.96597397474385,0.0498538492754612,0.1557525487168,-4.26586538690983,1.94289029309402e-16,5.32907051820075e-15,1.33226762955019e-15,4.85722573273506e-17,4.9960036108132e-16,4.44089209850063e-15,FALSE,FALSE
"P53675",-0.278499031402042,7.77839520202596,-1.96097878395803,0.0504289346739701,0.156867176353286,-4.27971021000017,-0.278499031402042,7.77839520202596,-1.96097878395803,0.0504289346739701,0.156867176353286,-4.27971021000017,1.11022302462516e-16,4.44089209850063e-15,4.21884749357559e-15,0,1.94289029309402e-16,3.5527136788005e-15,FALSE,FALSE
"P48454",-0.278384266275918,10.6864968819858,-1.96206321405928,0.0504523050922833,0.156867176353286,-4.13417630327808,-0.278384266275918,10.6864968819858,-1.96206321405928,0.0504523050922833,0.156867176353286,-4.13417630327808,2.77555756156289e-16,3.73034936274053e-14,4.44089209850063e-16,2.77555756156289e-17,1.94289029309402e-16,2.66453525910038e-15,FALSE,FALSE
"P01344",-0.168110814176728,10.9390044867965,-1.95994131835254,0.0505387974025232,0.156867176353286,-4.29041261103978,-0.168110814176728,10.9390044867965,-1.95994131835254,0.0505387974025232,0.156867176353286,-4.29041261103978,2.4980018054066e-16,1.77635683940025e-14,3.77475828372553e-15,2.77555756156289e-17,1.94289029309402e-16,3.5527136788005e-15,FALSE,FALSE
"Q9UBS3",-0.217824441203821,7.57599683474601,-1.95904982082518,0.0507124783196054,0.157066293542795,-4.23884888520907,-0.217824441203821,7.57599683474601,-1.95904982082518,0.0507124783196054,0.157066293542795,-4.23884888520907,2.77555756156289e-16,1.77635683940025e-15,4.44089209850063e-16,3.46944695195361e-17,2.22044604925031e-16,3.5527136788005e-15,FALSE,FALSE
"P01893",-0.161519616180129,9.66724335282846,-1.95684247208744,0.0509031933826717,0.157317196790412,-4.29766249038619,-0.161519616180129,9.66724335282846,-1.95684247208744,0.0509031933826717,0.157317196790412,-4.29766249038619,3.33066907387547e-16,3.5527136788005e-15,1.77635683940025e-15,2.77555756156289e-17,1.94289029309402e-16,8.88178419700125e-16,FALSE,FALSE
"P00747",-0.200532287324652,15.1152510353278,-1.95566168913939,0.051041584713725,0.157405661246197,-4.30026686508914,-0.200532287324652,15.1152510353278,-1.95566168913939,0.0510415847137251,0.157405661246197,-4.30026686508914,0,5.32907051820075e-15,1.11022302462516e-15,6.93889390390723e-17,3.05311331771918e-16,1.77635683940025e-15,FALSE,FALSE
"P00746",-0.205261876366984,12.1788872745757,-1.95467213173782,0.051158679484718,0.15742821111821,-4.30209902631384,-0.205261876366984,12.1788872745757,-1.95467213173782,0.0511586794847181,0.15742821111821,-4.30209902631384,4.44089209850063e-16,4.44089209850063e-14,6.66133814775094e-16,7.63278329429795e-17,3.05311331771918e-16,2.66453525910038e-15,FALSE,FALSE
"Q7Z794",-0.562097280594854,11.3088899295884,-1.94711598025189,0.0520708740273837,0.15902118989079,-4.30083079288767,-0.562097280594854,11.3088899295884,-1.94711598025189,0.0520708740273837,0.15902118989079,-4.30083079288767,3.33066907387547e-16,1.4210854715202e-14,3.5527136788005e-15,3.46944695195361e-17,2.4980018054066e-16,1.77635683940025e-15,FALSE,FALSE
"Q9Y646",-0.141571917168431,8.41227064146051,-1.94666408405241,0.0521166896071029,0.15902118989079,-4.31546570281697,-0.141571917168431,8.41227064146051,-1.94666408405241,0.0521166896071029,0.15902118989079,-4.31546570281697,1.38777878078145e-16,0,4.44089209850063e-15,2.08166817117217e-17,2.4980018054066e-16,4.44089209850063e-15,FALSE,FALSE
"P12821",-0.17088941997778,8.01600293478439,-1.94628528373417,0.0521622761004015,0.15902118989079,-4.31554433446898,-0.17088941997778,8.01600293478439,-1.94628528373417,0.0521622761004015,0.15902118989079,-4.31554433446898,4.9960036108132e-16,3.5527136788005e-15,2.66453525910038e-15,3.46944695195361e-17,2.4980018054066e-16,1.77635683940025e-15,FALSE,FALSE
"P48061",-0.274637508305348,10.1683261660363,-1.94584520870385,0.0522534879489128,0.15902118989079,-4.28474559713757,-0.274637508305348,10.1683261660363,-1.94584520870385,0.0522534879489128,0.15902118989079,-4.28474559713757,2.77555756156289e-16,1.77635683940025e-14,2.66453525910038e-15,1.38777878078145e-17,2.4980018054066e-16,1.77635683940025e-15,FALSE,FALSE
"P15941",-0.171325551316688,9.94333841747059,-1.94479076880131,0.0523424590039164,0.15902118989079,-4.31711613044195,-0.171325551316688,9.94333841747059,-1.94479076880131,0.0523424590039164,0.15902118989079,-4.31711613044195,1.94289029309402e-16,1.77635683940025e-15,4.44089209850063e-16,4.85722573273506e-17,2.4980018054066e-16,1.77635683940025e-15,FALSE,FALSE
"P23284",-0.195131216760283,10.4278361273034,-1.94401095440672,0.0524345888358898,0.15902118989079,-4.32178023440535,-0.195131216760283,10.4278361273034,-1.94401095440672,0.0524345888358899,0.15902118989079,-4.32178023440535,4.44089209850063e-16,4.08562073062058e-14,4.44089209850063e-15,5.55111512312578e-17,2.4980018054066e-16,8.88178419700125e-16,FALSE,FALSE
"P13686",-0.2046825287035,7.36307304179888,-1.9447638792248,0.0524525961076315,0.15902118989079,-4.22663350048654,-0.2046825287035,7.36307304179888,-1.9447638792248,0.0524525961076315,0.15902118989079,-4.22663350048654,3.33066907387547e-16,0,1.11022302462516e-15,1.38777878078145e-17,2.4980018054066e-16,2.66453525910038e-15,FALSE,FALSE
"O14745",-0.185245742380658,8.16868954027548,-1.93515443118211,0.0535178755953298,0.161908509712453,-4.33524569495277,-0.185245742380658,8.16868954027548,-1.93515443118211,0.0535178755953298,0.161908509712453,-4.33524569495277,3.88578058618805e-16,3.5527136788005e-15,2.22044604925031e-16,3.46944695195361e-17,3.60822483003176e-16,0,FALSE,FALSE
"Q86WI1",-0.224489977129405,9.4720873850835,-1.93058841667514,0.0540788146770162,0.163261095256508,-4.34640833106368,-0.224489977129405,9.4720873850835,-1.93058841667514,0.0540788146770162,0.163261095256508,-4.34640833106368,1.11022302462516e-16,1.77635683940025e-15,1.99840144432528e-15,4.16333634234434e-17,2.77555756156289e-17,8.88178419700125e-16,FALSE,FALSE
"P08709",-0.156755765758286,9.82365052615428,-1.92825283055681,0.0543692804974884,0.163627323331328,-4.3506765706714,-0.156755765758286,9.82365052615428,-1.92825283055681,0.0543692804974884,0.163627323331328,-4.3506765706714,3.60822483003176e-16,3.5527136788005e-15,2.22044604925031e-15,2.08166817117217e-17,4.44089209850063e-16,0,FALSE,FALSE
"Q15063",-0.263871274845876,10.709472053943,-1.92777925636184,0.0544283355851071,0.163627323331328,-4.35154139796008,-0.263871274845876,10.709472053943,-1.92777925636184,0.0544283355851072,0.163627323331328,-4.35154139796008,2.22044604925031e-16,3.90798504668055e-14,2.88657986402541e-15,5.55111512312578e-17,4.44089209850063e-16,8.88178419700125e-16,FALSE,FALSE
"P24043",-0.212070820178297,6.67354868698089,-1.92671912345296,0.0545758902553873,0.163727670766162,-4.3385368912025,-0.212070820178297,6.67354868698089,-1.92671912345296,0.0545758902553873,0.163727670766162,-4.3385368912025,4.71844785465692e-16,2.66453525910038e-15,3.77475828372553e-15,2.08166817117217e-17,2.77555756156289e-17,1.77635683940025e-15,FALSE,FALSE
"Q13421",-0.213997282778672,7.37967474212312,-1.92495624036867,0.0549010226831485,0.164359220308215,-4.30811853343459,-0.213997282778672,7.37967474212312,-1.92495624036867,0.0549010226831485,0.164359220308215,-4.30811853343459,4.16333634234434e-16,3.5527136788005e-15,4.88498130835069e-15,2.77555756156289e-17,1.66533453693773e-16,2.66453525910038e-15,FALSE,FALSE
"P0C0L5",-0.227753223529225,12.6998549130921,-1.92274554823896,0.0550593664863192,0.164489857377879,-4.36072087438349,-0.227753223529225,12.6998549130921,-1.92274554823896,0.0550593664863193,0.164489857377879,-4.36072087438349,2.22044604925031e-16,1.77635683940025e-14,3.5527136788005e-15,1.2490009027033e-16,2.77555756156289e-17,1.77635683940025e-15,FALSE,FALSE
"P03952",-0.168679153643204,13.4525817248286,-1.92006044772562,0.0553984676916166,0.16515884130931,-4.36560775694595,-0.168679153643204,13.4525817248286,-1.92006044772562,0.0553984676916167,0.16515884130931,-4.36560775694595,2.77555756156289e-17,2.66453525910038e-14,8.88178419700125e-16,7.63278329429795e-17,4.16333634234434e-16,4.44089209850063e-15,FALSE,FALSE
"Q9UBU3",-0.218441964121624,8.79786820446748,-1.91327966646048,0.0564007338639162,0.167746080776952,-4.33393246373331,-0.218441964121624,8.79786820446748,-1.91327966646048,0.0564007338639162,0.167746080776952,-4.33393246373331,2.4980018054066e-16,0,3.77475828372553e-15,1.38777878078145e-17,1.38777878078145e-16,3.5527136788005e-15,FALSE,FALSE
"P01116",-0.224165115698829,8.09842352474422,-1.91245358955744,0.0565002489646219,0.167746080776952,-4.29067707902626,-0.224165115698829,8.09842352474422,-1.91245358955744,0.0565002489646219,0.167746080776952,-4.29067707902626,3.60822483003176e-16,1.77635683940025e-15,4.88498130835069e-15,4.85722573273506e-17,1.38777878078145e-16,1.77635683940025e-15,FALSE,FALSE
"Q9UJJ9",-0.162317438891375,9.88353673564591,-1.89969809001702,0.058027248736536,0.17179422544778,-4.4024482345691,-0.162317438891375,9.88353673564591,-1.89969809001702,0.0580272487365361,0.17179422544778,-4.4024482345691,3.88578058618805e-16,3.5527136788005e-15,1.11022302462516e-15,7.63278329429795e-17,2.4980018054066e-16,2.66453525910038e-15,FALSE,FALSE
"Q9BU40",-0.263052009387811,8.47761248635536,-1.89844953514343,0.0582222558741932,0.17179422544778,-4.36866095102957,-0.263052009387811,8.47761248635536,-1.89844953514343,0.0582222558741932,0.17179422544778,-4.36866095102957,4.9960036108132e-16,3.5527136788005e-15,3.77475828372553e-15,0,2.4980018054066e-16,1.77635683940025e-15,FALSE,FALSE
"Q9HBB8",-0.198994313706483,7.41852388961658,-1.89924227612898,0.0582231475366952,0.17179422544778,-4.34093930797491,-0.198994313706483,7.41852388961658,-1.89924227612898,0.0582231475366952,0.17179422544778,-4.34093930797491,8.32667268468867e-17,4.44089209850063e-15,1.33226762955019e-15,3.46944695195361e-17,2.4980018054066e-16,3.5527136788005e-15,FALSE,FALSE
"Q86UD1",-0.136676155607089,10.3448795806351,-1.89290424769021,0.0589271403782975,0.173514413352112,-4.41465383554588,-0.136676155607089,10.3448795806351,-1.89290424769021,0.0589271403782975,0.173514413352112,-4.41465383554588,4.44089209850063e-16,3.90798504668055e-14,2.44249065417534e-15,2.08166817117217e-17,1.94289029309402e-16,3.5527136788005e-15,FALSE,FALSE
"Q53H76",-0.173242819148275,8.04355834207889,-1.89198872664723,0.0591048130848941,0.173584016433891,-4.38412373132284,-0.173242819148275,8.04355834207889,-1.89198872664723,0.059104813084894,0.173584016433891,-4.38412373132284,3.33066907387547e-16,5.32907051820075e-15,6.66133814775094e-16,1.31838984174237e-16,1.94289029309402e-16,4.44089209850063e-15,FALSE,FALSE
"Q96JP9",-0.200411426982835,6.72370087527936,-1.89147248646129,0.0592530494095233,0.173584016433891,-4.33850330609161,-0.200411426982835,6.72370087527936,-1.89147248646129,0.0592530494095232,0.173584016433891,-4.33850330609161,2.4980018054066e-16,3.5527136788005e-15,2.22044604925031e-16,6.93889390390723e-17,1.94289029309402e-16,8.88178419700125e-16,FALSE,FALSE
"P35916",-0.168702283158678,9.52083692251428,-1.89001069306016,0.0593139247228777,0.173584016433891,-4.41983921635618,-0.168702283158678,9.52083692251428,-1.89001069306016,0.0593139247228777,0.173584016433891,-4.41983921635617,4.16333634234434e-16,3.5527136788005e-15,1.11022302462516e-15,4.16333634234434e-17,1.94289029309402e-16,5.32907051820075e-15,FALSE,FALSE
"P08254",-0.198973371562133,9.21836908683984,-1.88409105664114,0.0601117930931451,0.175560715469593,-4.43042311171246,-0.198973371562133,9.21836908683984,-1.88409105664114,0.0601117930931451,0.175560715469593,-4.43042311171246,3.05311331771918e-16,1.77635683940025e-15,1.77635683940025e-15,3.46944695195361e-17,8.32667268468867e-17,8.88178419700125e-16,FALSE,FALSE
"Q8WUM4",-0.268042340244619,10.5002343077627,-1.88016356886573,0.0606460624020491,0.176424385833438,-4.437427124214,-0.268042340244619,10.5002343077627,-1.88016356886573,0.0606460624020491,0.176424385833438,-4.437427124214,4.9960036108132e-16,7.105427357601e-15,2.22044604925031e-15,1.38777878078145e-17,3.33066907387547e-16,1.77635683940025e-15,FALSE,FALSE
"P30101",-0.182286382537095,10.8976814926054,-1.88010857023912,0.0606535719776044,0.176424385833438,-4.43752510270188,-0.182286382537095,10.8976814926054,-1.88010857023912,0.0606535719776044,0.176424385833438,-4.43752510270188,1.66533453693773e-16,4.44089209850063e-14,1.33226762955019e-15,4.16333634234434e-17,3.33066907387547e-16,1.77635683940025e-15,FALSE,FALSE
"P05388",-0.210047336361859,8.46899758370409,-1.87732232215223,0.0610361064681248,0.177177685577512,-4.44205901390328,-0.210047336361859,8.46899758370409,-1.87732232215223,0.0610361064681248,0.177177685577512,-4.44205901390328,3.05311331771918e-16,5.32907051820075e-15,4.88498130835069e-15,0,5.55111512312578e-17,4.44089209850063e-15,FALSE,FALSE
"P05362",-0.139830949270737,9.51469582533687,-1.86861078985912,0.0622405471373853,0.180308978979819,-4.45794602831116,-0.139830949270737,9.51469582533687,-1.86861078985912,0.0622405471373854,0.180308978979819,-4.45794602831116,4.16333634234434e-16,1.77635683940025e-15,4.21884749357559e-15,6.24500451351651e-17,3.88578058618805e-16,1.77635683940025e-15,FALSE,FALSE
"Q5H9R7",-0.278972306063128,6.2024474221783,-1.865071895849,0.0628932434626773,0.181832482107821,-4.37183258859307,-0.278972306063128,6.2024474221783,-1.865071895849,0.0628932434626772,0.181832482107821,-4.37183258859307,1.66533453693773e-16,8.88178419700125e-16,2.88657986402541e-15,5.55111512312578e-17,8.32667268468867e-17,4.44089209850063e-15,FALSE,FALSE
"Q99435",-0.216298366211012,9.42658302999995,-1.85942296882817,0.0635421936253671,0.183339045591099,-4.46503111529988,-0.216298366211012,9.42658302999995,-1.85942296882817,0.0635421936253671,0.183339045591099,-4.46503111529988,1.66533453693773e-16,1.77635683940025e-15,3.10862446895044e-15,1.38777878078145e-17,3.88578058618805e-16,2.66453525910038e-15,FALSE,FALSE
"P55103",-0.156559905665958,10.8149609178478,-1.84632691947296,0.0654143882076946,0.188361913031795,-4.49717216265408,-0.156559905665958,10.8149609178478,-1.84632691947296,0.0654143882076946,0.188361913031795,-4.49717216265408,1.11022302462516e-16,2.66453525910038e-14,8.88178419700125e-16,0,2.77555756156289e-16,5.32907051820075e-15,FALSE,FALSE
"Q9BY67",-0.143236328582169,10.5867555749713,-1.84443551427598,0.0656898310090481,0.188679956385882,-4.50048022089196,-0.143236328582169,10.5867555749713,-1.84443551427598,0.0656898310090482,0.188679956385882,-4.50048022089196,3.88578058618805e-16,5.32907051820075e-15,1.55431223447522e-15,6.93889390390723e-17,2.4980018054066e-16,0,FALSE,FALSE
"P02679",-0.169830011491786,16.7947678506265,-1.84376306007213,0.0657879903716465,0.188679956385882,-4.50165553408081,-0.169830011491786,16.7947678506265,-1.84376306007213,0.0657879903716465,0.188679956385882,-4.50165553408081,3.33066907387547e-16,3.90798504668055e-14,3.5527136788005e-15,4.16333634234434e-17,2.4980018054066e-16,8.88178419700125e-16,FALSE,FALSE
"P31431",-0.225502045017196,8.97947961589843,-1.83975437398552,0.0663756643600964,0.189818803324546,-4.50865313059736,-0.225502045017196,8.97947961589843,-1.83975437398552,0.0663756643600964,0.189818803324546,-4.50865313059736,1.66533453693773e-16,3.5527136788005e-15,1.33226762955019e-15,1.38777878078145e-17,2.77555756156289e-17,4.44089209850063e-15,FALSE,FALSE
"O95373",-0.243416904064288,9.14071552601856,-1.83927322166956,0.0664498181791646,0.189818803324546,-4.50816625236469,-0.243416904064288,9.14071552601856,-1.83927322166956,0.0664498181791646,0.189818803324546,-4.50816625236469,1.66533453693773e-16,3.5527136788005e-15,1.77635683940025e-15,5.55111512312578e-17,2.77555756156289e-17,4.44089209850063e-15,FALSE,FALSE
"Q8IZA0",-0.166635853427616,7.43627773205715,-1.83236929375034,0.0675048801720958,0.192046469744158,-4.49288936091164,-0.166635853427616,7.43627773205715,-1.83236929375034,0.0675048801720958,0.192046469744158,-4.49288936091164,0,0,4.88498130835069e-15,0,3.05311331771918e-16,8.88178419700125e-16,FALSE,FALSE
"Q16363",-0.204441545793362,7.94111359494882,-1.83161973788074,0.067583756681587,0.192046469744158,-4.52225201395395,-0.204441545793362,7.94111359494882,-1.83161973788074,0.0675837566815869,0.192046469744158,-4.52225201395395,2.77555756156289e-16,4.44089209850063e-15,6.66133814775094e-16,5.55111512312578e-17,3.05311331771918e-16,1.77635683940025e-15,FALSE,FALSE
"Q9UBQ7",-0.228057288052755,6.72071701229526,-1.83223772401366,0.0676314276295674,0.192046469744158,-4.45364794866289,-0.228057288052755,6.72071701229526,-1.83223772401366,0.0676314276295674,0.192046469744158,-4.45364794866289,2.77555756156289e-16,3.5527136788005e-15,2.22044604925031e-16,1.38777878078145e-17,3.05311331771918e-16,8.88178419700125e-16,FALSE,FALSE
"Q12907",-0.136787572678649,9.51970807583091,-1.82863672280816,0.0680338325234263,0.192545513468565,-4.52505574050746,-0.136787572678649,9.51970807583091,-1.82863672280816,0.0680338325234263,0.192545513468565,-4.52505574050746,3.88578058618805e-16,5.32907051820075e-15,2.22044604925031e-16,4.16333634234434e-17,4.71844785465692e-16,3.5527136788005e-15,FALSE,FALSE
"Q8WUA8",-0.179237284006623,9.59878099396833,-1.82833545307447,0.0680757150129444,0.192545513468565,-4.52609040212652,-0.179237284006623,9.59878099396833,-1.82833545307447,0.0680757150129444,0.192545513468565,-4.52609040212652,1.94289029309402e-16,5.32907051820075e-15,3.99680288865056e-15,4.16333634234434e-17,4.71844785465692e-16,2.66453525910038e-15,FALSE,FALSE
"P50281",-0.222145966492221,9.31553080600294,-1.82643965624734,0.0683689589896103,0.192994266124215,-4.52250657216665,-0.222145966492221,9.31553080600294,-1.82643965624734,0.0683689589896103,0.192994266124215,-4.52250657216665,2.4980018054066e-16,1.77635683940025e-15,2.22044604925031e-15,1.38777878078145e-17,1.38777878078145e-16,2.66453525910038e-15,FALSE,FALSE
"Q9ULV4",0.358130928133821,7.96139469694375,1.82545019878409,0.0686083989841142,0.193129443588334,-4.47012234402059,0.358130928133821,7.96139469694375,1.82545019878409,0.0686083989841142,0.193129443588334,-4.47012234402059,3.88578058618805e-16,3.5527136788005e-15,2.44249065417534e-15,4.16333634234434e-17,2.77555756156289e-16,2.66453525910038e-15,FALSE,FALSE
"A6NL88",-0.260952789115084,9.38920501769363,-1.82444069892077,0.0686862037866459,0.193129443588334,-4.52197259146526,-0.260952789115084,9.38920501769363,-1.82444069892077,0.0686862037866459,0.193129443588334,-4.52197259146526,0,3.5527136788005e-15,3.5527136788005e-15,1.38777878078145e-17,2.77555756156289e-16,1.77635683940025e-15,FALSE,FALSE
"Q04756",-0.178723179562915,10.4808548624243,-1.81385953532388,0.0702771681967186,0.197216162806447,-4.55349334309071,-0.178723179562915,10.4808548624243,-1.81385953532388,0.0702771681967186,0.197216162806447,-4.55349334309071,3.88578058618805e-16,4.9737991503207e-14,3.99680288865056e-15,1.38777878078145e-17,1.66533453693773e-16,2.66453525910038e-15,FALSE,FALSE
"Q96L46",-0.181675302978807,10.8305739398195,-1.80320399205461,0.0719387488310982,0.201484698874599,-4.56904592445991,-0.181675302978807,10.8305739398195,-1.80320399205461,0.0719387488310982,0.201484698874599,-4.56904592445991,2.4980018054066e-16,3.90798504668055e-14,2.88657986402541e-15,4.16333634234434e-17,3.88578058618805e-16,4.44089209850063e-15,FALSE,FALSE
"P04062",-0.171706847627012,7.18750937518443,-1.79447307356946,0.0733876876460966,0.204712428621922,-4.5212445730097,-0.171706847627012,7.18750937518443,-1.79447307356946,0.0733876876460966,0.204712428621922,-4.5212445730097,3.88578058618805e-16,3.5527136788005e-15,4.66293670342566e-15,1.38777878078145e-17,5.55111512312578e-17,4.44089209850063e-15,FALSE,FALSE
"P55072",-0.270414360180263,10.0739114170884,-1.79397953333075,0.073398846927828,0.204712428621922,-4.58749248061228,-0.270414360180263,10.0739114170884,-1.79397953333075,0.073398846927828,0.204712428621922,-4.58749248061228,1.11022302462516e-16,2.8421709430404e-14,1.33226762955019e-15,4.16333634234434e-17,5.55111512312578e-17,3.5527136788005e-15,FALSE,FALSE
"Q14112",-0.19902032784675,10.4174647778282,-1.79276638422991,0.0735929681730586,0.204712428621922,-4.58955525762711,-0.19902032784675,10.4174647778282,-1.79276638422991,0.0735929681730587,0.204712428621922,-4.58955525762711,2.77555756156289e-16,3.73034936274053e-14,4.88498130835069e-15,6.93889390390723e-17,5.55111512312578e-17,4.44089209850063e-15,FALSE,FALSE
"O60844",-0.246327605624336,7.235629263586,-1.79361478653291,0.0736622128095619,0.204712428621922,-4.42366355999884,-0.246327605624336,7.235629263586,-1.79361478653291,0.0736622128095619,0.204712428621922,-4.42366355999884,4.16333634234434e-16,2.66453525910038e-15,2.22044604925031e-16,1.38777878078145e-17,5.55111512312578e-17,2.66453525910038e-15,FALSE,FALSE
"P16671",-0.227183647719253,9.12073590880154,-1.79083260485446,0.0739078042596014,0.204997662104968,-4.59171213745414,-0.227183647719253,9.12073590880154,-1.79083260485446,0.0739078042596014,0.204997662104968,-4.59171213745414,4.16333634234434e-16,5.32907051820075e-15,4.21884749357559e-15,0,8.32667268468867e-17,4.44089209850063e-15,FALSE,FALSE
"Q9UBE0",-0.227832533363568,9.46894582074166,-1.78703715076938,0.0745425295042529,0.205981070874736,-4.58070542259823,-0.227832533363568,9.46894582074166,-1.78703715076938,0.0745425295042529,0.205981070874736,-4.58070542259823,2.22044604925031e-16,1.77635683940025e-15,1.11022302462516e-15,2.77555756156289e-17,0,1.77635683940025e-15,FALSE,FALSE
"P10301",-0.201577671362639,7.11940284720664,-1.78790085602877,0.0745496344379275,0.205981070874736,-4.49052637461851,-0.201577671362639,7.11940284720664,-1.78790085602877,0.0745496344379275,0.205981070874736,-4.49052637461851,2.77555756156289e-16,1.77635683940025e-15,1.33226762955019e-15,4.16333634234434e-17,0,1.77635683940025e-15,FALSE,FALSE
"P21926",-0.172094983962056,11.4043040518504,-1.77814616310791,0.0759725521768211,0.209508922733772,-4.6063229953821,-0.172094983962056,11.4043040518504,-1.77814616310791,0.0759725521768211,0.209508922733772,-4.6063229953821,2.4980018054066e-16,4.79616346638068e-14,4.44089209850063e-15,4.16333634234434e-17,1.38777878078145e-16,4.44089209850063e-15,FALSE,FALSE
"P00451",-0.202024987302433,9.99236903700199,-1.7757777302818,0.0763558964445256,0.209931908082261,-4.61829718345529,-0.202024987302433,9.99236903700199,-1.7757777302818,0.0763558964445257,0.209931908082261,-4.61829718345529,3.33066907387547e-16,1.77635683940025e-15,4.66293670342566e-15,5.55111512312578e-17,3.33066907387547e-16,1.77635683940025e-15,FALSE,FALSE
"P54920",-0.19287575078125,8.24123071567744,-1.7754529068484,0.0764187280466808,0.209931908082261,-4.61396791708158,-0.19287575078125,8.24123071567744,-1.7754529068484,0.0764187280466809,0.209931908082261,-4.61396791708158,4.71844785465692e-16,1.77635683940025e-15,4.44089209850063e-16,9.71445146547012e-17,3.33066907387547e-16,1.77635683940025e-15,FALSE,FALSE
"Q14126",-0.161844220298981,10.1360289382692,-1.77401733291971,0.0766469850865956,0.210156360638964,-4.62126002876197,-0.161844220298981,10.1360289382692,-1.77401733291971,0.0766469850865957,0.210156360638964,-4.62126002876197,1.66533453693773e-16,0,1.99840144432528e-15,5.55111512312578e-17,0,1.77635683940025e-15,FALSE,FALSE
"P04196",-0.138690288382385,16.6690913818707,-1.76687693293128,0.077836996303768,0.213011932632831,-4.6332479598499,-0.138690288382385,16.6690913818707,-1.76687693293128,0.077836996303768,0.213011932632831,-4.6332479598499,5.55111512312578e-17,1.4210854715202e-14,3.10862446895044e-15,1.38777878078145e-17,1.94289029309402e-16,3.5527136788005e-15,FALSE,FALSE
"Q9UQ53",-0.152648943568843,7.21874821200604,-1.76339763181588,0.0784597378884964,0.214307169775436,-4.61872584769944,-0.152648943568843,7.21874821200604,-1.76339763181588,0.0784597378884964,0.214307169775436,-4.61872584769944,2.77555756156289e-16,8.88178419700125e-16,3.99680288865056e-15,0,1.38777878078145e-16,1.77635683940025e-15,FALSE,FALSE
"P10321",-0.206281275494185,8.15859303886515,-1.76109005792798,0.0788999020118037,0.215099732861077,-4.57926030042003,-0.206281275494185,8.15859303886515,-1.76109005792798,0.0788999020118037,0.215099732861077,-4.57926030042003,4.9960036108132e-16,1.77635683940025e-15,1.55431223447522e-15,0,0,3.5527136788005e-15,FALSE,FALSE
"P19338",-0.181649089573071,8.11936239349896,-1.75836081298573,0.0792935387408716,0.215762684163966,-4.63690193786351,-0.181649089573071,8.11936239349896,-1.75836081298573,0.0792935387408716,0.215762684163966,-4.63690193786351,8.32667268468867e-17,1.77635683940025e-15,1.99840144432528e-15,4.16333634234434e-17,2.77555756156289e-16,4.44089209850063e-15,FALSE,FALSE
"P05556",-0.13277200350916,10.9983636869684,-1.7485577506082,0.0809591802160193,0.219877773541234,-4.66378542407972,-0.13277200350916,10.9983636869684,-1.7485577506082,0.0809591802160194,0.219877773541234,-4.66378542407972,1.94289029309402e-16,1.06581410364015e-14,2.22044604925031e-16,5.55111512312578e-17,3.88578058618805e-16,0,FALSE,FALSE
"O60240",-0.219030903706129,6.78003423531578,-1.74498071351561,0.0816669496853843,0.221156292022262,-4.59150893977722,-0.219030903706129,6.78003423531578,-1.74498071351561,0.0816669496853843,0.221156292022262,-4.59150893977722,3.33066907387547e-16,4.44089209850063e-15,3.10862446895044e-15,0,0,3.5527136788005e-15,FALSE,FALSE
"O95084",-0.224906864504303,7.45843404989294,-1.74467703102416,0.0817383785019518,0.221156292022262,-4.61536174985228,-0.224906864504303,7.45843404989294,-1.74467703102416,0.0817383785019518,0.221156292022262,-4.61536174985228,3.60822483003176e-16,4.44089209850063e-15,2.44249065417534e-15,1.38777878078145e-17,0,0,FALSE,FALSE
"Q8IWU5",-0.194836975129443,7.55484870945816,-1.73698728562578,0.0830835722385701,0.224333182989814,-4.61894141299119,-0.194836975129443,7.55484870945816,-1.73698728562578,0.0830835722385701,0.224333182989814,-4.61894141299119,4.16333634234434e-16,2.66453525910038e-15,1.11022302462516e-15,4.16333634234434e-17,2.4980018054066e-16,3.5527136788005e-15,FALSE,FALSE
"P01137",-0.239406408024735,8.46171516346688,-1.73457359296658,0.0834796073213318,0.224333182989814,-4.66357459916005,-0.239406408024735,8.46171516346688,-1.73457359296658,0.0834796073213318,0.224333182989814,-4.66357459916005,3.33066907387547e-16,1.77635683940025e-15,8.88178419700125e-16,5.55111512312578e-17,2.4980018054066e-16,4.44089209850063e-15,FALSE,FALSE
"P60520",-0.196482089126331,7.11976079200681,-1.73462691127492,0.0835046912090201,0.224333182989814,-4.60834703224507,-0.196482089126331,7.11976079200681,-1.73462691127492,0.0835046912090201,0.224333182989814,-4.60834703224507,1.94289029309402e-16,2.66453525910038e-15,4.66293670342566e-15,1.38777878078145e-17,2.4980018054066e-16,3.5527136788005e-15,FALSE,FALSE
"Q96PC5",-0.179107439592909,7.78206044247071,-1.73472414547073,0.0835382982681735,0.224333182989814,-4.57854466973032,-0.179107439592909,7.78206044247071,-1.73472414547073,0.0835382982681735,0.224333182989814,-4.57854466973032,1.38777878078145e-16,8.88178419700125e-16,2.22044604925031e-16,1.38777878078145e-17,2.4980018054066e-16,8.88178419700125e-16,FALSE,FALSE
"P31944",-0.232428258949598,9.47451305658791,-1.73069883614982,0.084125442809958,0.225487635494355,-4.66156851935218,-0.232428258949598,9.47451305658791,-1.73069883614982,0.084125442809958,0.225487635494355,-4.66156851935218,2.77555756156289e-16,1.77635683940025e-15,2.66453525910038e-15,4.16333634234434e-17,3.88578058618805e-16,1.77635683940025e-15,FALSE,FALSE
"P04180",-0.135646472001982,11.8711718459701,-1.71999258284818,0.0860303938793379,0.230163404520467,-4.71077526137393,-0.135646472001982,11.8711718459701,-1.71999258284818,0.086030393879338,0.230163404520468,-4.71077526137393,1.11022302462516e-16,1.95399252334028e-14,3.10862446895044e-15,6.93889390390723e-17,6.38378239159465e-16,8.88178419700125e-16,FALSE,FALSE
"Q15113",-0.147821304780971,11.7487329708412,-1.71853027966099,0.0862967725899521,0.230446130156408,-4.71316018193922,-0.147821304780971,11.7487329708412,-1.71853027966099,0.0862967725899521,0.230446130156408,-4.71316018193922,3.33066907387547e-16,2.8421709430404e-14,3.5527136788005e-15,1.38777878078145e-17,4.44089209850063e-16,2.66453525910038e-15,FALSE,FALSE
"P62820",-0.267039976374056,7.68384207839924,-1.71742099653499,0.0866454585022315,0.230947188647212,-4.63134967586875,-0.267039976374056,7.68384207839924,-1.71742099653499,0.0866454585022315,0.230947188647212,-4.63134967586875,1.66533453693773e-16,0,4.66293670342566e-15,4.16333634234434e-17,2.77555756156289e-16,0,FALSE,FALSE
"Q15904",-0.18401701024524,7.95811699464039,-1.71475593580117,0.0870280087623153,0.231296179809777,-4.70080340426968,-0.18401701024524,7.95811699464039,-1.71475593580117,0.0870280087623153,0.231296179809777,-4.70080340426968,8.32667268468867e-17,4.44089209850063e-15,1.99840144432528e-15,4.16333634234434e-17,3.88578058618805e-16,4.44089209850063e-15,FALSE,FALSE
"Q16378",-0.296958141814054,10.1440730591816,-1.71453432010476,0.0870989798446861,0.231296179809777,-4.65728022987586,-0.296958141814054,10.1440730591816,-1.71453432010476,0.0870989798446861,0.231296179809777,-4.65728022987586,1.11022302462516e-16,3.90798504668055e-14,4.21884749357559e-15,5.55111512312578e-17,3.88578058618805e-16,8.88178419700125e-16,FALSE,FALSE
"Q96M27",-0.154450411621654,6.8903260568119,-1.70731075993255,0.088478545035592,0.234525385547207,-4.6848402426622,-0.154450411621654,6.8903260568119,-1.70731075993255,0.088478545035592,0.234525385547207,-4.6848402426622,1.38777878078145e-16,0,4.44089209850063e-16,4.16333634234434e-17,2.4980018054066e-16,1.77635683940025e-15,FALSE,FALSE
"A2CJ06",-0.15879652152638,9.49209063448589,-1.6999835400143,0.0898165439718699,0.237608332300658,-4.6972209461061,-0.15879652152638,9.49209063448589,-1.6999835400143,0.0898165439718698,0.237608332300658,-4.6972209461061,2.77555756156289e-17,1.77635683940025e-15,2.66453525910038e-15,1.11022302462516e-16,1.94289029309402e-16,3.5527136788005e-15,FALSE,FALSE
"P56199",-0.245511402418693,7.7734164138293,-1.69885404091035,0.0899730295950191,0.237608332300658,-4.72418311551058,-0.245511402418693,7.7734164138293,-1.69885404091035,0.089973029595019,0.237608332300658,-4.72418311551058,3.60822483003176e-16,3.5527136788005e-15,1.99840144432528e-15,1.38777878078145e-16,1.94289029309402e-16,1.77635683940025e-15,FALSE,FALSE
"P62330",-0.16571782556627,8.08857331803925,-1.6934541076818,0.0910379316696682,0.239978665467471,-4.69894396075782,-0.16571782556627,8.08857331803925,-1.6934541076818,0.0910379316696682,0.239978665467471,-4.69894396075782,3.60822483003176e-16,0,4.44089209850063e-15,2.77555756156289e-17,5.55111512312578e-17,0,FALSE,FALSE
"Q8NI51",0.341452449856096,12.5696084430357,1.69073467191763,0.0915200819752713,0.24080696798631,-4.73556383133194,0.341452449856096,12.5696084430357,1.69073467191763,0.0915200819752713,0.24080696798631,-4.73556383133194,2.22044604925031e-16,1.4210854715202e-14,4.44089209850063e-15,2.77555756156289e-17,2.4980018054066e-16,3.5527136788005e-15,FALSE,FALSE
"P00326",-0.216740714503326,9.50723702676621,-1.68399117948632,0.0927945545350477,0.243713170701939,-4.76554517472303,-0.216740714503326,9.50723702676621,-1.68399117948632,0.0927945545350477,0.243713170701939,-4.76554517472303,4.44089209850063e-16,0,3.99680288865056e-15,1.38777878078145e-17,4.9960036108132e-16,3.5527136788005e-15,FALSE,FALSE
"Q8N1N4",-0.217813927302053,9.14533230381043,-1.6825098563477,0.0930731181334968,0.243997900189094,-4.76923595946354,-0.217813927302053,9.14533230381043,-1.6825098563477,0.0930731181334968,0.243997900189094,-4.76923595946354,3.88578058618805e-16,3.5527136788005e-15,2.44249065417534e-15,2.77555756156289e-17,1.38777878078145e-16,1.77635683940025e-15,FALSE,FALSE
"Q5HYC2",-0.234225949740939,9.47835725320824,-1.68049593623192,0.0935106634152885,0.244697611929788,-4.7377620586056,-0.234225949740939,9.47835725320824,-1.68049593623192,0.0935106634152885,0.244697611929788,-4.7377620586056,3.05311331771918e-16,3.5527136788005e-15,1.33226762955019e-15,2.77555756156289e-17,1.38777878078145e-16,8.88178419700125e-16,FALSE,FALSE
"P80303",-0.213260371359691,6.46652394997508,-1.67944530337164,0.09383161655485,0.245090233405565,-4.65250981046414,-0.213260371359691,6.46652394997508,-1.67944530337164,0.09383161655485,0.245090233405564,-4.65250981046414,4.44089209850063e-16,8.88178419700125e-16,2.88657986402541e-15,1.38777878078145e-17,5.55111512312578e-16,0,FALSE,FALSE
"Q15485",-0.198350297153931,9.5919517337402,-1.67385962295401,0.0947623426075175,0.247071271453055,-4.78366199537386,-0.198350297153931,9.5919517337402,-1.67385962295401,0.0947623426075174,0.247071271453054,-4.78366199537387,2.77555756156289e-16,3.5527136788005e-15,8.88178419700125e-16,1.2490009027033e-16,6.10622663543836e-16,5.32907051820075e-15,FALSE,FALSE
"P11166",-0.19981390631056,9.63053545606769,-1.67284020060999,0.0949653726034374,0.247151260096786,-4.78563836408492,-0.19981390631056,9.63053545606769,-1.67284020060999,0.0949653726034374,0.247151260096786,-4.78563836408492,2.77555756156289e-16,0,3.5527136788005e-15,2.77555756156289e-17,1.94289029309402e-16,8.88178419700125e-16,FALSE,FALSE
"P30050",-0.222532234073894,7.46031952050682,-1.67152167443092,0.0953957289453475,0.247821513238457,-4.68977272851208,-0.222532234073894,7.46031952050682,-1.67152167443092,0.0953957289453475,0.247821513238457,-4.68977272851208,2.22044604925031e-16,3.5527136788005e-15,2.22044604925031e-16,2.77555756156289e-17,1.66533453693773e-16,1.77635683940025e-15,FALSE,FALSE
"Q9BX97",-0.17017904875331,7.5249005837609,-1.66785091743936,0.0960077475730527,0.248960415948929,-4.757515870228,-0.17017904875331,7.5249005837609,-1.66785091743936,0.0960077475730527,0.248960415948929,-4.757515870228,8.32667268468867e-17,2.66453525910038e-15,3.5527136788005e-15,4.16333634234434e-17,4.16333634234434e-16,2.66453525910038e-15,FALSE,FALSE
"P00748",-0.202399361772395,13.4292198143478,-1.66632560756261,0.0962524196704762,0.249144349832966,-4.79698901581575,-0.202399361772395,13.4292198143478,-1.66632560756261,0.0962524196704764,0.249144349832966,-4.79698901581575,8.32667268468867e-17,2.1316282072803e-14,8.88178419700125e-16,1.66533453693773e-16,1.11022302462516e-16,5.32907051820075e-15,FALSE,FALSE
"P20062",-0.153658318108965,7.51364105882447,-1.66481394335098,0.096587056182081,0.249560069486674,-4.77440481499457,-0.153658318108965,7.51364105882447,-1.66481394335098,0.096587056182081,0.249560069486674,-4.77440481499457,2.77555756156289e-17,3.5527136788005e-15,2.66453525910038e-15,2.77555756156289e-17,5.55111512312578e-17,4.44089209850063e-15,FALSE,FALSE
"Q562R1",-0.215330075605259,14.2360805312193,-1.6631136835088,0.0969057477145225,0.249933169465153,-4.79817159046348,-0.215330075605259,14.2360805312193,-1.6631136835088,0.0969057477145225,0.249933169465153,-4.79817159046348,2.4980018054066e-16,1.06581410364015e-14,3.10862446895044e-15,2.77555756156289e-17,4.16333634234434e-16,8.88178419700125e-16,FALSE,FALSE
"P13646",-0.175900769776849,12.9634269236569,-1.66082244968736,0.0973535415418504,0.25063730443629,-4.80567688081039,-0.175900769776849,12.9634269236569,-1.66082244968736,0.0973535415418504,0.25063730443629,-4.80567688081039,1.11022302462516e-16,3.73034936274053e-14,4.88498130835069e-15,2.77555756156289e-17,5.55111512312578e-17,1.77635683940025e-15,FALSE,FALSE
"O00391",-0.144743792349074,10.4747569374785,-1.65665813980089,0.0981934684172987,0.252346655394994,-4.81223220862473,-0.144743792349074,10.4747569374785,-1.65665813980089,0.0981934684172988,0.252346655394994,-4.81223220862473,4.71844785465692e-16,4.2632564145606e-14,1.77635683940025e-15,8.32667268468867e-17,3.88578058618805e-16,1.77635683940025e-15,FALSE,FALSE
"O43866",-0.154450230859609,15.9080881659121,-1.65576136886602,0.0983762700694851,0.252364170446586,-4.81224999242461,-0.154450230859609,15.9080881659121,-1.65576136886602,0.0983762700694851,0.252364170446586,-4.81224999242461,4.16333634234434e-16,2.1316282072803e-14,3.5527136788005e-15,1.38777878078145e-17,1.66533453693773e-16,2.66453525910038e-15,FALSE,FALSE
"O75874",-0.183495193571828,8.12115255390187,-1.65355889148287,0.0988258566409214,0.253064782898359,-4.81261562399233,-0.183495193571828,8.12115255390187,-1.65355889148287,0.0988258566409214,0.253064782898359,-4.81261562399233,3.60822483003176e-16,0,4.66293670342566e-15,4.16333634234434e-17,3.33066907387547e-16,8.88178419700125e-16,FALSE,FALSE
"O43399",-0.369314782086658,11.3308041015108,-1.65137230652869,0.0993268663220029,0.253482311962588,-4.77429048556153,-0.369314782086658,11.3308041015108,-1.65137230652869,0.0993268663220029,0.253482311962588,-4.77429048556153,2.22044604925031e-16,3.5527136788005e-15,4.88498130835069e-15,0,2.77555756156289e-16,2.66453525910038e-15,FALSE,FALSE
"Q96J42",-0.116449004053255,9.97326320443207,-1.65100756931381,0.0993424402531203,0.253482311962588,-4.8211011355783,-0.116449004053255,9.97326320443207,-1.65100756931381,0.0993424402531204,0.253482311962588,-4.8211011355783,1.38777878078145e-16,5.32907051820075e-15,1.33226762955019e-15,6.93889390390723e-17,2.77555756156289e-16,8.88178419700125e-16,FALSE,FALSE
"Q8WVV4",-0.224553568994648,7.01356387567245,-1.65005879507229,0.0996550891867936,0.253482782697936,-4.73051533642275,-0.224553568994648,7.01356387567245,-1.65005879507229,0.0996550891867935,0.253482782697936,-4.73051533642275,5.55111512312578e-17,5.32907051820075e-15,2.66453525910038e-15,8.32667268468867e-17,5.55111512312578e-17,4.44089209850063e-15,FALSE,FALSE
"P20774",-0.174911522657597,8.57232892003858,-1.64847548833271,0.0998690710380274,0.253482782697936,-4.81387775527986,-0.174911522657597,8.57232892003858,-1.64847548833271,0.0998690710380273,0.253482782697936,-4.81387775527986,2.77555756156289e-17,3.5527136788005e-15,3.77475828372553e-15,8.32667268468867e-17,5.55111512312578e-17,4.44089209850063e-15,FALSE,FALSE
"P09237",-0.187435132983886,8.14326116262506,-1.64853995683106,0.0999868790234257,0.253482782697936,-4.73322405396201,-0.187435132983886,8.14326116262506,-1.64853995683106,0.0999868790234257,0.253482782697936,-4.73322405396201,8.32667268468867e-17,5.32907051820075e-15,4.44089209850063e-15,4.16333634234434e-17,5.55111512312578e-17,8.88178419700125e-16,FALSE,FALSE
"P07339",-0.172809915210367,9.11978319751669,-1.64755531791475,0.100049689684123,0.253482782697936,-4.82650491334332,-0.172809915210367,9.11978319751669,-1.64755531791475,0.100049689684123,0.253482782697936,-4.82650491334338,2.77555756156289e-17,1.77635683940025e-15,2.22044604925031e-16,4.02455846426619e-16,5.55111512312578e-17,5.77315972805081e-14,FALSE,FALSE
"P68104;Q5VTE0",-0.191774222052461,9.95519905502337,-1.64060050919631,0.101486718755716,0.256670114101757,-4.8373572392906,-0.191774222052461,9.95519905502337,-1.64060050919631,0.101486718755716,0.256670114101757,-4.8373572392906,4.71844785465692e-16,0,3.99680288865056e-15,2.63677968348475e-16,2.77555756156289e-16,8.88178419700125e-16,FALSE,FALSE
"P05067",-0.217277114505567,11.1199488298907,-1.63270752032661,0.103137516628333,0.260385913459559,-4.84961849283359,-0.217277114505567,11.1199488298907,-1.63270752032661,0.103137516628333,0.260385913459559,-4.84961849283359,2.77555756156289e-17,1.06581410364015e-14,3.10862446895044e-15,1.52655665885959e-16,4.44089209850063e-16,1.77635683940025e-15,FALSE,FALSE
"Q9BXR6",-0.17456978114398,9.66104560175177,-1.63079350232384,0.103543387242328,0.260570929964842,-4.84844203256343,-0.17456978114398,9.66104560175177,-1.63079350232384,0.103543387242328,0.260570929964842,-4.84844203256343,3.05311331771918e-16,0,3.33066907387547e-15,4.30211422042248e-16,4.44089209850063e-16,2.66453525910038e-15,FALSE,FALSE
"Q13867",-0.172194553890535,9.44588096780553,-1.6307337911176,0.103574219023682,0.260570929964842,-4.83068991722416,-0.172194553890535,9.44588096780553,-1.6307337911176,0.103574219023682,0.260570929964842,-4.83068991722416,4.9960036108132e-16,1.77635683940025e-15,3.77475828372553e-15,1.94289029309402e-16,4.44089209850063e-16,4.44089209850063e-15,FALSE,FALSE
"Q99733",-0.229462438895812,9.86440203814338,-1.62758433748986,0.104225148649935,0.261749322528908,-4.85602471189308,-0.229462438895812,9.86440203814338,-1.62758433748986,0.104225148649935,0.261749322528908,-4.85602471189307,2.77555756156289e-17,1.77635683940025e-15,4.21884749357559e-15,3.46944695195361e-16,2.77555756156289e-16,5.32907051820075e-15,FALSE,FALSE
"P19971",-0.15272665514264,7.15135146801673,-1.62432404342865,0.10492866545499,0.26305543052877,-4.85237743570665,-0.15272665514264,7.15135146801673,-1.62432404342865,0.10492866545499,0.26305543052877,-4.85237743570665,5.55111512312578e-17,0,4.66293670342566e-15,3.60822483003176e-16,4.44089209850063e-16,4.44089209850063e-15,FALSE,FALSE
"P07711",-0.171273990695813,8.22085501050504,-1.62209998473914,0.105416619489516,0.263152069255609,-4.83535371701597,-0.171273990695813,8.22085501050504,-1.62209998473914,0.105416619489516,0.263152069255609,-4.83535371701597,2.77555756156289e-16,0,2.88657986402541e-15,1.80411241501588e-16,2.22044604925031e-16,8.88178419700125e-16,FALSE,FALSE
"P51149",-0.181487333745503,9.32379673727702,-1.62192231732452,0.105430105879446,0.263152069255609,-4.86534176847626,-0.181487333745503,9.32379673727702,-1.62192231732452,0.105430105879446,0.263152069255609,-4.86534176847626,2.77555756156289e-17,0,2.66453525910038e-15,2.91433543964104e-16,2.22044604925031e-16,8.88178419700125e-16,FALSE,FALSE
"P63000",-0.180875891146778,9.51532367929739,-1.62168262736424,0.105517740461629,0.263152069255609,-4.84492698457772,-0.180875891146778,9.51532367929739,-1.62168262736424,0.105517740461629,0.263152069255609,-4.84492698457772,5.55111512312578e-17,1.77635683940025e-15,4.44089209850063e-15,4.71844785465692e-16,2.22044604925031e-16,4.44089209850063e-15,FALSE,FALSE
"P18827",-0.154020464782564,12.3310194637787,-1.61356488228065,0.107232490542079,0.266535530315564,-4.87820169186104,-0.154020464782564,12.3310194637787,-1.61356488228065,0.107232490542079,0.266535530315564,-4.87820169186104,4.16333634234434e-16,3.5527136788005e-14,2.66453525910038e-15,1.38777878078145e-17,2.22044604925031e-16,0,FALSE,FALSE
"O60493",-0.262104599065424,8.90108250035593,-1.61307446160854,0.107429993671393,0.266535530315564,-4.81871729402335,-0.262104599065424,8.90108250035593,-1.61307446160854,0.107429993671393,0.266535530315564,-4.81871729402335,1.66533453693773e-16,3.5527136788005e-15,1.77635683940025e-15,4.57966997657877e-16,2.22044604925031e-16,3.5527136788005e-15,FALSE,FALSE
"P28300",-0.220564577362587,7.44752841850495,-1.61332082853889,0.107432033837096,0.266535530315564,-4.79648052137153,-0.220564577362587,7.44752841850495,-1.61332082853889,0.107432033837096,0.266535530315564,-4.79648052137153,3.88578058618805e-16,2.66453525910038e-15,3.77475828372553e-15,1.38777878078145e-16,2.22044604925031e-16,1.77635683940025e-15,FALSE,FALSE
"P02766",-0.12509182470264,13.3302924385239,-1.60848006131877,0.108338662696333,0.268320625745322,-4.886888896412,-0.12509182470264,13.3302924385239,-1.60848006131877,0.108338662696333,0.268320625745322,-4.88688889641199,1.94289029309402e-16,3.73034936274053e-14,3.5527136788005e-15,1.11022302462516e-16,1.66533453693773e-16,5.32907051820075e-15,FALSE,FALSE
"P55285",-0.185728117711241,8.75208689297859,-1.60665524625456,0.108739871489091,0.268849958129924,-4.88922085075054,-0.185728117711241,8.75208689297859,-1.60665524625456,0.108739871489091,0.268849958129924,-4.88922085075054,1.38777878078145e-16,0,3.10862446895044e-15,3.60822483003176e-16,1.11022302462516e-16,1.77635683940025e-15,FALSE,FALSE
"Q6P3X8",-0.200546622690842,9.4800066615268,-1.60529908314203,0.109114876960391,0.269312794425476,-4.85028747975269,-0.200546622690842,9.4800066615268,-1.60529908314203,0.109114876960391,0.269312794425476,-4.85028747975269,1.11022302462516e-16,1.77635683940025e-15,2.22044604925031e-16,4.30211422042248e-16,4.44089209850063e-16,8.88178419700125e-16,FALSE,FALSE
"O75356",-0.117373985376332,6.76851993455037,-1.60396985960032,0.109387345589145,0.269521397894904,-4.85278319998385,-0.117373985376332,6.76851993455037,-1.60396985960032,0.109387345589145,0.269521397894904,-4.85278319998385,2.63677968348475e-16,2.66453525910038e-15,1.11022302462516e-15,2.77555756156289e-16,3.88578058618805e-16,1.77635683940025e-15,FALSE,FALSE
"P07093",-0.213799849261212,7.58469069019594,-1.60231710493764,0.109755068756539,0.269963582498931,-4.86327194975004,-0.213799849261212,7.58469069019594,-1.60231710493764,0.109755068756539,0.269963582498931,-4.86327194975004,3.05311331771918e-16,8.88178419700125e-16,3.10862446895044e-15,2.77555756156289e-17,2.22044604925031e-16,0,FALSE,FALSE
"P49913",-0.126863607050703,10.6461035985805,-1.59967352792546,0.11028004605959,0.27079038707098,-4.90029982384722,-0.126863607050703,10.6461035985805,-1.59967352792546,0.11028004605959,0.27079038707098,-4.90029982384722,2.22044604925031e-16,3.5527136788005e-15,4.88498130835069e-15,2.22044604925031e-16,1.11022302462516e-16,2.66453525910038e-15,FALSE,FALSE
"P05386",-0.170179106712309,8.52301341331791,-1.59527999714048,0.11128969135634,0.272802422914516,-4.8796773772367,-0.170179106712309,8.52301341331791,-1.59527999714048,0.11128969135634,0.272802422914516,-4.8796773772367,3.05311331771918e-16,1.77635683940025e-15,2.22044604925031e-16,8.32667268468867e-17,3.33066907387547e-16,3.5527136788005e-15,FALSE,FALSE
"P02654",-0.122405173318636,17.1817592442441,-1.59332842148488,0.111695818816282,0.273330723861004,-4.90991722983147,-0.122405173318636,17.1817592442441,-1.59332842148488,0.111695818816282,0.273330723861004,-4.90991722983146,4.30211422042248e-16,1.06581410364015e-14,6.66133814775094e-16,1.2490009027033e-16,1.66533453693773e-16,6.21724893790088e-15,FALSE,FALSE
"Q9Y5Y7",-0.152307017483793,11.5213894157876,-1.58905886591855,0.112656544847133,0.275212070376132,-4.91636738752467,-0.152307017483793,11.5213894157876,-1.58905886591855,0.112656544847133,0.275212070376132,-4.91636738752467,3.88578058618805e-16,2.8421709430404e-14,0,4.9960036108132e-16,5.55111512312578e-17,4.44089209850063e-15,FALSE,FALSE
"P09668",-0.166230625132929,8.82305503641306,-1.58671098972849,0.113217204628246,0.276111345981132,-4.88929430795355,-0.166230625132929,8.82305503641306,-1.58671098972849,0.113217204628246,0.276111345981132,-4.88929430795355,8.32667268468867e-17,3.5527136788005e-15,4.88498130835069e-15,4.85722573273506e-16,2.77555756156289e-16,1.77635683940025e-15,FALSE,FALSE
"P23142",-0.187054348833824,12.8767889188737,-1.58420102532673,0.113757577710013,0.276958177310964,-4.92368545140181,-0.187054348833824,12.8767889188737,-1.58420102532673,0.113757577710013,0.276958177310965,-4.92368545140181,1.11022302462516e-16,2.8421709430404e-14,4.44089209850063e-16,3.88578058618805e-16,4.9960036108132e-16,1.77635683940025e-15,FALSE,FALSE
"Q96TC7",-0.194001873286222,7.97399534146207,-1.58177952047516,0.114374611733325,0.277988463094218,-4.88800051490817,-0.194001873286222,7.97399534146207,-1.58177952047516,0.114374611733325,0.277988463094218,-4.88800051490817,8.32667268468867e-17,8.88178419700125e-16,8.88178419700125e-16,4.16333634234434e-16,5.55111512312578e-17,2.66453525910038e-15,FALSE,FALSE
"Q13790",-0.114259969953704,16.1382179947488,-1.570578123244,0.116890584705961,0.283622840047967,-4.94408926683903,-0.114259969953704,16.1382179947488,-1.570578123244,0.116890584705961,0.283622840047967,-4.94408926683903,3.05311331771918e-16,3.5527136788005e-15,1.77635683940025e-15,4.57966997657877e-16,3.88578058618805e-16,1.77635683940025e-15,FALSE,FALSE
"Q06481",-0.199218849482728,9.1611703024845,-1.56662080175968,0.117814496553235,0.285015715969121,-4.9498495114615,-0.199218849482728,9.1611703024845,-1.56662080175968,0.117814496553235,0.285015715969121,-4.9498495114615,1.66533453693773e-16,1.77635683940025e-15,4.21884749357559e-15,3.60822483003176e-16,3.88578058618805e-16,8.88178419700125e-16,FALSE,FALSE
"P48960",-0.127285052288507,7.6216305410627,-1.56645810045286,0.117862147538137,0.285015715969121,-4.93951051173806,-0.127285052288507,7.6216305410627,-1.56645810045286,0.117862147538137,0.285015715969121,-4.93951051173806,4.9960036108132e-16,2.66453525910038e-15,4.88498130835069e-15,3.7470027081099e-16,3.88578058618805e-16,2.66453525910038e-15,FALSE,FALSE
"P07948",-0.284164727910374,8.1577435236341,-1.56292649471404,0.118761178505678,0.286706279422799,-4.90726243136327,-0.284164727910374,8.1577435236341,-1.56292649471404,0.118761178505678,0.286706279422799,-4.90726243136327,2.77555756156289e-16,1.77635683940025e-15,8.88178419700125e-16,2.63677968348475e-16,0,1.77635683940025e-15,FALSE,FALSE
"P01859",-0.198722324246773,17.0919342032285,-1.56081135412491,0.119178287033034,0.287229686731714,-4.95861014625611,-0.198722324246773,17.0919342032285,-1.56081135412491,0.119178287033034,0.287229686731715,-4.95861014625611,4.9960036108132e-16,2.8421709430404e-14,3.10862446895044e-15,3.60822483003176e-16,6.66133814775094e-16,3.5527136788005e-15,FALSE,FALSE
"P36980",-0.180296979174241,12.9073889442323,-1.55498612088554,0.120559413815453,0.290070804381475,-4.96722819072024,-0.180296979174241,12.9073889442323,-1.55498612088554,0.120559413815453,0.290070804381475,-4.96722819072024,4.16333634234434e-16,4.2632564145606e-14,1.33226762955019e-15,4.30211422042248e-16,1.66533453693773e-16,1.77635683940025e-15,FALSE,FALSE
"Q01546",-0.288464159416131,10.0824458163479,-1.55248409548108,0.121289725857236,0.2913391405013,-4.87695585530817,-0.288464159416131,10.0824458163479,-1.55248409548108,0.121289725857236,0.2913391405013,-4.87695585530817,2.22044604925031e-16,3.5527136788005e-15,1.77635683940025e-15,2.08166817117217e-16,5.55111512312578e-17,2.66453525910038e-15,FALSE,FALSE
"P0C0L4",-0.196417477206381,13.6922299484283,-1.55065444722319,0.121594547955044,0.291582912654737,-4.97361592604246,-0.196417477206381,13.6922299484283,-1.55065444722319,0.121594547955044,0.291582912654737,-4.97361592604246,3.60822483003176e-16,3.19744231092045e-14,8.88178419700125e-16,2.4980018054066e-16,0,2.66453525910038e-15,FALSE,FALSE
"B2RUZ4",-0.174553171412297,8.67495919405473,-1.54738405617357,0.12247426224712,0.293202157032338,-4.93284771121873,-0.174553171412297,8.67495919405473,-1.54738405617357,0.12247426224712,0.293202157032338,-4.93284771121873,1.94289029309402e-16,3.5527136788005e-15,1.33226762955019e-15,1.66533453693773e-16,1.66533453693773e-16,4.44089209850063e-15,FALSE,FALSE
"Q14764",-0.199454599372684,6.46938327748328,-1.54544306206367,0.123000248548907,0.293970594031888,-4.87742410765495,-0.199454599372684,6.46938327748328,-1.54544306206367,0.123000248548907,0.293970594031888,-4.87742410765495,1.66533453693773e-16,4.44089209850063e-15,1.11022302462516e-15,0,2.77555756156289e-16,0,FALSE,FALSE
"Q6UXB8",-0.198411005592748,9.73609478217592,-1.54277696341863,0.123494869843333,0.294661636198569,-4.98518728903844,-0.198411005592748,9.73609478217592,-1.54277696341863,0.123494869843333,0.294661636198569,-4.98518728903844,2.77555756156289e-16,1.77635683940025e-15,0,2.91433543964104e-16,5.55111512312578e-17,8.88178419700125e-16,FALSE,FALSE
"Q9HCN6",-0.14161983820304,9.22838133052995,-1.53812124324957,0.124634811294836,0.296887573748829,-4.98375099579545,-0.14161983820304,9.22838133052995,-1.53812124324957,0.124634811294836,0.296887573748829,-4.98375099579545,1.94289029309402e-16,5.32907051820075e-15,1.55431223447522e-15,3.19189119579733e-16,3.88578058618805e-16,2.66453525910038e-15,FALSE,FALSE
"Q96IY4",-0.110556796538242,12.6369758746046,-1.5325771393863,0.125989873084827,0.298937709629318,-5.00008325451355,-0.110556796538242,12.6369758746046,-1.5325771393863,0.125989873084828,0.298937709629318,-5.00008325451355,3.46944695195361e-16,3.5527136788005e-14,1.55431223447522e-15,4.9960036108132e-16,2.22044604925031e-16,3.5527136788005e-15,FALSE,FALSE
"P23327",-0.148976464620414,9.44593169659626,-1.53226206090416,0.126089486321474,0.298937709629318,-4.97668408427508,-0.148976464620414,9.44593169659626,-1.53226206090416,0.126089486321474,0.298937709629318,-4.97668408427508,3.60822483003176e-16,5.32907051820075e-15,2.88657986402541e-15,3.05311331771918e-16,2.22044604925031e-16,8.88178419700125e-16,FALSE,FALSE
"P04899",-0.129079923836947,8.5584318587257,-1.5320507996066,0.126120860757139,0.298937709629318,-5.0003899112012,-0.129079923836947,8.5584318587257,-1.5320507996066,0.126120860757139,0.298937709629318,-5.0003899112012,3.33066907387547e-16,3.5527136788005e-15,3.77475828372553e-15,1.38777878078145e-16,2.22044604925031e-16,1.77635683940025e-15,FALSE,FALSE
"P16109",-0.264890517725226,8.63320944319545,-1.52694953109746,0.127473630915833,0.30164552266222,-4.95837022286497,-0.264890517725226,8.63320944319545,-1.52694953109746,0.127473630915833,0.30164552266222,-4.95837022286497,3.33066907387547e-16,3.5527136788005e-15,4.21884749357559e-15,4.71844785465692e-16,2.22044604925031e-16,4.44089209850063e-15,FALSE,FALSE
"Q8TC71",-0.205259978140054,12.7714126731029,-1.5242844810062,0.128166688235012,0.302785882914345,-4.92679480870379,-0.205259978140054,12.7714126731029,-1.5242844810062,0.128166688235012,0.302785882914345,-4.92679480870379,1.38777878078145e-16,4.79616346638068e-14,4.21884749357559e-15,2.77555756156289e-17,3.88578058618805e-16,2.66453525910038e-15,FALSE,FALSE
"P02765",-0.154052798038563,17.0126491328544,-1.51229139246716,0.131068886443731,0.309029657808041,-5.02941791563015,-0.154052798038563,17.0126491328544,-1.51229139246716,0.131068886443731,0.309029657808041,-5.02941791563014,3.05311331771918e-16,4.61852778244065e-14,1.77635683940025e-15,1.94289029309402e-16,1.66533453693773e-16,5.32907051820075e-15,FALSE,FALSE
"P67775",-0.193125616331619,8.35020900472148,-1.51182930695506,0.131279852109455,0.309029657808041,-4.96600036199921,-0.193125616331619,8.35020900472148,-1.51182930695506,0.131279852109455,0.309029657808041,-4.96600036199921,1.66533453693773e-16,1.77635683940025e-15,2.22044604925031e-16,1.38777878078145e-16,1.66533453693773e-16,1.77635683940025e-15,FALSE,FALSE
"P31151",-0.216039311833523,9.06728508825406,-1.51098605700609,0.1314561305878,0.309029657808041,-4.9667015922983,-0.216039311833523,9.06728508825406,-1.51098605700609,0.1314561305878,0.309029657808041,-4.9667015922983,1.38777878078145e-16,0,2.66453525910038e-15,2.22044604925031e-16,1.66533453693773e-16,0,FALSE,FALSE
"Q9H4G4",-0.100343587433441,8.31440491034392,-1.50734722064096,0.132332949138732,0.310289348528133,-5.03462038917446,-0.100343587433441,8.31440491034392,-1.50734722064096,0.132332949138732,0.310289348528133,-5.03462038917446,6.93889390390723e-17,1.77635683940025e-15,2.66453525910038e-15,3.33066907387547e-16,3.33066907387547e-16,0,FALSE,FALSE
"P35613",-0.13754209008826,9.7854404651617,-1.50698894549783,0.132424742886483,0.310289348528133,-5.0327904142787,-0.13754209008826,9.7854404651617,-1.50698894549783,0.132424742886483,0.310289348528133,-5.0327904142787,2.4980018054066e-16,0,4.44089209850063e-15,3.88578058618805e-16,3.33066907387547e-16,3.5527136788005e-15,FALSE,FALSE
"P16949",-0.179790944648467,8.2584548109497,-1.50429217147436,0.133165775047022,0.311516674416687,-4.99055566400311,-0.179790944648467,8.2584548109497,-1.50429217147436,0.133165775047021,0.311516674416686,-4.99055566400311,3.33066907387547e-16,3.5527136788005e-15,8.88178419700125e-16,5.82867087928207e-16,6.66133814775094e-16,8.88178419700125e-16,FALSE,FALSE
"P04278",-0.148477392260681,10.6527842920064,-1.49928559707336,0.134408051902195,0.313910661934443,-5.04802149457372,-0.148477392260681,10.6527842920064,-1.49928559707336,0.134408051902195,0.313910661934443,-5.04802149457372,4.16333634234434e-16,5.32907051820075e-15,3.33066907387547e-15,1.38777878078145e-16,2.22044604925031e-16,2.66453525910038e-15,FALSE,FALSE
"O75147",-0.241393898551236,10.2484078060832,-1.49674333025303,0.135210088326835,0.315270352293791,-4.96371349411231,-0.241393898551236,10.2484078060832,-1.49674333025303,0.135210088326835,0.315270352293791,-4.96371349411231,3.88578058618805e-16,1.24344978758018e-14,2.22044604925031e-15,1.38777878078145e-16,1.66533453693773e-16,3.5527136788005e-15,FALSE,FALSE
"Q9NPA2",-0.228506289540775,8.9381816023975,-1.49216566703662,0.136408987768567,0.317344347766615,-4.99392860831565,-0.228506289540775,8.9381816023975,-1.49216566703662,0.136408987768567,0.317344347766615,-4.99392860831565,2.22044604925031e-16,1.77635683940025e-15,3.10862446895044e-15,4.44089209850063e-16,0,1.77635683940025e-15,FALSE,FALSE
"O14672",-0.15291641294087,8.30483304986782,-1.49111759544809,0.136542163578802,0.317344347766615,-5.0565759131495,-0.15291641294087,8.30483304986782,-1.49111759544809,0.136542163578802,0.317344347766615,-5.0565759131495,2.22044604925031e-16,3.5527136788005e-15,1.33226762955019e-15,4.16333634234434e-16,0,3.5527136788005e-15,FALSE,FALSE
"P07602",-0.147469840674507,8.9549864304446,-1.48942833660662,0.137006879748449,0.317549864929712,-5.03440519693431,-0.147469840674507,8.9549864304446,-1.48942833660662,0.137006879748449,0.317549864929712,-5.03440519693431,2.77555756156289e-17,3.5527136788005e-15,1.55431223447522e-15,0,1.11022302462516e-16,3.5527136788005e-15,FALSE,FALSE
"Q9UK55",-0.117192823190134,13.0240269931966,-1.48908264844694,0.137073477260454,0.317549864929712,-5.0625044053467,-0.117192823190134,13.0240269931966,-1.48908264844694,0.137073477260454,0.317549864929712,-5.0625044053467,2.77555756156289e-17,2.30926389122033e-14,1.55431223447522e-15,4.44089209850063e-16,1.11022302462516e-16,4.44089209850063e-15,FALSE,FALSE
"P84095",-0.128758744398874,7.78138279760692,-1.48741280539226,0.137535420297987,0.318106117269859,-5.04749326928262,-0.128758744398874,7.78138279760692,-1.48741280539226,0.137535420297987,0.318106117269859,-5.04749326928262,4.71844785465692e-16,1.77635683940025e-15,1.33226762955019e-15,4.44089209850063e-16,2.22044604925031e-16,1.77635683940025e-15,FALSE,FALSE
"P11279",-0.173453927637065,7.53265515658985,-1.48530754845977,0.138155491721575,0.31902572484499,-4.99542751403126,-0.173453927637065,7.53265515658985,-1.48530754845977,0.138155491721575,0.31902572484499,-4.99542751403126,2.4980018054066e-16,2.66453525910038e-15,1.33226762955019e-15,2.77555756156289e-17,3.88578058618805e-16,1.77635683940025e-15,FALSE,FALSE
"Q6UXH0",-0.135976757869791,9.05634511664235,-1.47700919161019,0.140288471745683,0.323430335182168,-5.07417129054956,-0.135976757869791,9.05634511664235,-1.47700919161019,0.140288471745683,0.323430335182168,-5.07417129054956,2.4980018054066e-16,3.5527136788005e-15,1.77635683940025e-15,4.9960036108132e-16,3.33066907387547e-16,3.5527136788005e-15,FALSE,FALSE
"O75955",-0.186361603642995,7.34043308252422,-1.47445589937074,0.140978820032777,0.32400047995411,-5.07435394499405,-0.186361603642995,7.34043308252422,-1.47445589937074,0.140978820032777,0.32400047995411,-5.07435394499405,8.32667268468867e-17,3.5527136788005e-15,1.33226762955019e-15,3.33066907387547e-16,5.55111512312578e-17,8.88178419700125e-16,FALSE,FALSE
"P11171",-0.279992016055791,8.86811455396398,-1.47381764936152,0.14114096426192,0.32400047995411,-5.08291946972318,-0.279992016055791,8.86811455396398,-1.47381764936152,0.14114096426192,0.32400047995411,-5.08291946972318,3.88578058618805e-16,0,2.44249065417534e-15,4.44089209850063e-16,5.55111512312578e-17,4.44089209850063e-15,FALSE,FALSE
"P32004",-0.190892340831466,7.65869454910037,-1.47365026146551,0.141223722328005,0.32400047995411,-5.03724397257369,-0.190892340831466,7.65869454910037,-1.47365026146551,0.141223722328005,0.32400047995411,-5.03724397257369,0,1.77635683940025e-15,1.55431223447522e-15,3.33066907387547e-16,5.55111512312578e-17,8.88178419700125e-16,FALSE,FALSE
"Q7Z7M8",-0.134156228444445,8.60201116215942,-1.47270083961672,0.141439540063649,0.32400047995411,-5.08343840901843,-0.134156228444445,8.60201116215942,-1.47270083961672,0.141439540063649,0.32400047995411,-5.08343840901843,3.60822483003176e-16,5.32907051820075e-15,1.33226762955019e-15,1.66533453693773e-16,5.55111512312578e-17,8.88178419700125e-16,FALSE,FALSE
"P61586",-0.172186174384594,8.596973745022,-1.47119622263818,0.141857719399689,0.324363112848529,-5.08094403279351,-0.172186174384594,8.596973745022,-1.47119622263818,0.141857719399689,0.32436311284853,-5.08094403279351,1.66533453693773e-16,0,2.88657986402541e-15,4.44089209850063e-16,6.66133814775094e-16,2.66453525910038e-15,FALSE,FALSE
"O00533",-0.133269587430954,9.02526859553548,-1.47043574754436,0.142050233520834,0.324363112848529,-5.08872008836587,-0.133269587430954,9.02526859553548,-1.47043574754435,0.142050233520834,0.32436311284853,-5.08872008836587,2.77555756156289e-17,5.32907051820075e-15,5.10702591327572e-15,4.44089209850063e-16,6.66133814775094e-16,3.5527136788005e-15,FALSE,FALSE
"O00560",-0.167230930368923,9.43287317694142,-1.46169719455715,0.144443000878026,0.329257999357131,-5.09496895789094,-0.167230930368923,9.43287317694142,-1.46169719455715,0.144443000878026,0.329257999357131,-5.09496895789094,2.22044604925031e-16,3.5527136788005e-15,2.44249065417534e-15,5.55111512312578e-17,2.22044604925031e-16,0,FALSE,FALSE
"P29144",-0.246919892952923,7.35716424315122,-1.4597954173064,0.145101790049772,0.329257999357131,-5.00430421370416,-0.246919892952923,7.35716424315122,-1.4597954173064,0.145101790049772,0.329257999357131,-5.00430421370416,2.77555756156289e-16,3.5527136788005e-15,4.66293670342566e-15,2.77555756156289e-17,2.22044604925031e-16,0,FALSE,FALSE
"P02675",-0.167260016459092,18.9589394046273,-1.45922572998053,0.145108428109733,0.329257999357131,-5.10432264121284,-0.167260016459092,18.9589394046273,-1.45922572998053,0.145108428109733,0.329257999357131,-5.10432264121284,4.9960036108132e-16,2.1316282072803e-14,2.88657986402541e-15,2.22044604925031e-16,2.22044604925031e-16,0,FALSE,FALSE
"Q16627",-0.190877861804074,10.7778767446211,-1.4592287119908,0.145112312129503,0.329257999357131,-5.09979846742289,-0.190877861804074,10.7778767446211,-1.4592287119908,0.145112312129503,0.329257999357131,-5.09979846742289,1.66533453693773e-16,2.30926389122033e-14,3.99680288865056e-15,4.71844785465692e-16,2.22044604925031e-16,3.5527136788005e-15,FALSE,FALSE
"P07237",-0.153786784848444,10.0203056356611,-1.45675286577045,0.145789807949226,0.329930781300205,-5.10774853606092,-0.153786784848444,10.0203056356611,-1.45675286577045,0.145789807949226,0.329930781300205,-5.10774853606092,2.22044604925031e-16,8.88178419700125e-15,2.22044604925031e-15,1.66533453693773e-16,2.77555756156289e-16,2.66453525910038e-15,FALSE,FALSE
"Q15517",-0.375537508637258,10.6970786590595,-1.45632144711413,0.145933197527471,0.329930781300205,-5.07869192003166,-0.375537508637258,10.6970786590595,-1.45632144711413,0.145933197527471,0.329930781300205,-5.07869192003166,1.11022302462516e-16,2.1316282072803e-14,4.66293670342566e-15,2.4980018054066e-16,2.77555756156289e-16,1.77635683940025e-15,FALSE,FALSE
"P23634",-0.135223452188771,7.14672365009928,-1.45573962874881,0.146099055875614,0.329930781300205,-5.09175675030747,-0.135223452188771,7.14672365009928,-1.45573962874881,0.146099055875614,0.329930781300205,-5.09175675030747,2.4980018054066e-16,4.44089209850063e-15,6.66133814775094e-16,3.60822483003176e-16,2.77555756156289e-16,0,FALSE,FALSE
"P12273",-0.161918077160884,8.39433124754456,-1.45169524200639,0.147238835959542,0.3319819037201,-5.07661571183091,-0.161918077160884,8.39433124754456,-1.45169524200639,0.147238835959542,0.3319819037201,-5.07661571183091,8.32667268468867e-17,1.77635683940025e-15,6.66133814775094e-16,2.4980018054066e-16,0,2.66453525910038e-15,FALSE,FALSE
"Q9NRY5",-0.176209653747388,7.37021666885104,-1.4487017482958,0.148067643058733,0.333129391109368,-5.08824581070129,-0.176209653747388,7.37021666885104,-1.4487017482958,0.148067643058733,0.333129391109369,-5.08824581070129,1.66533453693773e-16,3.5527136788005e-15,2.22044604925031e-16,3.60822483003176e-16,4.9960036108132e-16,8.88178419700125e-16,FALSE,FALSE
"Q9UBX5",-0.177944243710318,9.52759456112737,-1.4480320600753,0.148212379029133,0.333129391109368,-5.11978431602889,-0.177944243710318,9.52759456112737,-1.4480320600753,0.148212379029133,0.333129391109369,-5.11978431602889,1.94289029309402e-16,1.77635683940025e-15,4.44089209850063e-15,2.4980018054066e-16,4.9960036108132e-16,8.88178419700125e-16,FALSE,FALSE
"P62826",-0.211827339779969,11.7218192147756,-1.44603329533384,0.148771940162544,0.333863790599512,-5.12253276233829,-0.211827339779969,11.7218192147756,-1.44603329533384,0.148771940162544,0.333863790599512,-5.12253276233829,2.77555756156289e-17,4.9737991503207e-14,2.88657986402541e-15,2.77555756156289e-17,5.55111512312578e-17,2.66453525910038e-15,FALSE,FALSE
"P22891",-0.157953411295225,14.7352282588151,-1.44112202643911,0.150153736718583,0.336438216335076,-5.12927012348722,-0.157953411295225,14.7352282588151,-1.44112202643911,0.150153736718583,0.336438216335076,-5.12927012348722,4.44089209850063e-16,1.4210854715202e-14,3.77475828372553e-15,3.88578058618805e-16,5.55111512312578e-17,3.5527136788005e-15,FALSE,FALSE
"Q86SG5",-0.245067556571426,7.82883394835913,-1.43513372438272,0.151956873909662,0.339676558876078,-5.03305400579702,-0.245067556571426,7.82883394835913,-1.43513372438272,0.151956873909663,0.339676558876078,-5.03305400579702,2.77555756156289e-17,3.5527136788005e-15,3.5527136788005e-15,5.27355936696949e-16,4.44089209850063e-16,3.5527136788005e-15,FALSE,FALSE
"P20339",-0.133406848627104,9.18241647617759,-1.43436647117847,0.15207276903657,0.339676558876078,-5.13753180381526,-0.133406848627104,9.18241647617759,-1.43436647117847,0.15207276903657,0.339676558876078,-5.13753180381526,3.88578058618805e-16,0,1.33226762955019e-15,2.77555756156289e-16,4.44089209850063e-16,3.5527136788005e-15,FALSE,FALSE
"P15144",-0.194137990405274,7.58604257616504,-1.43360488106268,0.152310591407498,0.339678675082974,-5.13331481483096,-0.194137990405274,7.58604257616504,-1.43360488106268,0.152310591407498,0.339678675082974,-5.13331481483096,1.94289029309402e-16,3.5527136788005e-15,6.66133814775094e-16,1.11022302462516e-16,0,4.44089209850063e-15,FALSE,FALSE
"O43173",-0.155559258882227,6.86740681931493,-1.42386010077339,0.155228417761164,0.345299495031979,-5.04183200054685,-0.155559258882227,6.86740681931493,-1.42386010077339,0.155228417761164,0.345299495031979,-5.04183200054685,0,4.44089209850063e-15,3.5527136788005e-15,2.77555756156289e-17,3.88578058618805e-16,2.66453525910038e-15,FALSE,FALSE
"P05121",-0.170730765864585,7.57330559321297,-1.42348133550002,0.155312534376309,0.345299495031979,-5.11328169784545,-0.170730765864585,7.57330559321297,-1.42348133550002,0.155312534376309,0.345299495031979,-5.11328169784545,8.32667268468867e-17,2.66453525910038e-15,8.88178419700125e-16,3.05311331771918e-16,3.88578058618805e-16,3.5527136788005e-15,FALSE,FALSE
"P01780",-0.204993808265646,14.6375811353363,-1.41121343016076,0.158781332186423,0.352465062469553,-5.16980847397763,-0.204993808265646,14.6375811353363,-1.41121343016076,0.158781332186424,0.352465062469553,-5.16980847397763,3.88578058618805e-16,1.95399252334028e-14,2.66453525910038e-15,5.55111512312578e-16,2.22044604925031e-16,2.66453525910038e-15,FALSE,FALSE
"Q92688",-0.156697242486196,9.52771836587582,-1.40882218981868,0.159513581103148,0.353543238488275,-5.15503383723609,-0.156697242486196,9.52771836587582,-1.40882218981868,0.159513581103148,0.353543238488275,-5.15503383723609,1.11022302462516e-16,3.5527136788005e-15,4.44089209850063e-16,3.88578058618805e-16,3.88578058618805e-16,8.88178419700125e-16,FALSE,FALSE
"P58166",-0.116977569576859,8.7222961252312,-1.40389649961333,0.160949382669893,0.356175022760226,-5.1791280241481,-0.116977569576859,8.7222961252312,-1.40389649961333,0.160949382669893,0.356175022760226,-5.1791280241481,9.71445146547012e-17,3.5527136788005e-15,6.66133814775094e-16,2.4980018054066e-16,3.88578058618805e-16,2.66453525910038e-15,FALSE,FALSE
"P04792",-0.14174471342997,9.00840154864953,-1.40052381343134,0.161963919177992,0.357608202332711,-5.18052578258827,-0.14174471342997,9.00840154864953,-1.40052381343134,0.161963919177992,0.357608202332711,-5.18052578258827,3.05311331771918e-16,3.5527136788005e-15,3.99680288865056e-15,5.55111512312578e-17,4.44089209850063e-16,8.88178419700125e-16,FALSE,FALSE
"Q8IWE2",-0.148078744865716,6.35918696206355,-1.40031120927402,0.162141970743219,0.357608202332711,-5.10248958743564,-0.148078744865716,6.35918696206355,-1.40031120927402,0.162141970743218,0.357608202332711,-5.10248958743564,3.05311331771918e-16,1.77635683940025e-15,3.33066907387547e-15,5.55111512312578e-16,4.44089209850063e-16,0,FALSE,FALSE
"Q13200",-0.187855583934768,7.62333599892934,-1.39937673253764,0.162345146247277,0.357608202332711,-5.14625027406007,-0.187855583934768,7.62333599892934,-1.39937673253764,0.162345146247277,0.357608202332711,-5.14625027406007,2.77555756156289e-17,4.44089209850063e-15,3.77475828372553e-15,4.44089209850063e-16,4.44089209850063e-16,3.5527136788005e-15,FALSE,FALSE
"P04114",0.115290238570449,16.2906814788437,1.39820209689794,0.162650059669549,0.357722205751766,-5.18718090026403,0.115290238570449,16.2906814788437,1.39820209689794,0.16265005966955,0.357722205751766,-5.18718090026403,3.7470027081099e-16,3.5527136788005e-14,1.11022302462516e-15,5.27355936696949e-16,2.77555756156289e-16,2.66453525910038e-15,FALSE,FALSE
"P11234",-0.143229152233118,9.03271745098998,-1.39740679036795,0.162895816147771,0.357722205751766,-5.1833920308526,-0.143229152233118,9.03271745098998,-1.39740679036795,0.162895816147771,0.357722205751766,-5.1833920308526,3.88578058618805e-16,0,1.99840144432528e-15,4.16333634234434e-16,2.77555756156289e-16,4.44089209850063e-15,FALSE,FALSE
"P61106",-0.164391889434327,8.12271017991692,-1.39284528630931,0.16427392930473,0.360196964255326,-5.19128786188717,-0.164391889434327,8.12271017991692,-1.39284528630931,0.16427392930473,0.360196964255326,-5.19128786188717,2.4980018054066e-16,1.77635683940025e-15,4.44089209850063e-15,2.77555756156289e-16,5.55111512312578e-17,4.44089209850063e-15,FALSE,FALSE
"Q96PL1",-0.186442621513056,9.92541118531435,-1.3911986000247,0.164774676614575,0.360672824230975,-5.19057728601387,-0.186442621513056,9.92541118531435,-1.3911986000247,0.164774676614575,0.360672824230975,-5.19057728601387,3.05311331771918e-16,3.5527136788005e-15,8.88178419700125e-16,3.05311331771918e-16,3.88578058618805e-16,4.44089209850063e-15,FALSE,FALSE
"P62879",-0.120928020748591,10.1651402543917,-1.39043255392911,0.164993983748619,0.360672824230975,-5.19747848173423,-0.120928020748591,10.1651402543917,-1.39043255392911,0.164993983748619,0.360672824230975,-5.19747848173423,4.30211422042248e-16,2.66453525910038e-14,1.99840144432528e-15,1.38777878078145e-16,3.88578058618805e-16,4.44089209850063e-15,FALSE,FALSE
"P01889",-0.134447435907424,9.14285685760763,-1.38651002559772,0.16618928697882,0.362732781625003,-5.20167968786935,-0.134447435907424,9.14285685760763,-1.38651002559772,0.16618928697882,0.362732781625003,-5.20167968786935,3.05311331771918e-16,3.5527136788005e-15,2.22044604925031e-15,4.71844785465692e-16,3.33066907387547e-16,0,FALSE,FALSE
"Q6UW49",-0.17632898689325,7.90624448558513,-1.38555004603658,0.166507566051658,0.362875151547231,-5.18046768488323,-0.17632898689325,7.90624448558513,-1.38555004603658,0.166507566051658,0.362875151547231,-5.18046768488323,4.9960036108132e-16,8.88178419700125e-16,6.66133814775094e-16,2.77555756156289e-16,0,1.77635683940025e-15,FALSE,FALSE
"A6NM11;A6NMS7",-0.139218513000631,7.35977927389782,-1.38384303529107,0.167068138344509,0.363345961636653,-5.14666446215691,-0.139218513000631,7.35977927389782,-1.38384303529107,0.167068138344509,0.363345961636653,-5.14666446215691,8.32667268468867e-17,3.5527136788005e-15,4.44089209850063e-15,3.33066907387547e-16,2.77555756156289e-16,2.66453525910038e-15,FALSE,FALSE
"P18564",-0.108203761930636,11.1390630510622,-1.38315464822563,0.167230358912267,0.363345961636653,-5.19567423652742,-0.108203761930636,11.1390630510622,-1.38315464822563,0.167230358912267,0.363345961636653,-5.19567423652742,4.71844785465692e-16,4.61852778244065e-14,1.33226762955019e-15,8.32667268468867e-17,2.77555756156289e-16,8.88178419700125e-16,FALSE,FALSE
"Q9BQE5",-0.130987808863102,11.0032117998219,-1.38166916985506,0.167719281598584,0.36385695886894,-5.17348203793204,-0.130987808863102,11.0032117998219,-1.38166916985505,0.167719281598584,0.36385695886894,-5.17348203793204,2.77555756156289e-17,1.4210854715202e-14,5.10702591327572e-15,2.77555756156289e-17,2.77555756156289e-16,3.5527136788005e-15,FALSE,FALSE
"P16035",-0.135355200101465,8.01747120080406,-1.37934813722171,0.168474685851177,0.364943654849829,-5.14534905191203,-0.135355200101465,8.01747120080406,-1.37934813722171,0.168474685851177,0.364943654849829,-5.14534905191203,1.66533453693773e-16,1.77635683940025e-15,4.21884749357559e-15,4.9960036108132e-16,4.44089209850063e-16,3.5527136788005e-15,FALSE,FALSE
"Q8NCH0",-0.144004005168888,7.27292738089691,-1.37713145710714,0.169177264654186,0.365912816763352,-5.15428443597517,-0.144004005168888,7.27292738089691,-1.37713145710714,0.169177264654186,0.365912816763352,-5.15428443597517,2.22044604925031e-16,8.88178419700125e-16,2.66453525910038e-15,4.44089209850063e-16,4.44089209850063e-16,1.77635683940025e-15,FALSE,FALSE
"B0I1T2",-0.11487168705782,7.3654303808682,-1.37113426827109,0.170938991340381,0.368909859531502,-5.21042387788353,-0.11487168705782,7.3654303808682,-1.37113426827109,0.170938991340381,0.368909859531502,-5.21042387788353,3.60822483003176e-16,8.88178419700125e-16,2.88657986402541e-15,0,1.11022302462516e-16,4.44089209850063e-15,FALSE,FALSE
"Q5SZK8",-0.155007562315865,6.95015730382047,-1.37067849391304,0.171077445319699,0.368909859531502,-5.2197023666782,-0.155007562315865,6.95015730382047,-1.37067849391304,0.171077445319699,0.368909859531502,-5.2197023666782,3.33066907387547e-16,8.88178419700125e-16,6.66133814775094e-16,3.60822483003176e-16,1.11022302462516e-16,1.77635683940025e-15,FALSE,FALSE
"Q12913",-0.108402327085386,9.70641249931558,-1.36780104147069,0.171966783301696,0.370270821703652,-5.22714929987934,-0.108402327085386,9.70641249931558,-1.36780104147069,0.171966783301696,0.370270821703652,-5.22714929987934,2.22044604925031e-16,1.77635683940025e-15,4.88498130835069e-15,2.77555756156289e-16,3.88578058618805e-16,3.5527136788005e-15,FALSE,FALSE
"Q6ZRK6",-0.252242230457412,11.3468122252373,-1.36717570557741,0.17229189777724,0.37041466478645,-5.11816039005085,-0.252242230457412,11.3468122252373,-1.36717570557741,0.17229189777724,0.37041466478645,-5.11816039005085,1.11022302462516e-16,2.30926389122033e-14,2.22044604925031e-15,1.94289029309402e-16,3.88578058618805e-16,4.44089209850063e-15,FALSE,FALSE
"P05106",-0.16721966966548,10.0797960755054,-1.35183507971944,0.177017382326313,0.379745259894325,-5.24779060014116,-0.16721966966548,10.0797960755054,-1.35183507971944,0.177017382326313,0.379745259894324,-5.24779060014116,2.4980018054066e-16,3.01980662698043e-14,3.33066907387547e-15,1.94289029309402e-16,7.7715611723761e-16,0,FALSE,FALSE
"Q6ZMY3",-0.128948308488084,13.259229938362,-1.35158971203763,0.177161491540658,0.379745259894325,-5.19507422737709,-0.128948308488084,13.259229938362,-1.35158971203763,0.177161491540658,0.379745259894324,-5.19507422737709,2.4980018054066e-16,1.24344978758018e-14,3.77475828372553e-15,4.44089209850063e-16,7.7715611723761e-16,1.77635683940025e-15,FALSE,FALSE
"Q15185",-0.160375350046383,9.02689874653425,-1.35070731864006,0.177461167975472,0.379819872950487,-5.18204765554303,-0.160375350046383,9.02689874653425,-1.35070731864006,0.177461167975472,0.379819872950487,-5.18204765554303,1.38777878078145e-16,0,2.22044604925031e-16,2.4980018054066e-16,2.77555756156289e-16,0,FALSE,FALSE
"P24158",0.309977342015568,7.73847548064312,1.34084282878891,0.180760843884619,0.386305588868172,-5.13201298877603,0.309977342015568,7.73847548064312,1.34084282878891,0.180760843884619,0.386305588868172,-5.13201298877603,1.66533453693773e-16,2.66453525910038e-15,8.88178419700125e-16,2.77555756156289e-17,2.77555756156289e-16,4.44089209850063e-15,FALSE,FALSE
"P16452",-0.261896768012431,8.99437211444583,-1.33834011383734,0.181377773475424,0.386465253163695,-5.25924095703467,-0.261896768012431,8.99437211444583,-1.33834011383734,0.181377773475424,0.386465253163695,-5.25924095703467,3.33066907387547e-16,3.5527136788005e-15,4.21884749357559e-15,5.55111512312578e-17,1.66533453693773e-16,2.66453525910038e-15,FALSE,FALSE
"P36578",-0.203210409621006,7.42323898787372,-1.33827182539484,0.181502797505383,0.386465253163695,-5.16327388941151,-0.203210409621006,7.42323898787372,-1.33827182539484,0.181502797505383,0.386465253163695,-5.16327388941151,1.11022302462516e-16,4.44089209850063e-15,3.77475828372553e-15,1.11022302462516e-16,1.66533453693773e-16,4.44089209850063e-15,FALSE,FALSE
"P05062",-0.369353148021011,9.25785699932758,-1.33783325105513,0.181644059018362,0.386465253163695,-5.21047689924781,-0.369353148021011,9.25785699932758,-1.33783325105513,0.181644059018362,0.386465253163695,-5.21047689924781,1.66533453693773e-16,3.5527136788005e-15,2.22044604925031e-16,3.88578058618805e-16,1.66533453693773e-16,1.77635683940025e-15,FALSE,FALSE
"P54105",-0.171201899325677,8.88345626008469,-1.33314562071139,0.183092829641398,0.38897054474928,-5.25408230933244,-0.171201899325677,8.88345626008469,-1.33314562071139,0.183092829641397,0.38897054474928,-5.25408230933244,2.77555756156289e-17,5.32907051820075e-15,4.66293670342566e-15,5.55111512312578e-16,1.11022302462516e-16,1.77635683940025e-15,FALSE,FALSE
"P33151",-0.114675384271337,11.9755936829786,-1.31944851502843,0.187601438639532,0.397444046600315,-5.28892193954571,-0.114675384271337,11.9755936829786,-1.31944851502843,0.187601438639532,0.397444046600315,-5.28892193954571,3.88578058618805e-16,5.32907051820075e-15,1.33226762955019e-15,1.66533453693773e-16,1.66533453693773e-16,2.66453525910038e-15,FALSE,FALSE
"Q96PD5",-0.122347189868629,12.8582879207523,-1.31934585344245,0.187635717955658,0.397444046600315,-5.28905074653575,-0.122347189868629,12.8582879207523,-1.31934585344245,0.187635717955658,0.397444046600315,-5.28905074653575,1.94289029309402e-16,8.88178419700125e-15,3.5527136788005e-15,2.77555756156289e-16,1.66533453693773e-16,0,FALSE,FALSE
"P19827",-0.116117938652472,19.7874187546431,-1.31766627552247,0.18819719770074,0.397501145636884,-5.2911566586981,-0.116117938652472,19.7874187546431,-1.31766627552247,0.18819719770074,0.397501145636884,-5.2911566586981,2.22044604925031e-16,0,3.77475828372553e-15,0,5.55111512312578e-17,2.66453525910038e-15,FALSE,FALSE
"P08865",-0.165291665028432,7.70062708897718,-1.31770982138328,0.188217069656516,0.397501145636884,-5.26262563921092,-0.165291665028432,7.70062708897718,-1.31770982138328,0.188217069656516,0.397501145636884,-5.26262563921092,1.66533453693773e-16,1.77635683940025e-15,2.88657986402541e-15,2.22044604925031e-16,5.55111512312578e-17,1.77635683940025e-15,FALSE,FALSE
"Q9NP58",0.156737709166533,8.76581546089339,1.31661543326079,0.188584813692008,0.39769209240344,-5.27502821494335,0.156737709166533,8.76581546089339,1.31661543326079,0.188584813692008,0.39769209240344,-5.27502821494335,1.66533453693773e-16,5.32907051820075e-15,4.44089209850063e-16,4.16333634234434e-16,4.9960036108132e-16,2.66453525910038e-15,FALSE,FALSE
"O43242",-0.185499530244413,6.74312567089265,-1.31302765992605,0.189923410246583,0.399410260866687,-5.17119009836296,-0.185499530244413,6.74312567089265,-1.31302765992605,0.189923410246583,0.399410260866687,-5.17119009836296,1.11022302462516e-16,2.66453525910038e-15,8.88178419700125e-16,2.77555756156289e-16,2.22044604925031e-16,2.66453525910038e-15,FALSE,FALSE
"P02730",-0.228470851420678,12.6738209139273,-1.31242712172566,0.189956623368954,0.399410260866687,-5.2977085736105,-0.228470851420678,12.6738209139273,-1.31242712172566,0.189956623368954,0.399410260866687,-5.2977085736105,3.05311331771918e-16,3.01980662698043e-14,2.22044604925031e-16,4.71844785465692e-16,2.22044604925031e-16,8.88178419700125e-16,FALSE,FALSE
"Q12805",-0.129233974816664,11.1129893101802,-1.30739446609722,0.191658117154781,0.402397862371825,-5.30397783894009,-0.129233974816664,11.1129893101802,-1.30739446609722,0.191658117154781,0.402397862371825,-5.30397783894009,0,3.90798504668055e-14,4.44089209850063e-15,1.38777878078145e-16,4.44089209850063e-16,0,FALSE,FALSE
"P02549",-0.305341429729873,10.1123705972051,-1.30507817717119,0.192445000219785,0.40286088229165,-5.30685524142003,-0.305341429729873,10.1123705972051,-1.30507817717119,0.192445000219785,0.40286088229165,-5.30685524142003,3.33066907387547e-16,3.90798504668055e-14,3.99680288865056e-15,1.66533453693773e-16,5.55111512312578e-17,3.5527136788005e-15,FALSE,FALSE
"Q96JQ0",-0.163744315861729,6.95471834506496,-1.30465768898663,0.192617396050119,0.40286088229165,-5.28686487846795,-0.163744315861729,6.95471834506496,-1.30465768898663,0.192617396050119,0.40286088229165,-5.28686487846795,1.11022302462516e-16,4.44089209850063e-15,2.22044604925031e-15,2.77555756156289e-16,5.55111512312578e-17,1.77635683940025e-15,FALSE,FALSE
"Q6AHZ1",-0.295853427191998,11.8692430998674,-1.30435931880089,0.192721454150678,0.40286088229165,-5.28096146482133,-0.295853427191998,11.8692430998674,-1.30435931880089,0.192721454150678,0.40286088229165,-5.28096146482133,3.88578058618805e-16,1.77635683940025e-14,3.33066907387547e-15,2.77555756156289e-16,5.55111512312578e-17,0,FALSE,FALSE
"Q8IXL6",-0.145632726209331,8.09675335251955,-1.29829700854963,0.194789135865601,0.405810867132305,-5.2872283343576,-0.145632726209331,8.09675335251955,-1.29829700854963,0.194789135865601,0.405810867132305,-5.2872283343576,1.11022302462516e-16,3.5527136788005e-15,1.99840144432528e-15,1.94289029309402e-16,1.66533453693773e-16,1.77635683940025e-15,FALSE,FALSE
"P09382",-0.108073342622333,9.26284711417802,-1.29789226016874,0.19490468722034,0.405810867132305,-5.31462007053877,-0.108073342622333,9.26284711417802,-1.29789226016874,0.19490468722034,0.405810867132305,-5.31462007053877,2.63677968348475e-16,3.5527136788005e-15,3.99680288865056e-15,1.38777878078145e-16,1.66533453693773e-16,8.88178419700125e-16,FALSE,FALSE
"A0A0B4J1Y8",0.2502774101517,9.13237845357707,1.29784952087504,0.194981650944322,0.405810867132305,-5.26884378013461,0.2502774101517,9.13237845357707,1.29784952087504,0.194981650944322,0.405810867132305,-5.26884378013461,2.22044604925031e-16,3.5527136788005e-15,2.44249065417534e-15,3.88578058618805e-16,1.66533453693773e-16,1.77635683940025e-15,FALSE,FALSE
"Q9H4A9",-0.162904068724574,6.75008140747201,-1.29675880329467,0.195466262345016,0.406229884351816,-5.17083201905834,-0.162904068724574,6.75008140747201,-1.29675880329467,0.195466262345016,0.406229884351816,-5.17083201905834,2.4980018054066e-16,1.77635683940025e-15,3.33066907387547e-15,2.77555756156289e-17,1.11022302462516e-16,1.77635683940025e-15,FALSE,FALSE
"P02656",-0.148469013056193,15.5166529124963,-1.28958747904438,0.197768758266928,0.410420259558286,-5.32596823645835,-0.148469013056193,15.5166529124963,-1.28958747904438,0.197768758266929,0.410420259558286,-5.32596823645835,2.77555756156289e-17,4.9737991503207e-14,4.66293670342566e-15,5.55111512312578e-16,1.11022302462516e-16,4.44089209850063e-15,FALSE,FALSE
"Q08188",-0.168765966642443,8.36275662906343,-1.28773524850066,0.19843791787614,0.411213835598822,-5.29771355088834,-0.168765966642443,8.36275662906343,-1.28773524850066,0.19843791787614,0.411213835598822,-5.29771355088834,2.77555756156289e-17,1.77635683940025e-15,1.33226762955019e-15,1.11022302462516e-16,1.66533453693773e-16,4.44089209850063e-15,FALSE,FALSE
"P62834",-0.145483454535926,8.96294191432856,-1.28297770914216,0.200140923738486,0.414144422281368,-5.27811985342146,-0.145483454535926,8.96294191432856,-1.28297770914216,0.200140923738486,0.414144422281368,-5.27811985342146,1.94289029309402e-16,3.5527136788005e-15,4.66293670342566e-15,3.88578058618805e-16,4.44089209850063e-16,2.66453525910038e-15,FALSE,FALSE
"Q01469",-0.136301987369793,9.08241854931594,-1.27889836080935,0.201512660440091,0.41638206782578,-5.32844156271339,-0.136301987369793,9.08241854931594,-1.27889836080935,0.201512660440091,0.41638206782578,-5.32844156271339,3.88578058618805e-16,3.5527136788005e-15,4.21884749357559e-15,4.71844785465692e-16,2.22044604925031e-16,8.88178419700125e-16,FALSE,FALSE
"P02652",-0.0998882007135222,17.9693766328163,-1.27527906940589,0.202781484903656,0.417645449433904,-5.34342107681375,-0.0998882007135222,17.9693766328163,-1.27527906940589,0.202781484903656,0.417645449433904,-5.34342107681375,2.77555756156289e-17,3.19744231092045e-14,8.88178419700125e-16,2.4980018054066e-16,5.55111512312578e-17,2.66453525910038e-15,FALSE,FALSE
"P12955",0.19914544581447,6.63270649251086,1.27505173735307,0.203077002133841,0.417645449433904,-5.17832904071396,0.19914544581447,6.63270649251086,1.27505173735307,0.203077002133841,0.417645449433904,-5.17832904071396,3.60822483003176e-16,3.5527136788005e-15,1.99840144432528e-15,3.88578058618805e-16,5.55111512312578e-17,3.5527136788005e-15,FALSE,FALSE
"Q13477",-0.104483757684458,10.9696199989344,-1.27426194394801,0.203141320940825,0.417645449433904,-5.34465436249098,-0.104483757684458,10.9696199989344,-1.27426194394801,0.203141320940826,0.417645449433904,-5.34465436249098,4.9960036108132e-16,5.32907051820075e-15,2.22044604925031e-16,6.93889390390723e-16,5.55111512312578e-17,4.44089209850063e-15,FALSE,FALSE
"P49773",-0.198381927367107,7.47443152522566,-1.27393132932985,0.203419065783107,0.417645449433904,-5.23836037959089,-0.198381927367107,7.47443152522566,-1.27393132932985,0.203419065783107,0.417645449433904,-5.23836037959089,2.77555756156289e-17,4.44089209850063e-15,3.5527136788005e-15,2.4980018054066e-16,5.55111512312578e-17,4.44089209850063e-15,FALSE,FALSE
"O75170",-0.215696996328475,8.82842364059505,-1.27341185865299,0.203580313217782,0.417645449433904,-5.2466878748309,-0.215696996328475,8.82842364059505,-1.27341185865299,0.203580313217782,0.417645449433904,-5.2466878748309,1.66533453693773e-16,1.77635683940025e-15,1.33226762955019e-15,3.05311331771918e-16,5.55111512312578e-17,8.88178419700125e-16,FALSE,FALSE
"A0A075B6J9",0.243255188903007,9.23374051793308,1.27074573801522,0.204435173999244,0.41880005644988,-5.30385938437211,0.243255188903007,9.23374051793308,1.27074573801522,0.204435173999244,0.41880005644988,-5.30385938437211,4.44089209850063e-16,1.77635683940025e-15,3.77475828372553e-15,0,1.66533453693773e-16,2.66453525910038e-15,FALSE,FALSE
"P60903",-0.136908589225587,8.08682123292207,-1.26973070147836,0.204858483378227,0.419068566568299,-5.26353011444514,-0.136908589225587,8.08682123292207,-1.26973070147836,0.204858483378227,0.419068566568299,-5.26353011444514,4.71844785465692e-16,3.5527136788005e-15,1.11022302462516e-15,2.77555756156289e-17,1.11022302462516e-16,2.66453525910038e-15,FALSE,FALSE
"P00734",-0.170600345248598,15.8738402308554,-1.26839016432125,0.205227743850951,0.419225904105789,-5.35175490472291,-0.170600345248598,15.8738402308554,-1.26839016432125,0.205227743850951,0.419225904105789,-5.35175490472291,2.77555756156289e-17,4.79616346638068e-14,3.77475828372553e-15,2.22044604925031e-16,1.66533453693773e-16,2.66453525910038e-15,FALSE,FALSE
"P35813",-0.181854546326949,6.79024765137021,-1.2645717273796,0.206718582808917,0.421670622685614,-5.27836163742937,-0.181854546326949,6.79024765137021,-1.2645717273796,0.206718582808917,0.421670622685614,-5.27836163742937,4.16333634234434e-16,3.5527136788005e-15,0,2.77555756156289e-17,3.88578058618805e-16,4.44089209850063e-15,FALSE,FALSE
"Q7L014",-0.225848418139792,15.4787742494013,-1.25960416730101,0.208407468396499,0.423725025694251,-5.33650059801568,-0.225848418139792,15.4787742494013,-1.25960416730101,0.208407468396499,0.423725025694251,-5.33650059801568,1.66533453693773e-16,2.66453525910038e-14,4.21884749357559e-15,4.16333634234434e-16,4.9960036108132e-16,3.5527136788005e-15,FALSE,FALSE
"P29622",-0.0960179002519546,13.2159780939648,-1.25897641037229,0.208605266145372,0.423725025694251,-5.36307064156776,-0.0960179002519546,13.2159780939648,-1.25897641037229,0.208605266145372,0.423725025694251,-5.36307064156776,4.16333634234434e-17,4.61852778244065e-14,3.10862446895044e-15,1.94289029309402e-16,4.9960036108132e-16,8.88178419700125e-16,FALSE,FALSE
"Q15389",-0.16370287115466,7.65861191198878,-1.25910630688077,0.208612181408745,0.423725025694251,-5.33974521000133,-0.16370287115466,7.65861191198878,-1.25910630688077,0.208612181408745,0.423725025694251,-5.33974521000133,1.94289029309402e-16,4.44089209850063e-15,2.44249065417534e-15,3.88578058618805e-16,4.9960036108132e-16,1.77635683940025e-15,FALSE,FALSE
"P02545",-0.178827386562009,8.97689336036018,-1.25690920283426,0.20937738441826,0.424677750008182,-5.33336044734883,-0.178827386562009,8.97689336036018,-1.25690920283426,0.20937738441826,0.424677750008182,-5.33336044734883,1.38777878078145e-16,1.77635683940025e-15,8.88178419700125e-16,3.05311331771918e-16,3.33066907387547e-16,3.5527136788005e-15,FALSE,FALSE
"P63241",-0.175017522390156,9.35695464664387,-1.25513615596749,0.209994636091785,0.425328118863871,-5.36766273908041,-0.175017522390156,9.35695464664387,-1.25513615596749,0.209994636091786,0.425328118863871,-5.36766273908041,4.44089209850063e-16,1.77635683940025e-15,1.11022302462516e-15,4.9960036108132e-16,3.88578058618805e-16,2.66453525910038e-15,FALSE,FALSE
"P04839",0.184507195201007,7.02369859089844,1.25445115597151,0.210405884845394,0.425559998403801,-5.26264021765215,0.184507195201007,7.02369859089844,1.25445115597151,0.210405884845394,0.425559998403801,-5.26264021765215,3.33066907387547e-16,1.77635683940025e-15,2.66453525910038e-15,5.55111512312578e-17,0,4.44089209850063e-15,FALSE,FALSE
"P10599",-0.131868799353184,9.21673893968968,-1.2527837503772,0.210851211449366,0.42586005242027,-5.3696983135615,-0.131868799353184,9.21673893968968,-1.2527837503772,0.210851211449366,0.42586005242027,-5.3696983135615,4.71844785465692e-16,1.77635683940025e-15,4.21884749357559e-15,3.88578058618805e-16,3.88578058618805e-16,1.77635683940025e-15,FALSE,FALSE
"E9PAV3",-0.130401083141563,7.39353717190484,-1.24936837421964,0.212228528296293,0.428038972681976,-5.28637245296744,-0.130401083141563,7.39353717190484,-1.24936837421964,0.212228528296293,0.428038972681976,-5.28637245296744,5.55111512312578e-17,2.66453525910038e-15,2.66453525910038e-15,4.16333634234434e-16,3.33066907387547e-16,8.88178419700125e-16,FALSE,FALSE
"P78527",-0.330113505870697,9.8700004456879,-1.24819077588416,0.212652325193376,0.428291340347334,-5.27178533595592,-0.330113505870697,9.8700004456879,-1.24819077588416,0.212652325193377,0.428291340347334,-5.27178533595592,2.22044604925031e-16,1.77635683940025e-15,1.77635683940025e-15,5.27355936696949e-16,2.22044604925031e-16,3.5527136788005e-15,FALSE,FALSE
"O60936",-0.144525858131791,7.35426570705628,-1.24477446428136,0.213906169307114,0.430212407835066,-5.28350867495955,-0.144525858131791,7.35426570705628,-1.24477446428136,0.213906169307114,0.430212407835066,-5.28350867495955,1.94289029309402e-16,0,1.99840144432528e-15,1.94289029309402e-16,3.33066907387547e-16,2.66453525910038e-15,FALSE,FALSE
"Q9UBP0",-0.19121441411561,13.8737837886197,-1.23832619254982,0.216207319355912,0.433757853236165,-5.35187365037116,-0.19121441411561,13.8737837886197,-1.23832619254982,0.216207319355912,0.433757853236165,-5.35187365037116,1.94289029309402e-16,5.32907051820075e-15,1.55431223447522e-15,3.05311331771918e-16,3.33066907387547e-16,8.88178419700125e-16,FALSE,FALSE
"A0A087WSX0",-0.244008997636783,12.48746123952,-1.23786929840559,0.216329008877164,0.433757853236165,-5.38448164846162,-0.244008997636783,12.48746123952,-1.23786929840559,0.216329008877164,0.433757853236165,-5.38448164846162,2.77555756156289e-17,2.1316282072803e-14,3.99680288865056e-15,1.66533453693773e-16,3.33066907387547e-16,8.88178419700125e-16,FALSE,FALSE
"O00232",-0.178521797476822,7.37854505275025,-1.23743734792835,0.21657644554888,0.433757853236165,-5.31395424275361,-0.178521797476822,7.37854505275025,-1.23743734792835,0.21657644554888,0.433757853236165,-5.31395424275361,2.77555756156289e-16,3.5527136788005e-15,3.10862446895044e-15,2.77555756156289e-17,3.33066907387547e-16,4.44089209850063e-15,FALSE,FALSE
"Q10469",-0.189180113932164,8.39718052513125,-1.22736250484608,0.220274996790406,0.440549993580812,-5.37367712941744,-0.189180113932164,8.39718052513125,-1.22736250484608,0.220274996790406,0.440549993580812,-5.37367712941744,3.88578058618805e-16,3.5527136788005e-15,1.11022302462516e-15,5.55111512312578e-17,1.11022302462516e-16,3.5527136788005e-15,FALSE,FALSE
"P46940",-0.161176294838885,9.73664473237261,-1.22326967624586,0.221783416823453,0.442393170076249,-5.40523018468739,-0.161176294838885,9.73664473237261,-1.22326967624586,0.221783416823453,0.442393170076249,-5.40523018468739,8.32667268468867e-17,5.32907051820075e-15,1.33226762955019e-15,1.66533453693773e-16,1.66533453693773e-16,0,FALSE,FALSE
"Q8N128",-0.139594826341277,7.48783407486613,-1.22332277155352,0.22181359085413,0.442393170076249,-5.35675280076175,-0.139594826341277,7.48783407486613,-1.22332277155352,0.22181359085413,0.442393170076249,-5.35675280076175,5.55111512312578e-17,2.66453525910038e-15,1.33226762955019e-15,3.60822483003176e-16,1.66533453693773e-16,1.77635683940025e-15,FALSE,FALSE
"Q5TEC6",0.185149176483359,9.2698981014316,1.22234182747558,0.222330895537242,0.442809033611674,-5.25731005912839,0.185149176483359,9.2698981014316,1.22234182747558,0.222330895537243,0.442809033611675,-5.25731005912839,3.88578058618805e-16,3.5527136788005e-15,0,5.82867087928207e-16,8.32667268468867e-16,4.44089209850063e-15,FALSE,FALSE
"P50591",-0.134504715370223,7.07644787190519,-1.22022320344129,0.223116476433681,0.44375731928696,-5.26336224364777,-0.134504715370223,7.07644787190519,-1.22022320344129,0.223116476433681,0.44375731928696,-5.26336224364777,2.4980018054066e-16,4.44089209850063e-15,4.21884749357559e-15,2.22044604925031e-16,1.11022302462516e-16,2.66453525910038e-15,FALSE,FALSE
"P02748",-0.0951393580597433,15.2630173335489,-1.21615539617764,0.224479000911372,0.445848874386298,-5.41348610955888,-0.0951393580597433,15.2630173335489,-1.21615539617764,0.224479000911372,0.445848874386298,-5.41348610955888,2.77555756156289e-17,0,1.55431223447522e-15,1.94289029309402e-16,0,3.5527136788005e-15,FALSE,FALSE
"Q16775",-0.203712226116511,8.15723355098679,-1.21332651990877,0.22560600357831,0.447467509171919,-5.37657648733127,-0.203712226116511,8.15723355098679,-1.21332651990877,0.225606003578311,0.447467509171919,-5.37657648733127,2.4980018054066e-16,3.5527136788005e-15,4.88498130835069e-15,5.55111512312578e-16,1.11022302462516e-16,5.32907051820075e-15,FALSE,FALSE
"O15498",-0.139158626175652,7.17229631763539,-1.21177994409754,0.226230292869484,0.448085966816077,-5.36168678245817,-0.139158626175652,7.17229631763539,-1.21177994409754,0.226230292869484,0.448085966816077,-5.36168678245817,1.11022302462516e-16,0,4.66293670342566e-15,3.88578058618805e-16,3.33066907387547e-16,8.88178419700125e-16,FALSE,FALSE
"Q14847",-0.143826516772448,9.02204958378558,-1.20819416914035,0.227524304223064,0.450027382421895,-5.42218530708624,-0.143826516772448,9.02204958378558,-1.20819416914035,0.227524304223064,0.450027382421895,-5.42218530708624,2.77555756156289e-16,5.32907051820075e-15,2.88657986402541e-15,2.4980018054066e-16,3.33066907387547e-16,4.44089209850063e-15,FALSE,FALSE
"P01602",0.186834233477253,8.47720281618991,1.20296049897369,0.22966833664645,0.45364241701241,-5.34069219616034,0.186834233477253,8.47720281618991,1.20296049897369,0.22966833664645,0.45364241701241,-5.34069219616034,1.94289029309402e-16,5.32907051820075e-15,2.88657986402541e-15,5.55111512312578e-17,3.33066907387547e-16,8.88178419700125e-16,FALSE,FALSE
"P62979",-0.116745268915539,11.3767942276717,-1.20021879727307,0.230602364687303,0.454860785366703,-5.43180636647747,-0.116745268915539,11.3767942276717,-1.20021879727307,0.230602364687303,0.454860785366703,-5.43180636647747,4.02455846426619e-16,2.66453525910038e-14,2.88657986402541e-15,3.88578058618805e-16,5.55111512312578e-17,2.66453525910038e-15,FALSE,FALSE
"Q9NZ08",0.194212088391357,6.71627753030919,1.19839629584996,0.231504584268663,0.45542801206104,-5.27450940781889,0.194212088391357,6.71627753030919,1.19839629584996,0.231504584268663,0.45542801206104,-5.27450940781889,2.77555756156289e-16,3.5527136788005e-15,1.33226762955019e-15,2.4980018054066e-16,3.88578058618805e-16,3.5527136788005e-15,FALSE,FALSE
"P42357",-0.205029846112426,6.649140311098,-1.19814278907716,0.231525119102161,0.45542801206104,-5.32039176946704,-0.205029846112426,6.649140311098,-1.19814278907716,0.231525119102161,0.45542801206104,-5.32039176946704,2.77555756156289e-17,8.88178419700125e-16,3.10862446895044e-15,3.05311331771918e-16,3.88578058618805e-16,4.44089209850063e-15,FALSE,FALSE
"P53367",-0.326115622246503,13.5885990659273,-1.19532281397732,0.232654238586606,0.457022161826292,-5.34429118549803,-0.326115622246503,13.5885990659273,-1.19532281397732,0.232654238586606,0.457022161826292,-5.34429118549803,5.55111512312578e-17,4.2632564145606e-14,4.44089209850063e-16,1.11022302462516e-16,4.44089209850063e-16,8.88178419700125e-16,FALSE,FALSE
"Q9Y6W5",-0.183472038117985,7.00052953994066,-1.19319937289895,0.23351372398199,0.45808300983608,-5.31094767049158,-0.183472038117985,7.00052953994066,-1.19319937289895,0.23351372398199,0.45808300983608,-5.31094767049158,3.05311331771918e-16,0,1.77635683940025e-15,3.88578058618805e-16,3.88578058618805e-16,8.88178419700125e-16,FALSE,FALSE
"Q14C86",-0.164742223591733,7.71369536851275,-1.18700952565345,0.235812715160804,0.46196097478223,-5.41706473244192,-0.164742223591733,7.71369536851275,-1.18700952565345,0.235812715160804,0.46196097478223,-5.41706473244192,8.32667268468867e-17,8.88178419700125e-16,1.99840144432528e-15,3.88578058618805e-16,0,3.5527136788005e-15,FALSE,FALSE
"P60891",-0.146422796628626,8.44317812422043,-1.18414617401209,0.236901874539203,0.463461511717896,-5.44805216860099,-0.146422796628626,8.44317812422043,-1.18414617401209,0.236901874539203,0.463461511717896,-5.44805216860099,4.44089209850063e-16,3.5527136788005e-15,1.77635683940025e-15,2.77555756156289e-16,3.88578058618805e-16,8.88178419700125e-16,FALSE,FALSE
"P02753",-0.158016107575257,12.7428919981947,-1.18307419449564,0.237321823117859,0.463527285357008,-5.45124704031902,-0.158016107575257,12.7428919981947,-1.18307419449564,0.237321823117859,0.463527285357008,-5.45124704031902,8.32667268468867e-17,4.2632564145606e-14,1.33226762955019e-15,2.77555756156289e-17,1.11022302462516e-16,8.88178419700125e-16,FALSE,FALSE
"Q15149",-0.172987692717385,8.52002115946702,-1.18244152375826,0.237581976804324,0.463527285357008,-5.44325329065208,-0.172987692717385,8.52002115946702,-1.18244152375826,0.237581976804324,0.463527285357008,-5.44325329065208,2.22044604925031e-16,1.77635683940025e-15,1.11022302462516e-15,1.11022302462516e-16,1.11022302462516e-16,2.66453525910038e-15,FALSE,FALSE
"P04075",0.140894262737126,9.79401082826091,1.17945014845281,0.238759776915483,0.465192282740222,-5.45532082500944,0.140894262737126,9.79401082826091,1.17945014845281,0.238759776915483,0.465192282740222,-5.45532082500944,3.05311331771918e-16,1.77635683940025e-15,3.5527136788005e-15,3.88578058618805e-16,2.77555756156289e-16,8.88178419700125e-16,FALSE,FALSE
"Q8N257",0.216220877008716,9.21162850044472,1.17541236424131,0.240504356604873,0.467434052753766,-5.35701237049584,0.216220877008716,9.21162850044472,1.17541236424131,0.240504356604873,0.467434052753767,-5.35701237049584,1.66533453693773e-16,3.5527136788005e-15,3.33066907387547e-15,3.60822483003176e-16,7.7715611723761e-16,1.77635683940025e-15,FALSE,FALSE
"P07195",0.157043330423686,9.05201633787141,1.17493165203838,0.240562294931855,0.467434052753766,-5.45999706124463,0.157043330423686,9.05201633787141,1.17493165203838,0.240562294931855,0.467434052753767,-5.45999706124463,4.44089209850063e-16,3.5527136788005e-15,3.5527136788005e-15,1.38777878078145e-16,7.7715611723761e-16,3.5527136788005e-15,FALSE,FALSE
"P00491",0.164716861230598,8.51993224103917,1.17159694668443,0.241897949121242,0.469393313991693,-5.46260671349852,0.164716861230598,8.51993224103917,1.17159694668443,0.241897949121242,0.469393313991693,-5.46260671349852,2.4980018054066e-16,1.77635683940025e-15,2.22044604925031e-15,2.77555756156289e-17,1.66533453693773e-16,8.88178419700125e-16,FALSE,FALSE
"P17980",-0.171679057825473,7.51954974829819,-1.16984547598199,0.242627725311654,0.470173186617449,-5.44447546239909,-0.171679057825473,7.51954974829819,-1.16984547598199,0.242627725311654,0.470173186617449,-5.44447546239909,4.44089209850063e-16,3.5527136788005e-15,4.44089209850063e-16,3.60822483003176e-16,1.11022302462516e-16,1.77635683940025e-15,FALSE,FALSE
"O00186",-0.141836296616487,6.78926712778496,-1.16781864842138,0.243512934769838,0.471138430962977,-5.39807926214219,-0.141836296616487,6.78926712778496,-1.16781864842138,0.243512934769838,0.471138430962978,-5.39807926214219,4.44089209850063e-16,8.88178419700125e-16,4.88498130835069e-15,1.11022302462516e-16,6.66133814775094e-16,8.88178419700125e-16,FALSE,FALSE
"P23229",-0.112545666455247,9.94467402587353,-1.16691022418265,0.243782925923661,0.471138430962977,-5.46932102763712,-0.112545666455247,9.94467402587353,-1.16691022418265,0.243782925923661,0.471138430962978,-5.46932102763712,3.33066907387547e-16,1.77635683940025e-15,8.88178419700125e-16,3.33066907387547e-16,6.66133814775094e-16,2.66453525910038e-15,FALSE,FALSE
"P21281",0.189816381522931,6.85955223862479,1.16024524079406,0.246670586397815,0.476077551674921,-5.35993914343965,0.189816381522931,6.85955223862479,1.16024524079406,0.246670586397815,0.476077551674921,-5.35993914343965,0,8.88178419700125e-16,1.99840144432528e-15,3.05311331771918e-16,5.55111512312578e-17,2.66453525910038e-15,FALSE,FALSE
"Q7Z4R8",-0.105548548379448,7.97824033717826,-1.15345161177738,0.249437703761371,0.480771058056191,-5.33765254502937,-0.105548548379448,7.97824033717826,-1.15345161177738,0.249437703761371,0.480771058056191,-5.33765254502937,2.63677968348475e-16,8.88178419700125e-16,3.33066907387547e-15,2.77555756156289e-17,1.66533453693773e-16,3.5527136788005e-15,FALSE,FALSE
"P07360",-0.128904684180993,11.6507440094732,-1.14642011483099,0.252150055011188,0.485346548840328,-5.49187693154819,-0.128904684180993,11.6507440094732,-1.14642011483099,0.252150055011188,0.485346548840328,-5.49187693154819,1.11022302462516e-16,1.95399252334028e-14,6.66133814775094e-16,3.88578058618805e-16,3.33066907387547e-16,2.66453525910038e-15,FALSE,FALSE
"P16157",-0.240830312724512,9.54493432062779,-1.14306884674332,0.253537425390073,0.486807434819572,-5.49552825350727,-0.240830312724512,9.54493432062779,-1.14306884674332,0.253537425390073,0.486807434819572,-5.49552825350726,5.55111512312578e-17,1.77635683940025e-15,3.33066907387547e-15,1.66533453693773e-16,1.66533453693773e-16,5.32907051820075e-15,FALSE,FALSE
"Q12841",-0.136326867448435,8.81065901590332,-1.14295935774768,0.253587973368354,0.486807434819572,-5.48779858972116,-0.136326867448435,8.81065901590332,-1.14295935774768,0.253587973368354,0.486807434819572,-5.48779858972116,2.4980018054066e-16,5.32907051820075e-15,2.22044604925031e-16,3.88578058618805e-16,1.66533453693773e-16,2.66453525910038e-15,FALSE,FALSE
"O75897",-0.28503952899775,11.1202022555596,-1.14100361284417,0.254508553022903,0.487513287604387,-5.40232252001768,-0.28503952899775,11.1202022555596,-1.14100361284417,0.254508553022903,0.487513287604387,-5.40232252001768,1.11022302462516e-16,2.30926389122033e-14,4.88498130835069e-15,4.44089209850063e-16,2.77555756156289e-16,3.5527136788005e-15,FALSE,FALSE
"Q9NPY3",-0.128451208589023,9.7097494404495,-1.14042765592618,0.254635601405639,0.487513287604387,-5.49791154398443,-0.128451208589023,9.7097494404495,-1.14042765592618,0.254635601405639,0.487513287604387,-5.49791154398443,4.71844785465692e-16,3.5527136788005e-15,0,4.9960036108132e-16,2.77555756156289e-16,8.88178419700125e-16,FALSE,FALSE
"Q96FZ7",-0.147587655166201,7.3122441123634,-1.13421042193847,0.257384561030991,0.492119280691255,-5.39120090538321,-0.147587655166201,7.3122441123634,-1.13421042193847,0.257384561030991,0.492119280691255,-5.39120090538321,2.77555756156289e-17,4.44089209850063e-15,1.99840144432528e-15,5.55111512312578e-17,1.11022302462516e-16,2.66453525910038e-15,FALSE,FALSE
"P06727",-0.0789362567160552,15.9857521585886,-1.13201292738522,0.25815215938679,0.492929689161993,-5.50749865292562,-0.0789362567160552,15.9857521585886,-1.13201292738522,0.25815215938679,0.492929689161993,-5.50749865292562,0,4.79616346638068e-14,4.88498130835069e-15,1.11022302462516e-16,3.33066907387547e-16,2.66453525910038e-15,FALSE,FALSE
"P01699",-0.175577161317168,11.9357588006023,-1.1279224512418,0.259875241178929,0.494429571413944,-5.50968122114812,-0.175577161317168,11.9357588006023,-1.1279224512418,0.259875241178929,0.494429571413944,-5.50968122114812,1.66533453693773e-16,3.01980662698043e-14,0,1.66533453693773e-16,1.11022302462516e-16,1.77635683940025e-15,FALSE,FALSE
"P35998",-0.1827019868037,8.50268188193784,-1.12766352217929,0.260012135247725,0.494429571413944,-5.48636148218251,-0.1827019868037,8.50268188193784,-1.12766352217929,0.260012135247725,0.494429571413944,-5.48636148218251,1.38777878078145e-16,0,2.22044604925031e-15,1.11022302462516e-16,1.11022302462516e-16,0,FALSE,FALSE
"P29122",-0.143411781045661,8.91942889893034,-1.12526047759212,0.261012566278988,0.494429571413944,-5.51067812116414,-0.143411781045661,8.91942889893034,-1.12526047759212,0.261012566278988,0.494429571413944,-5.51067812116414,4.44089209850063e-16,1.77635683940025e-15,1.55431223447522e-15,0,1.11022302462516e-16,3.5527136788005e-15,FALSE,FALSE
"O43707",-0.140341157491808,6.9745932834623,-1.12509298803334,0.261087713619607,0.494429571413944,-5.50363711685309,-0.140341157491808,6.9745932834623,-1.12509298803334,0.261087713619607,0.494429571413944,-5.50363711685309,3.05311331771918e-16,2.66453525910038e-15,3.10862446895044e-15,4.44089209850063e-16,1.11022302462516e-16,2.66453525910038e-15,FALSE,FALSE
"Q96DA0",-0.125793643903295,8.40210118876741,-1.12503555958669,0.261108826656093,0.494429571413944,-5.49480663671626,-0.125793643903295,8.40210118876741,-1.12503555958669,0.261108826656093,0.494429571413944,-5.49480663671626,5.55111512312578e-17,1.77635683940025e-15,3.33066907387547e-15,5.55111512312578e-17,1.11022302462516e-16,2.66453525910038e-15,FALSE,FALSE
"Q96H15",-0.104919491058251,9.5957987701903,-1.12500322833057,0.26113112550917,0.494429571413944,-5.49226503705872,-0.104919491058251,9.5957987701903,-1.12500322833057,0.26113112550917,0.494429571413944,-5.49226503705872,2.91433543964104e-16,1.77635683940025e-15,4.21884749357559e-15,2.22044604925031e-16,1.11022302462516e-16,3.5527136788005e-15,FALSE,FALSE
"Q9HCB6",-0.149175359404444,7.49377874467116,-1.12426266528682,0.261494919881748,0.494429571413944,-5.43681691714306,-0.149175359404444,7.49377874467116,-1.12426266528682,0.261494919881748,0.494429571413944,-5.43681691714306,4.71844785465692e-16,4.44089209850063e-15,8.88178419700125e-16,1.66533453693773e-16,1.11022302462516e-16,3.5527136788005e-15,FALSE,FALSE
"Q9UNM6",-0.1534281280848,7.05564116073867,-1.12384450321659,0.261737239817112,0.494429571413944,-5.39767834629882,-0.1534281280848,7.05564116073867,-1.12384450321659,0.261737239817112,0.494429571413944,-5.39767834629882,4.44089209850063e-16,0,2.22044604925031e-16,2.77555756156289e-16,1.11022302462516e-16,0,FALSE,FALSE
"Q96P70",-0.175492698715469,6.99636663059017,-1.12278099633048,0.262234611941527,0.494429571413944,-5.34813780922734,-0.175492698715469,6.99636663059017,-1.12278099633048,0.262234611941527,0.494429571413944,-5.34813780922734,1.94289029309402e-16,3.5527136788005e-15,3.10862446895044e-15,4.44089209850063e-16,1.11022302462516e-16,4.44089209850063e-15,FALSE,FALSE
"Q9UKX5",-0.104383492234128,6.82044209642383,-1.12212991162235,0.262385567535573,0.494429571413944,-5.46575239318752,-0.104383492234128,6.82044209642383,-1.12212991162235,0.262385567535573,0.494429571413944,-5.46575239318752,4.57966997657877e-16,4.44089209850063e-15,1.99840144432528e-15,2.77555756156289e-16,1.11022302462516e-16,0,FALSE,FALSE
"Q96MF2",-0.145090409550468,12.3968509635338,-1.11912056983787,0.263607793079675,0.496080807449153,-5.52082310621542,-0.145090409550468,12.3968509635338,-1.11912056983787,0.263607793079675,0.496080807449153,-5.52082310621542,8.32667268468867e-17,1.06581410364015e-14,3.77475828372553e-15,2.77555756156289e-16,2.77555756156289e-16,1.77635683940025e-15,FALSE,FALSE
"P09493",0.183281380495037,8.78654767816927,1.11601926567077,0.264972744957092,0.497922791751619,-5.4942265032447,0.183281380495037,8.78654767816927,1.11601926567077,0.264972744957092,0.497922791751619,-5.4942265032447,2.77555756156289e-16,3.5527136788005e-15,3.99680288865056e-15,2.77555756156289e-16,2.22044604925031e-16,2.66453525910038e-15,FALSE,FALSE
"P22223",-0.259331575086998,8.65041872519632,-1.11540444882057,0.26528104107269,0.497922791751619,-5.45356558909159,-0.259331575086998,8.65041872519632,-1.11540444882057,0.26528104107269,0.497922791751619,-5.45356558909159,0,5.32907051820075e-15,1.77635683940025e-15,4.9960036108132e-16,2.22044604925031e-16,2.66453525910038e-15,FALSE,FALSE
"O00602",-0.114008429600073,8.28377233892702,-1.11103048081506,0.26712742147966,0.500732970459911,-5.48035285557587,-0.114008429600073,8.28377233892702,-1.11103048081506,0.267127421479659,0.500732970459911,-5.48035285557587,4.16333634234434e-17,5.32907051820075e-15,4.66293670342566e-15,6.10622663543836e-16,4.44089209850063e-16,1.77635683940025e-15,FALSE,FALSE
"O60664",-0.11653664540125,7.24963252769914,-1.1083764550569,0.268225206379106,0.502134394187517,-5.52144410484039,-0.11653664540125,7.24963252769914,-1.1083764550569,0.268225206379106,0.502134394187517,-5.52144410484039,2.4980018054066e-16,8.88178419700125e-16,2.22044604925031e-15,2.22044604925031e-16,3.33066907387547e-16,4.44089209850063e-15,FALSE,FALSE
"P07384",-0.103427536614911,10.3337772026497,-1.10645436049424,0.269042901514131,0.502857975254228,-5.53472817778193,-0.103427536614911,10.3337772026497,-1.10645436049424,0.269042901514131,0.502857975254228,-5.53472817778193,3.33066907387547e-16,4.79616346638068e-14,6.66133814775094e-16,3.88578058618805e-16,1.11022302462516e-16,2.66453525910038e-15,FALSE,FALSE
"P68871",-0.192937100329548,17.565119952175,-1.10502143328866,0.269662712855686,0.502857975254228,-5.53623647022564,-0.192937100329548,17.565119952175,-1.10502143328866,0.269662712855686,0.502857975254228,-5.53623647022563,8.32667268468867e-17,1.4210854715202e-14,3.10862446895044e-15,1.11022302462516e-16,1.11022302462516e-16,6.21724893790088e-15,FALSE,FALSE
"Q86Y38",-0.0987385622026915,7.89978191803031,-1.10508662121782,0.269663725920852,0.502857975254228,-5.50882478769852,-0.0987385622026915,7.89978191803031,-1.10508662121782,0.269663725920852,0.502857975254228,-5.50882478769852,0,2.66453525910038e-15,3.77475828372553e-15,3.88578058618805e-16,1.11022302462516e-16,4.44089209850063e-15,FALSE,FALSE
"O14656",-0.110072628885079,6.44523363381121,-1.10288292351515,0.2707101690263,0.504153743355473,-5.44269429334054,-0.110072628885079,6.44523363381121,-1.10288292351515,0.2707101690263,0.504153743355473,-5.44269429334054,1.52655665885959e-16,0,8.88178419700125e-16,5.55111512312578e-17,1.11022302462516e-16,1.77635683940025e-15,FALSE,FALSE
"P15151",-0.112965821645913,8.24423008537336,-1.10062946227007,0.271581695765157,0.505120819360876,-5.51397060926961,-0.112965821645913,8.24423008537336,-1.10062946227007,0.271581695765157,0.505120819360876,-5.51397060926961,6.93889390390723e-17,3.5527136788005e-15,2.22044604925031e-16,3.33066907387547e-16,2.22044604925031e-16,0,FALSE,FALSE
"Q92930",-0.117008179093454,7.01645269655356,-1.0998300833013,0.272013625364406,0.50526883260694,-5.4738879244118,-0.117008179093454,7.01645269655356,-1.0998300833013,0.272013625364406,0.50526883260694,-5.4738879244118,6.93889390390723e-17,3.5527136788005e-15,2.88657986402541e-15,1.66533453693773e-16,3.33066907387547e-16,1.77635683940025e-15,FALSE,FALSE
"P11215",-0.0861383479074043,8.18119304638152,-1.09671124008411,0.273276645419607,0.506958227078547,-5.54494539100007,-0.0861383479074043,8.18119304638152,-1.09671124008411,0.273276645419607,0.506958227078547,-5.54494539100007,2.77555756156289e-17,3.5527136788005e-15,3.99680288865056e-15,5.55111512312578e-17,3.33066907387547e-16,0,FALSE,FALSE
"P02788",-0.162745911357897,6.73759880489271,-1.09379470387212,0.274708933004418,0.508956860372527,-5.4041312081352,-0.162745911357897,6.73759880489271,-1.09379470387212,0.274708933004418,0.508956860372527,-5.4041312081352,1.66533453693773e-16,2.66453525910038e-15,3.77475828372553e-15,2.22044604925031e-16,2.22044604925031e-16,2.66453525910038e-15,FALSE,FALSE
"P20851",-0.142179977865426,9.7546999972539,-1.08929663855835,0.276532952436625,0.511303363892823,-5.5510275752542,-0.142179977865426,9.7546999972539,-1.08929663855835,0.276532952436624,0.511303363892823,-5.5510275752542,4.71844785465692e-16,3.5527136788005e-15,3.77475828372553e-15,6.66133814775094e-16,1.11022302462516e-16,0,FALSE,FALSE
"P07988",0.116991129066298,7.98636832936133,1.08900490019441,0.276688570697929,0.511303363892823,-5.53183769899361,0.116991129066298,7.98636832936133,1.08900490019441,0.276688570697929,0.511303363892823,-5.53183769899361,2.77555756156289e-16,3.5527136788005e-15,2.66453525910038e-15,2.77555756156289e-16,1.11022302462516e-16,1.77635683940025e-15,FALSE,FALSE
"O00429",0.197447067974171,7.1079242375936,1.08786708002109,0.277269478292032,0.511717415535102,-5.47278166950967,0.197447067974171,7.1079242375936,1.08786708002109,0.277269478292032,0.511717415535102,-5.47278166950967,3.33066907387547e-16,5.32907051820075e-15,4.21884749357559e-15,1.66533453693773e-16,1.11022302462516e-16,1.77635683940025e-15,FALSE,FALSE
"Q7Z6Z7",-0.135019609669424,7.2016888786457,-1.08567503759832,0.278138125575195,0.512660761021632,-5.54830834155744,-0.135019609669424,7.2016888786457,-1.08567503759832,0.278138125575195,0.512660761021632,-5.54830834155744,5.55111512312578e-17,0,4.21884749357559e-15,1.11022302462516e-16,1.11022302462516e-16,4.44089209850063e-15,FALSE,FALSE
"Q96JI7",-0.14273891270736,10.5741203748415,-1.08132764467437,0.280066892300464,0.515232341687234,-5.54606891596401,-0.14273891270736,10.5741203748415,-1.08132764467437,0.280066892300464,0.515232341687234,-5.54606891596401,5.55111512312578e-17,2.30926389122033e-14,2.88657986402541e-15,2.22044604925031e-16,1.11022302462516e-16,0,FALSE,FALSE
"P11142",-0.101517204438563,10.7516461618715,-1.08030729455464,0.280507513012861,0.515232341687234,-5.56194436519742,-0.101517204438563,10.7516461618715,-1.08030729455464,0.280507513012861,0.515232341687234,-5.56194436519742,2.63677968348475e-16,1.77635683940025e-14,4.88498130835069e-15,3.88578058618805e-16,1.11022302462516e-16,1.77635683940025e-15,FALSE,FALSE
"P14770",-0.122034631420293,8.45709886456755,-1.07949733841503,0.28088905449235,0.515232341687234,-5.54997058358006,-0.122034631420293,8.45709886456755,-1.07949733841503,0.28088905449235,0.515232341687234,-5.54997058358006,1.38777878078145e-16,3.5527136788005e-15,2.22044604925031e-16,3.33066907387547e-16,1.11022302462516e-16,1.77635683940025e-15,FALSE,FALSE
"P59768",-0.104535780367362,7.92750765636845,-1.07941701346986,0.280970495954963,0.515232341687234,-5.4945592117068,-0.104535780367362,7.92750765636845,-1.07941701346986,0.280970495954963,0.515232341687234,-5.4945592117068,1.11022302462516e-16,3.5527136788005e-15,4.88498130835069e-15,1.11022302462516e-16,1.11022302462516e-16,4.44089209850063e-15,FALSE,FALSE
"O00264",0.123393281807054,8.16440745486271,1.07694880106049,0.28205726597271,0.516564648026649,-5.50106799879042,0.123393281807054,8.16440745486271,1.07694880106049,0.28205726597271,0.516564648026649,-5.50106799879042,2.22044604925031e-16,3.5527136788005e-15,3.5527136788005e-15,0,0,1.77635683940025e-15,FALSE,FALSE
"A0A0C4DH38",0.191637410822961,9.60975575879872,1.0650220960414,0.287395210586145,0.525669300995576,-5.54242309604672,0.191637410822961,9.60975575879872,1.0650220960414,0.287395210586145,0.525669300995576,-5.54242309604672,4.71844785465692e-16,3.5527136788005e-15,2.22044604925031e-16,2.22044604925031e-16,0,1.77635683940025e-15,FALSE,FALSE
"P09960",-0.131447471863141,7.83696238635144,-1.05737799637295,0.29084909914577,0.531309055000044,-5.56719620473863,-0.131447471863141,7.83696238635144,-1.05737799637295,0.29084909914577,0.531309055000044,-5.56719620473863,8.32667268468867e-17,3.5527136788005e-15,4.44089209850063e-15,4.44089209850063e-16,3.33066907387547e-16,8.88178419700125e-16,FALSE,FALSE
"Q9UNW1",-0.0952764281743725,10.2503186421278,-1.05337717543978,0.292658706917216,0.533934587429119,-5.58929840798305,-0.0952764281743725,10.2503186421278,-1.05337717543978,0.292658706917216,0.533934587429119,-5.58929840798305,4.16333634234434e-17,4.08562073062058e-14,2.44249065417534e-15,1.11022302462516e-16,1.11022302462516e-16,8.88178419700125e-16,FALSE,FALSE
"P39687",-0.119587515083433,9.43858952335655,-1.05210369023537,0.293255554217899,0.534343665499958,-5.57738054877016,-0.119587515083433,9.43858952335655,-1.05210369023537,0.293255554217899,0.534343665499958,-5.57738054877016,9.71445146547012e-17,0,3.5527136788005e-15,2.77555756156289e-16,3.33066907387547e-16,3.5527136788005e-15,FALSE,FALSE
"P60953",-0.0998378486370886,8.81779652149071,-1.04930967106615,0.294525317222323,0.535976275249761,-5.5928782863969,-0.0998378486370886,8.81779652149071,-1.04930967106615,0.294525317222323,0.535976275249761,-5.5928782863969,4.16333634234434e-17,1.77635683940025e-15,1.77635683940025e-15,3.33066907387547e-16,0,8.88178419700125e-16,FALSE,FALSE
"P08571",-0.0835937980050421,12.3595402191225,-1.042238911576,0.29778655176553,0.541027437854836,-5.60041105824565,-0.0835937980050421,12.3595402191225,-1.042238911576,0.29778655176553,0.541027437854836,-5.60041105824565,2.77555756156289e-17,4.79616346638068e-14,3.5527136788005e-15,5.55111512312578e-17,3.33066907387547e-16,4.44089209850063e-15,FALSE,FALSE
"P36383",-0.165590079755606,10.3237257584624,-1.04185484236238,0.298055561998131,0.541027437854836,-5.54666484812302,-0.165590079755606,10.3237257584624,-1.04185484236238,0.298055561998131,0.541027437854836,-5.54666484812302,4.71844785465692e-16,2.8421709430404e-14,1.11022302462516e-15,2.22044604925031e-16,3.33066907387547e-16,4.44089209850063e-15,FALSE,FALSE
"P01700",0.167626309761522,12.3474401941656,1.03763680383818,0.299922748658957,0.542951680773488,-5.60496824676273,0.167626309761522,12.3474401941656,1.03763680383818,0.299922748658957,0.542951680773488,-5.60496824676273,4.16333634234434e-16,3.5527136788005e-15,3.10862446895044e-15,2.22044604925031e-16,0,3.5527136788005e-15,FALSE,FALSE
"P13667",-0.115227426862814,7.92200205303779,-1.03653739585574,0.300439283052292,0.542951680773488,-5.60014382568319,-0.115227426862814,7.92200205303779,-1.03653739585574,0.300439283052293,0.542951680773488,-5.60014382568319,4.85722573273506e-16,0,1.99840144432528e-15,6.66133814775094e-16,0,0,FALSE,FALSE
"P50990",-0.183640613387723,8.21652418244508,-1.03635787634555,0.300523864679282,0.542951680773488,-5.60185275096377,-0.183640613387723,8.21652418244508,-1.03635787634555,0.300523864679282,0.542951680773488,-5.60185275096377,3.05311331771918e-16,1.77635683940025e-15,4.66293670342566e-15,0,0,3.5527136788005e-15,FALSE,FALSE
"P55209",-0.133609838186088,10.0879312476909,-1.03612166200889,0.300630149605404,0.542951680773488,-5.60544301260356,-0.133609838186088,10.0879312476909,-1.03612166200889,0.300630149605404,0.542951680773488,-5.60544301260356,4.71844785465692e-16,3.5527136788005e-14,4.44089209850063e-15,1.11022302462516e-16,0,4.44089209850063e-15,FALSE,FALSE
"P08729",-0.272660227268441,12.8888769577043,-1.03445762909798,0.301479616154637,0.543705048028432,-5.54907584211796,-0.272660227268441,12.8888769577043,-1.03445762909798,0.301479616154637,0.543705048028432,-5.54907584211796,3.88578058618805e-16,4.79616346638068e-14,3.99680288865056e-15,5.55111512312578e-17,0,3.5527136788005e-15,FALSE,FALSE
"P20810",0.160226330315679,7.70905480461621,1.03380357379288,0.30180559151369,0.543705048028432,-5.52675076726184,0.160226330315679,7.70905480461621,1.03380357379288,0.30180559151369,0.543705048028432,-5.52675076726184,4.44089209850063e-16,1.77635683940025e-15,4.88498130835069e-15,2.77555756156289e-16,0,1.77635683940025e-15,FALSE,FALSE
"A0A0B4J1Y9",-0.160567491870175,12.0075295843226,-1.03064716911403,0.303186739862309,0.545507885774845,-5.6118512503286,-0.160567491870175,12.0075295843226,-1.03064716911403,0.303186739862309,0.545507885774845,-5.6118512503286,1.66533453693773e-16,1.06581410364015e-14,2.88657986402541e-15,5.55111512312578e-17,3.33066907387547e-16,1.77635683940025e-15,FALSE,FALSE
"P58335",-0.0805428443131699,9.06891161186794,-1.02584236287381,0.305444152944282,0.548291326077584,-5.61655589019282,-0.0805428443131699,9.06891161186794,-1.02584236287381,0.305444152944282,0.548291326077584,-5.61655589019282,4.16333634234434e-17,0,1.99840144432528e-15,1.66533453693773e-16,0,4.44089209850063e-15,FALSE,FALSE
"Q04721",-0.125668440493037,8.13249704558037,-1.02594598294579,0.305498444585767,0.548291326077584,-5.54310008489372,-0.125668440493037,8.13249704558037,-1.02594598294579,0.305498444585767,0.548291326077584,-5.54310008489372,1.66533453693773e-16,1.77635683940025e-15,8.88178419700125e-16,2.22044604925031e-16,0,5.32907051820075e-15,FALSE,FALSE
"P04070",-0.0892625237458713,14.313624815426,-1.02295399728279,0.306806543580737,0.549519364538598,-5.61937350664894,-0.0892625237458713,14.313624815426,-1.02295399728279,0.306806543580737,0.549519364538598,-5.61937350664894,1.38777878078145e-17,2.48689957516035e-14,2.66453525910038e-15,4.9960036108132e-16,3.33066907387547e-16,3.5527136788005e-15,FALSE,FALSE
"Q9UL25",-0.118782769546983,6.81827425329881,-1.02299325783331,0.306949101112564,0.549519364538598,-5.49709492126575,-0.118782769546983,6.81827425329881,-1.02299325783331,0.306949101112564,0.549519364538598,-5.49709492126575,2.77555756156289e-17,1.77635683940025e-15,4.44089209850063e-16,3.33066907387547e-16,3.33066907387547e-16,2.66453525910038e-15,FALSE,FALSE
"Q99996",0.146339261533571,9.79577081314168,1.01946758975091,0.308541768549887,0.55168191533733,-5.55767493427039,0.146339261533571,9.79577081314168,1.01946758975091,0.308541768549887,0.55168191533733,-5.55767493427039,2.77555756156289e-17,3.5527136788005e-15,2.22044604925031e-15,4.44089209850063e-16,1.11022302462516e-16,8.88178419700125e-16,FALSE,FALSE
"Q9C075",-0.117544706898149,7.25786873780116,-1.01509395529595,0.310589386377169,0.554005117753101,-5.55330996768407,-0.117544706898149,7.25786873780116,-1.01509395529595,0.310589386377169,0.554005117753102,-5.55330996768407,4.44089209850063e-16,1.77635683940025e-15,3.5527136788005e-15,2.22044604925031e-16,5.55111512312578e-16,2.66453525910038e-15,FALSE,FALSE
"P01876",-0.141928499546886,15.9423771207632,-1.01492732845143,0.310613748028936,0.554005117753101,-5.62716202603371,-0.141928499546886,15.9423771207632,-1.01492732845143,0.310613748028936,0.554005117753102,-5.62716202603371,3.05311331771918e-16,5.32907051820075e-15,2.88657986402541e-15,3.88578058618805e-16,5.55111512312578e-16,2.66453525910038e-15,FALSE,FALSE
"P01033",0.136158373495389,8.18482391876144,1.01117084584741,0.312524434424164,0.556720545297206,-5.54645873550846,0.136158373495389,8.18482391876144,1.01117084584741,0.312524434424164,0.556720545297206,-5.54645873550846,2.77555756156289e-16,3.5527136788005e-15,8.88178419700125e-16,1.66533453693773e-16,0,4.44089209850063e-15,FALSE,FALSE
"P28066",0.121024692770785,7.44009016251131,1.00899246477726,0.313496762947684,0.557072102025636,-5.58346028231751,0.121024692770785,7.44009016251131,1.00899246477726,0.313496762947684,0.557072102025636,-5.58346028231751,1.38777878078145e-17,8.88178419700125e-16,1.77635683940025e-15,1.66533453693773e-16,2.22044604925031e-16,4.44089209850063e-15,FALSE,FALSE
"Q9UHC1",0.203323779760895,9.53295375279099,1.00902642264081,0.313498735240368,0.557072102025636,-5.54706039673274,0.203323779760895,9.53295375279099,1.00902642264081,0.313498735240368,0.557072102025636,-5.54706039673274,1.11022302462516e-16,3.5527136788005e-15,3.33066907387547e-15,2.77555756156289e-16,2.22044604925031e-16,8.88178419700125e-16,FALSE,FALSE
"Q01518",0.160668724943353,10.0188308191564,1.00778299048106,0.314028639209914,0.557323104736407,-5.63404299881168,0.160668724943353,10.0188308191564,1.00778299048106,0.314028639209914,0.557323104736407,-5.63404299881167,2.77555756156289e-16,2.1316282072803e-14,3.5527136788005e-15,3.33066907387547e-16,3.33066907387547e-16,5.32907051820075e-15,FALSE,FALSE
"Q9NQH7",-0.103257433082588,10.8062055956534,-1.00103150353589,0.317295208737011,0.562424387303924,-5.62121343529853,-0.103257433082588,10.8062055956534,-1.00103150353589,0.317295208737011,0.562424387303924,-5.62121343529853,2.77555756156289e-16,1.95399252334028e-14,3.33066907387547e-15,2.77555756156289e-16,3.33066907387547e-16,1.77635683940025e-15,FALSE,FALSE
"P19652",-0.178384287254342,13.5509536726081,-1.0001106222957,0.317723399172026,0.562488091867513,-5.64137862790331,-0.178384287254342,13.5509536726081,-1.0001106222957,0.317723399172026,0.562488091867513,-5.64137862790331,4.16333634234434e-16,4.61852778244065e-14,4.66293670342566e-15,2.77555756156289e-16,2.22044604925031e-16,1.77635683940025e-15,FALSE,FALSE
"P35241",-0.0736609087782014,11.5144485471076,-0.997286560051637,0.319090540208095,0.564211879973376,-5.64406468439438,-0.0736609087782014,11.5144485471076,-0.997286560051637,0.319090540208095,0.564211879973376,-5.64406468439437,1.38777878078145e-17,3.73034936274053e-14,1.11022302462516e-16,2.22044604925031e-16,0,5.32907051820075e-15,FALSE,FALSE
"P51665",-0.163657231654221,7.01936624419572,-0.995660210483062,0.32006493151386,0.564645411999863,-5.48469546436464,-0.163657231654221,7.01936624419572,-0.995660210483062,0.32006493151386,0.564645411999863,-5.48469546436464,1.38777878078145e-16,3.5527136788005e-15,2.22044604925031e-16,3.88578058618805e-16,4.44089209850063e-16,3.5527136788005e-15,FALSE,FALSE
"P10809",-0.21556713358847,7.5263128226821,-0.995258260652929,0.320123235673562,0.564645411999863,-5.60732658596858,-0.21556713358847,7.5263128226821,-0.995258260652929,0.320123235673562,0.564645411999863,-5.60732658596858,1.38777878078145e-16,2.66453525910038e-15,2.22044604925031e-16,2.22044604925031e-16,4.44089209850063e-16,1.77635683940025e-15,FALSE,FALSE
"P07741",-0.12002664112739,9.24875335991482,-0.990322667685075,0.322493913697649,0.568128098577923,-5.63103334522416,-0.12002664112739,9.24875335991482,-0.990322667685075,0.322493913697649,0.568128098577923,-5.63103334522416,4.71844785465692e-16,1.77635683940025e-15,2.22044604925031e-16,3.33066907387547e-16,2.22044604925031e-16,2.66453525910038e-15,FALSE,FALSE
"Q96CW1",-0.119502232112212,7.08710187003821,-0.988301709536958,0.323532967941186,0.569259234389768,-5.59912657102733,-0.119502232112212,7.08710187003821,-0.988301709536958,0.323532967941186,0.569259234389768,-5.59912657102733,1.11022302462516e-16,8.88178419700125e-16,2.22044604925031e-16,1.11022302462516e-16,0,0,FALSE,FALSE
"Q96JM4",0.12127827350808,9.04351359520846,0.984469173895508,0.325432639372844,0.57190000595669,-5.55212038318728,0.12127827350808,9.04351359520846,0.984469173895508,0.325432639372844,0.57190000595669,-5.55212038318728,4.02455846426619e-16,0,4.44089209850063e-16,2.77555756156289e-16,4.44089209850063e-16,3.5527136788005e-15,FALSE,FALSE
"Q9UBV8",-0.109029153816057,6.73329936962312,-0.981910440181175,0.326704462696878,0.573432312738462,-5.56832394683681,-0.109029153816057,6.73329936962312,-0.981910440181175,0.326704462696878,0.573432312738462,-5.56832394683681,2.63677968348475e-16,3.5527136788005e-15,3.33066907387547e-16,3.88578058618805e-16,2.22044604925031e-16,2.66453525910038e-15,FALSE,FALSE
"P08697",-0.0918217121857694,14.3363074833072,-0.977009743358877,0.329019862243301,0.576790320851948,-5.6631284438703,-0.0918217121857694,14.3363074833072,-0.977009743358877,0.329019862243301,0.576790320851948,-5.6631284438703,0,1.59872115546023e-14,4.44089209850063e-16,5.55111512312578e-17,0,3.5527136788005e-15,FALSE,FALSE
"P22352",-0.119260019525456,11.9538249521091,-0.975531564284612,0.329751481261684,0.577367062428883,-5.66450293681542,-0.119260019525456,11.9538249521091,-0.975531564284612,0.329751481261684,0.577367062428883,-5.66450293681542,3.88578058618805e-16,1.59872115546023e-14,2.22044604925031e-16,2.77555756156289e-16,1.11022302462516e-16,8.88178419700125e-16,FALSE,FALSE
"Q9UBX1",-0.0818090625494641,7.91569061455499,-0.973829104493286,0.330604338168198,0.577849485038953,-5.65596157269393,-0.0818090625494641,7.91569061455499,-0.973829104493286,0.330604338168198,0.577849485038953,-5.65596157269393,2.77555756156289e-17,8.88178419700125e-16,2.22044604925031e-16,2.22044604925031e-16,4.44089209850063e-16,4.44089209850063e-15,FALSE,FALSE
"P01111",-0.095662766619002,8.94936450537555,-0.973362973438734,0.330832933903055,0.577849485038953,-5.66104539111825,-0.095662766619002,8.94936450537555,-0.973362973438734,0.330832933903055,0.577849485038953,-5.66104539111825,2.77555756156289e-17,1.77635683940025e-15,2.22044604925031e-16,1.11022302462516e-16,4.44089209850063e-16,4.44089209850063e-15,FALSE,FALSE
"Q9NSC7",-0.136969804177454,7.4451060299164,-0.972147128121035,0.331516880784252,0.577992807203574,-5.57504683945803,-0.136969804177454,7.4451060299164,-0.972147128121035,0.331516880784252,0.577992807203574,-5.57504683945803,8.32667268468867e-17,0,0,4.44089209850063e-16,1.11022302462516e-16,1.77635683940025e-15,FALSE,FALSE
"Q13247",-0.10239727679425,7.94234157115541,-0.971870458866053,0.33172111598922,0.577992807203574,-5.54794191766897,-0.10239727679425,7.94234157115541,-0.971870458866053,0.33172111598922,0.577992807203574,-5.54794191766897,4.02455846426619e-16,2.66453525910038e-15,2.22044604925031e-16,5.55111512312578e-17,1.11022302462516e-16,2.66453525910038e-15,FALSE,FALSE
"Q9UPN7",-0.124750818542513,6.77480540693753,-0.970772457848364,0.332206591031982,0.57813622759692,-5.58700234298978,-0.124750818542513,6.77480540693753,-0.970772457848364,0.332206591031982,0.57813622759692,-5.58700234298978,4.57966997657877e-16,8.88178419700125e-16,1.11022302462516e-16,1.11022302462516e-16,0,8.88178419700125e-16,FALSE,FALSE
"Q99895",-0.135631038358436,9.29654255500529,-0.969864737399619,0.332714109293722,0.578317615426906,-5.53704734753419,-0.135631038358436,9.29654255500529,-0.969864737399619,0.332714109293722,0.578317615426906,-5.53704734753419,4.71844785465692e-16,0,1.11022302462516e-16,2.22044604925031e-16,3.33066907387547e-16,2.66453525910038e-15,FALSE,FALSE
"Q9UHG3",-0.0685285110707898,10.6741638976403,-0.966729054686299,0.334130111778982,0.579633848028648,-5.67264506614663,-0.0685285110707898,10.6741638976403,-0.966729054686298,0.334130111778982,0.579633848028648,-5.67264506614663,2.77555756156289e-17,4.08562073062058e-14,5.55111512312578e-16,1.11022302462516e-16,2.22044604925031e-16,8.88178419700125e-16,FALSE,FALSE
"P36915",-0.165076757246534,6.89470262497097,-0.965971860077645,0.334673280903987,0.579633848028648,-5.51774704438676,-0.165076757246534,6.89470262497097,-0.965971860077645,0.334673280903987,0.579633848028648,-5.51774704438676,8.32667268468867e-17,4.44089209850063e-15,2.22044604925031e-16,3.88578058618805e-16,2.22044604925031e-16,1.77635683940025e-15,FALSE,FALSE
"Q13214",-0.102228243192691,7.88766559113989,-0.965723342318996,0.334683979196458,0.579633848028648,-5.60457155838889,-0.102228243192691,7.88766559113989,-0.965723342318996,0.334683979196458,0.579633848028648,-5.60457155838889,8.32667268468867e-17,8.88178419700125e-16,1.11022302462516e-16,2.22044604925031e-16,2.22044604925031e-16,4.44089209850063e-15,FALSE,FALSE
"Q5JWF2",-0.119203847416649,6.94996853826182,-0.96010019288852,0.337537416231894,0.583330393991573,-5.62530917143883,-0.119203847416649,6.94996853826182,-0.960100192888519,0.337537416231895,0.583330393991573,-5.62530917143883,4.71844785465692e-16,3.5527136788005e-15,6.66133814775094e-16,6.10622663543836e-16,4.44089209850063e-16,8.88178419700125e-16,FALSE,FALSE
"P01019",-0.0699935542622949,15.1860369171155,-0.959742729481935,0.337631957470715,0.583330393991573,-5.67905493014022,-0.0699935542622949,15.1860369171155,-0.959742729481935,0.337631957470715,0.583330393991573,-5.67905493014022,2.77555756156289e-17,2.1316282072803e-14,0,5.55111512312578e-17,4.44089209850063e-16,2.66453525910038e-15,FALSE,FALSE
"A0A0J9YXX1",0.234475768224339,10.1658749920258,0.957234896057271,0.339030399510019,0.58504162803534,-5.55607139378276,0.234475768224339,10.1658749920258,0.957234896057271,0.339030399510019,0.58504162803534,-5.55607139378276,2.77555756156289e-17,3.19744231092045e-14,4.44089209850063e-16,1.11022302462516e-16,1.11022302462516e-16,8.88178419700125e-16,FALSE,FALSE
"P00338",0.129665290709818,9.06440036887043,0.953975502505717,0.340540493301022,0.586941186771232,-5.68431138730092,0.129665290709818,9.06440036887043,0.953975502505717,0.340540493301022,0.586941186771232,-5.68431138730092,1.38777878078145e-16,0,4.44089209850063e-16,1.11022302462516e-16,4.44089209850063e-16,0,FALSE,FALSE
"P41218",0.195538951768644,7.38365890636647,0.953281692552054,0.340950650744616,0.586942656864082,-5.63556840012021,0.195538951768644,7.38365890636647,0.953281692552054,0.340950650744616,0.586942656864082,-5.63556840012021,3.33066907387547e-16,1.77635683940025e-15,3.33066907387547e-16,3.88578058618805e-16,4.44089209850063e-16,1.77635683940025e-15,FALSE,FALSE
"Q15435",-0.122309322473073,6.66332465729433,-0.949218663867774,0.343040623513268,0.58979879282296,-5.60221721032291,-0.122309322473073,6.66332465729433,-0.949218663867774,0.343040623513268,0.58979879282296,-5.60221721032291,3.05311331771918e-16,1.77635683940025e-15,4.44089209850063e-16,3.88578058618805e-16,3.33066907387547e-16,4.44089209850063e-15,FALSE,FALSE
"Q8WZ42",0.105740241994994,9.78697953286896,0.948275998808233,0.343432351469436,0.58979879282296,-5.68492879309998,0.105740241994994,9.78697953286896,0.948275998808233,0.343432351469436,0.58979879282296,-5.68492879309998,2.35922392732846e-16,0,4.44089209850063e-16,5.55111512312578e-17,3.33066907387547e-16,3.5527136788005e-15,FALSE,FALSE
"P02768",-0.188427526414079,15.624335027664,-0.946240729630823,0.344466498908655,0.590867176357668,-5.6913115792606,-0.188427526414079,15.624335027664,-0.946240729630823,0.344466498908655,0.590867176357668,-5.6913115792606,3.33066907387547e-16,4.2632564145606e-14,2.22044604925031e-16,3.33066907387547e-16,4.44089209850063e-16,1.77635683940025e-15,FALSE,FALSE
"Q27J81",0.164548255708588,6.898432699433,0.94532551647054,0.345063977039381,0.591184878225177,-5.5868635090695,0.164548255708588,6.898432699433,0.94532551647054,0.345063977039381,0.591184878225177,-5.5868635090695,4.44089209850063e-16,0,3.33066907387547e-16,3.88578058618805e-16,2.22044604925031e-16,5.32907051820075e-15,FALSE,FALSE
"P04040",-0.114317344081881,9.6874781854886,-0.943054150431727,0.346092329676619,0.592213767981622,-5.69417900974162,-0.114317344081881,9.6874781854886,-0.943054150431727,0.346092329676619,0.592213767981623,-5.69417900974162,1.38777878078145e-17,0,1.11022302462516e-16,1.66533453693773e-16,7.7715611723761e-16,0,FALSE,FALSE
"P04439",-0.0803049975532879,10.265000122105,-0.942275242762716,0.346490482103613,0.592213767981622,-5.69487844082811,-0.0803049975532879,10.265000122105,-0.942275242762716,0.346490482103613,0.592213767981623,-5.69487844082811,0,3.90798504668055e-14,0,3.33066907387547e-16,7.7715611723761e-16,8.88178419700125e-16,FALSE,FALSE
"P05452",-0.0906783876037611,12.5226266652949,-0.939614961267316,0.347852536557766,0.593833973123615,-5.69726293586666,-0.0906783876037611,12.5226266652949,-0.939614961267315,0.347852536557766,0.593833973123615,-5.69726293586666,2.77555756156289e-17,3.19744231092045e-14,5.55111512312578e-16,5.55111512312578e-17,1.11022302462516e-16,4.44089209850063e-15,FALSE,FALSE
"Q96NZ9",-0.0992854655247104,10.0565247433426,-0.933017942696184,0.351244895269728,0.598912223325553,-5.70314706922709,-0.0992854655247104,10.0565247433426,-0.933017942696184,0.351244895269729,0.598912223325554,-5.70314706922709,0,2.66453525910038e-14,0,6.66133814775094e-16,8.88178419700125e-16,2.66453525910038e-15,FALSE,FALSE
"O15143",-0.269329926150995,8.91068287210991,-0.931539604472045,0.352066798471007,0.599325577812779,-5.65626098311991,-0.269329926150995,8.91068287210991,-0.931539604472045,0.352066798471007,0.599325577812779,-5.65626098311991,5.55111512312578e-17,0,4.44089209850063e-16,1.66533453693773e-16,1.11022302462516e-16,5.32907051820075e-15,FALSE,FALSE
"P62258",-0.104333595775294,8.07808906629339,-0.929920531524172,0.352846567555051,0.599325577812779,-5.70525045395418,-0.104333595775294,8.07808906629339,-0.929920531524172,0.352846567555051,0.599325577812779,-5.70525045395412,4.44089209850063e-16,0,4.44089209850063e-16,2.77555756156289e-16,1.11022302462516e-16,6.21724893790088e-14,FALSE,FALSE
"P61604",-0.227510901804322,9.19593269481792,-0.929517082950464,0.353148088091534,0.599325577812779,-5.62417571832764,-0.227510901804322,9.19593269481792,-0.929517082950463,0.353148088091534,0.599325577812779,-5.62417571832764,4.16333634234434e-16,1.77635683940025e-15,6.66133814775094e-16,2.22044604925031e-16,1.11022302462516e-16,0,FALSE,FALSE
"P50502",-0.0854687236131326,9.6494178406413,-0.929316592652679,0.353159074792049,0.599325577812779,-5.70542812012189,-0.0854687236131326,9.6494178406413,-0.929316592652679,0.353159074792049,0.599325577812779,-5.70542812012189,2.77555756156289e-17,0,1.11022302462516e-16,1.11022302462516e-16,1.11022302462516e-16,2.66453525910038e-15,FALSE,FALSE
"Q14554",-0.149709608068845,7.84042129352215,-0.92784350730507,0.353968466389881,0.599694566816274,-5.66607885070646,-0.149709608068845,7.84042129352215,-0.92784350730507,0.353968466389882,0.599694566816274,-5.66607885070646,3.05311331771918e-16,4.44089209850063e-15,0,5.55111512312578e-16,4.44089209850063e-16,4.44089209850063e-15,FALSE,FALSE
"P04003",-0.110524236828756,14.3590996404846,-0.927279288868158,0.354212899646711,0.599694566816274,-5.70823199483049,-0.110524236828756,14.3590996404846,-0.927279288868158,0.354212899646711,0.599694566816274,-5.70823199483049,4.44089209850063e-16,2.48689957516035e-14,3.33066907387547e-16,1.11022302462516e-16,4.44089209850063e-16,3.5527136788005e-15,FALSE,FALSE
"Q9UGM5",0.109026359339744,12.109130419024,0.926137245695726,0.354805449182623,0.599989403452691,-5.70924021038414,0.109026359339744,12.109130419024,0.926137245695726,0.354805449182623,0.599989403452691,-5.70924021038414,1.94289029309402e-16,1.06581410364015e-14,2.22044604925031e-16,1.11022302462516e-16,4.44089209850063e-16,0,FALSE,FALSE
"P61026",-0.186767909817897,10.9448482472608,-0.924528545281123,0.355641188030304,0.600090036277494,-5.71065829857306,-0.186767909817897,10.9448482472608,-0.924528545281123,0.355641188030303,0.600090036277494,-5.71065829857306,1.38777878078145e-16,1.06581410364015e-14,1.11022302462516e-16,5.55111512312578e-16,1.11022302462516e-16,0,FALSE,FALSE
"P10412",0.157479151126386,10.4654887205023,0.924103123103215,0.355863237890208,0.600090036277494,-5.71053488532195,0.157479151126386,10.4654887205023,0.924103123103215,0.355863237890208,0.600090036277494,-5.71053488532195,4.44089209850063e-16,3.5527136788005e-15,4.44089209850063e-16,3.33066907387547e-16,1.11022302462516e-16,8.88178419700125e-16,FALSE,FALSE
"Q9NR34",-0.122727840452095,9.66656180610138,-0.923364679288019,0.356289381378194,0.600090036277494,-5.66192763349325,-0.122727840452095,9.66656180610138,-0.923364679288019,0.356289381378194,0.600090036277494,-5.66192763349325,1.66533453693773e-16,3.5527136788005e-15,4.44089209850063e-16,3.33066907387547e-16,1.11022302462516e-16,4.44089209850063e-15,FALSE,FALSE
"P23141",-0.0797282086108151,6.36581929569364,-0.92283123068158,0.356538850005875,0.600090036277494,-5.68582740156506,-0.0797282086108151,6.36581929569364,-0.92283123068158,0.356538850005875,0.600090036277494,-5.68582740156506,1.38777878078145e-17,3.5527136788005e-15,4.44089209850063e-16,5.55111512312578e-17,1.11022302462516e-16,4.44089209850063e-15,FALSE,FALSE
"P08670",0.145214988714701,8.5443285117258,0.91986732524375,0.358073094362724,0.601965788178367,-5.71318126859043,0.145214988714701,8.5443285117258,0.91986732524375,0.358073094362724,0.601965788178367,-5.71318126859043,4.9960036108132e-16,1.77635683940025e-15,4.44089209850063e-16,3.88578058618805e-16,3.33066907387547e-16,8.88178419700125e-16,FALSE,FALSE
"P08727",-0.13465417965058,8.59562852535552,-0.916928790387607,0.359652632502392,0.603913202585984,-5.66126193266166,-0.13465417965058,8.59562852535552,-0.916928790387607,0.359652632502392,0.603913202585984,-5.66126193266166,2.77555756156289e-17,5.32907051820075e-15,1.11022302462516e-16,2.22044604925031e-16,1.11022302462516e-16,3.5527136788005e-15,FALSE,FALSE
"Q9H173",-0.0904145977655473,7.05163453997535,-0.915391361194955,0.36044149359574,0.604529943644784,-5.68401968446559,-0.0904145977655473,7.05163453997535,-0.915391361194955,0.36044149359574,0.604529943644784,-5.68401968446559,2.77555756156289e-17,1.77635683940025e-15,4.44089209850063e-16,3.88578058618805e-16,4.44089209850063e-16,4.44089209850063e-15,FALSE,FALSE
"P01009",-0.0829999645987591,15.066071405462,-0.91096264385803,0.362738289789644,0.60767138733452,-5.72251907825765,-0.0829999645987591,15.066071405462,-0.91096264385803,0.362738289789644,0.60767138733452,-5.72251907825765,4.16333634234434e-17,1.95399252334028e-14,2.22044604925031e-16,3.88578058618805e-16,2.22044604925031e-16,3.5527136788005e-15,FALSE,FALSE
"P02786",-0.0867108767410603,11.0945437943766,-0.909086648360299,0.363726683675762,0.608616177819187,-5.72414552415131,-0.0867108767410603,11.0945437943766,-0.909086648360299,0.363726683675762,0.608616177819187,-5.72414552415131,4.16333634234434e-17,3.90798504668055e-14,0,2.22044604925031e-16,2.22044604925031e-16,1.77635683940025e-15,FALSE,FALSE
"P49327",0.192727198263408,7.08327880230474,0.907285598150885,0.364777793461525,0.609293785345555,-5.62167800144079,0.192727198263408,7.08327880230474,0.907285598150885,0.364777793461525,0.609293785345555,-5.62167800144079,0,4.44089209850063e-15,1.11022302462516e-16,5.55111512312578e-17,2.22044604925031e-16,1.77635683940025e-15,FALSE,FALSE
"P05997",-0.118901834400564,7.77790539863726,-0.906844410690364,0.364981423718153,0.609293785345555,-5.63206908391034,-0.118901834400564,7.77790539863726,-0.906844410690364,0.364981423718153,0.609293785345555,-5.63206908391034,9.71445146547012e-17,4.44089209850063e-15,1.11022302462516e-16,3.33066907387547e-16,2.22044604925031e-16,3.5527136788005e-15,FALSE,FALSE
"Q96C19",0.117377126730824,6.99234140103155,0.905584307521403,0.365674390237336,0.60974078558179,-5.62395414644587,0.117377126730824,6.99234140103155,0.905584307521403,0.365674390237336,0.60974078558179,-5.62395414644587,3.46944695195361e-16,1.77635683940025e-15,1.11022302462516e-16,3.88578058618805e-16,2.22044604925031e-16,4.44089209850063e-15,FALSE,FALSE
"P04083",0.110426262984411,7.6654557926834,0.89300796898763,0.372270327551427,0.620018176200634,-5.7341309400446,0.110426262984411,7.6654557926834,0.89300796898763,0.372270327551427,0.620018176200634,-5.7341309400446,4.9960036108132e-16,4.44089209850063e-15,2.22044604925031e-16,1.66533453693773e-16,2.22044604925031e-16,1.77635683940025e-15,FALSE,FALSE
"Q9BQS7",-0.103329431137343,8.93206688170446,-0.88526461030038,0.376545003006379,0.626410132611539,-5.62852833727511,-0.103329431137343,8.93206688170446,-0.88526461030038,0.376545003006379,0.626410132611539,-5.62852833727511,1.66533453693773e-16,1.77635683940025e-15,4.44089209850063e-16,3.88578058618805e-16,3.33066907387547e-16,1.77635683940025e-15,FALSE,FALSE
"P62736",0.119459898341317,11.2847387127707,0.882078836907531,0.378142841529869,0.628339321846851,-5.74719029886445,0.119459898341317,11.2847387127707,0.882078836907531,0.37814284152987,0.628339321846852,-5.74719029886445,1.2490009027033e-16,1.95399252334028e-14,0,5.55111512312578e-16,5.55111512312578e-16,3.5527136788005e-15,FALSE,FALSE
"P08637",-0.0837234997646199,8.7004582362767,-0.879378495552193,0.379604956848931,0.629191946925355,-5.74852020900707,-0.0837234997646199,8.7004582362767,-0.879378495552193,0.379604956848931,0.629191946925355,-5.74852020900707,0,1.77635683940025e-15,1.11022302462516e-16,4.9960036108132e-16,0,4.44089209850063e-15,FALSE,FALSE
"P16152",0.150723778431023,7.11511163421668,0.878800567290318,0.380002989657304,0.629191946925355,-5.66271801419941,0.150723778431023,7.11511163421668,0.878800567290318,0.380002989657304,0.629191946925355,-5.66271801419941,8.32667268468867e-17,2.66453525910038e-15,4.44089209850063e-16,2.77555756156289e-16,0,4.44089209850063e-15,FALSE,FALSE
"P62191",-0.163829290101098,7.97036545737315,-0.878099755755435,0.380356528846612,0.629191946925355,-5.68640169067804,-0.163829290101098,7.97036545737315,-0.878099755755435,0.380356528846612,0.629191946925355,-5.68640169067804,4.71844785465692e-16,1.77635683940025e-15,3.33066907387547e-16,3.33066907387547e-16,0,4.44089209850063e-15,FALSE,FALSE
"O60234",0.138900243442263,7.33468514488591,0.8781186101016,0.380411030672443,0.629191946925355,-5.6061423904153,0.138900243442263,7.33468514488591,0.8781186101016,0.380411030672443,0.629191946925355,-5.6061423904153,2.4980018054066e-16,1.77635683940025e-15,4.44089209850063e-16,3.33066907387547e-16,0,0,FALSE,FALSE
"Q14684",-0.0981521929851414,13.6030460152482,-0.873003185092871,0.383087567535979,0.632451729286323,-5.73136637353965,-0.0981521929851414,13.6030460152482,-0.873003185092871,0.383087567535979,0.632451729286323,-5.73136637353965,4.16333634234434e-17,1.06581410364015e-14,3.33066907387547e-16,1.66533453693773e-16,4.44089209850063e-16,8.88178419700125e-16,FALSE,FALSE
"O75083",0.136397884713306,9.19857322579188,0.872638542403261,0.383263983786481,0.632451729286323,-5.75508196177055,0.136397884713306,9.19857322579188,0.872638542403261,0.383263983786481,0.632451729286323,-5.75508196177055,1.66533453693773e-16,0,1.11022302462516e-16,3.88578058618805e-16,4.44089209850063e-16,2.66453525910038e-15,FALSE,FALSE
"P48723",-0.0956318828307428,6.86864801002019,-0.870917121334216,0.384310817364509,0.633450243793915,-5.639194891118,-0.0956318828307428,6.86864801002019,-0.870917121334216,0.384310817364509,0.633450243793915,-5.639194891118,4.16333634234434e-17,3.5527136788005e-15,1.11022302462516e-16,0,2.22044604925031e-16,0,FALSE,FALSE
"Q04637",-0.117568169095458,6.35655727958756,-0.865257612263549,0.387399012728307,0.637807329796088,-5.64229761413686,-0.117568169095458,6.35655727958756,-0.86525761226355,0.387399012728307,0.637807329796088,-5.64229761413686,2.77555756156289e-17,3.5527136788005e-15,5.55111512312578e-16,0,4.44089209850063e-16,3.5527136788005e-15,FALSE,FALSE
"Q9Y6E0",0.114554594009576,7.23886312609561,0.864300086448493,0.387890185470255,0.637883630693058,-5.69344503048199,0.114554594009576,7.23886312609561,0.864300086448493,0.387890185470255,0.637883630693058,-5.69344503048199,2.08166817117217e-16,8.88178419700125e-16,1.11022302462516e-16,3.33066907387547e-16,4.44089209850063e-16,4.44089209850063e-15,FALSE,FALSE
"P78417",0.116789751064001,9.64712903841864,0.861255941937194,0.389497445179932,0.639793054281813,-5.75939316493506,0.116789751064001,9.64712903841864,0.861255941937194,0.389497445179932,0.639793054281813,-5.75939316493506,2.77555756156289e-17,1.77635683940025e-15,2.22044604925031e-16,1.11022302462516e-16,1.11022302462516e-16,1.77635683940025e-15,FALSE,FALSE
"P04156",-0.113994529459289,6.53524036560622,-0.857279321935161,0.391769639948503,0.642789088885758,-5.64785921134266,-0.113994529459289,6.53524036560622,-0.857279321935161,0.391769639948503,0.642789088885758,-5.64785921134266,2.22044604925031e-16,4.44089209850063e-15,3.33066907387547e-16,3.33066907387547e-16,3.33066907387547e-16,4.44089209850063e-15,FALSE,FALSE
"Q9NZD4",0.138072101021587,8.02305922308732,0.848813531563665,0.39649199859139,0.649793743977204,-5.65017404368042,0.138072101021587,8.02305922308732,0.848813531563665,0.39649199859139,0.649793743977204,-5.65017404368042,1.66533453693773e-16,1.77635683940025e-15,2.22044604925031e-16,5.55111512312578e-17,2.22044604925031e-16,2.66453525910038e-15,FALSE,FALSE
"Q16181",-0.409530873210414,11.5200606895582,-0.84585134216583,0.398097051211966,0.651321101853308,-5.6984928131847,-0.409530873210414,11.5200606895582,-0.84585134216583,0.398097051211966,0.651321101853308,-5.6984928131847,3.88578058618805e-16,1.77635683940025e-15,0,1.66533453693773e-16,0,8.88178419700125e-16,FALSE,FALSE
"P00739",-0.089814919898501,14.0046574050228,-0.845301482637679,0.39833236145422,0.651321101853308,-5.77745698183583,-0.089814919898501,14.0046574050228,-0.845301482637679,0.39833236145422,0.651321101853308,-5.77745698183583,1.38777878078145e-17,2.66453525910038e-14,3.33066907387547e-16,2.22044604925031e-16,0,1.77635683940025e-15,FALSE,FALSE
"P17301",-0.0752492974987309,8.34975047225922,-0.840721999009879,0.400891157083713,0.654501063570658,-5.78113579487425,-0.0752492974987309,8.34975047225922,-0.840721999009879,0.400891157083714,0.654501063570658,-5.78113579487425,1.38777878078145e-17,5.32907051820075e-15,2.22044604925031e-16,7.21644966006352e-16,2.22044604925031e-16,8.88178419700125e-16,FALSE,FALSE
"P01024",-0.0862746827503891,12.8690672400851,-0.840188340788339,0.401189982481596,0.654501063570658,-5.78156319939947,-0.0862746827503891,12.8690672400851,-0.840188340788339,0.401189982481596,0.654501063570658,-5.78156319939947,2.77555756156289e-17,3.73034936274053e-14,3.33066907387547e-16,1.11022302462516e-16,2.22044604925031e-16,3.5527136788005e-15,FALSE,FALSE
"P47755",0.102485076527554,7.99623947395014,0.837602650055964,0.402682737287142,0.656189824170184,-5.74256431264399,0.102485076527554,7.99623947395014,0.837602650055964,0.402682737287142,0.656189824170184,-5.74256431264399,2.08166817117217e-16,4.44089209850063e-15,1.11022302462516e-16,2.22044604925031e-16,0,5.32907051820075e-15,FALSE,FALSE
"P01732",-0.124767571718793,7.65808385097297,-0.836809953124736,0.403161431616663,0.656224169055953,-5.70211659182175,-0.124767571718793,7.65808385097297,-0.836809953124736,0.403161431616663,0.656224169055953,-5.70211659182175,4.85722573273506e-16,3.5527136788005e-15,0,2.77555756156289e-16,3.33066907387547e-16,2.66453525910038e-15,FALSE,FALSE
"Q14344",-0.110062392394262,6.67340750972121,-0.833859743610971,0.404828890578599,0.656923773858211,-5.70087620219091,-0.110062392394262,6.67340750972121,-0.833859743610971,0.404828890578599,0.656923773858211,-5.70087620219091,6.93889390390723e-17,8.88178419700125e-16,0,3.88578058618805e-16,1.11022302462516e-16,1.77635683940025e-15,FALSE,FALSE
"P61626",-0.072824204912779,10.6027256520192,-0.833703931738948,0.404831675655189,0.656923773858211,-5.78673491242641,-0.072824204912779,10.6027256520192,-0.833703931738948,0.404831675655189,0.656923773858211,-5.78673491242641,2.77555756156289e-17,1.77635683940025e-15,0,5.55111512312578e-17,1.11022302462516e-16,3.5527136788005e-15,FALSE,FALSE
"Q9Y6R7",0.14682681877937,7.13559313482618,0.833649570578976,0.404965562127377,0.656923773858211,-5.62982803494943,0.14682681877937,7.13559313482618,0.833649570578976,0.404965562127377,0.656923773858211,-5.62982803494943,4.71844785465692e-16,1.77635683940025e-15,0,1.11022302462516e-16,1.11022302462516e-16,0,FALSE,FALSE
"P58546",0.116015222685553,7.85364295499805,0.830230248444446,0.40683595352825,0.659010701223609,-5.73635238862326,0.116015222685553,7.85364295499805,0.830230248444446,0.40683595352825,0.659010701223609,-5.73635238862326,3.60822483003176e-16,8.88178419700125e-16,3.33066907387547e-16,5.55111512312578e-17,1.11022302462516e-16,3.5527136788005e-15,FALSE,FALSE
"Q8NDA2",-0.112691858606246,6.05963991923394,-0.829712011813675,0.407171186390598,0.659010701223609,-5.66812802923714,-0.112691858606246,6.05963991923394,-0.829712011813675,0.407171186390598,0.659010701223609,-5.66812802923714,4.16333634234434e-16,2.66453525910038e-15,4.44089209850063e-16,0,1.11022302462516e-16,2.66453525910038e-15,FALSE,FALSE
"P01034",-0.0863356297261344,11.1223200221661,-0.826172082490368,0.409086411735219,0.661364052343071,-5.79269186319204,-0.0863356297261344,11.1223200221661,-0.826172082490368,0.409086411735219,0.661364052343071,-5.79269186319204,0,3.90798504668055e-14,1.11022302462516e-16,1.11022302462516e-16,1.11022302462516e-16,8.88178419700125e-16,FALSE,FALSE
"P04921",-0.100399397487323,8.76917039648236,-0.822282576338633,0.411368049001828,0.664303808861061,-5.70488218441286,-0.100399397487323,8.76917039648236,-0.822282576338633,0.411368049001828,0.664303808861061,-5.70488218441286,4.85722573273506e-16,5.32907051820075e-15,1.11022302462516e-16,4.44089209850063e-16,2.22044604925031e-16,2.66453525910038e-15,FALSE,FALSE
"Q13442",-0.0986292831441862,7.97367611117942,-0.815230283634238,0.415403005755784,0.670065140892906,-5.70347384556297,-0.0986292831441862,7.97367611117942,-0.815230283634238,0.415403005755784,0.670065140892906,-5.70347384556297,2.77555756156289e-17,3.5527136788005e-15,2.22044604925031e-16,2.77555756156289e-16,4.44089209850063e-16,2.66453525910038e-15,FALSE,FALSE
"Q8NFL0",-0.0796692438521331,7.61704000024669,-0.811438983847239,0.417538274923466,0.671294918674056,-5.75432457994254,-0.0796692438521331,7.61704000024669,-0.811438983847239,0.417538274923466,0.671294918674056,-5.75432457994254,4.16333634234434e-17,8.88178419700125e-16,1.11022302462516e-16,2.77555756156289e-16,4.44089209850063e-16,1.77635683940025e-15,FALSE,FALSE
"O00231",-0.11624910656678,6.97416774937196,-0.8107166180969,0.417932232973038,0.671294918674056,-5.7620431981507,-0.11624910656678,6.97416774937196,-0.8107166180969,0.417932232973038,0.671294918674056,-5.7620431981507,1.11022302462516e-16,0,1.11022302462516e-16,1.66533453693773e-16,4.44089209850063e-16,4.44089209850063e-15,FALSE,FALSE
"P50552",0.13947114574079,7.43549278326897,0.809529247867624,0.418678530937867,0.671294918674056,-5.71928548147416,0.13947114574079,7.43549278326897,0.809529247867624,0.418678530937867,0.671294918674056,-5.71928548147416,4.44089209850063e-16,4.44089209850063e-15,4.44089209850063e-16,4.44089209850063e-16,4.44089209850063e-16,1.77635683940025e-15,FALSE,FALSE
"P01833",-0.0861680638476159,9.01119587924755,-0.809032272840485,0.418870481339427,0.671294918674056,-5.80052884018495,-0.0861680638476159,9.01119587924755,-0.809032272840485,0.418870481339427,0.671294918674056,-5.80052884018495,1.38777878078145e-17,0,2.22044604925031e-16,4.9960036108132e-16,4.44089209850063e-16,4.44089209850063e-15,FALSE,FALSE
"P0DOX5",-0.129843177423488,9.33137425288081,-0.808942879221382,0.419028189497088,0.671294918674056,-5.69375622975358,-0.129843177423488,9.33137425288081,-0.808942879221382,0.419028189497088,0.671294918674056,-5.69375622975358,4.9960036108132e-16,3.5527136788005e-15,1.11022302462516e-16,2.22044604925031e-16,4.44089209850063e-16,1.77635683940025e-15,FALSE,FALSE
"Q9NZP8",-0.0834553536257765,10.0023614465442,-0.808399483445662,0.419231334926691,0.671294918674056,-5.80653453203253,-0.0834553536257765,10.0023614465442,-0.808399483445662,0.419231334926692,0.671294918674056,-5.80653453203253,0,3.19744231092045e-14,3.33066907387547e-16,6.10622663543836e-16,4.44089209850063e-16,3.5527136788005e-15,FALSE,FALSE
"Q9Y4E8",-0.108113568616854,8.03873243892711,-0.807276548622812,0.419888291652278,0.671294918674056,-5.79959049707905,-0.108113568616854,8.03873243892711,-0.807276548622812,0.419888291652278,0.671294918674056,-5.79959049707905,3.88578058618805e-16,0,4.44089209850063e-16,3.88578058618805e-16,4.44089209850063e-16,2.66453525910038e-15,FALSE,FALSE
"P11586",-0.10220163438341,7.69129008548238,-0.807235478216577,0.419910419840048,0.671294918674056,-5.79646196092213,-0.10220163438341,7.69129008548238,-0.807235478216577,0.419910419840048,0.671294918674056,-5.79646196092213,2.08166817117217e-16,8.88178419700125e-16,4.44089209850063e-16,1.66533453693773e-16,4.44089209850063e-16,3.5527136788005e-15,FALSE,FALSE
"P27348",0.10934394127863,7.13287612725435,0.800053547152847,0.424086914158098,0.677216742653355,-5.77186624577276,0.10934394127863,7.13287612725435,0.800053547152847,0.424086914158098,0.677216742653355,-5.77186624577276,1.2490009027033e-16,2.66453525910038e-15,4.44089209850063e-16,5.55111512312578e-17,3.33066907387547e-16,3.5527136788005e-15,FALSE,FALSE
"P11217",-0.231227443211194,8.94233028754657,-0.792679989012487,0.428401832954532,0.681804952489064,-5.72904048840137,-0.231227443211194,8.94233028754657,-0.792679989012487,0.428401832954532,0.681804952489064,-5.72904048840137,4.71844785465692e-16,3.5527136788005e-15,3.33066907387547e-16,5.55111512312578e-17,1.11022302462516e-16,1.77635683940025e-15,FALSE,FALSE
"Q9NZN3",-0.0904164002216508,8.93137232727097,-0.792255069771112,0.428576329241299,0.681804952489064,-5.81551185940743,-0.0904164002216508,8.93137232727097,-0.792255069771112,0.428576329241299,0.681804952489064,-5.81551185940743,4.16333634234434e-17,3.5527136788005e-15,2.22044604925031e-16,3.88578058618805e-16,1.11022302462516e-16,2.66453525910038e-15,FALSE,FALSE
"Q96AP7",-0.146833387620529,6.7068927779864,-0.792203831285234,0.428741904740649,0.681804952489064,-5.68643102281265,-0.146833387620529,6.7068927779864,-0.792203831285234,0.428741904740649,0.681804952489064,-5.68643102281265,4.44089209850063e-16,1.77635683940025e-15,2.22044604925031e-16,4.44089209850063e-16,1.11022302462516e-16,8.88178419700125e-16,FALSE,FALSE
"P22314",0.152475206154843,7.28798037388502,0.791789951266009,0.428861971509858,0.681804952489064,-5.80107175759826,0.152475206154843,7.28798037388502,0.791789951266009,0.428861971509858,0.681804952489064,-5.80107175759826,3.33066907387547e-16,1.77635683940025e-15,2.22044604925031e-16,3.88578058618805e-16,1.11022302462516e-16,2.66453525910038e-15,FALSE,FALSE
"Q96QA5",-0.10630647964553,7.1422924544885,-0.78911784526031,0.43052681717458,0.683693749533054,-5.6299433369741,-0.10630647964553,7.1422924544885,-0.78911784526031,0.43052681717458,0.683693749533054,-5.6299433369741,4.16333634234434e-16,8.88178419700125e-16,2.22044604925031e-16,1.66533453693773e-16,2.22044604925031e-16,1.77635683940025e-15,FALSE,FALSE
"P53621",-0.16428124705684,6.79457521639504,-0.78510615862705,0.432849683619617,0.686622175122269,-5.70241717502738,-0.16428124705684,6.79457521639504,-0.78510615862705,0.432849683619617,0.686622175122269,-5.70241717502738,2.22044604925031e-16,1.77635683940025e-15,2.22044604925031e-16,3.88578058618805e-16,2.22044604925031e-16,3.5527136788005e-15,FALSE,FALSE
"Q86SF2",-0.0747800307137343,6.68609049859274,-0.782094444359846,0.43461767106527,0.686793043997646,-5.70531253259143,-0.0747800307137343,6.68609049859274,-0.782094444359846,0.43461767106527,0.686793043997646,-5.70531253259143,1.38777878078145e-17,8.88178419700125e-16,1.11022302462516e-16,3.88578058618805e-16,4.44089209850063e-16,2.66453525910038e-15,FALSE,FALSE
"Q92496",-0.104464796927399,9.63473419119567,-0.781885088084418,0.434661619727094,0.686793043997646,-5.78491983093651,-0.104464796927399,9.63473419119567,-0.781885088084418,0.434661619727094,0.686793043997646,-5.78491983093651,1.52655665885959e-16,0,1.11022302462516e-16,5.55111512312578e-17,4.44089209850063e-16,1.77635683940025e-15,FALSE,FALSE
"Q14254",-0.0944483751284633,7.84812861760817,-0.781582215145586,0.434822402984566,0.686793043997646,-5.82202794897641,-0.0944483751284633,7.84812861760817,-0.781582215145586,0.434822402984566,0.686793043997646,-5.82202794897641,2.77555756156289e-17,1.77635683940025e-15,1.11022302462516e-16,4.44089209850063e-16,4.44089209850063e-16,4.44089209850063e-15,FALSE,FALSE
"P23280",-0.083714675958146,7.38062884006955,-0.781649741143423,0.43487314082975,0.686793043997646,-5.70882591747503,-0.083714675958146,7.38062884006955,-0.781649741143423,0.43487314082975,0.686793043997646,-5.70882591747503,2.77555756156289e-17,8.88178419700125e-16,1.11022302462516e-16,4.9960036108132e-16,4.44089209850063e-16,0,FALSE,FALSE
"P69891",-0.144338821247949,17.4526143943947,-0.779816152234009,0.435854847395716,0.687284507332289,-5.82816768751519,-0.144338821247949,17.4526143943947,-0.779816152234009,0.435854847395716,0.687284507332289,-5.82816768751519,5.55111512312578e-17,2.8421709430404e-14,0,4.44089209850063e-16,2.22044604925031e-16,1.77635683940025e-15,FALSE,FALSE
"Q13576",-0.232893539557073,11.1940241837744,-0.779332402335944,0.436142888195525,0.687284507332289,-5.82423742376542,-0.232893539557073,11.1940241837744,-0.779332402335944,0.436142888195525,0.687284507332289,-5.82423742376542,4.71844785465692e-16,0,1.11022302462516e-16,5.55111512312578e-17,2.22044604925031e-16,8.88178419700125e-16,FALSE,FALSE
"P35442",-0.088765601161688,13.7305289299725,-0.776555481830828,0.437775117303177,0.688429649810283,-5.83058615294646,-0.088765601161688,13.7305289299725,-0.776555481830828,0.437775117303177,0.688429649810283,-5.83058615294646,2.77555756156289e-17,1.77635683940025e-14,3.33066907387547e-16,1.11022302462516e-16,1.11022302462516e-16,1.77635683940025e-15,FALSE,FALSE
"P24592",-0.0699736728140223,9.98929400783351,-0.776464018969149,0.437829735444197,0.688429649810283,-5.82836155559987,-0.0699736728140223,9.98929400783351,-0.776464018969149,0.437829735444197,0.688429649810283,-5.82836155559987,4.16333634234434e-17,0,3.33066907387547e-16,2.22044604925031e-16,1.11022302462516e-16,0,FALSE,FALSE
"P60660",0.128520755454794,9.9315981397049,0.774301805978616,0.439105878717277,0.689206469390938,-5.83174762062749,0.128520755454794,9.9315981397049,0.774301805978616,0.439105878717277,0.689206469390938,-5.83174762062749,1.94289029309402e-16,1.77635683940025e-15,4.44089209850063e-16,3.33066907387547e-16,0,4.44089209850063e-15,FALSE,FALSE
"P25786",-0.0868597998809175,8.67566390785367,-0.774009157585155,0.439285016055312,0.689206469390938,-5.82484793706436,-0.0868597998809175,8.67566390785367,-0.774009157585155,0.439285016055312,0.689206469390938,-5.82484793706436,2.77555756156289e-17,3.5527136788005e-15,3.33066907387547e-16,1.11022302462516e-16,0,5.32907051820075e-15,FALSE,FALSE
"Q14204",-0.161807511711186,7.16584093064545,-0.771895596689463,0.440589146402416,0.69049708846018,-5.76716241810032,-0.161807511711186,7.16584093064545,-0.771895596689463,0.440589146402416,0.690497088460179,-5.76716241810032,8.32667268468867e-17,8.88178419700125e-16,1.11022302462516e-16,2.22044604925031e-16,5.55111512312578e-16,3.5527136788005e-15,FALSE,FALSE
"P46060",-0.106741060916224,8.00839425980073,-0.769602789487019,0.441906695117818,0.691805896068723,-5.80791126058686,-0.106741060916224,8.00839425980073,-0.769602789487019,0.441906695117818,0.691805896068723,-5.80791126058686,4.85722573273506e-16,0,1.11022302462516e-16,3.33066907387547e-16,3.33066907387547e-16,3.5527136788005e-15,FALSE,FALSE
"P38646",-0.137803530642369,6.92363372813106,-0.765269939516475,0.444552623435182,0.694546831532887,-5.75118857460457,-0.137803530642369,6.92363372813106,-0.765269939516475,0.444552623435183,0.694546831532887,-5.75118857460457,5.55111512312578e-17,8.88178419700125e-16,4.44089209850063e-16,6.66133814775094e-16,4.44089209850063e-16,8.88178419700125e-16,FALSE,FALSE
"A0A0G2JS06",-0.17271144963722,10.5561461326539,-0.76506096885503,0.444626214328585,0.694546831532887,-5.760578570921,-0.17271144963722,10.5561461326539,-0.76506096885503,0.444626214328585,0.694546831532887,-5.760578570921,4.71844785465692e-16,3.90798504668055e-14,1.11022302462516e-16,1.66533453693773e-16,4.44089209850063e-16,2.66453525910038e-15,FALSE,FALSE
"P00738",0.158400138689647,14.4818798965806,0.762644696645228,0.446022070794532,0.695378759202834,-5.84079033104894,0.158400138689647,14.4818798965806,0.762644696645228,0.446022070794532,0.695378759202833,-5.84079033104894,2.4980018054066e-16,3.90798504668055e-14,0,3.88578058618805e-16,5.55111512312578e-16,0,FALSE,FALSE
"P48735",-0.107037097015198,7.91816781089398,-0.762502880754339,0.446128632124552,0.695378759202834,-5.81407881105746,-0.107037097015198,7.91816781089398,-0.762502880754339,0.446128632124551,0.695378759202833,-5.81407881105746,2.91433543964104e-16,0,1.11022302462516e-16,5.55111512312578e-16,5.55111512312578e-16,2.66453525910038e-15,FALSE,FALSE
"P13671",-0.0907430161709719,12.8819134303032,-0.759073525895506,0.448153451800058,0.697776384235922,-5.84338026030092,-0.0907430161709719,12.8819134303032,-0.759073525895506,0.448153451800058,0.697776384235922,-5.84338026030091,1.38777878078145e-17,4.61852778244065e-14,1.11022302462516e-16,3.88578058618805e-16,4.44089209850063e-16,5.32907051820075e-15,FALSE,FALSE
"P22792",-0.0862878539228351,13.3147089201418,-0.757192366083978,0.449278513088803,0.698769401051349,-5.8447396617624,-0.0862878539228351,13.3147089201418,-0.757192366083978,0.449278513088803,0.698769401051349,-5.8447396617624,1.38777878078145e-17,7.105427357601e-15,2.22044604925031e-16,5.55111512312578e-17,4.44089209850063e-16,4.44089209850063e-15,FALSE,FALSE
"P14317",-0.0947881456924087,8.04423335014254,-0.755809389688529,0.450114084498712,0.699310506144261,-5.83338658629858,-0.0947881456924087,8.04423335014254,-0.755809389688529,0.450114084498712,0.699310506144261,-5.83338658629858,2.77555756156289e-17,5.32907051820075e-15,0,2.77555756156289e-16,4.44089209850063e-16,1.77635683940025e-15,FALSE,FALSE
"P10768",0.106996922457687,7.51233394520057,0.749688530172879,0.45382258436025,0.703633933368023,-5.79361214251939,0.106996922457687,7.51233394520057,0.749688530172879,0.45382258436025,0.703633933368023,-5.79361214251939,2.22044604925031e-16,2.66453525910038e-15,4.44089209850063e-16,4.44089209850063e-16,2.22044604925031e-16,8.88178419700125e-16,FALSE,FALSE
"P51659",0.11174551031942,7.01317891499583,0.749691752986654,0.45387823456445,0.703633933368023,-5.72365585477373,0.11174551031942,7.01317891499583,0.749691752986654,0.45387823456445,0.703633933368023,-5.72365585477373,4.85722573273506e-16,2.66453525910038e-15,0,1.11022302462516e-16,2.22044604925031e-16,8.88178419700125e-16,FALSE,FALSE
"P27482",-0.0753496979450432,10.6256611203261,-0.743345061531697,0.457610070150874,0.708653175590015,-5.85409803422845,-0.0753496979450432,10.6256611203261,-0.743345061531697,0.457610070150874,0.708653175590015,-5.85409803422845,0,2.30926389122033e-14,2.22044604925031e-16,3.88578058618805e-16,0,3.5527136788005e-15,FALSE,FALSE
"P02776",-0.134110403484437,13.9082897506165,-0.742048012225121,0.458394838059856,0.708877861565707,-5.85326283193747,-0.134110403484437,13.9082897506165,-0.742048012225121,0.458394838059856,0.708877861565707,-5.85326283193747,3.05311331771918e-16,1.95399252334028e-14,2.22044604925031e-16,5.55111512312578e-17,2.22044604925031e-16,2.66453525910038e-15,FALSE,FALSE
"Q96KN2",-0.0678552526137448,12.246569904361,-0.741470532106327,0.458743832310304,0.708877861565707,-5.85596929081417,-0.0678552526137448,12.246569904361,-0.741470532106327,0.458743832310304,0.708877861565707,-5.85596929081417,1.38777878078145e-17,3.01980662698043e-14,2.22044604925031e-16,2.22044604925031e-16,2.22044604925031e-16,3.5527136788005e-15,FALSE,FALSE
"P17936",-0.111419151838408,11.3536831685522,-0.739512836656564,0.459930260135702,0.709946171189017,-5.85735115434892,-0.111419151838408,11.3536831685522,-0.739512836656564,0.459930260135702,0.709946171189017,-5.85735115434892,2.22044604925031e-16,4.44089209850063e-14,1.11022302462516e-16,5.55111512312578e-17,3.33066907387547e-16,4.44089209850063e-15,FALSE,FALSE
"P21333",0.124972550465579,10.0672036214897,0.73709433908852,0.461398324435084,0.711257547853731,-5.85905324743913,0.124972550465579,10.0672036214897,0.73709433908852,0.461398324435084,0.711257547853731,-5.85905324743913,4.57966997657877e-16,7.105427357601e-15,2.22044604925031e-16,0,0,4.44089209850063e-15,FALSE,FALSE
"P15153",-0.0718677626828601,10.4591592368942,-0.735592707736172,0.462312443699777,0.711257547853731,-5.85726388710604,-0.0718677626828601,10.4591592368942,-0.735592707736172,0.462312443699777,0.711257547853731,-5.85726388710604,0,1.95399252334028e-14,2.22044604925031e-16,3.33066907387547e-16,0,1.77635683940025e-15,FALSE,FALSE
"P67936",0.133600097174019,9.97488390188142,0.734994022324427,0.462676017029419,0.711257547853731,-5.86002128044982,0.133600097174019,9.97488390188142,0.734994022324427,0.462676017029419,0.711257547853731,-5.86002128044982,4.44089209850063e-16,0,4.44089209850063e-16,5.55111512312578e-17,0,4.44089209850063e-15,FALSE,FALSE
"P25815",0.144972007054776,7.70160159653353,0.735022029486933,0.462763802055461,0.711257547853731,-5.69542351022471,0.144972007054776,7.70160159653353,0.735022029486933,0.462763802055461,0.711257547853731,-5.69542351022471,4.16333634234434e-16,4.44089209850063e-15,3.33066907387547e-16,5.55111512312578e-17,0,2.66453525910038e-15,FALSE,FALSE
"Q5T4S7",-0.0878181088399863,7.138763548167,-0.731884589701384,0.464580822502331,0.712674645005798,-5.84577506242365,-0.0878181088399863,7.138763548167,-0.731884589701384,0.464580822502331,0.712674645005798,-5.84577506242365,1.38777878078145e-17,4.44089209850063e-15,4.44089209850063e-16,4.44089209850063e-16,3.33066907387547e-16,2.66453525910038e-15,FALSE,FALSE
"P69905",-0.130319650261367,17.1221016525983,-0.731077903060359,0.465061756091222,0.712674645005798,-5.86326336697559,-0.130319650261367,17.1221016525983,-0.731077903060359,0.465061756091222,0.712674645005798,-5.86326336697558,3.88578058618805e-16,3.19744231092045e-14,2.22044604925031e-16,3.33066907387547e-16,3.33066907387547e-16,5.32907051820075e-15,FALSE,FALSE
"P61225",-0.0958699409557759,9.61389651361654,-0.730906680306297,0.465176755736002,0.712674645005798,-5.8500886074029,-0.0958699409557759,9.61389651361654,-0.730906680306297,0.465176755736002,0.712674645005798,-5.8500886074029,4.16333634234434e-17,3.5527136788005e-15,1.11022302462516e-16,1.66533453693773e-16,3.33066907387547e-16,4.44089209850063e-15,FALSE,FALSE
"P0DOX3",0.121809025558147,9.37166241430611,0.72821266078395,0.466850286389564,0.713805912390524,-5.82096717856912,0.121809025558147,9.37166241430611,0.72821266078395,0.466850286389564,0.713805912390525,-5.82096717856912,4.57966997657877e-16,3.5527136788005e-15,1.11022302462516e-16,5.55111512312578e-17,8.88178419700125e-16,3.5527136788005e-15,FALSE,FALSE
"P29279",-0.0976996744852716,8.35887555666215,-0.727699734328337,0.467198500545928,0.713805912390524,-5.78621519117078,-0.0976996744852716,8.35887555666215,-0.727699734328337,0.467198500545928,0.713805912390525,-5.78621519117078,1.38777878078145e-17,0,3.33066907387547e-16,4.9960036108132e-16,8.88178419700125e-16,8.88178419700125e-16,FALSE,FALSE
"P62906",-0.110145191119829,7.26724401217073,-0.727243238999465,0.467519422236903,0.713805912390524,-5.71628795552708,-0.110145191119829,7.26724401217073,-0.727243238999465,0.467519422236903,0.713805912390525,-5.71628795552708,4.57966997657877e-16,1.77635683940025e-15,4.44089209850063e-16,2.22044604925031e-16,8.88178419700125e-16,1.77635683940025e-15,FALSE,FALSE
"P11277",-0.157467708514158,10.0193802628686,-0.72642462032649,0.467906246615825,0.713805912390524,-5.86649597996578,-0.157467708514158,10.0193802628686,-0.72642462032649,0.467906246615825,0.713805912390525,-5.86649597996577,2.77555756156289e-17,1.59872115546023e-14,3.33066907387547e-16,2.22044604925031e-16,8.88178419700125e-16,5.32907051820075e-15,FALSE,FALSE
"P30626",0.106433832831446,7.82879556951052,0.721768953977641,0.470844389454412,0.717524818786001,-5.78504173913699,0.106433832831446,7.82879556951052,0.721768953977641,0.470844389454412,0.717524818786,-5.78504173913699,4.16333634234434e-16,1.77635683940025e-15,2.22044604925031e-16,3.33066907387547e-16,7.7715611723761e-16,8.88178419700125e-16,FALSE,FALSE
"Q13630",0.0841999166468277,7.79665919865708,0.717855976473122,0.473221436855287,0.720381677760596,-5.81077377929001,0.0841999166468277,7.79665919865708,0.717855976473122,0.473221436855287,0.720381677760596,-5.81077377929001,1.38777878078145e-17,2.66453525910038e-15,0,1.66533453693773e-16,1.11022302462516e-16,3.5527136788005e-15,FALSE,FALSE
"Q92530",-0.103341892091196,8.05557693931165,-0.716736398242226,0.473924438714547,0.720442372329183,-5.81469584124812,-0.103341892091196,8.05557693931165,-0.716736398242226,0.473924438714547,0.720442372329183,-5.81469584124812,6.93889390390723e-17,1.77635683940025e-15,1.11022302462516e-16,2.77555756156289e-16,2.22044604925031e-16,1.77635683940025e-15,FALSE,FALSE
"P08514",-0.0813734551738357,12.1339082171125,-0.715477614438667,0.474635970865232,0.720442372329183,-5.87401958542677,-0.0813734551738357,12.1339082171125,-0.715477614438667,0.474635970865232,0.720442372329183,-5.87401958542677,4.16333634234434e-17,3.37507799486048e-14,1.11022302462516e-16,1.11022302462516e-16,2.22044604925031e-16,2.66453525910038e-15,FALSE,FALSE
"P35268",-0.0906993476001441,8.02288120795457,-0.714978625061519,0.475017985391969,0.720442372329183,-5.77076569502551,-0.0906993476001441,8.02288120795457,-0.714978625061519,0.475017985391969,0.720442372329183,-5.77076569502551,1.38777878078145e-17,0,1.11022302462516e-16,5.55111512312578e-17,2.22044604925031e-16,4.44089209850063e-15,FALSE,FALSE
"P07900",-0.0662430776773135,10.2591200670229,-0.713733601999003,0.475713012324388,0.720442372329183,-5.87520767408493,-0.0662430776773135,10.2591200670229,-0.713733601999003,0.475713012324388,0.720442372329183,-5.87520767408493,2.77555756156289e-17,4.79616346638068e-14,4.44089209850063e-16,4.44089209850063e-16,2.22044604925031e-16,8.88178419700125e-16,FALSE,FALSE
"A0A075B6K4",0.159671705606586,9.97547298687058,0.713667991442806,0.475785541616901,0.720442372329183,-5.81155878487381,0.159671705606586,9.97547298687058,0.713667991442806,0.475785541616901,0.720442372329183,-5.81155878487381,5.55111512312578e-17,3.5527136788005e-15,1.11022302462516e-16,3.33066907387547e-16,2.22044604925031e-16,4.44089209850063e-15,FALSE,FALSE
"P0DOX2",-0.0992284421277745,15.3709035027304,-0.712823309807,0.476275710577451,0.720442372329183,-5.87582665097841,-0.0992284421277745,15.3709035027304,-0.712823309807,0.476275710577451,0.720442372329183,-5.87582665097841,1.38777878078145e-17,5.32907051820075e-15,4.44089209850063e-16,3.33066907387547e-16,2.22044604925031e-16,4.44089209850063e-15,FALSE,FALSE
"Q3B726",-0.175335887681197,13.7559772498162,-0.711348387116117,0.477231624397067,0.720594405297273,-5.81887256900325,-0.175335887681197,13.7559772498162,-0.711348387116117,0.477231624397067,0.720594405297273,-5.81887256900325,4.44089209850063e-16,3.90798504668055e-14,4.44089209850063e-16,1.11022302462516e-16,4.44089209850063e-16,1.77635683940025e-15,FALSE,FALSE
"O15204",-0.0666139137941073,9.79362198276776,-0.711036599055182,0.477381230845473,0.720594405297273,-5.87703927931858,-0.0666139137941073,9.79362198276776,-0.711036599055182,0.477381230845473,0.720594405297273,-5.87703927931858,0,0,3.33066907387547e-16,4.44089209850063e-16,4.44089209850063e-16,8.88178419700125e-16,FALSE,FALSE
"P0DOX8",-0.0894646961857148,16.3612820323272,-0.70980778477873,0.478142371382296,0.720984395964472,-5.87787150448459,-0.0894646961857148,16.3612820323272,-0.709807784778729,0.478142371382296,0.720984395964472,-5.87787150448459,4.16333634234434e-17,0,5.55111512312578e-16,2.22044604925031e-16,1.11022302462516e-16,3.5527136788005e-15,FALSE,FALSE
"P08581",0.097339351504381,7.14513897794442,0.704164272005228,0.48168176309965,0.725558454080776,-5.85421840541828,0.097339351504381,7.14513897794442,0.704164272005228,0.48168176309965,0.725558454080776,-5.85421840541828,0,1.77635683940025e-15,3.33066907387547e-16,4.9960036108132e-16,0,1.77635683940025e-15,FALSE,FALSE
"O75351",-0.0842602580084728,7.1122370299092,-0.702539332669448,0.482719006105855,0.726357874874917,-5.81410345855802,-0.0842602580084728,7.1122370299092,-0.702539332669448,0.482719006105855,0.726357874874917,-5.81410345855802,1.38777878078145e-17,1.77635683940025e-15,2.22044604925031e-16,2.77555756156289e-16,2.22044604925031e-16,8.88178419700125e-16,FALSE,FALSE
"P53004",0.0957665986674154,7.09591964115241,0.699155124494906,0.484811088683334,0.728741196196961,-5.82151627281803,0.0957665986674154,7.09591964115241,0.699155124494906,0.484811088683334,0.728741196196961,-5.82151627281803,4.16333634234434e-17,8.88178419700125e-16,0,1.11022302462516e-16,1.11022302462516e-16,0,FALSE,FALSE
"P37837",0.0928301904988587,8.20036113124803,0.695598760419275,0.486997856799164,0.731261703298431,-5.87222310173819,0.0928301904988587,8.20036113124803,0.695598760419275,0.486997856799164,0.731261703298431,-5.87222310173819,4.16333634234434e-17,1.77635683940025e-15,4.44089209850063e-16,1.66533453693773e-16,1.11022302462516e-16,3.5527136788005e-15,FALSE,FALSE
"Q9UQ16",0.0964208631076042,7.30226438455966,0.692968355988964,0.488702995358181,0.733054493037271,-5.81841824806084,0.0964208631076042,7.30226438455966,0.692968355988964,0.488702995358181,0.733054493037271,-5.81841824806084,2.77555756156289e-17,4.44089209850063e-15,4.44089209850063e-16,2.77555756156289e-16,1.11022302462516e-16,2.66453525910038e-15,FALSE,FALSE
"Q13177",-0.0855685486885118,7.05355052394308,-0.692062579285766,0.489237907469601,0.73309003062843,-5.83983300306505,-0.0855685486885118,7.05355052394308,-0.692062579285767,0.489237907469601,0.73309003062843,-5.83983300306505,2.77555756156289e-17,2.66453525910038e-15,5.55111512312578e-16,3.88578058618805e-16,2.22044604925031e-16,3.5527136788005e-15,FALSE,FALSE
"P05164",-0.0994563450668924,6.49315639944791,-0.690119523960673,0.490493424752433,0.734204145193099,-5.804639348182,-0.0994563450668924,6.49315639944791,-0.690119523960673,0.490493424752433,0.734204145193099,-5.804639348182,1.38777878078145e-17,3.5527136788005e-15,1.11022302462516e-16,5.55111512312578e-17,1.11022302462516e-16,8.88178419700125e-16,FALSE,FALSE
"O95498",-0.0809250248689546,7.71699451981414,-0.686502278869083,0.492762542560522,0.736831580846494,-5.80501957820666,-0.0809250248689546,7.71699451981414,-0.686502278869083,0.492762542560522,0.736831580846494,-5.80501957820666,1.38777878078145e-17,3.5527136788005e-15,2.22044604925031e-16,2.22044604925031e-16,4.44089209850063e-16,3.5527136788005e-15,FALSE,FALSE
"O15144",0.1046679723383,8.186134411709,0.68559874954401,0.493287392286988,0.736848042228688,-5.87386761311953,0.1046679723383,8.186134411709,0.68559874954401,0.493287392286988,0.736848042228688,-5.87386761311953,2.77555756156289e-16,0,3.33066907387547e-16,5.55111512312578e-17,3.33066907387547e-16,2.66453525910038e-15,FALSE,FALSE
"P40189",-0.0792950608379179,7.25429656041608,-0.683498539289296,0.494616537933541,0.738064636208842,-5.85905730033974,-0.0792950608379179,7.25429656041608,-0.683498539289296,0.494616537933541,0.738064636208842,-5.85905730033974,2.77555756156289e-17,1.77635683940025e-15,2.22044604925031e-16,1.11022302462516e-16,4.44089209850063e-16,8.88178419700125e-16,FALSE,FALSE
"Q06830",-0.0887068037414664,11.3367596012712,-0.680024233069862,0.496792567217412,0.739517349549831,-5.89760326272797,-0.0887068037414664,11.3367596012712,-0.680024233069862,0.496792567217412,0.739517349549831,-5.89760326272796,4.16333634234434e-17,5.32907051820075e-15,3.33066907387547e-16,2.77555756156289e-16,2.22044604925031e-16,5.32907051820075e-15,FALSE,FALSE
"P25311",-0.0824858693518742,9.7618582244991,-0.677122113621933,0.498630415193637,0.739517349549831,-5.8994808010912,-0.0824858693518742,9.7618582244991,-0.677122113621932,0.498630415193637,0.739517349549831,-5.8994808010912,1.38777878078145e-17,3.5527136788005e-15,5.55111512312578e-16,2.77555756156289e-16,2.22044604925031e-16,2.66453525910038e-15,FALSE,FALSE
"Q6X4W1",-0.130211217283746,10.9331176444031,-0.676630146806989,0.499000611658453,0.739517349549831,-5.83167788207053,-0.130211217283746,10.9331176444031,-0.676630146806989,0.499000611658453,0.739517349549831,-5.83167788207053,2.4980018054066e-16,4.61852778244065e-14,3.33066907387547e-16,0,2.22044604925031e-16,8.88178419700125e-16,FALSE,FALSE
"P55786",0.0819298946281721,6.74050016139399,0.676257152766575,0.499211746249141,0.739517349549831,-5.85060027403556,0.0819298946281721,6.74050016139399,0.676257152766575,0.499211746249141,0.739517349549831,-5.85060027403556,2.77555756156289e-17,8.88178419700125e-16,3.33066907387547e-16,4.44089209850063e-16,2.22044604925031e-16,5.32907051820075e-15,FALSE,FALSE
"Q9C0C9",-0.0998353772864604,8.5368587714068,-0.675766368912474,0.499491971075781,0.739517349549831,-5.89701552336936,-0.0998353772864604,8.5368587714068,-0.675766368912474,0.499491971075781,0.739517349549831,-5.89701552336936,1.38777878078145e-17,1.77635683940025e-15,1.11022302462516e-16,4.44089209850063e-16,2.22044604925031e-16,8.88178419700125e-16,FALSE,FALSE
"P48507",-0.0896785121698001,7.71264370863107,-0.675617116894396,0.499651564994468,0.739517349549831,-5.82064219131908,-0.0896785121698001,7.71264370863107,-0.675617116894396,0.499651564994468,0.739517349549831,-5.82064219131908,5.55111512312578e-17,8.88178419700125e-16,3.33066907387547e-16,1.66533453693773e-16,2.22044604925031e-16,1.77635683940025e-15,FALSE,FALSE
"P28074",0.0951893228161342,7.05004282176703,0.675551161962365,0.499693409893945,0.739517349549831,-5.77979709185545,0.0951893228161342,7.05004282176703,0.675551161962365,0.499693409893945,0.739517349549831,-5.77979709185545,4.16333634234434e-17,0,4.44089209850063e-16,3.88578058618805e-16,2.22044604925031e-16,8.88178419700125e-16,FALSE,FALSE
"P11940",-0.117689807490138,7.61099642323794,-0.675516032323188,0.499715698545178,0.739517349549831,-5.81540176741409,-0.117689807490138,7.61099642323794,-0.675516032323188,0.499715698545178,0.739517349549831,-5.81540176741409,2.4980018054066e-16,4.44089209850063e-15,1.11022302462516e-16,4.9960036108132e-16,2.22044604925031e-16,8.88178419700125e-16,FALSE,FALSE
"P47929",-0.112576017589364,8.1360520669455,-0.670200098288622,0.503082961319777,0.743174078598922,-5.79002263892583,-0.112576017589364,8.1360520669455,-0.670200098288622,0.503082961319777,0.743174078598923,-5.79002263892583,4.71844785465692e-16,0,1.11022302462516e-16,3.33066907387547e-16,9.99200722162641e-16,2.66453525910038e-15,FALSE,FALSE
"P26447",-0.0701953428578559,10.5362318613705,-0.669894563754273,0.503223173165658,0.743174078598922,-5.90412185824447,-0.0701953428578559,10.5362318613705,-0.669894563754273,0.503223173165658,0.743174078598923,-5.90412185824447,1.38777878078145e-17,1.4210854715202e-14,4.44089209850063e-16,4.44089209850063e-16,9.99200722162641e-16,1.77635683940025e-15,FALSE,FALSE
"P35612",-0.138525970608423,7.88962892276645,-0.668202248728036,0.504341401155651,0.744059227630868,-5.84220318199518,-0.138525970608423,7.88962892276645,-0.668202248728036,0.504341401155651,0.744059227630868,-5.84220318199518,4.71844785465692e-16,3.5527136788005e-15,4.44089209850063e-16,1.11022302462516e-16,1.11022302462516e-16,8.88178419700125e-16,FALSE,FALSE
"O43681",-0.111803902849882,7.46445632411487,-0.664946155653702,0.506435216614969,0.746380370632956,-5.80538710608138,-0.111803902849882,7.46445632411487,-0.664946155653702,0.506435216614969,0.746380370632956,-5.80538710608138,6.93889390390723e-17,2.66453525910038e-15,1.11022302462516e-16,4.44089209850063e-16,1.11022302462516e-16,8.88178419700125e-16,FALSE,FALSE
"Q9Y2V2",-0.0952055322892633,8.03937772624514,-0.663393623191436,0.507401271323666,0.747036368663386,-5.85607821508968,-0.0952055322892633,8.03937772624514,-0.663393623191436,0.507401271323666,0.747036368663386,-5.85607821508968,1.38777878078145e-17,3.5527136788005e-15,2.22044604925031e-16,4.44089209850063e-16,3.33066907387547e-16,4.44089209850063e-15,FALSE,FALSE
"P62195",-0.0941382381248088,7.24899209355074,-0.661162656579032,0.508825497837248,0.74836488604986,-5.87235619047371,-0.0941382381248088,7.24899209355074,-0.661162656579032,0.508825497837248,0.74836488604986,-5.87235619047371,1.38777878078145e-17,0,3.33066907387547e-16,2.22044604925031e-16,4.44089209850063e-16,3.5527136788005e-15,FALSE,FALSE
"O95236",0.121272176129089,9.04459205449546,0.654936395544613,0.512847407467229,0.752574443438899,-5.81652713418737,0.121272176129089,9.04459205449546,0.654936395544613,0.512847407467229,0.752574443438899,-5.81652713418737,3.60822483003176e-16,0,0,3.33066907387547e-16,4.44089209850063e-16,8.88178419700125e-16,FALSE,FALSE
"P04350",-0.081003097380524,9.3406841749838,-0.653387349299299,0.513821026081626,0.752574443438899,-5.86516692347822,-0.081003097380524,9.3406841749838,-0.653387349299299,0.513821026081626,0.752574443438899,-5.86516692347822,2.77555756156289e-17,1.77635683940025e-15,2.22044604925031e-16,0,4.44089209850063e-16,1.77635683940025e-15,FALSE,FALSE
"P62942",0.0732159439799513,7.93440616698103,0.652084820572141,0.514651845813063,0.752574443438899,-5.88446701331658,0.0732159439799513,7.93440616698103,0.652084820572141,0.514651845813063,0.752574443438899,-5.88446701331658,4.16333634234434e-17,4.44089209850063e-15,2.22044604925031e-16,2.22044604925031e-16,4.44089209850063e-16,3.5527136788005e-15,FALSE,FALSE
"P53396",0.110414595020078,7.43840067258746,0.651778323029426,0.514857714442582,0.752574443438899,-5.8799882639269,0.110414595020078,7.43840067258746,0.651778323029426,0.514857714442582,0.752574443438899,-5.8799882639269,1.11022302462516e-16,0,4.44089209850063e-16,3.33066907387547e-16,4.44089209850063e-16,4.44089209850063e-15,FALSE,FALSE
"Q00013",-0.0938439258504697,8.71954982252292,-0.651160098288344,0.515237241072064,0.752574443438899,-5.90714116421153,-0.0938439258504697,8.71954982252292,-0.651160098288344,0.515237241072064,0.752574443438899,-5.90714116421153,4.16333634234434e-17,3.5527136788005e-15,4.44089209850063e-16,4.44089209850063e-16,4.44089209850063e-16,4.44089209850063e-15,FALSE,FALSE
"P14735",-0.0806421031023268,6.57186604549176,-0.650206967474815,0.515891386263839,0.752574443438899,-5.83949057650192,-0.0806421031023268,6.57186604549176,-0.650206967474815,0.515891386263839,0.752574443438899,-5.83949057650192,2.77555756156289e-17,8.88178419700125e-16,0,0,4.44089209850063e-16,3.5527136788005e-15,FALSE,FALSE
"P19013",-0.0770485628792521,12.9792234996586,-0.649905328944626,0.516041707742529,0.752574443438899,-5.91629443295094,-0.0770485628792521,12.9792234996586,-0.649905328944626,0.516041707742529,0.752574443438899,-5.91629443295094,0,7.105427357601e-15,4.44089209850063e-16,3.33066907387547e-16,4.44089209850063e-16,8.88178419700125e-16,FALSE,FALSE
"P00488",0.0749484891167835,10.2655126239926,0.64953977147091,0.516277134852836,0.752574443438899,-5.91692520008759,0.0749484891167835,10.2655126239926,0.649539771470909,0.516277134852836,0.752574443438899,-5.91692520008759,2.77555756156289e-17,3.90798504668055e-14,5.55111512312578e-16,1.11022302462516e-16,4.44089209850063e-16,3.5527136788005e-15,FALSE,FALSE
"Q9H0U4",-0.0707214504728881,9.08255893679801,-0.648821498347973,0.516740974130144,0.752574443438899,-5.91736979678514,-0.0707214504728881,9.08255893679801,-0.648821498347973,0.516740974130144,0.752574443438899,-5.91736979678514,4.16333634234434e-17,0,1.11022302462516e-16,3.33066907387547e-16,4.44089209850063e-16,2.66453525910038e-15,FALSE,FALSE
"Q9NYU2",-0.0589027674753453,8.06153766167807,-0.648025522381506,0.517255798337849,0.752574443438899,-5.91731381947559,-0.0589027674753453,8.06153766167807,-0.648025522381506,0.517255798337849,0.752574443438899,-5.91731381947559,1.38777878078145e-17,0,4.44089209850063e-16,2.22044604925031e-16,4.44089209850063e-16,2.66453525910038e-15,FALSE,FALSE
"Q96DR8",-0.107660958387426,9.06052548010902,-0.64779116789487,0.51746053084432,0.752574443438899,-5.79003694504261,-0.107660958387426,9.06052548010902,-0.64779116789487,0.51746053084432,0.752574443438899,-5.79003694504261,4.85722573273506e-16,1.77635683940025e-15,0,0,4.44089209850063e-16,3.5527136788005e-15,FALSE,FALSE
"P54578",0.0909501066438345,8.16321289748288,0.640753838303388,0.521978795122616,0.758376486530731,-5.90575802733155,0.0909501066438345,8.16321289748288,0.640753838303388,0.521978795122616,0.758376486530731,-5.90575802733155,1.38777878078145e-17,3.5527136788005e-15,4.44089209850063e-16,2.22044604925031e-16,4.44089209850063e-16,4.44089209850063e-15,FALSE,FALSE
"P25705",-0.132353833921163,7.65840412746712,-0.638249079445802,0.523629447816151,0.760004684380932,-5.86982701283817,-0.132353833921163,7.65840412746712,-0.638249079445802,0.523629447816151,0.760004684380932,-5.86982701283817,3.88578058618805e-16,2.66453525910038e-15,4.44089209850063e-16,0,4.44089209850063e-16,3.5527136788005e-15,FALSE,FALSE
"P0DP23;P0DP24;P0DP25",-0.0603969451732169,9.90508370868013,-0.636985310064278,0.524416041703203,0.760376748030731,-5.92411661889947,-0.0603969451732169,9.90508370868013,-0.636985310064278,0.524416041703203,0.760376748030731,-5.92411661889947,2.08166817117217e-17,0,0,2.22044604925031e-16,1.11022302462516e-16,4.44089209850063e-15,FALSE,FALSE
"P18669",0.0844983456742785,7.67957005667091,0.634495336996077,0.526062697637943,0.761993846881627,-5.86832323570381,0.0844983456742785,7.67957005667091,0.634495336996077,0.526062697637943,0.761993846881627,-5.86832323570381,0,1.77635683940025e-15,2.22044604925031e-16,1.11022302462516e-16,3.33066907387547e-16,8.88178419700125e-16,FALSE,FALSE
"P17987",-0.0895418327762707,7.29588099044236,-0.63107492653923,0.528290922267392,0.764449225561493,-5.90087080905439,-0.0895418327762707,7.29588099044236,-0.63107492653923,0.528290922267392,0.764449225561493,-5.90087080905439,0,1.77635683940025e-15,1.11022302462516e-16,3.33066907387547e-16,2.22044604925031e-16,3.5527136788005e-15,FALSE,FALSE
"P69892",-0.122760491280923,10.4876884182868,-0.629504358001984,0.529311361478971,0.765153722137948,-5.91524939184096,-0.122760491280923,10.4876884182868,-0.629504358001984,0.529311361478971,0.765153722137948,-5.91524939184096,2.77555756156289e-17,5.32907051820075e-15,1.11022302462516e-16,2.22044604925031e-16,3.33066907387547e-16,1.77635683940025e-15,FALSE,FALSE
"O60476",-0.0558265132143605,7.90455290197019,-0.626441727577321,0.531305209865892,0.766487982814985,-5.92075372261924,-0.0558265132143605,7.90455290197019,-0.626441727577321,0.531305209865892,0.766487982814985,-5.92075372261924,6.93889390390723e-18,2.66453525910038e-15,4.44089209850063e-16,2.22044604925031e-16,3.33066907387547e-16,8.88178419700125e-16,FALSE,FALSE
"P09486",-0.0788691698382298,10.4959586609223,-0.62606164936719,0.531549955042075,0.766487982814985,-5.93120335645568,-0.0788691698382298,10.4959586609223,-0.626061649367189,0.531549955042075,0.766487982814985,-5.93120335645568,1.38777878078145e-17,2.30926389122033e-14,5.55111512312578e-16,2.22044604925031e-16,3.33066907387547e-16,8.88178419700125e-16,FALSE,FALSE
"P0DOX7",0.063288330349863,13.6163596429041,0.62562235415084,0.531837896025739,0.766487982814985,-5.93146551156508,0.063288330349863,13.6163596429041,0.62562235415084,0.531837896025739,0.766487982814985,-5.93146551156508,2.77555756156289e-17,3.90798504668055e-14,1.11022302462516e-16,4.44089209850063e-16,3.33066907387547e-16,3.5527136788005e-15,FALSE,FALSE
"Q86SQ4",-0.0453719618510213,7.91326394209216,-0.622892794880794,0.53362879078543,0.768296873480227,-5.9330902940569,-0.0453719618510213,7.91326394209216,-0.622892794880794,0.53362879078543,0.768296873480227,-5.93309029405689,2.77555756156289e-17,3.5527136788005e-15,2.22044604925031e-16,2.22044604925031e-16,2.22044604925031e-16,5.32907051820075e-15,FALSE,FALSE
"P61158",-0.0783070052876349,7.72470077544232,-0.62125803763402,0.534710406166506,0.768891268269375,-5.92011472063899,-0.0783070052876349,7.72470077544232,-0.62125803763402,0.534710406166506,0.768891268269375,-5.92011472063899,0,2.66453525910038e-15,2.22044604925031e-16,1.11022302462516e-16,4.44089209850063e-16,4.44089209850063e-15,FALSE,FALSE
"P30613",0.0650030098815328,10.1393056742847,0.620635061989487,0.535114006787194,0.768891268269375,-5.93144681855473,0.0650030098815328,10.1393056742847,0.620635061989487,0.535114006787194,0.768891268269375,-5.93144681855473,4.16333634234434e-17,3.37507799486048e-14,3.33066907387547e-16,2.22044604925031e-16,4.44089209850063e-16,3.5527136788005e-15,FALSE,FALSE
"O00161",-0.0953623196648552,7.30420776889931,-0.618750644429792,0.53643408744106,0.770016497888369,-5.80900783052321,-0.0953623196648552,7.30420776889931,-0.618750644429792,0.53643408744106,0.770016497888369,-5.80900783052321,0,8.88178419700125e-16,2.22044604925031e-16,1.11022302462516e-16,3.33066907387547e-16,3.5527136788005e-15,FALSE,FALSE
"O75531",-0.0822816886523157,7.23702989142694,-0.615817972355564,0.538328386979928,0.771227218014516,-5.86020883532404,-0.0822816886523157,7.23702989142694,-0.615817972355564,0.538328386979928,0.771227218014516,-5.86020883532404,2.77555756156289e-17,1.77635683940025e-15,3.33066907387547e-16,2.22044604925031e-16,2.22044604925031e-16,1.77635683940025e-15,FALSE,FALSE
"Q99460",0.0925565532769692,7.44070286430006,0.615790173064655,0.538353169618222,0.771227218014516,-5.86292475128678,0.0925565532769692,7.44070286430006,0.615790173064655,0.538353169618222,0.771227218014516,-5.86292475128678,1.38777878078145e-17,8.88178419700125e-16,3.33066907387547e-16,0,2.22044604925031e-16,2.66453525910038e-15,FALSE,FALSE
"Q14644",0.0904849105493737,6.77190884778427,0.614083679379462,0.539474127447204,0.77188872863831,-5.87236199744447,0.0904849105493737,6.77190884778427,0.614083679379462,0.539474127447204,0.77188872863831,-5.87236199744447,1.38777878078145e-17,0,3.33066907387547e-16,1.11022302462516e-16,4.44089209850063e-16,3.5527136788005e-15,FALSE,FALSE
"P07437",-0.0756389495488818,10.2259459559853,-0.613384642827268,0.539891488719822,0.77188872863831,-5.93818515830953,-0.0756389495488818,10.2259459559853,-0.613384642827268,0.539891488719822,0.77188872863831,-5.93818515830953,4.16333634234434e-17,1.4210854715202e-14,4.44089209850063e-16,1.11022302462516e-16,4.44089209850063e-16,3.5527136788005e-15,FALSE,FALSE
"Q07960",0.0727063096359792,7.91996207824323,0.610289772835057,0.541942469442759,0.774049303965057,-5.93129112460995,0.0727063096359792,7.91996207824323,0.610289772835057,0.541942469442759,0.774049303965057,-5.93129112460995,4.16333634234434e-17,4.44089209850063e-15,4.44089209850063e-16,3.33066907387547e-16,2.22044604925031e-16,3.5527136788005e-15,FALSE,FALSE
"P46459",0.0945725660333174,7.17099264976762,0.605471466654076,0.545152784652294,0.777859794220288,-5.90343976205369,0.0945725660333174,7.17099264976762,0.605471466654076,0.545152784652294,0.777859794220288,-5.90343976205369,2.77555756156289e-17,2.66453525910038e-15,3.33066907387547e-16,1.11022302462516e-16,4.44089209850063e-16,3.5527136788005e-15,FALSE,FALSE
"Q96QR1",-0.0673710940871448,10.4275843966354,-0.603417302682147,0.546509992651268,0.778712753772598,-5.91666289905861,-0.0673710940871448,10.4275843966354,-0.603417302682147,0.546509992651268,0.778712753772598,-5.91666289905861,1.38777878078145e-17,3.73034936274053e-14,1.11022302462516e-16,2.22044604925031e-16,3.33066907387547e-16,4.44089209850063e-15,FALSE,FALSE
"O75558",-0.103467009941462,6.54892422958396,-0.603018703084524,0.546836640898889,0.778712753772598,-5.84714242301902,-0.103467009941462,6.54892422958396,-0.603018703084524,0.546836640898889,0.778712753772598,-5.84714242301902,6.93889390390723e-17,1.77635683940025e-15,4.44089209850063e-16,2.22044604925031e-16,3.33066907387547e-16,1.77635683940025e-15,FALSE,FALSE
"O43852",-0.0715932538455437,11.7898510912097,-0.600835155473007,0.548212292241476,0.779897249081624,-5.94595992588926,-0.0715932538455437,11.7898510912097,-0.600835155473007,0.548212292241476,0.779897249081624,-5.94595992588926,1.38777878078145e-17,8.88178419700125e-15,1.11022302462516e-16,4.44089209850063e-16,2.22044604925031e-16,4.44089209850063e-15,FALSE,FALSE
"O43491",-0.0736409465976653,7.3273107517035,-0.597651728386165,0.550366699870202,0.781481281033277,-5.8927584199468,-0.0736409465976653,7.3273107517035,-0.597651728386165,0.550366699870202,0.781481281033277,-5.8927584199468,1.38777878078145e-17,8.88178419700125e-16,3.33066907387547e-16,3.33066907387547e-16,4.44089209850063e-16,8.88178419700125e-16,FALSE,FALSE
"P52209",0.0838002063152867,8.29404794871757,0.597538127374679,0.55041568608341,0.781481281033277,-5.93117280416221,0.0838002063152867,8.29404794871757,0.597538127374679,0.55041568608341,0.781481281033277,-5.93117280416221,2.77555756156289e-17,5.32907051820075e-15,3.33066907387547e-16,2.22044604925031e-16,4.44089209850063e-16,2.66453525910038e-15,FALSE,FALSE
"Q9NPH3",-0.0719572668318733,8.44718366395668,-0.59141949188637,0.554504235301328,0.785416375010301,-5.93302385526133,-0.0719572668318733,8.44718366395668,-0.59141949188637,0.554504235301328,0.785416375010301,-5.93302385526133,1.38777878078145e-17,0,2.22044604925031e-16,4.44089209850063e-16,1.11022302462516e-16,4.44089209850063e-15,FALSE,FALSE
"O00410",-0.0824614269421362,6.20982297636754,-0.591103254284513,0.554770284672495,0.785416375010301,-5.85292997261039,-0.0824614269421362,6.20982297636754,-0.591103254284513,0.554770284672495,0.785416375010301,-5.85292997261039,0,1.77635683940025e-15,3.33066907387547e-16,1.11022302462516e-16,1.11022302462516e-16,4.44089209850063e-15,FALSE,FALSE
"P61020",-0.0641904456848907,7.14228459781321,-0.590960820589913,0.554830396014948,0.785416375010301,-5.90282346202192,-0.0641904456848907,7.14228459781321,-0.590960820589913,0.554830396014948,0.785416375010301,-5.90282346202192,4.16333634234434e-17,3.5527136788005e-15,4.44089209850063e-16,3.33066907387547e-16,1.11022302462516e-16,3.5527136788005e-15,FALSE,FALSE
"P37840",-0.097762907414058,9.39023301811042,-0.587856016820539,0.556885326413741,0.786888165060558,-5.95280592325648,-0.097762907414058,9.39023301811042,-0.587856016820539,0.556885326413741,0.786888165060558,-5.95280592325648,1.38777878078145e-17,1.77635683940025e-15,3.33066907387547e-16,1.11022302462516e-16,1.11022302462516e-16,8.88178419700125e-16,FALSE,FALSE
"P35749",0.117041569299843,9.52261335525981,0.58785764234246,0.556967564530311,0.786888165060558,-5.83626374454467,0.117041569299843,9.52261335525981,0.58785764234246,0.556967564530311,0.786888165060558,-5.83626374454467,2.22044604925031e-16,3.5527136788005e-15,3.33066907387547e-16,1.11022302462516e-16,1.11022302462516e-16,1.77635683940025e-15,FALSE,FALSE
"P16401",0.0920151377566309,9.24382771811394,0.585747349127728,0.558303615431247,0.787429930528664,-5.95269416199595,0.0920151377566309,9.24382771811394,0.585747349127728,0.558303615431247,0.787429930528664,-5.95269416199595,5.55111512312578e-17,3.5527136788005e-15,3.33066907387547e-16,1.11022302462516e-16,4.44089209850063e-16,2.66453525910038e-15,FALSE,FALSE
"Q01082",-0.127291186811251,8.15928146362381,-0.585227196865554,0.558663492147705,0.787429930528664,-5.92855304940591,-0.127291186811251,8.15928146362381,-0.585227196865554,0.558663492147705,0.787429930528664,-5.92855304940591,4.9960036108132e-16,1.77635683940025e-15,4.44089209850063e-16,1.11022302462516e-16,4.44089209850063e-16,8.88178419700125e-16,FALSE,FALSE
"O95744",-0.101888720098081,10.5962809379502,-0.583989171107378,0.559529891206383,0.787429930528664,-5.8715935010191,-0.101888720098081,10.5962809379502,-0.583989171107378,0.559529891206383,0.787429930528664,-5.8715935010191,3.60822483003176e-16,5.32907051820075e-15,2.22044604925031e-16,4.44089209850063e-16,4.44089209850063e-16,8.88178419700125e-16,FALSE,FALSE
"O75367",0.12093163625029,8.04775433390786,0.583712464041435,0.559729680514204,0.787429930528664,-5.84498765049779,0.12093163625029,8.04775433390786,0.583712464041435,0.559729680514204,0.787429930528664,-5.84498765049779,3.46944695195361e-16,5.32907051820075e-15,2.22044604925031e-16,0,4.44089209850063e-16,3.5527136788005e-15,FALSE,FALSE
"P06703",-0.0656856710146734,9.97961459786878,-0.582441397722119,0.560524017942145,0.787429930528664,-5.95476465150305,-0.0656856710146734,9.97961459786878,-0.582441397722119,0.560524017942145,0.787429930528664,-5.95476465150305,2.77555756156289e-17,3.5527136788005e-15,1.11022302462516e-16,3.33066907387547e-16,4.44089209850063e-16,1.77635683940025e-15,FALSE,FALSE
"Q9H4B7",0.108826425521759,9.61681593635641,0.582163430270629,0.560711075570569,0.787429930528664,-5.95528318812207,0.108826425521759,9.61681593635641,0.582163430270629,0.560711075570569,0.787429930528664,-5.95528318812207,1.94289029309402e-16,1.77635683940025e-15,2.22044604925031e-16,3.33066907387547e-16,4.44089209850063e-16,0,FALSE,FALSE
"P40926",0.0841000923521706,7.49357944528041,0.581500168549605,0.561194831938838,0.787429930528664,-5.89356298600447,0.0841000923521706,7.49357944528041,0.581500168549605,0.561194831938838,0.787429930528664,-5.89356298600447,4.16333634234434e-17,4.44089209850063e-15,0,2.22044604925031e-16,4.44089209850063e-16,3.5527136788005e-15,FALSE,FALSE
"P55010",-0.0881469360060105,7.92805363114097,-0.578265180553422,0.563386009010918,0.789731707645803,-5.87239460965148,-0.0881469360060105,7.92805363114097,-0.578265180553422,0.563386009010918,0.789731707645803,-5.87239460965148,2.77555756156289e-17,8.88178419700125e-16,4.44089209850063e-16,2.22044604925031e-16,4.44089209850063e-16,0,FALSE,FALSE
"P30153",-0.0687060282511371,7.7896444349277,-0.575564369658118,0.565166761987659,0.791300189979169,-5.94546914792318,-0.0687060282511371,7.7896444349277,-0.575564369658118,0.565166761987659,0.791300189979169,-5.94546914792318,4.16333634234434e-17,8.88178419700125e-16,0,4.44089209850063e-16,2.22044604925031e-16,8.88178419700125e-16,FALSE,FALSE
"O00151",0.103674750210168,9.42881383333041,0.573569194413788,0.566522198594534,0.791300189979169,-5.93829871912828,0.103674750210168,9.42881383333041,0.573569194413788,0.566522198594534,0.791300189979169,-5.93829871912828,4.16333634234434e-16,1.77635683940025e-15,1.11022302462516e-16,2.22044604925031e-16,2.22044604925031e-16,1.77635683940025e-15,FALSE,FALSE
"P52565",0.0569185979129205,7.87582076481497,0.57318955206146,0.566776341871152,0.791300189979169,-5.93956480462311,0.0569185979129205,7.87582076481497,0.57318955206146,0.566776341871152,0.791300189979169,-5.93956480462311,3.46944695195361e-17,8.88178419700125e-16,2.22044604925031e-16,2.22044604925031e-16,2.22044604925031e-16,1.77635683940025e-15,FALSE,FALSE
"O15117",-0.0967540852137247,6.78928149764094,-0.572926168149862,0.56699167226002,0.791300189979169,-5.86315795276948,-0.0967540852137247,6.78928149764094,-0.572926168149862,0.56699167226002,0.791300189979169,-5.86315795276948,5.55111512312578e-17,1.77635683940025e-15,4.44089209850063e-16,2.22044604925031e-16,2.22044604925031e-16,4.44089209850063e-15,FALSE,FALSE
"P26641",-0.089043430385658,7.35215954676175,-0.572481603453731,0.56726401345787,0.791300189979169,-5.92401726920138,-0.089043430385658,7.35215954676175,-0.572481603453731,0.56726401345787,0.791300189979169,-5.92401726920138,1.38777878078145e-17,4.44089209850063e-15,3.33066907387547e-16,2.22044604925031e-16,2.22044604925031e-16,2.66453525910038e-15,FALSE,FALSE
"P13796",0.0531471538093626,10.4338015386787,0.567081189325085,0.570904396585222,0.794345661491883,-5.96475689684282,0.0531471538093626,10.4338015386787,0.567081189325084,0.570904396585223,0.794345661491883,-5.96475689684282,3.46944695195361e-17,3.19744231092045e-14,5.55111512312578e-16,5.55111512312578e-16,1.11022302462516e-16,3.5527136788005e-15,FALSE,FALSE
"O60610",-0.0906478613041344,7.52951399127403,-0.566949680690491,0.571020423761812,0.794345661491883,-5.92956295693789,-0.0906478613041344,7.52951399127403,-0.566949680690491,0.571020423761812,0.794345661491883,-5.92956295693789,1.38777878078145e-17,3.5527136788005e-15,3.33066907387547e-16,3.33066907387547e-16,1.11022302462516e-16,5.32907051820075e-15,FALSE,FALSE
"P01701",0.099740833348875,12.7768259675304,0.566781855220029,0.571109049510552,0.794345661491883,-5.96278222316603,0.099740833348875,12.7768259675304,0.566781855220029,0.571109049510552,0.794345661491883,-5.96278222316603,4.16333634234434e-17,4.44089209850063e-14,3.33066907387547e-16,2.22044604925031e-16,1.11022302462516e-16,2.66453525910038e-15,FALSE,FALSE
"P60709",0.0805035080329777,14.174590185557,0.56584780770352,0.571741996706466,0.794455448911892,-5.96542319618188,0.0805035080329777,14.174590185557,0.56584780770352,0.571741996706466,0.794455448911892,-5.96542319618187,2.77555756156289e-17,4.79616346638068e-14,0,0,3.33066907387547e-16,5.32907051820075e-15,FALSE,FALSE
"Q6IAA8",-0.064239593927705,7.16999721651782,-0.559846850739669,0.575860876350686,0.79863765302542,-5.90068310153993,-0.064239593927705,7.16999721651782,-0.559846850739669,0.575860876350686,0.79863765302542,-5.90068310153993,4.16333634234434e-17,8.88178419700125e-16,2.22044604925031e-16,2.22044604925031e-16,2.22044604925031e-16,4.44089209850063e-15,FALSE,FALSE
"P14780",-0.0746865854139127,8.19688136185422,-0.559790223635573,0.575865643813308,0.79863765302542,-5.96785939902266,-0.0746865854139127,8.19688136185422,-0.559790223635573,0.575865643813308,0.79863765302542,-5.96785939902266,1.38777878078145e-17,3.5527136788005e-15,2.22044604925031e-16,3.33066907387547e-16,2.22044604925031e-16,2.66453525910038e-15,FALSE,FALSE
"O75144",-0.0601890440600421,8.10358333554145,-0.556785887798229,0.577924057386872,0.799703819682387,-5.93739723996837,-0.0601890440600421,8.10358333554145,-0.556785887798229,0.577924057386872,0.799703819682387,-5.93739723996837,6.93889390390723e-18,5.32907051820075e-15,4.44089209850063e-16,1.11022302462516e-16,1.11022302462516e-16,3.5527136788005e-15,FALSE,FALSE
"P68431",-0.0683498622067269,10.8600713555101,-0.556308505275051,0.578239930897128,0.799703819682387,-5.97052759379679,-0.0683498622067269,10.8600713555101,-0.556308505275051,0.578239930897128,0.799703819682387,-5.97052759379679,0,3.5527136788005e-14,3.33066907387547e-16,2.22044604925031e-16,1.11022302462516e-16,3.5527136788005e-15,FALSE,FALSE
"P02750",0.127419400851561,9.85234448009057,0.556115806499945,0.578371550600846,0.799703819682387,-5.97062981211582,0.127419400851561,9.85234448009057,0.556115806499945,0.578371550600846,0.799703819682387,-5.97062981211582,4.44089209850063e-16,1.77635683940025e-15,0,1.11022302462516e-16,1.11022302462516e-16,2.66453525910038e-15,FALSE,FALSE
"P06312",-0.0852358643846092,12.0200099772002,-0.554338388379004,0.579586252123337,0.799703819682387,-5.97157098741531,-0.0852358643846092,12.0200099772002,-0.554338388379004,0.579586252123337,0.799703819682387,-5.97157098741531,2.77555756156289e-17,1.95399252334028e-14,3.33066907387547e-16,0,1.11022302462516e-16,8.88178419700125e-16,FALSE,FALSE
"P35542",-0.04178521600811,14.933962285977,-0.554219639382347,0.579667448880244,0.799703819682387,-5.97163375993646,-0.04178521600811,14.933962285977,-0.554219639382347,0.579667448880244,0.799703819682387,-5.97163375993646,2.77555756156289e-17,1.4210854715202e-14,0,4.44089209850063e-16,1.11022302462516e-16,3.5527136788005e-15,FALSE,FALSE
"P68371",-0.0707858126324012,10.4026087253665,-0.55376194599161,0.579980454999779,0.799703819682387,-5.97187557795312,-0.0707858126324012,10.4026087253665,-0.55376194599161,0.579980454999779,0.799703819682387,-5.97187557795312,4.16333634234434e-17,1.59872115546023e-14,2.22044604925031e-16,3.33066907387547e-16,1.11022302462516e-16,2.66453525910038e-15,FALSE,FALSE
"P34932",-0.0631866891512871,7.10778220904259,-0.551901078666868,0.581272669989568,0.800715666440961,-5.93288015909415,-0.0631866891512871,7.10778220904259,-0.551901078666868,0.581272669989568,0.800715666440961,-5.93288015909415,1.38777878078145e-17,0,3.33066907387547e-16,3.33066907387547e-16,4.44089209850063e-16,3.5527136788005e-15,FALSE,FALSE
"P25787",0.0692583100994915,7.30782554511457,0.548313217025398,0.583745423860128,0.803350228229773,-5.90982216426333,0.0692583100994915,7.30782554511457,0.548313217025398,0.583745423860128,0.803350228229773,-5.90982216426333,4.16333634234434e-17,0,2.22044604925031e-16,1.11022302462516e-16,1.11022302462516e-16,3.5527136788005e-15,FALSE,FALSE
"P06331",-0.0846069511528462,11.5980292995244,-0.547248064877848,0.584444651252542,0.803541351770033,-5.97139465344162,-0.0846069511528462,11.5980292995244,-0.547248064877848,0.584444651252542,0.803541351770033,-5.97139465344162,2.77555756156289e-17,1.06581410364015e-14,0,4.44089209850063e-16,1.11022302462516e-16,1.77635683940025e-15,FALSE,FALSE
"P55160",-0.0727653710823377,6.81640458209073,-0.543053819621951,0.587371799661847,0.806642627556082,-5.8969103116667,-0.0727653710823377,6.81640458209073,-0.543053819621951,0.587371799661847,0.806642627556082,-5.8969103116667,1.38777878078145e-17,8.88178419700125e-16,1.11022302462516e-16,2.22044604925031e-16,1.11022302462516e-16,2.66453525910038e-15,FALSE,FALSE
"A0A0B4J1V0",-0.0832846633631501,10.0108307030314,-0.541610335812005,0.588326981410105,0.806642627556082,-5.95597184498378,-0.0832846633631501,10.0108307030314,-0.541610335812005,0.588326981410105,0.806642627556082,-5.95597184498378,0,8.88178419700125e-15,1.11022302462516e-16,3.33066907387547e-16,1.11022302462516e-16,4.44089209850063e-15,FALSE,FALSE
"Q13822",0.0739881629227215,7.4267153431575,0.540886523782414,0.588869446349182,0.806642627556082,-5.87322860934269,0.0739881629227215,7.4267153431575,0.540886523782414,0.588869446349182,0.806642627556082,-5.87322860934269,2.77555756156289e-17,0,3.33066907387547e-16,3.33066907387547e-16,1.11022302462516e-16,2.66453525910038e-15,FALSE,FALSE
"P48426",0.074473119730051,7.41857740103592,0.54072489208351,0.588950370328604,0.806642627556082,-5.94248941891582,0.074473119730051,7.41857740103592,0.54072489208351,0.588950370328604,0.806642627556082,-5.94248941891582,0,3.5527136788005e-15,3.33066907387547e-16,1.11022302462516e-16,1.11022302462516e-16,2.66453525910038e-15,FALSE,FALSE
"Q07020",-0.0859352958864132,7.37113341741622,-0.539341098165562,0.589961198872862,0.806818444143865,-5.84428556287752,-0.0859352958864132,7.37113341741622,-0.539341098165562,0.589961198872862,0.806818444143865,-5.84428556287752,4.16333634234434e-17,4.44089209850063e-15,4.44089209850063e-16,3.33066907387547e-16,1.11022302462516e-16,4.44089209850063e-15,FALSE,FALSE
"P30043",-0.0830427434726175,9.76574747147828,-0.538875502880073,0.590204008303287,0.806818444143865,-5.97963190026615,-0.0830427434726175,9.76574747147828,-0.538875502880073,0.590204008303288,0.806818444143865,-5.97963190026615,2.77555756156289e-17,3.5527136788005e-15,1.11022302462516e-16,5.55111512312578e-16,1.11022302462516e-16,2.66453525910038e-15,FALSE,FALSE
"P31949",-0.0551985055473985,7.98522564290419,-0.536264604235441,0.592012485337492,0.808519908546632,-5.9639852288725,-0.0551985055473985,7.98522564290419,-0.536264604235441,0.592012485337492,0.808519908546632,-5.9639852288725,3.46944695195361e-17,8.88178419700125e-16,4.44089209850063e-16,4.44089209850063e-16,4.44089209850063e-16,4.44089209850063e-15,FALSE,FALSE
"Q9BTT0",-0.0637854062447136,7.30336633838726,-0.533245993985996,0.594128574433609,0.810040987189402,-5.90502059657945,-0.0637854062447136,7.30336633838726,-0.533245993985996,0.594128574433609,0.810040987189402,-5.90502059657945,2.77555756156289e-17,8.88178419700125e-16,2.22044604925031e-16,1.11022302462516e-16,3.33066907387547e-16,1.77635683940025e-15,FALSE,FALSE
"P15169",-0.0755405610003628,11.7112089566281,-0.533008525846889,0.59425601012779,0.810040987189402,-5.98263079278047,-0.0755405610003628,11.7112089566281,-0.533008525846889,0.59425601012779,0.810040987189402,-5.98263079278047,2.77555756156289e-17,1.24344978758018e-14,2.22044604925031e-16,3.33066907387547e-16,3.33066907387547e-16,3.5527136788005e-15,FALSE,FALSE
"Q14766",-0.0776624801981249,12.3736337899634,-0.530379411468057,0.596075925854439,0.811434908061798,-5.98396401918025,-0.0776624801981249,12.3736337899634,-0.530379411468057,0.596075925854439,0.811434908061798,-5.98396401918025,4.16333634234434e-17,3.37507799486048e-14,1.11022302462516e-16,4.44089209850063e-16,2.22044604925031e-16,2.66453525910038e-15,FALSE,FALSE
"P62805",-0.0660123293508619,12.673943238704,-0.529896739253715,0.596410315967319,0.811434908061798,-5.98420806728332,-0.0660123293508619,12.673943238704,-0.529896739253714,0.596410315967319,0.811434908061798,-5.98420806728332,2.77555756156289e-17,2.48689957516035e-14,5.55111512312578e-16,1.11022302462516e-16,2.22044604925031e-16,2.66453525910038e-15,FALSE,FALSE
"P62333",-0.0677715385174436,7.97530198225185,-0.528040424018446,0.597734730652867,0.812321958547183,-5.91490476959891,-0.0677715385174436,7.97530198225185,-0.528040424018446,0.597734730652867,0.812321958547183,-5.91490476959891,4.16333634234434e-17,5.32907051820075e-15,4.44089209850063e-16,1.11022302462516e-16,0,3.5527136788005e-15,FALSE,FALSE
"P08519",-0.073025159280574,16.033889218948,-0.527322379849461,0.598195249808804,0.812321958547183,-5.98550596285061,-0.073025159280574,16.033889218948,-0.527322379849461,0.598195249808804,0.812321958547183,-5.98550596285061,4.16333634234434e-17,0,2.22044604925031e-16,2.22044604925031e-16,0,2.66453525910038e-15,FALSE,FALSE
"A0A0B4J1X5",-0.0970245760358992,12.4634443026714,-0.524160748913177,0.600392430301157,0.814534290493717,-5.98247964430795,-0.0970245760358992,12.4634443026714,-0.524160748913177,0.600392430301157,0.814534290493717,-5.98247964430795,0,4.44089209850063e-14,3.33066907387547e-16,0,3.33066907387547e-16,2.66453525910038e-15,FALSE,FALSE
"P68036",-0.0685148599352852,7.55258159740409,-0.522011301795862,0.601933403600931,0.815853025296536,-5.88099013093782,-0.0685148599352852,7.55258159740409,-0.522011301795862,0.601933403600931,0.815853025296536,-5.88099013093782,2.77555756156289e-17,2.66453525910038e-15,3.33066907387547e-16,2.22044604925031e-16,4.44089209850063e-16,2.66453525910038e-15,FALSE,FALSE
"P07996",0.0631405367093905,16.5819902692783,0.518475697559604,0.604347558926735,0.818351652031103,-5.98991799919866,0.0631405367093905,16.5819902692783,0.518475697559604,0.604347558926735,0.818351652031103,-5.98991799919866,4.16333634234434e-17,2.48689957516035e-14,2.22044604925031e-16,2.22044604925031e-16,1.11022302462516e-16,3.5527136788005e-15,FALSE,FALSE
"P26927",-0.0872604361687337,8.45385196556875,-0.515907356493699,0.606144205706098,0.819545769446536,-5.97826560783816,-0.0872604361687337,8.45385196556875,-0.515907356493699,0.606144205706099,0.819545769446536,-5.97826560783816,1.38777878078145e-17,0,2.22044604925031e-16,5.55111512312578e-16,1.11022302462516e-16,0,FALSE,FALSE
"Q9NP72",-0.0690693579789103,6.85917119828735,-0.515683702052683,0.606372427742521,0.819545769446536,-5.85364741442831,-0.0690693579789103,6.85917119828735,-0.515683702052684,0.606372427742521,0.819545769446536,-5.85364741442831,4.16333634234434e-17,8.88178419700125e-16,5.55111512312578e-16,3.33066907387547e-16,1.11022302462516e-16,2.66453525910038e-15,FALSE,FALSE
"P55060",0.0628824143890316,12.5386728009525,0.512369244578831,0.608610755643258,0.821036837756481,-5.99291992524879,0.0628824143890316,12.5386728009525,0.512369244578831,0.608610755643258,0.821036837756481,-5.99291992524879,4.16333634234434e-17,2.66453525910038e-14,0,4.44089209850063e-16,0,2.66453525910038e-15,FALSE,FALSE
"Q13093",0.0715068016088178,7.44067465193673,0.512437953038956,0.608620752116555,0.821036837756481,-5.8838996552947,0.0715068016088178,7.44067465193673,0.512437953038956,0.608620752116555,0.821036837756481,-5.8838996552947,4.16333634234434e-17,0,3.33066907387547e-16,4.44089209850063e-16,0,3.5527136788005e-15,FALSE,FALSE
"P16284",-0.0438212002016094,9.20274295933561,-0.510063183391351,0.610224629006711,0.822426802627466,-5.99353209479905,-0.0438212002016094,9.20274295933561,-0.510063183391351,0.610224629006711,0.822426802627466,-5.99353209479905,0,1.77635683940025e-15,3.33066907387547e-16,0,2.22044604925031e-16,1.77635683940025e-15,FALSE,FALSE
"P68363",0.0695987175352002,10.5568844341365,0.509170596160985,0.610849226492978,0.822495578207446,-5.99447819857274,0.0695987175352002,10.5568844341365,0.509170596160985,0.610849226492978,0.822495578207446,-5.99447819857274,0,2.30926389122033e-14,1.11022302462516e-16,4.44089209850063e-16,1.11022302462516e-16,1.77635683940025e-15,FALSE,FALSE
"P40925",-0.11931147657554,9.4143977359838,-0.507237234058723,0.61221676869521,0.823563645693181,-5.96794372267588,-0.11931147657554,9.4143977359838,-0.507237234058724,0.61221676869521,0.823563645693181,-5.96794372267588,3.60822483003176e-16,0,5.55111512312578e-16,0,2.22044604925031e-16,1.77635683940025e-15,FALSE,FALSE
"P49721",0.0645457035012322,7.08669169987332,0.505466134832848,0.61349315210492,0.82450719786172,-5.89546767761163,0.0645457035012322,7.08669169987332,0.505466134832848,0.61349315210492,0.82450719786172,-5.89546767761163,2.77555756156289e-17,4.44089209850063e-15,3.33066907387547e-16,3.33066907387547e-16,4.44089209850063e-16,8.88178419700125e-16,FALSE,FALSE
"O15511",-0.0673846737979638,8.30628126223007,-0.502995137342408,0.615191603468866,0.825274581586702,-5.97694092170022,-0.0673846737979638,8.30628126223007,-0.502995137342408,0.615191603468866,0.825274581586702,-5.97694092170022,4.16333634234434e-17,5.32907051820075e-15,0,2.22044604925031e-16,3.33066907387547e-16,1.77635683940025e-15,FALSE,FALSE
"P05543",0.0486126110001752,9.61578474060375,0.502946876407966,0.615215151824396,0.825274581586702,-5.99748224724826,0.0486126110001752,9.61578474060375,0.502946876407966,0.615215151824397,0.825274581586702,-5.99748224724826,2.08166817117217e-17,5.32907051820075e-15,1.11022302462516e-16,6.66133814775094e-16,3.33066907387547e-16,3.5527136788005e-15,FALSE,FALSE
"P28072",0.0521039612558596,7.45889430859989,0.50152759037137,0.616230967381506,0.825864679649607,-5.94808842444433,0.0521039612558596,7.45889430859989,0.50152759037137,0.616230967381506,0.825864679649607,-5.94808842444433,1.38777878078145e-17,4.44089209850063e-15,3.33066907387547e-16,4.44089209850063e-16,4.44089209850063e-16,4.44089209850063e-15,FALSE,FALSE
"Q8IYI6",0.0570317658311978,8.77637543573808,0.496315310651454,0.619912386842643,0.830022747649253,-5.92117486529824,0.0570317658311978,8.77637543573808,0.496315310651454,0.619912386842643,0.830022747649253,-5.92117486529824,4.16333634234434e-17,3.5527136788005e-15,2.22044604925031e-16,2.22044604925031e-16,2.22044604925031e-16,8.88178419700125e-16,FALSE,FALSE
"Q16401",-0.0642728023589783,6.83479155289181,-0.49506375845865,0.620793265397118,0.830426812107712,-5.92469005536141,-0.0642728023589783,6.83479155289181,-0.49506375845865,0.620793265397118,0.830426812107712,-5.92469005536141,4.16333634234434e-17,4.44089209850063e-15,3.88578058618805e-16,2.22044604925031e-16,3.33066907387547e-16,4.44089209850063e-15,FALSE,FALSE
"P02655",-0.0376308458367483,16.9610412985901,-0.490240449687798,0.624171104122815,0.834167160589112,-6.00350075624852,-0.0376308458367483,16.9610412985901,-0.490240449687798,0.624171104122815,0.834167160589112,-6.00350075624852,4.85722573273506e-17,3.5527136788005e-14,1.66533453693773e-16,3.33066907387547e-16,1.11022302462516e-16,4.44089209850063e-15,FALSE,FALSE
"Q13228",0.0753894952732423,7.9599001279453,0.488936537570282,0.625099916877641,0.83463061527238,-5.98689262317621,0.0753894952732423,7.9599001279453,0.488936537570282,0.625099916877641,0.83463061527238,-5.98689262317621,4.16333634234434e-17,1.77635683940025e-15,2.77555756156289e-16,4.44089209850063e-16,4.44089209850063e-16,2.66453525910038e-15,FALSE,FALSE
"P18577",-0.0789655377084717,9.71054162221855,-0.487793636343134,0.625908737580482,0.834705576769813,-5.98555494113982,-0.0789655377084717,9.71054162221855,-0.487793636343134,0.625908737580482,0.834705576769813,-5.98555494113982,0,3.5527136788005e-15,4.9960036108132e-16,4.44089209850063e-16,2.22044604925031e-16,3.5527136788005e-15,FALSE,FALSE
"P35858",-0.0402501881094341,12.4726178298046,-0.487178830953649,0.626337465024143,0.834705576769813,-6.0049279178841,-0.0402501881094341,12.4726178298046,-0.487178830953649,0.626337465024143,0.834705576769813,-6.0049279178841,4.85722573273506e-17,1.06581410364015e-14,4.9960036108132e-16,0,2.22044604925031e-16,0,FALSE,FALSE
"O00487",0.0786965816188134,8.01039292476217,0.486425825984781,0.626902305565613,0.834705576769813,-5.92292635533872,0.0786965816188134,8.01039292476217,0.486425825984781,0.626902305565613,0.834705576769813,-5.92292635533872,2.77555756156289e-17,1.77635683940025e-15,3.88578058618805e-16,1.11022302462516e-16,2.22044604925031e-16,0,FALSE,FALSE
"P31948",0.0702875829958316,8.38158587049783,0.482780529386654,0.629458500082829,0.837331622559162,-5.99801156830747,0.0702875829958316,8.38158587049783,0.482780529386654,0.629458500082829,0.837331622559162,-5.99801156830747,0,3.5527136788005e-15,1.66533453693773e-16,2.22044604925031e-16,3.33066907387547e-16,2.66453525910038e-15,FALSE,FALSE
"Q15365",0.0602190625818455,7.87666505052746,0.477365858846585,0.633316404757507,0.841682784450662,-5.97254098600985,0.0602190625818455,7.87666505052746,0.477365858846585,0.633316404757507,0.841682784450662,-5.97254098600985,6.93889390390723e-18,8.88178419700125e-16,2.22044604925031e-16,1.11022302462516e-16,4.44089209850063e-16,3.5527136788005e-15,FALSE,FALSE
"P04211",-0.0695425585016949,11.7793256600343,-0.475425490315168,0.634685079777824,0.842720744816111,-6.00842970625836,-0.0695425585016949,11.7793256600343,-0.475425490315168,0.634685079777824,0.842720744816111,-6.00842970625836,1.38777878078145e-17,1.95399252334028e-14,5.55111512312578e-17,1.11022302462516e-16,2.22044604925031e-16,8.88178419700125e-16,FALSE,FALSE
"P17931",0.0512523161654013,6.55829085477536,0.473206275710905,0.636315070911744,0.843967471375578,-5.91681208716859,0.0512523161654013,6.55829085477536,0.473206275710906,0.636315070911744,0.843967471375578,-5.91681208716859,3.46944695195361e-17,4.44089209850063e-15,5.55111512312578e-16,4.44089209850063e-16,3.33066907387547e-16,1.77635683940025e-15,FALSE,FALSE
"P22234",-0.0621007214678908,7.18792767955495,-0.472416742848421,0.636868698211676,0.843967471375578,-5.9255190352907,-0.0621007214678908,7.18792767955495,-0.472416742848421,0.636868698211676,0.843967471375578,-5.92551903529071,6.93889390390723e-18,3.5527136788005e-15,1.66533453693773e-16,4.44089209850063e-16,3.33066907387547e-16,5.32907051820075e-15,FALSE,FALSE
"P08237",-0.0680658133865997,7.00716861558973,-0.47090793261466,0.637961532343125,0.843967471375578,-5.90363411294327,-0.0680658133865997,7.00716861558973,-0.47090793261466,0.637961532343124,0.843967471375578,-5.90363411294327,2.77555756156289e-17,1.77635683940025e-15,2.77555756156289e-16,5.55111512312578e-16,3.33066907387547e-16,2.66453525910038e-15,FALSE,FALSE
"P04217",0.103325693988863,12.4061879138691,0.470214797757332,0.638399245705026,0.843967471375578,-6.01267377058509,0.103325693988863,12.4061879138691,0.470214797757332,0.638399245705026,0.843967471375578,-6.01267377058509,2.91433543964104e-16,2.8421709430404e-14,3.88578058618805e-16,2.22044604925031e-16,3.33066907387547e-16,5.32907051820075e-15,FALSE,FALSE
"P62993",0.0688733631260074,6.88449824470963,0.468899445360479,0.639400465380857,0.843967471375578,-5.8829583644788,0.0688733631260074,6.88449824470963,0.46889944536048,0.639400465380857,0.843967471375578,-5.8829583644788,4.16333634234434e-17,8.88178419700125e-16,4.9960036108132e-16,1.11022302462516e-16,3.33066907387547e-16,4.44089209850063e-15,FALSE,FALSE
"P02746",0.0830010195852999,11.5328830290063,0.468616250494483,0.63954087593409,0.843967471375578,-6.01338953531023,0.0830010195852999,11.5328830290063,0.468616250494483,0.63954087593409,0.843967471375578,-6.01338953531023,2.77555756156289e-17,4.2632564145606e-14,2.77555756156289e-16,1.11022302462516e-16,3.33066907387547e-16,3.5527136788005e-15,FALSE,FALSE
"P84077",0.0505075759077727,10.1061140627285,0.468133537728997,0.639885782154169,0.843967471375578,-6.01360519581145,0.0505075759077727,10.1061140627285,0.468133537728997,0.639885782154169,0.843967471375578,-6.01360519581145,4.16333634234434e-17,3.5527136788005e-15,2.77555756156289e-16,2.22044604925031e-16,3.33066907387547e-16,0,FALSE,FALSE
"P35579",0.0829667176482314,10.4092629794847,0.466373259345593,0.641144190975803,0.843967471375578,-6.01438975003106,0.0829667176482314,10.4092629794847,0.466373259345593,0.641144190975803,0.843967471375578,-6.01438975003106,1.38777878078145e-17,2.30926389122033e-14,2.22044604925031e-16,3.33066907387547e-16,3.33066907387547e-16,2.66453525910038e-15,FALSE,FALSE
"P37802",0.0803263583965759,9.39007492845621,0.465128201595813,0.642035653561662,0.843967471375578,-6.01387875965424,0.0803263583965759,9.39007492845621,0.465128201595813,0.642035653561662,0.843967471375578,-6.01387875965424,2.77555756156289e-17,1.77635683940025e-15,3.88578058618805e-16,0,3.33066907387547e-16,2.66453525910038e-15,FALSE,FALSE
"P27105",-0.0650529152353041,9.47965337019592,-0.464909012235421,0.642192135071394,0.843967471375578,-6.01270464327688,-0.0650529152353041,9.47965337019592,-0.464909012235421,0.642192135071394,0.843967471375578,-6.01270464327688,0,1.77635683940025e-15,1.11022302462516e-16,3.33066907387547e-16,3.33066907387547e-16,8.88178419700125e-16,FALSE,FALSE
"Q9UQ80",-0.0748864521809853,7.93606537660454,-0.464454212816563,0.64252673697485,0.843967471375578,-5.99081752058432,-0.0748864521809853,7.93606537660454,-0.464454212816563,0.64252673697485,0.843967471375578,-5.99081752058432,2.77555756156289e-17,8.88178419700125e-16,5.55111512312578e-17,4.44089209850063e-16,3.33066907387547e-16,4.44089209850063e-15,FALSE,FALSE
"P31939",-0.0639210535574088,6.79865240397173,-0.463945651569633,0.642910240027688,0.843967471375578,-5.949457677137,-0.0639210535574088,6.79865240397173,-0.463945651569633,0.642910240027688,0.843967471375578,-5.949457677137,4.16333634234434e-17,0,1.66533453693773e-16,0,3.33066907387547e-16,3.5527136788005e-15,FALSE,FALSE
"P28289",-0.0905628778088525,7.65445496867532,-0.463490429037511,0.643275067094495,0.843967471375578,-5.86382252790261,-0.0905628778088525,7.65445496867532,-0.463490429037511,0.643275067094495,0.843967471375578,-5.86382252790261,2.77555756156289e-17,3.5527136788005e-15,0,4.44089209850063e-16,3.33066907387547e-16,0,FALSE,FALSE
"P22692",-0.0488627854074881,13.9947803247076,-0.46231795712979,0.644049880229,0.844211634596331,-6.00591566883428,-0.0488627854074881,13.9947803247076,-0.46231795712979,0.644049880229,0.844211634596331,-6.00591566883428,2.08166817117217e-17,3.90798504668055e-14,1.11022302462516e-16,2.22044604925031e-16,2.22044604925031e-16,4.44089209850063e-15,FALSE,FALSE
"Q16851",-0.0653679925122521,7.15142336863919,-0.459210298846781,0.646298863646077,0.846117246716487,-5.96741118198632,-0.0653679925122521,7.15142336863919,-0.459210298846781,0.646298863646077,0.846117246716487,-5.96741118198632,1.38777878078145e-17,8.88178419700125e-16,0,4.44089209850063e-16,1.11022302462516e-16,4.44089209850063e-15,FALSE,FALSE
"A0A0A0MS15",0.0771501912947254,10.9331869761128,0.457689598251521,0.647368274192144,0.846117246716487,-6.01592104218799,0.0771501912947254,10.9331869761128,0.457689598251521,0.647368274192144,0.846117246716487,-6.01592104218799,4.16333634234434e-17,8.88178419700125e-15,5.55111512312578e-17,3.33066907387547e-16,1.11022302462516e-16,0,FALSE,FALSE
"P45974",-0.0632806436232762,8.16209353383466,-0.457574960009334,0.647453246095092,0.846117246716487,-6.00940781068526,-0.0632806436232762,8.16209353383466,-0.457574960009334,0.647453246095092,0.846117246716487,-6.00940781068526,2.77555756156289e-17,0,5.55111512312578e-17,3.33066907387547e-16,1.11022302462516e-16,8.88178419700125e-16,FALSE,FALSE
"P02647",0.0412579600790224,17.2948546553064,0.456998024460372,0.647863833259904,0.846117246716487,-6.01851853419776,0.0412579600790224,17.2948546553064,0.456998024460372,0.647863833259904,0.846117246716487,-6.01851853419776,2.08166817117217e-17,1.06581410364015e-14,2.77555756156289e-16,2.22044604925031e-16,1.11022302462516e-16,2.66453525910038e-15,FALSE,FALSE
"P50995",0.0784006728019575,7.01481876405097,0.455512173097162,0.648997211891648,0.846826207327228,-5.891362997967,0.0784006728019575,7.01481876405097,0.455512173097162,0.648997211891648,0.846826207327228,-5.891362997967,0,8.88178419700125e-16,5.55111512312578e-17,0,2.22044604925031e-16,1.77635683940025e-15,FALSE,FALSE
"P01703",-0.0680674395080825,10.6053858849787,-0.452830062572679,0.650863091587462,0.848488793942201,-6.01393164395124,-0.0680674395080825,10.6053858849787,-0.452830062572679,0.650863091587462,0.848488793942201,-6.01393164395124,2.77555756156289e-17,4.2632564145606e-14,3.88578058618805e-16,4.44089209850063e-16,1.11022302462516e-16,8.88178419700125e-16,FALSE,FALSE
"Q9UKN7",-0.0417167365108657,11.8195973813472,-0.451290378290887,0.651970031909675,0.848542458517617,-6.01977494087947,-0.0417167365108657,11.8195973813472,-0.451290378290886,0.651970031909675,0.848542458517617,-6.01977494087947,1.38777878078145e-17,5.32907051820075e-15,4.9960036108132e-16,1.11022302462516e-16,0,1.77635683940025e-15,FALSE,FALSE
"P21291",-0.0524984897820282,8.92737837303985,-0.451119805858515,0.652094358268475,0.848542458517617,-6.01466165476298,-0.0524984897820282,8.92737837303985,-0.451119805858515,0.652094358268475,0.848542458517617,-6.01466165476298,0,3.5527136788005e-15,3.33066907387547e-16,3.33066907387547e-16,0,4.44089209850063e-15,FALSE,FALSE
"P02747",0.0734507516717269,12.4027070874143,0.449812351251335,0.653033706331893,0.848542458517617,-6.02162634273298,0.0734507516717269,12.4027070874143,0.449812351251335,0.653033706331894,0.848542458517617,-6.02162634273298,2.77555756156289e-17,1.77635683940025e-14,2.77555756156289e-16,6.66133814775094e-16,0,2.66453525910038e-15,FALSE,FALSE
"P05160",-0.0634989784034534,10.9060281251502,-0.449477534680936,0.653275369768177,0.848542458517617,-6.02161778688608,-0.0634989784034534,10.9060281251502,-0.449477534680936,0.653275369768177,0.848542458517617,-6.02161778688608,2.77555756156289e-17,5.32907051820075e-15,3.33066907387547e-16,1.11022302462516e-16,0,0,FALSE,FALSE
"P36955",-0.0497732828964796,12.433505351928,-0.448652456136745,0.653869792432139,0.848542458517617,-6.02212338510804,-0.0497732828964796,12.433505351928,-0.448652456136745,0.653869792432139,0.848542458517617,-6.02212338510804,4.16333634234434e-17,1.95399252334028e-14,5.55111512312578e-17,2.22044604925031e-16,0,2.66453525910038e-15,FALSE,FALSE
"P08779",-0.0813110462271744,10.4071294344381,-0.447151101115255,0.654955956190291,0.848542458517617,-6.00666492368995,-0.0813110462271744,10.4071294344381,-0.447151101115255,0.654955956190291,0.848542458517617,-6.00666492368995,4.16333634234434e-17,3.73034936274053e-14,5.55111512312578e-17,3.33066907387547e-16,0,8.88178419700125e-16,FALSE,FALSE
"Q99439",0.076778688243909,7.57163938586845,0.446657271611869,0.655337606233508,0.848542458517617,-5.96206041902207,0.076778688243909,7.57163938586845,0.446657271611869,0.655337606233508,0.848542458517617,-5.96206041902207,1.38777878078145e-17,2.66453525910038e-15,2.77555756156289e-16,1.11022302462516e-16,0,2.66453525910038e-15,FALSE,FALSE
"P02774",-0.0731422995382918,13.6123337445535,-0.446201277426074,0.655638106023375,0.848542458517617,-6.02316955465794,-0.0731422995382918,13.6123337445535,-0.446201277426074,0.655638106023375,0.848542458517617,-6.02316955465794,2.77555756156289e-17,4.9737991503207e-14,2.22044604925031e-16,1.11022302462516e-16,0,1.77635683940025e-15,FALSE,FALSE
"P01857",0.0570752990944232,15.6503950284986,0.443127112969855,0.657858588515226,0.850648526538174,-6.02447352123224,0.0570752990944232,15.6503950284986,0.443127112969855,0.657858588515226,0.850648526538174,-6.02447352123224,1.38777878078145e-17,3.73034936274053e-14,3.33066907387547e-16,2.22044604925031e-16,4.44089209850063e-16,0,FALSE,FALSE
"O14602;P47813",-0.0620454613819632,7.68609962375143,-0.441915467502998,0.658749161143484,0.851032700071852,-5.97808002145123,-0.0620454613819632,7.68609962375143,-0.441915467502998,0.658749161143484,0.851032700071852,-5.97808002145123,6.93889390390723e-18,2.66453525910038e-15,4.44089209850063e-16,1.11022302462516e-16,3.33066907387547e-16,3.5527136788005e-15,FALSE,FALSE
"P11413",0.0687743233409437,7.27939671100416,0.439343937437387,0.660611058287872,0.851685285726965,-5.98881301794065,0.0687743233409437,7.27939671100416,0.439343937437386,0.660611058287872,0.851685285726965,-5.98881301794065,1.38777878078145e-17,0,4.9960036108132e-16,3.33066907387547e-16,1.11022302462516e-16,8.88178419700125e-16,FALSE,FALSE
"P01860",0.0721897199122044,13.5268326662248,0.436162245437508,0.662900531316002,0.851685285726965,-6.02739448229238,0.0721897199122044,13.5268326662248,0.436162245437508,0.662900531316003,0.851685285726965,-6.02739448229238,4.16333634234434e-17,1.59872115546023e-14,1.11022302462516e-16,5.55111512312578e-16,1.11022302462516e-16,3.5527136788005e-15,FALSE,FALSE
"P05198",0.0619416532269073,6.91544542132137,0.436214217802561,0.662916894195604,0.851685285726965,-5.90565315279179,0.0619416532269073,6.91544542132137,0.436214217802561,0.662916894195604,0.851685285726965,-5.90565315279179,4.16333634234434e-17,8.88178419700125e-16,3.33066907387547e-16,4.44089209850063e-16,1.11022302462516e-16,8.88178419700125e-16,FALSE,FALSE
"O14818",-0.0535539605347246,8.47861810806225,-0.436088798539582,0.662956625162185,0.851685285726965,-6.0175367602626,-0.0535539605347246,8.47861810806225,-0.436088798539582,0.662956625162185,0.851685285726965,-6.0175367602626,6.93889390390723e-18,3.5527136788005e-15,3.33066907387547e-16,4.44089209850063e-16,1.11022302462516e-16,2.66453525910038e-15,FALSE,FALSE
"Q14624",-0.0487618281641957,15.3913001162041,-0.436031329186973,0.662995450731607,0.851685285726965,-6.02744894387614,-0.0487618281641957,15.3913001162041,-0.436031329186973,0.662995450731607,0.851685285726965,-6.02744894387614,2.08166817117217e-17,4.9737991503207e-14,1.66533453693773e-16,3.33066907387547e-16,1.11022302462516e-16,8.88178419700125e-16,FALSE,FALSE
"P61224",-0.0524843119528082,12.4679114084468,-0.435909897556092,0.663083498277483,0.851685285726965,-6.02749944522308,-0.0524843119528082,12.4679114084468,-0.435909897556092,0.663083498277483,0.851685285726965,-6.02749944522308,2.77555756156289e-17,4.61852778244065e-14,1.11022302462516e-16,1.11022302462516e-16,1.11022302462516e-16,3.5527136788005e-15,FALSE,FALSE
"P30044",0.0638327511351324,7.52641254497419,0.435483290639771,0.663411760221074,0.851685285726965,-5.99068299101977,0.0638327511351324,7.52641254497419,0.435483290639771,0.663411760221074,0.851685285726965,-5.99068299101977,2.77555756156289e-17,8.88178419700125e-16,4.44089209850063e-16,1.11022302462516e-16,1.11022302462516e-16,8.88178419700125e-16,FALSE,FALSE
"O14498",-0.0357013854611896,8.01457649874124,-0.433242258156774,0.665033975408096,0.853004222482299,-5.99846570057412,-0.0357013854611896,8.01457649874124,-0.433242258156774,0.665033975408096,0.853004222482299,-5.99846570057412,1.38777878078145e-17,1.77635683940025e-15,1.11022302462516e-16,3.33066907387547e-16,1.11022302462516e-16,8.88178419700125e-16,FALSE,FALSE
"O95747",-0.0544637429905439,8.25093890859041,-0.430533649266321,0.666996573111351,0.854757002539479,-6.00109043997169,-0.0544637429905439,8.25093890859041,-0.430533649266321,0.666996573111351,0.854757002539479,-6.00109043997169,6.93889390390723e-18,3.5527136788005e-15,4.9960036108132e-16,2.22044604925031e-16,0,0,FALSE,FALSE
"Q93084",0.0924230541594291,8.0537459617487,0.428479729546214,0.668523345084171,0.855294706336774,-5.92932125273663,0.0924230541594291,8.0537459617487,0.428479729546214,0.668523345084171,0.855294706336774,-5.92932125273663,1.38777878078145e-17,1.77635683940025e-15,1.11022302462516e-16,2.22044604925031e-16,1.11022302462516e-16,4.44089209850063e-15,FALSE,FALSE
"P10643",-0.0569198037408452,12.0970092931249,-0.427329802035843,0.669316502348814,0.855294706336774,-6.03103217763701,-0.0569198037408452,12.0970092931249,-0.427329802035843,0.669316502348814,0.855294706336774,-6.03103217763701,4.85722573273506e-17,5.32907051820075e-15,2.77555756156289e-16,3.33066907387547e-16,1.11022302462516e-16,8.88178419700125e-16,FALSE,FALSE
"Q9NT62",-0.0463482528348864,7.65226404282489,-0.426930620218433,0.669618697900443,0.855294706336774,-5.9920840221223,-0.0463482528348864,7.65226404282489,-0.426930620218433,0.669618697900443,0.855294706336774,-5.99208402212229,1.38777878078145e-17,8.88178419700125e-16,2.22044604925031e-16,0,1.11022302462516e-16,5.32907051820075e-15,FALSE,FALSE
"O60814;P57053;P58876;P62807;Q5QNW6;Q93079;Q99877;Q99879",0.0527500120391657,12.3550016592123,0.425892954941406,0.670362550689776,0.855294706336774,-6.03161691922824,0.0527500120391657,12.3550016592123,0.425892954941406,0.670362550689777,0.855294706336774,-6.03161691922824,4.16333634234434e-17,3.01980662698043e-14,3.88578058618805e-16,5.55111512312578e-16,1.11022302462516e-16,4.44089209850063e-15,FALSE,FALSE
"P0DOY2;P0DOY3",-0.0713167460811057,16.7476025744195,-0.425860264522392,0.670398361173315,0.855294706336774,-5.98622745089193,-0.0713167460811057,16.7476025744195,-0.425860264522392,0.670398361173315,0.855294706336774,-5.98622745089193,1.38777878078145e-17,3.5527136788005e-15,5.55111512312578e-17,3.33066907387547e-16,1.11022302462516e-16,1.77635683940025e-15,FALSE,FALSE
"P30040",0.0689499891751968,7.2167481010568,0.420947771481577,0.67401896947766,0.859149513094191,-5.89716160087024,0.0689499891751968,7.2167481010568,0.420947771481577,0.67401896947766,0.859149513094191,-5.89716160087024,1.38777878078145e-17,1.77635683940025e-15,2.77555756156289e-16,1.11022302462516e-16,4.44089209850063e-16,2.66453525910038e-15,FALSE,FALSE
"Q86U17",-0.0383546188959354,8.15422483046984,-0.418911598374784,0.675454860344461,0.859370675919446,-6.03228329426567,-0.0383546188959354,8.15422483046984,-0.418911598374784,0.675454860344461,0.859370675919446,-6.03228329426567,1.38777878078145e-17,0,4.44089209850063e-16,3.33066907387547e-16,2.22044604925031e-16,3.5527136788005e-15,FALSE,FALSE
"O75822",-0.0510039164768648,7.62857991580282,-0.418944942404644,0.675457342358157,0.859370675919446,-5.95546953873118,-0.0510039164768648,7.62857991580282,-0.418944942404644,0.675457342358157,0.859370675919446,-5.95546953873118,4.85722573273506e-17,8.88178419700125e-16,2.77555756156289e-16,1.11022302462516e-16,2.22044604925031e-16,4.44089209850063e-15,FALSE,FALSE
"P07357",-0.0367199059834356,13.2653744776644,-0.418177678050255,0.675990322480568,0.859370675919446,-6.03472308551221,-0.0367199059834356,13.2653744776644,-0.418177678050255,0.675990322480568,0.859370675919446,-6.03472308551221,4.85722573273506e-17,1.4210854715202e-14,2.22044604925031e-16,3.33066907387547e-16,2.22044604925031e-16,1.77635683940025e-15,FALSE,FALSE
"P36871",-0.0532083118118578,7.53282219298253,-0.415852119266175,0.677696074224707,0.860776058846971,-6.01616994641852,-0.0532083118118578,7.53282219298253,-0.415852119266175,0.677696074224707,0.860776058846971,-6.01616994641852,1.38777878078145e-17,4.44089209850063e-15,2.22044604925031e-16,1.11022302462516e-16,4.44089209850063e-16,1.77635683940025e-15,FALSE,FALSE
"P18124",0.0598571035497901,6.24826602848043,0.412257769699327,0.680371576162229,0.863286523468051,-5.90170143968381,0.0598571035497901,6.24826602848043,0.412257769699327,0.680371576162229,0.863286523468051,-5.90170143968381,2.77555756156289e-17,0,0,2.22044604925031e-16,1.11022302462516e-16,1.77635683940025e-15,FALSE,FALSE
"P49189",-0.0461026364360713,6.90590580374477,-0.411568197161381,0.680876609513505,0.863286523468051,-5.90913217191267,-0.0461026364360713,6.90590580374477,-0.411568197161381,0.680876609513505,0.863286523468051,-5.90913217191267,3.46944695195361e-17,8.88178419700125e-16,3.88578058618805e-16,3.33066907387547e-16,1.11022302462516e-16,8.88178419700125e-16,FALSE,FALSE
"A0A0C4DH43",0.0987365492671728,9.49687330696305,0.409962589359053,0.682020350670204,0.863972776379039,-5.98025724825134,0.0987365492671728,9.49687330696305,0.409962589359053,0.682020350670204,0.863972776379039,-5.98025724825134,1.38777878078145e-17,1.77635683940025e-15,1.66533453693773e-16,1.11022302462516e-16,3.33066907387547e-16,2.66453525910038e-15,FALSE,FALSE
"P13598",-0.0412592101425577,8.79102741680121,-0.408487239357027,0.683085924934115,0.864558884691546,-6.02985979751431,-0.0412592101425577,8.79102741680121,-0.408487239357027,0.683085924934115,0.864558884691546,-6.02985979751431,3.46944695195361e-17,3.5527136788005e-15,1.66533453693773e-16,1.11022302462516e-16,3.33066907387547e-16,1.77635683940025e-15,FALSE,FALSE
"Q06323",-0.0479222047796419,9.34606970369843,-0.40547933912814,0.685292754816421,0.866221312971156,-6.03919739546933,-0.0479222047796419,9.34606970369843,-0.40547933912814,0.685292754816421,0.866221312971156,-6.03919739546933,2.77555756156289e-17,3.5527136788005e-15,1.66533453693773e-16,1.11022302462516e-16,1.11022302462516e-16,3.5527136788005e-15,FALSE,FALSE
"Q00839",-0.0454563612442023,7.64242738189921,-0.403766891391278,0.686559368190738,0.866221312971156,-6.01176519485897,-0.0454563612442023,7.64242738189921,-0.403766891391278,0.686559368190738,0.866221312971156,-6.01176519485897,2.77555756156289e-17,3.5527136788005e-15,4.9960036108132e-16,3.33066907387547e-16,1.11022302462516e-16,1.77635683940025e-15,FALSE,FALSE
"P08758",-0.0520615658216794,7.75782089143804,-0.403666726153973,0.686629842982676,0.866221312971156,-6.01966214486663,-0.0520615658216794,7.75782089143804,-0.403666726153973,0.686629842982676,0.866221312971156,-6.01966214486663,2.08166817117217e-17,1.77635683940025e-15,1.66533453693773e-16,3.33066907387547e-16,1.11022302462516e-16,2.66453525910038e-15,FALSE,FALSE
"P46783",-0.0596335661560685,7.1455769501443,-0.4029104358027,0.687229054229358,0.866221312971156,-5.93430919154282,-0.0596335661560685,7.1455769501443,-0.4029104358027,0.687229054229358,0.866221312971156,-5.93430919154282,2.08166817117217e-17,3.5527136788005e-15,3.88578058618805e-16,0,1.11022302462516e-16,5.32907051820075e-15,FALSE,FALSE
"A0A0B4J1U7",0.0691159180831686,11.1591869462795,0.402438660360939,0.687531989642697,0.866221312971156,-6.03093966252273,0.0691159180831686,11.1591869462795,0.402438660360939,0.687531989642697,0.866221312971156,-6.03093966252273,4.16333634234434e-17,0,1.66533453693773e-16,4.44089209850063e-16,1.11022302462516e-16,2.66453525910038e-15,FALSE,FALSE
"Q9H1B5",-0.0449847277549207,8.72378670887137,-0.400868736621761,0.688681875328868,0.866221312971156,-6.04148519950918,-0.0449847277549207,8.72378670887137,-0.400868736621761,0.688681875328868,0.866221312971156,-6.04148519950918,1.38777878078145e-17,3.5527136788005e-15,4.44089209850063e-16,1.11022302462516e-16,1.11022302462516e-16,8.88178419700125e-16,FALSE,FALSE
"P30085",-0.0664913085797627,7.35870269773279,-0.400670034278799,0.688882711061673,0.866221312971156,-5.87288428447306,-0.0664913085797627,7.35870269773279,-0.400670034278799,0.688882711061673,0.866221312971156,-5.87288428447306,1.38777878078145e-17,1.77635683940025e-15,3.33066907387547e-16,2.22044604925031e-16,1.11022302462516e-16,1.77635683940025e-15,FALSE,FALSE
"P43251",-0.0277842100100667,10.7671646735011,-0.400121379342605,0.689231881520285,0.866221312971156,-6.04177073846756,-0.0277842100100667,10.7671646735011,-0.400121379342605,0.689231881520285,0.866221312971156,-6.04177073846756,0,3.19744231092045e-14,0,1.11022302462516e-16,1.11022302462516e-16,2.66453525910038e-15,FALSE,FALSE
"Q9Y490",0.0688410843301615,10.252932011198,0.399189773107813,0.689917713588051,0.866323994120197,-6.04212592688333,0.0688410843301615,10.252932011198,0.399189773107813,0.689917713588051,0.866323994120197,-6.04212592688333,5.55111512312578e-17,4.44089209850063e-14,1.11022302462516e-16,1.11022302462516e-16,3.33066907387547e-16,3.5527136788005e-15,FALSE,FALSE
"Q01813",0.0679284140925551,6.95994896091103,0.397124611516387,0.691499356785217,0.867550374129485,-5.89526083994361,0.0679284140925551,6.95994896091103,0.397124611516387,0.691499356785217,0.867550374129485,-5.89526083994361,2.77555756156289e-17,4.44089209850063e-15,4.44089209850063e-16,0,1.11022302462516e-16,8.88178419700125e-16,FALSE,FALSE
"P02743",0.0696297751674226,11.3213624916876,0.393535653668536,0.694085639690388,0.870033922479035,-6.04426389189216,0.0696297751674226,11.3213624916876,0.393535653668536,0.694085639690388,0.870033922479035,-6.04426389189216,4.16333634234434e-17,7.105427357601e-15,1.11022302462516e-16,1.11022302462516e-16,4.44089209850063e-16,0,FALSE,FALSE
"P06753",0.0532659197085046,9.83851199696445,0.39201501326244,0.695210053735912,0.870682285639562,-6.04088890410739,0.0532659197085046,9.83851199696445,0.39201501326244,0.695210053735912,0.870682285639562,-6.04088890410739,1.38777878078145e-17,1.77635683940025e-15,3.88578058618805e-16,4.44089209850063e-16,1.11022302462516e-16,1.77635683940025e-15,FALSE,FALSE
"Q99832",0.0529032887356946,7.15199353877659,0.391203581057486,0.695817651605345,0.87068282059517,-6.01911941931615,0.0529032887356946,7.15199353877659,0.391203581057486,0.695817651605345,0.87068282059517,-6.01911941931615,6.93889390390723e-18,1.77635683940025e-15,2.22044604925031e-16,1.11022302462516e-16,1.11022302462516e-16,2.66453525910038e-15,FALSE,FALSE
"Q9Y696",-0.0365652579943587,7.4557042370564,-0.389554838967252,0.697029787736815,0.87143915921063,-6.03330550607353,-0.0365652579943587,7.4557042370564,-0.389554838967252,0.697029787736815,0.87143915921063,-6.03330550607353,2.08166817117217e-17,0,2.77555756156289e-16,4.44089209850063e-16,3.33066907387547e-16,3.5527136788005e-15,FALSE,FALSE
"P05141",0.0706086005206537,8.3219294238034,0.384938228034547,0.700476386495414,0.874985312050892,-5.95977094197234,0.0706086005206537,8.3219294238034,0.384938228034547,0.700476386495414,0.874985312050892,-5.95977094197234,4.16333634234434e-17,0,5.55111512312578e-17,4.44089209850063e-16,2.22044604925031e-16,8.88178419700125e-16,FALSE,FALSE
"P63313",0.0482389613676961,8.95094802056824,0.382281321255342,0.702420305992909,0.876360348864027,-6.00935940868175,0.0482389613676961,8.95094802056824,0.382281321255342,0.702420305992909,0.876360348864027,-6.00935940868175,2.08166817117217e-17,3.5527136788005e-15,3.88578058618805e-16,2.22044604925031e-16,1.11022302462516e-16,1.77635683940025e-15,FALSE,FALSE
"O00194",-0.113296890661555,9.5028155653184,-0.380946086884223,0.70341264933624,0.876360348864027,-6.02211230870328,-0.113296890661555,9.5028155653184,-0.380946086884223,0.70341264933624,0.876360348864027,-6.02211230870328,2.35922392732846e-16,1.77635683940025e-15,5.55111512312578e-17,2.22044604925031e-16,1.11022302462516e-16,4.44089209850063e-15,FALSE,FALSE
"P30041",0.0491363964497662,10.5314032298132,0.38042167967948,0.703788192724075,0.876360348864027,-6.04910528759003,0.0491363964497662,10.5314032298132,0.38042167967948,0.703788192724075,0.876360348864027,-6.04910528759003,6.93889390390723e-18,4.61852778244065e-14,2.77555756156289e-16,0,1.11022302462516e-16,2.66453525910038e-15,FALSE,FALSE
"P09211",0.0513582926822558,7.87489232359477,0.380111427616468,0.70402170285311,0.876360348864027,-6.0402241057431,0.0513582926822558,7.87489232359477,0.380111427616468,0.70402170285311,0.876360348864027,-6.0402241057431,2.08166817117217e-17,8.88178419700125e-16,4.44089209850063e-16,4.44089209850063e-16,1.11022302462516e-16,8.88178419700125e-16,FALSE,FALSE
"Q02985",-0.0468228838127356,9.58465417816836,-0.377662426242222,0.705837405293991,0.87785849019218,-6.04505160557567,-0.0468228838127356,9.58465417816836,-0.377662426242222,0.705837405293991,0.87785849019218,-6.04505160557567,1.38777878078145e-17,5.32907051820075e-15,2.77555756156289e-16,3.33066907387547e-16,1.11022302462516e-16,4.44089209850063e-15,FALSE,FALSE
"A2A3L6",-0.0902483365520386,11.137421059523,-0.37508634542493,0.707775120656085,0.878749409730417,-5.98177048035414,-0.0902483365520386,11.137421059523,-0.37508634542493,0.707775120656085,0.878749409730417,-5.98177048035414,2.77555756156289e-17,3.37507799486048e-14,4.44089209850063e-16,1.11022302462516e-16,1.11022302462516e-16,4.44089209850063e-15,FALSE,FALSE
"P11717",-0.0415785875331514,6.45624034908619,-0.375111162977308,0.707779336289144,0.878749409730417,-5.92137369750721,-0.0415785875331514,6.45624034908619,-0.375111162977308,0.707779336289144,0.878749409730417,-5.92137369750721,4.16333634234434e-17,0,2.77555756156289e-16,4.44089209850063e-16,1.11022302462516e-16,2.66453525910038e-15,FALSE,FALSE
"P35611",-0.0677810744159117,7.99141532554212,-0.372391639237019,0.709767864162933,0.880455983745368,-6.00822963580221,-0.0677810744159117,7.99141532554212,-0.372391639237019,0.709767864162933,0.880455983745368,-6.00822963580221,4.16333634234434e-17,2.66453525910038e-15,4.9960036108132e-16,2.22044604925031e-16,2.22044604925031e-16,3.5527136788005e-15,FALSE,FALSE
"O14950;P19105",0.0620474436409459,9.65278965517322,0.365932455730757,0.714565862359429,0.884518014928831,-6.05226977790032,0.0620474436409459,9.65278965517322,0.365932455730757,0.714565862359429,0.884518014928831,-6.05226977790032,4.16333634234434e-17,5.32907051820075e-15,1.66533453693773e-16,3.33066907387547e-16,3.33066907387547e-16,4.44089209850063e-15,FALSE,FALSE
"Q9H4M9",0.0381367228622285,7.93333712304311,0.365745829021136,0.714706222949351,0.884518014928831,-6.04676138982124,0.0381367228622285,7.93333712304311,0.365745829021136,0.714706222949351,0.884518014928831,-6.04676138982124,3.46944695195361e-17,3.5527136788005e-15,1.66533453693773e-16,4.44089209850063e-16,3.33066907387547e-16,8.88178419700125e-16,FALSE,FALSE
"Q99459",0.0613448122927558,11.0789659636948,0.364227805673489,0.71584547766407,0.884518014928831,-6.02012548561708,0.0613448122927558,11.0789659636948,0.364227805673489,0.71584547766407,0.884518014928831,-6.02012548561708,6.93889390390723e-18,1.06581410364015e-14,1.66533453693773e-16,1.11022302462516e-16,3.33066907387547e-16,3.5527136788005e-15,FALSE,FALSE
"Q96MY7",-0.0548927359221256,13.1682044792547,-0.363196888199306,0.716609913999956,0.884518014928831,-6.04315173074354,-0.0548927359221256,13.1682044792547,-0.363196888199306,0.716609913999956,0.884518014928831,-6.04315173074354,2.08166817117217e-17,3.37507799486048e-14,1.11022302462516e-16,4.44089209850063e-16,3.33066907387547e-16,3.5527136788005e-15,FALSE,FALSE
"P61088",0.0425988059722648,8.46165035948671,0.363072482032518,0.716710708330988,0.884518014928831,-6.01004743471485,0.0425988059722648,8.46165035948671,0.363072482032518,0.716710708330988,0.884518014928831,-6.01004743471485,4.16333634234434e-17,1.77635683940025e-15,3.88578058618805e-16,2.22044604925031e-16,3.33066907387547e-16,1.77635683940025e-15,FALSE,FALSE
"P01704",0.0767542728291684,10.1696597362704,0.362440506463399,0.717201528867208,0.884518014928831,-5.95799591429758,0.0767542728291684,10.1696597362704,0.362440506463399,0.717201528867208,0.884518014928831,-5.95799591429758,4.16333634234434e-17,1.06581410364015e-14,3.88578058618805e-16,1.11022302462516e-16,3.33066907387547e-16,0,FALSE,FALSE
"P00450",0.0602829777197122,12.0127084230485,0.362186584961059,0.717360147393466,0.884518014928831,-6.05556476573674,0.0602829777197122,12.0127084230485,0.362186584961059,0.717360147393466,0.884518014928831,-6.05556476573674,4.85722573273506e-17,1.24344978758018e-14,5.55111512312578e-17,1.11022302462516e-16,3.33066907387547e-16,8.88178419700125e-16,FALSE,FALSE
"P09172",0.0598779349031622,7.24204373062721,0.360053172546431,0.71897532826704,0.885747955957848,-5.97079381212844,0.0598779349031622,7.24204373062721,0.360053172546431,0.71897532826704,0.885747955957848,-5.97079381212844,2.08166817117217e-17,1.77635683940025e-15,5.55111512312578e-17,3.33066907387547e-16,1.11022302462516e-16,1.77635683940025e-15,FALSE,FALSE
"P13639",-0.0366407489330793,7.58573492878894,-0.357552548545197,0.720825079208394,0.886720287023507,-6.05120507679793,-0.0366407489330793,7.58573492878894,-0.357552548545197,0.720825079208394,0.886720287023507,-6.05120507679793,3.46944695195361e-17,0,1.66533453693773e-16,1.11022302462516e-16,2.22044604925031e-16,3.5527136788005e-15,FALSE,FALSE
"P11226",0.0630585033733997,9.37016905630677,0.357315470612045,0.721001293353842,0.886720287023507,-6.05489130784847,0.0630585033733997,9.37016905630677,0.357315470612045,0.721001293353842,0.886720287023507,-6.05489130784847,1.38777878078145e-17,1.77635683940025e-15,2.77555756156289e-16,0,2.22044604925031e-16,8.88178419700125e-16,FALSE,FALSE
"P22061",-0.0313824923345543,8.69819217236332,-0.355931004967319,0.722036980182442,0.887233101612357,-6.05770765972556,-0.0313824923345543,8.69819217236332,-0.355931004967319,0.722036980182442,0.887233101612357,-6.05770765972556,4.16333634234434e-17,1.77635683940025e-15,1.11022302462516e-16,4.44089209850063e-16,4.44089209850063e-16,1.77635683940025e-15,FALSE,FALSE
"Q96IZ5",0.0446739845255717,9.77933083634285,0.354945003171553,0.722812599375708,0.887288722177106,-5.97166349808464,0.0446739845255717,9.77933083634285,0.354945003171553,0.722812599375708,0.887288722177106,-5.97166349808464,0,3.5527136788005e-15,3.33066907387547e-16,4.44089209850063e-16,3.33066907387547e-16,4.44089209850063e-15,FALSE,FALSE
"Q15084",0.0477630411099135,7.75158321354771,0.354226584241208,0.723319746321504,0.887288722177106,-6.03008715962432,0.0477630411099135,7.75158321354771,0.354226584241208,0.723319746321504,0.887288722177106,-6.03008715962432,2.77555756156289e-17,4.44089209850063e-15,4.44089209850063e-16,1.11022302462516e-16,3.33066907387547e-16,3.5527136788005e-15,FALSE,FALSE
"P08567",0.0560176776682422,9.21616802320604,0.353060230137112,0.724187585296035,0.88759401479873,-6.05711142068169,0.0560176776682422,9.21616802320604,0.353060230137112,0.724187585296035,0.88759401479873,-6.05711142068169,2.77555756156289e-17,1.77635683940025e-15,4.44089209850063e-16,1.11022302462516e-16,0,4.44089209850063e-15,FALSE,FALSE
"P48506",0.051652378753257,7.25473689175764,0.352233498379504,0.724837511127474,0.887631930791458,-5.97505520132191,0.051652378753257,7.25473689175764,0.352233498379504,0.724837511127474,0.887631930791458,-5.9750552013219,1.38777878078145e-17,3.5527136788005e-15,1.66533453693773e-16,3.33066907387547e-16,1.11022302462516e-16,5.32907051820075e-15,FALSE,FALSE
"P01023",0.0532968906376023,14.0829017662383,0.350112054662874,0.726396755224431,0.88827346546348,-6.05966748406986,0.0532968906376023,14.0829017662383,0.350112054662874,0.726396755224431,0.88827346546348,-6.05966748406986,4.85722573273506e-17,3.01980662698043e-14,2.22044604925031e-16,2.22044604925031e-16,2.22044604925031e-16,1.77635683940025e-15,FALSE,FALSE
"P10124",-0.0393732429424389,13.0435180040798,-0.34931689827758,0.726993210672833,0.88827346546348,-6.05993278545279,-0.0393732429424389,13.0435180040798,-0.34931689827758,0.726993210672833,0.88827346546348,-6.05993278545278,3.46944695195361e-17,1.06581410364015e-14,4.9960036108132e-16,3.33066907387547e-16,2.22044604925031e-16,5.32907051820075e-15,FALSE,FALSE
"Q14213",-0.0360021050632016,7.51480855932511,-0.348759086035204,0.727446377148158,0.88827346546348,-5.9494639962328,-0.0360021050632016,7.51480855932511,-0.348759086035204,0.727446377148158,0.88827346546348,-5.9494639962328,4.16333634234434e-17,1.77635683940025e-15,4.44089209850063e-16,3.33066907387547e-16,2.22044604925031e-16,0,FALSE,FALSE
"O14773",0.0477703705341437,8.02494242399888,0.348241986778682,0.727839136624539,0.88827346546348,-5.96810859397567,0.0477703705341437,8.02494242399888,0.348241986778682,0.727839136624539,0.88827346546348,-5.96810859397567,2.08166817117217e-17,1.77635683940025e-15,3.33066907387547e-16,1.11022302462516e-16,2.22044604925031e-16,3.5527136788005e-15,FALSE,FALSE
"Q9BUL8",0.0546263109903844,7.75580221137465,0.346000197660571,0.729512347557801,0.888598973676965,-5.97411285082976,0.0546263109903844,7.75580221137465,0.346000197660571,0.729512347557801,0.888598973676965,-5.97411285082976,0,1.77635683940025e-15,3.33066907387547e-16,1.11022302462516e-16,0,0,FALSE,FALSE
"A0A0C4DH34",0.057132295702278,9.26274418042485,0.345451677582002,0.729906617441276,0.888598973676965,-6.01286521703084,0.057132295702278,9.26274418042485,0.345451677582002,0.729906617441276,0.888598973676965,-6.01286521703084,4.16333634234434e-17,0,3.88578058618805e-16,0,0,3.5527136788005e-15,FALSE,FALSE
"P29992",-0.0410615519528434,7.57597920492043,-0.345369221954165,0.729964847274383,0.888598973676965,-6.0410546230125,-0.0410615519528434,7.57597920492043,-0.345369221954165,0.729964847274383,0.888598973676965,-6.0410546230125,4.16333634234434e-17,8.88178419700125e-16,2.22044604925031e-16,3.33066907387547e-16,0,4.44089209850063e-15,FALSE,FALSE
"P63104",-0.0457448382100036,10.7482325970314,-0.342755152424814,0.731921553054719,0.89022519684518,-6.06209907402448,-0.0457448382100036,10.7482325970314,-0.342755152424814,0.731921553054719,0.89022519684518,-6.06209907402448,3.46944695195361e-17,1.4210854715202e-14,4.44089209850063e-16,1.11022302462516e-16,0,1.77635683940025e-15,FALSE,FALSE
"P80723",-0.031694598238162,7.06835470138775,-0.336947300720707,0.73629728462147,0.894036507308693,-6.03836010177581,-0.031694598238162,7.06835470138775,-0.336947300720707,0.73629728462147,0.894036507308693,-6.03836010177581,6.93889390390723e-18,8.88178419700125e-16,2.22044604925031e-16,4.44089209850063e-16,4.44089209850063e-16,8.88178419700125e-16,FALSE,FALSE
"A0A0C4DH25",0.0556213807392361,10.4729718583652,0.335238902752535,0.737589356521208,0.894036507308693,-6.04094464668831,0.0556213807392361,10.4729718583652,0.335238902752535,0.737589356521208,0.894036507308693,-6.04094464668831,4.16333634234434e-17,2.30926389122033e-14,3.33066907387547e-16,1.11022302462516e-16,4.44089209850063e-16,4.44089209850063e-15,FALSE,FALSE
"P50570",-0.040010102130859,6.65494469450126,-0.334150538002913,0.738412034061199,0.894036507308693,-6.03051615268468,-0.040010102130859,6.65494469450126,-0.334150538002913,0.738412034061199,0.894036507308693,-6.03051615268468,2.08166817117217e-17,5.32907051820075e-15,1.11022302462516e-16,2.22044604925031e-16,4.44089209850063e-16,1.77635683940025e-15,FALSE,FALSE
"A0M8Q6",-0.0493897818424589,15.2650480780964,-0.333933592366453,0.738567044516523,0.894036507308693,-6.06087706391283,-0.0493897818424589,15.2650480780964,-0.333933592366453,0.738567044516523,0.894036507308693,-6.06087706391283,0,2.8421709430404e-14,3.88578058618805e-16,0,4.44089209850063e-16,1.77635683940025e-15,FALSE,FALSE
"P29350",-0.0468065046580417,7.76326312547704,-0.333333186658312,0.739026375179321,0.894036507308693,-6.03322961328243,-0.0468065046580417,7.76326312547704,-0.333333186658312,0.739026375179321,0.894036507308693,-6.03322961328243,0,8.88178419700125e-16,5.55111512312578e-17,3.33066907387547e-16,4.44089209850063e-16,3.5527136788005e-15,FALSE,FALSE
"Q14974",-0.044750800790859,7.21598189421336,-0.333053603223528,0.739233822417879,0.894036507308693,-6.04666679901616,-0.044750800790859,7.21598189421336,-0.333053603223528,0.739233822417879,0.894036507308693,-6.04666679901616,2.77555756156289e-17,8.88178419700125e-16,2.22044604925031e-16,3.33066907387547e-16,4.44089209850063e-16,1.77635683940025e-15,FALSE,FALSE
"P09429",0.0521524552438315,8.05884471109896,0.332837501298751,0.739419314970788,0.894036507308693,-5.99200924004517,0.0521524552438315,8.05884471109896,0.332837501298751,0.739419314970788,0.894036507308693,-5.99200924004517,0,0,3.88578058618805e-16,5.55111512312578e-16,4.44089209850063e-16,4.44089209850063e-15,FALSE,FALSE
"P48643",-0.0445014417236766,7.0603706960142,-0.33079791450425,0.740946273288797,0.894136028329886,-6.01996098861012,-0.0445014417236766,7.0603706960142,-0.33079791450425,0.740946273288797,0.894136028329886,-6.01996098861012,4.85722573273506e-17,1.77635683940025e-15,2.77555756156289e-16,4.44089209850063e-16,1.11022302462516e-16,3.5527136788005e-15,FALSE,FALSE
"Q05682",0.0554018129502758,7.03747676900579,0.330600811064011,0.74109702326759,0.894136028329886,-6.0049627483107,0.0554018129502758,7.03747676900579,0.330600811064011,0.74109702326759,0.894136028329886,-6.0049627483107,0,1.77635683940025e-15,1.11022302462516e-16,2.22044604925031e-16,1.11022302462516e-16,4.44089209850063e-15,FALSE,FALSE
"P08603",-0.0520644396127228,12.4737109225411,-0.330213234844862,0.741372202011321,0.894136028329886,-6.06612540888852,-0.0520644396127228,12.4737109225411,-0.330213234844862,0.741372202011321,0.894136028329886,-6.06612540888852,2.08166817117217e-17,2.1316282072803e-14,1.66533453693773e-16,0,1.11022302462516e-16,2.66453525910038e-15,FALSE,FALSE
"Q96KP4",-0.0555563408382618,7.2809326091025,-0.329374827711377,0.742016791883579,0.894161411395842,-6.02251742156859,-0.0555563408382618,7.2809326091025,-0.329374827711377,0.742016791883579,0.894161411395842,-6.02251742156859,2.77555756156289e-17,4.44089209850063e-15,1.11022302462516e-16,1.11022302462516e-16,1.11022302462516e-16,8.88178419700125e-16,FALSE,FALSE
"P30740",-0.0507636921180197,7.80272640707239,-0.328519492844597,0.742657672256125,0.894182285487224,-6.04503161523273,-0.0507636921180197,7.80272640707239,-0.328519492844597,0.742657672256125,0.894182285487224,-6.04503161523273,2.08166817117217e-17,1.77635683940025e-15,1.11022302462516e-16,1.11022302462516e-16,3.33066907387547e-16,4.44089209850063e-15,FALSE,FALSE
"P13224",-0.0371843979406972,10.6359710853125,-0.324882662139694,0.745401659058077,0.896733203933962,-6.06651857883088,-0.0371843979406972,10.6359710853125,-0.324882662139694,0.745401659058077,0.896733203933962,-6.06651857883088,3.46944695195361e-17,0,3.33066907387547e-16,1.11022302462516e-16,2.22044604925031e-16,4.44089209850063e-15,FALSE,FALSE
"P26599",0.0529051114787711,7.0134085607361,0.323806839869598,0.746256708601373,0.897009321152028,-5.93040222981389,0.0529051114787711,7.0134085607361,0.323806839869598,0.746256708601373,0.897009321152028,-5.93040222981389,1.38777878078145e-17,4.44089209850063e-15,5.55111512312578e-17,2.22044604925031e-16,2.22044604925031e-16,8.88178419700125e-16,FALSE,FALSE
"P31327",-0.0437102396352582,7.30024927825422,-0.322767435440047,0.747013228134227,0.897166640824524,-6.0310112344174,-0.0437102396352582,7.30024927825422,-0.322767435440047,0.747013228134227,0.897166640824524,-6.0310112344174,2.08166817117217e-17,5.32907051820075e-15,4.9960036108132e-16,2.22044604925031e-16,1.11022302462516e-16,1.77635683940025e-15,FALSE,FALSE
"P10619",-0.0421897643351743,6.73039017605738,-0.321138836023574,0.748274348838544,0.897430887306887,-5.9530285594438,-0.0421897643351743,6.73039017605738,-0.321138836023574,0.748274348838544,0.897430887306887,-5.9530285594438,6.93889390390723e-18,1.77635683940025e-15,1.66533453693773e-16,1.11022302462516e-16,0,2.66453525910038e-15,FALSE,FALSE
"Q5VU65",0.0664161593961694,11.1033428096121,0.32061086549557,0.748651985039305,0.897430887306887,-6.00849235404137,0.0664161593961694,11.1033428096121,0.32061086549557,0.748651985039305,0.897430887306887,-6.00849235404137,0,8.88178419700125e-15,1.66533453693773e-16,2.22044604925031e-16,0,2.66453525910038e-15,FALSE,FALSE
"O94966",-0.0783084480620975,10.6546776820167,-0.320003175191571,0.749110719739431,0.897430887306887,-6.01178299060667,-0.0783084480620975,10.6546776820167,-0.320003175191571,0.749110719739431,0.897430887306887,-6.01178299060667,2.77555756156289e-17,3.37507799486048e-14,2.77555756156289e-16,2.22044604925031e-16,0,4.44089209850063e-15,FALSE,FALSE
"P60174",-0.0380173876930767,7.09476598543861,-0.31853984852843,0.750218008441887,0.898007198752643,-6.00753140216641,-0.0380173876930767,7.09476598543861,-0.31853984852843,0.750218008441887,0.898007198752643,-6.00753140216641,2.08166817117217e-17,5.32907051820075e-15,0,2.22044604925031e-16,1.11022302462516e-16,4.44089209850063e-15,FALSE,FALSE
"A0A0A0MRZ8;P04433",0.0480827048601533,12.063645350786,0.316234896975027,0.751952453680939,0.898751933030557,-6.06582566664995,0.0480827048601533,12.063645350786,0.316234896975027,0.751952453680939,0.898751933030557,-6.06582566664995,1.38777878078145e-17,4.08562073062058e-14,1.11022302462516e-16,3.33066907387547e-16,4.44089209850063e-16,4.44089209850063e-15,FALSE,FALSE
"P61160",0.044421208771146,8.47895240766827,0.315381610651617,0.752601039324522,0.898751933030557,-6.06442565542112,0.044421208771146,8.47895240766827,0.315381610651617,0.752601039324522,0.898751933030557,-6.06442565542112,2.77555756156289e-17,1.77635683940025e-15,3.33066907387547e-16,4.44089209850063e-16,4.44089209850063e-16,3.5527136788005e-15,FALSE,FALSE
"P49368",-0.0433462921108836,7.64874279870907,-0.315230866842689,0.752720412531171,0.898751933030557,-6.04240315531042,-0.0433462921108836,7.64874279870907,-0.315230866842689,0.752720412531171,0.898751933030557,-6.04240315531042,1.38777878078145e-17,8.88178419700125e-16,3.33066907387547e-16,2.22044604925031e-16,4.44089209850063e-16,1.77635683940025e-15,FALSE,FALSE
"O95714",-0.12053023588599,10.0526848703015,-0.31431994161374,0.75344375518439,0.898867175486202,-5.87897796816389,-0.12053023588599,10.0526848703015,-0.314319941613739,0.75344375518439,0.898867175486202,-5.87897796816389,3.19189119579733e-16,1.4210854715202e-14,4.9960036108132e-16,4.44089209850063e-16,1.11022302462516e-16,4.44089209850063e-15,FALSE,FALSE
"Q15691",-0.0556602188014175,7.53935632871841,-0.313368131571318,0.75415308457837,0.898965522265488,-5.9992152035798,-0.0556602188014175,7.53935632871841,-0.313368131571318,0.75415308457837,0.898965522265488,-5.9992152035798,2.77555756156289e-17,8.88178419700125e-16,1.11022302462516e-16,2.22044604925031e-16,2.22044604925031e-16,1.77635683940025e-15,FALSE,FALSE
"P00352",-0.0493442078599333,7.67142346273146,-0.310988303405093,0.75594351849344,0.900165946196757,-6.0498224211441,-0.0493442078599333,7.67142346273146,-0.310988303405093,0.75594351849344,0.900165946196757,-6.0498224211441,2.08166817117217e-17,3.5527136788005e-15,2.22044604925031e-16,3.33066907387547e-16,4.44089209850063e-16,8.88178419700125e-16,FALSE,FALSE
"P01834",-0.0318926560805597,14.7461063565728,-0.309838077983875,0.756808557796487,0.900165946196757,-6.07234664178563,-0.0318926560805597,14.7461063565728,-0.309838077983874,0.756808557796487,0.900165946196757,-6.07234664178563,1.38777878078145e-17,1.4210854715202e-14,5.55111512312578e-16,4.44089209850063e-16,4.44089209850063e-16,0,FALSE,FALSE
"P62937",0.0341034563092304,11.0535058900831,0.309529209076594,0.757043327136184,0.900165946196757,-6.07243790357182,0.0341034563092304,11.0535058900831,0.309529209076594,0.757043327136184,0.900165946196757,-6.07243790357182,6.93889390390723e-18,3.90798504668055e-14,4.44089209850063e-16,3.33066907387547e-16,4.44089209850063e-16,1.77635683940025e-15,FALSE,FALSE
"P00568",-0.0450172996061315,8.6421613641535,-0.308160808601718,0.758086390870051,0.900659390644286,-6.06168685496002,-0.0450172996061315,8.6421613641535,-0.308160808601718,0.758086390870051,0.900659390644286,-6.06168685496002,4.16333634234434e-17,3.5527136788005e-15,2.22044604925031e-16,2.22044604925031e-16,3.33066907387547e-16,3.5527136788005e-15,FALSE,FALSE
"Q14696",-0.0608281264564177,7.77963037821342,-0.30737254254547,0.758721168357003,0.90066734720525,-5.92153086621885,-0.0608281264564177,7.77963037821342,-0.30737254254547,0.758721168357003,0.90066734720525,-5.92153086621885,3.46944695195361e-17,1.77635683940025e-15,2.77555756156289e-16,0,2.22044604925031e-16,0,FALSE,FALSE
"P42566",-0.0500786109662421,6.91741173927206,-0.30645877776455,0.759401457373849,0.900729272021588,-5.99640276556731,-0.0500786109662421,6.91741173927206,-0.30645877776455,0.759401457373849,0.900729272021588,-5.99640276556731,6.93889390390723e-18,1.77635683940025e-15,4.9960036108132e-16,2.22044604925031e-16,0,1.77635683940025e-15,FALSE,FALSE
"Q9UBW5",0.0527578768673909,7.51938385184701,0.30348859307402,0.761658558623057,0.902659812450796,-6.00579761313419,0.0527578768673909,7.51938385184701,0.30348859307402,0.761658558623057,0.902659812450796,-6.00579761313419,3.46944695195361e-17,2.66453525910038e-15,4.44089209850063e-16,1.11022302462516e-16,3.33066907387547e-16,8.88178419700125e-16,FALSE,FALSE
"P02042",-0.0489858830903795,13.2833962962613,-0.299144717330362,0.764949472485711,0.904672314518713,-6.07545326454231,-0.0489858830903795,13.2833962962613,-0.299144717330362,0.764949472485711,0.904672314518713,-6.07545326454231,4.16333634234434e-17,1.59872115546023e-14,4.9960036108132e-16,2.22044604925031e-16,0,0,FALSE,FALSE
"P07203",-0.0376394880260928,8.65944250607567,-0.298920736648611,0.76512167388608,0.904672314518713,-6.07271304395901,-0.0376394880260928,8.65944250607567,-0.298920736648611,0.76512167388608,0.904672314518713,-6.07271304395901,4.85722573273506e-17,0,2.77555756156289e-16,3.33066907387547e-16,0,4.44089209850063e-15,FALSE,FALSE
"P68366",0.0494952909706861,10.3547113227835,0.298751828587087,0.765249314861366,0.904672314518713,-6.07504910872944,0.0494952909706861,10.3547113227835,0.298751828587087,0.765249314861366,0.904672314518713,-6.07504910872944,4.16333634234434e-17,3.73034936274053e-14,5.55111512312578e-17,1.11022302462516e-16,0,2.66453525910038e-15,FALSE,FALSE
"P18085",-0.0353886146540505,7.63248820760927,-0.296942364499465,0.766655723161273,0.905588391279461,-5.99103463042577,-0.0353886146540505,7.63248820760927,-0.296942364499465,0.766655723161273,0.905588391279461,-5.99103463042577,2.08166817117217e-17,4.44089209850063e-15,4.44089209850063e-16,1.11022302462516e-16,3.33066907387547e-16,4.44089209850063e-15,FALSE,FALSE
"P07737",0.0364066319437022,11.2049345835876,0.293400829991237,0.769333166897617,0.907409288274954,-6.07707694768611,0.0364066319437022,11.2049345835876,0.293400829991237,0.769333166897617,0.907409288274954,-6.07707694768611,6.93889390390723e-18,1.77635683940025e-15,5.55111512312578e-17,0,1.11022302462516e-16,2.66453525910038e-15,FALSE,FALSE
"Q7L9L4",-0.0445171782482028,7.19129141736628,-0.293280882141709,0.769462827435387,0.907409288274954,-5.94283710818609,-0.0445171782482028,7.19129141736628,-0.293280882141709,0.769462827435387,0.907409288274954,-5.94283710818609,2.08166817117217e-17,3.5527136788005e-15,3.33066907387547e-16,4.44089209850063e-16,1.11022302462516e-16,3.5527136788005e-15,FALSE,FALSE
"P07358",-0.0227024444781101,12.6829791610266,-0.292262515398298,0.770202804189545,0.907535596719645,-6.07739499062826,-0.0227024444781101,12.6829791610266,-0.292262515398298,0.770202804189545,0.907535596719645,-6.07739499062826,3.46944695195361e-18,3.5527136788005e-14,3.33066907387547e-16,3.33066907387547e-16,1.11022302462516e-16,3.5527136788005e-15,FALSE,FALSE
"Q9UJU6",0.0484060579879415,6.95330189901961,0.288818206757001,0.772861454528072,0.908957595417632,-5.98108485901636,0.0484060579879415,6.95330189901961,0.288818206757001,0.772861454528072,0.908957595417632,-5.98108485901636,6.93889390390723e-18,3.5527136788005e-15,5.55111512312578e-17,3.33066907387547e-16,3.33066907387547e-16,3.5527136788005e-15,FALSE,FALSE
"P01880",0.0726710203420335,9.81552604362649,0.288428507489727,0.773150504681484,0.908957595417632,-6.01409326299915,0.0726710203420335,9.81552604362649,0.288428507489727,0.773150504681484,0.908957595417632,-6.01409326299915,4.16333634234434e-17,3.5527136788005e-15,3.33066907387547e-16,1.11022302462516e-16,3.33066907387547e-16,1.77635683940025e-15,FALSE,FALSE
"P23588",-0.0728644553403512,8.92201182114604,-0.28824771969387,0.773311203911793,0.908957595417632,-5.92991609554881,-0.0728644553403512,8.92201182114604,-0.28824771969387,0.773311203911793,0.908957595417632,-5.92991609554881,4.16333634234434e-17,3.5527136788005e-15,4.9960036108132e-16,3.33066907387547e-16,3.33066907387547e-16,8.88178419700125e-16,FALSE,FALSE
"Q9UI15",0.0480585915064218,8.40302724159308,0.28609492294603,0.774943975642157,0.910130762547791,-5.98601742108675,0.0480585915064218,8.40302724159308,0.28609492294603,0.774943975642157,0.910130762547791,-5.98601742108675,2.08166817117217e-17,1.77635683940025e-15,4.9960036108132e-16,0,3.33066907387547e-16,3.5527136788005e-15,FALSE,FALSE
"P59998",0.0372327828563606,9.1363183887628,0.282005941315198,0.778051676456664,0.913032818362403,-6.07785426426682,0.0372327828563606,9.1363183887628,0.282005941315198,0.778051676456664,0.913032818362403,-6.07785426426682,4.16333634234434e-17,5.32907051820075e-15,1.11022302462516e-16,4.44089209850063e-16,2.22044604925031e-16,8.88178419700125e-16,FALSE,FALSE
"P63208",-0.0385722649522267,7.76716078842158,-0.277377538768062,0.781629489063518,0.915323982833978,-5.98560550042919,-0.0385722649522267,7.76716078842158,-0.277377538768062,0.781629489063518,0.915323982833978,-5.98560550042919,4.85722573273506e-17,4.44089209850063e-15,5.55111512312578e-17,4.44089209850063e-16,3.33066907387547e-16,3.5527136788005e-15,FALSE,FALSE
"Q04695",-0.0491549593240865,9.33565938997994,-0.277022452010364,0.781876088798255,0.915323982833978,-6.06014512254191,-0.0491549593240865,9.33565938997994,-0.277022452010364,0.781876088798255,0.915323982833978,-6.06014512254191,3.46944695195361e-17,1.77635683940025e-15,4.9960036108132e-16,0,3.33066907387547e-16,1.77635683940025e-15,FALSE,FALSE
"O14791",-0.0206619200324454,15.286307556677,-0.276962809180692,0.781919022992763,0.915323982833978,-6.08154975914517,-0.0206619200324454,15.286307556677,-0.276962809180692,0.781919022992763,0.915323982833978,-6.08154975914517,2.08166817117217e-17,4.79616346638068e-14,2.22044604925031e-16,3.33066907387547e-16,3.33066907387547e-16,0,FALSE,FALSE
"A0A0J9YX35",0.0501180869183369,10.4077073834849,0.275041769456997,0.783402845323809,0.916312952850198,-6.03245461480494,0.0501180869183369,10.4077073834849,0.275041769456997,0.783402845323809,0.916312952850198,-6.03245461480494,4.16333634234434e-17,2.1316282072803e-14,1.66533453693773e-16,2.22044604925031e-16,2.22044604925031e-16,8.88178419700125e-16,FALSE,FALSE
"P22626",-0.0500615579424606,7.53288911538323,-0.273022768705741,0.784965702436143,0.91690922974063,-5.98656932845605,-0.0500615579424606,7.53288911538323,-0.273022768705741,0.784965702436143,0.91690922974063,-5.98656932845605,1.38777878078145e-17,3.5527136788005e-15,3.88578058618805e-16,2.22044604925031e-16,0,2.66453525910038e-15,FALSE,FALSE
"Q8WXI7",-0.038066820949477,6.78949711173761,-0.271934114914758,0.785805800233445,0.91690922974063,-5.9695469254752,-0.038066820949477,6.78949711173761,-0.271934114914758,0.785805800233445,0.91690922974063,-5.9695469254752,0,4.44089209850063e-15,1.66533453693773e-16,4.44089209850063e-16,0,3.5527136788005e-15,FALSE,FALSE
"O95782",-0.0386913429582059,6.55989398713567,-0.271907459240893,0.785830853104069,0.91690922974063,-5.9818206449432,-0.0386913429582059,6.55989398713567,-0.271907459240893,0.785830853104069,0.91690922974063,-5.9818206449432,3.46944695195361e-17,8.88178419700125e-16,4.44089209850063e-16,3.33066907387547e-16,0,2.66453525910038e-15,FALSE,FALSE
"P28838",-0.0429690418189042,6.70490601472667,-0.270230781256959,0.78710782736443,0.917652540195604,-6.02164671233112,-0.0429690418189042,6.70490601472667,-0.270230781256959,0.78710782736443,0.917652540195604,-6.02164671233112,4.85722573273506e-17,8.88178419700125e-16,1.66533453693773e-16,2.22044604925031e-16,1.11022302462516e-16,4.44089209850063e-15,FALSE,FALSE
"P01817",-0.0498198583289167,8.75514128828976,-0.266373275852676,0.790065048475144,0.92035197360955,-6.03978764782532,-0.0498198583289167,8.75514128828976,-0.266373275852676,0.790065048475144,0.92035197360955,-6.03978764782532,3.46944695195361e-17,3.5527136788005e-15,2.22044604925031e-16,3.33066907387547e-16,0,8.88178419700125e-16,FALSE,FALSE
"Q6IBS0",0.0492677790522933,7.38936833867464,0.264464015846408,0.791554128003095,0.920982091123188,-5.96611047868272,0.0492677790522933,7.38936833867464,0.264464015846408,0.791554128003095,0.920982091123188,-5.96611047868272,6.93889390390723e-18,4.44089209850063e-15,5.55111512312578e-17,4.44089209850063e-16,2.22044604925031e-16,1.77635683940025e-15,FALSE,FALSE
"P61981",0.0371001392542567,7.59094897029432,0.26400589746129,0.791890459103829,0.920982091123188,-6.03690998881863,0.0371001392542567,7.59094897029432,0.26400589746129,0.791890459103829,0.920982091123188,-6.03690998881863,0,8.88178419700125e-16,4.9960036108132e-16,2.22044604925031e-16,2.22044604925031e-16,8.88178419700125e-16,FALSE,FALSE
"P06681",0.0450924300475108,10.8469637887999,0.260195967536134,0.794815890190276,0.92363532133943,-6.08584652051978,0.0450924300475108,10.8469637887999,0.260195967536134,0.794815890190276,0.92363532133943,-6.08584652051978,4.85722573273506e-17,3.73034936274053e-14,1.66533453693773e-16,4.44089209850063e-16,2.22044604925031e-16,8.88178419700125e-16,FALSE,FALSE
"P02790",0.0439130187915655,15.0135403054659,0.257463978093392,0.796922747590166,0.925015495580695,-6.08652122787725,0.0439130187915655,15.0135403054659,0.257463978093392,0.796922747590166,0.925015495580695,-6.08652122787725,6.93889390390723e-18,3.37507799486048e-14,3.88578058618805e-16,0,4.44089209850063e-16,3.5527136788005e-15,FALSE,FALSE
"O95445",-0.0162735884753804,13.7308689348061,-0.256983171089679,0.797293690751562,0.925015495580695,-6.08663923389253,-0.0162735884753804,13.7308689348061,-0.256983171089679,0.797293690751562,0.925015495580695,-6.08663923389253,6.93889390390723e-18,1.06581410364015e-14,1.66533453693773e-16,2.22044604925031e-16,4.44089209850063e-16,1.77635683940025e-15,FALSE,FALSE
"P08185",-0.035483560633601,10.3594173246589,-0.254466447555621,0.799236093266885,0.926519448459752,-6.08725332334496,-0.035483560633601,10.3594173246589,-0.25446644755562,0.799236093266885,0.926519448459752,-6.08725332334495,2.77555756156289e-17,3.37507799486048e-14,4.9960036108132e-16,1.11022302462516e-16,1.11022302462516e-16,5.32907051820075e-15,FALSE,FALSE
"Q01973",-0.0454261543683732,9.27094987607461,-0.252280766690478,0.800947292765092,0.926589195883748,-5.9714801206305,-0.0454261543683732,9.27094987607461,-0.252280766690478,0.800947292765092,0.926589195883748,-5.9714801206305,4.16333634234434e-17,0,4.44089209850063e-16,1.11022302462516e-16,4.44089209850063e-16,2.66453525910038e-15,FALSE,FALSE
"Q14019",0.0432210844440952,7.91779830501664,0.251909209054982,0.801219834627861,0.926589195883748,-6.05009959163678,0.0432210844440952,7.91779830501664,0.251909209054982,0.801219834627861,0.926589195883748,-6.05009959163678,2.77555756156289e-17,8.88178419700125e-16,1.66533453693773e-16,4.44089209850063e-16,4.44089209850063e-16,2.66453525910038e-15,FALSE,FALSE
"P01031",-0.0289807502744015,11.1023038508442,-0.251878546856806,0.801234730052893,0.926589195883748,-6.08787847953652,-0.0289807502744015,11.1023038508442,-0.251878546856806,0.801234730052893,0.926589195883748,-6.08787847953651,0,4.61852778244065e-14,2.77555756156289e-16,4.44089209850063e-16,4.44089209850063e-16,5.32907051820075e-15,FALSE,FALSE
"P00918",-0.0390312899148402,10.490286440996,-0.250870871333621,0.802013312122155,0.926742215618992,-6.088120174439,-0.0390312899148402,10.490286440996,-0.250870871333621,0.802013312122155,0.926742215618992,-6.088120174439,2.77555756156289e-17,3.01980662698043e-14,5.55111512312578e-17,4.44089209850063e-16,4.44089209850063e-16,8.88178419700125e-16,FALSE,FALSE
"P62081",-0.0316953529671151,6.82648193393613,-0.249380826469829,0.803186247855735,0.926976839290615,-5.97069882398505,-0.0316953529671151,6.82648193393613,-0.249380826469829,0.803186247855735,0.926976839290615,-5.97069882398505,2.08166817117217e-17,8.88178419700125e-16,5.55111512312578e-17,0,4.44089209850063e-16,8.88178419700125e-16,FALSE,FALSE
"Q96PL5",-0.0321519088548028,7.09352915068074,-0.248964479675809,0.803509212857904,0.926976839290615,-6.0020828896125,-0.0321519088548028,7.09352915068074,-0.248964479675809,0.803509212857904,0.926976839290615,-6.0020828896125,6.93889390390723e-18,3.5527136788005e-15,2.4980018054066e-16,4.44089209850063e-16,4.44089209850063e-16,2.66453525910038e-15,FALSE,FALSE
"Q08495",-0.0407879836267107,8.89784463417336,-0.246432093437235,0.805451052864273,0.928100875766269,-6.06000840318592,-0.0407879836267107,8.89784463417336,-0.246432093437235,0.805451052864273,0.928100875766269,-6.06000840318592,4.16333634234434e-17,1.77635683940025e-15,1.94289029309402e-16,4.44089209850063e-16,1.11022302462516e-16,4.44089209850063e-15,FALSE,FALSE
"P08754",-0.0288811579172439,7.60478556702703,-0.246023014750704,0.805777956993727,0.928100875766269,-6.01144211114226,-0.0288811579172439,7.60478556702703,-0.246023014750704,0.805777956993727,0.928100875766269,-6.01144211114226,1.73472347597681e-17,8.88178419700125e-16,3.88578058618805e-16,1.11022302462516e-16,1.11022302462516e-16,0,FALSE,FALSE
"P01717",0.0424609627506314,11.3416003913519,0.242432361081132,0.808541008993165,0.930435980296642,-6.09010616415979,0.0424609627506314,11.3416003913519,0.242432361081132,0.808541008993165,0.930435980296642,-6.09010616415978,2.08166817117217e-17,3.5527136788005e-15,3.33066907387547e-16,5.55111512312578e-16,2.22044604925031e-16,5.32907051820075e-15,FALSE,FALSE
"P21980",0.0392254340705644,8.04439592981182,0.241663256663753,0.80914750148772,0.930435980296642,-6.05593097031228,0.0392254340705644,8.04439592981182,0.241663256663753,0.80914750148772,0.930435980296642,-6.05593097031228,4.85722573273506e-17,1.77635683940025e-15,2.77555756156289e-16,2.22044604925031e-16,2.22044604925031e-16,5.32907051820075e-15,FALSE,FALSE
"P43652",0.0398255005937234,12.1597625545238,0.239626372316256,0.810714599204513,0.930435980296642,-6.09075149965754,0.0398255005937234,12.1597625545238,0.239626372316256,0.810714599204513,0.930435980296642,-6.09075149965754,3.46944695195361e-17,3.01980662698043e-14,3.33066907387547e-16,1.11022302462516e-16,2.22044604925031e-16,8.88178419700125e-16,FALSE,FALSE
"Q9NTK5",-0.0295874859656031,7.6016897265331,-0.238955518395289,0.811236712873063,0.930435980296642,-6.07981629215931,-0.0295874859656031,7.6016897265331,-0.238955518395289,0.811236712873063,0.930435980296642,-6.07981629215931,2.08166817117217e-17,8.88178419700125e-16,0,0,2.22044604925031e-16,4.44089209850063e-15,FALSE,FALSE
"Q9UBS4",0.0296916510172114,6.91900621964598,0.238877893338498,0.811325554049567,0.930435980296642,-5.98650248516459,0.0296916510172114,6.91900621964598,0.238877893338498,0.811325554049567,0.930435980296642,-5.98650248516459,1.38777878078145e-17,8.88178419700125e-16,3.60822483003176e-16,1.11022302462516e-16,2.22044604925031e-16,3.5527136788005e-15,FALSE,FALSE
"Q02817",0.0364744307279725,7.84585650726423,0.238374448539844,0.811698334275522,0.930435980296642,-6.0233310320864,0.0364744307279725,7.84585650726423,0.238374448539844,0.811698334275522,0.930435980296642,-6.0233310320864,2.08166817117217e-17,2.66453525910038e-15,4.44089209850063e-16,2.22044604925031e-16,2.22044604925031e-16,2.66453525910038e-15,FALSE,FALSE
"P98066",0.0308562707442226,7.79306000620868,0.23559371732289,0.813871743643672,0.93218217283149,-5.97077492774901,0.0308562707442226,7.79306000620868,0.23559371732289,0.813871743643671,0.932182172831489,-5.97077492774901,6.93889390390723e-18,2.66453525910038e-15,3.60822483003176e-16,5.55111512312578e-16,5.55111512312578e-16,1.77635683940025e-15,FALSE,FALSE
"A0A075B6I0",-0.0523988674880318,12.0743134079055,-0.232448720554191,0.816290784057579,0.934206691411468,-6.03839516406878,-0.0523988674880318,12.0743134079055,-0.232448720554191,0.816290784057579,0.934206691411468,-6.03839516406878,0,1.95399252334028e-14,5.55111512312578e-17,3.33066907387547e-16,4.44089209850063e-16,8.88178419700125e-16,FALSE,FALSE
"Q96CX2",-0.021160483941439,6.51348152036878,-0.231427325983542,0.817097566613367,0.934384298663133,-5.9975964021254,-0.021160483941439,6.51348152036878,-0.231427325983542,0.817097566613367,0.934384298663133,-5.9975964021254,1.04083408558608e-17,1.77635683940025e-15,2.77555756156289e-17,4.44089209850063e-16,1.11022302462516e-16,3.5527136788005e-15,FALSE,FALSE
"P17844",-0.0393485425285292,11.6543248983876,-0.225310020240509,0.821832505687545,0.93787512835454,-6.04606522728903,-0.0393485425285292,11.6543248983876,-0.225310020240509,0.821832505687545,0.93787512835454,-6.04606522728903,4.85722573273506e-17,4.08562073062058e-14,2.4980018054066e-16,2.22044604925031e-16,3.33066907387547e-16,2.66453525910038e-15,FALSE,FALSE
"P06396",0.0231992374994867,15.190367794031,0.225089560571865,0.821998270242878,0.93787512835454,-6.09397449706926,0.0231992374994867,15.190367794031,0.225089560571865,0.821998270242878,0.93787512835454,-6.09397449706926,1.38777878078145e-17,1.4210854715202e-14,2.77555756156289e-17,2.22044604925031e-16,3.33066907387547e-16,1.77635683940025e-15,FALSE,FALSE
"Q7LDG7",-0.0386158681220126,6.64280281953585,-0.224543787446593,0.822451918134381,0.93787512835454,-5.97668531755097,-0.0386158681220126,6.64280281953585,-0.224543787446593,0.822451918134381,0.93787512835454,-5.97668531755097,3.46944695195361e-17,4.44089209850063e-15,1.11022302462516e-16,2.22044604925031e-16,3.33066907387547e-16,1.77635683940025e-15,FALSE,FALSE
"A0A087WSY6",-0.0412010006117107,11.7972508648719,-0.224140188319157,0.822766325990245,0.93787512835454,-5.94821623084983,-0.0412010006117107,11.7972508648719,-0.224140188319157,0.822766325990245,0.93787512835454,-5.94821623084983,2.77555756156289e-17,4.61852778244065e-14,2.77555756156289e-17,3.33066907387547e-16,3.33066907387547e-16,3.5527136788005e-15,FALSE,FALSE
"Q14203",0.0277293947328143,9.90182600939197,0.222042517337921,0.824370269419864,0.938425510380292,-6.08696917410686,0.0277293947328143,9.90182600939197,0.222042517337921,0.824370269419864,0.938425510380292,-6.08696917410686,2.77555756156289e-17,3.5527136788005e-15,2.4980018054066e-16,2.22044604925031e-16,4.44089209850063e-16,4.44089209850063e-15,FALSE,FALSE
"Q9NRW1",-0.0376336071788295,8.79400216046024,-0.221800361922516,0.824557979832056,0.938425510380292,-6.08893882953501,-0.0376336071788295,8.79400216046024,-0.221800361922516,0.824557979832056,0.938425510380292,-6.08893882953501,3.46944695195361e-17,3.5527136788005e-15,8.32667268468867e-17,1.11022302462516e-16,4.44089209850063e-16,2.66453525910038e-15,FALSE,FALSE
"Q86VP6",-0.0256104380445068,7.89533963043312,-0.218858639053267,0.826846272340934,0.939789545244289,-6.09529424802233,-0.0256104380445068,7.89533963043312,-0.218858639053267,0.826846272340934,0.939789545244289,-6.09529424802233,0,2.66453525910038e-15,3.60822483003176e-16,3.33066907387547e-16,2.22044604925031e-16,2.66453525910038e-15,FALSE,FALSE
"Q04760",0.0301455661327203,8.11450244942422,0.218585605095381,0.827067228799368,0.939789545244289,-6.04447487751654,0.0301455661327203,8.11450244942422,0.218585605095381,0.827067228799368,0.939789545244289,-6.04447487751654,4.85722573273506e-17,1.77635683940025e-15,1.38777878078145e-16,4.44089209850063e-16,2.22044604925031e-16,2.66453525910038e-15,FALSE,FALSE
"P50225",0.034666578578471,7.33280831682041,0.215518757594585,0.829464231576527,0.941645114211243,-6.00848673741178,0.034666578578471,7.33280831682041,0.215518757594585,0.829464231576527,0.941645114211243,-6.00848673741178,0,0,4.44089209850063e-16,4.44089209850063e-16,3.33066907387547e-16,3.5527136788005e-15,FALSE,FALSE
"P06276",0.0338092930254437,8.46951436682367,0.213626774949467,0.830924751048468,0.941645114211243,-6.0737776924987,0.0338092930254437,8.46951436682367,0.213626774949467,0.830924751048468,0.941645114211243,-6.0737776924987,3.46944695195361e-17,3.5527136788005e-15,2.4980018054066e-16,0,3.33066907387547e-16,0,FALSE,FALSE
"Q9BUF5",-0.0259997967688204,9.04100138955638,-0.213630992519728,0.830925240382946,0.941645114211243,-6.05402192902771,-0.0259997967688204,9.04100138955638,-0.213630992519728,0.830925240382946,0.941645114211243,-6.05402192902771,3.81639164714898e-17,3.5527136788005e-15,3.88578058618805e-16,1.11022302462516e-16,3.33066907387547e-16,0,FALSE,FALSE
"P41091",-0.0307631115142053,7.31056997367373,-0.21276872411137,0.831619508274862,0.941645114211243,-5.98292989200588,-0.0307631115142053,7.31056997367373,-0.21276872411137,0.831619508274862,0.941645114211243,-5.98292989200588,0,3.5527136788005e-15,4.16333634234434e-16,0,3.33066907387547e-16,1.77635683940025e-15,FALSE,FALSE
"P01714",-0.035465545982051,9.76009229430238,-0.212267559094521,0.831983514439083,0.941645114211243,-6.08793089690624,-0.035465545982051,9.76009229430238,-0.212267559094521,0.831983514439083,0.941645114211243,-6.08793089690624,1.38777878078145e-17,3.5527136788005e-15,3.05311331771918e-16,4.44089209850063e-16,3.33066907387547e-16,8.88178419700125e-16,FALSE,FALSE
"P14649",0.0384337391057432,10.3756028741508,0.210905199559678,0.833046730991154,0.942104899243939,-6.08031239144202,0.0384337391057432,10.3756028741508,0.210905199559678,0.833046730991154,0.942104899243939,-6.08031239144202,1.38777878078145e-17,4.08562073062058e-14,2.77555756156289e-16,2.22044604925031e-16,1.11022302462516e-16,4.44089209850063e-15,FALSE,FALSE
"Q68DL7",0.0350919307478907,10.9679462209372,0.206617159033889,0.836398797773823,0.944414211732423,-6.03850235322771,0.0350919307478907,10.9679462209372,0.206617159033889,0.836398797773823,0.944414211732423,-6.03850235322771,4.16333634234434e-17,5.32907051820075e-15,1.94289029309402e-16,4.44089209850063e-16,0,4.44089209850063e-15,FALSE,FALSE
"P00751",-0.0258841943386905,14.527263135654,-0.206596743579223,0.836405891841128,0.944414211732423,-6.09778323450266,-0.0258841943386905,14.527263135654,-0.206596743579223,0.836405891841128,0.944414211732423,-6.09778323450266,6.93889390390723e-18,4.44089209850063e-14,2.77555756156289e-17,3.33066907387547e-16,0,8.88178419700125e-16,FALSE,FALSE
"Q5QJ74",-0.0363100495021609,8.63125110941578,-0.203515199874186,0.838832218691045,0.94583527029724,-5.94634644411108,-0.0363100495021609,8.63125110941578,-0.203515199874186,0.838832218691045,0.94583527029724,-5.94634644411108,2.08166817117217e-17,1.77635683940025e-15,2.22044604925031e-16,3.33066907387547e-16,1.11022302462516e-16,5.32907051820075e-15,FALSE,FALSE
"P48059",0.0269047697868903,8.77399241964634,0.202901903519479,0.8392954885392,0.94583527029724,-6.07672178041006,0.0269047697868903,8.77399241964634,0.202901903519479,0.8392954885392,0.94583527029724,-6.07672178041006,3.12250225675825e-17,1.77635683940025e-15,2.4980018054066e-16,4.44089209850063e-16,1.11022302462516e-16,4.44089209850063e-15,FALSE,FALSE
"P30086",-0.026195517276598,7.91745905845327,-0.202457744437389,0.839643165333603,0.94583527029724,-6.06371767796819,-0.026195517276598,7.91745905845327,-0.202457744437389,0.839643165333603,0.94583527029724,-6.06371767796819,3.12250225675825e-17,8.88178419700125e-16,2.77555756156289e-16,1.11022302462516e-16,1.11022302462516e-16,8.88178419700125e-16,FALSE,FALSE
"P00387",0.0279297451454283,8.66386491759499,0.199232308820199,0.842160496238825,0.947926335640876,-6.09515355991477,0.0279297451454283,8.66386491759499,0.199232308820199,0.842160496238825,0.947926335640876,-6.09515355991477,4.16333634234434e-17,1.77635683940025e-15,3.05311331771918e-16,3.33066907387547e-16,4.44089209850063e-16,3.5527136788005e-15,FALSE,FALSE
"P12814",0.031478483222088,9.12387050747892,0.1978985902844,0.843201955620793,0.948354199498209,-6.09946186577713,0.031478483222088,9.12387050747892,0.1978985902844,0.843201955620793,0.948354199498209,-6.09946186577713,1.38777878078145e-17,0,1.66533453693773e-16,4.44089209850063e-16,1.11022302462516e-16,2.66453525910038e-15,FALSE,FALSE
"P43121",-0.0216003694432594,8.31401020765541,-0.197020644332605,0.843894331458668,0.948389084100102,-6.03912432871599,-0.0216003694432594,8.31401020765541,-0.197020644332605,0.843894331458668,0.948389084100102,-6.03912432871599,1.73472347597681e-17,5.32907051820075e-15,1.66533453693773e-16,2.22044604925031e-16,4.44089209850063e-16,0,FALSE,FALSE
"O75636",0.0297386793252041,11.3094926594842,0.194220834401528,0.846079026508277,0.950099705569984,-6.10014991287612,0.0297386793252041,11.3094926594842,0.194220834401528,0.846079026508277,0.950099705569984,-6.10014991287612,3.12250225675825e-17,2.30926389122033e-14,4.71844785465692e-16,2.22044604925031e-16,4.44089209850063e-16,3.5527136788005e-15,FALSE,FALSE
"Q9Y6B6",-0.0213360460593091,8.4033985635945,-0.192549477046115,0.847391822440183,0.950829321892975,-6.07203358997724,-0.0213360460593091,8.4033985635945,-0.192549477046115,0.847391822440183,0.950829321892975,-6.07203358997724,4.5102810375397e-17,1.77635683940025e-15,3.05311331771918e-16,1.11022302462516e-16,1.11022302462516e-16,8.88178419700125e-16,FALSE,FALSE
"Q9NP55",-0.0293833247600777,7.91997547259747,-0.191593794575657,0.848151993865209,0.950938201096724,-5.97572560911766,-0.0293833247600777,7.91997547259747,-0.191593794575657,0.848151993865209,0.950938201096724,-5.97572560911766,4.5102810375397e-17,1.77635683940025e-15,2.22044604925031e-16,0,2.22044604925031e-16,4.44089209850063e-15,FALSE,FALSE
"P11766",0.0401519214029324,8.20099014053407,0.18974268625672,0.849606875923785,0.951584057302064,-5.97813451818065,0.0401519214029324,8.20099014053407,0.18974268625672,0.849606875923785,0.951584057302064,-5.97813451818065,4.16333634234434e-17,3.5527136788005e-15,1.66533453693773e-16,2.22044604925031e-16,3.33066907387547e-16,4.44089209850063e-15,FALSE,FALSE
"P0DMV8;P0DMV9",0.0197296697742502,9.49332050639304,0.189142396581159,0.850055214368162,0.951584057302064,-6.1010787915561,0.0197296697742502,9.49332050639304,0.189142396581159,0.850055214368162,0.951584057302064,-6.1010787915561,3.12250225675825e-17,3.5527136788005e-15,1.94289029309402e-16,4.44089209850063e-16,3.33066907387547e-16,8.88178419700125e-16,FALSE,FALSE
"Q93008",0.0264888521561,6.39835283522996,0.188138680034054,0.850861114532639,0.951743243556789,-5.97679195919235,0.0264888521561,6.39835283522996,0.188138680034054,0.850861114532639,0.951743243556789,-5.97679195919235,2.77555756156289e-17,1.77635683940025e-15,2.77555756156289e-16,4.44089209850063e-16,2.22044604925031e-16,3.5527136788005e-15,FALSE,FALSE
"Q16543",0.0284410281048455,6.63260408707259,0.186591538747691,0.852078025578715,0.952361565611752,-5.96578169855546,0.0284410281048455,6.63260408707259,0.186591538747691,0.852078025578715,0.952361565611752,-5.96578169855546,0,4.44089209850063e-15,3.05311331771918e-16,2.22044604925031e-16,2.22044604925031e-16,2.66453525910038e-15,FALSE,FALSE
"P21589",-0.0169071031106185,7.1587932737054,-0.184652520637915,0.853586939933985,0.953204748806705,-6.04423846605397,-0.0169071031106185,7.1587932737054,-0.184652520637915,0.853586939933985,0.953204748806705,-6.04423846605397,6.93889390390723e-18,1.77635683940025e-15,4.16333634234434e-16,4.44089209850063e-16,3.33066907387547e-16,3.5527136788005e-15,FALSE,FALSE
"Q9Y566",-0.0164080332269272,13.2234153508551,-0.183917242334462,0.854161856496943,0.953204748806705,-6.03053376140567,-0.0164080332269272,13.2234153508551,-0.183917242334462,0.854161856496943,0.953204748806705,-6.03053376140567,1.38777878078145e-17,4.61852778244065e-14,1.11022302462516e-16,1.11022302462516e-16,3.33066907387547e-16,3.5527136788005e-15,FALSE,FALSE
"Q92614",0.0270681455448454,7.57484025169666,0.182501260897674,0.85527505795966,0.953704846900586,-6.01393075874196,0.0270681455448454,7.57484025169666,0.182501260897674,0.85527505795966,0.953704846900586,-6.01393075874196,2.08166817117217e-17,4.44089209850063e-15,1.38777878078145e-16,4.44089209850063e-16,4.44089209850063e-16,1.77635683940025e-15,FALSE,FALSE
"Q00610",-0.0273810498577642,9.12320043005344,-0.181172923556201,0.856302632082147,0.954108760222066,-6.10248685372944,-0.0273810498577642,9.12320043005344,-0.181172923556201,0.856302632082147,0.954108760222066,-6.10248685372943,3.81639164714898e-17,1.77635683940025e-15,0,2.22044604925031e-16,4.44089209850063e-16,5.32907051820075e-15,FALSE,FALSE
"Q9ULF5",-0.0367450485231302,9.85140039964801,-0.180044766482901,0.857193791136403,0.954205069753525,-6.05448360151044,-0.0367450485231302,9.85140039964801,-0.180044766482901,0.857193791136403,0.954205069753525,-6.05448360151044,6.93889390390723e-18,5.32907051820075e-15,4.44089209850063e-16,0,1.11022302462516e-16,2.66453525910038e-15,FALSE,FALSE
"Q9H2K2",0.0218472880283382,8.87031005019553,0.179391487234892,0.857719898823078,0.954205069753525,-5.98690557056643,0.0218472880283382,8.87031005019553,0.179391487234892,0.857719898823078,0.954205069753525,-5.98690557056643,4.16333634234434e-17,5.32907051820075e-15,4.71844785465692e-16,1.11022302462516e-16,1.11022302462516e-16,8.88178419700125e-16,FALSE,FALSE
"P21730",-0.0186831923183801,7.49316858795734,-0.175361789681689,0.860880976153786,0.956683530064735,-5.9718670577446,-0.0186831923183801,7.49316858795734,-0.175361789681689,0.860880976153786,0.956683530064735,-5.9718670577446,1.38777878078145e-17,1.77635683940025e-15,1.38777878078145e-16,1.11022302462516e-16,2.22044604925031e-16,4.44089209850063e-15,FALSE,FALSE
"Q92820",-0.0184662837513709,8.06584771571878,-0.174831842595009,0.861282034388823,0.956683530064735,-6.07977728042563,-0.0184662837513709,8.06584771571878,-0.174831842595009,0.861282034388823,0.956683530064735,-6.07977728042563,3.81639164714898e-17,0,4.16333634234434e-16,4.44089209850063e-16,2.22044604925031e-16,2.66453525910038e-15,FALSE,FALSE
"Q9BSL1",0.0229587000123805,7.71913091186005,0.172870425148214,0.862837641628645,0.957669642488759,-6.00679348885903,0.0229587000123805,7.71913091186005,0.172870425148214,0.862837641628645,0.957669642488759,-6.00679348885903,3.81639164714898e-17,2.66453525910038e-15,4.71844785465692e-16,4.44089209850063e-16,3.33066907387547e-16,8.88178419700125e-16,FALSE,FALSE
"P0DP02",0.0219046215667511,12.1586038216111,0.17074937255988,0.864487437080879,0.958608976863331,-6.10423704667357,0.0219046215667511,12.1586038216111,0.17074937255988,0.864487437080879,0.958608976863331,-6.10423704667357,3.46944695195361e-18,3.19744231092045e-14,2.77555756156289e-17,3.33066907387547e-16,2.22044604925031e-16,4.44089209850063e-15,FALSE,FALSE
"P13489",-0.0209204813603208,8.12442097283098,-0.170081028813627,0.865020931702336,0.958608976863331,-6.05721227310426,-0.0209204813603208,8.12442097283098,-0.170081028813627,0.865020931702336,0.958608976863331,-6.05721227310426,3.46944695195361e-17,1.77635683940025e-15,4.71844785465692e-16,2.22044604925031e-16,2.22044604925031e-16,2.66453525910038e-15,FALSE,FALSE
"P06310",-0.0220769571968162,11.3699859535672,-0.166880841494158,0.867529490082548,0.959352695398628,-6.10295880121997,-0.0220769571968162,11.3699859535672,-0.166880841494158,0.867529490082548,0.959352695398628,-6.10295880121997,3.81639164714898e-17,2.30926389122033e-14,4.44089209850063e-16,1.11022302462516e-16,3.33066907387547e-16,4.44089209850063e-15,FALSE,FALSE
"Q93098",-0.0237519237691153,11.138634560808,-0.164190907243547,0.869654812326422,0.959352695398628,-6.01536242569235,-0.0237519237691153,11.138634560808,-0.164190907243547,0.869654812326422,0.959352695398628,-6.01536242569235,2.08166817117217e-17,1.59872115546023e-14,2.77555756156289e-16,2.22044604925031e-16,3.33066907387547e-16,2.66453525910038e-15,FALSE,FALSE
"Q7L576",-0.021539060798407,7.06837324067094,-0.163428766207242,0.870248990189934,0.959352695398628,-6.07481031968487,-0.021539060798407,7.06837324067094,-0.163428766207242,0.870248990189934,0.959352695398628,-6.07481031968487,4.85722573273506e-17,1.77635683940025e-15,3.05311331771918e-16,2.22044604925031e-16,3.33066907387547e-16,1.77635683940025e-15,FALSE,FALSE
"P05156",-0.0277779175051798,11.9175031779048,-0.16336648857523,0.870293530727576,0.959352695398628,-6.10541397300219,-0.0277779175051798,11.9175031779048,-0.16336648857523,0.870293530727576,0.959352695398628,-6.10541397300219,2.77555756156289e-17,4.08562073062058e-14,4.9960036108132e-16,1.11022302462516e-16,3.33066907387547e-16,4.44089209850063e-15,FALSE,FALSE
"A0A075B6H9",-0.0308229681250989,10.7077033239488,-0.163270670680618,0.87037030931331,0.959352695398628,-6.09474719097617,-0.0308229681250989,10.7077033239488,-0.163270670680618,0.87037030931331,0.959352695398628,-6.09474719097617,1.73472347597681e-17,4.79616346638068e-14,8.32667268468867e-17,2.22044604925031e-16,3.33066907387547e-16,8.88178419700125e-16,FALSE,FALSE
"O75223",0.017495993947275,7.46750190751441,0.162710610406632,0.870814542908314,0.959352695398628,-6.05431635870796,0.017495993947275,7.46750190751441,0.162710610406632,0.870814542908314,0.959352695398628,-6.05431635870796,3.12250225675825e-17,0,1.38777878078145e-16,4.44089209850063e-16,3.33066907387547e-16,4.44089209850063e-15,FALSE,FALSE
"P07947",-0.0178155872255701,8.41154250434541,-0.162518321266346,0.870962378715624,0.959352695398628,-6.09120839997251,-0.0178155872255701,8.41154250434541,-0.162518321266346,0.870962378715624,0.959352695398628,-6.09120839997251,1.73472347597681e-17,3.5527136788005e-15,1.94289029309402e-16,4.44089209850063e-16,3.33066907387547e-16,2.66453525910038e-15,FALSE,FALSE
"P50148",0.0212308565572208,7.41826653762854,0.162191716558898,0.871226165550642,0.959352695398628,-6.06027642953131,0.0212308565572208,7.41826653762854,0.162191716558898,0.871226165550642,0.959352695398628,-6.06027642953131,1.04083408558608e-17,3.5527136788005e-15,2.22044604925031e-16,4.44089209850063e-16,3.33066907387547e-16,3.5527136788005e-15,FALSE,FALSE
"Q5TDH0",0.0244412104161249,7.72150725202322,0.161512844788188,0.871768747531906,0.959352695398628,-6.02045753785085,0.0244412104161249,7.72150725202322,0.161512844788188,0.871768747531906,0.959352695398628,-6.02045753785085,3.46944695195361e-18,2.66453525910038e-15,3.60822483003176e-16,4.44089209850063e-16,3.33066907387547e-16,5.32907051820075e-15,FALSE,FALSE
"P43487",0.0238583884460777,8.53349385615196,0.160720118149082,0.872382088423857,0.959352695398628,-6.06206215903821,0.0238583884460777,8.53349385615196,0.160720118149082,0.872382088423857,0.959352695398628,-6.06206215903821,1.73472347597681e-17,3.5527136788005e-15,2.22044604925031e-16,3.33066907387547e-16,3.33066907387547e-16,4.44089209850063e-15,FALSE,FALSE
"P80748",0.0339810494340202,10.6982061096295,0.157296335087513,0.875080539127368,0.960702710255662,-6.00866744379058,0.0339810494340202,10.6982061096295,0.157296335087513,0.875080539127368,0.960702710255662,-6.00866744379058,4.85722573273506e-17,2.66453525910038e-14,1.94289029309402e-16,2.22044604925031e-16,3.33066907387547e-16,2.66453525910038e-15,FALSE,FALSE
"O95810",0.0290009119898063,8.6981532830752,0.156073148563563,0.87603717124698,0.960702710255662,-6.0974797122293,0.0290009119898063,8.6981532830752,0.156073148563563,0.87603717124698,0.960702710255662,-6.0974797122293,4.5102810375397e-17,3.5527136788005e-15,3.60822483003176e-16,4.44089209850063e-16,3.33066907387547e-16,4.44089209850063e-15,FALSE,FALSE
"P06576",0.0293007494247615,7.44942043714986,0.154775729703795,0.877071672576504,0.960702710255662,-6.01924654278717,0.0293007494247615,7.44942043714986,0.154775729703795,0.877071672576504,0.960702710255662,-6.01924654278717,3.81639164714898e-17,2.66453525910038e-15,2.77555756156289e-16,2.22044604925031e-16,3.33066907387547e-16,4.44089209850063e-15,FALSE,FALSE
"P02775",0.0237844761063517,15.281641962055,0.154154098666232,0.877548205174318,0.960702710255662,-6.10680961074751,0.0237844761063517,15.281641962055,0.154154098666232,0.877548205174318,0.960702710255662,-6.10680961074751,3.46944695195361e-18,1.77635683940025e-14,3.60822483003176e-16,2.22044604925031e-16,3.33066907387547e-16,0,FALSE,FALSE
"P13473",-0.0222105656937739,7.35724220164884,-0.153416742985468,0.878141016472035,0.960702710255662,-5.97846191952659,-0.0222105656937739,7.35724220164884,-0.153416742985468,0.878141016472035,0.960702710255662,-5.97846191952659,1.38777878078145e-17,2.66453525910038e-15,4.16333634234434e-16,4.44089209850063e-16,3.33066907387547e-16,8.88178419700125e-16,FALSE,FALSE
"A0A0C4DH67",0.0202418468314676,8.28984084694474,0.152882467277558,0.878557338358274,0.960702710255662,-6.05628975732819,0.0202418468314676,8.28984084694474,0.152882467277558,0.878557338358274,0.960702710255662,-6.05628975732819,3.12250225675825e-17,3.5527136788005e-15,1.11022302462516e-16,2.22044604925031e-16,3.33066907387547e-16,4.44089209850063e-15,FALSE,FALSE
"Q13526",-0.0216077286087053,8.50291568798007,-0.152032233633677,0.879234936964212,0.960702710255662,-5.99012338089582,-0.0216077286087053,8.50291568798007,-0.152032233633677,0.879234936964212,0.960702710255662,-5.99012338089582,0,5.32907051820075e-15,1.38777878078145e-16,3.33066907387547e-16,3.33066907387547e-16,3.5527136788005e-15,FALSE,FALSE
"O95466",0.0164275830051981,6.12674271442572,0.149934302873295,0.880886489796465,0.960702710255662,-6.02339781190752,0.0164275830051981,6.12674271442572,0.149934302873295,0.880886489796465,0.960702710255662,-6.02339781190752,1.38777878078145e-17,2.66453525910038e-15,4.16333634234434e-16,2.22044604925031e-16,3.33066907387547e-16,1.77635683940025e-15,FALSE,FALSE
"P20073",0.0185943157358688,7.05300774943943,0.148826492017509,0.881755967705659,0.960702710255662,-6.05516338097463,0.0185943157358688,7.05300774943943,0.148826492017509,0.881755967705659,0.960702710255662,-6.05516338097462,1.73472347597681e-17,3.5527136788005e-15,4.71844785465692e-16,4.44089209850063e-16,3.33066907387547e-16,5.32907051820075e-15,FALSE,FALSE
"P18206",0.0237192263112131,9.12417010865966,0.1486181286459,0.881912739067438,0.960702710255662,-6.10760933504292,0.0237192263112131,9.12417010865966,0.1486181286459,0.881912739067438,0.960702710255662,-6.10760933504292,4.85722573273506e-17,1.77635683940025e-15,2.4980018054066e-16,0,3.33066907387547e-16,0,FALSE,FALSE
"P01706",-0.0275992868305455,11.433814067945,-0.148216177511255,0.882232208089789,0.960702710255662,-6.08890815744402,-0.0275992868305455,11.433814067945,-0.148216177511255,0.882232208089789,0.960702710255662,-6.08890815744402,3.46944695195361e-17,3.01980662698043e-14,3.33066907387547e-16,4.44089209850063e-16,3.33066907387547e-16,2.66453525910038e-15,FALSE,FALSE
"Q96P67",-0.0262517854021507,10.1279413159114,-0.14819741240329,0.882261915831847,0.960702710255662,-5.97030728562403,-0.0262517854021507,10.1279413159114,-0.14819741240329,0.882261915831847,0.960702710255662,-5.97030728562403,2.77555756156289e-17,7.105427357601e-15,1.66533453693773e-16,4.44089209850063e-16,3.33066907387547e-16,1.77635683940025e-15,FALSE,FALSE
"O75368",0.020826808778307,7.35854027388178,0.147818297031554,0.882551280368392,0.960702710255662,-6.03891138342965,0.020826808778307,7.35854027388178,0.147818297031554,0.882551280368392,0.960702710255662,-6.03891138342965,3.46944695195361e-18,8.88178419700125e-16,2.4980018054066e-16,4.44089209850063e-16,3.33066907387547e-16,4.44089209850063e-15,FALSE,FALSE
"P55056",0.0118522931528044,12.4475615596113,0.146096455806083,0.883902015599986,0.960702710255662,-6.10796392134529,0.0118522931528044,12.4475615596113,0.146096455806083,0.883902015599986,0.960702710255662,-6.10796392134529,5.03069808033274e-17,1.4210854715202e-14,2.4980018054066e-16,1.11022302462516e-16,3.33066907387547e-16,4.44089209850063e-15,FALSE,FALSE
"O00299",-0.0161536094630979,10.2654260656412,-0.145673792518129,0.88423551493711,0.960702710255662,-6.10802276064537,-0.0161536094630979,10.2654260656412,-0.145673792518129,0.88423551493711,0.960702710255662,-6.10802276064537,4.85722573273506e-17,1.77635683940025e-15,4.71844785465692e-16,2.22044604925031e-16,3.33066907387547e-16,8.88178419700125e-16,FALSE,FALSE
"P23526",-0.0204604896465508,8.03183262475543,-0.145561168339441,0.884328854628643,0.960702710255662,-6.06809459952442,-0.0204604896465508,8.03183262475543,-0.145561168339441,0.884328854628643,0.960702710255662,-6.06809459952442,1.73472347597681e-17,1.77635683940025e-15,0,4.44089209850063e-16,3.33066907387547e-16,4.44089209850063e-15,FALSE,FALSE
"P17900",0.0143411588872526,7.53298427407839,0.140964754363504,0.887959549915497,0.963916725646346,-6.06584292955029,0.0143411588872526,7.53298427407839,0.140964754363504,0.887959549915497,0.963916725646346,-6.06584292955029,2.60208521396521e-17,3.5527136788005e-15,3.60822483003176e-16,3.33066907387547e-16,0,2.66453525910038e-15,FALSE,FALSE
"P02763",-0.0310732097216331,12.0592377645924,-0.137127439405184,0.890983284966653,0.966410035228151,-6.10917593562207,-0.0310732097216331,12.0592377645924,-0.137127439405184,0.890983284966653,0.966410035228151,-6.10917593562206,2.42861286636753e-17,3.19744231092045e-14,1.66533453693773e-16,2.22044604925031e-16,1.11022302462516e-16,5.32907051820075e-15,FALSE,FALSE
"Q5SYB0",0.0177745293647131,11.0917581825276,0.136342939531355,0.891604237522206,0.966410035228151,-6.09524698740278,0.0177745293647131,11.0917581825276,0.136342939531355,0.891604237522206,0.966410035228151,-6.09524698740278,3.12250225675825e-17,1.59872115546023e-14,2.22044604925031e-16,2.22044604925031e-16,1.11022302462516e-16,2.66453525910038e-15,FALSE,FALSE
"Q9Y251",-0.0227594809233169,6.87029089089925,-0.134910955241557,0.892751067873401,0.966661691294047,-6.01121809755789,-0.0227594809233169,6.87029089089925,-0.134910955241557,0.892751067873401,0.966661691294047,-6.01121809755789,2.08166817117217e-17,8.88178419700125e-16,3.88578058618805e-16,2.22044604925031e-16,1.11022302462516e-16,1.77635683940025e-15,FALSE,FALSE
"O75165",0.0248118098102665,7.6100268827371,0.132325494994021,0.894791664377873,0.966661691294047,-6.00885544357031,0.0248118098102665,7.6100268827371,0.132325494994021,0.894791664377873,0.966661691294047,-6.00885544357031,3.81639164714898e-17,2.66453525910038e-15,4.9960036108132e-16,4.44089209850063e-16,1.11022302462516e-16,1.77635683940025e-15,FALSE,FALSE
"P38606",0.0205628041259427,6.60261101412467,0.130046029478365,0.896587787908305,0.966661691294047,-6.04778168034987,0.0205628041259427,6.60261101412467,0.130046029478365,0.896587787908305,0.966661691294047,-6.04778168034987,1.04083408558608e-17,1.77635683940025e-15,3.05311331771918e-16,3.33066907387547e-16,1.11022302462516e-16,4.44089209850063e-15,FALSE,FALSE
"Q15907",-0.0162599582640919,8.95502711134975,-0.129228603527947,0.897227159706335,0.966661691294047,-6.10790832683583,-0.0162599582640919,8.95502711134975,-0.129228603527947,0.897227159706335,0.966661691294047,-6.10790832683583,2.08166817117217e-17,1.77635683940025e-15,2.4980018054066e-16,4.44089209850063e-16,1.11022302462516e-16,4.44089209850063e-15,FALSE,FALSE
"P52566",0.0163212188493009,8.90501773137236,0.128287469515661,0.897971895265228,0.966661691294047,-6.10181242914731,0.0163212188493009,8.90501773137236,0.128287469515661,0.897971895265228,0.966661691294047,-6.10181242914731,3.46944695195361e-17,3.5527136788005e-15,4.71844785465692e-16,0,1.11022302462516e-16,1.77635683940025e-15,FALSE,FALSE
"P00558",0.0155752744541768,9.7820827112913,0.127803857802464,0.898353740450812,0.966661691294047,-6.11035449445171,0.0155752744541768,9.7820827112913,0.127803857802464,0.898353740450812,0.966661691294047,-6.11035449445171,3.46944695195361e-17,3.5527136788005e-15,3.33066907387547e-16,1.11022302462516e-16,1.11022302462516e-16,2.66453525910038e-15,FALSE,FALSE
"Q9BX67",-0.0232551776833798,8.84899437266257,-0.127764685943522,0.898393491255208,0.966661691294047,-6.0084766056783,-0.0232551776833798,8.84899437266257,-0.127764685943522,0.898393491255208,0.966661691294047,-6.0084766056783,1.38777878078145e-17,1.77635683940025e-15,3.60822483003176e-16,0,1.11022302462516e-16,4.44089209850063e-15,FALSE,FALSE
"P78371",-0.0162781642294316,7.32778451365005,-0.125934666552656,0.899834203380476,0.966661691294047,-6.09563229347206,-0.0162781642294316,7.32778451365005,-0.125934666552656,0.899834203380476,0.966661691294047,-6.09563229347206,2.42861286636753e-17,8.88178419700125e-16,1.66533453693773e-16,1.11022302462516e-16,1.11022302462516e-16,8.88178419700125e-16,FALSE,FALSE
"P07738",0.0261485150383987,8.43357348372746,0.125168572771388,0.900443663148835,0.966661691294047,-6.07052363400522,0.0261485150383987,8.43357348372746,0.125168572771388,0.900443663148835,0.966661691294047,-6.07052363400522,4.5102810375397e-17,3.5527136788005e-15,1.66533453693773e-16,1.11022302462516e-16,1.11022302462516e-16,1.77635683940025e-15,FALSE,FALSE
"Q13201",0.0182162742878536,13.5818124872409,0.124810467430155,0.900721965713829,0.966661691294047,-6.11071528734219,0.0182162742878536,13.5818124872409,0.124810467430155,0.900721965713829,0.966661691294047,-6.11071528734219,4.85722573273506e-17,3.37507799486048e-14,4.9960036108132e-16,2.22044604925031e-16,1.11022302462516e-16,4.44089209850063e-15,FALSE,FALSE
"Q8WVN8",0.0281006916871309,10.9107653093074,0.124348562789032,0.901093903235761,0.966661691294047,-6.05402117446751,0.0281006916871309,10.9107653093074,0.124348562789032,0.901093903235761,0.966661691294047,-6.05402117446751,1.73472347597681e-17,1.59872115546023e-14,2.91433543964104e-16,2.22044604925031e-16,1.11022302462516e-16,1.77635683940025e-15,FALSE,FALSE
"P78324;Q5TFQ8",0.0272769490193596,10.7139515858816,0.124243412649459,0.901178451909085,0.966661691294047,-6.05183803661699,0.0272769490193596,10.7139515858816,0.124243412649459,0.901178451909085,0.966661691294047,-6.05183803661699,2.08166817117217e-17,4.2632564145606e-14,5.55111512312578e-17,0,1.11022302462516e-16,2.66453525910038e-15,FALSE,FALSE
"P06744",0.0215643878224832,7.33467484437811,0.12335168202783,0.901883015530024,0.966661691294047,-6.05242337800481,0.0215643878224832,7.33467484437811,0.12335168202783,0.901883015530024,0.966661691294047,-6.05242337800481,4.5102810375397e-17,2.66453525910038e-15,1.38777878078145e-17,2.22044604925031e-16,1.11022302462516e-16,3.5527136788005e-15,FALSE,FALSE
"O43488",0.0173231043276472,7.07182046940648,0.122808056721928,0.902318603531983,0.966661691294047,-6.00815463635457,0.0173231043276472,7.07182046940648,0.122808056721928,0.902318603531983,0.966661691294047,-6.00815463635457,3.46944695195361e-17,4.44089209850063e-15,2.77555756156289e-16,3.33066907387547e-16,1.11022302462516e-16,8.88178419700125e-16,FALSE,FALSE
"P40121",-0.0175993680140305,6.6062492039543,-0.122639709828153,0.90245697198982,0.966661691294047,-5.94296270126637,-0.0175993680140305,6.6062492039543,-0.122639709828153,0.90245697198982,0.966661691294047,-5.94296270126637,3.46944695195361e-18,1.77635683940025e-15,4.85722573273506e-16,4.44089209850063e-16,1.11022302462516e-16,2.66453525910038e-15,FALSE,FALSE
"Q15366",-0.0168027735141143,7.52903571261691,-0.122418661991328,0.902622039499811,0.966661691294047,-6.04501752287346,-0.0168027735141143,7.52903571261691,-0.122418661991328,0.902622039499811,0.966661691294047,-6.04501752287346,0,1.77635683940025e-15,1.2490009027033e-16,2.22044604925031e-16,1.11022302462516e-16,1.77635683940025e-15,FALSE,FALSE
"P01861",-0.0209270250650295,13.8759859550291,-0.120239319475142,0.904340139920688,0.966773238179425,-6.11124974963373,-0.0209270250650295,13.8759859550291,-0.120239319475142,0.904340139920688,0.966773238179425,-6.11124974963373,2.42861286636753e-17,3.5527136788005e-15,3.60822483003176e-16,2.22044604925031e-16,4.44089209850063e-16,8.88178419700125e-16,FALSE,FALSE
"P60842",0.0153099877322953,7.57945332986004,0.119961968011494,0.904560929502721,0.966773238179425,-6.09354215750536,0.0153099877322953,7.57945332986004,0.119961968011494,0.904560929502721,0.966773238179425,-6.09354215750536,5.20417042793042e-18,0,2.22044604925031e-16,3.33066907387547e-16,4.44089209850063e-16,8.88178419700125e-16,FALSE,FALSE
"P28676",-0.0188051862251264,8.26663125603346,-0.119730926652612,0.904748734753688,0.966773238179425,-6.03924942588358,-0.0188051862251264,8.26663125603346,-0.119730926652612,0.904748734753688,0.966773238179425,-6.03924942588358,1.04083408558608e-17,0,2.4980018054066e-16,2.22044604925031e-16,4.44089209850063e-16,3.5527136788005e-15,FALSE,FALSE
"Q9H299",-0.0162113767342493,8.93409782314612,-0.11689158909818,0.906992473301255,0.967766987893675,-6.09805745116798,-0.0162113767342493,8.93409782314612,-0.11689158909818,0.906992473301255,0.967766987893675,-6.09805745116798,2.77555756156289e-17,5.32907051820075e-15,3.46944695195361e-16,3.33066907387547e-16,0,4.44089209850063e-15,FALSE,FALSE
"P06454",0.00976438336386209,10.8460514353362,0.116140143012108,0.907586872001759,0.967766987893675,-6.10626587933337,0.00976438336386209,10.8460514353362,0.116140143012108,0.907586872001759,0.967766987893675,-6.10626587933337,5.20417042793042e-18,4.9737991503207e-14,4.02455846426619e-16,0,0,0,FALSE,FALSE
"P15814",-0.0225750472674697,10.0688193695042,-0.114479815371481,0.908911308111697,0.967766987893675,-6.02181187001807,-0.0225750472674697,10.0688193695042,-0.114479815371481,0.908911308111697,0.967766987893675,-6.02181187001807,2.77555756156289e-17,2.48689957516035e-14,2.91433543964104e-16,1.11022302462516e-16,0,8.88178419700125e-16,FALSE,FALSE
"P37235",-0.0156156289833191,7.08199605951673,-0.114331648809462,0.909028186625278,0.967766987893675,-6.03074241114624,-0.0156156289833191,7.08199605951673,-0.114331648809462,0.909028186625278,0.967766987893675,-6.03074241114624,4.16333634234434e-17,4.44089209850063e-15,2.35922392732846e-16,2.22044604925031e-16,0,2.66453525910038e-15,FALSE,FALSE
"Q86UX7",0.0167757251077933,10.1858235340547,0.113602462864452,0.909596899915298,0.967766987893675,-6.11199024642539,0.0167757251077933,10.1858235340547,0.113602462864452,0.909596899915298,0.967766987893675,-6.11199024642539,4.85722573273506e-17,4.9737991503207e-14,2.63677968348475e-16,2.22044604925031e-16,0,2.66453525910038e-15,FALSE,FALSE
"P17858",0.0153676992060241,6.98373957697861,0.1134424469924,0.909727963515114,0.967766987893675,-6.07677713316476,0.0153676992060241,6.98373957697861,0.1134424469924,0.909727963515114,0.967766987893675,-6.07677713316476,1.73472347597681e-18,1.77635683940025e-15,4.02455846426619e-16,3.33066907387547e-16,0,1.77635683940025e-15,FALSE,FALSE
"P13797",0.0146427430945613,6.30121188898574,0.110497770043952,0.912074595719161,0.969245718726285,-5.97106902550829,0.0146427430945613,6.30121188898574,0.110497770043952,0.912074595719161,0.969245718726285,-5.97106902550829,3.81639164714898e-17,8.88178419700125e-16,3.60822483003176e-16,3.33066907387547e-16,3.33066907387547e-16,0,FALSE,FALSE
"A0A075B6P5;P01615",0.0169634108536538,9.76705372042536,0.109865520197968,0.912559110735584,0.969245718726285,-6.11032416340431,0.0169634108536538,9.76705372042536,0.109865520197968,0.912559110735584,0.969245718726285,-6.11032416340431,2.77555756156289e-17,1.77635683940025e-15,4.71844785465692e-16,1.11022302462516e-16,3.33066907387547e-16,3.5527136788005e-15,FALSE,FALSE
"P10644",0.0151201600289639,7.55584653349951,0.109132826354016,0.913145722454122,0.969245718726285,-6.05914350141286,0.0151201600289639,7.55584653349951,0.109132826354016,0.913145722454122,0.969245718726285,-6.05914350141286,1.90819582357449e-17,1.77635683940025e-15,2.91433543964104e-16,3.33066907387547e-16,3.33066907387547e-16,1.77635683940025e-15,FALSE,FALSE
"P00492",0.0158987257566219,6.93625329856206,0.10328943039022,0.917787102360463,0.973451704722562,-5.98209583870395,0.0158987257566219,6.93625329856206,0.10328943039022,0.917787102360463,0.973451704722562,-5.98209583870395,2.08166817117217e-17,3.5527136788005e-15,5.55111512312578e-17,3.33066907387547e-16,3.33066907387547e-16,2.66453525910038e-15,FALSE,FALSE
"P06702",0.0161941887179644,11.6268807621307,0.10143504016321,0.91924432787486,0.973522225210026,-6.11323864500716,0.0161941887179644,11.6268807621307,0.10143504016321,0.91924432787486,0.973522225210026,-6.11323864500716,6.93889390390723e-18,3.19744231092045e-14,8.32667268468867e-17,1.11022302462516e-16,3.33066907387547e-16,1.77635683940025e-15,FALSE,FALSE
"P06756",-0.010061966095134,6.77845393413756,-0.101443476535254,0.919245645398272,0.973522225210026,-5.99249595521494,-0.010061966095134,6.77845393413756,-0.101443476535254,0.919245645398272,0.973522225210026,-5.99249595521494,1.04083408558608e-17,4.44089209850063e-15,1.2490009027033e-16,4.44089209850063e-16,3.33066907387547e-16,3.5527136788005e-15,FALSE,FALSE
"P13798",-0.0133694746309416,8.14075648618334,-0.0998856701163383,0.920474530610429,0.973522225210026,-6.10468841727997,-0.0133694746309416,8.14075648618334,-0.0998856701163383,0.920474530610429,0.973522225210026,-6.10468841727997,2.42861286636753e-17,3.5527136788005e-15,2.77555756156289e-17,4.44089209850063e-16,3.33066907387547e-16,4.44089209850063e-15,FALSE,FALSE
"P22392",0.0138943648195013,7.5784641547145,0.0991261612350029,0.921084664197855,0.973522225210026,-6.04349757946161,0.0138943648195013,7.5784641547145,0.0991261612350029,0.921084664197855,0.973522225210026,-6.04349757946161,4.85722573273506e-17,2.66453525910038e-15,2.77555756156289e-17,0,3.33066907387547e-16,4.44089209850063e-15,FALSE,FALSE
"P35251",0.0217754709858919,9.23929673339768,0.0989245668009657,0.921248019253839,0.973522225210026,-5.98452629065327,0.0217754709858919,9.23929673339768,0.0989245668009657,0.921248019253839,0.973522225210026,-5.98452629065327,4.16333634234434e-17,1.77635683940025e-15,1.38777878078145e-17,3.33066907387547e-16,3.33066907387547e-16,1.77635683940025e-15,FALSE,FALSE
"P40197",-0.0116377462717843,8.7162800292999,-0.0937808040692738,0.92531950158404,0.975896955682167,-6.11395159518625,-0.0116377462717843,8.7162800292999,-0.0937808040692738,0.92531950158404,0.975896955682167,-6.11395159518625,3.46944695195361e-17,3.5527136788005e-15,0,0,3.33066907387547e-16,1.77635683940025e-15,FALSE,FALSE
"P68402",-0.010447062679539,7.93985334999542,-0.0934484309850984,0.925586423666401,0.975896955682167,-6.07242936225857,-0.010447062679539,7.93985334999542,-0.0934484309850984,0.925586423666401,0.975896955682167,-6.07242936225857,1.21430643318376e-17,5.32907051820075e-15,4.16333634234434e-17,2.22044604925031e-16,3.33066907387547e-16,1.77635683940025e-15,FALSE,FALSE
"P28070",-0.0134392936358596,7.12327044596719,-0.092219118924099,0.926570395586249,0.975896955682167,-5.97192246069813,-0.0134392936358596,7.12327044596719,-0.092219118924099,0.926570395586249,0.975896955682167,-5.97192246069813,5.20417042793042e-18,8.88178419700125e-16,0,2.22044604925031e-16,3.33066907387547e-16,4.44089209850063e-15,FALSE,FALSE
"Q9NUQ9",-0.00937524450704696,7.29107790280348,-0.0917239470726175,0.926954433904485,0.975896955682167,-6.08893544750538,-0.00937524450704696,7.29107790280348,-0.0917239470726175,0.926954433904485,0.975896955682167,-6.08893544750538,5.20417042793042e-18,0,1.38777878078145e-17,1.11022302462516e-16,3.33066907387547e-16,3.5527136788005e-15,FALSE,FALSE
"Q99536",0.00699042514233561,7.90859490254638,0.0913045759435022,0.927286251334838,0.975896955682167,-6.10740126825168,0.00699042514233561,7.90859490254638,0.0913045759435022,0.927286251334838,0.975896955682167,-6.10740126825168,0,2.66453525910038e-15,0,2.22044604925031e-16,3.33066907387547e-16,0,FALSE,FALSE
"P01624",-0.0113759608969239,12.7404701048851,-0.0898246477201131,0.928461241920661,0.975896955682167,-6.11429817419778,-0.0113759608969239,12.7404701048851,-0.0898246477201131,0.928461241920661,0.975896955682167,-6.11429817419778,4.16333634234434e-17,1.59872115546023e-14,2.77555756156289e-17,1.11022302462516e-16,3.33066907387547e-16,2.66453525910038e-15,FALSE,FALSE
"A0A075B6K5",0.0157167928038753,10.4280864652592,0.0889712682376561,0.929139092713525,0.975896955682167,-6.1143709762155,0.0157167928038753,10.4280864652592,0.0889712682376561,0.929139092713525,0.975896955682167,-6.1143709762155,2.08166817117217e-17,2.8421709430404e-14,1.38777878078145e-17,1.11022302462516e-16,3.33066907387547e-16,0,FALSE,FALSE
"P54577",-0.0145390848296634,8.01287685759732,-0.0883933309628037,0.929603160192821,0.975896955682167,-6.04644713451758,-0.0145390848296634,8.01287685759732,-0.0883933309628037,0.929603160192821,0.975896955682167,-6.04644713451758,2.60208521396521e-17,3.5527136788005e-15,2.77555756156289e-17,1.11022302462516e-16,3.33066907387547e-16,4.44089209850063e-15,FALSE,FALSE
"P62328",-0.0118417198204455,11.2201941674369,-0.0883660619406032,0.929620112595426,0.975896955682167,-6.11117858906597,-0.0118417198204455,11.2201941674369,-0.0883660619406032,0.929620112595426,0.975896955682167,-6.11117858906597,3.81639164714898e-17,4.79616346638068e-14,4.16333634234434e-17,2.22044604925031e-16,3.33066907387547e-16,3.5527136788005e-15,FALSE,FALSE
"Q15404",0.0126258472835747,9.75636250570372,0.086888175093193,0.930794001955204,0.976414483397047,-6.11402766596326,0.0126258472835747,9.75636250570372,0.086888175093193,0.930794001955204,0.976414483397047,-6.11402766596326,4.33680868994202e-17,1.77635683940025e-15,4.16333634234434e-17,3.33066907387547e-16,1.11022302462516e-16,2.66453525910038e-15,FALSE,FALSE
"Q9HBI1",0.0134872387487697,9.30077354214207,0.0853774518595377,0.931994590163296,0.976871159312244,-6.11055282307354,0.0134872387487697,9.30077354214207,0.0853774518595377,0.931994590163296,0.976871159312244,-6.11055282307354,2.94902990916057e-17,3.5527136788005e-15,4.16333634234434e-17,4.44089209850063e-16,1.11022302462516e-16,3.5527136788005e-15,FALSE,FALSE
"Q15942",0.0152660846976911,9.18954328451678,0.0846257405815813,0.932591783192791,0.976871159312244,-6.11124849215042,0.0152660846976911,9.18954328451678,0.0846257405815813,0.932591783192791,0.976871159312244,-6.11124849215042,1.56125112837913e-17,3.5527136788005e-15,4.16333634234434e-17,0,1.11022302462516e-16,3.5527136788005e-15,FALSE,FALSE
"P12931",-0.0142436265717976,7.22612233679061,-0.0836467304756352,0.933377014352074,0.976938144651829,-6.03285952573735,-0.0142436265717976,7.22612233679061,-0.0836467304756352,0.933377014352074,0.976938144651829,-6.03285952573735,3.64291929955129e-17,3.5527136788005e-15,2.77555756156289e-17,0,1.11022302462516e-16,2.66453525910038e-15,FALSE,FALSE
"P78423",-0.00913951280968384,10.3908854548977,-0.0814254254256141,0.93513510582652,0.976938144651829,-6.11442594039996,-0.00913951280968384,10.3908854548977,-0.0814254254256141,0.93513510582652,0.976938144651829,-6.11442594039996,3.46944695195361e-18,4.2632564145606e-14,1.38777878078145e-17,1.11022302462516e-16,1.11022302462516e-16,3.5527136788005e-15,FALSE,FALSE
"P40227",-0.0117009329152928,7.60400439812665,-0.0813607803945148,0.935189338241279,0.976938144651829,-6.08211003011183,-0.0117009329152928,7.60400439812665,-0.0813607803945148,0.935189338241279,0.976938144651829,-6.08211003011183,3.81639164714898e-17,3.5527136788005e-15,2.77555756156289e-17,3.33066907387547e-16,1.11022302462516e-16,8.88178419700125e-16,FALSE,FALSE
"O15145",0.0109840930707161,8.17446424303002,0.0811171752106639,0.935380803770545,0.976938144651829,-6.09905385806589,0.0109840930707161,8.17446424303002,0.0811171752106639,0.935380803770545,0.976938144651829,-6.09905385806589,2.77555756156289e-17,3.5527136788005e-15,1.38777878078145e-17,1.11022302462516e-16,1.11022302462516e-16,1.77635683940025e-15,FALSE,FALSE
"P08133",-0.00755206868818448,9.34076333893893,-0.0759677299041225,0.939474069149912,0.980499137671743,-6.11539433878256,-0.00755206868818448,9.34076333893893,-0.0759677299041225,0.939474069149912,0.980499137671743,-6.11539433878256,3.46944695195361e-18,0,4.16333634234434e-17,2.22044604925031e-16,4.44089209850063e-16,1.77635683940025e-15,FALSE,FALSE
"P61978",0.0106408700889933,7.4412428072953,0.0719446494859642,0.942675457676325,0.982588442800485,-6.08962026086589,0.0106408700889933,7.4412428072953,0.0719446494859642,0.942675457676325,0.982588442800485,-6.08962026086589,1.90819582357449e-17,1.77635683940025e-15,4.16333634234434e-17,3.33066907387547e-16,2.22044604925031e-16,3.5527136788005e-15,FALSE,FALSE
"P50991",0.0114141642278209,8.07318497551057,0.0710652518496112,0.943374318862396,0.982588442800485,-6.09712062706986,0.0114141642278209,8.07318497551057,0.0710652518496112,0.943374318862396,0.982588442800485,-6.09712062706986,3.29597460435593e-17,0,1.38777878078145e-17,3.33066907387547e-16,2.22044604925031e-16,1.77635683940025e-15,FALSE,FALSE
"A2NJV5",0.00917861996403424,11.2133011808804,0.0695106111790609,0.944609981271888,0.982588442800485,-6.11584255038774,0.00917861996403424,11.2133011808804,0.0695106111790609,0.944609981271888,0.982588442800485,-6.11584255038774,0,1.4210854715202e-14,2.77555756156289e-17,4.44089209850063e-16,2.22044604925031e-16,1.77635683940025e-15,FALSE,FALSE
"Q96K76",-0.0116494333621713,6.11480742205963,-0.0694225730820922,0.944690011842923,0.982588442800485,-5.96144039021443,-0.0116494333621713,6.11480742205963,-0.0694225730820922,0.944690011842923,0.982588442800485,-5.96144039021443,2.08166817117217e-17,1.77635683940025e-15,1.38777878078145e-17,2.22044604925031e-16,2.22044604925031e-16,1.77635683940025e-15,FALSE,FALSE
"Q13418",-0.0095785220461817,9.40625799848527,-0.0688699902637703,0.945119652661413,0.982588442800485,-6.11588484867324,-0.0095785220461817,9.40625799848527,-0.0688699902637703,0.945119652661413,0.982588442800485,-6.11588484867324,3.46944695195361e-18,3.5527136788005e-15,1.38777878078145e-17,2.22044604925031e-16,2.22044604925031e-16,3.5527136788005e-15,FALSE,FALSE
"P25789",0.00807001934777318,8.1728785997245,0.0682843663663377,0.945587204368667,0.982588442800485,-6.08064619742052,0.00807001934777318,8.1728785997245,0.0682843663663377,0.945587204368667,0.982588442800485,-6.08064619742052,3.46944695195361e-18,1.77635683940025e-15,4.16333634234434e-17,3.33066907387547e-16,2.22044604925031e-16,4.44089209850063e-15,FALSE,FALSE
"Q15833",-0.0117430612056566,7.2884459124441,-0.0667607808794463,0.946801115149053,0.982654412078046,-6.05739642800094,-0.0117430612056566,7.2884459124441,-0.0667607808794463,0.946801115149053,0.982654412078046,-6.05739642800094,1.73472347597681e-18,1.77635683940025e-15,0,4.44089209850063e-16,0,4.44089209850063e-15,FALSE,FALSE
"P30048",0.0111049598267883,7.14800510076298,0.0664887972094346,0.947021197693068,0.982654412078046,-6.00708300305373,0.0111049598267883,7.14800510076298,0.0664887972094346,0.947021197693068,0.982654412078046,-6.00708300305373,2.60208521396521e-17,4.44089209850063e-15,2.77555756156289e-17,0,0,1.77635683940025e-15,FALSE,FALSE
"P31146",0.00799924343874459,9.3771647002772,0.0623211324967784,0.950331204862543,0.983907423404606,-6.11522043806843,0.00799924343874459,9.3771647002772,0.0623211324967784,0.950331204862543,0.983907423404606,-6.11522043806843,5.20417042793042e-18,3.5527136788005e-15,6.93889390390723e-18,3.33066907387547e-16,3.33066907387547e-16,3.5527136788005e-15,FALSE,FALSE
"P02787",-0.0113618631009658,13.0689381564924,-0.0616378609079664,0.950874973380642,0.983907423404606,-6.11633519820304,-0.0113618631009658,13.0689381564924,-0.0616378609079664,0.950874973380642,0.983907423404606,-6.11633519820304,3.64291929955129e-17,2.30926389122033e-14,1.38777878078145e-17,0,3.33066907387547e-16,1.77635683940025e-15,FALSE,FALSE
"Q99497",-0.00837535086782104,8.74573045486422,-0.0606679755349226,0.951648545918969,0.983907423404606,-6.07882719211926,-0.00837535086782104,8.74573045486422,-0.0606679755349226,0.951648545918969,0.983907423404606,-6.07882719211926,1.73472347597681e-18,0,4.16333634234434e-17,0,3.33066907387547e-16,1.77635683940025e-15,FALSE,FALSE
"P52907",0.00679021084001086,9.00731496348031,0.0598422017724555,0.952304501187584,0.983907423404606,-6.11484221442409,0.00679021084001086,9.00731496348031,0.0598422017724555,0.952304501187584,0.983907423404606,-6.11484221442409,2.60208521396521e-18,3.5527136788005e-15,4.16333634234434e-17,3.33066907387547e-16,3.33066907387547e-16,5.32907051820075e-15,FALSE,FALSE
"P47756",0.00857598629379019,9.01833240279725,0.0592513511056354,0.952774956378668,0.983907423404606,-6.11419453321827,0.00857598629379019,9.01833240279725,0.0592513511056354,0.952774956378668,0.983907423404606,-6.11419453321827,3.46944695195361e-18,1.77635683940025e-15,1.38777878078145e-17,4.44089209850063e-16,3.33066907387547e-16,8.88178419700125e-16,FALSE,FALSE
"P24844",0.00951774996087273,8.21613779895918,0.0586156317088306,0.953282880047645,0.983907423404606,-6.06626040269935,0.00951774996087273,8.21613779895918,0.0586156317088306,0.953282880047645,0.983907423404606,-6.06626040269935,5.20417042793042e-18,1.77635683940025e-15,6.93889390390723e-18,3.33066907387547e-16,3.33066907387547e-16,8.88178419700125e-16,FALSE,FALSE
"P14618",0.00708283541630905,9.90762554767167,0.0574142773574752,0.954237305073948,0.983907423404606,-6.11657511784992,0.00708283541630905,9.90762554767167,0.0574142773574752,0.954237305073948,0.983907423404606,-6.11657511784992,2.60208521396521e-18,1.77635683940025e-15,6.93889390390723e-18,0,3.33066907387547e-16,4.44089209850063e-15,FALSE,FALSE
"P26583",0.00935488800009665,7.82840264011142,0.0568761756391576,0.954669558602028,0.983907423404606,-6.02815173623944,0.00935488800009665,7.82840264011142,0.0568761756391576,0.954669558602028,0.983907423404606,-6.02815173623945,0,3.5527136788005e-15,3.46944695195361e-17,1.11022302462516e-16,3.33066907387547e-16,5.32907051820075e-15,FALSE,FALSE
"Q8NBS9",-0.0067803716967223,7.95624233795867,-0.0565453629327497,0.954931359044562,0.983907423404606,-6.06438107412961,-0.0067803716967223,7.95624233795867,-0.0565453629327497,0.954931359044562,0.983907423404606,-6.06438107412961,1.73472347597681e-18,3.5527136788005e-15,6.93889390390723e-18,3.33066907387547e-16,3.33066907387547e-16,0,FALSE,FALSE
"Q9UL46",-0.00578481437663925,7.71556122699062,-0.056343859329717,0.955090051170999,0.983907423404606,-6.10711559598129,-0.00578481437663925,7.71556122699062,-0.056343859329717,0.955090051170999,0.983907423404606,-6.10711559598129,3.46944695195361e-18,3.5527136788005e-15,4.16333634234434e-17,3.33066907387547e-16,3.33066907387547e-16,1.77635683940025e-15,FALSE,FALSE
"P25788",0.00668575717777564,7.65030621360933,0.0540609155682418,0.956909050146571,0.985073638126477,-6.07001473510335,0.00668575717777564,7.65030621360933,0.0540609155682418,0.956909050146571,0.985073638126477,-6.07001473510335,1.73472347597681e-18,4.44089209850063e-15,2.77555756156289e-17,4.44089209850063e-16,2.22044604925031e-16,3.5527136788005e-15,FALSE,FALSE
"P02144",0.00860368555267765,7.74751368795713,0.0526556602946673,0.958032065089588,0.985522224776521,-5.94820411958262,0.00860368555267765,7.74751368795713,0.0526556602946673,0.958032065089588,0.985522224776521,-5.94820411958262,3.46944695195361e-18,4.44089209850063e-15,2.77555756156289e-17,1.11022302462516e-16,4.44089209850063e-16,4.44089209850063e-15,FALSE,FALSE
"P31946",-0.00600887483545165,10.2183421075278,-0.0512000930009778,0.959185792526557,0.986001739414397,-6.11689716500184,-0.00600887483545165,10.2183421075278,-0.0512000930009778,0.959185792526557,0.986001739414397,-6.11689716500184,0,4.9737991503207e-14,2.77555756156289e-17,4.44089209850063e-16,1.11022302462516e-16,0,FALSE,FALSE
"O75347",-0.00795288426037821,7.5960979704737,-0.0500366043786623,0.960118095597803,0.986226157124641,-5.99050338468046,-0.00795288426037821,7.5960979704737,-0.0500366043786623,0.960118095597803,0.986226157124641,-5.99050338468046,1.73472347597681e-18,4.44089209850063e-15,2.08166817117217e-17,3.33066907387547e-16,3.33066907387547e-16,1.77635683940025e-15,FALSE,FALSE
"P61019",-0.00711348306993198,7.09333030123776,-0.0483230024929153,0.961480620711203,0.986226157124641,-6.04335681555498,-0.00711348306993198,7.09333030123776,-0.0483230024929153,0.961480620711203,0.986226157124641,-6.04335681555498,8.67361737988404e-19,2.66453525910038e-15,6.93889390390723e-18,2.22044604925031e-16,3.33066907387547e-16,0,FALSE,FALSE
"Q13404",0.00710217521234657,7.46645275315594,0.0478557698270864,0.961856558386167,0.986226157124641,-5.97565418496191,0.00710217521234657,7.46645275315594,0.0478557698270864,0.961856558386167,0.986226157124641,-5.97565418496191,3.46944695195361e-18,4.44089209850063e-15,4.85722573273506e-17,1.11022302462516e-16,3.33066907387547e-16,1.77635683940025e-15,FALSE,FALSE
"P15531",-0.00604622712803504,8.38759452844259,-0.0470327869073852,0.962505668174216,0.986226157124641,-6.10099842957119,-0.00604622712803504,8.38759452844259,-0.0470327869073852,0.962505668174216,0.986226157124641,-6.10099842957119,1.73472347597681e-18,3.5527136788005e-15,2.77555756156289e-17,1.11022302462516e-16,3.33066907387547e-16,2.66453525910038e-15,FALSE,FALSE
"Q15848",0.00639084811706958,7.7711434570152,0.0461325023527341,0.963225637989191,0.986226157124641,-6.04033201406406,0.00639084811706958,7.7711434570152,0.0461325023527341,0.963225637989191,0.986226157124641,-6.04033201406406,8.67361737988404e-19,3.5527136788005e-15,1.38777878078145e-17,4.44089209850063e-16,3.33066907387547e-16,1.77635683940025e-15,FALSE,FALSE
"P32119",-0.0072808518861347,12.1770416152324,-0.0454690203693011,0.963750970704583,0.986226157124641,-6.11716151068784,-0.0072808518861347,12.1770416152324,-0.045469020369301,0.963750970704583,0.986226157124641,-6.11716151068784,1.73472347597681e-18,3.73034936274053e-14,5.55111512312578e-17,3.33066907387547e-16,3.33066907387547e-16,8.88178419700125e-16,FALSE,FALSE
"P50395",0.00473647120884735,8.84589954259532,0.0433401209217471,0.965447091489005,0.986226157124641,-6.11725172215068,0.00473647120884735,8.84589954259532,0.0433401209217471,0.965447091489005,0.986226157124641,-6.11725172215068,1.73472347597681e-18,1.77635683940025e-15,2.08166817117217e-17,2.22044604925031e-16,3.33066907387547e-16,4.44089209850063e-15,FALSE,FALSE
"P24666",-0.00609565532258394,8.17394931800359,-0.04326408589599,0.9655113104115,0.986226157124641,-6.01802396348959,-0.00609565532258394,8.17394931800359,-0.04326408589599,0.9655113104115,0.986226157124641,-6.01802396348959,2.60208521396521e-18,3.5527136788005e-15,3.46944695195361e-17,0,3.33066907387547e-16,1.77635683940025e-15,FALSE,FALSE
"Q13885",-0.00506948465275947,9.84143435867908,-0.0430483381762261,0.965679732111036,0.986226157124641,-6.10879194477053,-0.00506948465275947,9.84143435867908,-0.0430483381762261,0.965679732111036,0.986226157124641,-6.10879194477053,8.67361737988404e-19,1.77635683940025e-15,1.38777878078145e-17,3.33066907387547e-16,3.33066907387547e-16,1.77635683940025e-15,FALSE,FALSE
"P61006",0.0045903624638548,7.8498519733006,0.0422938006187486,0.966281555620725,0.986226157124641,-6.09829831749486,0.0045903624638548,7.8498519733006,0.0422938006187486,0.966281555620725,0.986226157124641,-6.09829831749486,2.60208521396521e-18,3.5527136788005e-15,2.77555756156289e-17,3.33066907387547e-16,3.33066907387547e-16,0,FALSE,FALSE
"Q13642",0.00600631914227989,9.01164399220687,0.0407468014806214,0.967514850099816,0.986304079254046,-6.0962328831345,0.00600631914227989,9.01164399220687,0.0407468014806214,0.967514850099816,0.986304079254046,-6.0962328831345,2.60208521396521e-18,1.77635683940025e-15,3.46944695195361e-17,3.33066907387547e-16,0,3.5527136788005e-15,FALSE,FALSE
"Q9Y376",-0.0048641208927398,6.89473151519236,-0.0403647094812941,0.967821249324857,0.986304079254046,-6.03234801286568,-0.0048641208927398,6.89473151519236,-0.0403647094812941,0.967821249324857,0.986304079254046,-6.03234801286568,1.73472347597681e-18,8.88178419700125e-16,3.46944695195361e-17,2.22044604925031e-16,0,0,FALSE,FALSE
"Q16643",-0.00636932396079271,6.81571424336733,-0.0395733349537444,0.968452952005055,0.986304079254046,-5.99864931819104,-0.00636932396079271,6.81571424336733,-0.0395733349537444,0.968452952005055,0.986304079254046,-5.99864931819104,4.33680868994202e-18,2.66453525910038e-15,6.93889390390723e-18,2.22044604925031e-16,0,4.44089209850063e-15,FALSE,FALSE
"P05109",0.00638884952243224,11.374811309215,0.0381131727539895,0.969612115685825,0.986304079254046,-6.11745486709517,0.00638884952243224,11.374811309215,0.0381131727539895,0.969612115685825,0.986304079254046,-6.11745486709517,1.73472347597681e-18,4.61852778244065e-14,3.46944695195361e-17,2.22044604925031e-16,0,4.44089209850063e-15,FALSE,FALSE
"P20618",0.00463497847750105,7.57510109498544,0.0368673907602038,0.970606853400491,0.986304079254046,-6.04770527986302,0.00463497847750105,7.57510109498544,0.0368673907602038,0.970606853400491,0.986304079254046,-6.04770527986302,8.67361737988404e-19,1.77635683940025e-15,4.16333634234434e-17,0,0,4.44089209850063e-15,FALSE,FALSE
"P53990",0.00604828505648847,8.00666791547254,0.0357695158493778,0.971484320430318,0.986304079254046,-5.99140438516648,0.00604828505648847,8.00666791547254,0.0357695158493778,0.971484320430318,0.986304079254046,-5.99140438516648,2.60208521396521e-18,1.77635683940025e-15,0,2.22044604925031e-16,0,0,FALSE,FALSE
"P02749",0.00515989263516659,13.8718077363673,0.0357126681299293,0.971525211372776,0.986304079254046,-6.11753942620237,0.00515989263516659,13.8718077363673,0.0357126681299293,0.971525211372776,0.986304079254046,-6.11753942620237,4.33680868994202e-18,1.77635683940025e-15,6.93889390390723e-18,2.22044604925031e-16,0,0,FALSE,FALSE
"P38571",-0.00306331637039392,7.72585907088287,-0.0352971430507365,0.971860295666644,0.986304079254046,-5.98499351848799,-0.00306331637039392,7.72585907088287,-0.0352971430507365,0.971860295666644,0.986304079254046,-5.98499351848799,4.33680868994202e-19,1.77635683940025e-15,1.38777878078145e-17,4.44089209850063e-16,0,4.44089209850063e-15,FALSE,FALSE
"P05546",-0.00260534506102772,16.0905144451672,-0.0322275213466757,0.974303008262897,0.988083814603249,-6.11765240513014,-0.00260534506102772,16.0905144451672,-0.0322275213466757,0.974303008262897,0.988083814603249,-6.11765240513014,4.33680868994202e-19,3.19744231092045e-14,6.93889390390723e-18,1.11022302462516e-16,0,3.5527136788005e-15,FALSE,FALSE
"P60900",-0.00341915989401453,7.61762097464729,-0.0272003619894449,0.978311360641004,0.991447696932297,-6.06532584674605,-0.00341915989401453,7.61762097464729,-0.0272003619894449,0.978311360641004,0.991447696932297,-6.06532584674605,3.90312782094782e-18,2.66453525910038e-15,1.04083408558608e-17,3.33066907387547e-16,1.11022302462516e-16,2.66453525910038e-15,FALSE,FALSE
"P63010",0.00310399449567367,6.62330822243929,0.0247784636085558,0.980242285561218,0.991454699699316,-6.06405470825555,0.00310399449567367,6.62330822243929,0.0247784636085559,0.980242285561218,0.991454699699316,-6.06405470825555,2.60208521396521e-18,4.44089209850063e-15,5.20417042793042e-17,4.44089209850063e-16,0,2.66453525910038e-15,FALSE,FALSE
"P80511",0.0038843175424299,7.94284215439257,0.024378473017321,0.980561254502815,0.991454699699316,-6.05095006671584,0.0038843175424299,7.94284215439257,0.024378473017321,0.980561254502815,0.991454699699316,-6.05095006671584,4.77048955893622e-18,4.44089209850063e-15,2.42861286636753e-17,1.11022302462516e-16,0,1.77635683940025e-15,FALSE,FALSE
"P01619",0.00360872114751665,11.5039449401794,0.0241252110624417,0.980762031646227,0.991454699699316,-6.11626674172626,0.00360872114751665,11.5039449401794,0.0241252110624417,0.980762031646227,0.991454699699316,-6.11626674172626,3.03576608295941e-18,3.19744231092045e-14,6.93889390390723e-18,3.33066907387547e-16,0,4.44089209850063e-15,FALSE,FALSE
"P04908;P0C0S8;P20671;Q16777;Q6FI13;Q7L7L0;Q93077;Q96KK5;Q99878;Q9BTM1",-0.00304354413776942,12.3520710485,-0.023700668998873,0.981100489043059,0.991454699699316,-6.1178799512552,-0.00304354413776942,12.3520710485,-0.023700668998873,0.981100489043059,0.991454699699316,-6.1178799512552,3.90312782094782e-18,2.8421709430404e-14,3.12250225675825e-17,4.44089209850063e-16,0,1.77635683940025e-15,FALSE,FALSE
"P29401",-0.0030800012479677,6.6712970785812,-0.0228555769482562,0.981775225643674,0.991454699699316,-6.05677543072553,-0.0030800012479677,6.6712970785812,-0.0228555769482562,0.981775225643674,0.991454699699316,-6.05677543072554,8.67361737988404e-19,2.66453525910038e-15,3.46944695195361e-18,1.11022302462516e-16,0,5.32907051820075e-15,FALSE,FALSE
"P01709",-0.00405955179919282,11.8409095849418,-0.0215159429591607,0.982842676317457,0.991834199746117,-6.09416802164147,-0.00405955179919282,11.8409095849418,-0.0215159429591607,0.982842676317457,0.991834199746117,-6.09416802164147,2.60208521396521e-18,1.4210854715202e-14,2.42861286636753e-17,3.33066907387547e-16,4.44089209850063e-16,3.5527136788005e-15,FALSE,FALSE
"Q14247",0.00342373628435944,8.18664052884128,0.0203602402006355,0.983764954076447,0.992066768034898,-6.05199282883031,0.00342373628435944,8.18664052884128,0.0203602402006355,0.983764954076447,0.992066768034898,-6.05199282883031,4.77048955893622e-18,0,2.42861286636753e-17,4.44089209850063e-16,4.44089209850063e-16,0,FALSE,FALSE
"P00915",0.00338059851372208,11.9714019846895,0.0176454001865405,0.985928524803451,0.992402309916447,-6.11799940998914,0.00338059851372208,11.9714019846895,0.0176454001865405,0.985928524803451,0.992402309916447,-6.11799940998914,2.60208521396521e-18,1.24344978758018e-14,2.42861286636753e-17,1.11022302462516e-16,4.44089209850063e-16,2.66453525910038e-15,FALSE,FALSE
"Q92882",0.00303767778575903,7.56085153810065,0.0175598709833619,0.985998541434305,0.992402309916447,-5.98501109979853,0.00303767778575903,7.56085153810065,0.0175598709833619,0.985998541434305,0.992402309916447,-5.98501109979853,0,3.5527136788005e-15,4.16333634234434e-17,3.33066907387547e-16,4.44089209850063e-16,1.77635683940025e-15,FALSE,FALSE
"P19367",0.0042033955910723,7.41152132612373,0.0172078666195753,0.98627978010237,0.992402309916447,-5.97886552132461,0.0042033955910723,7.41152132612373,0.0172078666195753,0.98627978010237,0.992402309916447,-5.97886552132461,8.67361737988404e-19,8.88178419700125e-16,2.77555756156289e-17,1.11022302462516e-16,4.44089209850063e-16,4.44089209850063e-15,FALSE,FALSE
"Q3ZCW2",0.00318941238953929,7.55340015552602,0.0164719807870413,0.986865895356244,0.992402309916447,-5.99697297691915,0.00318941238953929,7.55340015552602,0.0164719807870413,0.986865895356244,0.992402309916447,-5.99697297691915,2.16840434497101e-18,0,1.73472347597681e-17,1.11022302462516e-16,4.44089209850063e-16,4.44089209850063e-15,FALSE,FALSE
"P01597;P04432",-0.00200924358369825,8.9481176277079,-0.0152780104446785,0.987816596693085,0.992461801598085,-6.09446824963978,-0.00200924358369825,8.9481176277079,-0.0152780104446785,0.987816596693085,0.992461801598085,-6.09446824963978,4.33680868994202e-19,3.5527136788005e-15,2.77555756156289e-17,4.44089209850063e-16,3.33066907387547e-16,3.5527136788005e-15,FALSE,FALSE
"Q9NY65",0.00261457268227439,7.66008430831414,0.0146613084327937,0.988309241758763,0.992461801598085,-6.01835499263509,0.00261457268227439,7.66008430831414,0.0146613084327937,0.988309241758763,0.992461801598085,-6.01835499263509,4.77048955893622e-18,2.66453525910038e-15,1.73472347597681e-18,2.22044604925031e-16,3.33066907387547e-16,0,FALSE,FALSE
"P23528",0.00166976240181604,10.7042326867001,0.0128668621509404,0.98973896098294,0.992605414614647,-6.11806897964962,0.00166976240181604,10.7042326867001,0.0128668621509404,0.98973896098294,0.992605414614647,-6.11806897964962,3.90312782094782e-18,3.37507799486048e-14,3.12250225675825e-17,2.22044604925031e-16,2.22044604925031e-16,0,FALSE,FALSE
"Q9UBQ6",0.00206558282764746,7.1458009847719,0.0127464466056089,0.989836640794243,0.992605414614647,-5.95549600011312,0.00206558282764746,7.1458009847719,0.0127464466056089,0.989836640794243,0.992605414614647,-5.95549600011312,8.67361737988404e-19,2.66453525910038e-15,1.90819582357449e-17,3.33066907387547e-16,2.22044604925031e-16,1.77635683940025e-15,FALSE,FALSE
"Q04917",-0.00154918105035495,7.50379226446109,-0.0105966516820033,0.991549614488579,0.993628334854383,-6.08948248412464,-0.00154918105035495,7.50379226446109,-0.0105966516820033,0.991549614488579,0.993628334854383,-6.08948248412464,3.03576608295941e-18,0,1.56125112837913e-17,0,1.11022302462516e-16,4.44089209850063e-15,FALSE,FALSE
"P08311",-0.00104242810049904,9.27041425886932,-0.00761145411765903,0.99392992964321,0.994573944392005,-6.11796701155923,-0.00104242810049904,9.27041425886932,-0.00761145411765903,0.99392992964321,0.994573944392005,-6.11796701155923,2.38524477946811e-18,0,3.46944695195361e-18,1.11022302462516e-16,4.44089209850063e-16,2.66453525910038e-15,FALSE,FALSE
"P02745",-0.0012008612117409,11.1660501725861,-0.00681288763166699,0.994566764158014,0.994573944392005,-6.11812582706242,-0.0012008612117409,11.1660501725861,-0.00681288763166699,0.994566764158014,0.994573944392005,-6.11812582706242,0,2.8421709430404e-14,4.33680868994202e-18,2.22044604925031e-16,4.44089209850063e-16,5.32907051820075e-15,FALSE,FALSE
"P0DPH7;P0DPH8",0.000992791594979892,11.0208180644804,0.00680388399449894,0.994573944392005,0.994573944392005,-6.11812588556068,0.000992791594979892,11.0208180644804,0.00680388399449894,0.994573944392005,0.994573944392005,-6.11812588556068,4.33680868994202e-19,7.105427357601e-15,0,4.44089209850063e-16,4.44089209850063e-16,8.88178419700125e-16,FALSE,FALSE
