"protein_1","protein_2","Gene_symbol_1","Gene_symbol_2","rho","pairwise_N"
"O00468","O14594","AGRN","NCAN",0.6857650194149,271
"O00468","O14786","AGRN","NRP1",0.654959843716084,271
"O00468","O15335","AGRN","CHAD",0.659296240021224,271
"O00468","O15466","AGRN","ST8SIA5",0.637547840162416,270
"O00468","O60279","AGRN","SUSD5",0.57935569061573,271
"O00468","O75487","AGRN","GPC4",0.714709087611322,270
"O00468","O75752","AGRN","B3GALNT1",0.531114563489862,269
"O00468","O75787","AGRN","ATP6AP2",0.678960760195837,271
"O00468","O94985","AGRN","CLSTN1",0.712064370643706,271
"O00468","O95196","AGRN","CSPG5",0.546541999078538,262
"O00468","O95967","AGRN","EFEMP2",0.398557822009447,270
"O00468","P01011","AGRN","SERPINA3",0.553398210452693,271
"O00468","P04004","AGRN","VTN",0.714385717386586,271
"O00468","P05019","AGRN","IGF1",0.370244651078812,265
"O00468","P05090","AGRN","APOD",0.476211923883945,271
"O00468","P05387","AGRN","RPLP2",0.568419413450615,267
"O00468","P06734","AGRN","FCER2",0.606377533707357,257
"O00468","P07359","AGRN","GP1BA",0.616322986759279,271
"O00468","P07585","AGRN","DCN",0.813333574512216,271
"O00468","P08294","AGRN","SOD3",0.531081325519138,271
"O00468","P08493","AGRN","MGP",0.709924511009816,271
"O00468","P09603","AGRN","CSF1",0.730119021778453,271
"O00468","P09619","AGRN","PDGFRB",0.476117864119818,271
"O00468","P12109","AGRN","COL6A1",0.719197839037214,271
"O00468","P12111","AGRN","COL6A3",0.62171876130526,271
"O00468","P13591","AGRN","NCAM1",0.707332440971469,271
"O00468","P13611","AGRN","VCAN",0.718799893881292,271
"O00468","P13942","AGRN","COL11A2",0.599474832983624,271
"O00468","P16112","AGRN","ACAN",0.681748788076116,271
"O00468","P19256","AGRN","CD58",0.543290043290043,253
"O00468","P22466","AGRN","GAL",0.41254684639859,236
"O00468","P26022","AGRN","PTX3",0.601035260352604,271
"O00468","P28906","AGRN","CD34",0.661554680130944,269
"O00468","P35052","AGRN","GPC1",0.643271712128886,271
"O00468","P35443","AGRN","THBS4",0.696733232038203,271
"O00468","P39059","AGRN","COL15A1",0.606317680823867,271
"O00468","P49641","AGRN","MAN2A2",0.683567879796445,271
"O00468","P49746","AGRN","THBS3",0.678740684465668,271
"O00468","P49747","AGRN","COMP",0.661726720208379,271
"O00468","P55290","AGRN","CDH13",0.589900031353255,271
"O00468","P78539","AGRN","SRPX",0.704150688565709,271
"O00468","P98160","AGRN","HSPG2",0.791418252417818,271
"O00468","Q06828","AGRN","FMOD",0.745796252080168,271
"O00468","Q08378","AGRN","GOLGA3",0.528146122212026,237
"O00468","Q0VD83","AGRN","APOBR",0.661290789378482,271
"O00468","Q13103","AGRN","SPP2",0.701480235390589,271
"O00468","Q13316","AGRN","DMP1",0.540146486610208,256
"O00468","Q13740","AGRN","ALCAM",0.495245158333936,271
"O00468","Q14515","AGRN","SPARCL1",0.666600945421219,271
"O00468","Q14520","AGRN","HABP2",0.675619829727709,271
"O00468","Q14956","AGRN","GPNMB",0.501870101624416,254
"O00468","Q16706","AGRN","MAN2A1",0.533270626823915,271
"O00468","Q53EL9","AGRN","SEZ6",0.536667981207778,241
"O00468","Q5JRA6","AGRN","MIA3",0.645874032269734,271
"O00468","Q6P4E1","AGRN","GOLM2",0.70624894484239,271
"O00468","Q6Q788","AGRN","APOA5",0.388245544220148,271
"O00468","Q6UVK1","AGRN","CSPG4",0.668413404722282,271
"O00468","Q6UWP8","AGRN","SBSN",0.524094373296674,271
"O00468","Q6YHK3","AGRN","CD109",0.605752116344693,271
"O00468","Q6ZRP7","AGRN","QSOX2",0.463280515158093,271
"O00468","Q7LGC8","AGRN","CHST3",0.715540964233172,271
"O00468","Q8IUX7","AGRN","AEBP1",0.725209825627668,271
"O00468","Q8IZF2","AGRN","ADGRF5",0.585935653474182,271
"O00468","Q8NG11","AGRN","TSPAN14",0.337361322887639,209
"O00468","Q8TB73","AGRN","NDNF",0.69135609441178,267
"O00468","Q8WWA0","AGRN","ITLN1",0.51856534741818,271
"O00468","Q92696","AGRN","RABGGTA",0.625317525080401,250
"O00468","Q92752","AGRN","TNR",0.502909962341664,254
"O00468","Q92859","AGRN","NEO1",0.701351204688518,271
"O00468","Q99715","AGRN","COL12A1",0.692343173431734,271
"O00468","Q99983","AGRN","OMD",0.589907266719726,271
"O00468","Q9BV94","AGRN","EDEM2",0.490373803918318,266
"O00468","Q9BYH1","AGRN","SEZ6L",0.744996141137882,271
"O00468","Q9H0B8","AGRN","CRISPLD2",0.456958287190845,216
"O00468","Q9H251","AGRN","CDH23",0.627021681981526,271
"O00468","Q9H2X3","AGRN","CLEC4M",0.438445169527593,266
"O00468","Q9HCM3","AGRN","KIAA1549",0.706768082386706,271
"O00468","Q9NR99","AGRN","MXRA5",0.731270047994597,271
"O00468","Q9NZ53","AGRN","PODXL2",0.59486229806536,270
"O00468","Q9UHF0","AGRN","TAC3",0.508995297230591,221
"O00468","Q9UKM7","AGRN","MAN1B1",0.516216868051033,271
"O00468","Q9Y240","AGRN","CLEC11A",0.717169524636423,271
"O00468","Q9Y274","AGRN","ST3GAL6",0.635516605166052,271
"O00468","Q9Y624","AGRN","F11R",0.415077573866055,265
"O14594","O14786","NCAN","NRP1",0.81659190121313,271
"O14594","O15335","NCAN","CHAD",0.787504522104045,271
"O14594","O15466","NCAN","ST8SIA5",0.666529795409478,270
"O14594","O60279","NCAN","SUSD5",0.683503364445409,271
"O14594","O75487","NCAN","GPC4",0.727715210237604,270
"O14594","O75752","NCAN","B3GALNT1",0.641604246425863,269
"O14594","O75787","NCAN","ATP6AP2",0.634622434459639,271
"O14594","O94985","NCAN","CLSTN1",0.849040108048139,271
"O14594","O95196","NCAN","CSPG5",0.720759682272468,262
"O14594","O95967","NCAN","EFEMP2",0.448360059808776,270
"O14594","P01011","NCAN","SERPINA3",0.579595060656489,271
"O14594","P04004","NCAN","VTN",0.752533584159371,271
"O14594","P05019","NCAN","IGF1",0.43866892789435,265
"O14594","P05090","NCAN","APOD",0.55407773195379,271
"O14594","P05387","NCAN","RPLP2",0.509030626204956,267
"O14594","P06734","NCAN","FCER2",0.617183258302416,257
"O14594","P07359","NCAN","GP1BA",0.682094276825121,271
"O14594","P07585","NCAN","DCN",0.789105346935822,271
"O14594","P08294","NCAN","SOD3",0.598271953307768,271
"O14594","P08493","NCAN","MGP",0.718667245495984,271
"O14594","P09603","NCAN","CSF1",0.776268600921303,271
"O14594","P09619","NCAN","PDGFRB",0.550963509635096,271
"O14594","P12109","NCAN","COL6A1",0.651254733135567,271
"O14594","P12111","NCAN","COL6A3",0.589164435762005,271
"O14594","P13591","NCAN","NCAM1",0.817699515230446,271
"O14594","P13611","NCAN","VCAN",0.777637894025999,271
"O14594","P13942","NCAN","COL11A2",0.724881822347635,271
"O14594","P16112","NCAN","ACAN",0.725276752767528,271
"O14594","P19256","NCAN","CD58",0.636212469488745,253
"O14594","P22466","NCAN","GAL",0.384348167455619,236
"O14594","P26022","NCAN","PTX3",0.62240973880327,271
"O14594","P28906","NCAN","CD34",0.645051693206828,269
"O14594","P35052","NCAN","GPC1",0.615041723946651,271
"O14594","P35443","NCAN","THBS4",0.726649663555459,271
"O14594","P39059","NCAN","COL15A1",0.707446397993392,271
"O14594","P49641","NCAN","MAN2A2",0.81110387574464,271
"O14594","P49746","NCAN","THBS3",0.731250753684007,271
"O14594","P49747","NCAN","COMP",0.693441743240962,271
"O14594","P55290","NCAN","CDH13",0.657929358705352,271
"O14594","P78539","NCAN","SRPX",0.746599980705689,271
"O14594","P98160","NCAN","HSPG2",0.795014832501266,271
"O14594","Q06828","NCAN","FMOD",0.792109832863034,271
"O14594","Q08378","NCAN","GOLGA3",0.52436722382581,237
"O14594","Q0VD83","NCAN","APOBR",0.707255263729108,271
"O14594","Q13103","NCAN","SPP2",0.713549429611943,271
"O14594","Q13316","NCAN","DMP1",0.715989785992218,256
"O14594","Q13740","NCAN","ALCAM",0.494997347032294,271
"O14594","Q14515","NCAN","SPARCL1",0.73155644791742,271
"O14594","Q14520","NCAN","HABP2",0.686881677640306,271
"O14594","Q14956","NCAN","GPNMB",0.638433105650215,254
"O14594","Q16706","NCAN","MAN2A1",0.594575283988134,271
"O14594","Q53EL9","NCAN","SEZ6",0.59075220328521,241
"O14594","Q5JRA6","NCAN","MIA3",0.567214142729663,271
"O14594","Q6P4E1","NCAN","GOLM2",0.814569616284398,271
"O14594","Q6Q788","NCAN","APOA5",0.362998335865712,271
"O14594","Q6UVK1","NCAN","CSPG4",0.727631261606734,271
"O14594","Q6UWP8","NCAN","SBSN",0.573859223886356,271
"O14594","Q6YHK3","NCAN","CD109",0.646371463714637,271
"O14594","Q6ZRP7","NCAN","QSOX2",0.578959554301425,271
"O14594","Q7LGC8","NCAN","CHST3",0.72726768444155,271
"O14594","Q8IUX7","NCAN","AEBP1",0.75113233485276,271
"O14594","Q8IZF2","NCAN","ADGRF5",0.674787762583508,271
"O14594","Q8NG11","NCAN","TSPAN14",0.218118723381881,209
"O14594","Q8TB73","NCAN","NDNF",0.652752752247885,267
"O14594","Q8WWA0","NCAN","ITLN1",0.522852904999638,271
"O14594","Q92696","NCAN","RABGGTA",0.655210867373878,250
"O14594","Q92752","NCAN","TNR",0.588709455958786,254
"O14594","Q92859","NCAN","NEO1",0.790278682198587,271
"O14594","Q99715","NCAN","COL12A1",0.728531461785206,271
"O14594","Q99983","NCAN","OMD",0.756157899814292,271
"O14594","Q9BV94","NCAN","EDEM2",0.493834012633874,266
"O14594","Q9BYH1","NCAN","SEZ6L",0.827278537491257,271
"O14594","Q9H0B8","NCAN","CRISPLD2",0.476999011657676,216
"O14594","Q9H251","NCAN","CDH23",0.64308540144225,271
"O14594","Q9H2X3","NCAN","CLEC4M",0.424805175967266,266
"O14594","Q9HCM3","NCAN","KIAA1549",0.669168294624123,271
"O14594","Q9NR99","NCAN","MXRA5",0.767811060463546,271
"O14594","Q9NZ53","NCAN","PODXL2",0.691036151997208,270
"O14594","Q9UHF0","NCAN","TAC3",0.482653117947236,221
"O14594","Q9UKM7","NCAN","MAN1B1",0.586581409931746,271
"O14594","Q9Y240","NCAN","CLEC11A",0.742653088295589,271
"O14594","Q9Y274","NCAN","ST3GAL6",0.609961893736584,271
"O14594","Q9Y624","NCAN","F11R",0.404623479797263,265
"O14786","O15335","NRP1","CHAD",0.759906422593638,271
"O14786","O15466","NRP1","ST8SIA5",0.596137121222513,270
"O14786","O60279","NRP1","SUSD5",0.690214166847551,271
"O14786","O75487","NRP1","GPC4",0.658980232925006,270
"O14786","O75752","NRP1","B3GALNT1",0.571541918659491,269
"O14786","O75787","NRP1","ATP6AP2",0.609586860574488,271
"O14786","O94985","NRP1","CLSTN1",0.756190458963413,271
"O14786","O95196","NRP1","CSPG5",0.615194579588852,262
"O14786","O95967","NRP1","EFEMP2",0.487091882071237,270
"O14786","P01011","NRP1","SERPINA3",0.503650242384777,271
"O14786","P04004","NRP1","VTN",0.72592733280274,271
"O14786","P05019","NRP1","IGF1",0.390980667792982,265
"O14786","P05090","NRP1","APOD",0.440463786990811,271
"O14786","P05387","NRP1","RPLP2",0.485503335733262,267
"O14786","P06734","NRP1","FCER2",0.646798790833409,257
"O14786","P07359","NRP1","GP1BA",0.693478523020524,271
"O14786","P07585","NRP1","DCN",0.787625111545233,271
"O14786","P08294","NRP1","SOD3",0.548829076526059,271
"O14786","P08493","NRP1","MGP",0.730823264114994,271
"O14786","P09603","NRP1","CSF1",0.727413597665388,271
"O14786","P09619","NRP1","PDGFRB",0.485071630128066,271
"O14786","P12109","NRP1","COL6A1",0.568167402262258,271
"O14786","P12111","NRP1","COL6A3",0.544161662204857,271
"O14786","P13591","NRP1","NCAM1",0.807463883462364,271
"O14786","P13611","NRP1","VCAN",0.719163471046475,271
"O14786","P13942","NRP1","COL11A2",0.679065673009671,271
"O14786","P16112","NRP1","ACAN",0.645049200492005,271
"O14786","P19256","NRP1","CD58",0.557215921132388,253
"O14786","P22466","NRP1","GAL",0.304042142358274,236
"O14786","P26022","NRP1","PTX3",0.575440151460338,271
"O14786","P28906","NRP1","CD34",0.660401215730517,269
"O14786","P35052","NRP1","GPC1",0.601050936979958,271
"O14786","P35443","NRP1","THBS4",0.703240238284736,271
"O14786","P39059","NRP1","COL15A1",0.710971830306538,271
"O14786","P49641","NRP1","MAN2A2",0.782048452837469,271
"O14786","P49746","NRP1","THBS3",0.771859850951451,271
"O14786","P49747","NRP1","COMP",0.738580179919446,271
"O14786","P55290","NRP1","CDH13",0.61419337722789,271
"O14786","P78539","NRP1","SRPX",0.72968550273738,271
"O14786","P98160","NRP1","HSPG2",0.780280611629646,271
"O14786","Q06828","NRP1","FMOD",0.774574319272604,271
"O14786","Q08378","NRP1","GOLGA3",0.410065463645231,237
"O14786","Q0VD83","NRP1","APOBR",0.681973084436727,271
"O14786","Q13103","NRP1","SPP2",0.619919566842727,271
"O14786","Q13316","NRP1","DMP1",0.679026235980773,256
"O14786","Q13740","NRP1","ALCAM",0.469065793599112,271
"O14786","Q14515","NRP1","SPARCL1",0.731294165882835,271
"O14786","Q14520","NRP1","HABP2",0.71759942599426,271
"O14786","Q14956","NRP1","GPNMB",0.681687650006316,254
"O14786","Q16706","NRP1","MAN2A1",0.608904927284567,271
"O14786","Q53EL9","NRP1","SEZ6",0.45717139329927,241
"O14786","Q5JRA6","NRP1","MIA3",0.490785760798784,271
"O14786","Q6P4E1","NRP1","GOLM2",0.818898777223066,271
"O14786","Q6Q788","NRP1","APOA5",0.389033596218315,271
"O14786","Q6UVK1","NRP1","CSPG4",0.786521718158358,271
"O14786","Q6UWP8","NRP1","SBSN",0.591421870101054,271
"O14786","Q6YHK3","NRP1","CD109",0.601571883365892,271
"O14786","Q6ZRP7","NRP1","QSOX2",0.539086655572438,271
"O14786","Q7LGC8","NRP1","CHST3",0.736127390685672,271
"O14786","Q8IUX7","NRP1","AEBP1",0.750944818271712,271
"O14786","Q8IZF2","NRP1","ADGRF5",0.693589465306418,271
"O14786","Q8NG11","NRP1","TSPAN14",0.142014564382985,209
"O14786","Q8TB73","NRP1","NDNF",0.571973283872099,267
"O14786","Q8WWA0","NRP1","ITLN1",0.488488531944143,271
"O14786","Q92696","NRP1","RABGGTA",0.654185570969136,250
"O14786","Q92752","NRP1","TNR",0.574956199528767,254
"O14786","Q92859","NRP1","NEO1",0.781768082386706,271
"O14786","Q99715","NRP1","COL12A1",0.735203072618961,271
"O14786","Q99983","NRP1","OMD",0.721475773581265,271
"O14786","Q9BV94","NRP1","EDEM2",0.488895866972923,266
"O14786","Q9BYH1","NRP1","SEZ6L",0.741491811976943,271
"O14786","Q9H0B8","NRP1","CRISPLD2",0.568814822753307,216
"O14786","Q9H251","NRP1","CDH23",0.577932735209705,271
"O14786","Q9H2X3","NRP1","CLEC4M",0.402215949030941,266
"O14786","Q9HCM3","NRP1","KIAA1549",0.626548368424861,271
"O14786","Q9NR99","NRP1","MXRA5",0.795696765791187,271
"O14786","Q9NZ53","NRP1","PODXL2",0.559298938714294,270
"O14786","Q9UHF0","NRP1","TAC3",0.475213181095534,221
"O14786","Q9UKM7","NRP1","MAN1B1",0.554071099534525,271
"O14786","Q9Y240","NRP1","CLEC11A",0.70586848515544,271
"O14786","Q9Y274","NRP1","ST3GAL6",0.57325687962762,271
"O14786","Q9Y624","NRP1","F11R",0.302843085415081,265
"O15335","O15466","CHAD","ST8SIA5",0.68214226380182,270
"O15335","O60279","CHAD","SUSD5",0.682163012806599,271
"O15335","O75487","CHAD","GPC4",0.701114022292639,270
"O15335","O75752","CHAD","B3GALNT1",0.547560832763074,269
"O15335","O75787","CHAD","ATP6AP2",0.651867327496804,271
"O15335","O94985","CHAD","CLSTN1",0.789692014567205,271
"O15335","O95196","CHAD","CSPG5",0.698477119087105,262
"O15335","O95967","CHAD","EFEMP2",0.410602492642027,270
"O15335","P01011","CHAD","SERPINA3",0.669659696596966,271
"O15335","P04004","CHAD","VTN",0.812420712442419,271
"O15335","P05019","CHAD","IGF1",0.412401501180051,265
"O15335","P05090","CHAD","APOD",0.482498251453103,271
"O15335","P05387","CHAD","RPLP2",0.536817895821223,267
"O15335","P06734","CHAD","FCER2",0.62633542778934,257
"O15335","P07359","CHAD","GP1BA",0.729850710271809,271
"O15335","P07585","CHAD","DCN",0.747662976629766,271
"O15335","P08294","CHAD","SOD3",0.579627016858404,271
"O15335","P08493","CHAD","MGP",0.807971565009768,271
"O15335","P09603","CHAD","CSF1",0.79022019631961,271
"O15335","P09619","CHAD","PDGFRB",0.564051081687287,271
"O15335","P12109","CHAD","COL6A1",0.628918553891421,271
"O15335","P12111","CHAD","COL6A3",0.585167498733811,271
"O15335","P13591","CHAD","NCAM1",0.822684079781974,271
"O15335","P13611","CHAD","VCAN",0.800816390516846,271
"O15335","P13942","CHAD","COL11A2",0.763408942912959,271
"O15335","P16112","CHAD","ACAN",0.755498275570991,271
"O15335","P19256","CHAD","CD58",0.618657845634908,253
"O15335","P22466","CHAD","GAL",0.3349066723879,236
"O15335","P26022","CHAD","PTX3",0.632509707450016,271
"O15335","P28906","CHAD","CD34",0.7253891632297,269
"O15335","P35052","CHAD","GPC1",0.671612642597014,271
"O15335","P35443","CHAD","THBS4",0.713972095603309,271
"O15335","P39059","CHAD","COL15A1",0.74720473675325,271
"O15335","P49641","CHAD","MAN2A2",0.835055953500711,271
"O15335","P49746","CHAD","THBS3",0.743869232809975,271
"O15335","P49747","CHAD","COMP",0.729432264910884,271
"O15335","P55290","CHAD","CDH13",0.612282637532258,271
"O15335","P78539","CHAD","SRPX",0.785107204013217,271
"O15335","P98160","CHAD","HSPG2",0.738727299037696,271
"O15335","Q06828","CHAD","FMOD",0.772545401924608,271
"O15335","Q08378","CHAD","GOLGA3",0.564890319998413,237
"O15335","Q0VD83","CHAD","APOBR",0.699536936545836,271
"O15335","Q13103","CHAD","SPP2",0.689248245423631,271
"O15335","Q13316","CHAD","DMP1",0.678857433051041,256
"O15335","Q13740","CHAD","ALCAM",0.549698526397029,271
"O15335","Q14515","CHAD","SPARCL1",0.71209512095121,271
"O15335","Q14520","CHAD","HABP2",0.773387116224103,271
"O15335","Q14956","CHAD","GPNMB",0.53354923868648,254
"O15335","Q16706","CHAD","MAN2A1",0.674328919759786,271
"O15335","Q53EL9","CHAD","SEZ6",0.493281266074552,241
"O15335","Q5JRA6","CHAD","MIA3",0.626843812555773,271
"O15335","Q6P4E1","CHAD","GOLM2",0.798415454742783,271
"O15335","Q6Q788","CHAD","APOA5",0.35105214287437,271
"O15335","Q6UVK1","CHAD","CSPG4",0.696979837445433,271
"O15335","Q6UWP8","CHAD","SBSN",0.711536188891301,271
"O15335","Q6YHK3","CHAD","CD109",0.705899838410149,271
"O15335","Q6ZRP7","CHAD","QSOX2",0.593120372380194,271
"O15335","Q7LGC8","CHAD","CHST3",0.770897547210766,271
"O15335","Q8IUX7","CHAD","AEBP1",0.761338422207751,271
"O15335","Q8IZF2","CHAD","ADGRF5",0.60981839230157,271
"O15335","Q8NG11","CHAD","TSPAN14",0.131645985593354,209
"O15335","Q8TB73","CHAD","NDNF",0.665185309408016,267
"O15335","Q8WWA0","CHAD","ITLN1",0.512464727588452,271
"O15335","Q92696","CHAD","RABGGTA",0.664893966303461,250
"O15335","Q92752","CHAD","TNR",0.479849220195999,254
"O15335","Q92859","CHAD","NEO1",0.843439331452138,271
"O15335","Q99715","CHAD","COL12A1",0.765687480404216,271
"O15335","Q99983","CHAD","OMD",0.770140848467308,271
"O15335","Q9BV94","CHAD","EDEM2",0.508877344941748,266
"O15335","Q9BYH1","CHAD","SEZ6L",0.808528085280853,271
"O15335","Q9H0B8","CHAD","CRISPLD2",0.488794817752057,216
"O15335","Q9H251","CHAD","CDH23",0.658323686178038,271
"O15335","Q9H2X3","CHAD","CLEC4M",0.463847449873358,266
"O15335","Q9HCM3","CHAD","KIAA1549",0.645162554566722,271
"O15335","Q9NR99","CHAD","MXRA5",0.769063381810289,271
"O15335","Q9NZ53","CHAD","PODXL2",0.642512395384177,270
"O15335","Q9UHF0","CHAD","TAC3",0.424984713220007,221
"O15335","Q9UKM7","CHAD","MAN1B1",0.518681113281721,271
"O15335","Q9Y240","CHAD","CLEC11A",0.717129127173625,271
"O15335","Q9Y274","CHAD","ST3GAL6",0.578254709017678,271
"O15335","Q9Y624","CHAD","F11R",0.305280568488116,265
"O15466","O60279","ST8SIA5","SUSD5",0.667002290840752,270
"O15466","O75487","ST8SIA5","GPC4",0.738209818318568,269
"O15466","O75752","ST8SIA5","B3GALNT1",0.568238115494399,269
"O15466","O75787","ST8SIA5","ATP6AP2",0.665461041227512,270
"O15466","O94985","ST8SIA5","CLSTN1",0.768794877539853,270
"O15466","O95196","ST8SIA5","CSPG5",0.665775743954212,261
"O15466","O95967","ST8SIA5","EFEMP2",0.372051144525205,269
"O15466","P01011","ST8SIA5","SERPINA3",0.586807927558829,270
"O15466","P04004","ST8SIA5","VTN",0.658887562853324,270
"O15466","P05019","ST8SIA5","IGF1",0.370293290897351,264
"O15466","P05090","ST8SIA5","APOD",0.520777453127691,270
"O15466","P05387","ST8SIA5","RPLP2",0.590385699280904,267
"O15466","P06734","ST8SIA5","FCER2",0.571592078771152,257
"O15466","P07359","ST8SIA5","GP1BA",0.686740406437521,270
"O15466","P07585","ST8SIA5","DCN",0.731846954157274,270
"O15466","P08294","ST8SIA5","SOD3",0.645309568337319,270
"O15466","P08493","ST8SIA5","MGP",0.687694542372933,270
"O15466","P09603","ST8SIA5","CSF1",0.760958769438995,270
"O15466","P09619","ST8SIA5","PDGFRB",0.535740621346734,270
"O15466","P12109","ST8SIA5","COL6A1",0.681299088083817,270
"O15466","P12111","ST8SIA5","COL6A3",0.664545924269652,270
"O15466","P13591","ST8SIA5","NCAM1",0.810788442456915,270
"O15466","P13611","ST8SIA5","VCAN",0.762667069049873,270
"O15466","P13942","ST8SIA5","COL11A2",0.670310978202719,270
"O15466","P16112","ST8SIA5","ACAN",0.70298449452896,270
"O15466","P19256","ST8SIA5","CD58",0.56291228835833,252
"O15466","P22466","ST8SIA5","GAL",0.387909634951864,236
"O15466","P26022","ST8SIA5","PTX3",0.62959223644281,270
"O15466","P28906","ST8SIA5","CD34",0.734795045836493,269
"O15466","P35052","ST8SIA5","GPC1",0.73885878635738,270
"O15466","P35443","ST8SIA5","THBS4",0.715549824643228,270
"O15466","P39059","ST8SIA5","COL15A1",0.65360353975287,270
"O15466","P49641","ST8SIA5","MAN2A2",0.770063603981765,270
"O15466","P49746","ST8SIA5","THBS3",0.70097989455731,270
"O15466","P49747","ST8SIA5","COMP",0.68948941534025,270
"O15466","P55290","ST8SIA5","CDH13",0.654317465107736,270
"O15466","P78539","ST8SIA5","SRPX",0.68847918962461,270
"O15466","P98160","ST8SIA5","HSPG2",0.743884308731563,270
"O15466","Q06828","ST8SIA5","FMOD",0.715757722632988,270
"O15466","Q08378","ST8SIA5","GOLGA3",0.595303719866525,236
"O15466","Q0VD83","ST8SIA5","APOBR",0.66453129215307,270
"O15466","Q13103","ST8SIA5","SPP2",0.664123421903364,270
"O15466","Q13316","ST8SIA5","DMP1",0.605358777752346,256
"O15466","Q13740","ST8SIA5","ALCAM",0.518788704615671,270
"O15466","Q14515","ST8SIA5","SPARCL1",0.693193779521438,270
"O15466","Q14520","ST8SIA5","HABP2",0.728195631398693,270
"O15466","Q14956","ST8SIA5","GPNMB",0.38179936006023,253
"O15466","Q16706","ST8SIA5","MAN2A1",0.6134243572919,270
"O15466","Q53EL9","ST8SIA5","SEZ6",0.636198175645554,241
"O15466","Q5JRA6","ST8SIA5","MIA3",0.683590843343377,270
"O15466","Q6P4E1","ST8SIA5","GOLM2",0.687367148764424,270
"O15466","Q6Q788","ST8SIA5","APOA5",0.280000487737219,270
"O15466","Q6UVK1","ST8SIA5","CSPG4",0.63379470225929,270
"O15466","Q6UWP8","ST8SIA5","SBSN",0.661325639278698,270
"O15466","Q6YHK3","ST8SIA5","CD109",0.667856440646191,270
"O15466","Q6ZRP7","ST8SIA5","QSOX2",0.480517794025524,270
"O15466","Q7LGC8","ST8SIA5","CHST3",0.763013972147156,270
"O15466","Q8IUX7","ST8SIA5","AEBP1",0.710894372884249,270
"O15466","Q8IZF2","ST8SIA5","ADGRF5",0.635844417923733,270
"O15466","Q8NG11","ST8SIA5","TSPAN14",0.28388979441611,209
"O15466","Q8TB73","ST8SIA5","NDNF",0.66497184236827,266
"O15466","Q8WWA0","ST8SIA5","ITLN1",0.503345115235539,270
"O15466","Q92696","ST8SIA5","RABGGTA",0.59171628449281,249
"O15466","Q92752","ST8SIA5","TNR",0.509313806129965,253
"O15466","Q92859","ST8SIA5","NEO1",0.747690488057297,270
"O15466","Q99715","ST8SIA5","COL12A1",0.745877324944253,270
"O15466","Q99983","ST8SIA5","OMD",0.664030142160158,270
"O15466","Q9BV94","ST8SIA5","EDEM2",0.627620939140304,265
"O15466","Q9BYH1","ST8SIA5","SEZ6L",0.822642285902413,270
"O15466","Q9H0B8","ST8SIA5","CRISPLD2",0.434276426249419,216
"O15466","Q9H251","ST8SIA5","CDH23",0.745209734625227,270
"O15466","Q9H2X3","ST8SIA5","CLEC4M",0.50521801931931,265
"O15466","Q9HCM3","ST8SIA5","KIAA1549",0.695977539701047,270
"O15466","Q9NR99","ST8SIA5","MXRA5",0.683260401377248,270
"O15466","Q9NZ53","ST8SIA5","PODXL2",0.651858427811377,269
"O15466","Q9UHF0","ST8SIA5","TAC3",0.332777079835903,221
"O15466","Q9UKM7","ST8SIA5","MAN1B1",0.543485278718958,270
"O15466","Q9Y240","ST8SIA5","CLEC11A",0.751665546395241,270
"O15466","Q9Y274","ST8SIA5","ST3GAL6",0.624175304950075,270
"O15466","Q9Y624","ST8SIA5","F11R",0.42955996337327,265
"O60279","O75487","SUSD5","GPC4",0.697727906647096,270
"O60279","O75752","SUSD5","B3GALNT1",0.515432133015221,269
"O60279","O75787","SUSD5","ATP6AP2",0.688770108289318,271
"O60279","O94985","SUSD5","CLSTN1",0.731598654221836,271
"O60279","O95196","SUSD5","CSPG5",0.676201228326712,262
"O60279","O95967","SUSD5","EFEMP2",0.424424965439245,270
"O60279","P01011","SUSD5","SERPINA3",0.603257723753708,271
"O60279","P04004","SUSD5","VTN",0.684173238791211,271
"O60279","P05019","SUSD5","IGF1",0.428550793794091,265
"O60279","P05090","SUSD5","APOD",0.446615054385838,271
"O60279","P05387","SUSD5","RPLP2",0.605397444642968,267
"O60279","P06734","SUSD5","FCER2",0.574853237263596,257
"O60279","P07359","SUSD5","GP1BA",0.660755975206811,271
"O60279","P07585","SUSD5","DCN",0.703103369268987,271
"O60279","P08294","SUSD5","SOD3",0.596117622940935,271
"O60279","P08493","SUSD5","MGP",0.727019270192702,271
"O60279","P09603","SUSD5","CSF1",0.732430721366037,271
"O60279","P09619","SUSD5","PDGFRB",0.506095193304874,271
"O60279","P12109","SUSD5","COL6A1",0.660462339917517,271
"O60279","P12111","SUSD5","COL6A3",0.607305911294407,271
"O60279","P13591","SUSD5","NCAM1",0.777357523575236,271
"O60279","P13611","SUSD5","VCAN",0.76602573378675,271
"O60279","P13942","SUSD5","COL11A2",0.595251790753202,271
"O60279","P16112","SUSD5","ACAN",0.674878807611605,271
"O60279","P19256","SUSD5","CD58",0.607667865627469,253
"O60279","P22466","SUSD5","GAL",0.317480040352951,236
"O60279","P26022","SUSD5","PTX3",0.56634228106987,271
"O60279","P28906","SUSD5","CD34",0.726993902852528,269
"O60279","P35052","SUSD5","GPC1",0.70843342256952,271
"O60279","P35443","SUSD5","THBS4",0.722040735113233,271
"O60279","P39059","SUSD5","COL15A1",0.630006873598148,271
"O60279","P49641","SUSD5","MAN2A2",0.751310807225719,271
"O60279","P49746","SUSD5","THBS3",0.750384680317391,271
"O60279","P49747","SUSD5","COMP",0.7560572076309,271
"O60279","P55290","SUSD5","CDH13",0.636399319875552,271
"O60279","P78539","SUSD5","SRPX",0.695759472300605,271
"O60279","P98160","SUSD5","HSPG2",0.746960543134843,271
"O60279","Q06828","SUSD5","FMOD",0.712936835250705,271
"O60279","Q08378","SUSD5","GOLGA3",0.506428273948498,237
"O60279","Q0VD83","SUSD5","APOBR",0.702385259146709,271
"O60279","Q13103","SUSD5","SPP2",0.627399729879652,271
"O60279","Q13316","SUSD5","DMP1",0.65315575646601,256
"O60279","Q13740","SUSD5","ALCAM",0.561633866338663,271
"O60279","Q14515","SUSD5","SPARCL1",0.777870631647493,271
"O60279","Q14520","SUSD5","HABP2",0.735783710778284,271
"O60279","Q14956","SUSD5","GPNMB",0.573293154677451,254
"O60279","Q16706","SUSD5","MAN2A1",0.596495670839061,271
"O60279","Q53EL9","SUSD5","SEZ6",0.555218442440246,241
"O60279","Q5JRA6","SUSD5","MIA3",0.586410775872465,271
"O60279","Q6P4E1","SUSD5","GOLM2",0.777063285338736,271
"O60279","Q6Q788","SUSD5","APOA5",0.310292308805441,271
"O60279","Q6UVK1","SUSD5","CSPG4",0.681270047994598,271
"O60279","Q6UWP8","SUSD5","SBSN",0.664705279405735,271
"O60279","Q6YHK3","SUSD5","CD109",0.562022767286496,271
"O60279","Q6ZRP7","SUSD5","QSOX2",0.518499023225526,271
"O60279","Q7LGC8","SUSD5","CHST3",0.753043677495598,271
"O60279","Q8IUX7","SUSD5","AEBP1",0.760793357933579,271
"O60279","Q8IZF2","SUSD5","ADGRF5",0.625599932469913,271
"O60279","Q8NG11","SUSD5","TSPAN14",0.226331563173668,209
"O60279","Q8TB73","SUSD5","NDNF",0.615641064761518,267
"O60279","Q8WWA0","SUSD5","ITLN1",0.478433784337843,271
"O60279","Q92696","SUSD5","RABGGTA",0.570071329141266,250
"O60279","Q92752","SUSD5","TNR",0.491616489115331,254
"O60279","Q92859","SUSD5","NEO1",0.750692183392422,271
"O60279","Q99715","SUSD5","COL12A1",0.714597351855872,271
"O60279","Q99983","SUSD5","OMD",0.646287051105805,271
"O60279","Q9BV94","SUSD5","EDEM2",0.578938442140968,266
"O60279","Q9BYH1","SUSD5","SEZ6L",0.793306080119625,271
"O60279","Q9H0B8","SUSD5","CRISPLD2",0.475341454411222,216
"O60279","Q9H251","SUSD5","CDH23",0.693157755106963,271
"O60279","Q9H2X3","SUSD5","CLEC4M",0.4696221154965,266
"O60279","Q9HCM3","SUSD5","KIAA1549",0.627666835491884,271
"O60279","Q9NR99","SUSD5","MXRA5",0.74589694426356,271
"O60279","Q9NZ53","SUSD5","PODXL2",0.636277284705932,270
"O60279","Q9UHF0","SUSD5","TAC3",0.407978031507443,221
"O60279","Q9UKM7","SUSD5","MAN1B1",0.519161662204857,271
"O60279","Q9Y240","SUSD5","CLEC11A",0.718637098135687,271
"O60279","Q9Y274","SUSD5","ST3GAL6",0.560142174951161,271
"O60279","Q9Y624","SUSD5","F11R",0.349823959555836,265
"O75487","O75752","GPC4","B3GALNT1",0.622903817656216,268
"O75487","O75787","GPC4","ATP6AP2",0.785893725108255,270
"O75487","O94985","GPC4","CLSTN1",0.821671688835847,270
"O75487","O95196","GPC4","CSPG5",0.732550401252691,261
"O75487","O95967","GPC4","EFEMP2",0.346803158926557,269
"O75487","P01011","GPC4","SERPINA3",0.685279023793955,270
"O75487","P04004","GPC4","VTN",0.730628830451873,270
"O75487","P05019","GPC4","IGF1",0.450852089298176,264
"O75487","P05090","GPC4","APOD",0.660314803891533,270
"O75487","P05387","GPC4","RPLP2",0.649298569723014,266
"O75487","P06734","GPC4","FCER2",0.613002117189288,256
"O75487","P07359","GPC4","GP1BA",0.678971971875852,270
"O75487","P07585","GPC4","DCN",0.772982101568228,270
"O75487","P08294","GPC4","SOD3",0.650418006038796,270
"O75487","P08493","GPC4","MGP",0.765403884522116,270
"O75487","P09603","GPC4","CSF1",0.829132848949307,270
"O75487","P09619","GPC4","PDGFRB",0.548136462777267,270
"O75487","P12109","GPC4","COL6A1",0.746750374566943,270
"O75487","P12111","GPC4","COL6A3",0.684735806465871,270
"O75487","P13591","GPC4","NCAM1",0.812126671452588,270
"O75487","P13611","GPC4","VCAN",0.839216815959981,270
"O75487","P13942","GPC4","COL11A2",0.698577179080341,270
"O75487","P16112","GPC4","ACAN",0.77735954311216,270
"O75487","P19256","GPC4","CD58",0.655083411882303,252
"O75487","P22466","GPC4","GAL",0.453191489361702,235
"O75487","P26022","GPC4","PTX3",0.681532592277595,270
"O75487","P28906","GPC4","CD34",0.736308225382423,268
"O75487","P35052","GPC4","GPC1",0.763920553703678,270
"O75487","P35443","GPC4","THBS4",0.799504641886567,270
"O75487","P39059","GPC4","COL15A1",0.697157863771946,270
"O75487","P49641","GPC4","MAN2A2",0.747730726377896,270
"O75487","P49746","GPC4","THBS3",0.754517589785563,270
"O75487","P49747","GPC4","COMP",0.738916095480657,270
"O75487","P55290","GPC4","CDH13",0.703925827362363,270
"O75487","P78539","GPC4","SRPX",0.774545299356339,270
"O75487","P98160","GPC4","HSPG2",0.823217206149757,270
"O75487","Q06828","GPC4","FMOD",0.769215550891568,270
"O75487","Q08378","GPC4","GOLGA3",0.660858093642584,236
"O75487","Q0VD83","GPC4","APOBR",0.71378665459517,270
"O75487","Q13103","GPC4","SPP2",0.714419493637315,270
"O75487","Q13316","GPC4","DMP1",0.710519192913386,255
"O75487","Q13740","GPC4","ALCAM",0.552866294462201,270
"O75487","Q14515","GPC4","SPARCL1",0.763786425968349,270
"O75487","Q14520","GPC4","HABP2",0.743885528074612,270
"O75487","Q14956","GPC4","GPNMB",0.509388648553318,253
"O75487","Q16706","GPC4","MAN2A1",0.581397702452861,270
"O75487","Q53EL9","GPC4","SEZ6",0.612909078282609,240
"O75487","Q5JRA6","GPC4","MIA3",0.71696304323638,270
"O75487","Q6P4E1","GPC4","GOLM2",0.770970185538286,270
"O75487","Q6Q788","GPC4","APOA5",0.396954385900736,270
"O75487","Q6UVK1","GPC4","CSPG4",0.647514140568915,270
"O75487","Q6UWP8","GPC4","SBSN",0.690954456012962,270
"O75487","Q6YHK3","GPC4","CD109",0.656541546828108,270
"O75487","Q6ZRP7","GPC4","QSOX2",0.564088518208602,270
"O75487","Q7LGC8","GPC4","CHST3",0.783081920038531,270
"O75487","Q8IUX7","GPC4","AEBP1",0.784864599575364,270
"O75487","Q8IZF2","GPC4","ADGRF5",0.64915293762603,270
"O75487","Q8NG11","GPC4","TSPAN14",0.366858141858142,209
"O75487","Q8TB73","GPC4","NDNF",0.726932977982374,266
"O75487","Q8WWA0","GPC4","ITLN1",0.572018515724191,270
"O75487","Q92696","GPC4","RABGGTA",0.613777691410805,249
"O75487","Q92752","GPC4","TNR",0.492915905274687,253
"O75487","Q92859","GPC4","NEO1",0.761507473810797,270
"O75487","Q99715","GPC4","COL12A1",0.795904531536021,270
"O75487","Q99983","GPC4","OMD",0.685861869771114,270
"O75487","Q9BV94","GPC4","EDEM2",0.613121783876501,265
"O75487","Q9BYH1","GPC4","SEZ6L",0.828766436363248,270
"O75487","Q9H0B8","GPC4","CRISPLD2",0.497895902547065,216
"O75487","Q9H251","GPC4","CDH23",0.748787896800901,270
"O75487","Q9H2X3","GPC4","CLEC4M",0.524424483163311,265
"O75487","Q9HCM3","GPC4","KIAA1549",0.750913821405872,270
"O75487","Q9NR99","GPC4","MXRA5",0.770350759269674,270
"O75487","Q9NZ53","GPC4","PODXL2",0.710998908801716,269
"O75487","Q9UHF0","GPC4","TAC3",0.429058451620901,220
"O75487","Q9UKM7","GPC4","MAN1B1",0.513131562542391,270
"O75487","Q9Y240","GPC4","CLEC11A",0.787002107939295,270
"O75487","Q9Y274","GPC4","ST3GAL6",0.638958620069472,270
"O75487","Q9Y624","GPC4","F11R",0.482922343457532,264
"O75752","O75787","B3GALNT1","ATP6AP2",0.641574038111795,269
"O75752","O94985","B3GALNT1","CLSTN1",0.662941796593242,269
"O75752","O95196","B3GALNT1","CSPG5",0.598789467754985,260
"O75752","O95967","B3GALNT1","EFEMP2",0.315112961153881,268
"O75752","P01011","B3GALNT1","SERPINA3",0.461083060533762,269
"O75752","P04004","B3GALNT1","VTN",0.492659379681518,269
"O75752","P05019","B3GALNT1","IGF1",0.390505642733315,263
"O75752","P05090","B3GALNT1","APOD",0.538381820759893,269
"O75752","P05387","B3GALNT1","RPLP2",0.462081321599526,266
"O75752","P06734","B3GALNT1","FCER2",0.417833743419547,256
"O75752","P07359","B3GALNT1","GP1BA",0.506093448494825,269
"O75752","P07585","B3GALNT1","DCN",0.642390279087832,269
"O75752","P08294","B3GALNT1","SOD3",0.506182840444617,269
"O75752","P08493","B3GALNT1","MGP",0.486750880048333,269
"O75752","P09603","B3GALNT1","CSF1",0.688277324653067,269
"O75752","P09619","B3GALNT1","PDGFRB",0.465304210052587,269
"O75752","P12109","B3GALNT1","COL6A1",0.55739456373646,269
"O75752","P12111","B3GALNT1","COL6A3",0.584776859198432,269
"O75752","P13591","B3GALNT1","NCAM1",0.556919861658251,269
"O75752","P13611","B3GALNT1","VCAN",0.614554242418638,269
"O75752","P13942","B3GALNT1","COL11A2",0.546225501982035,269
"O75752","P16112","B3GALNT1","ACAN",0.562851788147244,269
"O75752","P19256","B3GALNT1","CD58",0.425590590020869,251
"O75752","P22466","B3GALNT1","GAL",0.478802000980147,235
"O75752","P26022","B3GALNT1","PTX3",0.562168710351588,269
"O75752","P28906","B3GALNT1","CD34",0.485634772547188,268
"O75752","P35052","B3GALNT1","GPC1",0.484664656889037,269
"O75752","P35443","B3GALNT1","THBS4",0.597792943584432,269
"O75752","P39059","B3GALNT1","COL15A1",0.496994580998354,269
"O75752","P49641","B3GALNT1","MAN2A2",0.614631304444321,269
"O75752","P49746","B3GALNT1","THBS3",0.50285129495028,269
"O75752","P49747","B3GALNT1","COMP",0.562214947566998,269
"O75752","P55290","B3GALNT1","CDH13",0.629559760059677,269
"O75752","P78539","B3GALNT1","SRPX",0.529788480151905,269
"O75752","P98160","B3GALNT1","HSPG2",0.608995296133952,269
"O75752","Q06828","B3GALNT1","FMOD",0.645790872157182,269
"O75752","Q08378","B3GALNT1","GOLGA3",0.466681461344281,235
"O75752","Q0VD83","B3GALNT1","APOBR",0.499554273243448,269
"O75752","Q13103","B3GALNT1","SPP2",0.649437447212512,269
"O75752","Q13316","B3GALNT1","DMP1",0.525477082856489,256
"O75752","Q13740","B3GALNT1","ALCAM",0.472644830371069,269
"O75752","Q14515","B3GALNT1","SPARCL1",0.602913561067032,269
"O75752","Q14520","B3GALNT1","HABP2",0.415206495404021,269
"O75752","Q14956","B3GALNT1","GPNMB",0.411172925463589,252
"O75752","Q16706","B3GALNT1","MAN2A1",0.439997040818214,269
"O75752","Q53EL9","B3GALNT1","SEZ6",0.570433112719043,241
"O75752","Q5JRA6","B3GALNT1","MIA3",0.523381235088498,269
"O75752","Q6P4E1","B3GALNT1","GOLM2",0.603721787592397,269
"O75752","Q6Q788","B3GALNT1","APOA5",0.329585652900306,269
"O75752","Q6UVK1","B3GALNT1","CSPG4",0.549518208215429,269
"O75752","Q6UWP8","B3GALNT1","SBSN",0.369395895368264,269
"O75752","Q6YHK3","B3GALNT1","CD109",0.428967307206224,269
"O75752","Q6ZRP7","B3GALNT1","QSOX2",0.529234250063191,269
"O75752","Q7LGC8","B3GALNT1","CHST3",0.577663725979767,269
"O75752","Q8IUX7","B3GALNT1","AEBP1",0.499278699439605,269
"O75752","Q8IZF2","B3GALNT1","ADGRF5",0.561470836647,269
"O75752","Q8NG11","B3GALNT1","TSPAN14",0.442888690257111,209
"O75752","Q8TB73","B3GALNT1","NDNF",0.546405679722462,265
"O75752","Q8WWA0","B3GALNT1","ITLN1",0.517989359275494,269
"O75752","Q92696","B3GALNT1","RABGGTA",0.49316319738927,248
"O75752","Q92752","B3GALNT1","TNR",0.500861799389701,253
"O75752","Q92859","B3GALNT1","NEO1",0.592716097332421,269
"O75752","Q99715","B3GALNT1","COL12A1",0.544612747908537,269
"O75752","Q99983","B3GALNT1","OMD",0.592866522406555,269
"O75752","Q9BV94","B3GALNT1","EDEM2",0.57045307802177,264
"O75752","Q9BYH1","B3GALNT1","SEZ6L",0.65912815106623,269
"O75752","Q9H0B8","B3GALNT1","CRISPLD2",0.278413651031806,216
"O75752","Q9H251","B3GALNT1","CDH23",0.624532233504103,269
"O75752","Q9H2X3","B3GALNT1","CLEC4M",0.358374475800403,264
"O75752","Q9HCM3","B3GALNT1","KIAA1549",0.669120938060626,269
"O75752","Q9NR99","B3GALNT1","MXRA5",0.548076223590844,269
"O75752","Q9NZ53","B3GALNT1","PODXL2",0.630801965279072,268
"O75752","Q9UHF0","B3GALNT1","TAC3",0.449053331406273,221
"O75752","Q9UKM7","B3GALNT1","MAN1B1",0.633523214164617,269
"O75752","Q9Y240","B3GALNT1","CLEC11A",0.647965870770065,269
"O75752","Q9Y274","B3GALNT1","ST3GAL6",0.519203240304056,269
"O75752","Q9Y624","B3GALNT1","F11R",0.410354144366061,265
"O75787","O94985","ATP6AP2","CLSTN1",0.729343631671611,271
"O75787","O95196","ATP6AP2","CSPG5",0.640136104124526,262
"O75787","O95967","ATP6AP2","EFEMP2",0.388783568133079,270
"O75787","P01011","ATP6AP2","SERPINA3",0.732385500325591,271
"O75787","P04004","ATP6AP2","VTN",0.724874586981164,271
"O75787","P05019","ATP6AP2","IGF1",0.502770218857607,265
"O75787","P05090","ATP6AP2","APOD",0.665240696524612,271
"O75787","P05387","ATP6AP2","RPLP2",0.720437686535642,267
"O75787","P06734","ATP6AP2","FCER2",0.546031609130395,257
"O75787","P07359","ATP6AP2","GP1BA",0.635644429973712,271
"O75787","P07585","ATP6AP2","DCN",0.770089597954803,271
"O75787","P08294","ATP6AP2","SOD3",0.647686491570798,271
"O75787","P08493","ATP6AP2","MGP",0.748539661867207,271
"O75787","P09603","ATP6AP2","CSF1",0.8276481441285,271
"O75787","P09619","ATP6AP2","PDGFRB",0.559899187227166,271
"O75787","P12109","ATP6AP2","COL6A1",0.804240527699395,271
"O75787","P12111","ATP6AP2","COL6A3",0.74064225936377,271
"O75787","P13591","ATP6AP2","NCAM1",0.691174661746617,271
"O75787","P13611","ATP6AP2","VCAN",0.830100330415069,271
"O75787","P13942","ATP6AP2","COL11A2",0.607984829848298,271
"O75787","P16112","ATP6AP2","ACAN",0.71501217953356,271
"O75787","P19256","ATP6AP2","CD58",0.582415587379641,253
"O75787","P22466","ATP6AP2","GAL",0.499093884519348,236
"O75787","P26022","ATP6AP2","PTX3",0.650536020066083,271
"O75787","P28906","ATP6AP2","CD34",0.727323728322452,269
"O75787","P35052","ATP6AP2","GPC1",0.704370161348672,271
"O75787","P35443","ATP6AP2","THBS4",0.789553336709838,271
"O75787","P39059","ATP6AP2","COL15A1",0.574675011455997,271
"O75787","P49641","ATP6AP2","MAN2A2",0.688025468489979,271
"O75787","P49746","ATP6AP2","THBS3",0.735324265007356,271
"O75787","P49747","ATP6AP2","COMP",0.744794153823891,271
"O75787","P55290","ATP6AP2","CDH13",0.725883317656706,271
"O75787","P78539","ATP6AP2","SRPX",0.675001808841618,271
"O75787","P98160","ATP6AP2","HSPG2",0.75900260473193,271
"O75787","Q06828","ATP6AP2","FMOD",0.732594120058848,271
"O75787","Q08378","ATP6AP2","GOLGA3",0.67421064113266,237
"O75787","Q0VD83","ATP6AP2","APOBR",0.673653015941924,271
"O75787","Q13103","ATP6AP2","SPP2",0.762794539710103,271
"O75787","Q13316","ATP6AP2","DMP1",0.672877088578622,256
"O75787","Q13740","ATP6AP2","ALCAM",0.643383257361985,271
"O75787","Q14515","ATP6AP2","SPARCL1",0.77544437209078,271
"O75787","Q14520","ATP6AP2","HABP2",0.697402503436799,271
"O75787","Q14956","ATP6AP2","GPNMB",0.481059705946429,254
"O75787","Q16706","ATP6AP2","MAN2A1",0.547043146902057,271
"O75787","Q53EL9","ATP6AP2","SEZ6",0.637663317444532,241
"O75787","Q5JRA6","ATP6AP2","MIA3",0.718943998263512,271
"O75787","Q6P4E1","ATP6AP2","GOLM2",0.720183054771724,271
"O75787","Q6Q788","ATP6AP2","APOA5",0.516509900393122,271
"O75787","Q6UVK1","ATP6AP2","CSPG4",0.602555893205991,271
"O75787","Q6UWP8","ATP6AP2","SBSN",0.647430841955478,271
"O75787","Q6YHK3","ATP6AP2","CD109",0.586409569978053,271
"O75787","Q6ZRP7","ATP6AP2","QSOX2",0.553897450739213,271
"O75787","Q7LGC8","ATP6AP2","CHST3",0.751316233750573,271
"O75787","Q8IUX7","ATP6AP2","AEBP1",0.725541446590936,271
"O75787","Q8IZF2","ATP6AP2","ADGRF5",0.623477558304995,271
"O75787","Q8NG11","ATP6AP2","TSPAN14",0.411794784163205,209
"O75787","Q8TB73","ATP6AP2","NDNF",0.722979677938768,267
"O75787","Q8WWA0","ATP6AP2","ITLN1",0.602479318910836,271
"O75787","Q92696","ATP6AP2","RABGGTA",0.60932674122786,250
"O75787","Q92752","ATP6AP2","TNR",0.465023149716144,254
"O75787","Q92859","ATP6AP2","NEO1",0.721984058075875,271
"O75787","Q99715","ATP6AP2","COL12A1",0.695850517328703,271
"O75787","Q99983","ATP6AP2","OMD",0.611058654704194,271
"O75787","Q9BV94","ATP6AP2","EDEM2",0.602180562706321,266
"O75787","Q9BYH1","ATP6AP2","SEZ6L",0.787318211417408,271
"O75787","Q9H0B8","ATP6AP2","CRISPLD2",0.493582919539409,216
"O75787","Q9H251","ATP6AP2","CDH23",0.775761522321106,271
"O75787","Q9H2X3","ATP6AP2","CLEC4M",0.521875283927436,266
"O75787","Q9HCM3","ATP6AP2","KIAA1549",0.721962954923667,271
"O75787","Q9NR99","ATP6AP2","MXRA5",0.725356944745918,271
"O75787","Q9NZ53","ATP6AP2","PODXL2",0.71212408034861,270
"O75787","Q9UHF0","ATP6AP2","TAC3",0.530834824952472,221
"O75787","Q9UKM7","ATP6AP2","MAN1B1",0.533030050888744,271
"O75787","Q9Y240","ATP6AP2","CLEC11A",0.813024262595567,271
"O75787","Q9Y274","ATP6AP2","ST3GAL6",0.671387140341992,271
"O75787","Q9Y624","ATP6AP2","F11R",0.519176801351578,265
"O94985","O95196","CLSTN1","CSPG5",0.773044804332806,262
"O94985","O95967","CLSTN1","EFEMP2",0.492864861734119,270
"O94985","P01011","CLSTN1","SERPINA3",0.660645635868123,271
"O94985","P04004","CLSTN1","VTN",0.770643103489858,271
"O94985","P05019","CLSTN1","IGF1",0.470490333896491,265
"O94985","P05090","CLSTN1","APOD",0.589238598268336,271
"O94985","P05387","CLSTN1","RPLP2",0.61193651578216,267
"O94985","P06734","CLSTN1","FCER2",0.636479447561307,257
"O94985","P07359","CLSTN1","GP1BA",0.684096664496057,271
"O94985","P07585","CLSTN1","DCN",0.819484238960037,271
"O94985","P08294","CLSTN1","SOD3",0.647098618045004,271
"O94985","P08493","CLSTN1","MGP",0.760406265827364,271
"O94985","P09603","CLSTN1","CSF1",0.813950992451101,271
"O94985","P09619","CLSTN1","PDGFRB",0.609375226105202,271
"O94985","P12109","CLSTN1","COL6A1",0.74497865566891,271
"O94985","P12111","CLSTN1","COL6A3",0.723031980319803,271
"O94985","P13591","CLSTN1","NCAM1",0.851881798229747,271
"O94985","P13611","CLSTN1","VCAN",0.83284494609652,271
"O94985","P13942","CLSTN1","COL11A2",0.742039890987145,271
"O94985","P16112","CLSTN1","ACAN",0.782055085256735,271
"O94985","P19256","CLSTN1","CD58",0.62628732673238,253
"O94985","P22466","CLSTN1","GAL",0.460526688182154,236
"O94985","P26022","CLSTN1","PTX3",0.702176639413453,271
"O94985","P28906","CLSTN1","CD34",0.748182877434389,269
"O94985","P35052","CLSTN1","GPC1",0.734829245351277,271
"O94985","P35443","CLSTN1","THBS4",0.804728914936208,271
"O94985","P39059","CLSTN1","COL15A1",0.720442322070279,271
"O94985","P49641","CLSTN1","MAN2A2",0.861217832766563,271
"O94985","P49746","CLSTN1","THBS3",0.79490569905699,271
"O94985","P49747","CLSTN1","COMP",0.808618527361744,271
"O94985","P55290","CLSTN1","CDH13",0.757810578105781,271
"O94985","P78539","CLSTN1","SRPX",0.782506692713986,271
"O94985","P98160","CLSTN1","HSPG2",0.837418903600801,271
"O94985","Q06828","CLSTN1","FMOD",0.835099365699539,271
"O94985","Q08378","CLSTN1","GOLGA3",0.552002221184548,237
"O94985","Q0VD83","CLSTN1","APOBR",0.742563852109109,271
"O94985","Q13103","CLSTN1","SPP2",0.739989267539734,271
"O94985","Q13316","CLSTN1","DMP1",0.749674553673609,256
"O94985","Q13740","CLSTN1","ALCAM",0.601436823191761,271
"O94985","Q14515","CLSTN1","SPARCL1",0.813297397679859,271
"O94985","Q14520","CLSTN1","HABP2",0.742829148879724,271
"O94985","Q14956","CLSTN1","GPNMB",0.602158077136429,254
"O94985","Q16706","CLSTN1","MAN2A1",0.643476111231701,271
"O94985","Q53EL9","CLSTN1","SEZ6",0.688844689825452,241
"O94985","Q5JRA6","CLSTN1","MIA3",0.636301039480983,271
"O94985","Q6P4E1","CLSTN1","GOLM2",0.813165955188964,271
"O94985","Q6Q788","CLSTN1","APOA5",0.365621156211562,271
"O94985","Q6UVK1","CLSTN1","CSPG4",0.762264549116079,271
"O94985","Q6UWP8","CLSTN1","SBSN",0.702798880929986,271
"O94985","Q6YHK3","CLSTN1","CD109",0.658031859730362,271
"O94985","Q6ZRP7","CLSTN1","QSOX2",0.580003858862118,271
"O94985","Q7LGC8","CLSTN1","CHST3",0.821233388804476,271
"O94985","Q8IUX7","CLSTN1","AEBP1",0.818630465716422,271
"O94985","Q8IZF2","CLSTN1","ADGRF5",0.702791645563514,271
"O94985","Q8NG11","CLSTN1","TSPAN14",0.258139229191861,209
"O94985","Q8TB73","CLSTN1","NDNF",0.708176612922546,267
"O94985","Q8WWA0","CLSTN1","ITLN1",0.581378578491667,271
"O94985","Q92696","CLSTN1","RABGGTA",0.611344309508952,250
"O94985","Q92752","CLSTN1","TNR",0.600187467847616,254
"O94985","Q92859","CLSTN1","NEO1",0.830184743023901,271
"O94985","Q99715","CLSTN1","COL12A1",0.809429491353737,271
"O94985","Q99983","CLSTN1","OMD",0.788730916720932,271
"O94985","Q9BV94","CLSTN1","EDEM2",0.615124944011502,266
"O94985","Q9BYH1","CLSTN1","SEZ6L",0.885876564647999,271
"O94985","Q9H0B8","CLSTN1","CRISPLD2",0.53890734588409,216
"O94985","Q9H251","CLSTN1","CDH23",0.765296770614765,271
"O94985","Q9H2X3","CLSTN1","CLEC4M",0.512454232889835,266
"O94985","Q9HCM3","CLSTN1","KIAA1549",0.763973904444927,271
"O94985","Q9NR99","CLSTN1","MXRA5",0.785908520849914,271
"O94985","Q9NZ53","CLSTN1","PODXL2",0.71598452044,270
"O94985","Q9UHF0","CLSTN1","TAC3",0.497723103605457,221
"O94985","Q9UKM7","CLSTN1","MAN1B1",0.609009840098401,271
"O94985","Q9Y240","CLSTN1","CLEC11A",0.809679714444203,271
"O94985","Q9Y274","CLSTN1","ST3GAL6",0.677338832211852,271
"O94985","Q9Y624","CLSTN1","F11R",0.437880937334761,265
"O95196","O95967","CSPG5","EFEMP2",0.271640985144539,261
"O95196","P01011","CSPG5","SERPINA3",0.588624316118143,262
"O95196","P04004","CSPG5","VTN",0.578994672402283,262
"O95196","P05019","CSPG5","IGF1",0.384048247896118,257
"O95196","P05090","CSPG5","APOD",0.570700180922803,262
"O95196","P05387","CSPG5","RPLP2",0.50174401337192,259
"O95196","P06734","CSPG5","FCER2",0.586059852312476,249
"O95196","P07359","CSPG5","GP1BA",0.677826631049262,262
"O95196","P07585","CSPG5","DCN",0.689103029247574,262
"O95196","P08294","CSPG5","SOD3",0.556091573694765,262
"O95196","P08493","CSPG5","MGP",0.687256769258537,262
"O95196","P09603","CSPG5","CSF1",0.774522746463531,262
"O95196","P09619","CSPG5","PDGFRB",0.461162983654894,262
"O95196","P12109","CSPG5","COL6A1",0.639268021636005,262
"O95196","P12111","CSPG5","COL6A3",0.629978671593585,262
"O95196","P13591","CSPG5","NCAM1",0.703031716371228,262
"O95196","P13611","CSPG5","VCAN",0.742770010519078,262
"O95196","P13942","CSPG5","COL11A2",0.717396780087882,262
"O95196","P16112","CSPG5","ACAN",0.70575406575875,262
"O95196","P19256","CSPG5","CD58",0.575153612024578,245
"O95196","P22466","CSPG5","GAL",0.409612982522758,229
"O95196","P26022","CSPG5","PTX3",0.652454067860563,262
"O95196","P28906","CSPG5","CD34",0.618569004775901,260
"O95196","P35052","CSPG5","GPC1",0.642898488061864,262
"O95196","P35443","CSPG5","THBS4",0.693572886734585,262
"O95196","P39059","CSPG5","COL15A1",0.714931319061683,262
"O95196","P49641","CSPG5","MAN2A2",0.723555428334653,262
"O95196","P49746","CSPG5","THBS3",0.677988103733522,262
"O95196","P49747","CSPG5","COMP",0.686856423760372,262
"O95196","P55290","CSPG5","CDH13",0.602831910605519,262
"O95196","P78539","CSPG5","SRPX",0.760746190629179,262
"O95196","P98160","CSPG5","HSPG2",0.703839747035024,262
"O95196","Q06828","CSPG5","FMOD",0.741294070115843,262
"O95196","Q08378","CSPG5","GOLGA3",0.54925404454748,229
"O95196","Q0VD83","CSPG5","APOBR",0.609521683879855,262
"O95196","Q13103","CSPG5","SPP2",0.584165134511083,262
"O95196","Q13316","CSPG5","DMP1",0.672750521722633,251
"O95196","Q13740","CSPG5","ALCAM",0.511336283212412,262
"O95196","Q14515","CSPG5","SPARCL1",0.662307905055396,262
"O95196","Q14520","CSPG5","HABP2",0.645425335397781,262
"O95196","Q14956","CSPG5","GPNMB",0.420372259259562,245
"O95196","Q16706","CSPG5","MAN2A1",0.519356538025649,262
"O95196","Q53EL9","CSPG5","SEZ6",0.632247020241265,237
"O95196","Q5JRA6","CSPG5","MIA3",0.661337734464843,262
"O95196","Q6P4E1","CSPG5","GOLM2",0.701218818507038,262
"O95196","Q6Q788","CSPG5","APOA5",0.323681003372577,262
"O95196","Q6UVK1","CSPG5","CSPG4",0.596216201248344,262
"O95196","Q6UWP8","CSPG5","SBSN",0.612645713250535,262
"O95196","Q6YHK3","CSPG5","CD109",0.610959591460764,262
"O95196","Q6ZRP7","CSPG5","QSOX2",0.506352649002756,262
"O95196","Q7LGC8","CSPG5","CHST3",0.6748513967554,262
"O95196","Q8IUX7","CSPG5","AEBP1",0.709913655484683,262
"O95196","Q8IZF2","CSPG5","ADGRF5",0.574734329059311,262
"O95196","Q8NG11","CSPG5","TSPAN14",0.20210889944422,205
"O95196","Q8TB73","CSPG5","NDNF",0.628084486224021,259
"O95196","Q8WWA0","CSPG5","ITLN1",0.450580517653401,262
"O95196","Q92696","CSPG5","RABGGTA",0.559717894293155,243
"O95196","Q92752","CSPG5","TNR",0.48826972405752,249
"O95196","Q92859","CSPG5","NEO1",0.712373778570907,262
"O95196","Q99715","CSPG5","COL12A1",0.747145119571523,262
"O95196","Q99983","CSPG5","OMD",0.68129362306337,262
"O95196","Q9BV94","CSPG5","EDEM2",0.54322390368902,259
"O95196","Q9BYH1","CSPG5","SEZ6L",0.778497510017812,262
"O95196","Q9H0B8","CSPG5","CRISPLD2",0.359327295256831,211
"O95196","Q9H251","CSPG5","CDH23",0.67439099943251,262
"O95196","Q9H2X3","CSPG5","CLEC4M",0.38565231653244,257
"O95196","Q9HCM3","CSPG5","KIAA1549",0.640210835284183,262
"O95196","Q9NR99","CSPG5","MXRA5",0.685381150599634,262
"O95196","Q9NZ53","CSPG5","PODXL2",0.681196205658817,262
"O95196","Q9UHF0","CSPG5","TAC3",0.316458982346833,215
"O95196","Q9UKM7","CSPG5","MAN1B1",0.505179636693133,262
"O95196","Q9Y240","CSPG5","CLEC11A",0.725605197285257,262
"O95196","Q9Y274","CSPG5","ST3GAL6",0.489210522013831,262
"O95196","Q9Y624","CSPG5","F11R",0.366865837933219,257
"O95967","P01011","EFEMP2","SERPINA3",0.339227637629536,270
"O95967","P04004","EFEMP2","VTN",0.4286469407445,270
"O95967","P05019","EFEMP2","IGF1",0.345639768080402,264
"O95967","P05090","EFEMP2","APOD",0.263161969909662,270
"O95967","P05387","EFEMP2","RPLP2",0.387706647130992,267
"O95967","P06734","EFEMP2","FCER2",0.316240844586862,256
"O95967","P07359","EFEMP2","GP1BA",0.37432886596524,270
"O95967","P07585","EFEMP2","DCN",0.459541435563054,270
"O95967","P08294","EFEMP2","SOD3",0.395072939576979,270
"O95967","P08493","EFEMP2","MGP",0.337832099510586,270
"O95967","P09603","EFEMP2","CSF1",0.382891702522973,270
"O95967","P09619","EFEMP2","PDGFRB",0.282539769635615,270
"O95967","P12109","EFEMP2","COL6A1",0.434866199963115,270
"O95967","P12111","EFEMP2","COL6A3",0.516610348259616,270
"O95967","P13591","EFEMP2","NCAM1",0.421182122601895,270
"O95967","P13611","EFEMP2","VCAN",0.388174506280379,270
"O95967","P13942","EFEMP2","COL11A2",0.34174070365239,270
"O95967","P16112","EFEMP2","ACAN",0.36493687613456,270
"O95967","P19256","EFEMP2","CD58",0.270222704139212,252
"O95967","P22466","EFEMP2","GAL",0.339132776730407,236
"O95967","P26022","EFEMP2","PTX3",0.378518528679711,270
"O95967","P28906","EFEMP2","CD34",0.388564050803998,268
"O95967","P35052","EFEMP2","GPC1",0.42250328079489,270
"O95967","P35443","EFEMP2","THBS4",0.397177525678602,270
"O95967","P39059","EFEMP2","COL15A1",0.238353825917441,270
"O95967","P49641","EFEMP2","MAN2A2",0.465380259750553,270
"O95967","P49746","EFEMP2","THBS3",0.446001240681552,270
"O95967","P49747","EFEMP2","COMP",0.518789314287195,270
"O95967","P55290","EFEMP2","CDH13",0.586782931026336,270
"O95967","P78539","EFEMP2","SRPX",0.354457232304665,270
"O95967","P98160","EFEMP2","HSPG2",0.440876951520445,270
"O95967","Q06828","EFEMP2","FMOD",0.472621938115292,270
"O95967","Q08378","EFEMP2","GOLGA3",0.0345437466984219,237
"O95967","Q0VD83","EFEMP2","APOBR",0.330236811661797,270
"O95967","Q13103","EFEMP2","SPP2",0.405055091443108,270
"O95967","Q13316","EFEMP2","DMP1",0.383683337148089,256
"O95967","Q13740","EFEMP2","ALCAM",0.319453551412838,270
"O95967","Q14515","EFEMP2","SPARCL1",0.51001553138208,270
"O95967","Q14520","EFEMP2","HABP2",0.327549989254539,270
"O95967","Q14956","EFEMP2","GPNMB",0.480711403169466,253
"O95967","Q16706","EFEMP2","MAN2A1",0.445320847260517,270
"O95967","Q53EL9","EFEMP2","SEZ6",0.419747738676019,240
"O95967","Q5JRA6","EFEMP2","MIA3",0.290636817148841,270
"O95967","Q6P4E1","EFEMP2","GOLM2",0.416240734898055,270
"O95967","Q6Q788","EFEMP2","APOA5",0.123841052536919,270
"O95967","Q6UVK1","EFEMP2","CSPG4",0.626901146334883,270
"O95967","Q6UWP8","EFEMP2","SBSN",0.373496664334673,270
"O95967","Q6YHK3","EFEMP2","CD109",0.347762429297155,270
"O95967","Q6ZRP7","EFEMP2","QSOX2",0.356520360742641,270
"O95967","Q7LGC8","EFEMP2","CHST3",0.451736420709932,270
"O95967","Q8IUX7","EFEMP2","AEBP1",0.404051572114234,270
"O95967","Q8IZF2","EFEMP2","ADGRF5",0.386582653930629,270
"O95967","Q8NG11","EFEMP2","TSPAN14",0.0985155195681511,208
"O95967","Q8TB73","EFEMP2","NDNF",0.284609020962412,266
"O95967","Q8WWA0","EFEMP2","ITLN1",0.490175600640765,270
"O95967","Q92696","EFEMP2","RABGGTA",0.405012048192771,249
"O95967","Q92752","EFEMP2","TNR",0.46706118256957,253
"O95967","Q92859","EFEMP2","NEO1",0.448776465459822,270
"O95967","Q99715","EFEMP2","COL12A1",0.431972698909145,270
"O95967","Q99983","EFEMP2","OMD",0.497334973349733,270
"O95967","Q9BV94","EFEMP2","EDEM2",0.414153522743394,265
"O95967","Q9BYH1","EFEMP2","SEZ6L",0.44996532493206,270
"O95967","Q9H0B8","EFEMP2","CRISPLD2",0.46064016004001,216
"O95967","Q9H251","EFEMP2","CDH23",0.466688005170014,270
"O95967","Q9H2X3","EFEMP2","CLEC4M",0.336841460426366,265
"O95967","Q9HCM3","EFEMP2","KIAA1549",0.390415658803428,270
"O95967","Q9NR99","EFEMP2","MXRA5",0.428288453888256,270
"O95967","Q9NZ53","EFEMP2","PODXL2",0.329334122448476,269
"O95967","Q9UHF0","EFEMP2","TAC3",0.340128075422193,221
"O95967","Q9UKM7","EFEMP2","MAN1B1",0.438602876735087,270
"O95967","Q9Y240","EFEMP2","CLEC11A",0.462704411430731,270
"O95967","Q9Y274","EFEMP2","ST3GAL6",0.400953831099649,270
"O95967","Q9Y624","EFEMP2","F11R",0.168544763221569,264
"P01011","P04004","SERPINA3","VTN",0.724669584931143,271
"P01011","P05019","SERPINA3","IGF1",0.435640129483228,265
"P01011","P05090","SERPINA3","APOD",0.714771000651183,271
"P01011","P05387","SERPINA3","RPLP2",0.598747413561575,267
"P01011","P06734","SERPINA3","FCER2",0.500917620577323,257
"P01011","P07359","SERPINA3","GP1BA",0.559916672696139,271
"P01011","P07585","SERPINA3","DCN",0.616372428430167,271
"P01011","P08294","SERPINA3","SOD3",0.609676096760968,271
"P01011","P08493","SERPINA3","MGP",0.72573258085522,271
"P01011","P09603","SERPINA3","CSF1",0.715934688758652,271
"P01011","P09619","SERPINA3","PDGFRB",0.537736053831127,271
"P01011","P12109","SERPINA3","COL6A1",0.727348479367147,271
"P01011","P12111","SERPINA3","COL6A3",0.625950244796566,271
"P01011","P13591","SERPINA3","NCAM1",0.655800955068374,271
"P01011","P13611","SERPINA3","VCAN",0.747717241878301,271
"P01011","P13942","SERPINA3","COL11A2",0.623504690929262,271
"P01011","P16112","SERPINA3","ACAN",0.664441188529532,271
"P01011","P19256","SERPINA3","CD58",0.578068057698321,253
"P01011","P22466","SERPINA3","GAL",0.39007518247842,236
"P01011","P26022","SERPINA3","PTX3",0.599712997129971,271
"P01011","P28906","SERPINA3","CD34",0.63917093590289,269
"P01011","P35052","SERPINA3","GPC1",0.647755227552275,271
"P01011","P35443","SERPINA3","THBS4",0.702930926368087,271
"P01011","P39059","SERPINA3","COL15A1",0.580235993536406,271
"P01011","P49641","SERPINA3","MAN2A2",0.667902105491643,271
"P01011","P49746","SERPINA3","THBS3",0.663937124665364,271
"P01011","P49747","SERPINA3","COMP",0.620262643802909,271
"P01011","P55290","SERPINA3","CDH13",0.662426741914478,271
"P01011","P78539","SERPINA3","SRPX",0.640881026457323,271
"P01011","P98160","SERPINA3","HSPG2",0.64488941948243,271
"P01011","Q06828","SERPINA3","FMOD",0.637125871258713,271
"P01011","Q08378","SERPINA3","GOLGA3",0.663166918773517,237
"P01011","Q0VD83","SERPINA3","APOBR",0.580647806478065,271
"P01011","Q13103","SERPINA3","SPP2",0.643080577864602,271
"P01011","Q13316","SERPINA3","DMP1",0.615338178072785,256
"P01011","Q13740","SERPINA3","ALCAM",0.571316595518896,271
"P01011","Q14515","SERPINA3","SPARCL1",0.654595060656489,271
"P01011","Q14520","SERPINA3","HABP2",0.656755420495381,271
"P01011","Q14956","SERPINA3","GPNMB",0.455304845787557,254
"P01011","Q16706","SERPINA3","MAN2A1",0.565265417360056,271
"P01011","Q53EL9","SERPINA3","SEZ6",0.519475498096773,241
"P01011","Q5JRA6","SERPINA3","MIA3",0.657327617393821,271
"P01011","Q6P4E1","SERPINA3","GOLM2",0.637411065287123,271
"P01011","Q6Q788","SERPINA3","APOA5",0.327564334466874,271
"P01011","Q6UVK1","SERPINA3","CSPG4",0.528873935798181,271
"P01011","Q6UWP8","SERPINA3","SBSN",0.648566191544268,271
"P01011","Q6YHK3","SERPINA3","CD109",0.609695994018764,271
"P01011","Q6ZRP7","SERPINA3","QSOX2",0.529128379519089,271
"P01011","Q7LGC8","SERPINA3","CHST3",0.684615199093167,271
"P01011","Q8IUX7","SERPINA3","AEBP1",0.647516460458722,271
"P01011","Q8IZF2","SERPINA3","ADGRF5",0.541537033017389,271
"P01011","Q8NG11","SERPINA3","TSPAN14",0.253453125821547,209
"P01011","Q8TB73","SERPINA3","NDNF",0.65162928283311,267
"P01011","Q8WWA0","SERPINA3","ITLN1",0.545351879989388,271
"P01011","Q92696","SERPINA3","RABGGTA",0.496779148466375,250
"P01011","Q92752","SERPINA3","TNR",0.362766029507879,254
"P01011","Q92859","SERPINA3","NEO1",0.647014205436172,271
"P01011","Q99715","SERPINA3","COL12A1",0.635043894556593,271
"P01011","Q99983","SERPINA3","OMD",0.554929093408581,271
"P01011","Q9BV94","SERPINA3","EDEM2",0.457099819721022,266
"P01011","Q9BYH1","SERPINA3","SEZ6L",0.687259725538432,271
"P01011","Q9H0B8","SERPINA3","CRISPLD2",0.392096833732243,216
"P01011","Q9H251","SERPINA3","CDH23",0.627633673395557,271
"P01011","Q9H2X3","SERPINA3","CLEC4M",0.510111084367693,266
"P01011","Q9HCM3","SERPINA3","KIAA1549",0.582524781130164,271
"P01011","Q9NR99","SERPINA3","MXRA5",0.620501410896462,271
"P01011","Q9NZ53","SERPINA3","PODXL2",0.635403625411719,270
"P01011","Q9UHF0","SERPINA3","TAC3",0.41995841995842,221
"P01011","Q9UKM7","SERPINA3","MAN1B1",0.364045052215228,271
"P01011","Q9Y240","SERPINA3","CLEC11A",0.690816511106288,271
"P01011","Q9Y274","SERPINA3","ST3GAL6",0.640146636760485,271
"P01011","Q9Y624","SERPINA3","F11R",0.431390655025213,265
"P04004","P05019","VTN","IGF1",0.432541043861799,265
"P04004","P05090","VTN","APOD",0.532304705399995,271
"P04004","P05387","VTN","RPLP2",0.643237306750021,267
"P04004","P06734","VTN","FCER2",0.613324020450638,257
"P04004","P07359","VTN","GP1BA",0.672010587752936,271
"P04004","P07585","VTN","DCN",0.761985384559728,271
"P04004","P08294","VTN","SOD3",0.632252851940284,271
"P04004","P08493","VTN","MGP",0.856125340665171,271
"P04004","P09603","VTN","CSF1",0.789915707980609,271
"P04004","P09619","VTN","PDGFRB",0.579423220702795,271
"P04004","P12109","VTN","COL6A1",0.741309721920749,271
"P04004","P12111","VTN","COL6A3",0.610360441839712,271
"P04004","P13591","VTN","NCAM1",0.803629742179775,271
"P04004","P13611","VTN","VCAN",0.81076803415093,271
"P04004","P13942","VTN","COL11A2",0.680747895714251,271
"P04004","P16112","VTN","ACAN",0.705488628415696,271
"P04004","P19256","VTN","CD58",0.662840069892449,253
"P04004","P22466","VTN","GAL",0.369863101242999,236
"P04004","P26022","VTN","PTX3",0.579592648867665,271
"P04004","P28906","VTN","CD34",0.7590683509343,269
"P04004","P35052","VTN","GPC1",0.710275426283675,271
"P04004","P35443","VTN","THBS4",0.778266165014591,271
"P04004","P39059","VTN","COL15A1",0.694404046981646,271
"P04004","P49641","VTN","MAN2A2",0.776887827701806,271
"P04004","P49746","VTN","THBS3",0.765227431686082,271
"P04004","P49747","VTN","COMP",0.729044569857463,271
"P04004","P55290","VTN","CDH13",0.630464510527458,271
"P04004","P78539","VTN","SRPX",0.708329112702892,271
"P04004","P98160","VTN","HSPG2",0.744996141137882,271
"P04004","Q06828","VTN","FMOD",0.770759472300605,271
"P04004","Q08378","VTN","GOLGA3",0.618339376085126,237
"P04004","Q0VD83","VTN","APOBR",0.695912017943709,271
"P04004","Q13103","VTN","SPP2",0.77518872247546,271
"P04004","Q13316","VTN","DMP1",0.670491674296177,256
"P04004","Q13740","VTN","ALCAM",0.545907194366061,271
"P04004","Q14515","VTN","SPARCL1",0.749709982393941,271
"P04004","Q14520","VTN","HABP2",0.790553023177291,271
"P04004","Q14956","VTN","GPNMB",0.588797331512357,254
"P04004","Q16706","VTN","MAN2A1",0.685951933048742,271
"P04004","Q53EL9","VTN","SEZ6",0.528364082164535,241
"P04004","Q5JRA6","VTN","MIA3",0.603413887080047,271
"P04004","Q6P4E1","VTN","GOLM2",0.763730313773726,271
"P04004","Q6Q788","VTN","APOA5",0.357576634589875,271
"P04004","Q6UVK1","VTN","CSPG4",0.662453271591539,271
"P04004","Q6UWP8","VTN","SBSN",0.699716011866001,271
"P04004","Q6YHK3","VTN","CD109",0.69018160769843,271
"P04004","Q6ZRP7","VTN","QSOX2",0.58648433543159,271
"P04004","Q7LGC8","VTN","CHST3",0.778181752405759,271
"P04004","Q8IUX7","VTN","AEBP1",0.753646624701541,271
"P04004","Q8IZF2","VTN","ADGRF5",0.632326411499409,271
"P04004","Q8NG11","VTN","TSPAN14",0.228634523371366,209
"P04004","Q8TB73","VTN","NDNF",0.699091767654925,267
"P04004","Q8WWA0","VTN","ITLN1",0.57020898150158,271
"P04004","Q92696","VTN","RABGGTA",0.637845341525464,250
"P04004","Q92752","VTN","TNR",0.47721954425541,254
"P04004","Q92859","VTN","NEO1",0.79408689675132,271
"P04004","Q99715","VTN","COL12A1",0.706876612883776,271
"P04004","Q99983","VTN","OMD",0.661570556882039,271
"P04004","Q9BV94","VTN","EDEM2",0.463010929911168,266
"P04004","Q9BYH1","VTN","SEZ6L",0.789689602778381,271
"P04004","Q9H0B8","VTN","CRISPLD2",0.57480679693733,216
"P04004","Q9H251","VTN","CDH23",0.630282420471263,271
"P04004","Q9H2X3","VTN","CLEC4M",0.510172293145414,266
"P04004","Q9HCM3","VTN","KIAA1549",0.645781178400019,271
"P04004","Q9NR99","VTN","MXRA5",0.753480814219907,271
"P04004","Q9NZ53","VTN","PODXL2",0.653007890673702,270
"P04004","Q9UHF0","VTN","TAC3",0.504924010806364,221
"P04004","Q9UKM7","VTN","MAN1B1",0.446264742059185,271
"P04004","Q9Y240","VTN","CLEC11A",0.741112558184405,271
"P04004","Q9Y274","VTN","ST3GAL6",0.708505776234233,271
"P04004","Q9Y624","VTN","F11R",0.45502521311856,265
"P05019","P05090","IGF1","APOD",0.391153484053186,265
"P05019","P05387","IGF1","RPLP2",0.408306504410742,261
"P05019","P06734","IGF1","FCER2",0.282125563181608,254
"P05019","P07359","IGF1","GP1BA",0.346753246753247,265
"P05019","P07585","IGF1","DCN",0.464215427075407,265
"P05019","P08294","IGF1","SOD3",0.339051316111892,265
"P05019","P08493","IGF1","MGP",0.432902797302003,265
"P05019","P09603","IGF1","CSF1",0.466273746114858,265
"P05019","P09619","IGF1","PDGFRB",0.318576458298405,265
"P05019","P12109","IGF1","COL6A1",0.474618579037646,265
"P05019","P12111","IGF1","COL6A3",0.447546396007171,265
"P05019","P13591","IGF1","NCAM1",0.451298701298701,265
"P05019","P13611","IGF1","VCAN",0.461899818156025,265
"P05019","P13942","IGF1","COL11A2",0.361351706882988,265
"P05019","P16112","IGF1","ACAN",0.423056139491095,265
"P05019","P19256","IGF1","CD58",0.32114885347843,249
"P05019","P22466","IGF1","GAL",0.343901133990369,230
"P05019","P26022","IGF1","PTX3",0.363794993487148,265
"P05019","P28906","IGF1","CD34",0.478388872324088,263
"P05019","P35052","IGF1","GPC1",0.451128464385664,265
"P05019","P35443","IGF1","THBS4",0.502893382684843,265
"P05019","P39059","IGF1","COL15A1",0.343625143476186,265
"P05019","P49641","IGF1","MAN2A2",0.453034601942248,265
"P05019","P49746","IGF1","THBS3",0.495945266253111,265
"P05019","P49747","IGF1","COMP",0.488545119230323,265
"P05019","P55290","IGF1","CDH13",0.482779633474768,265
"P05019","P78539","IGF1","SRPX",0.422290073382427,265
"P05019","P98160","IGF1","HSPG2",0.452479397464502,265
"P05019","Q06828","IGF1","FMOD",0.429220779220779,265
"P05019","Q08378","IGF1","GOLGA3",0.367031094842189,231
"P05019","Q0VD83","IGF1","APOBR",0.377885967061737,265
"P05019","Q13103","IGF1","SPP2",0.431551864223165,265
"P05019","Q13316","IGF1","DMP1",0.440834756213242,251
"P05019","Q13740","IGF1","ALCAM",0.365839770953972,265
"P05019","Q14515","IGF1","SPARCL1",0.510651414127084,265
"P05019","Q14520","IGF1","HABP2",0.460333509588723,265
"P05019","Q14956","IGF1","GPNMB",0.406795262544235,248
"P05019","Q16706","IGF1","MAN2A1",0.313666026128787,265
"P05019","Q53EL9","IGF1","SEZ6",0.446802449793477,237
"P05019","Q5JRA6","IGF1","MIA3",0.386448754820155,265
"P05019","Q6P4E1","IGF1","GOLM2",0.423444976076555,265
"P05019","Q6Q788","IGF1","APOA5",0.287043294342202,265
"P05019","Q6UVK1","IGF1","CSPG4",0.385533086575788,265
"P05019","Q6UWP8","IGF1","SBSN",0.461616734804421,265
"P05019","Q6YHK3","IGF1","CD109",0.324320019603039,265
"P05019","Q6ZRP7","IGF1","QSOX2",0.279011852100233,265
"P05019","Q7LGC8","IGF1","CHST3",0.493071228672023,265
"P05019","Q8IUX7","IGF1","AEBP1",0.423695172751777,265
"P05019","Q8IZF2","IGF1","ADGRF5",0.434618063168212,265
"P05019","Q8NG11","IGF1","TSPAN14",0.203112565463528,204
"P05019","Q8TB73","IGF1","NDNF",0.408108071624787,261
"P05019","Q8WWA0","IGF1","ITLN1",0.33313364887347,265
"P05019","Q92696","IGF1","RABGGTA",0.358973024546795,244
"P05019","Q92752","IGF1","TNR",0.363133490135842,250
"P05019","Q92859","IGF1","NEO1",0.440714995034757,265
"P05019","Q99715","IGF1","COL12A1",0.444534363352636,265
"P05019","Q99983","IGF1","OMD",0.440818168921446,265
"P05019","Q9BV94","IGF1","EDEM2",0.370645533762303,262
"P05019","Q9BYH1","IGF1","SEZ6L",0.509573247011182,265
"P05019","Q9H0B8","IGF1","CRISPLD2",0.272463559349396,213
"P05019","Q9H251","IGF1","CDH23",0.466981776912264,265
"P05019","Q9H2X3","IGF1","CLEC4M",0.305121653320149,262
"P05019","Q9HCM3","IGF1","KIAA1549",0.477759579050542,265
"P05019","Q9NR99","IGF1","MXRA5",0.456104669908046,265
"P05019","Q9NZ53","IGF1","PODXL2",0.437484755003946,264
"P05019","Q9UHF0","IGF1","TAC3",0.379505590683385,216
"P05019","Q9UKM7","IGF1","MAN1B1",0.377410722346174,265
"P05019","Q9Y240","IGF1","CLEC11A",0.487928655257354,265
"P05019","Q9Y274","IGF1","ST3GAL6",0.355317324185249,265
"P05019","Q9Y624","IGF1","F11R",0.216638923615668,259
"P05090","P05387","APOD","RPLP2",0.500796894130345,267
"P05090","P06734","APOD","FCER2",0.376848673196996,257
"P05090","P07359","APOD","GP1BA",0.475020500205002,271
"P05090","P07585","APOD","DCN",0.528534476521236,271
"P05090","P08294","APOD","SOD3",0.604453971010298,271
"P05090","P08493","APOD","MGP",0.554371367243084,271
"P05090","P09603","APOD","CSF1",0.690879820562912,271
"P05090","P09619","APOD","PDGFRB",0.501281262812628,271
"P05090","P12109","APOD","COL6A1",0.618819791139088,271
"P05090","P12111","APOD","COL6A3",0.613116513518076,271
"P05090","P13591","APOD","NCAM1",0.524608687263343,271
"P05090","P13611","APOD","VCAN",0.610336926898681,271
"P05090","P13942","APOD","COL11A2",0.565925041603357,271
"P05090","P16112","APOD","ACAN",0.582724959602537,271
"P05090","P19256","APOD","CD58",0.479201216448734,253
"P05090","P22466","APOD","GAL",0.497573801622335,236
"P05090","P26022","APOD","PTX3",0.557466898198394,271
"P05090","P28906","APOD","CD34",0.493918881429285,269
"P05090","P35052","APOD","GPC1",0.520655162433977,271
"P05090","P35443","APOD","THBS4",0.629942358247112,271
"P05090","P39059","APOD","COL15A1",0.50567976267998,271
"P05090","P49641","APOD","MAN2A2",0.488591032969153,271
"P05090","P49746","APOD","THBS3",0.547475460048718,271
"P05090","P49747","APOD","COMP",0.519303354798254,271
"P05090","P55290","APOD","CDH13",0.66285001085305,271
"P05090","P78539","APOD","SRPX",0.512732436147891,271
"P05090","P98160","APOD","HSPG2",0.602556496153197,271
"P05090","Q06828","APOD","FMOD",0.523941224706365,271
"P05090","Q08378","APOD","GOLGA3",0.623362282050773,237
"P05090","Q0VD83","APOD","APOBR",0.502665629597472,271
"P05090","Q13103","APOD","SPP2",0.611442129127174,271
"P05090","Q13316","APOD","DMP1",0.54325217441062,256
"P05090","Q13740","APOD","ALCAM",0.501001495309071,271
"P05090","Q14515","APOD","SPARCL1",0.568269300340062,271
"P05090","Q14520","APOD","HABP2",0.462510551576104,271
"P05090","Q14956","APOD","GPNMB",0.373135344829164,254
"P05090","Q16706","APOD","MAN2A1",0.348233967633794,271
"P05090","Q53EL9","APOD","SEZ6",0.521413874695655,241
"P05090","Q5JRA6","APOD","MIA3",0.607006246533053,271
"P05090","Q6P4E1","APOD","GOLM2",0.498350939391747,271
"P05090","Q6Q788","APOD","APOA5",0.394794153823891,271
"P05090","Q6UVK1","APOD","CSPG4",0.443936159949835,271
"P05090","Q6UWP8","APOD","SBSN",0.477224875189928,271
"P05090","Q6YHK3","APOD","CD109",0.531394255119022,271
"P05090","Q6ZRP7","APOD","QSOX2",0.465951571280419,271
"P05090","Q7LGC8","APOD","CHST3",0.573730796131491,271
"P05090","Q8IUX7","APOD","AEBP1",0.501132937799966,271
"P05090","Q8IZF2","APOD","ADGRF5",0.484744229795239,271
"P05090","Q8NG11","APOD","TSPAN14",0.3904003890846,209
"P05090","Q8TB73","APOD","NDNF",0.534932207258041,267
"P05090","Q8WWA0","APOD","ITLN1",0.549932469912934,271
"P05090","Q92696","APOD","RABGGTA",0.433627802044833,250
"P05090","Q92752","APOD","TNR",0.383036722827689,254
"P05090","Q92859","APOD","NEO1",0.52743711260642,271
"P05090","Q99715","APOD","COL12A1",0.530509128620698,271
"P05090","Q99983","APOD","OMD",0.452601717193643,271
"P05090","Q9BV94","APOD","EDEM2",0.460642277731641,266
"P05090","Q9BYH1","APOD","SEZ6L",0.573556544388973,271
"P05090","Q9H0B8","APOD","CRISPLD2",0.262231033948963,216
"P05090","Q9H251","APOD","CDH23",0.589494850830861,271
"P05090","Q9H2X3","APOD","CLEC4M",0.446925135607728,266
"P05090","Q9HCM3","APOD","KIAA1549",0.530365627185684,271
"P05090","Q9NR99","APOD","MXRA5",0.512535875358754,271
"P05090","Q9NZ53","APOD","PODXL2",0.59969699325246,270
"P05090","Q9UHF0","APOD","TAC3",0.407285401403048,221
"P05090","Q9UKM7","APOD","MAN1B1",0.406765067650676,271
"P05090","Q9Y240","APOD","CLEC11A",0.618569568048622,271
"P05090","Q9Y274","APOD","ST3GAL6",0.540443889733015,271
"P05090","Q9Y624","APOD","F11R",0.480763873663576,265
"P05387","P06734","RPLP2","FCER2",0.519538849004169,255
"P05387","P07359","RPLP2","GP1BA",0.524644455344297,267
"P05387","P07585","RPLP2","DCN",0.683571245739706,267
"P05387","P08294","RPLP2","SOD3",0.535215281201494,267
"P05387","P08493","RPLP2","MGP",0.629895004154693,267
"P05387","P09603","RPLP2","CSF1",0.647347868245156,267
"P05387","P09619","RPLP2","PDGFRB",0.442201218289729,267
"P05387","P12109","RPLP2","COL6A1",0.696470339020451,267
"P05387","P12111","RPLP2","COL6A3",0.622472036203203,267
"P05387","P13591","RPLP2","NCAM1",0.614881367429979,267
"P05387","P13611","RPLP2","VCAN",0.746311527603177,267
"P05387","P13942","RPLP2","COL11A2",0.476061022924576,267
"P05387","P16112","RPLP2","ACAN",0.574776913775299,267
"P05387","P19256","RPLP2","CD58",0.685541208659339,250
"P05387","P22466","RPLP2","GAL",0.44339556344605,235
"P05387","P26022","RPLP2","PTX3",0.46192245665312,267
"P05387","P28906","RPLP2","CD34",0.694080917537849,267
"P05387","P35052","RPLP2","GPC1",0.598194505213226,267
"P05387","P35443","RPLP2","THBS4",0.691238199473193,267
"P05387","P39059","RPLP2","COL15A1",0.493940704519978,267
"P05387","P49641","RPLP2","MAN2A2",0.606234057388987,267
"P05387","P49746","RPLP2","THBS3",0.62004667883023,267
"P05387","P49747","RPLP2","COMP",0.664277455335471,267
"P05387","P55290","RPLP2","CDH13",0.617373552949958,267
"P05387","P78539","RPLP2","SRPX",0.537568766793724,267
"P05387","P98160","RPLP2","HSPG2",0.63788411999309,267
"P05387","Q06828","RPLP2","FMOD",0.586677367576244,267
"P05387","Q08378","RPLP2","GOLGA3",0.455638520308414,234
"P05387","Q0VD83","RPLP2","APOBR",0.622956225041894,267
"P05387","Q13103","RPLP2","SPP2",0.668544369476433,267
"P05387","Q13316","RPLP2","DMP1",0.558635512341938,254
"P05387","Q13740","RPLP2","ALCAM",0.538791847974792,267
"P05387","Q14515","RPLP2","SPARCL1",0.665000586322422,267
"P05387","Q14520","RPLP2","HABP2",0.643012865048753,267
"P05387","Q14956","RPLP2","GPNMB",0.364838550559666,251
"P05387","Q16706","RPLP2","MAN2A1",0.475498027308755,267
"P05387","Q53EL9","RPLP2","SEZ6",0.548535564853556,240
"P05387","Q5JRA6","RPLP2","MIA3",0.599763705759451,267
"P05387","Q6P4E1","RPLP2","GOLM2",0.61793213538626,267
"P05387","Q6Q788","RPLP2","APOA5",0.294763195091536,267
"P05387","Q6UVK1","RPLP2","CSPG4",0.503609980846801,267
"P05387","Q6UWP8","RPLP2","SBSN",0.572468820886696,267
"P05387","Q6YHK3","RPLP2","CD109",0.484296015907621,267
"P05387","Q6ZRP7","RPLP2","QSOX2",0.510669176715056,267
"P05387","Q7LGC8","RPLP2","CHST3",0.647303736449963,267
"P05387","Q8IUX7","RPLP2","AEBP1",0.632164639336056,267
"P05387","Q8IZF2","RPLP2","ADGRF5",0.515877359002067,267
"P05387","Q8NG11","RPLP2","TSPAN14",0.446266929104458,208
"P05387","Q8TB73","RPLP2","NDNF",0.671757462710903,264
"P05387","Q8WWA0","RPLP2","ITLN1",0.413960021637189,267
"P05387","Q92696","RPLP2","RABGGTA",0.411945032777602,246
"P05387","Q92752","RPLP2","TNR",0.410184994959919,250
"P05387","Q92859","RPLP2","NEO1",0.625703744519777,267
"P05387","Q99715","RPLP2","COL12A1",0.582121074949658,267
"P05387","Q99983","RPLP2","OMD",0.491628828906074,267
"P05387","Q9BV94","RPLP2","EDEM2",0.543112372644259,262
"P05387","Q9BYH1","RPLP2","SEZ6L",0.676764862012486,267
"P05387","Q9H0B8","RPLP2","CRISPLD2",0.541912859167173,216
"P05387","Q9H251","RPLP2","CDH23",0.642500305770295,267
"P05387","Q9H2X3","RPLP2","CLEC4M",0.422817891840658,262
"P05387","Q9HCM3","RPLP2","KIAA1549",0.630476282942809,267
"P05387","Q9NR99","RPLP2","MXRA5",0.614903433327575,267
"P05387","Q9NZ53","RPLP2","PODXL2",0.63952046748204,266
"P05387","Q9UHF0","RPLP2","TAC3",0.301298542475013,221
"P05387","Q9UKM7","RPLP2","MAN1B1",0.43315861345465,267
"P05387","Q9Y240","RPLP2","CLEC11A",0.656945272791235,267
"P05387","Q9Y274","RPLP2","ST3GAL6",0.680229838389366,267
"P05387","Q9Y624","RPLP2","F11R",0.613017367321331,262
"P06734","P07359","FCER2","GP1BA",0.610686391503031,257
"P06734","P07585","FCER2","DCN",0.703161054429463,257
"P06734","P08294","FCER2","SOD3",0.440948500135734,257
"P06734","P08493","FCER2","MGP",0.695861092887521,257
"P06734","P09603","FCER2","CSF1",0.626484594154375,257
"P06734","P09619","FCER2","PDGFRB",0.386697894986879,257
"P06734","P12109","FCER2","COL6A1",0.5415962073568,257
"P06734","P12111","FCER2","COL6A3",0.490082204099176,257
"P06734","P13591","FCER2","NCAM1",0.669624779431725,257
"P06734","P13611","FCER2","VCAN",0.679119112523753,257
"P06734","P13942","FCER2","COL11A2",0.533454268844448,257
"P06734","P16112","FCER2","ACAN",0.620336960456067,257
"P06734","P19256","FCER2","CD58",0.473442823666371,243
"P06734","P22466","FCER2","GAL",0.308154327966421,226
"P06734","P26022","FCER2","PTX3",0.50625791783549,257
"P06734","P28906","FCER2","CD34",0.639979555017645,257
"P06734","P35052","FCER2","GPC1",0.570379660211745,257
"P06734","P35443","FCER2","THBS4",0.623644070672337,257
"P06734","P39059","FCER2","COL15A1",0.651503540403583,257
"P06734","P49641","FCER2","MAN2A2",0.682774748891503,257
"P06734","P49746","FCER2","THBS3",0.647413130033481,257
"P06734","P49747","FCER2","COMP",0.596131006243779,257
"P06734","P55290","FCER2","CDH13",0.479408679078816,257
"P06734","P78539","FCER2","SRPX",0.652127776898018,257
"P06734","P98160","FCER2","HSPG2",0.638579087865351,257
"P06734","Q06828","FCER2","FMOD",0.651675329155732,257
"P06734","Q08378","FCER2","GOLGA3",0.418980354473628,224
"P06734","Q0VD83","FCER2","APOBR",0.611195395213103,257
"P06734","Q13103","FCER2","SPP2",0.535991510949235,257
"P06734","Q13316","FCER2","DMP1",0.551688712270194,245
"P06734","Q13740","FCER2","ALCAM",0.41874462718306,257
"P06734","Q14515","FCER2","SPARCL1",0.57658102207945,257
"P06734","Q14520","FCER2","HABP2",0.675403385440232,257
"P06734","Q14956","FCER2","GPNMB",0.490314520366073,242
"P06734","Q16706","FCER2","MAN2A1",0.544081135191385,257
"P06734","Q53EL9","FCER2","SEZ6",0.432086074123442,236
"P06734","Q5JRA6","FCER2","MIA3",0.533372262691159,257
"P06734","Q6P4E1","FCER2","GOLM2",0.681607575106325,257
"P06734","Q6Q788","FCER2","APOA5",0.213718639715863,257
"P06734","Q6UVK1","FCER2","CSPG4",0.595144104605918,257
"P06734","Q6UWP8","FCER2","SBSN",0.555005627318795,257
"P06734","Q6YHK3","FCER2","CD109",0.537922897249118,257
"P06734","Q6ZRP7","FCER2","QSOX2",0.478283922269478,257
"P06734","Q7LGC8","FCER2","CHST3",0.648229656818387,257
"P06734","Q8IUX7","FCER2","AEBP1",0.702396134965161,257
"P06734","Q8IZF2","FCER2","ADGRF5",0.555096823816849,257
"P06734","Q8NG11","FCER2","TSPAN14",0.135381909677493,203
"P06734","Q8TB73","FCER2","NDNF",0.599608221490333,254
"P06734","Q8WWA0","FCER2","ITLN1",0.407006436069134,257
"P06734","Q92696","FCER2","RABGGTA",0.548542437786099,237
"P06734","Q92752","FCER2","TNR",0.473911159951895,243
"P06734","Q92859","FCER2","NEO1",0.69612266423853,257
"P06734","Q99715","FCER2","COL12A1",0.679944829653425,257
"P06734","Q99983","FCER2","OMD",0.586798564609537,257
"P06734","Q9BV94","FCER2","EDEM2",0.450756553594019,254
"P06734","Q9BYH1","FCER2","SEZ6L",0.666100635689078,257
"P06734","Q9H0B8","FCER2","CRISPLD2",0.466325161916685,211
"P06734","Q9H251","FCER2","CDH23",0.508515914849335,257
"P06734","Q9H2X3","FCER2","CLEC4M",0.367976483176757,253
"P06734","Q9HCM3","FCER2","KIAA1549",0.571234362274907,257
"P06734","Q9NR99","FCER2","MXRA5",0.658522842955389,257
"P06734","Q9NZ53","FCER2","PODXL2",0.494371974255723,257
"P06734","Q9UHF0","FCER2","TAC3",0.328447921949335,215
"P06734","Q9UKM7","FCER2","MAN1B1",0.401215811917473,257
"P06734","Q9Y240","FCER2","CLEC11A",0.651804700932042,257
"P06734","Q9Y274","FCER2","ST3GAL6",0.524080117183965,257
"P06734","Q9Y624","FCER2","F11R",0.299850062336721,254
"P07359","P07585","GP1BA","DCN",0.718133637218725,271
"P07359","P08294","GP1BA","SOD3",0.641492414924149,271
"P07359","P08493","GP1BA","MGP",0.739240407109954,271
"P07359","P09603","GP1BA","CSF1",0.75443588259412,271
"P07359","P09619","GP1BA","PDGFRB",0.521771820659383,271
"P07359","P12109","GP1BA","COL6A1",0.557923932180498,271
"P07359","P12111","GP1BA","COL6A3",0.52567469792345,271
"P07359","P13591","GP1BA","NCAM1",0.76415177387068,271
"P07359","P13611","GP1BA","VCAN",0.724790174372332,271
"P07359","P13942","GP1BA","COL11A2",0.620470660588959,271
"P07359","P16112","GP1BA","ACAN",0.66551443455611,271
"P07359","P19256","GP1BA","CD58",0.588972821085112,253
"P07359","P22466","GP1BA","GAL",0.300253347149502,236
"P07359","P26022","GP1BA","PTX3",0.552354508839206,271
"P07359","P28906","GP1BA","CD34",0.713672652844822,269
"P07359","P35052","GP1BA","GPC1",0.657408412319417,271
"P07359","P35443","GP1BA","THBS4",0.665964836118949,271
"P07359","P39059","GP1BA","COL15A1",0.665461978149193,271
"P07359","P49641","GP1BA","MAN2A2",0.762294093529171,271
"P07359","P49746","GP1BA","THBS3",0.703293900586065,271
"P07359","P49747","GP1BA","COMP",0.683794587945879,271
"P07359","P55290","GP1BA","CDH13",0.568758893471288,271
"P07359","P78539","GP1BA","SRPX",0.728532667679618,271
"P07359","P98160","GP1BA","HSPG2",0.736236524129947,271
"P07359","Q06828","GP1BA","FMOD",0.695202349082314,271
"P07359","Q08378","GP1BA","GOLGA3",0.588082046807137,237
"P07359","Q0VD83","GP1BA","APOBR",0.691755902853146,271
"P07359","Q13103","GP1BA","SPP2",0.645570146877939,271
"P07359","Q13316","GP1BA","DMP1",0.559108205539025,256
"P07359","Q13740","GP1BA","ALCAM",0.506487711935943,271
"P07359","Q14515","GP1BA","SPARCL1",0.661444540915997,271
"P07359","Q14520","GP1BA","HABP2",0.758614909678509,271
"P07359","Q14956","GP1BA","GPNMB",0.488547435406891,254
"P07359","Q16706","GP1BA","MAN2A1",0.58521513156308,271
"P07359","Q53EL9","GP1BA","SEZ6",0.469348616302596,241
"P07359","Q5JRA6","GP1BA","MIA3",0.611489159009237,271
"P07359","Q6P4E1","GP1BA","GOLM2",0.744613269662108,271
"P07359","Q6Q788","GP1BA","APOA5",0.397731712611244,271
"P07359","Q6UVK1","GP1BA","CSPG4",0.595488146057931,271
"P07359","Q6UWP8","GP1BA","SBSN",0.62333707160601,271
"P07359","Q6YHK3","GP1BA","CD109",0.6531757229337,271
"P07359","Q6ZRP7","GP1BA","QSOX2",0.504661987796349,271
"P07359","Q7LGC8","GP1BA","CHST3",0.718205387936232,271
"P07359","Q8IUX7","GP1BA","AEBP1",0.724825748257483,271
"P07359","Q8IZF2","GP1BA","ADGRF5",0.648425101898078,271
"P07359","Q8NG11","GP1BA","TSPAN14",0.211015300488985,209
"P07359","Q8TB73","GP1BA","NDNF",0.677774219213975,267
"P07359","Q8WWA0","GP1BA","ITLN1",0.444141764947061,271
"P07359","Q92696","GP1BA","RABGGTA",0.82874401190419,250
"P07359","Q92752","GP1BA","TNR",0.499304867756446,254
"P07359","Q92859","GP1BA","NEO1",0.779525721727806,271
"P07359","Q99715","GP1BA","COL12A1",0.673666280780455,271
"P07359","Q99983","GP1BA","OMD",0.597652726527265,271
"P07359","Q9BV94","GP1BA","EDEM2",0.581713240064333,266
"P07359","Q9BYH1","GP1BA","SEZ6L",0.737860863902757,271
"P07359","Q9H0B8","GP1BA","CRISPLD2",0.498891389514045,216
"P07359","Q9H251","GP1BA","CDH23",0.63896305139522,271
"P07359","Q9H2X3","GP1BA","CLEC4M",0.470282022631308,266
"P07359","Q9HCM3","GP1BA","KIAA1549",0.682617032052673,271
"P07359","Q9NR99","GP1BA","MXRA5",0.717226804620987,271
"P07359","Q9NZ53","GP1BA","PODXL2",0.587657199992074,270
"P07359","Q9UHF0","GP1BA","TAC3",0.362655786185198,221
"P07359","Q9UKM7","GP1BA","MAN1B1",0.529238115910571,271
"P07359","Q9Y240","GP1BA","CLEC11A",0.683357451221571,271
"P07359","Q9Y274","GP1BA","ST3GAL6",0.590678436196127,271
"P07359","Q9Y624","GP1BA","F11R",0.307839925714802,265
"P07585","P08294","DCN","SOD3",0.612725803728626,271
"P07585","P08493","DCN","MGP",0.78046571642187,271
"P07585","P09603","DCN","CSF1",0.832398162216916,271
"P07585","P09619","DCN","PDGFRB",0.536467452909823,271
"P07585","P12109","DCN","COL6A1",0.754139232568796,271
"P07585","P12111","DCN","COL6A3",0.697974097388033,271
"P07585","P13591","DCN","NCAM1",0.809163591635916,271
"P07585","P13611","DCN","VCAN",0.835710754166365,271
"P07585","P13942","DCN","COL11A2",0.696306345416395,271
"P07585","P16112","DCN","ACAN",0.76454851313219,271
"P07585","P19256","DCN","CD58",0.632001286400465,253
"P07585","P22466","DCN","GAL",0.479637736400279,236
"P07585","P26022","DCN","PTX3",0.678131707787666,271
"P07585","P28906","DCN","CD34",0.763107634072512,269
"P07585","P35052","DCN","GPC1",0.7205255287847,271
"P07585","P35443","DCN","THBS4",0.801766635313412,271
"P07585","P39059","DCN","COL15A1",0.69075078986084,271
"P07585","P49641","DCN","MAN2A2",0.81183645659986,271
"P07585","P49746","DCN","THBS3",0.809020693148108,271
"P07585","P49747","DCN","COMP",0.796057328220341,271
"P07585","P55290","DCN","CDH13",0.704101246894822,271
"P07585","P78539","DCN","SRPX",0.822773315968454,271
"P07585","P98160","DCN","HSPG2",0.863973904444927,271
"P07585","Q06828","DCN","FMOD",0.856211562115621,271
"P07585","Q08378","DCN","GOLGA3",0.582550720352505,237
"P07585","Q0VD83","DCN","APOBR",0.761822588814123,271
"P07585","Q13103","DCN","SPP2",0.762788510238044,271
"P07585","Q13316","DCN","DMP1",0.666755836575875,256
"P07585","Q13740","DCN","ALCAM",0.576018377830837,271
"P07585","Q14515","DCN","SPARCL1",0.791495429660179,271
"P07585","Q14520","DCN","HABP2",0.780652630055712,271
"P07585","Q14956","DCN","GPNMB",0.560187248158733,254
"P07585","Q16706","DCN","MAN2A1",0.58878759375829,271
"P07585","Q53EL9","DCN","SEZ6",0.649074963135695,241
"P07585","Q5JRA6","DCN","MIA3",0.70233762631744,271
"P07585","Q6P4E1","DCN","GOLM2",0.803943274726865,271
"P07585","Q6Q788","DCN","APOA5",0.436398716928346,271
"P07585","Q6UVK1","DCN","CSPG4",0.75943793261462,271
"P07585","Q6UWP8","DCN","SBSN",0.610872344017558,271
"P07585","Q6YHK3","DCN","CD109",0.627035549767262,271
"P07585","Q6ZRP7","DCN","QSOX2",0.567545763692931,271
"P07585","Q7LGC8","DCN","CHST3",0.796711525938789,271
"P07585","Q8IUX7","DCN","AEBP1",0.823628898053686,271
"P07585","Q8IZF2","DCN","ADGRF5",0.719436003183561,271
"P07585","Q8NG11","DCN","TSPAN14",0.290341237709659,209
"P07585","Q8TB73","DCN","NDNF",0.78462296946458,267
"P07585","Q8WWA0","DCN","ITLN1",0.537556978510962,271
"P07585","Q92696","DCN","RABGGTA",0.641033360533768,250
"P07585","Q92752","DCN","TNR",0.60823320707325,254
"P07585","Q92859","DCN","NEO1",0.815612112003473,271
"P07585","Q99715","DCN","COL12A1",0.793376021995514,271
"P07585","Q99983","DCN","OMD",0.728852832645974,271
"P07585","Q9BV94","DCN","EDEM2",0.585351336790142,266
"P07585","Q9BYH1","DCN","SEZ6L",0.841561150905627,271
"P07585","Q9H0B8","DCN","CRISPLD2",0.576665594970171,216
"P07585","Q9H251","DCN","CDH23",0.749062417094759,271
"P07585","Q9H2X3","DCN","CLEC4M",0.449349258242065,266
"P07585","Q9HCM3","DCN","KIAA1549",0.805699659937776,271
"P07585","Q9NR99","DCN","MXRA5",0.828046692231628,271
"P07585","Q9NZ53","DCN","PODXL2",0.670363409953802,270
"P07585","Q9UHF0","DCN","TAC3",0.474480527421704,221
"P07585","Q9UKM7","DCN","MAN1B1",0.591012468948219,271
"P07585","Q9Y240","DCN","CLEC11A",0.820201143187902,271
"P07585","Q9Y274","DCN","ST3GAL6",0.676599618937366,271
"P07585","Q9Y624","DCN","F11R",0.444013980061646,265
"P08294","P08493","SOD3","MGP",0.639647999421171,271
"P08294","P09603","SOD3","CSF1",0.713638062851217,271
"P08294","P09619","SOD3","PDGFRB",0.544619902081374,271
"P08294","P12109","SOD3","COL6A1",0.61587258519644,271
"P08294","P12111","SOD3","COL6A3",0.55756698743458,271
"P08294","P13591","SOD3","NCAM1",0.656343607553723,271
"P08294","P13611","SOD3","VCAN",0.639772809492801,271
"P08294","P13942","SOD3","COL11A2",0.519872536960664,271
"P08294","P16112","SOD3","ACAN",0.59663555459084,271
"P08294","P19256","SOD3","CD58",0.519100379251013,253
"P08294","P22466","SOD3","GAL",0.484534868327954,236
"P08294","P26022","SOD3","PTX3",0.52714890384198,271
"P08294","P28906","SOD3","CD34",0.619023839908265,269
"P08294","P35052","SOD3","GPC1",0.628075030750307,271
"P08294","P35443","SOD3","THBS4",0.666634710464752,271
"P08294","P39059","SOD3","COL15A1",0.554133806043943,271
"P08294","P49641","SOD3","MAN2A2",0.656441285001085,271
"P08294","P49746","SOD3","THBS3",0.653518196946675,271
"P08294","P49747","SOD3","COMP",0.644333502158551,271
"P08294","P55290","SOD3","CDH13",0.626286689337482,271
"P08294","P78539","SOD3","SRPX",0.619581313460193,271
"P08294","P98160","SOD3","HSPG2",0.675801919783904,271
"P08294","Q06828","SOD3","FMOD",0.614099317463763,271
"P08294","Q08378","SOD3","GOLGA3",0.552031969191882,237
"P08294","Q0VD83","SOD3","APOBR",0.622129368352507,271
"P08294","Q13103","SOD3","SPP2",0.649583363480694,271
"P08294","Q13316","SOD3","DMP1",0.542542629892424,256
"P08294","Q13740","SOD3","ALCAM",0.451674987338109,271
"P08294","Q14515","SOD3","SPARCL1",0.64680498275571,271
"P08294","Q14520","SOD3","HABP2",0.628440416757109,271
"P08294","Q14956","SOD3","GPNMB",0.473450415303528,254
"P08294","Q16706","SOD3","MAN2A1",0.512345946988882,271
"P08294","Q53EL9","SOD3","SEZ6",0.510402592503687,241
"P08294","Q5JRA6","SOD3","MIA3",0.582850975568579,271
"P08294","Q6P4E1","SOD3","GOLM2",0.604940549405494,271
"P08294","Q6Q788","SOD3","APOA5",0.368778187781878,271
"P08294","Q6UVK1","SOD3","CSPG4",0.544938861153317,271
"P08294","Q6UWP8","SOD3","SBSN",0.566955478378313,271
"P08294","Q6YHK3","SOD3","CD109",0.62056411740588,271
"P08294","Q6ZRP7","SOD3","QSOX2",0.451154040952174,271
"P08294","Q7LGC8","SOD3","CHST3",0.683752984588669,271
"P08294","Q8IUX7","SOD3","AEBP1",0.633828955936618,271
"P08294","Q8IZF2","SOD3","ADGRF5",0.616696814026964,271
"P08294","Q8NG11","SOD3","TSPAN14",0.344807823755192,209
"P08294","Q8TB73","SOD3","NDNF",0.584456907823811,267
"P08294","Q8WWA0","SOD3","ITLN1",0.508966427899573,271
"P08294","Q92696","SOD3","RABGGTA",0.573352277636442,250
"P08294","Q92752","SOD3","TNR",0.450440201601166,254
"P08294","Q92859","SOD3","NEO1",0.640651303571859,271
"P08294","Q99715","SOD3","COL12A1",0.590204519692256,271
"P08294","Q99983","SOD3","OMD",0.509245592455924,271
"P08294","Q9BV94","SOD3","EDEM2",0.545844896319663,266
"P08294","Q9BYH1","SOD3","SEZ6L",0.659105708704146,271
"P08294","Q9H0B8","SOD3","CRISPLD2",0.438745400635873,216
"P08294","Q9H251","SOD3","CDH23",0.64141945831223,271
"P08294","Q9H2X3","SOD3","CLEC4M",0.447045002797432,266
"P08294","Q9HCM3","SOD3","KIAA1549",0.5922991582857,271
"P08294","Q9NR99","SOD3","MXRA5",0.620749222198104,271
"P08294","Q9NZ53","SOD3","PODXL2",0.582072608830177,270
"P08294","Q9UHF0","SOD3","TAC3",0.422881252293017,221
"P08294","Q9UKM7","SOD3","MAN1B1",0.451219159250416,271
"P08294","Q9Y240","SOD3","CLEC11A",0.648201408484673,271
"P08294","Q9Y274","SOD3","ST3GAL6",0.595515278682199,271
"P08294","Q9Y624","SOD3","F11R",0.373360502456828,265
"P08493","P09603","MGP","CSF1",0.80239249451318,271
"P08493","P09619","MGP","PDGFRB",0.58851867930444,271
"P08493","P12109","MGP","COL6A1",0.732425294841184,271
"P08493","P12111","MGP","COL6A3",0.598677133830162,271
"P08493","P13591","MGP","NCAM1",0.839664881942937,271
"P08493","P13611","MGP","VCAN",0.816286206979717,271
"P08493","P13942","MGP","COL11A2",0.730490437257314,271
"P08493","P16112","MGP","ACAN",0.726222173986446,271
"P08493","P19256","MGP","CD58",0.681015663555889,253
"P08493","P22466","MGP","GAL",0.327927072539451,236
"P08493","P26022","MGP","PTX3",0.583930251067217,271
"P08493","P28906","MGP","CD34",0.817745843274335,269
"P08493","P35052","MGP","GPC1",0.744050116971758,271
"P08493","P35443","MGP","THBS4",0.829640281696934,271
"P08493","P39059","MGP","COL15A1",0.777166389310952,271
"P08493","P49641","MGP","MAN2A2",0.805761763499988,271
"P08493","P49746","MGP","THBS3",0.843646745290982,271
"P08493","P49747","MGP","COMP",0.794574078093722,271
"P08493","P55290","MGP","CDH13",0.597083544364855,271
"P08493","P78539","MGP","SRPX",0.779766297662977,271
"P08493","P98160","MGP","HSPG2",0.770878252900176,271
"P08493","Q06828","MGP","FMOD",0.772066058895883,271
"P08493","Q08378","MGP","GOLGA3",0.682234490019994,237
"P08493","Q0VD83","MGP","APOBR",0.775579432264911,271
"P08493","Q13103","MGP","SPP2",0.704826592383571,271
"P08493","Q13316","MGP","DMP1",0.699378433279927,256
"P08493","Q13740","MGP","ALCAM",0.575088030292068,271
"P08493","Q14515","MGP","SPARCL1",0.764056508212141,271
"P08493","Q14520","MGP","HABP2",0.899521259918481,271
"P08493","Q14956","MGP","GPNMB",0.552724416771782,254
"P08493","Q16706","MGP","MAN2A1",0.621035019173721,271
"P08493","Q53EL9","MGP","SEZ6",0.503442954631185,241
"P08493","Q5JRA6","MGP","MIA3",0.670840870173408,271
"P08493","Q6P4E1","MGP","GOLM2",0.810149410317633,271
"P08493","Q6Q788","MGP","APOA5",0.431305621879748,271
"P08493","Q6UVK1","MGP","CSPG4",0.640305814822854,271
"P08493","Q6UWP8","MGP","SBSN",0.731830185948918,271
"P08493","Q6YHK3","MGP","CD109",0.721147167354026,271
"P08493","Q6ZRP7","MGP","QSOX2",0.546932204616164,271
"P08493","Q7LGC8","MGP","CHST3",0.822682270940356,271
"P08493","Q8IUX7","MGP","AEBP1",0.807497648505897,271
"P08493","Q8IZF2","MGP","ADGRF5",0.672101632781034,271
"P08493","Q8NG11","MGP","TSPAN14",0.250704558599295,209
"P08493","Q8TB73","MGP","NDNF",0.745556243451157,267
"P08493","Q8WWA0","MGP","ITLN1",0.539447820948798,271
"P08493","Q92696","MGP","RABGGTA",0.620637258196131,250
"P08493","Q92752","MGP","TNR",0.502808173158778,254
"P08493","Q92859","MGP","NEO1",0.830306538359501,271
"P08493","Q99715","MGP","COL12A1",0.772946361816559,271
"P08493","Q99983","MGP","OMD",0.645321732629091,271
"P08493","Q9BV94","MGP","EDEM2",0.484945350444162,266
"P08493","Q9BYH1","MGP","SEZ6L",0.809313725490196,271
"P08493","Q9H0B8","MGP","CRISPLD2",0.492371902499434,216
"P08493","Q9H251","MGP","CDH23",0.678415695921665,271
"P08493","Q9H2X3","MGP","CLEC4M",0.541798741075712,266
"P08493","Q9HCM3","MGP","KIAA1549",0.692996768202976,271
"P08493","Q9NR99","MGP","MXRA5",0.802686129802474,271
"P08493","Q9NZ53","MGP","PODXL2",0.62890086893434,270
"P08493","Q9UHF0","MGP","TAC3",0.425085883909413,221
"P08493","Q9UKM7","MGP","MAN1B1",0.430388539179509,271
"P08493","Q9Y240","MGP","CLEC11A",0.754359911246171,271
"P08493","Q9Y274","MGP","ST3GAL6",0.646576465764658,271
"P08493","Q9Y624","MGP","F11R",0.377641573917641,265
"P09603","P09619","CSF1","PDGFRB",0.60819706726479,271
"P09603","P12109","CSF1","COL6A1",0.78189530424716,271
"P09603","P12111","CSF1","COL6A3",0.727671659069532,271
"P09603","P13591","CSF1","NCAM1",0.792713985963389,271
"P09603","P13611","CSF1","VCAN",0.847312061355908,271
"P09603","P13942","CSF1","COL11A2",0.755770204760871,271
"P09603","P16112","CSF1","ACAN",0.779944770035936,271
"P09603","P19256","CSF1","CD58",0.631850119525573,253
"P09603","P22466","CSF1","GAL",0.51294809350564,236
"P09603","P26022","CSF1","PTX3",0.738460193425464,271
"P09603","P28906","CSF1","CD34",0.731605910965618,269
"P09603","P35052","CSF1","GPC1",0.718649157079806,271
"P09603","P35443","CSF1","THBS4",0.830839543689554,271
"P09603","P39059","CSF1","COL15A1",0.762288064057111,271
"P09603","P49641","CSF1","MAN2A2",0.794782697826978,271
"P09603","P49746","CSF1","THBS3",0.793304874225213,271
"P09603","P49747","CSF1","COMP",0.77916696814027,271
"P09603","P55290","CSF1","CDH13",0.75102681909172,271
"P09603","P78539","CSF1","SRPX",0.774846851409691,271
"P09603","P98160","CSF1","HSPG2",0.863659166003425,271
"P09603","Q06828","CSF1","FMOD",0.823176084702023,271
"P09603","Q08378","CSF1","GOLGA3",0.709321402879968,237
"P09603","Q0VD83","CSF1","APOBR",0.710684224489304,271
"P09603","Q13103","CSF1","SPP2",0.799650893567759,271
"P09603","Q13316","CSF1","DMP1",0.697244077592126,256
"P09603","Q13740","CSF1","ALCAM",0.618272315076092,271
"P09603","Q14515","CSF1","SPARCL1",0.808174155270964,271
"P09603","Q14520","CSF1","HABP2",0.732054482309529,271
"P09603","Q14956","CSF1","GPNMB",0.530654471492621,254
"P09603","Q16706","CSF1","MAN2A1",0.570684103899863,271
"P09603","Q53EL9","CSF1","SEZ6",0.638478618703062,241
"P09603","Q5JRA6","CSF1","MIA3",0.717277452186287,271
"P09603","Q6P4E1","CSF1","GOLM2",0.782179292381159,271
"P09603","Q6Q788","CSF1","APOA5",0.441060101777488,271
"P09603","Q6UVK1","CSF1","CSPG4",0.716186720690736,271
"P09603","Q6UWP8","CSF1","SBSN",0.66199985529267,271
"P09603","Q6YHK3","CSF1","CD109",0.724091358560644,271
"P09603","Q6ZRP7","CSF1","QSOX2",0.600218266888551,271
"P09603","Q7LGC8","CSF1","CHST3",0.817029037937438,271
"P09603","Q8IUX7","CSF1","AEBP1",0.765603067795384,271
"P09603","Q8IZF2","CSF1","ADGRF5",0.679631237488845,271
"P09603","Q8NG11","CSF1","TSPAN14",0.356392291918608,209
"P09603","Q8TB73","CSF1","NDNF",0.747992949000037,267
"P09603","Q8WWA0","CSF1","ITLN1",0.643188505414466,271
"P09603","Q92696","CSF1","RABGGTA",0.703731579705275,250
"P09603","Q92752","CSF1","TNR",0.549647307804265,254
"P09603","Q92859","CSF1","NEO1",0.811550056677037,271
"P09603","Q99715","CSF1","COL12A1",0.801906519065191,271
"P09603","Q99983","CSF1","OMD",0.745505631526903,271
"P09603","Q9BV94","CSF1","EDEM2",0.591170633813705,266
"P09603","Q9BYH1","CSF1","SEZ6L",0.8424716011866,271
"P09603","Q9H0B8","CSF1","CRISPLD2",0.468027721216018,216
"P09603","Q9H251","CSF1","CDH23",0.779150085618503,271
"P09603","Q9H2X3","CSF1","CLEC4M",0.501656621944941,266
"P09603","Q9HCM3","CSF1","KIAA1549",0.753016544871331,271
"P09603","Q9NR99","CSF1","MXRA5",0.787478595374189,271
"P09603","Q9NZ53","CSF1","PODXL2",0.738740510081681,270
"P09603","Q9UHF0","CSF1","TAC3",0.529664135546489,221
"P09603","Q9UKM7","CSF1","MAN1B1",0.561651351807636,271
"P09603","Q9Y240","CSF1","CLEC11A",0.814652220051612,271
"P09603","Q9Y274","CSF1","ST3GAL6",0.669104985167499,271
"P09603","Q9Y624","CSF1","F11R",0.487373450779608,265
"P09619","P12109","PDGFRB","COL6A1",0.560119262957335,271
"P09619","P12111","PDGFRB","COL6A3",0.485040879820563,271
"P09619","P13591","PDGFRB","NCAM1",0.581439476159467,271
"P09619","P13611","PDGFRB","VCAN",0.613495767310614,271
"P09619","P13942","PDGFRB","COL11A2",0.516681740346815,271
"P09619","P16112","PDGFRB","ACAN",0.531611316113161,271
"P09619","P19256","PDGFRB","CD58",0.41032247451282,253
"P09619","P22466","PDGFRB","GAL",0.27857322189102,236
"P09619","P26022","PDGFRB","PTX3",0.516189735426766,271
"P09619","P28906","PDGFRB","CD34",0.535779590276622,269
"P09619","P35052","PDGFRB","GPC1",0.549345802281552,271
"P09619","P35443","PDGFRB","THBS4",0.606820538793623,271
"P09619","P39059","PDGFRB","COL15A1",0.455214890384198,271
"P09619","P49641","PDGFRB","MAN2A2",0.57748474543569,271
"P09619","P49746","PDGFRB","THBS3",0.579687311578998,271
"P09619","P49747","PDGFRB","COMP",0.576627354508839,271
"P09619","P55290","PDGFRB","CDH13",0.569434797289149,271
"P09619","P78539","PDGFRB","SRPX",0.532027952632467,271
"P09619","P98160","PDGFRB","HSPG2",0.577882690591612,271
"P09619","Q06828","PDGFRB","FMOD",0.560742107421074,271
"P09619","Q08378","PDGFRB","GOLGA3",0.485944517261957,237
"P09619","Q0VD83","PDGFRB","APOBR",0.518906012589538,271
"P09619","Q13103","PDGFRB","SPP2",0.603455490437257,271
"P09619","Q13316","PDGFRB","DMP1",0.551628662165255,256
"P09619","Q13740","PDGFRB","ALCAM",0.501310204278513,271
"P09619","Q14515","PDGFRB","SPARCL1",0.547055808793382,271
"P09619","Q14520","PDGFRB","HABP2",0.557582664061935,271
"P09619","Q14956","PDGFRB","GPNMB",0.418132022034795,254
"P09619","Q16706","PDGFRB","MAN2A1",0.508303788920242,271
"P09619","Q53EL9","PDGFRB","SEZ6",0.413670656013168,241
"P09619","Q5JRA6","PDGFRB","MIA3",0.52039770397704,271
"P09619","Q6P4E1","PDGFRB","GOLM2",0.553362636567542,271
"P09619","Q6Q788","PDGFRB","APOA5",0.338553047295179,271
"P09619","Q6UVK1","PDGFRB","CSPG4",0.487898849576731,271
"P09619","Q6UWP8","PDGFRB","SBSN",0.477341244000675,271
"P09619","Q6YHK3","PDGFRB","CD109",0.512190989556954,271
"P09619","Q6ZRP7","PDGFRB","QSOX2",0.441321780864868,271
"P09619","Q7LGC8","PDGFRB","CHST3",0.615826158261583,271
"P09619","Q8IUX7","PDGFRB","AEBP1",0.553699684055664,271
"P09619","Q8IZF2","PDGFRB","ADGRF5",0.517207510310397,271
"P09619","Q8NG11","PDGFRB","TSPAN14",0.288863767811136,209
"P09619","Q8TB73","PDGFRB","NDNF",0.529386101510694,267
"P09619","Q8WWA0","PDGFRB","ITLN1",0.465727877867014,271
"P09619","Q92696","PDGFRB","RABGGTA",0.470188259012144,250
"P09619","Q92752","PDGFRB","TNR",0.444530570623569,254
"P09619","Q92859","PDGFRB","NEO1",0.607365000120589,271
"P09619","Q99715","PDGFRB","COL12A1",0.544057352338229,271
"P09619","Q99983","PDGFRB","OMD",0.5047687094518,271
"P09619","Q9BV94","PDGFRB","EDEM2",0.40030444991002,266
"P09619","Q9BYH1","PDGFRB","SEZ6L",0.584609169621108,271
"P09619","Q9H0B8","PDGFRB","CRISPLD2",0.379385322521106,216
"P09619","Q9H251","PDGFRB","CDH23",0.569549357258278,271
"P09619","Q9H2X3","PDGFRB","CLEC4M",0.424551414576297,266
"P09619","Q9HCM3","PDGFRB","KIAA1549",0.515250946627113,271
"P09619","Q9NR99","PDGFRB","MXRA5",0.551289101126305,271
"P09619","Q9NZ53","PDGFRB","PODXL2",0.504533974707777,270
"P09619","Q9UHF0","PDGFRB","TAC3",0.307303189656131,221
"P09619","Q9UKM7","PDGFRB","MAN1B1",0.380199213756843,271
"P09619","Q9Y240","PDGFRB","CLEC11A",0.546188770711237,271
"P09619","Q9Y274","PDGFRB","ST3GAL6",0.519557798519162,271
"P09619","Q9Y624","PDGFRB","F11R",0.321109377216627,265
"P12109","P12111","COL6A1","COL6A3",0.830712924776307,271
"P12109","P13591","COL6A1","NCAM1",0.69375105515761,271
"P12109","P13611","COL6A1","VCAN",0.760149410317633,271
"P12109","P13942","COL6A1","COL11A2",0.657649591201794,271
"P12109","P16112","COL6A1","ACAN",0.716304898343101,271
"P12109","P19256","COL6A1","CD58",0.573734607284761,253
"P12109","P22466","COL6A1","GAL",0.456105209821653,236
"P12109","P26022","COL6A1","PTX3",0.627408171140535,271
"P12109","P28906","COL6A1","CD34",0.69338376272294,269
"P12109","P35052","COL6A1","GPC1",0.713325736198538,271
"P12109","P35443","COL6A1","THBS4",0.804568530979427,271
"P12109","P39059","COL6A1","COL15A1",0.60569302751851,271
"P12109","P49641","COL6A1","MAN2A2",0.68013590430022,271
"P12109","P49746","COL6A1","THBS3",0.741408605262523,271
"P12109","P49747","COL6A1","COMP",0.741264500880303,271
"P12109","P55290","COL6A1","CDH13",0.725552902587849,271
"P12109","P78539","COL6A1","SRPX",0.666312736656778,271
"P12109","P98160","COL6A1","HSPG2",0.739219906904951,271
"P12109","Q06828","COL6A1","FMOD",0.760593782408412,271
"P12109","Q08378","COL6A1","GOLGA3",0.597981823066064,237
"P12109","Q0VD83","COL6A1","APOBR",0.635493693172226,271
"P12109","Q13103","COL6A1","SPP2",0.736657381279695,271
"P12109","Q13316","COL6A1","DMP1",0.677459086747539,256
"P12109","Q13740","COL6A1","ALCAM",0.591130646600584,271
"P12109","Q14515","COL6A1","SPARCL1",0.739397776330704,271
"P12109","Q14520","COL6A1","HABP2",0.668806526300557,271
"P12109","Q14956","COL6A1","GPNMB",0.474698248164225,254
"P12109","Q16706","COL6A1","MAN2A1",0.561549453729831,271
"P12109","Q53EL9","COL6A1","SEZ6",0.630082130242447,241
"P12109","Q5JRA6","COL6A1","MIA3",0.706088560885609,271
"P12109","Q6P4E1","COL6A1","GOLM2",0.638215999807057,271
"P12109","Q6Q788","COL6A1","APOA5",0.375551093746232,271
"P12109","Q6UVK1","COL6A1","CSPG4",0.680377083182596,271
"P12109","Q6UWP8","COL6A1","SBSN",0.588930492246099,271
"P12109","Q6YHK3","COL6A1","CD109",0.678439210862697,271
"P12109","Q6ZRP7","COL6A1","QSOX2",0.549423582471119,271
"P12109","Q7LGC8","COL6A1","CHST3",0.7308238670622,271
"P12109","Q8IUX7","COL6A1","AEBP1",0.704886887104165,271
"P12109","Q8IZF2","COL6A1","ADGRF5",0.564778236017654,271
"P12109","Q8NG11","COL6A1","TSPAN14",0.383830643041169,209
"P12109","Q8TB73","COL6A1","NDNF",0.722576817694076,267
"P12109","Q8WWA0","COL6A1","ITLN1",0.647618358536526,271
"P12109","Q92696","COL6A1","RABGGTA",0.579547064753036,250
"P12109","Q92752","COL6A1","TNR",0.500209253661939,254
"P12109","Q92859","COL6A1","NEO1",0.705333068036563,271
"P12109","Q99715","COL6A1","COL12A1",0.751668957866049,271
"P12109","Q99983","COL6A1","OMD",0.668054651134747,271
"P12109","Q9BV94","COL6A1","EDEM2",0.535677863303584,266
"P12109","Q9BYH1","COL6A1","SEZ6L",0.781024045534573,271
"P12109","Q9H0B8","COL6A1","CRISPLD2",0.527734314531014,216
"P12109","Q9H251","COL6A1","CDH23",0.72136664013699,271
"P12109","Q9H2X3","COL6A1","CLEC4M",0.515610310491089,266
"P12109","Q9HCM3","COL6A1","KIAA1549",0.696282830475364,271
"P12109","Q9NR99","COL6A1","MXRA5",0.702290596435376,271
"P12109","Q9NZ53","COL6A1","PODXL2",0.67757033704166,270
"P12109","Q9UHF0","COL6A1","TAC3",0.494518994518995,221
"P12109","Q9UKM7","COL6A1","MAN1B1",0.492431806671008,271
"P12109","Q9Y240","COL6A1","CLEC11A",0.774443479728915,271
"P12109","Q9Y274","COL6A1","ST3GAL6",0.732785254323131,271
"P12109","Q9Y624","COL6A1","F11R",0.525669018171501,265
"P12111","P13591","COL6A3","NCAM1",0.618511082169645,271
"P12111","P13611","COL6A3","VCAN",0.685257337867496,271
"P12111","P13942","COL6A3","COL11A2",0.634342064008875,271
"P12111","P16112","COL6A3","ACAN",0.676708149434436,271
"P12111","P19256","COL6A3","CD58",0.477237529103329,253
"P12111","P22466","COL6A3","GAL",0.503620353590454,236
"P12111","P26022","COL6A3","PTX3",0.603518799893881,271
"P12111","P28906","COL6A3","CD34",0.610900885905047,269
"P12111","P35052","COL6A3","GPC1",0.688799049755203,271
"P12111","P35443","COL6A3","THBS4",0.717928032221499,271
"P12111","P39059","COL6A3","COL15A1",0.530923353351181,271
"P12111","P49641","COL6A3","MAN2A2",0.613178617080288,271
"P12111","P49746","COL6A3","THBS3",0.657160601017775,271
"P12111","P49747","COL6A3","COMP",0.690717627764513,271
"P12111","P55290","COL6A3","CDH13",0.738951595398307,271
"P12111","P78539","COL6A3","SRPX",0.603287871114005,271
"P12111","P98160","COL6A3","HSPG2",0.684871451655693,271
"P12111","Q06828","COL6A3","FMOD",0.743262064973591,271
"P12111","Q08378","COL6A3","GOLGA3",0.512722231136608,237
"P12111","Q0VD83","COL6A3","APOBR",0.566696211079758,271
"P12111","Q13103","COL6A3","SPP2",0.66549212550949,271
"P12111","Q13316","COL6A3","DMP1",0.596375028610666,256
"P12111","Q13740","COL6A3","ALCAM",0.554494971420302,271
"P12111","Q14515","COL6A3","SPARCL1",0.651460941079999,271
"P12111","Q14520","COL6A3","HABP2",0.548056098208041,271
"P12111","Q14956","COL6A3","GPNMB",0.459122306293903,254
"P12111","Q16706","COL6A3","MAN2A1",0.497484504256807,271
"P12111","Q53EL9","COL6A3","SEZ6",0.61287250094304,241
"P12111","Q5JRA6","COL6A3","MIA3",0.663991992861105,271
"P12111","Q6P4E1","COL6A3","GOLM2",0.584004413573547,271
"P12111","Q6Q788","COL6A3","APOA5",0.345293997057618,271
"P12111","Q6UVK1","COL6A3","CSPG4",0.699166726961387,271
"P12111","Q6UWP8","COL6A3","SBSN",0.536281745170393,271
"P12111","Q6YHK3","COL6A3","CD109",0.612607023129055,271
"P12111","Q6ZRP7","COL6A3","QSOX2",0.527849528495285,271
"P12111","Q7LGC8","COL6A3","CHST3",0.657600149530907,271
"P12111","Q8IUX7","COL6A3","AEBP1",0.635480428333695,271
"P12111","Q8IZF2","COL6A3","ADGRF5",0.541903021971396,271
"P12111","Q8NG11","COL6A3","TSPAN14",0.369999737105,209
"P12111","Q8TB73","COL6A3","NDNF",0.627898355649311,267
"P12111","Q8WWA0","COL6A3","ITLN1",0.58910414104141,271
"P12111","Q92696","COL6A3","RABGGTA",0.536294916718667,250
"P12111","Q92752","COL6A3","TNR",0.496089354792055,254
"P12111","Q92859","COL6A3","NEO1",0.646052504642693,271
"P12111","Q99715","COL6A3","COL12A1",0.705392759809951,271
"P12111","Q99983","COL6A3","OMD",0.680270361527145,271
"P12111","Q9BV94","COL6A3","EDEM2",0.598698675881988,266
"P12111","Q9BYH1","COL6A3","SEZ6L",0.719471577068712,271
"P12111","Q9H0B8","COL6A3","CRISPLD2",0.441931911549316,216
"P12111","Q9H251","COL6A3","CDH23",0.688635651062393,271
"P12111","Q9H2X3","COL6A3","CLEC4M",0.458790074614138,266
"P12111","Q9HCM3","COL6A3","KIAA1549",0.677494995538191,271
"P12111","Q9NR99","COL6A3","MXRA5",0.634604948990666,271
"P12111","Q9NZ53","COL6A3","PODXL2",0.664048432305884,270
"P12111","Q9UHF0","COL6A3","TAC3",0.388078535137359,221
"P12111","Q9UKM7","COL6A3","MAN1B1",0.529470250584859,271
"P12111","Q9Y240","COL6A3","CLEC11A",0.732432530207655,271
"P12111","Q9Y274","COL6A3","ST3GAL6",0.618613583194655,271
"P12111","Q9Y624","COL6A3","F11R",0.473044532428842,265
"P13591","P13611","NCAM1","VCAN",0.839077611364349,271
"P13591","P13942","NCAM1","COL11A2",0.75100752478113,271
"P13591","P16112","NCAM1","ACAN",0.771036828015339,271
"P13591","P19256","NCAM1","CD58",0.687568451176805,253
"P13591","P22466","NCAM1","GAL",0.331658351098066,236
"P13591","P26022","NCAM1","PTX3",0.634595904782577,271
"P13591","P28906","NCAM1","CD34",0.825913185004346,269
"P13591","P35052","NCAM1","GPC1",0.78616477341244,271
"P13591","P35443","NCAM1","THBS4",0.810891638328148,271
"P13591","P39059","NCAM1","COL15A1",0.772176398234571,271
"P13591","P49641","NCAM1","MAN2A2",0.877888720063671,271
"P13591","P49746","NCAM1","THBS3",0.84880676747944,271
"P13591","P49747","NCAM1","COMP",0.807280587511757,271
"P13591","P55290","NCAM1","CDH13",0.664984443962087,271
"P13591","P78539","NCAM1","SRPX",0.810260955550732,271
"P13591","P98160","NCAM1","HSPG2",0.837672141427297,271
"P13591","Q06828","NCAM1","FMOD",0.805473554735547,271
"P13591","Q08378","NCAM1","GOLGA3",0.578101139619117,237
"P13591","Q0VD83","NCAM1","APOBR",0.81509840098401,271
"P13591","Q13103","NCAM1","SPP2",0.685657694812242,271
"P13591","Q13316","NCAM1","DMP1",0.733340724422064,256
"P13591","Q13740","NCAM1","ALCAM",0.536421025974966,271
"P13591","Q14515","NCAM1","SPARCL1",0.799653305356583,271
"P13591","Q14520","NCAM1","HABP2",0.878747316884934,271
"P13591","Q14956","NCAM1","GPNMB",0.584900783007797,254
"P13591","Q16706","NCAM1","MAN2A1",0.711335407471722,271
"P13591","Q53EL9","NCAM1","SEZ6",0.592036452796543,241
"P13591","Q5JRA6","NCAM1","MIA3",0.673848973783856,271
"P13591","Q6P4E1","NCAM1","GOLM2",0.876205894411885,271
"P13591","Q6Q788","NCAM1","APOA5",0.372391047439886,271
"P13591","Q6UVK1","NCAM1","CSPG4",0.756672816728167,271
"P13591","Q6UWP8","NCAM1","SBSN",0.770803487446639,271
"P13591","Q6YHK3","NCAM1","CD109",0.705279405735234,271
"P13591","Q6ZRP7","NCAM1","QSOX2",0.582013481899525,271
"P13591","Q7LGC8","NCAM1","CHST3",0.852999059402359,271
"P13591","Q8IUX7","NCAM1","AEBP1",0.85063309456624,271
"P13591","Q8IZF2","NCAM1","ADGRF5",0.728995128186576,271
"P13591","Q8NG11","NCAM1","TSPAN14",0.193752300331248,209
"P13591","Q8TB73","NCAM1","NDNF",0.7137895468169,267
"P13591","Q8WWA0","NCAM1","ITLN1",0.500685550973157,271
"P13591","Q92696","NCAM1","RABGGTA",0.666779436470983,250
"P13591","Q92752","NCAM1","TNR",0.601975003066491,254
"P13591","Q92859","NCAM1","NEO1",0.875533608277259,271
"P13591","Q99715","NCAM1","COL12A1",0.844165279888093,271
"P13591","Q99983","NCAM1","OMD",0.75859682126233,271
"P13591","Q9BV94","NCAM1","EDEM2",0.612242393135691,266
"P13591","Q9BYH1","NCAM1","SEZ6L",0.880436774955985,271
"P13591","Q9H0B8","NCAM1","CRISPLD2",0.563262244132462,216
"P13591","Q9H251","NCAM1","CDH23",0.723034392108627,271
"P13591","Q9H2X3","NCAM1","CLEC4M",0.550458507940404,266
"P13591","Q9HCM3","NCAM1","KIAA1549",0.708752381641463,271
"P13591","Q9NR99","NCAM1","MXRA5",0.844526445264453,271
"P13591","Q9NZ53","NCAM1","PODXL2",0.649363883973412,270
"P13591","Q9UHF0","NCAM1","TAC3",0.420263043792456,221
"P13591","Q9UKM7","NCAM1","MAN1B1",0.537834937172901,271
"P13591","Q9Y240","NCAM1","CLEC11A",0.796619877963485,271
"P13591","Q9Y274","NCAM1","ST3GAL6",0.640375756698743,271
"P13591","Q9Y624","NCAM1","F11R",0.368023833167825,265
"P13611","P13942","VCAN","COL11A2",0.702904396691026,271
"P13611","P16112","VCAN","ACAN",0.792844825507079,271
"P13611","P19256","VCAN","CD58",0.70188113837549,253
"P13611","P22466","VCAN","GAL",0.456546170806192,236
"P13611","P26022","VCAN","PTX3",0.742738103851627,271
"P13611","P28906","VCAN","CD34",0.806102079441701,269
"P13611","P35052","VCAN","GPC1",0.753491064322408,271
"P13611","P35443","VCAN","THBS4",0.827257434339049,271
"P13611","P39059","VCAN","COL15A1",0.705363818344066,271
"P13611","P49641","VCAN","MAN2A2",0.819022984347491,271
"P13611","P49746","VCAN","THBS3",0.804842269010925,271
"P13611","P49747","VCAN","COMP",0.77403106384005,271
"P13611","P55290","VCAN","CDH13",0.722987965173769,271
"P13611","P78539","VCAN","SRPX",0.807172659961894,271
"P13611","P98160","VCAN","HSPG2",0.837684200371415,271
"P13611","Q06828","VCAN","FMOD",0.800733786749632,271
"P13611","Q08378","VCAN","GOLGA3",0.669005641303936,237
"P13611","Q0VD83","VCAN","APOBR",0.783445481513639,271
"P13611","Q13103","VCAN","SPP2",0.793234932349323,271
"P13611","Q13316","VCAN","DMP1",0.744895857175555,256
"P13611","Q13740","VCAN","ALCAM",0.652375009044208,271
"P13611","Q14515","VCAN","SPARCL1",0.818070930709307,271
"P13611","Q14520","VCAN","HABP2",0.804863975110339,271
"P13611","Q14956","VCAN","GPNMB",0.518160032367496,254
"P13611","Q16706","VCAN","MAN2A1",0.642780310156043,271
"P13611","Q53EL9","VCAN","SEZ6",0.634597578958198,241
"P13611","Q5JRA6","VCAN","MIA3",0.768927115741746,271
"P13611","Q6P4E1","VCAN","GOLM2",0.840269035043292,271
"P13611","Q6Q788","VCAN","APOA5",0.343409184091841,271
"P13611","Q6UVK1","VCAN","CSPG4",0.692603043677496,271
"P13611","Q6UWP8","VCAN","SBSN",0.725267105612233,271
"P13611","Q6YHK3","VCAN","CD109",0.630464510527458,271
"P13611","Q6ZRP7","VCAN","QSOX2",0.612676362057738,271
"P13611","Q7LGC8","VCAN","CHST3",0.831850083206714,271
"P13611","Q8IUX7","VCAN","AEBP1",0.845910812049297,271
"P13611","Q8IZF2","VCAN","ADGRF5",0.687798760340545,271
"P13611","Q8NG11","VCAN","TSPAN14",0.323663178926337,209
"P13611","Q8TB73","VCAN","NDNF",0.782660365486919,267
"P13611","Q8WWA0","VCAN","ITLN1",0.532876902298435,271
"P13611","Q92696","VCAN","RABGGTA",0.651780156482504,250
"P13611","Q92752","VCAN","TNR",0.540131849945169,254
"P13611","Q92859","VCAN","NEO1",0.829274292742927,271
"P13611","Q99715","VCAN","COL12A1",0.805843764319996,271
"P13611","Q99983","VCAN","OMD",0.729812724597834,271
"P13611","Q9BV94","VCAN","EDEM2",0.610595494460127,266
"P13611","Q9BYH1","VCAN","SEZ6L",0.888697151677399,271
"P13611","Q9H0B8","VCAN","CRISPLD2",0.55789185391586,216
"P13611","Q9H251","VCAN","CDH23",0.808224199889058,271
"P13611","Q9H2X3","VCAN","CLEC4M",0.506276609480028,266
"P13611","Q9HCM3","VCAN","KIAA1549",0.764613028483226,271
"P13611","Q9NR99","VCAN","MXRA5",0.828455490437257,271
"P13611","Q9NZ53","VCAN","PODXL2",0.773402165248418,270
"P13611","Q9UHF0","VCAN","TAC3",0.465757612816436,221
"P13611","Q9UKM7","VCAN","MAN1B1",0.546365434242578,271
"P13611","Q9Y240","VCAN","CLEC11A",0.857834093046813,271
"P13611","Q9Y274","VCAN","ST3GAL6",0.693145093215638,271
"P13611","Q9Y624","VCAN","F11R",0.546744863874953,265
"P13942","P16112","COL11A2","ACAN",0.717530087065577,271
"P13942","P19256","COL11A2","CD58",0.569169219460216,253
"P13942","P22466","COL11A2","GAL",0.331668393687776,236
"P13942","P26022","COL11A2","PTX3",0.628264356172973,271
"P13942","P28906","COL11A2","CD34",0.621731491242671,269
"P13942","P35052","COL11A2","GPC1",0.670847502592673,271
"P13942","P35443","COL11A2","THBS4",0.717651279453971,271
"P13942","P39059","COL11A2","COL15A1",0.725847140824349,271
"P13942","P49641","COL11A2","MAN2A2",0.721780864867472,271
"P13942","P49746","COL11A2","THBS3",0.697421797747389,271
"P13942","P49747","COL11A2","COMP",0.679534162988689,271
"P13942","P55290","COL11A2","CDH13",0.616215662156622,271
"P13942","P78539","COL11A2","SRPX",0.723028965583773,271
"P13942","P98160","COL11A2","HSPG2",0.688527120565323,271
"P13942","Q06828","COL11A2","FMOD",0.763178617080288,271
"P13942","Q08378","COL11A2","GOLGA3",0.543339240866911,237
"P13942","Q0VD83","COL11A2","APOBR",0.625640329932711,271
"P13942","Q13103","COL11A2","SPP2",0.627300243590671,271
"P13942","Q13316","COL11A2","DMP1",0.624967813000686,256
"P13942","Q13740","COL11A2","ALCAM",0.503289077008417,271
"P13942","Q14515","COL11A2","SPARCL1",0.639630513952198,271
"P13942","Q14520","COL11A2","HABP2",0.670594867713383,271
"P13942","Q14956","COL11A2","GPNMB",0.41985731206989,254
"P13942","Q16706","COL11A2","MAN2A1",0.52483358657116,271
"P13942","Q53EL9","COL11A2","SEZ6",0.535693220397106,241
"P13942","Q5JRA6","COL11A2","MIA3",0.607165424595422,271
"P13942","Q6P4E1","COL11A2","GOLM2",0.684035766828257,271
"P13942","Q6Q788","COL11A2","APOA5",0.332453030412657,271
"P13942","Q6UVK1","COL11A2","CSPG4",0.674282492824928,271
"P13942","Q6UWP8","COL11A2","SBSN",0.55458300171237,271
"P13942","Q6YHK3","COL11A2","CD109",0.708651086510865,271
"P13942","Q6ZRP7","COL11A2","QSOX2",0.571157417456527,271
"P13942","Q7LGC8","COL11A2","CHST3",0.67911632057497,271
"P13942","Q8IUX7","COL11A2","AEBP1",0.695533367098377,271
"P13942","Q8IZF2","COL11A2","ADGRF5",0.532670091406796,271
"P13942","Q8NG11","COL11A2","TSPAN14",0.211304484988696,209
"P13942","Q8TB73","COL11A2","NDNF",0.625490020540198,267
"P13942","Q8WWA0","COL11A2","ITLN1",0.506048163422811,271
"P13942","Q92696","COL11A2","RABGGTA",0.550298852781644,250
"P13942","Q92752","COL11A2","TNR",0.433104551770601,254
"P13942","Q92859","COL11A2","NEO1",0.729741576827533,271
"P13942","Q99715","COL11A2","COL12A1",0.77529122350047,271
"P13942","Q99983","COL11A2","OMD",0.724474832983624,271
"P13942","Q9BV94","COL11A2","EDEM2",0.459967705993838,266
"P13942","Q9BYH1","COL11A2","SEZ6L",0.756824156476859,271
"P13942","Q9H0B8","COL11A2","CRISPLD2",0.360849736243585,216
"P13942","Q9H251","COL11A2","CDH23",0.587821069387164,271
"P13942","Q9H2X3","COL11A2","CLEC4M",0.425598339711904,266
"P13942","Q9HCM3","COL11A2","KIAA1549",0.587337505727998,271
"P13942","Q9NR99","COL11A2","MXRA5",0.668476111231701,271
"P13942","Q9NZ53","COL11A2","PODXL2",0.623763776671224,270
"P13942","Q9UHF0","COL11A2","TAC3",0.337414255061314,221
"P13942","Q9UKM7","COL11A2","MAN1B1",0.473311144876155,271
"P13942","Q9Y240","COL11A2","CLEC11A",0.672285531678846,271
"P13942","Q9Y274","COL11A2","ST3GAL6",0.532074982514531,271
"P13942","Q9Y624","COL11A2","F11R",0.332849920685075,265
"P16112","P19256","ACAN","CD58",0.601090624541498,253
"P16112","P22466","ACAN","GAL",0.492901258519083,236
"P16112","P26022","ACAN","PTX3",0.69007307720136,271
"P16112","P28906","ACAN","CD34",0.681029178765405,269
"P16112","P35052","ACAN","GPC1",0.678652654173601,271
"P16112","P35443","ACAN","THBS4",0.746258712587126,271
"P16112","P39059","ACAN","COL15A1",0.67931107252249,271
"P16112","P49641","ACAN","MAN2A2",0.767877384656199,271
"P16112","P49746","ACAN","THBS3",0.742386585630562,271
"P16112","P49747","ACAN","COMP",0.702529966476135,271
"P16112","P55290","ACAN","CDH13",0.661623616236162,271
"P16112","P78539","ACAN","SRPX",0.784160576899886,271
"P16112","P98160","ACAN","HSPG2",0.749165521066975,271
"P16112","Q06828","ACAN","FMOD",0.756742155656851,271
"P16112","Q08378","ACAN","GOLGA3",0.617941834532569,237
"P16112","Q0VD83","ACAN","APOBR",0.682510310397222,271
"P16112","Q13103","ACAN","SPP2",0.71003243855968,271
"P16112","Q13316","ACAN","DMP1",0.623042315175097,256
"P16112","Q13740","ACAN","ALCAM",0.546032607384897,271
"P16112","Q14515","ACAN","SPARCL1",0.719933434628464,271
"P16112","Q14520","ACAN","HABP2",0.710772254781371,271
"P16112","Q14956","ACAN","GPNMB",0.483832911957849,254
"P16112","Q16706","ACAN","MAN2A1",0.586610351397632,271
"P16112","Q53EL9","ACAN","SEZ6",0.573626590308974,241
"P16112","Q5JRA6","ACAN","MIA3",0.699477244772448,271
"P16112","Q6P4E1","ACAN","GOLM2",0.753491667269614,271
"P16112","Q6Q788","ACAN","APOA5",0.333544967802619,271
"P16112","Q6UVK1","ACAN","CSPG4",0.673438969683814,271
"P16112","Q6UWP8","ACAN","SBSN",0.649284904613752,271
"P16112","Q6YHK3","ACAN","CD109",0.675936979958035,271
"P16112","Q6ZRP7","ACAN","QSOX2",0.583157272749198,271
"P16112","Q7LGC8","ACAN","CHST3",0.74799821527627,271
"P16112","Q8IUX7","ACAN","AEBP1",0.770146274992162,271
"P16112","Q8IZF2","ACAN","ADGRF5",0.628073824855896,271
"P16112","Q8NG11","ACAN","TSPAN14",0.239304116935696,209
"P16112","Q8TB73","ACAN","NDNF",0.67891471089261,267
"P16112","Q8WWA0","ACAN","ITLN1",0.509234136459012,271
"P16112","Q92696","ACAN","RABGGTA",0.598815725051601,250
"P16112","Q92752","ACAN","TNR",0.497737021421497,254
"P16112","Q92859","ACAN","NEO1",0.758304994814654,271
"P16112","Q99715","ACAN","COL12A1",0.756300798302101,271
"P16112","Q99983","ACAN","OMD",0.695336203362034,271
"P16112","Q9BV94","ACAN","EDEM2",0.593493379409941,266
"P16112","Q9BYH1","ACAN","SEZ6L",0.807598340689289,271
"P16112","Q9H0B8","ACAN","CRISPLD2",0.438232177091892,216
"P16112","Q9H251","ACAN","CDH23",0.710456913392663,271
"P16112","Q9H2X3","ACAN","CLEC4M",0.493056788675101,266
"P16112","Q9HCM3","ACAN","KIAA1549",0.701652075344283,271
"P16112","Q9NR99","ACAN","MXRA5",0.73675324988544,271
"P16112","Q9NZ53","ACAN","PODXL2",0.675064587077097,270
"P16112","Q9UHF0","ACAN","TAC3",0.483758213169978,221
"P16112","Q9UKM7","ACAN","MAN1B1",0.550006029472059,271
"P16112","Q9Y240","ACAN","CLEC11A",0.762132503677978,271
"P16112","Q9Y274","ACAN","ST3GAL6",0.607533825338253,271
"P16112","Q9Y624","ACAN","F11R",0.423162537561743,265
"P19256","P22466","CD58","GAL",0.371450950338944,220
"P19256","P26022","CD58","PTX3",0.436056411920842,253
"P19256","P28906","CD58","CD34",0.684146905695494,252
"P19256","P35052","CD58","GPC1",0.572547502708407,253
"P19256","P35443","CD58","THBS4",0.627286954743305,253
"P19256","P39059","CD58","COL15A1",0.616032432704805,253
"P19256","P49641","CD58","MAN2A2",0.676144236911098,253
"P19256","P49746","CD58","THBS3",0.616262147073513,253
"P19256","P49747","CD58","COMP",0.584289612019841,253
"P19256","P55290","CD58","CDH13",0.52550866912387,253
"P19256","P78539","CD58","SRPX",0.616081339634917,253
"P19256","P98160","CD58","HSPG2",0.627402552941752,253
"P19256","Q06828","CD58","FMOD",0.597204746639872,253
"P19256","Q08378","CD58","GOLGA3",0.502704308384841,219
"P19256","Q0VD83","CD58","APOBR",0.61786792461219,253
"P19256","Q13103","CD58","SPP2",0.599833123626345,253
"P19256","Q13316","CD58","DMP1",0.584829998945185,239
"P19256","Q13740","CD58","ALCAM",0.497627272875476,253
"P19256","Q14515","CD58","SPARCL1",0.596067290007721,253
"P19256","Q14520","CD58","HABP2",0.701141606311069,253
"P19256","Q14956","CD58","GPNMB",0.44672671250588,238
"P19256","Q16706","CD58","MAN2A1",0.55918405456235,253
"P19256","Q53EL9","CD58","SEZ6",0.46276610398555,226
"P19256","Q5JRA6","CD58","MIA3",0.51107816068446,253
"P19256","Q6P4E1","CD58","GOLM2",0.661854521149283,253
"P19256","Q6Q788","CD58","APOA5",0.292627206184207,253
"P19256","Q6UVK1","CD58","CSPG4",0.45395560732774,253
"P19256","Q6UWP8","CD58","SBSN",0.569165514389753,253
"P19256","Q6YHK3","CD58","CD109",0.562231845525238,253
"P19256","Q6ZRP7","CD58","QSOX2",0.515091493010014,253
"P19256","Q7LGC8","CD58","CHST3",0.665770780628706,253
"P19256","Q8IUX7","CD58","AEBP1",0.657959010064453,253
"P19256","Q8IZF2","CD58","ADGRF5",0.515935508061492,253
"P19256","Q8NG11","CD58","TSPAN14",0.349397955199261,196
"P19256","Q8TB73","CD58","NDNF",0.625919937815779,249
"P19256","Q8WWA0","CD58","ITLN1",0.336152891955699,253
"P19256","Q92696","CD58","RABGGTA",0.459596493487273,232
"P19256","Q92752","CD58","TNR",0.353372071849551,237
"P19256","Q92859","CD58","NEO1",0.651227638047221,253
"P19256","Q99715","CD58","COL12A1",0.574443757771385,253
"P19256","Q99983","CD58","OMD",0.509166344325536,253
"P19256","Q9BV94","CD58","EDEM2",0.4580536338904,249
"P19256","Q9BYH1","CD58","SEZ6L",0.663750035198169,253
"P19256","Q9H0B8","CD58","CRISPLD2",0.476911461389836,206
"P19256","Q9H251","CD58","CDH23",0.548960283126665,253
"P19256","Q9H2X3","CD58","CLEC4M",0.410128254955305,249
"P19256","Q9HCM3","CD58","KIAA1549",0.553279654272465,253
"P19256","Q9NR99","CD58","MXRA5",0.623100225120081,253
"P19256","Q9NZ53","CD58","PODXL2",0.615686697966275,252
"P19256","Q9UHF0","CD58","TAC3",0.273043318237826,208
"P19256","Q9UKM7","CD58","MAN1B1",0.406779686136071,253
"P19256","Q9Y240","CD58","CLEC11A",0.577011371602265,253
"P19256","Q9Y274","CD58","ST3GAL6",0.562566042881004,253
"P19256","Q9Y624","CD58","F11R",0.57863838923096,247
"P22466","P26022","GAL","PTX3",0.492138021701123,236
"P22466","P28906","GAL","CD34",0.320847046793903,236
"P22466","P35052","GAL","GPC1",0.371028954612059,236
"P22466","P35443","GAL","THBS4",0.422015182569716,236
"P22466","P39059","GAL","COL15A1",0.328664746401786,236
"P22466","P49641","GAL","MAN2A2",0.367611735222557,236
"P22466","P49746","GAL","THBS3",0.337427362405109,236
"P22466","P49747","GAL","COMP",0.395669817909589,236
"P22466","P55290","GAL","CDH13",0.53404300967284,236
"P22466","P78539","GAL","SRPX",0.386781213053541,236
"P22466","P98160","GAL","HSPG2",0.473876028794844,236
"P22466","Q06828","GAL","FMOD",0.438803653676729,236
"P22466","Q08378","GAL","GOLGA3",0.355615437194385,209
"P22466","Q0VD83","GAL","APOBR",0.355204572117206,236
"P22466","Q13103","GAL","SPP2",0.556580406907476,236
"P22466","Q13316","GAL","DMP1",0.321128824211784,223
"P22466","Q13740","GAL","ALCAM",0.236016378550854,236
"P22466","Q14515","GAL","SPARCL1",0.451667298132535,236
"P22466","Q14520","GAL","HABP2",0.256637467076283,236
"P22466","Q14956","GAL","GPNMB",0.348278430631372,221
"P22466","Q16706","GAL","MAN2A1",0.225237940903924,236
"P22466","Q53EL9","GAL","SEZ6",0.465729672293463,215
"P22466","Q5JRA6","GAL","MIA3",0.427809756832385,236
"P22466","Q6P4E1","GAL","GOLM2",0.354423989007929,236
"P22466","Q6Q788","GAL","APOA5",0.221694732661697,236
"P22466","Q6UVK1","GAL","CSPG4",0.395342977262664,236
"P22466","Q6UWP8","GAL","SBSN",0.339764546919436,236
"P22466","Q6YHK3","GAL","CD109",0.309645907416452,236
"P22466","Q6ZRP7","GAL","QSOX2",0.324099019934541,236
"P22466","Q7LGC8","GAL","CHST3",0.374769362797683,236
"P22466","Q8IUX7","GAL","AEBP1",0.360971757498847,236
"P22466","Q8IZF2","GAL","ADGRF5",0.401040777479036,236
"P22466","Q8NG11","GAL","TSPAN14",0.305189651518946,184
"P22466","Q8TB73","GAL","NDNF",0.393681204100029,232
"P22466","Q8WWA0","GAL","ITLN1",0.434413216048058,236
"P22466","Q92696","GAL","RABGGTA",0.279919979994999,216
"P22466","Q92752","GAL","TNR",0.313405936365578,224
"P22466","Q92859","GAL","NEO1",0.383156751130933,236
"P22466","Q99715","GAL","COL12A1",0.377242578754445,236
"P22466","Q99983","GAL","OMD",0.429174636070243,236
"P22466","Q9BV94","GAL","EDEM2",0.365122958001519,231
"P22466","Q9BYH1","GAL","SEZ6L",0.455939050610087,236
"P22466","Q9H0B8","GAL","CRISPLD2",0.154641442676251,196
"P22466","Q9H251","GAL","CDH23",0.511320281009919,236
"P22466","Q9H2X3","GAL","CLEC4M",0.278191087684946,233
"P22466","Q9HCM3","GAL","KIAA1549",0.450094263398869,236
"P22466","Q9NR99","GAL","MXRA5",0.372208502421634,236
"P22466","Q9NZ53","GAL","PODXL2",0.484836380112255,235
"P22466","Q9UHF0","GAL","TAC3",0.44208702091832,212
"P22466","Q9UKM7","GAL","MAN1B1",0.386170441006633,236
"P22466","Q9Y240","GAL","CLEC11A",0.456667594845413,236
"P22466","Q9Y274","GAL","ST3GAL6",0.375062423824675,236
"P22466","Q9Y624","GAL","F11R",0.396093509864414,233
"P26022","P28906","PTX3","CD34",0.532391943627587,269
"P26022","P35052","PTX3","GPC1",0.571426331910378,271
"P26022","P35443","PTX3","THBS4",0.624224006945952,271
"P26022","P39059","PTX3","COL15A1",0.580459084002605,271
"P26022","P49641","PTX3","MAN2A2",0.634197356679449,271
"P26022","P49746","PTX3","THBS3",0.603606227238743,271
"P26022","P49747","PTX3","COMP",0.593189711308878,271
"P26022","P55290","PTX3","CDH13",0.639029375587874,271
"P26022","P78539","PTX3","SRPX",0.72979101849842,271
"P26022","P98160","PTX3","HSPG2",0.722972288546415,271
"P26022","Q06828","PTX3","FMOD",0.707056291151147,271
"P26022","Q08378","PTX3","GOLGA3",0.517474700671944,237
"P26022","Q0VD83","PTX3","APOBR",0.592003714154789,271
"P26022","Q13103","PTX3","SPP2",0.652774763041748,271
"P26022","Q13316","PTX3","DMP1",0.580830853742275,256
"P26022","Q13740","PTX3","ALCAM",0.451477220654559,271
"P26022","Q14515","PTX3","SPARCL1",0.630124448303307,271
"P26022","Q14520","PTX3","HABP2",0.520495381424402,271
"P26022","Q14956","PTX3","GPNMB",0.38011193148636,254
"P26022","Q16706","PTX3","MAN2A1",0.47398644574681,271
"P26022","Q53EL9","PTX3","SEZ6",0.54718888241144,241
"P26022","Q5JRA6","PTX3","MIA3",0.730405421701276,271
"P26022","Q6P4E1","PTX3","GOLM2",0.583997781154282,271
"P26022","Q6Q788","PTX3","APOA5",0.246606613124955,271
"P26022","Q6UVK1","PTX3","CSPG4",0.65687600993657,271
"P26022","Q6UWP8","PTX3","SBSN",0.534142488483708,271
"P26022","Q6YHK3","PTX3","CD109",0.600359356534742,271
"P26022","Q6ZRP7","PTX3","QSOX2",0.45877227889926,271
"P26022","Q7LGC8","PTX3","CHST3",0.649944528857053,271
"P26022","Q8IUX7","PTX3","AEBP1",0.638844873742855,271
"P26022","Q8IZF2","PTX3","ADGRF5",0.554554060246485,271
"P26022","Q8NG11","PTX3","TSPAN14",0.228955255271045,209
"P26022","Q8TB73","PTX3","NDNF",0.565434843187123,267
"P26022","Q8WWA0","PTX3","ITLN1",0.541546077225478,271
"P26022","Q92696","PTX3","RABGGTA",0.49587442999088,250
"P26022","Q92752","PTX3","TNR",0.441668756762298,254
"P26022","Q92859","PTX3","NEO1",0.644068808335142,271
"P26022","Q99715","PTX3","COL12A1",0.719895448954489,271
"P26022","Q99983","PTX3","OMD",0.694398620456793,271
"P26022","Q9BV94","PTX3","EDEM2",0.525828350821935,266
"P26022","Q9BYH1","PTX3","SEZ6L",0.715038106263416,271
"P26022","Q9H0B8","PTX3","CRISPLD2",0.338818037842794,216
"P26022","Q9H251","PTX3","CDH23",0.653207679135615,271
"P26022","Q9H2X3","PTX3","CLEC4M",0.364795707734462,266
"P26022","Q9HCM3","PTX3","KIAA1549",0.565634421050093,271
"P26022","Q9NR99","PTX3","MXRA5",0.599660540723054,271
"P26022","Q9NZ53","PTX3","PODXL2",0.616623303779506,270
"P26022","Q9UHF0","PTX3","TAC3",0.400631482984424,221
"P26022","Q9UKM7","PTX3","MAN1B1",0.487174107035188,271
"P26022","Q9Y240","PTX3","CLEC11A",0.742473410028218,271
"P26022","Q9Y274","PTX3","ST3GAL6",0.538313074307214,271
"P26022","Q9Y624","PTX3","F11R",0.419702343336901,265
"P28906","P35052","CD34","GPC1",0.771083861978829,269
"P28906","P35443","CD34","THBS4",0.79184190571307,269
"P28906","P39059","CD34","COL15A1",0.654565462649577,269
"P28906","P49641","CD34","MAN2A2",0.797029721282066,269
"P28906","P49746","CD34","THBS3",0.822122966333142,269
"P28906","P49747","CD34","COMP",0.808278311046996,269
"P28906","P55290","CD34","CDH13",0.62538238177144,269
"P28906","P78539","CD34","SRPX",0.729766286288508,269
"P28906","P98160","CD34","HSPG2",0.738269618450498,269
"P28906","Q06828","CD34","FMOD",0.734668047618167,269
"P28906","Q08378","CD34","GOLGA3",0.589207282680056,235
"P28906","Q0VD83","CD34","APOBR",0.738756033956611,269
"P28906","Q13103","CD34","SPP2",0.678806093448495,269
"P28906","Q13316","CD34","DMP1",0.66110757295044,255
"P28906","Q13740","CD34","ALCAM",0.65171663368412,269
"P28906","Q14515","CD34","SPARCL1",0.768695555678855,269
"P28906","Q14520","CD34","HABP2",0.871570277484942,269
"P28906","Q14956","CD34","GPNMB",0.512435698502114,253
"P28906","Q16706","CD34","MAN2A1",0.631297662862885,269
"P28906","Q53EL9","CD34","SEZ6",0.593235828675286,241
"P28906","Q5JRA6","CD34","MIA3",0.674592958380341,269
"P28906","Q6P4E1","CD34","GOLM2",0.784611638215367,269
"P28906","Q6Q788","CD34","APOA5",0.355890929491329,269
"P28906","Q6UVK1","CD34","CSPG4",0.604364176638493,269
"P28906","Q6UWP8","CD34","SBSN",0.729214522184616,269
"P28906","Q6YHK3","CD34","CD109",0.613705943639917,269
"P28906","Q6ZRP7","CD34","QSOX2",0.506045978287004,269
"P28906","Q7LGC8","CD34","CHST3",0.821018205132947,269
"P28906","Q8IUX7","CD34","AEBP1",0.796790520754345,269
"P28906","Q8IZF2","CD34","ADGRF5",0.669265814668911,269
"P28906","Q8NG11","CD34","TSPAN14",0.287384983437615,209
"P28906","Q8TB73","CD34","NDNF",0.721833528933827,265
"P28906","Q8WWA0","CD34","ITLN1",0.464447896823195,269
"P28906","Q92696","CD34","RABGGTA",0.633170529840401,248
"P28906","Q92752","CD34","TNR",0.47291129103012,252
"P28906","Q92859","CD34","NEO1",0.802373510391044,269
"P28906","Q99715","CD34","COL12A1",0.730236672893278,269
"P28906","Q99983","CD34","OMD",0.61918227943307,269
"P28906","Q9BV94","CD34","EDEM2",0.595495307476081,264
"P28906","Q9BYH1","CD34","SEZ6L",0.823015652838657,269
"P28906","Q9H0B8","CD34","CRISPLD2",0.563471820336036,216
"P28906","Q9H251","CD34","CDH23",0.73649225989014,269
"P28906","Q9H2X3","CD34","CLEC4M",0.516666123173046,264
"P28906","Q9HCM3","CD34","KIAA1549",0.746807474399995,269
"P28906","Q9NR99","CD34","MXRA5",0.769974785305196,269
"P28906","Q9NZ53","CD34","PODXL2",0.632472739265121,268
"P28906","Q9UHF0","CD34","TAC3",0.360242142595084,221
"P28906","Q9UKM7","CD34","MAN1B1",0.488650304857374,269
"P28906","Q9Y240","CD34","CLEC11A",0.783856430363671,269
"P28906","Q9Y274","CD34","ST3GAL6",0.651335022532936,269
"P28906","Q9Y624","CD34","F11R",0.366896020974506,264
"P35052","P35443","GPC1","THBS4",0.752045799869763,271
"P35052","P39059","GPC1","COL15A1",0.658191037792731,271
"P35052","P49641","GPC1","MAN2A2",0.724509803921569,271
"P35052","P49746","GPC1","THBS3",0.762224151653281,271
"P35052","P49747","GPC1","COMP",0.746770614764971,271
"P35052","P55290","GPC1","CDH13",0.666995875841111,271
"P35052","P78539","GPC1","SRPX",0.725006029472059,271
"P35052","P98160","GPC1","HSPG2",0.743506861539204,271
"P35052","Q06828","GPC1","FMOD",0.721390155078021,271
"P35052","Q08378","GPC1","GOLGA3",0.568050820413984,237
"P35052","Q0VD83","GPC1","APOBR",0.666227118153534,271
"P35052","Q13103","GPC1","SPP2",0.630599570701589,271
"P35052","Q13316","GPC1","DMP1",0.606500343327993,256
"P35052","Q13740","GPC1","ALCAM",0.575765742951547,271
"P35052","Q14515","GPC1","SPARCL1",0.714382702650556,271
"P35052","Q14520","GPC1","HABP2",0.77819803198032,271
"P35052","Q14956","GPC1","GPNMB",0.435152052168787,254
"P35052","Q16706","GPC1","MAN2A1",0.572126353616477,271
"P35052","Q53EL9","GPC1","SEZ6",0.577184424402455,241
"P35052","Q5JRA6","GPC1","MIA3",0.656790391433326,271
"P35052","Q6P4E1","GPC1","GOLM2",0.711806912186769,271
"P35052","Q6Q788","GPC1","APOA5",0.358680630923956,271
"P35052","Q6UVK1","GPC1","CSPG4",0.659937172901141,271
"P35052","Q6UWP8","GPC1","SBSN",0.711668234329402,271
"P35052","Q6YHK3","GPC1","CD109",0.640525890553023,271
"P35052","Q6ZRP7","GPC1","QSOX2",0.470143260256132,271
"P35052","Q7LGC8","GPC1","CHST3",0.780703277621012,271
"P35052","Q8IUX7","GPC1","AEBP1",0.749487494874949,271
"P35052","Q8IZF2","GPC1","ADGRF5",0.600009044208089,271
"P35052","Q8NG11","GPC1","TSPAN14",0.235241074714759,209
"P35052","Q8TB73","GPC1","NDNF",0.676795123814904,267
"P35052","Q8WWA0","GPC1","ITLN1",0.557126835974242,271
"P35052","Q92696","GPC1","RABGGTA",0.593038736619786,250
"P35052","Q92752","GPC1","TNR",0.479664681533502,254
"P35052","Q92859","GPC1","NEO1",0.774254154306249,271
"P35052","Q99715","GPC1","COL12A1",0.759443359139474,271
"P35052","Q99983","GPC1","OMD",0.646217109229916,271
"P35052","Q9BV94","GPC1","EDEM2",0.566154733877305,266
"P35052","Q9BYH1","GPC1","SEZ6L",0.765595229481707,271
"P35052","Q9H0B8","GPC1","CRISPLD2",0.483283916217149,216
"P35052","Q9H251","GPC1","CDH23",0.708124713600077,271
"P35052","Q9H2X3","GPC1","CLEC4M",0.504761692231427,266
"P35052","Q9HCM3","GPC1","KIAA1549",0.687148180305332,271
"P35052","Q9NR99","GPC1","MXRA5",0.719756771097123,271
"P35052","Q9NZ53","GPC1","PODXL2",0.595448802071664,270
"P35052","Q9UHF0","GPC1","TAC3",0.332178949826009,221
"P35052","Q9UKM7","GPC1","MAN1B1",0.402640908762029,271
"P35052","Q9Y240","GPC1","CLEC11A",0.724982514531028,271
"P35052","Q9Y274","GPC1","ST3GAL6",0.595005185345971,271
"P35052","Q9Y624","GPC1","F11R",0.366792839732264,265
"P35443","P39059","THBS4","COL15A1",0.733236258833176,271
"P35443","P49641","THBS4","MAN2A2",0.772520078141958,271
"P35443","P49746","THBS4","THBS3",0.909361961266672,271
"P35443","P49747","THBS4","COMP",0.86890420374792,271
"P35443","P55290","THBS4","CDH13",0.723418469478812,271
"P35443","P78539","THBS4","SRPX",0.746820056435858,271
"P35443","P98160","THBS4","HSPG2",0.831803053324651,271
"P35443","Q06828","THBS4","FMOD",0.823211055639968,271
"P35443","Q08378","THBS4","GOLGA3",0.649622560888762,237
"P35443","Q0VD83","THBS4","APOBR",0.759951040686877,271
"P35443","Q13103","THBS4","SPP2",0.74667414321202,271
"P35443","Q13316","THBS4","DMP1",0.757066834515907,256
"P35443","Q13740","THBS4","ALCAM",0.616982611002581,271
"P35443","Q14515","THBS4","SPARCL1",0.806646889998312,271
"P35443","Q14520","THBS4","HABP2",0.782895593661819,271
"P35443","Q14956","THBS4","GPNMB",0.520753825790377,254
"P35443","Q16706","THBS4","MAN2A1",0.554795239128862,271
"P35443","Q53EL9","THBS4","SEZ6",0.620554850656699,241
"P35443","Q5JRA6","THBS4","MIA3",0.677889925958083,271
"P35443","Q6P4E1","THBS4","GOLM2",0.788174396449847,271
"P35443","Q6Q788","THBS4","APOA5",0.442628367460145,271
"P35443","Q6UVK1","THBS4","CSPG4",0.733619733256156,271
"P35443","Q6UWP8","THBS4","SBSN",0.66695005185346,271
"P35443","Q6YHK3","THBS4","CD109",0.701369293104696,271
"P35443","Q6ZRP7","THBS4","QSOX2",0.572886670043171,271
"P35443","Q7LGC8","THBS4","CHST3",0.821888792417336,271
"P35443","Q8IUX7","THBS4","AEBP1",0.776120878855847,271
"P35443","Q8IZF2","THBS4","ADGRF5",0.70031654728312,271
"P35443","Q8NG11","THBS4","TSPAN14",0.387367895262632,209
"P35443","Q8TB73","THBS4","NDNF",0.708778066245607,267
"P35443","Q8WWA0","THBS4","ITLN1",0.553378313194897,271
"P35443","Q92696","THBS4","RABGGTA",0.584280324485192,250
"P35443","Q92752","THBS4","TNR",0.529660013144718,254
"P35443","Q92859","THBS4","NEO1",0.779399102814557,271
"P35443","Q99715","THBS4","COL12A1",0.814034802112727,271
"P35443","Q99983","THBS4","OMD",0.732861828618286,271
"P35443","Q9BV94","THBS4","EDEM2",0.572544037643398,266
"P35443","Q9BYH1","THBS4","SEZ6L",0.840032679738562,271
"P35443","Q9H0B8","THBS4","CRISPLD2",0.531842484430631,216
"P35443","Q9H251","THBS4","CDH23",0.736213612136121,271
"P35443","Q9H2X3","THBS4","CLEC4M",0.52273730754701,266
"P35443","Q9HCM3","THBS4","KIAA1549",0.772512239828281,271
"P35443","Q9NR99","THBS4","MXRA5",0.810014350143501,271
"P35443","Q9NZ53","THBS4","PODXL2",0.713412925950821,270
"P35443","Q9UHF0","THBS4","TAC3",0.446281699222876,221
"P35443","Q9UKM7","THBS4","MAN1B1",0.500892964812001,271
"P35443","Q9Y240","THBS4","CLEC11A",0.79853182355353,271
"P35443","Q9Y274","THBS4","ST3GAL6",0.688560885608856,271
"P35443","Q9Y624","THBS4","F11R",0.514791266330492,265
"P39059","P49641","COL15A1","MAN2A2",0.748266526782915,271
"P39059","P49746","COL15A1","THBS3",0.752613173190555,271
"P39059","P49747","COL15A1","COMP",0.689228348165835,271
"P39059","P55290","COL15A1","CDH13",0.505352965294359,271
"P39059","P78539","COL15A1","SRPX",0.743461640498758,271
"P39059","P98160","COL15A1","HSPG2",0.752523937004076,271
"P39059","Q06828","COL15A1","FMOD",0.737732436147891,271
"P39059","Q08378","COL15A1","GOLGA3",0.610782480767462,237
"P39059","Q0VD83","COL15A1","APOBR",0.622309046619878,271
"P39059","Q13103","COL15A1","SPP2",0.55666799315052,271
"P39059","Q13316","COL15A1","DMP1",0.623304818036164,256
"P39059","Q13740","COL15A1","ALCAM",0.409097870390469,271
"P39059","Q14515","COL15A1","SPARCL1",0.65659805127463,271
"P39059","Q14520","COL15A1","HABP2",0.71490967850855,271
"P39059","Q14956","COL15A1","GPNMB",0.453334968795025,254
"P39059","Q16706","COL15A1","MAN2A1",0.546317198466102,271
"P39059","Q53EL9","COL15A1","SEZ6",0.399012379548027,241
"P39059","Q5JRA6","COL15A1","MIA3",0.544640402286376,271
"P39059","Q6P4E1","COL15A1","GOLM2",0.685399633408099,271
"P39059","Q6Q788","COL15A1","APOA5",0.343370595470661,271
"P39059","Q6UVK1","COL15A1","CSPG4",0.643687745700986,271
"P39059","Q6UWP8","COL15A1","SBSN",0.590402286375805,271
"P39059","Q6YHK3","COL15A1","CD109",0.692671779658973,271
"P39059","Q6ZRP7","COL15A1","QSOX2",0.475422665991366,271
"P39059","Q7LGC8","COL15A1","CHST3",0.712165062827099,271
"P39059","Q8IUX7","COL15A1","AEBP1",0.691807756312857,271
"P39059","Q8IZF2","COL15A1","ADGRF5",0.575391915683863,271
"P39059","Q8NG11","COL15A1","TSPAN14",0.122555076502445,209
"P39059","Q8TB73","COL15A1","NDNF",0.56461399179653,267
"P39059","Q8WWA0","COL15A1","ITLN1",0.474895087186166,271
"P39059","Q92696","COL15A1","RABGGTA",0.579461047376758,250
"P39059","Q92752","COL15A1","TNR",0.414613338410588,254
"P39059","Q92859","COL15A1","NEO1",0.74762378506138,271
"P39059","Q99715","COL15A1","COL12A1",0.771327448568603,271
"P39059","Q99983","COL15A1","OMD",0.673188143646142,271
"P39059","Q9BV94","COL15A1","EDEM2",0.423927212561826,266
"P39059","Q9BYH1","COL15A1","SEZ6L",0.71097906567301,271
"P39059","Q9H0B8","COL15A1","CRISPLD2",0.410807463770705,216
"P39059","Q9H251","COL15A1","CDH23",0.566376649060608,271
"P39059","Q9H2X3","COL15A1","CLEC4M",0.39991743190922,266
"P39059","Q9HCM3","COL15A1","KIAA1549",0.580222728697875,271
"P39059","Q9NR99","COL15A1","MXRA5",0.69592528278224,271
"P39059","Q9NZ53","COL15A1","PODXL2",0.545830075401126,270
"P39059","Q9UHF0","COL15A1","TAC3",0.325915261209379,221
"P39059","Q9UKM7","COL15A1","MAN1B1",0.419459518124593,271
"P39059","Q9Y240","COL15A1","CLEC11A",0.656640257579046,271
"P39059","Q9Y274","COL15A1","ST3GAL6",0.523271953307768,271
"P39059","Q9Y624","COL15A1","F11R",0.350506841718361,265
"P49641","P49746","MAN2A2","THBS3",0.810613679666208,271
"P49641","P49747","MAN2A2","COMP",0.792013361310084,271
"P49641","P55290","MAN2A2","CDH13",0.670038950389504,271
"P49641","P78539","MAN2A2","SRPX",0.788928683404481,271
"P49641","P98160","MAN2A2","HSPG2",0.801831753611654,271
"P49641","Q06828","MAN2A2","FMOD",0.798703060560017,271
"P49641","Q08378","MAN2A2","GOLGA3",0.552031969191882,237
"P49641","Q0VD83","MAN2A2","APOBR",0.752338832211851,271
"P49641","Q13103","MAN2A2","SPP2",0.719540915997395,271
"P49641","Q13316","MAN2A2","DMP1",0.690360351338979,256
"P49641","Q13740","MAN2A2","ALCAM",0.570155922147457,271
"P49641","Q14515","MAN2A2","SPARCL1",0.804656561271495,271
"P49641","Q14520","MAN2A2","HABP2",0.821646407640547,271
"P49641","Q14956","MAN2A2","GPNMB",0.577599789098671,254
"P49641","Q16706","MAN2A2","MAN2A1",0.753336106890481,271
"P49641","Q53EL9","MAN2A2","SEZ6",0.606035458317616,241
"P49641","Q5JRA6","MAN2A2","MIA3",0.615354050599329,271
"P49641","Q6P4E1","MAN2A2","GOLM2",0.848348527602923,271
"P49641","Q6Q788","MAN2A2","APOA5",0.329706605889588,271
"P49641","Q6UVK1","MAN2A2","CSPG4",0.727013240720642,271
"P49641","Q6UWP8","MAN2A2","SBSN",0.741338060439428,271
"P49641","Q6YHK3","MAN2A2","CD109",0.666212044473386,271
"P49641","Q6ZRP7","MAN2A2","QSOX2",0.643628053927598,271
"P49641","Q7LGC8","MAN2A2","CHST3",0.832550104912814,271
"P49641","Q8IUX7","MAN2A2","AEBP1",0.810157851578516,271
"P49641","Q8IZF2","MAN2A2","ADGRF5",0.716333839808986,271
"P49641","Q8NG11","MAN2A2","TSPAN14",0.209265734265734,209
"P49641","Q8TB73","MAN2A2","NDNF",0.70348162036821,267
"P49641","Q8WWA0","MAN2A2","ITLN1",0.504589031184429,271
"P49641","Q92696","MAN2A2","RABGGTA",0.664344069505112,250
"P49641","Q92752","MAN2A2","TNR",0.58471404745646,254
"P49641","Q92859","MAN2A2","NEO1",0.870809516918698,271
"P49641","Q99715","MAN2A2","COL12A1",0.787064973590912,271
"P49641","Q99983","MAN2A2","OMD",0.746196006077708,271
"P49641","Q9BV94","MAN2A2","EDEM2",0.653934497043967,266
"P49641","Q9BYH1","MAN2A2","SEZ6L",0.867134553698478,271
"P49641","Q9H0B8","MAN2A2","CRISPLD2",0.575601043117922,216
"P49641","Q9H251","MAN2A2","CDH23",0.726823915297976,271
"P49641","Q9H2X3","MAN2A2","CLEC4M",0.511492745006464,266
"P49641","Q9HCM3","MAN2A2","KIAA1549",0.729917034464462,271
"P49641","Q9NR99","MAN2A2","MXRA5",0.790560861490968,271
"P49641","Q9NZ53","MAN2A2","PODXL2",0.658082796441347,270
"P49641","Q9UHF0","MAN2A2","TAC3",0.435838882897706,221
"P49641","Q9UKM7","MAN2A2","MAN1B1",0.619440223814003,271
"P49641","Q9Y240","MAN2A2","CLEC11A",0.781384005016521,271
"P49641","Q9Y274","MAN2A2","ST3GAL6",0.675615609097267,271
"P49641","Q9Y624","MAN2A2","F11R",0.366761242729465,265
"P49746","P49747","THBS3","COMP",0.870167981091576,271
"P49746","P55290","THBS3","CDH13",0.674542363070689,271
"P49746","P78539","THBS3","SRPX",0.797807683959193,271
"P49746","P98160","THBS3","HSPG2",0.835225984612787,271
"P49746","Q06828","THBS3","FMOD",0.821478788317295,271
"P49746","Q08378","THBS3","GOLGA3",0.563088311917773,237
"P49746","Q0VD83","THBS3","APOBR",0.753875744639799,271
"P49746","Q13103","THBS3","SPP2",0.659339049272846,271
"P49746","Q13316","THBS3","DMP1",0.707523889906157,256
"P49746","Q13740","THBS3","ALCAM",0.592370909003208,271
"P49746","Q14515","THBS3","SPARCL1",0.793245182451824,271
"P49746","Q14520","THBS3","HABP2",0.84119214721559,271
"P49746","Q14956","THBS3","GPNMB",0.545006013983197,254
"P49746","Q16706","THBS3","MAN2A1",0.596863468634686,271
"P49746","Q53EL9","THBS3","SEZ6",0.571362436130448,241
"P49746","Q5JRA6","THBS3","MIA3",0.640327520922268,271
"P49746","Q6P4E1","THBS3","GOLM2",0.800187516581048,271
"P49746","Q6Q788","THBS3","APOA5",0.42098618045004,271
"P49746","Q6UVK1","THBS3","CSPG4",0.781675228516991,271
"P49746","Q6UWP8","THBS3","SBSN",0.698936401128717,271
"P49746","Q6YHK3","THBS3","CD109",0.692328702698792,271
"P49746","Q6ZRP7","THBS3","QSOX2",0.496306948363601,271
"P49746","Q7LGC8","THBS3","CHST3",0.851009936569954,271
"P49746","Q8IUX7","THBS3","AEBP1",0.835225381665581,271
"P49746","Q8IZF2","THBS3","ADGRF5",0.728056339386923,271
"P49746","Q8NG11","THBS3","TSPAN14",0.214385614385614,209
"P49746","Q8TB73","THBS3","NDNF",0.661116988345423,267
"P49746","Q8WWA0","THBS3","ITLN1",0.539873501676193,271
"P49746","Q92696","THBS3","RABGGTA",0.617839389430231,250
"P49746","Q92752","THBS3","TNR",0.591096741830777,254
"P49746","Q92859","THBS3","NEO1",0.798304512456889,271
"P49746","Q99715","THBS3","COL12A1",0.843615994983479,271
"P49746","Q99983","THBS3","OMD",0.75514615440272,271
"P49746","Q9BV94","THBS3","EDEM2",0.546135000422404,266
"P49746","Q9BYH1","THBS3","SEZ6L",0.832479560089718,271
"P49746","Q9H0B8","THBS3","CRISPLD2",0.543800235773229,216
"P49746","Q9H251","THBS3","CDH23",0.741262089091479,271
"P49746","Q9H2X3","THBS3","CLEC4M",0.524639242796412,266
"P49746","Q9HCM3","THBS3","KIAA1549",0.731885054144659,271
"P49746","Q9NR99","THBS3","MXRA5",0.848945445336806,271
"P49746","Q9NZ53","THBS3","PODXL2",0.616775721660562,270
"P49746","Q9UHF0","THBS3","TAC3",0.425677343324402,221
"P49746","Q9UKM7","THBS3","MAN1B1",0.474828762993512,271
"P49746","Q9Y240","THBS3","CLEC11A",0.782762342329306,271
"P49746","Q9Y274","THBS3","ST3GAL6",0.630462098738634,271
"P49746","Q9Y624","THBS3","F11R",0.354529978462451,265
"P49747","P55290","COMP","CDH13",0.729694546945469,271
"P49747","P78539","COMP","SRPX",0.723401586957046,271
"P49747","P98160","COMP","HSPG2",0.796207462074621,271
"P49747","Q06828","COMP","FMOD",0.800056074090153,271
"P49747","Q08378","COMP","GOLGA3",0.50958426709023,237
"P49747","Q0VD83","COMP","APOBR",0.714988061645322,271
"P49747","Q13103","COMP","SPP2",0.680554349661144,271
"P49747","Q13316","COMP","DMP1",0.700329737926299,256
"P49747","Q13740","COMP","ALCAM",0.61537334490992,271
"P49747","Q14515","COMP","SPARCL1",0.835289897016617,271
"P49747","Q14520","COMP","HABP2",0.785129513059836,271
"P49747","Q14956","COMP","GPNMB",0.565190296341997,254
"P49747","Q16706","COMP","MAN2A1",0.593668451390396,271
"P49747","Q53EL9","COMP","SEZ6",0.616408044991598,241
"P49747","Q5JRA6","COMP","MIA3",0.622217398644575,271
"P49747","Q6P4E1","COMP","GOLM2",0.790279285145793,271
"P49747","Q6Q788","COMP","APOA5",0.399815498154982,271
"P49747","Q6UVK1","COMP","CSPG4",0.759181680052095,271
"P49747","Q6UWP8","COMP","SBSN",0.708590188843065,271
"P49747","Q6YHK3","COMP","CD109",0.684601331307431,271
"P49747","Q6ZRP7","COMP","QSOX2",0.540405301111835,271
"P49747","Q7LGC8","COMP","CHST3",0.828359621831512,271
"P49747","Q8IUX7","COMP","AEBP1",0.754124158888648,271
"P49747","Q8IZF2","COMP","ADGRF5",0.704458794587946,271
"P49747","Q8NG11","COMP","TSPAN14",0.278717335296283,209
"P49747","Q8TB73","COMP","NDNF",0.638536009653515,267
"P49747","Q8WWA0","COMP","ITLN1",0.575526975857994,271
"P49747","Q92696","COMP","RABGGTA",0.59552402438439,250
"P49747","Q92752","COMP","TNR",0.572769562837428,254
"P49747","Q92859","COMP","NEO1",0.781693316933169,271
"P49747","Q99715","COMP","COL12A1",0.798908062610038,271
"P49747","Q99983","COMP","OMD",0.719424547186648,271
"P49747","Q9BV94","COMP","EDEM2",0.610908551854514,266
"P49747","Q9BYH1","COMP","SEZ6L",0.829253189590719,271
"P49747","Q9H0B8","COMP","CRISPLD2",0.579559175508163,216
"P49747","Q9H251","COMP","CDH23",0.749239683573306,271
"P49747","Q9H2X3","COMP","CLEC4M",0.52837425342028,266
"P49747","Q9HCM3","COMP","KIAA1549",0.720611750235149,271
"P49747","Q9NR99","COMP","MXRA5",0.775109736391482,271
"P49747","Q9NZ53","COMP","PODXL2",0.612537894895677,270
"P49747","Q9UHF0","COMP","TAC3",0.414022702257996,221
"P49747","Q9UKM7","COMP","MAN1B1",0.536357716518342,271
"P49747","Q9Y240","COMP","CLEC11A",0.777743409787039,271
"P49747","Q9Y274","COMP","ST3GAL6",0.639019728432578,271
"P49747","Q9Y624","COMP","F11R",0.400458478958976,265
"P55290","P78539","CDH13","SRPX",0.607809975158575,271
"P55290","P98160","CDH13","HSPG2",0.741239177097653,271
"P55290","Q06828","CDH13","FMOD",0.705078021368449,271
"P55290","Q08378","CDH13","GOLGA3",0.464808107323599,237
"P55290","Q0VD83","CDH13","APOBR",0.550706051178159,271
"P55290","Q13103","CDH13","SPP2",0.689721558980296,271
"P55290","Q13316","CDH13","DMP1",0.665000572213321,256
"P55290","Q13740","CDH13","ALCAM",0.610247690712201,271
"P55290","Q14515","CDH13","SPARCL1",0.757970359115356,271
"P55290","Q14520","CDH13","HABP2",0.540214769794757,271
"P55290","Q14956","CDH13","GPNMB",0.55765569991963,254
"P55290","Q16706","CDH13","MAN2A1",0.538017630176302,271
"P55290","Q53EL9","CDH13","SEZ6",0.698599156407531,241
"P55290","Q5JRA6","CDH13","MIA3",0.589722161927502,271
"P55290","Q6P4E1","CDH13","GOLM2",0.652039167450498,271
"P55290","Q6Q788","CDH13","APOA5",0.34463376986711,271
"P55290","Q6UVK1","CDH13","CSPG4",0.676076863709814,271
"P55290","Q6UWP8","CDH13","SBSN",0.576940887055929,271
"P55290","Q6YHK3","CDH13","CD109",0.581571521597569,271
"P55290","Q6ZRP7","CDH13","QSOX2",0.513536767720618,271
"P55290","Q7LGC8","CDH13","CHST3",0.722528519402841,271
"P55290","Q8IUX7","CDH13","AEBP1",0.629297204736753,271
"P55290","Q8IZF2","CDH13","ADGRF5",0.665349227021682,271
"P55290","Q8NG11","CDH13","TSPAN14",0.355502392344498,209
"P55290","Q8TB73","CDH13","NDNF",0.602035232303465,267
"P55290","Q8WWA0","CDH13","ITLN1",0.623812194004293,271
"P55290","Q92696","CDH13","RABGGTA",0.517373397974368,250
"P55290","Q92752","CDH13","TNR",0.539595809068391,254
"P55290","Q92859","CDH13","NEO1",0.685906712008297,271
"P55290","Q99715","CDH13","COL12A1",0.65508827147095,271
"P55290","Q99983","CDH13","OMD",0.67939427923691,271
"P55290","Q9BV94","CDH13","EDEM2",0.600819304993457,266
"P55290","Q9BYH1","CDH13","SEZ6L",0.717982297470034,271
"P55290","Q9H0B8","CDH13","CRISPLD2",0.484641398444849,216
"P55290","Q9H251","CDH13","CDH23",0.780849793792056,271
"P55290","Q9H2X3","CDH13","CLEC4M",0.443451537472046,266
"P55290","Q9HCM3","CDH13","KIAA1549",0.687989291657622,271
"P55290","Q9NR99","CDH13","MXRA5",0.647223428116634,271
"P55290","Q9NZ53","CDH13","PODXL2",0.646559394961979,270
"P55290","Q9UHF0","CDH13","TAC3",0.5238440414911,221
"P55290","Q9UKM7","CDH13","MAN1B1",0.569824301184188,271
"P55290","Q9Y240","CDH13","CLEC11A",0.751746738055616,271
"P55290","Q9Y274","CDH13","ST3GAL6",0.625111545233099,271
"P55290","Q9Y624","CDH13","F11R",0.468602896606869,265
"P78539","P98160","SRPX","HSPG2",0.826203482623061,271
"P78539","Q06828","SRPX","FMOD",0.81926235438825,271
"P78539","Q08378","SRPX","GOLGA3",0.565634020181769,237
"P78539","Q0VD83","SRPX","APOBR",0.754018040180402,271
"P78539","Q13103","SRPX","SPP2",0.655009285386971,271
"P78539","Q13316","SRPX","DMP1",0.661460002288853,256
"P78539","Q13740","SRPX","ALCAM",0.503781684875672,271
"P78539","Q14515","SRPX","SPARCL1",0.702188698357572,271
"P78539","Q14520","SRPX","HABP2",0.779677061476497,271
"P78539","Q14956","SRPX","GPNMB",0.505746145833143,254
"P78539","Q16706","SRPX","MAN2A1",0.580339097508622,271
"P78539","Q53EL9","SRPX","SEZ6",0.509438119406056,241
"P78539","Q5JRA6","SRPX","MIA3",0.718906012589538,271
"P78539","Q6P4E1","SRPX","GOLM2",0.764658249523672,271
"P78539","Q6Q788","SRPX","APOA5",0.388885271205653,271
"P78539","Q6UVK1","SRPX","CSPG4",0.735729445529749,271
"P78539","Q6UWP8","SRPX","SBSN",0.642406482888358,271
"P78539","Q6YHK3","SRPX","CD109",0.69211043581024,271
"P78539","Q6ZRP7","SRPX","QSOX2",0.519771844777271,271
"P78539","Q7LGC8","SRPX","CHST3",0.791836697778742,271
"P78539","Q8IUX7","SRPX","AEBP1",0.850595711839471,271
"P78539","Q8IZF2","SRPX","ADGRF5",0.686841280177508,271
"P78539","Q8NG11","SRPX","TSPAN14",0.188423418686577,209
"P78539","Q8TB73","SRPX","NDNF",0.688988108372558,267
"P78539","Q8WWA0","SRPX","ITLN1",0.497908979089791,271
"P78539","Q92696","SRPX","RABGGTA",0.61111544184707,250
"P78539","Q92752","SRPX","TNR",0.530708661417323,254
"P78539","Q92859","SRPX","NEO1",0.795793840291344,271
"P78539","Q99715","SRPX","COL12A1",0.83410812049297,271
"P78539","Q99983","SRPX","OMD",0.730339700455828,271
"P78539","Q9BV94","SRPX","EDEM2",0.547617400507842,266
"P78539","Q9BYH1","SRPX","SEZ6L",0.820690736319128,271
"P78539","Q9H0B8","SRPX","CRISPLD2",0.490846521154098,216
"P78539","Q9H251","SRPX","CDH23",0.682638135204881,271
"P78539","Q9H2X3","SRPX","CLEC4M",0.466307915219467,266
"P78539","Q9HCM3","SRPX","KIAA1549",0.676583942310011,271
"P78539","Q9NR99","SRPX","MXRA5",0.791523768178858,271
"P78539","Q9NZ53","SRPX","PODXL2",0.634406812469612,270
"P78539","Q9UHF0","SRPX","TAC3",0.432780415133356,221
"P78539","Q9UKM7","SRPX","MAN1B1",0.508646262933218,271
"P78539","Q9Y240","SRPX","CLEC11A",0.767587969997347,271
"P78539","Q9Y274","SRPX","ST3GAL6",0.594320840267226,271
"P78539","Q9Y624","SRPX","F11R",0.357097718567431,265
"P98160","Q06828","HSPG2","FMOD",0.829359911246171,271
"P98160","Q08378","HSPG2","GOLGA3",0.579972559716871,237
"P98160","Q0VD83","HSPG2","APOBR",0.760478016544871,271
"P98160","Q13103","HSPG2","SPP2",0.72695415189446,271
"P98160","Q13316","HSPG2","DMP1",0.712264677271687,256
"P98160","Q13740","HSPG2","ALCAM",0.517859296240021,271
"P98160","Q14515","HSPG2","SPARCL1",0.815460169307575,271
"P98160","Q14520","HSPG2","HABP2",0.736893133637219,271
"P98160","Q14956","HSPG2","GPNMB",0.579063649361895,254
"P98160","Q16706","HSPG2","MAN2A1",0.57632407206425,271
"P98160","Q53EL9","HSPG2","SEZ6",0.60110850108021,241
"P98160","Q5JRA6","HSPG2","MIA3",0.657119600607771,271
"P98160","Q6P4E1","HSPG2","GOLM2",0.784198562573861,271
"P98160","Q6Q788","HSPG2","APOA5",0.429484118370595,271
"P98160","Q6UVK1","HSPG2","CSPG4",0.792344379326146,271
"P98160","Q6UWP8","HSPG2","SBSN",0.643940983527482,271
"P98160","Q6YHK3","HSPG2","CD109",0.688428237223549,271
"P98160","Q6ZRP7","HSPG2","QSOX2",0.527964088464414,271
"P98160","Q7LGC8","HSPG2","CHST3",0.804250777801896,271
"P98160","Q8IUX7","HSPG2","AEBP1",0.808597424209536,271
"P98160","Q8IZF2","HSPG2","ADGRF5",0.725472107662253,271
"P98160","Q8NG11","HSPG2","TSPAN14",0.32768021452232,209
"P98160","Q8TB73","HSPG2","NDNF",0.710907740590786,267
"P98160","Q8WWA0","HSPG2","ITLN1",0.576252321346743,271
"P98160","Q92696","HSPG2","RABGGTA",0.657070225123602,250
"P98160","Q92752","HSPG2","TNR",0.605288643732368,254
"P98160","Q92859","HSPG2","NEO1",0.788441502062079,271
"P98160","Q99715","HSPG2","COL12A1",0.843759496418494,271
"P98160","Q99983","HSPG2","OMD",0.770278923377469,271
"P98160","Q9BV94","HSPG2","EDEM2",0.599197909975277,266
"P98160","Q9BYH1","HSPG2","SEZ6L",0.842449895087186,271
"P98160","Q9H0B8","HSPG2","CRISPLD2",0.521374391216852,216
"P98160","Q9H251","HSPG2","CDH23",0.76274449509201,271
"P98160","Q9H2X3","HSPG2","CLEC4M",0.485750628426058,266
"P98160","Q9HCM3","HSPG2","KIAA1549",0.768911439114391,271
"P98160","Q9NR99","HSPG2","MXRA5",0.828791934978173,271
"P98160","Q9NZ53","HSPG2","PODXL2",0.671212072715523,270
"P98160","Q9UHF0","HSPG2","TAC3",0.507210913093266,221
"P98160","Q9UKM7","HSPG2","MAN1B1",0.564451438632033,271
"P98160","Q9Y240","HSPG2","CLEC11A",0.805258302583026,271
"P98160","Q9Y274","HSPG2","ST3GAL6",0.661038757446398,271
"P98160","Q9Y624","HSPG2","F11R",0.474868775712867,265
"Q06828","Q08378","FMOD","GOLGA3",0.561182636538846,237
"Q06828","Q0VD83","FMOD","APOBR",0.715953380122036,271
"Q06828","Q13103","FMOD","SPP2",0.721722378988496,271
"Q06828","Q13316","FMOD","DMP1",0.725027895399405,256
"Q06828","Q13740","FMOD","ALCAM",0.54161421025975,271
"Q06828","Q14515","FMOD","SPARCL1",0.760526855268553,271
"Q06828","Q14520","FMOD","HABP2",0.725404577575188,271
"Q06828","Q14956","FMOD","GPNMB",0.545477612787358,254
"Q06828","Q16706","FMOD","MAN2A1",0.616582857005041,271
"Q06828","Q53EL9","FMOD","SEZ6",0.608190734199787,241
"Q06828","Q5JRA6","FMOD","MIA3",0.700571593951234,271
"Q06828","Q6P4E1","FMOD","GOLM2",0.779570942768251,271
"Q06828","Q6Q788","FMOD","APOA5",0.384478330077418,271
"Q06828","Q6UVK1","FMOD","CSPG4",0.82689325422666,271
"Q06828","Q6UWP8","FMOD","SBSN",0.620118539420688,271
"Q06828","Q6YHK3","FMOD","CD109",0.712575669874346,271
"Q06828","Q6ZRP7","FMOD","QSOX2",0.593971130887779,271
"Q06828","Q7LGC8","FMOD","CHST3",0.778041265706775,271
"Q06828","Q8IUX7","FMOD","AEBP1",0.801409690567494,271
"Q06828","Q8IZF2","FMOD","ADGRF5",0.678287268166799,271
"Q06828","Q8NG11","FMOD","TSPAN14",0.224696356275304,209
"Q06828","Q8TB73","FMOD","NDNF",0.689573169885976,267
"Q06828","Q8WWA0","FMOD","ITLN1",0.56664676940887,271
"Q06828","Q92696","FMOD","RABGGTA",0.638462823405174,250
"Q06828","Q92752","FMOD","TNR",0.534024498972039,254
"Q06828","Q92859","FMOD","NEO1",0.802797675035574,271
"Q06828","Q99715","FMOD","COL12A1",0.846173697031088,271
"Q06828","Q99983","FMOD","OMD",0.8359983599836,271
"Q06828","Q9BV94","FMOD","EDEM2",0.584148201753058,266
"Q06828","Q9BYH1","FMOD","SEZ6L",0.85980211272701,271
"Q06828","Q9H0B8","FMOD","CRISPLD2",0.509683373224258,216
"Q06828","Q9H251","FMOD","CDH23",0.691264500880303,271
"Q06828","Q9H2X3","FMOD","CLEC4M",0.442359980936016,266
"Q06828","Q9HCM3","FMOD","KIAA1549",0.704988785181969,271
"Q06828","Q9NR99","FMOD","MXRA5",0.810810240455346,271
"Q06828","Q9NZ53","FMOD","PODXL2",0.714026865175715,270
"Q06828","Q9UHF0","FMOD","TAC3",0.497043814690874,221
"Q06828","Q9UKM7","FMOD","MAN1B1",0.599643055254082,271
"Q06828","Q9Y240","FMOD","CLEC11A",0.805518775775993,271
"Q06828","Q9Y274","FMOD","ST3GAL6",0.620992812869305,271
"Q06828","Q9Y624","FMOD","F11R",0.392917112678781,265
"Q08378","Q0VD83","GOLGA3","APOBR",0.57251662733319,237
"Q08378","Q13103","GOLGA3","SPP2",0.636194490669042,237
"Q08378","Q13316","GOLGA3","DMP1",0.479459544879899,225
"Q08378","Q13740","GOLGA3","ALCAM",0.493499609670086,237
"Q08378","Q14515","GOLGA3","SPARCL1",0.561528795169645,237
"Q08378","Q14520","GOLGA3","HABP2",0.623025137967652,237
"Q08378","Q14956","GOLGA3","GPNMB",0.314125560538117,224
"Q08378","Q16706","GOLGA3","MAN2A1",0.387047717606674,237
"Q08378","Q53EL9","GOLGA3","SEZ6",0.367726163832679,212
"Q08378","Q5JRA6","GOLGA3","MIA3",0.652368392111189,237
"Q08378","Q6P4E1","GOLGA3","GOLM2",0.554169318446108,237
"Q08378","Q6Q788","GOLGA3","APOA5",0.367078691592492,237
"Q08378","Q6UVK1","GOLGA3","CSPG4",0.352046933341026,237
"Q08378","Q6UWP8","GOLGA3","SBSN",0.538859912126189,237
"Q08378","Q6YHK3","GOLGA3","CD109",0.528541860855048,237
"Q08378","Q6ZRP7","GOLGA3","QSOX2",0.436889151713034,237
"Q08378","Q7LGC8","GOLGA3","CHST3",0.587048078188581,237
"Q08378","Q8IUX7","GOLGA3","AEBP1",0.578761004509077,237
"Q08378","Q8IZF2","GOLGA3","ADGRF5",0.473107801369851,237
"Q08378","Q8NG11","GOLGA3","TSPAN14",0.321514856239714,186
"Q08378","Q8TB73","GOLGA3","NDNF",0.636243499598445,234
"Q08378","Q8WWA0","GOLGA3","ITLN1",0.448936193228632,237
"Q08378","Q92696","GOLGA3","RABGGTA",0.563289249026558,220
"Q08378","Q92752","GOLGA3","TNR",0.267961776638907,224
"Q08378","Q92859","GOLGA3","NEO1",0.573356783176691,237
"Q08378","Q99715","GOLGA3","COL12A1",0.542810086918269,237
"Q08378","Q99983","GOLGA3","OMD",0.404829814354405,237
"Q08378","Q9BV94","GOLGA3","EDEM2",0.437328100344232,232
"Q08378","Q9BYH1","GOLGA3","SEZ6L",0.605682049691793,237
"Q08378","Q9H0B8","GOLGA3","CRISPLD2",0.254756437341171,190
"Q08378","Q9H251","GOLGA3","CDH23",0.556065979277358,237
"Q08378","Q9H2X3","GOLGA3","CLEC4M",0.419767776739743,234
"Q08378","Q9HCM3","GOLGA3","KIAA1549",0.560127934460633,237
"Q08378","Q9NR99","GOLGA3","MXRA5",0.544931209986676,237
"Q08378","Q9NZ53","GOLGA3","PODXL2",0.590183825039828,236
"Q08378","Q9UHF0","GOLGA3","TAC3",0.303629613802681,193
"Q08378","Q9UKM7","GOLGA3","MAN1B1",0.347381904918157,237
"Q08378","Q9Y240","GOLGA3","CLEC11A",0.60830979033965,237
"Q08378","Q9Y274","GOLGA3","ST3GAL6",0.462352544536373,237
"Q08378","Q9Y624","GOLGA3","F11R",0.385124421235121,232
"Q0VD83","Q13103","APOBR","SPP2",0.701123290644671,271
"Q0VD83","Q13316","APOBR","DMP1",0.653527695124742,256
"Q0VD83","Q13740","APOBR","ALCAM",0.528595977136242,271
"Q0VD83","Q14515","APOBR","SPARCL1",0.729182644767624,271
"Q0VD83","Q14520","APOBR","HABP2",0.8001724429009,271
"Q0VD83","Q14956","APOBR","GPNMB",0.499366380643945,254
"Q0VD83","Q16706","APOBR","MAN2A1",0.546447435062586,271
"Q0VD83","Q53EL9","APOBR","SEZ6",0.494571516751826,241
"Q0VD83","Q5JRA6","APOBR","MIA3",0.684913657960109,271
"Q0VD83","Q6P4E1","APOBR","GOLM2",0.795078744905096,271
"Q0VD83","Q6Q788","APOBR","APOA5",0.405047874008152,271
"Q0VD83","Q6UVK1","APOBR","CSPG4",0.656885054144659,271
"Q0VD83","Q6UWP8","APOBR","SBSN",0.674436244362444,271
"Q0VD83","Q6YHK3","APOBR","CD109",0.592549984323373,271
"Q0VD83","Q6ZRP7","APOBR","QSOX2",0.524237271784483,271
"Q0VD83","Q7LGC8","APOBR","CHST3",0.7432325205605,271
"Q0VD83","Q8IUX7","APOBR","AEBP1",0.805239008272436,271
"Q0VD83","Q8IZF2","APOBR","ADGRF5",0.654652340641053,271
"Q0VD83","Q8NG11","APOBR","TSPAN14",0.264503917135496,209
"Q0VD83","Q8TB73","APOBR","NDNF",0.709296930066236,267
"Q0VD83","Q8WWA0","APOBR","ITLN1",0.411943178255312,271
"Q0VD83","Q92696","APOBR","RABGGTA",0.588193347093554,250
"Q0VD83","Q92752","APOBR","TNR",0.531825413243944,254
"Q0VD83","Q92859","APOBR","NEO1",0.763881653522417,271
"Q0VD83","Q99715","APOBR","COL12A1",0.746988278706316,271
"Q0VD83","Q99983","APOBR","OMD",0.639181921230977,271
"Q0VD83","Q9BV94","APOBR","EDEM2",0.551703086420737,266
"Q0VD83","Q9BYH1","APOBR","SEZ6L",0.805302920676266,271
"Q0VD83","Q9H0B8","APOBR","CRISPLD2",0.470481906190833,216
"Q0VD83","Q9H251","APOBR","CDH23",0.64779622796228,271
"Q0VD83","Q9H2X3","APOBR","CLEC4M",0.48599928908555,266
"Q0VD83","Q9HCM3","APOBR","KIAA1549",0.680362009502448,271
"Q0VD83","Q9NR99","APOBR","MXRA5",0.782081614933796,271
"Q0VD83","Q9NZ53","APOBR","PODXL2",0.622485295484925,270
"Q0VD83","Q9UHF0","APOBR","TAC3",0.379481250069485,221
"Q0VD83","Q9UKM7","APOBR","MAN1B1",0.471501097363915,271
"Q0VD83","Q9Y240","APOBR","CLEC11A",0.714856619154427,271
"Q0VD83","Q9Y274","APOBR","ST3GAL6",0.590211152111521,271
"Q0VD83","Q9Y624","APOBR","F11R",0.366452365906189,265
"Q13103","Q13316","SPP2","DMP1",0.619279297322042,256
"Q13103","Q13740","SPP2","ALCAM",0.551444661505439,271
"Q13103","Q14515","SPP2","SPARCL1",0.719486047801654,271
"Q13103","Q14520","SPP2","HABP2",0.663700769360635,271
"Q13103","Q14956","SPP2","GPNMB",0.513008328039442,254
"Q13103","Q16706","SPP2","MAN2A1",0.541222897523093,271
"Q13103","Q53EL9","SPP2","SEZ6",0.586325057439731,241
"Q13103","Q5JRA6","SPP2","MIA3",0.667835178351784,271
"Q13103","Q6P4E1","SPP2","GOLM2",0.714117405879941,271
"Q13103","Q6Q788","SPP2","APOA5",0.404496177314714,271
"Q13103","Q6UVK1","SPP2","CSPG4",0.619958758411113,271
"Q13103","Q6UWP8","SPP2","SBSN",0.590843040783349,271
"Q13103","Q6YHK3","SPP2","CD109",0.609992644044087,271
"Q13103","Q6ZRP7","SPP2","QSOX2",0.608543158961001,271
"Q13103","Q7LGC8","SPP2","CHST3",0.720299423582471,271
"Q13103","Q8IUX7","SPP2","AEBP1",0.700274340978704,271
"Q13103","Q8IZF2","SPP2","ADGRF5",0.624793792055568,271
"Q13103","Q8NG11","SPP2","TSPAN14",0.408456017666544,209
"Q13103","Q8TB73","SPP2","NDNF",0.719239193069038,267
"Q13103","Q8WWA0","SPP2","ITLN1",0.580601379543207,271
"Q13103","Q92696","SPP2","RABGGTA",0.622110305764892,250
"Q13103","Q92752","SPP2","TNR",0.495579676581348,254
"Q13103","Q92859","SPP2","NEO1",0.738599474230036,271
"Q13103","Q99715","SPP2","COL12A1",0.644891831271254,271
"Q13103","Q99983","SPP2","OMD",0.634611581409932,271
"Q13103","Q9BV94","SPP2","EDEM2",0.585925169081279,266
"Q13103","Q9BYH1","SPP2","SEZ6L",0.778455490437257,271
"Q13103","Q9H0B8","SPP2","CRISPLD2",0.481307231569797,216
"Q13103","Q9H251","SPP2","CDH23",0.71780442804428,271
"Q13103","Q9H2X3","SPP2","CLEC4M",0.496830692376479,266
"Q13103","Q9HCM3","SPP2","KIAA1549",0.707289631719846,271
"Q13103","Q9NR99","SPP2","MXRA5",0.673971975013868,271
"Q13103","Q9NZ53","SPP2","PODXL2",0.740050694187239,270
"Q13103","Q9UHF0","SPP2","TAC3",0.478617408029173,221
"Q13103","Q9UKM7","SPP2","MAN1B1",0.584996864674529,271
"Q13103","Q9Y240","SPP2","CLEC11A",0.719921978631551,271
"Q13103","Q9Y274","SPP2","ST3GAL6",0.698946048284012,271
"Q13103","Q9Y624","SPP2","F11R",0.570003482118676,265
"Q13316","Q13740","DMP1","ALCAM",0.480250772487983,256
"Q13316","Q14515","DMP1","SPARCL1",0.704709315632868,256
"Q13316","Q14520","DMP1","HABP2",0.654503318837262,256
"Q13316","Q14956","DMP1","GPNMB",0.594502654618333,239
"Q13316","Q16706","DMP1","MAN2A1",0.541777294575418,256
"Q13316","Q53EL9","DMP1","SEZ6",0.551431943321835,233
"Q13316","Q5JRA6","DMP1","MIA3",0.58453235866331,256
"Q13316","Q6P4E1","DMP1","GOLM2",0.68832327191577,256
"Q13316","Q6Q788","DMP1","APOA5",0.378249456397345,256
"Q13316","Q6UVK1","DMP1","CSPG4",0.634936484321355,256
"Q13316","Q6UWP8","DMP1","SBSN",0.638849708171206,256
"Q13316","Q6YHK3","DMP1","CD109",0.609429360265507,256
"Q13316","Q6ZRP7","DMP1","QSOX2",0.524813315403982,256
"Q13316","Q7LGC8","DMP1","CHST3",0.676557850766766,256
"Q13316","Q8IUX7","DMP1","AEBP1",0.663030012588693,256
"Q13316","Q8IZF2","DMP1","ADGRF5",0.604758669031815,256
"Q13316","Q8NG11","DMP1","TSPAN14",0.259448402098976,203
"Q13316","Q8TB73","DMP1","NDNF",0.534954515247324,254
"Q13316","Q8WWA0","DMP1","ITLN1",0.432282845044633,256
"Q13316","Q92696","DMP1","RABGGTA",0.525349168320472,238
"Q13316","Q92752","DMP1","TNR",0.46568446443544,244
"Q13316","Q92859","DMP1","NEO1",0.675795376516365,256
"Q13316","Q99715","DMP1","COL12A1",0.712786821927214,256
"Q13316","Q99983","DMP1","OMD",0.712082999542229,256
"Q13316","Q9BV94","DMP1","EDEM2",0.458183092726058,253
"Q13316","Q9BYH1","DMP1","SEZ6L",0.736130979629206,256
"Q13316","Q9H0B8","DMP1","CRISPLD2",0.485609327066049,210
"Q13316","Q9H251","DMP1","CDH23",0.577888246738384,256
"Q13316","Q9H2X3","DMP1","CLEC4M",0.480362739518118,251
"Q13316","Q9HCM3","DMP1","KIAA1549",0.617668516823072,256
"Q13316","Q9NR99","DMP1","MXRA5",0.710490100709544,256
"Q13316","Q9NZ53","DMP1","PODXL2",0.660252632181277,256
"Q13316","Q9UHF0","DMP1","TAC3",0.381052873621952,211
"Q13316","Q9UKM7","DMP1","MAN1B1",0.447335631723506,256
"Q13316","Q9Y240","DMP1","CLEC11A",0.720362211032273,256
"Q13316","Q9Y274","DMP1","ST3GAL6",0.569271429388876,256
"Q13316","Q9Y624","DMP1","F11R",0.450543237431289,253
"Q13740","Q14515","ALCAM","SPARCL1",0.621519788727299,271
"Q13740","Q14520","ALCAM","HABP2",0.58036623013289,271
"Q13740","Q14956","ALCAM","GPNMB",0.358708375821774,254
"Q13740","Q16706","ALCAM","MAN2A1",0.424995176422352,271
"Q13740","Q53EL9","ALCAM","SEZ6",0.457585473749186,241
"Q13740","Q5JRA6","ALCAM","MIA3",0.57362829510648,271
"Q13740","Q6P4E1","ALCAM","GOLM2",0.575803125678316,271
"Q13740","Q6Q788","ALCAM","APOA5",0.291960301955961,271
"Q13740","Q6UVK1","ALCAM","CSPG4",0.452909220268673,271
"Q13740","Q6UWP8","ALCAM","SBSN",0.558998384101488,271
"Q13740","Q6YHK3","ALCAM","CD109",0.429540192460748,271
"Q13740","Q6ZRP7","ALCAM","QSOX2",0.466710078865495,271
"Q13740","Q7LGC8","ALCAM","CHST3",0.620044376914357,271
"Q13740","Q8IUX7","ALCAM","AEBP1",0.569759182885947,271
"Q13740","Q8IZF2","ALCAM","ADGRF5",0.525287605817235,271
"Q13740","Q8NG11","ALCAM","TSPAN14",0.324617487775382,209
"Q13740","Q8TB73","ALCAM","NDNF",0.581346877171127,267
"Q13740","Q8WWA0","ALCAM","ITLN1",0.441318766128838,271
"Q13740","Q92696","ALCAM","RABGGTA",0.419877310036961,250
"Q13740","Q92752","ALCAM","TNR",0.360408035487078,254
"Q13740","Q92859","ALCAM","NEO1",0.587214504497986,271
"Q13740","Q99715","ALCAM","COL12A1",0.522465812893423,271
"Q13740","Q99983","ALCAM","OMD",0.481257989050479,271
"Q13740","Q9BV94","ALCAM","EDEM2",0.432041201158504,266
"Q13740","Q9BYH1","ALCAM","SEZ6L",0.607335455707498,271
"Q13740","Q9H0B8","ALCAM","CRISPLD2",0.392673168292073,216
"Q13740","Q9H251","ALCAM","CDH23",0.616971155005668,271
"Q13740","Q9H2X3","ALCAM","CLEC4M",0.439775822851596,266
"Q13740","Q9HCM3","ALCAM","KIAA1549",0.590627185683621,271
"Q13740","Q9NR99","ALCAM","MXRA5",0.609278151605045,271
"Q13740","Q9NZ53","ALCAM","PODXL2",0.544305896590564,270
"Q13740","Q9UHF0","ALCAM","TAC3",0.325610637375343,221
"Q13740","Q9UKM7","ALCAM","MAN1B1",0.387081253165473,271
"Q13740","Q9Y240","ALCAM","CLEC11A",0.613831608904324,271
"Q13740","Q9Y274","ALCAM","ST3GAL6",0.524548995489955,271
"Q13740","Q9Y624","ALCAM","F11R",0.360098788996505,265
"Q14515","Q14520","SPARCL1","HABP2",0.750945421218918,271
"Q14515","Q14956","SPARCL1","GPNMB",0.547452615853848,254
"Q14515","Q16706","SPARCL1","MAN2A1",0.592939488218412,271
"Q14515","Q53EL9","SPARCL1","SEZ6",0.609482699495902,241
"Q14515","Q5JRA6","SPARCL1","MIA3",0.634728553167885,271
"Q14515","Q6P4E1","SPARCL1","GOLM2",0.794543930733425,271
"Q14515","Q6Q788","SPARCL1","APOA5",0.35303161855148,271
"Q14515","Q6UVK1","SPARCL1","CSPG4",0.705989677543834,271
"Q14515","Q6UWP8","SPARCL1","SBSN",0.725081397872802,271
"Q14515","Q6YHK3","SPARCL1","CD109",0.583037286255215,271
"Q14515","Q6ZRP7","SPARCL1","QSOX2",0.525098280394569,271
"Q14515","Q7LGC8","SPARCL1","CHST3",0.791219882787063,271
"Q14515","Q8IUX7","SPARCL1","AEBP1",0.751142584955261,271
"Q14515","Q8IZF2","SPARCL1","ADGRF5",0.694659696596966,271
"Q14515","Q8NG11","SPARCL1","TSPAN14",0.30021031599979,209
"Q14515","Q8TB73","SPARCL1","NDNF",0.676906714211321,267
"Q14515","Q8WWA0","SPARCL1","ITLN1",0.583815691098087,271
"Q14515","Q92696","SPARCL1","RABGGTA",0.594031776508424,250
"Q14515","Q92752","SPARCL1","TNR",0.564115285403321,254
"Q14515","Q92859","SPARCL1","NEO1",0.781274871572245,271
"Q14515","Q99715","SPARCL1","COL12A1",0.755755131080723,271
"Q14515","Q99983","SPARCL1","OMD",0.692284687552758,271
"Q14515","Q9BV94","SPARCL1","EDEM2",0.612048565339573,266
"Q14515","Q9BYH1","SPARCL1","SEZ6L",0.814057111159347,271
"Q14515","Q9H0B8","SPARCL1","CRISPLD2",0.522681860941426,216
"Q14515","Q9H251","SPARCL1","CDH23",0.766596724790777,271
"Q14515","Q9H2X3","SPARCL1","CLEC4M",0.508320090027911,266
"Q14515","Q9HCM3","SPARCL1","KIAA1549",0.730561585027615,271
"Q14515","Q9NR99","SPARCL1","MXRA5",0.761888913006777,271
"Q14515","Q9NZ53","SPARCL1","PODXL2",0.672902082180673,270
"Q14515","Q9UHF0","SPARCL1","TAC3",0.509338832868245,221
"Q14515","Q9UKM7","SPARCL1","MAN1B1",0.569324457950462,271
"Q14515","Q9Y240","SPARCL1","CLEC11A",0.801904710223573,271
"Q14515","Q9Y274","SPARCL1","ST3GAL6",0.659284784024311,271
"Q14515","Q9Y624","SPARCL1","F11R",0.442605011671546,265
"Q14520","Q14956","HABP2","GPNMB",0.502606059385567,254
"Q14520","Q16706","HABP2","MAN2A1",0.628166075778405,271
"Q14520","Q53EL9","HABP2","SEZ6",0.497166592366517,241
"Q14520","Q5JRA6","HABP2","MIA3",0.65874695511661,271
"Q14520","Q6P4E1","HABP2","GOLM2",0.817373320792032,271
"Q14520","Q6Q788","HABP2","APOA5",0.386891324795601,271
"Q14520","Q6UVK1","HABP2","CSPG4",0.599782939005861,271
"Q14520","Q6UWP8","HABP2","SBSN",0.759641125823023,271
"Q14520","Q6YHK3","HABP2","CD109",0.658110242867135,271
"Q14520","Q6ZRP7","HABP2","QSOX2",0.504693341051058,271
"Q14520","Q7LGC8","HABP2","CHST3",0.82590200902009,271
"Q14520","Q8IUX7","HABP2","AEBP1",0.834117767648265,271
"Q14520","Q8IZF2","HABP2","ADGRF5",0.689980223331645,271
"Q14520","Q8NG11","HABP2","TSPAN14",0.194048057205952,209
"Q14520","Q8TB73","HABP2","NDNF",0.715792499864452,267
"Q14520","Q8WWA0","HABP2","ITLN1",0.438046571642187,271
"Q14520","Q92696","HABP2","RABGGTA",0.654953583257332,250
"Q14520","Q92752","HABP2","TNR",0.520915663268202,254
"Q14520","Q92859","HABP2","NEO1",0.840882835298941,271
"Q14520","Q99715","HABP2","COL12A1",0.761474688276294,271
"Q14520","Q99983","HABP2","OMD",0.616473120613559,271
"Q14520","Q9BV94","HABP2","EDEM2",0.528408045766313,266
"Q14520","Q9BYH1","HABP2","SEZ6L",0.808566673902033,271
"Q14520","Q9H0B8","HABP2","CRISPLD2",0.570487860060253,216
"Q14520","Q9H251","HABP2","CDH23",0.675971347948774,271
"Q14520","Q9H2X3","HABP2","CLEC4M",0.536762406333833,266
"Q14520","Q9HCM3","HABP2","KIAA1549",0.680383715601862,271
"Q14520","Q9NR99","HABP2","MXRA5",0.787001061187082,271
"Q14520","Q9NZ53","HABP2","PODXL2",0.582273800433171,270
"Q14520","Q9UHF0","HABP2","TAC3",0.296121049062226,221
"Q14520","Q9UKM7","HABP2","MAN1B1",0.425654197718448,271
"Q14520","Q9Y240","HABP2","CLEC11A",0.733716204809107,271
"Q14520","Q9Y274","HABP2","ST3GAL6",0.614476762414683,271
"Q14520","Q9Y624","HABP2","F11R",0.353210642386412,265
"Q14956","Q16706","GPNMB","MAN2A1",0.503120863670232,254
"Q14956","Q53EL9","GPNMB","SEZ6",0.419994022325315,226
"Q14956","Q5JRA6","GPNMB","MIA3",0.340184209129172,254
"Q14956","Q6P4E1","GPNMB","GOLM2",0.591725784335084,254
"Q14956","Q6Q788","GPNMB","APOA5",0.281531670898729,254
"Q14956","Q6UVK1","GPNMB","CSPG4",0.579284070542101,254
"Q14956","Q6UWP8","GPNMB","SBSN",0.510637152685605,254
"Q14956","Q6YHK3","GPNMB","CD109",0.426746755469796,254
"Q14956","Q6ZRP7","GPNMB","QSOX2",0.435377599422951,254
"Q14956","Q7LGC8","GPNMB","CHST3",0.519353675303491,254
"Q14956","Q8IUX7","GPNMB","AEBP1",0.59023409681323,254
"Q14956","Q8IZF2","GPNMB","ADGRF5",0.53641178484403,254
"Q14956","Q8NG11","GPNMB","TSPAN14",0.173441874767353,195
"Q14956","Q8TB73","GPNMB","NDNF",0.426577449239188,250
"Q14956","Q8WWA0","GPNMB","ITLN1",0.460009117088683,254
"Q14956","Q92696","GPNMB","RABGGTA",0.523319027181688,234
"Q14956","Q92752","GPNMB","TNR",0.458596721883499,238
"Q14956","Q92859","GPNMB","NEO1",0.560391558820783,254
"Q14956","Q99715","GPNMB","COL12A1",0.490819750762961,254
"Q14956","Q99983","GPNMB","OMD",0.51971030359173,254
"Q14956","Q9BV94","GPNMB","EDEM2",0.367591916051302,249
"Q14956","Q9BYH1","GPNMB","SEZ6L",0.54494010731802,254
"Q14956","Q9H0B8","GPNMB","CRISPLD2",0.436801749434557,202
"Q14956","Q9H251","GPNMB","CDH23",0.42614480792784,254
"Q14956","Q9H2X3","GPNMB","CLEC4M",0.328118927322192,249
"Q14956","Q9HCM3","GPNMB","KIAA1549",0.440795859596834,254
"Q14956","Q9NR99","GPNMB","MXRA5",0.596098325421482,254
"Q14956","Q9NZ53","GPNMB","PODXL2",0.43710494686188,253
"Q14956","Q9UHF0","GPNMB","TAC3",0.468158424521869,207
"Q14956","Q9UKM7","GPNMB","MAN1B1",0.425386148982017,254
"Q14956","Q9Y240","GPNMB","CLEC11A",0.526206503889409,254
"Q14956","Q9Y274","GPNMB","ST3GAL6",0.433856620049906,254
"Q14956","Q9Y624","GPNMB","F11R",0.223904892129574,248
"Q16706","Q53EL9","MAN2A1","SEZ6",0.520950927608793,241
"Q16706","Q5JRA6","MAN2A1","MIA3",0.486638086969105,271
"Q16706","Q6P4E1","MAN2A1","GOLM2",0.680855823264115,271
"Q16706","Q6Q788","MAN2A1","APOA5",0.174409714685382,271
"Q16706","Q6UVK1","MAN2A1","CSPG4",0.583031256783156,271
"Q16706","Q6UWP8","MAN2A1","SBSN",0.635394206883245,271
"Q16706","Q6YHK3","MAN2A1","CD109",0.550364783059595,271
"Q16706","Q6ZRP7","MAN2A1","QSOX2",0.634099679232086,271
"Q16706","Q7LGC8","MAN2A1","CHST3",0.670611147287943,271
"Q16706","Q8IUX7","MAN2A1","AEBP1",0.613609724332537,271
"Q16706","Q8IZF2","MAN2A1","ADGRF5",0.485916359163592,271
"Q16706","Q8NG11","MAN2A1","TSPAN14",0.164983700510016,209
"Q16706","Q8TB73","MAN2A1","NDNF",0.532502436705549,267
"Q16706","Q8WWA0","MAN2A1","ITLN1",0.428968598509514,271
"Q16706","Q92696","MAN2A1","RABGGTA",0.570280996495944,250
"Q16706","Q92752","MAN2A1","TNR",0.480648155437208,254
"Q16706","Q92859","MAN2A1","NEO1",0.663559076767238,271
"Q16706","Q99715","MAN2A1","COL12A1",0.622869787521405,271
"Q16706","Q99983","MAN2A1","OMD",0.596151387984468,271
"Q16706","Q9BV94","MAN2A1","EDEM2",0.598976665747472,266
"Q16706","Q9BYH1","MAN2A1","SEZ6L",0.677835057762342,271
"Q16706","Q9H0B8","MAN2A1","CRISPLD2",0.568027721216018,216
"Q16706","Q9H251","MAN2A1","CDH23",0.544034440344403,271
"Q16706","Q9H2X3","MAN2A1","CLEC4M",0.454970901920904,266
"Q16706","Q9HCM3","MAN2A1","KIAA1549",0.485555796734438,271
"Q16706","Q9NR99","MAN2A1","MXRA5",0.596440199696115,271
"Q16706","Q9NZ53","MAN2A1","PODXL2",0.517159662302943,270
"Q16706","Q9UHF0","MAN2A1","TAC3",0.402595973184208,221
"Q16706","Q9UKM7","MAN2A1","MAN1B1",0.59613329956829,271
"Q16706","Q9Y240","MAN2A1","CLEC11A",0.622936111714058,271
"Q16706","Q9Y274","MAN2A1","ST3GAL6",0.590060415310035,271
"Q16706","Q9Y624","MAN2A1","F11R",0.294529849495093,265
"Q53EL9","Q5JRA6","SEZ6","MIA3",0.552249579918384,241
"Q53EL9","Q6P4E1","SEZ6","GOLM2",0.560900689276774,241
"Q53EL9","Q6Q788","SEZ6","APOA5",0.269707828949625,241
"Q53EL9","Q6UVK1","SEZ6","CSPG4",0.521113816398615,241
"Q53EL9","Q6UWP8","SEZ6","SBSN",0.506557559754467,241
"Q53EL9","Q6YHK3","SEZ6","CD109",0.468457014505675,241
"Q53EL9","Q6ZRP7","SEZ6","QSOX2",0.448457700353212,241
"Q53EL9","Q7LGC8","SEZ6","CHST3",0.621873392544837,241
"Q53EL9","Q8IUX7","SEZ6","AEBP1",0.567597133157299,241
"Q53EL9","Q8IZF2","SEZ6","ADGRF5",0.524603923047906,241
"Q53EL9","Q8NG11","SEZ6","TSPAN14",0.329082727068177,200
"Q53EL9","Q8TB73","SEZ6","NDNF",0.559568053162688,239
"Q53EL9","Q8WWA0","SEZ6","ITLN1",0.425021432735503,241
"Q53EL9","Q92696","SEZ6","RABGGTA",0.427120305763803,223
"Q53EL9","Q92752","SEZ6","TNR",0.461690250945838,233
"Q53EL9","Q92859","SEZ6","NEO1",0.573407119097425,241
"Q53EL9","Q99715","SEZ6","COL12A1",0.582992695723741,241
"Q53EL9","Q99983","SEZ6","OMD",0.567328795308803,241
"Q53EL9","Q9BV94","SEZ6","EDEM2",0.56890756302521,239
"Q53EL9","Q9BYH1","SEZ6","SEZ6L",0.714624841397757,241
"Q53EL9","Q9H0B8","SEZ6","CRISPLD2",0.374105216491798,201
"Q53EL9","Q9H251","SEZ6","CDH23",0.675150886457941,241
"Q53EL9","Q9H2X3","SEZ6","CLEC4M",0.388549980661721,239
"Q53EL9","Q9HCM3","SEZ6","KIAA1549",0.643913960426597,241
"Q53EL9","Q9NR99","SEZ6","MXRA5",0.562016048832345,241
"Q53EL9","Q9NZ53","SEZ6","PODXL2",0.588098830629951,241
"Q53EL9","Q9UHF0","SEZ6","TAC3",0.373256249514103,204
"Q53EL9","Q9UKM7","SEZ6","MAN1B1",0.52167449675937,241
"Q53EL9","Q9Y240","SEZ6","CLEC11A",0.69119457494599,241
"Q53EL9","Q9Y274","SEZ6","ST3GAL6",0.526984671307568,241
"Q53EL9","Q9Y624","SEZ6","F11R",0.438555254737878,239
"Q5JRA6","Q6P4E1","MIA3","GOLM2",0.626663531341196,271
"Q5JRA6","Q6Q788","MIA3","APOA5",0.293899380170272,271
"Q5JRA6","Q6UVK1","MIA3","CSPG4",0.586966090249138,271
"Q5JRA6","Q6UWP8","MIA3","SBSN",0.637253696066372,271
"Q5JRA6","Q6YHK3","MIA3","CD109",0.588846079637267,271
"Q5JRA6","Q6ZRP7","MIA3","QSOX2",0.536818971130888,271
"Q5JRA6","Q7LGC8","MIA3","CHST3",0.692558425584256,271
"Q5JRA6","Q8IUX7","MIA3","AEBP1",0.73116272339194,271
"Q5JRA6","Q8IZF2","MIA3","ADGRF5",0.530103948098305,271
"Q5JRA6","Q8NG11","MIA3","TSPAN14",0.356681476418319,209
"Q5JRA6","Q8TB73","MIA3","NDNF",0.693417049247301,267
"Q5JRA6","Q8WWA0","MIA3","ITLN1",0.473074789571425,271
"Q5JRA6","Q92696","MIA3","RABGGTA",0.562474151586425,250
"Q5JRA6","Q92752","MIA3","TNR",0.412715958749751,254
"Q5JRA6","Q92859","MIA3","NEO1",0.665477051829342,271
"Q5JRA6","Q99715","MIA3","COL12A1",0.717905120227673,271
"Q5JRA6","Q99983","MIA3","OMD",0.583144610857873,271
"Q5JRA6","Q9BV94","MIA3","EDEM2",0.588485098691184,266
"Q5JRA6","Q9BYH1","MIA3","SEZ6L",0.761572365723657,271
"Q5JRA6","Q9H0B8","MIA3","CRISPLD2",0.378117148334703,216
"Q5JRA6","Q9H251","MIA3","CDH23",0.689684176253527,271
"Q5JRA6","Q9H2X3","MIA3","CLEC4M",0.46283367949235,266
"Q5JRA6","Q9HCM3","MIA3","KIAA1549",0.615403492270217,271
"Q5JRA6","Q9NR99","MIA3","MXRA5",0.667329908593204,271
"Q5JRA6","Q9NZ53","MIA3","PODXL2",0.678957339759271,270
"Q5JRA6","Q9UHF0","MIA3","TAC3",0.27486519839461,221
"Q5JRA6","Q9UKM7","MIA3","MAN1B1",0.477343052842293,271
"Q5JRA6","Q9Y240","MIA3","CLEC11A",0.794950920097436,271
"Q5JRA6","Q9Y274","MIA3","ST3GAL6",0.571423920121554,271
"Q5JRA6","Q9Y624","MIA3","F11R",0.431631179148558,265
"Q6P4E1","Q6Q788","GOLM2","APOA5",0.347869184574199,271
"Q6P4E1","Q6UVK1","GOLM2","CSPG4",0.688135807828667,271
"Q6P4E1","Q6UWP8","GOLM2","SBSN",0.708032462677568,271
"Q6P4E1","Q6YHK3","GOLM2","CD109",0.61471794129706,271
"Q6P4E1","Q6ZRP7","GOLM2","QSOX2",0.621710320044377,271
"Q6P4E1","Q7LGC8","GOLM2","CHST3",0.818364565998601,271
"Q6P4E1","Q8IUX7","GOLM2","AEBP1",0.820990401080481,271
"Q6P4E1","Q8IZF2","GOLM2","ADGRF5",0.68443793261462,271
"Q6P4E1","Q8NG11","GOLM2","TSPAN14",0.229220779220779,209
"Q6P4E1","Q8TB73","GOLM2","NDNF",0.718594868859218,267
"Q6P4E1","Q8WWA0","GOLM2","ITLN1",0.477678291488797,271
"Q6P4E1","Q92696","GOLM2","RABGGTA",0.657213075409206,250
"Q6P4E1","Q92752","GOLM2","TNR",0.561034514954405,254
"Q6P4E1","Q92859","GOLM2","NEO1",0.849813689313364,271
"Q6P4E1","Q99715","GOLM2","COL12A1",0.730894411885295,271
"Q6P4E1","Q99983","GOLM2","OMD",0.686392687456286,271
"Q6P4E1","Q9BV94","GOLM2","EDEM2",0.60749297453938,266
"Q6P4E1","Q9BYH1","GOLM2","SEZ6L",0.850241781829583,271
"Q6P4E1","Q9H0B8","GOLM2","CRISPLD2",0.545950773407638,216
"Q6P4E1","Q9H251","GOLM2","CDH23",0.708050551093746,271
"Q6P4E1","Q9H2X3","GOLM2","CLEC4M",0.506351207677876,266
"Q6P4E1","Q9HCM3","GOLM2","KIAA1549",0.716282589296481,271
"Q6P4E1","Q9NR99","GOLM2","MXRA5",0.832724356655331,271
"Q6P4E1","Q9NZ53","GOLM2","PODXL2",0.666947420403572,270
"Q6P4E1","Q9UHF0","GOLM2","TAC3",0.456504385916151,221
"Q6P4E1","Q9UKM7","GOLM2","MAN1B1",0.560298941224706,271
"Q6P4E1","Q9Y240","GOLM2","CLEC11A",0.759556713214191,271
"Q6P4E1","Q9Y274","GOLM2","ST3GAL6",0.630187757759931,271
"Q6P4E1","Q9Y624","GOLM2","F11R",0.368070261416835,265
"Q6Q788","Q6UVK1","APOA5","CSPG4",0.311326363263633,271
"Q6Q788","Q6UWP8","APOA5","SBSN",0.263271470950004,271
"Q6Q788","Q6YHK3","APOA5","CD109",0.376158864529822,271
"Q6Q788","Q6ZRP7","APOA5","QSOX2",0.242224392832164,271
"Q6Q788","Q7LGC8","APOA5","CHST3",0.38004968284977,271
"Q6Q788","Q8IUX7","APOA5","AEBP1",0.376190820731737,271
"Q6Q788","Q8IZF2","APOA5","ADGRF5",0.368705834117165,271
"Q6Q788","Q8NG11","APOA5","TSPAN14",0.299455807350544,209
"Q6Q788","Q8TB73","APOA5","NDNF",0.322525246539122,267
"Q6Q788","Q8WWA0","APOA5","ITLN1",0.267435424354244,271
"Q6Q788","Q92696","APOA5","RABGGTA",0.306384294148706,250
"Q6Q788","Q92752","APOA5","TNR",0.257209182263052,254
"Q6Q788","Q92859","APOA5","NEO1",0.403283047536358,271
"Q6Q788","Q99715","APOA5","COL12A1",0.338420398909871,271
"Q6Q788","Q99983","APOA5","OMD",0.319767021199624,271
"Q6Q788","Q9BV94","APOA5","EDEM2",0.23412899431109,266
"Q6Q788","Q9BYH1","APOA5","SEZ6L",0.342549984323373,271
"Q6Q788","Q9H0B8","APOA5","CRISPLD2",0.222953357386966,216
"Q6Q788","Q9H251","APOA5","CDH23",0.338872609314328,271
"Q6Q788","Q9H2X3","APOA5","CLEC4M",0.309434918651303,266
"Q6Q788","Q9HCM3","APOA5","KIAA1549",0.407674914984444,271
"Q6Q788","Q9NR99","APOA5","MXRA5",0.406257386103273,271
"Q6Q788","Q9NZ53","APOA5","PODXL2",0.300640307518317,270
"Q6Q788","Q9UHF0","APOA5","TAC3",0.341672318142906,221
"Q6Q788","Q9UKM7","APOA5","MAN1B1",0.264987458698116,271
"Q6Q788","Q9Y240","APOA5","CLEC11A",0.356036707425898,271
"Q6Q788","Q9Y274","APOA5","ST3GAL6",0.316680534452403,271
"Q6Q788","Q9Y624","APOA5","F11R",0.207954061826952,265
"Q6UVK1","Q6UWP8","CSPG4","SBSN",0.586805103345151,271
"Q6UVK1","Q6YHK3","CSPG4","CD109",0.650919494489063,271
"Q6UVK1","Q6ZRP7","CSPG4","QSOX2",0.494852036755662,271
"Q6UVK1","Q7LGC8","CSPG4","CHST3",0.714328437402021,271
"Q6UVK1","Q8IUX7","CSPG4","AEBP1",0.733636615777922,271
"Q6UVK1","Q8IZF2","CSPG4","ADGRF5",0.629212792127921,271
"Q6UVK1","Q8NG11","CSPG4","TSPAN14",0.136970923813029,209
"Q6UVK1","Q8TB73","CSPG4","NDNF",0.535585988281117,267
"Q6UVK1","Q8WWA0","CSPG4","ITLN1",0.621028386754456,271
"Q6UVK1","Q92696","CSPG4","RABGGTA",0.584423174770796,250
"Q6UVK1","Q92752","CSPG4","TNR",0.600251177623955,254
"Q6UVK1","Q92859","CSPG4","NEO1",0.717741721534862,271
"Q6UVK1","Q99715","CSPG4","COL12A1",0.842123700648771,271
"Q6UVK1","Q99983","CSPG4","OMD",0.803772037720377,271
"Q6UVK1","Q9BV94","CSPG4","EDEM2",0.536559014666197,266
"Q6UVK1","Q9BYH1","CSPG4","SEZ6L",0.778343342256952,271
"Q6UVK1","Q9H0B8","CSPG4","CRISPLD2",0.493284035294538,216
"Q6UVK1","Q9H251","CSPG4","CDH23",0.650920700383474,271
"Q6UVK1","Q9H2X3","CSPG4","CLEC4M",0.436703269728275,266
"Q6UVK1","Q9HCM3","CSPG4","KIAA1549",0.620468851747341,271
"Q6UVK1","Q9NR99","CSPG4","MXRA5",0.747765477654776,271
"Q6UVK1","Q9NZ53","CSPG4","PODXL2",0.560157965891926,270
"Q6UVK1","Q9UHF0","CSPG4","TAC3",0.4352841117547,221
"Q6UVK1","Q9UKM7","CSPG4","MAN1B1",0.552602320140848,271
"Q6UVK1","Q9Y240","CSPG4","CLEC11A",0.723060921785688,271
"Q6UVK1","Q9Y274","CSPG4","ST3GAL6",0.612188577768131,271
"Q6UVK1","Q9Y624","CSPG4","F11R",0.30619881607965,265
"Q6UWP8","Q6YHK3","SBSN","CD109",0.546587318814365,271
"Q6UWP8","Q6ZRP7","SBSN","QSOX2",0.490536140655524,271
"Q6UWP8","Q7LGC8","SBSN","CHST3",0.708924824542363,271
"Q6UWP8","Q8IUX7","SBSN","AEBP1",0.710951330101536,271
"Q6UWP8","Q8IZF2","SBSN","ADGRF5",0.590815908159082,271
"Q6UWP8","Q8NG11","SBSN","TSPAN14",0.140815763184184,209
"Q6UWP8","Q8TB73","SBSN","NDNF",0.592198255154909,267
"Q6UWP8","Q8WWA0","SBSN","ITLN1",0.476895063068278,271
"Q6UWP8","Q92696","SBSN","RABGGTA",0.551872509960159,250
"Q6UWP8","Q92752","SBSN","TNR",0.446790436942883,254
"Q6UWP8","Q92859","SBSN","NEO1",0.716805947471239,271
"Q6UWP8","Q99715","SBSN","COL12A1",0.702271905071992,271
"Q6UWP8","Q99983","SBSN","OMD",0.590100209825628,271
"Q6UWP8","Q9BV94","SBSN","EDEM2",0.566750244277218,266
"Q6UWP8","Q9BYH1","SBSN","SEZ6L",0.738522899934882,271
"Q6UWP8","Q9H0B8","SBSN","CRISPLD2",0.543264387525453,216
"Q6UWP8","Q9H251","SBSN","CDH23",0.635067409497624,271
"Q6UWP8","Q9H2X3","SBSN","CLEC4M",0.582427342471081,266
"Q6UWP8","Q9HCM3","SBSN","KIAA1549",0.558207920314497,271
"Q6UWP8","Q9NR99","SBSN","MXRA5",0.69480621276801,271
"Q6UWP8","Q9NZ53","SBSN","PODXL2",0.541904400456644,270
"Q6UWP8","Q9UHF0","SBSN","TAC3",0.327897539662245,221
"Q6UWP8","Q9UKM7","SBSN","MAN1B1",0.445902370788414,271
"Q6UWP8","Q9Y240","SBSN","CLEC11A",0.668120372380194,271
"Q6UWP8","Q9Y274","SBSN","ST3GAL6",0.530558570291585,271
"Q6UWP8","Q9Y624","SBSN","F11R",0.327739589109996,265
"Q6YHK3","Q6ZRP7","CD109","QSOX2",0.537163856932687,271
"Q6YHK3","Q7LGC8","CD109","CHST3",0.66741371825483,271
"Q6YHK3","Q8IUX7","CD109","AEBP1",0.640790584376432,271
"Q6YHK3","Q8IZF2","CD109","ADGRF5",0.558924824542363,271
"Q6YHK3","Q8NG11","CD109","TSPAN14",0.266706977233293,209
"Q6YHK3","Q8TB73","CD109","NDNF",0.574550580711379,267
"Q6YHK3","Q8WWA0","CD109","ITLN1",0.546831512432771,271
"Q6YHK3","Q92696","CD109","RABGGTA",0.569294868717899,250
"Q6YHK3","Q92752","CD109","TNR",0.392966660381124,254
"Q6YHK3","Q92859","CD109","NEO1",0.69545860164484,271
"Q6YHK3","Q99715","CD109","COL12A1",0.690623568000386,271
"Q6YHK3","Q99983","CD109","OMD",0.642359453006295,271
"Q6YHK3","Q9BV94","CD109","EDEM2",0.478588563841233,266
"Q6YHK3","Q9BYH1","CD109","SEZ6L",0.696500494416709,271
"Q6YHK3","Q9H0B8","CD109","CRISPLD2",0.422692577906381,216
"Q6YHK3","Q9H251","CD109","CDH23",0.559552492583749,271
"Q6YHK3","Q9H2X3","CD109","CLEC4M",0.434288710965457,266
"Q6YHK3","Q9HCM3","CD109","KIAA1549",0.550008441260883,271
"Q6YHK3","Q9NR99","CD109","MXRA5",0.633617924414538,271
"Q6YHK3","Q9NZ53","CD109","PODXL2",0.538392692477111,270
"Q6YHK3","Q9UHF0","CD109","TAC3",0.353867277396689,221
"Q6YHK3","Q9UKM7","CD109","MAN1B1",0.455202228492873,271
"Q6YHK3","Q9Y240","CD109","CLEC11A",0.613419795962665,271
"Q6YHK3","Q9Y274","CD109","ST3GAL6",0.61362118032945,271
"Q6YHK3","Q9Y624","CD109","F11R",0.387749390629232,265
"Q6ZRP7","Q7LGC8","QSOX2","CHST3",0.549051564045052,271
"Q6ZRP7","Q8IUX7","QSOX2","AEBP1",0.538473458263994,271
"Q6ZRP7","Q8IZF2","QSOX2","ADGRF5",0.40372561078552,271
"Q6ZRP7","Q8NG11","QSOX2","TSPAN14",0.360233187864767,209
"Q6ZRP7","Q8TB73","QSOX2","NDNF",0.531587017182399,267
"Q6ZRP7","Q8WWA0","QSOX2","ITLN1",0.390451728046692,271
"Q6ZRP7","Q92696","QSOX2","RABGGTA",0.483677626842029,250
"Q6ZRP7","Q92752","QSOX2","TNR",0.390386780587558,254
"Q6ZRP7","Q92859","QSOX2","NEO1",0.559361961266671,271
"Q6ZRP7","Q99715","QSOX2","COL12A1",0.535035453295709,271
"Q6ZRP7","Q99983","QSOX2","OMD",0.550565564479174,271
"Q6ZRP7","Q9BV94","QSOX2","EDEM2",0.606491318395629,266
"Q6ZRP7","Q9BYH1","QSOX2","SEZ6L",0.58263692931047,271
"Q6ZRP7","Q9H0B8","QSOX2","CRISPLD2",0.45084485407066,216
"Q6ZRP7","Q9H251","QSOX2","CDH23",0.499315654921255,271
"Q6ZRP7","Q9H2X3","QSOX2","CLEC4M",0.414409885217602,266
"Q6ZRP7","Q9HCM3","QSOX2","KIAA1549",0.480465113474664,271
"Q6ZRP7","Q9NR99","QSOX2","MXRA5",0.551233629983359,271
"Q6ZRP7","Q9NZ53","QSOX2","PODXL2",0.557197400970292,270
"Q6ZRP7","Q9UHF0","QSOX2","TAC3",0.367772132478015,221
"Q6ZRP7","Q9UKM7","QSOX2","MAN1B1",0.637365844246678,271
"Q6ZRP7","Q9Y240","QSOX2","CLEC11A",0.574409111738176,271
"Q6ZRP7","Q9Y274","QSOX2","ST3GAL6",0.504127173624677,271
"Q6ZRP7","Q9Y624","QSOX2","F11R",0.408469931260398,265
"Q7LGC8","Q8IUX7","CHST3","AEBP1",0.816329619178545,271
"Q7LGC8","Q8IZF2","CHST3","ADGRF5",0.71080963750814,271
"Q7LGC8","Q8NG11","CHST3","TSPAN14",0.247718071402282,209
"Q7LGC8","Q8TB73","CHST3","NDNF",0.727713128200343,267
"Q7LGC8","Q8WWA0","CHST3","ITLN1",0.55959108120493,271
"Q7LGC8","Q92696","CHST3","RABGGTA",0.634026016416263,250
"Q7LGC8","Q92752","CHST3","TNR",0.590436210586441,254
"Q7LGC8","Q92859","CHST3","NEO1",0.843848129657767,271
"Q7LGC8","Q99715","CHST3","COL12A1",0.810853652654174,271
"Q7LGC8","Q99983","CHST3","OMD",0.716980199213757,271
"Q7LGC8","Q9BV94","CHST3","EDEM2",0.604647403966775,266
"Q7LGC8","Q9BYH1","CHST3","SEZ6L",0.854868195740781,271
"Q7LGC8","Q9H0B8","CHST3","CRISPLD2",0.526478048083449,216
"Q7LGC8","Q9H251","CHST3","CDH23",0.79585534090635,271
"Q7LGC8","Q9H2X3","CHST3","CLEC4M",0.535257690548185,266
"Q7LGC8","Q9HCM3","CHST3","KIAA1549",0.733904927284567,271
"Q7LGC8","Q9NR99","CHST3","MXRA5",0.796684393314521,271
"Q7LGC8","Q9NZ53","CHST3","PODXL2",0.651202043618949,270
"Q7LGC8","Q9UHF0","CHST3","TAC3",0.439801216271805,221
"Q7LGC8","Q9UKM7","CHST3","MAN1B1",0.531998408219376,271
"Q7LGC8","Q9Y240","CHST3","CLEC11A",0.801986108096375,271
"Q7LGC8","Q9Y274","CHST3","ST3GAL6",0.687482213057425,271
"Q7LGC8","Q9Y624","CHST3","F11R",0.39503540153987,265
"Q8IUX7","Q8IZF2","AEBP1","ADGRF5",0.704030702071727,271
"Q8IUX7","Q8NG11","AEBP1","TSPAN14",0.193035911456964,209
"Q8IUX7","Q8TB73","AEBP1","NDNF",0.736187063331648,267
"Q8IUX7","Q8WWA0","AEBP1","ITLN1",0.500728360224779,271
"Q8IUX7","Q92696","AEBP1","RABGGTA",0.655883646138338,250
"Q8IUX7","Q92752","AEBP1","TNR",0.585670426397816,254
"Q8IUX7","Q92859","AEBP1","NEO1",0.826204688517473,271
"Q8IUX7","Q99715","AEBP1","COL12A1",0.825920700383474,271
"Q8IUX7","Q99983","AEBP1","OMD",0.69345681692111,271
"Q8IUX7","Q9BV94","AEBP1","EDEM2",0.577846248013504,266
"Q8IUX7","Q9BYH1","AEBP1","SEZ6L",0.860252514289849,271
"Q8IUX7","Q9H0B8","AEBP1","CRISPLD2",0.525976732278308,216
"Q8IUX7","Q9H251","AEBP1","CDH23",0.730309553095531,271
"Q8IUX7","Q9H2X3","AEBP1","CLEC4M",0.508749189063394,266
"Q8IUX7","Q9HCM3","AEBP1","KIAA1549",0.695741383884427,271
"Q8IUX7","Q9NR99","AEBP1","MXRA5",0.867928032221499,271
"Q8IUX7","Q9NZ53","AEBP1","PODXL2",0.642363025860742,270
"Q8IUX7","Q9UHF0","AEBP1","TAC3",0.367157325980855,221
"Q8IUX7","Q9UKM7","AEBP1","MAN1B1",0.519396811615175,271
"Q8IUX7","Q9Y240","AEBP1","CLEC11A",0.780050888744181,271
"Q8IUX7","Q9Y274","AEBP1","ST3GAL6",0.615129151291513,271
"Q8IUX7","Q9Y624","AEBP1","F11R",0.333274868130876,265
"Q8IZF2","Q8NG11","ADGRF5","TSPAN14",0.271057889478942,209
"Q8IZF2","Q8TB73","ADGRF5","NDNF",0.575974146333467,267
"Q8IZF2","Q8WWA0","ADGRF5","ITLN1",0.427493789643779,271
"Q8IZF2","Q92696","ADGRF5","RABGGTA",0.539949887198195,250
"Q8IZF2","Q92752","ADGRF5","TNR",0.484324282761562,254
"Q8IZF2","Q92859","ADGRF5","NEO1",0.739217495116128,271
"Q8IZF2","Q99715","ADGRF5","COL12A1",0.637470757060512,271
"Q8IZF2","Q99983","ADGRF5","OMD",0.617307599546584,271
"Q8IZF2","Q9BV94","ADGRF5","EDEM2",0.503701377675692,266
"Q8IZF2","Q9BYH1","ADGRF5","SEZ6L",0.72468345271688,271
"Q8IZF2","Q9H0B8","ADGRF5","CRISPLD2",0.463512306648091,216
"Q8IZF2","Q9H251","ADGRF5","CDH23",0.672489930781661,271
"Q8IZF2","Q9H2X3","ADGRF5","CLEC4M",0.466029287762548,266
"Q8IZF2","Q9HCM3","ADGRF5","KIAA1549",0.727551672575549,271
"Q8IZF2","Q9NR99","ADGRF5","MXRA5",0.708851867930444,271
"Q8IZF2","Q9NZ53","ADGRF5","PODXL2",0.58114651778488,270
"Q8IZF2","Q9UHF0","ADGRF5","TAC3",0.402402525931938,221
"Q8IZF2","Q9UKM7","ADGRF5","MAN1B1",0.47749801027422,271
"Q8IZF2","Q9Y240","ADGRF5","CLEC11A",0.693145093215638,271
"Q8IZF2","Q9Y274","ADGRF5","ST3GAL6",0.582816004630634,271
"Q8IZF2","Q9Y624","ADGRF5","F11R",0.366811539999226,265
"Q8NG11","Q8TB73","TSPAN14","NDNF",0.393361901256638,209
"Q8NG11","Q8WWA0","TSPAN14","ITLN1",0.274383511225616,209
"Q8NG11","Q92696","TSPAN14","RABGGTA",0.164347524170717,193
"Q8NG11","Q92752","TSPAN14","TNR",0.153799320230531,201
"Q8NG11","Q92859","TSPAN14","NEO1",0.206413323518587,209
"Q8NG11","Q99715","TSPAN14","COL12A1",0.183574320416426,209
"Q8NG11","Q99983","TSPAN14","OMD",0.212851622062148,209
"Q8NG11","Q9BV94","TSPAN14","EDEM2",0.333776729915885,206
"Q8NG11","Q9BYH1","TSPAN14","SEZ6L",0.293517009306483,209
"Q8NG11","Q9H0B8","TSPAN14","CRISPLD2",0.197624078134343,174
"Q8NG11","Q9H251","TSPAN14","CDH23",0.319132183605868,209
"Q8NG11","Q9H2X3","TSPAN14","CLEC4M",0.247975993332684,207
"Q8NG11","Q9HCM3","TSPAN14","KIAA1549",0.418915295231085,209
"Q8NG11","Q9NR99","TSPAN14","MXRA5",0.207529312792471,209
"Q8NG11","Q9NZ53","TSPAN14","PODXL2",0.348586939376413,209
"Q8NG11","Q9UHF0","TSPAN14","TAC3",0.250591133004926,175
"Q8NG11","Q9UKM7","TSPAN14","MAN1B1",0.327433093222567,209
"Q8NG11","Q9Y240","TSPAN14","CLEC11A",0.332822440717178,209
"Q8NG11","Q9Y274","TSPAN14","ST3GAL6",0.38123981281876,209
"Q8NG11","Q9Y624","TSPAN14","F11R",0.549580682475419,209
"Q8TB73","Q8WWA0","NDNF","ITLN1",0.508248232521603,267
"Q8TB73","Q92696","NDNF","RABGGTA",0.591292998276724,247
"Q8TB73","Q92752","NDNF","TNR",0.45795919934719,250
"Q8TB73","Q92859","NDNF","NEO1",0.741395245618658,267
"Q8TB73","Q99715","NDNF","COL12A1",0.641301181849475,267
"Q8TB73","Q99983","NDNF","OMD",0.538884524744698,267
"Q8TB73","Q9BV94","NDNF","EDEM2",0.527301394436732,262
"Q8TB73","Q9BYH1","NDNF","SEZ6L",0.763562646344185,267
"Q8TB73","Q9H0B8","NDNF","CRISPLD2",0.447482431355502,215
"Q8TB73","Q9H251","NDNF","CDH23",0.70678457001131,267
"Q8TB73","Q9H2X3","NDNF","CLEC4M",0.442135229369613,262
"Q8TB73","Q9HCM3","NDNF","KIAA1549",0.719094188599118,267
"Q8TB73","Q9NR99","NDNF","MXRA5",0.691297462169595,267
"Q8TB73","Q9NZ53","NDNF","PODXL2",0.654039062039241,266
"Q8TB73","Q9UHF0","NDNF","TAC3",0.371312852034229,219
"Q8TB73","Q9UKM7","NDNF","MAN1B1",0.476673193969327,267
"Q8TB73","Q9Y240","NDNF","CLEC11A",0.697364953554438,267
"Q8TB73","Q9Y274","NDNF","ST3GAL6",0.65869604415197,267
"Q8TB73","Q9Y624","NDNF","F11R",0.458132368233786,262
"Q8WWA0","Q92696","ITLN1","RABGGTA",0.501223635578169,250
"Q8WWA0","Q92752","ITLN1","TNR",0.409906870220623,254
"Q8WWA0","Q92859","ITLN1","NEO1",0.530688203940863,271
"Q8WWA0","Q99715","ITLN1","COL12A1",0.591192750162796,271
"Q8WWA0","Q99983","ITLN1","OMD",0.538679666208427,271
"Q8WWA0","Q9BV94","ITLN1","EDEM2",0.408417163323828,266
"Q8WWA0","Q9BYH1","ITLN1","SEZ6L",0.557018305477172,271
"Q8WWA0","Q9H0B8","ITLN1","CRISPLD2",0.317890186832422,216
"Q8WWA0","Q9H251","ITLN1","CDH23",0.582881725876082,271
"Q8WWA0","Q9H2X3","ITLN1","CLEC4M",0.410344602230614,266
"Q8WWA0","Q9HCM3","ITLN1","KIAA1549",0.468517111641705,271
"Q8WWA0","Q9NR99","ITLN1","MXRA5",0.480827484745436,271
"Q8WWA0","Q9NZ53","ITLN1","PODXL2",0.427377604631065,270
"Q8WWA0","Q9UHF0","ITLN1","TAC3",0.453491500550324,221
"Q8WWA0","Q9UKM7","ITLN1","MAN1B1",0.395034729759062,271
"Q8WWA0","Q9Y240","ITLN1","CLEC11A",0.557287219931023,271
"Q8WWA0","Q9Y274","ITLN1","ST3GAL6",0.545004582398765,271
"Q8WWA0","Q9Y624","ITLN1","F11R",0.29675066740608,265
"Q92696","Q92752","RABGGTA","TNR",0.475169907625732,235
"Q92696","Q92859","RABGGTA","NEO1",0.693050064801037,250
"Q92696","Q99715","RABGGTA","COL12A1",0.618579753276052,250
"Q92696","Q99983","RABGGTA","OMD",0.578014880238084,250
"Q92696","Q9BV94","RABGGTA","EDEM2",0.500464265123257,247
"Q92696","Q9BYH1","RABGGTA","SEZ6L",0.661212115393846,250
"Q92696","Q9H0B8","RABGGTA","CRISPLD2",0.408932511514514,202
"Q92696","Q9H251","RABGGTA","CDH23",0.575498871981952,250
"Q92696","Q9H2X3","RABGGTA","CLEC4M",0.481076956972313,245
"Q92696","Q9HCM3","RABGGTA","KIAA1549",0.604968271492344,250
"Q92696","Q9NR99","RABGGTA","MXRA5",0.650187298996784,250
"Q92696","Q9NZ53","RABGGTA","PODXL2",0.551899390390246,250
"Q92696","Q9UHF0","RABGGTA","TAC3",0.323883436060686,202
"Q92696","Q9UKM7","RABGGTA","MAN1B1",0.517280468487496,250
"Q92696","Q9Y240","RABGGTA","CLEC11A",0.626332069313109,250
"Q92696","Q9Y274","RABGGTA","ST3GAL6",0.548265924254788,250
"Q92696","Q9Y624","RABGGTA","F11R",0.246663279762421,244
"Q92752","Q92859","TNR","NEO1",0.56712795229822,254
"Q92752","Q99715","TNR","COL12A1",0.566785969935576,254
"Q92752","Q99983","TNR","OMD",0.550794083778356,254
"Q92752","Q9BV94","TNR","EDEM2",0.442387048830839,252
"Q92752","Q9BYH1","TNR","SEZ6L",0.586797430372354,254
"Q92752","Q9H0B8","TNR","CRISPLD2",0.379733956770681,207
"Q92752","Q9H251","TNR","CDH23",0.581323515681209,254
"Q92752","Q9H2X3","TNR","CLEC4M",0.364236355781693,250
"Q92752","Q9HCM3","TNR","KIAA1549",0.538446103909181,254
"Q92752","Q9NR99","TNR","MXRA5",0.596442504672966,254
"Q92752","Q9NZ53","TNR","PODXL2",0.380557167624449,254
"Q92752","Q9UHF0","TNR","TAC3",0.359088280140912,209
"Q92752","Q9UKM7","TNR","MAN1B1",0.441607976171079,254
"Q92752","Q9Y240","TNR","CLEC11A",0.582544253579556,254
"Q92752","Q9Y274","TNR","ST3GAL6",0.42127576996377,254
"Q92752","Q9Y624","TNR","F11R",0.226332837325397,250
"Q92859","Q99715","NEO1","COL12A1",0.776336131008369,271
"Q92859","Q99983","NEO1","OMD",0.722676844415503,271
"Q92859","Q9BV94","NEO1","EDEM2",0.607131460195964,266
"Q92859","Q9BYH1","NEO1","SEZ6L",0.855846779056026,271
"Q92859","Q9H0B8","NEO1","CRISPLD2",0.521558961168864,216
"Q92859","Q9H251","NEO1","CDH23",0.745704001157659,271
"Q92859","Q9H2X3","NEO1","CLEC4M",0.505753146912224,266
"Q92859","Q9HCM3","NEO1","KIAA1549",0.750130236596484,271
"Q92859","Q9NR99","NEO1","MXRA5",0.8159395123363,271
"Q92859","Q9NZ53","NEO1","PODXL2",0.667177876239729,270
"Q92859","Q9UHF0","NEO1","TAC3",0.418745483451366,221
"Q92859","Q9UKM7","NEO1","MAN1B1",0.548687986879869,271
"Q92859","Q9Y240","NEO1","CLEC11A",0.775769360634783,271
"Q92859","Q9Y274","NEO1","ST3GAL6",0.667045317511999,271
"Q92859","Q9Y624","NEO1","F11R",0.384901146519816,265
"Q99715","Q99983","COL12A1","OMD",0.843836070713648,271
"Q99715","Q9BV94","COL12A1","EDEM2",0.59474433380462,266
"Q99715","Q9BYH1","COL12A1","SEZ6L",0.854062658273642,271
"Q99715","Q9H0B8","COL12A1","CRISPLD2",0.497486276330987,216
"Q99715","Q9H251","COL12A1","CDH23",0.713257000217061,271
"Q99715","Q9H2X3","COL12A1","CLEC4M",0.508127537414662,266
"Q99715","Q9HCM3","COL12A1","KIAA1549",0.667992547572534,271
"Q99715","Q9NR99","COL12A1","MXRA5",0.799811880471746,271
"Q99715","Q9NZ53","COL12A1","PODXL2",0.616183120939016,270
"Q99715","Q9UHF0","COL12A1","TAC3",0.391518338577162,221
"Q99715","Q9UKM7","COL12A1","MAN1B1",0.541004027687336,271
"Q99715","Q9Y240","COL12A1","CLEC11A",0.79504256807274,271
"Q99715","Q9Y274","COL12A1","ST3GAL6",0.594460121071799,271
"Q99715","Q9Y624","COL12A1","F11R",0.344594978011065,265
"Q99983","Q9BV94","OMD","EDEM2",0.531599828487904,266
"Q99983","Q9BYH1","OMD","SEZ6L",0.777071726599619,271
"Q99983","Q9H0B8","OMD","CRISPLD2",0.427298491289489,216
"Q99983","Q9H251","OMD","CDH23",0.637404432867858,271
"Q99983","Q9H2X3","OMD","CLEC4M",0.408120683306741,266
"Q99983","Q9HCM3","OMD","KIAA1549",0.627487157224513,271
"Q99983","Q9NR99","OMD","MXRA5",0.730347538769505,271
"Q99983","Q9NZ53","OMD","PODXL2",0.617026906328543,270
"Q99983","Q9UHF0","OMD","TAC3",0.473515514691985,221
"Q99983","Q9UKM7","OMD","MAN1B1",0.580612232592914,271
"Q99983","Q9Y240","OMD","CLEC11A",0.735182572413959,271
"Q99983","Q9Y274","OMD","ST3GAL6",0.527042182186528,271
"Q99983","Q9Y624","OMD","F11R",0.33952849533783,265
"Q9BV94","Q9BYH1","EDEM2","SEZ6L",0.663132391079458,266
"Q9BV94","Q9H0B8","EDEM2","CRISPLD2",0.394011712089533,214
"Q9BV94","Q9H251","EDEM2","CDH23",0.657894577444247,266
"Q9BV94","Q9H2X3","EDEM2","CLEC4M",0.385032616481357,262
"Q9BV94","Q9HCM3","EDEM2","KIAA1549",0.599131600466079,266
"Q9BV94","Q9NR99","EDEM2","MXRA5",0.549405206890451,266
"Q9BV94","Q9NZ53","EDEM2","PODXL2",0.587682371075027,266
"Q9BV94","Q9UHF0","EDEM2","TAC3",0.319912120887365,216
"Q9BV94","Q9UKM7","EDEM2","MAN1B1",0.806238513391811,266
"Q9BV94","Q9Y240","EDEM2","CLEC11A",0.661426833991912,266
"Q9BV94","Q9Y274","EDEM2","ST3GAL6",0.494391267547712,266
"Q9BV94","Q9Y624","EDEM2","F11R",0.315405439543371,260
"Q9BYH1","Q9H0B8","SEZ6L","CRISPLD2",0.528597625596875,216
"Q9BYH1","Q9H251","SEZ6L","CDH23",0.80164061934737,271
"Q9BYH1","Q9H2X3","SEZ6L","CLEC4M",0.539437102401966,266
"Q9BYH1","Q9HCM3","SEZ6L","KIAA1549",0.775095265658539,271
"Q9BYH1","Q9NR99","SEZ6L","MXRA5",0.827408171140535,271
"Q9BYH1","Q9NZ53","SEZ6L","PODXL2",0.7681492353957,270
"Q9BYH1","Q9UHF0","SEZ6L","TAC3",0.436427007015242,221
"Q9BYH1","Q9UKM7","SEZ6L","MAN1B1",0.623142319658491,271
"Q9BYH1","Q9Y240","SEZ6L","CLEC11A",0.856848274365096,271
"Q9BYH1","Q9Y274","SEZ6L","ST3GAL6",0.688821358801823,271
"Q9BYH1","Q9Y624","SEZ6L","F11R",0.462220302041553,265
"Q9H0B8","Q9H251","CRISPLD2","CDH23",0.397000440586337,216
"Q9H0B8","Q9H2X3","CRISPLD2","CLEC4M",0.435769084618804,213
"Q9H0B8","Q9HCM3","CRISPLD2","KIAA1549",0.396989723621381,216
"Q9H0B8","Q9NR99","CRISPLD2","MXRA5",0.506794555781803,216
"Q9H0B8","Q9NZ53","CRISPLD2","PODXL2",0.38562497767299,216
"Q9H0B8","Q9UHF0","CRISPLD2","TAC3",0.25048626800817,188
"Q9H0B8","Q9UKM7","CRISPLD2","MAN1B1",0.371370223508258,216
"Q9H0B8","Q9Y240","CRISPLD2","CLEC11A",0.48479858059753,216
"Q9H0B8","Q9Y274","CRISPLD2","ST3GAL6",0.497127853391919,216
"Q9H0B8","Q9Y624","CRISPLD2","F11R",0.368538563212232,216
"Q9H251","Q9H2X3","CDH23","CLEC4M",0.478621081004398,266
"Q9H251","Q9HCM3","CDH23","KIAA1549",0.793079974917396,271
"Q9H251","Q9NR99","CDH23","MXRA5",0.726539324216771,271
"Q9H251","Q9NZ53","CDH23","PODXL2",0.669231859604841,270
"Q9H251","Q9UHF0","CDH23","TAC3",0.448545254427607,221
"Q9H251","Q9UKM7","CDH23","MAN1B1",0.554042158068639,271
"Q9H251","Q9Y240","CDH23","CLEC11A",0.782702650555917,271
"Q9H251","Q9Y274","CDH23","ST3GAL6",0.634358946530642,271
"Q9H251","Q9Y624","CDH23","F11R",0.406329717948387,265
"Q9H2X3","Q9HCM3","CLEC4M","KIAA1549",0.474532207134329,266
"Q9H2X3","Q9NR99","CLEC4M","MXRA5",0.514831173758012,266
"Q9H2X3","Q9NZ53","CLEC4M","PODXL2",0.355912508544088,265
"Q9H2X3","Q9UHF0","CLEC4M","TAC3",0.2588677968968,218
"Q9H2X3","Q9UKM7","CLEC4M","MAN1B1",0.349291396819375,266
"Q9H2X3","Q9Y240","CLEC4M","CLEC11A",0.4824912610124,266
"Q9H2X3","Q9Y274","CLEC4M","ST3GAL6",0.486907856879851,266
"Q9H2X3","Q9Y624","CLEC4M","F11R",0.257050001877588,260
"Q9HCM3","Q9NR99","KIAA1549","MXRA5",0.726270409762921,271
"Q9HCM3","Q9NZ53","KIAA1549","PODXL2",0.685940517397739,270
"Q9HCM3","Q9UHF0","KIAA1549","TAC3",0.41099091687327,221
"Q9HCM3","Q9UKM7","KIAA1549","MAN1B1",0.523519764609411,271
"Q9HCM3","Q9Y240","KIAA1549","CLEC11A",0.757887152400936,271
"Q9HCM3","Q9Y274","KIAA1549","ST3GAL6",0.648789884957673,271
"Q9HCM3","Q9Y624","KIAA1549","F11R",0.424175576161674,265
"Q9NR99","Q9NZ53","MXRA5","PODXL2",0.640507795412527,270
"Q9NR99","Q9UHF0","MXRA5","TAC3",0.466810455045749,221
"Q9NR99","Q9UKM7","MXRA5","MAN1B1",0.519704314690206,271
"Q9NR99","Q9Y240","MXRA5","CLEC11A",0.775275546873116,271
"Q9NR99","Q9Y274","MXRA5","ST3GAL6",0.598175481754818,271
"Q9NR99","Q9Y624","MXRA5","F11R",0.363776938056978,265
"Q9NZ53","Q9UHF0","PODXL2","TAC3",0.410509232910522,220
"Q9NZ53","Q9UKM7","PODXL2","MAN1B1",0.533483617364055,270
"Q9NZ53","Q9Y240","PODXL2","CLEC11A",0.73414968350427,270
"Q9NZ53","Q9Y274","PODXL2","ST3GAL6",0.616103863640867,270
"Q9NZ53","Q9Y624","PODXL2","F11R",0.528637765849904,264
"Q9UHF0","Q9UKM7","TAC3","MAN1B1",0.406895171601054,221
"Q9UHF0","Q9Y240","TAC3","CLEC11A",0.50206566088919,221
"Q9UHF0","Q9Y274","TAC3","ST3GAL6",0.420406461582932,221
"Q9UHF0","Q9Y624","TAC3","F11R",0.186440755424041,219
"Q9UKM7","Q9Y240","MAN1B1","CLEC11A",0.607424088946772,271
"Q9UKM7","Q9Y274","MAN1B1","ST3GAL6",0.486541615416154,271
"Q9UKM7","Q9Y624","MAN1B1","F11R",0.316585202285302,265
"Q9Y240","Q9Y274","CLEC11A","ST3GAL6",0.6843547259002,271
"Q9Y240","Q9Y624","CLEC11A","F11R",0.464998258940662,265
"Q9Y274","Q9Y624","ST3GAL6","F11R",0.599689188666349,265
